datetime,Anemometer;wind_speed;Avg (m/s),Anemometer;wind_speed;Max (m/s),Anemometer;wind_speed;Min (m/s),Anemometer;wind_speed;StdDev (m/s),Anemometer;wind_speed;Count (),Wind Vane TMR;wind_direction;Avg (°),Wind Vane TMR;wind_direction;StdDev (°),Wind Vane TMR;wind_direction;Count (),Hygro/Thermo;humidity;Avg (%),Hygro/Thermo;humidity;Max (%),Hygro/Thermo;humidity;Min (%),Hygro/Thermo;humidity;StdDev (%),Hygro/Thermo;humidity;Count (),Hygro/Thermo;temperature;Avg (°C),Hygro/Thermo;temperature;Max (°C),Hygro/Thermo;temperature;Min (°C),Hygro/Thermo;temperature;StdDev (°C),Hygro/Thermo;temperature;Count (),Barometer;air_pressure;Avg (hPa),Barometer;air_pressure;Max (hPa),Barometer;air_pressure;Min (hPa),Barometer;air_pressure;StdDev (hPa),Barometer;air_pressure;Count (),DHI (Diffuse Horizontal Irradiance);solar_irradiance;Avg (W/m²),DHI (Diffuse Horizontal Irradiance);solar_irradiance;Max (W/m²),DHI (Diffuse Horizontal Irradiance);solar_irradiance;Min (W/m²),DHI (Diffuse Horizontal Irradiance);solar_irradiance;StdDev (W/m²),DHI (Diffuse Horizontal Irradiance);solar_irradiance;Count (),GHI (Global Horizontal Irradiance);solar_irradiance;Avg (W/m²),GHI (Global Horizontal Irradiance);solar_irradiance;Max (W/m²),GHI (Global Horizontal Irradiance);solar_irradiance;Min (W/m²),GHI (Global Horizontal Irradiance);solar_irradiance;StdDev (W/m²),GHI (Global Horizontal Irradiance);solar_irradiance;Count (),DNI (Direct Normal Irradiance) Pyrheliometer;solar_DNI;Avg (W/m²),DNI (Direct Normal Irradiance) Pyrheliometer;solar_DNI;Max (W/m²),DNI (Direct Normal Irradiance) Pyrheliometer;solar_DNI;Min (W/m²),DNI (Direct Normal Irradiance) Pyrheliometer;solar_DNI;StdDev (W/m²),DNI (Direct Normal Irradiance) Pyrheliometer;solar_DNI;Count (),Precipitation;precipitation;Count (),Precipitation;precipitation;Sum (mm),GTI (Global Tilt Irradiance) PV Cell;voltage;Avg (W/m2),GTI (Global Tilt Irradiance) PV Cell;voltage;Max (W/m2),GTI (Global Tilt Irradiance) PV Cell;voltage;Min (W/m2),GTI (Global Tilt Irradiance) PV Cell;voltage;StdDev (W/m2),GTI (Global Tilt Irradiance) PV Cell;voltage;Count (),Theta;other;Avg (°),Theta;other;Max (°),Theta;other;Min (°),Theta;other;StdDev (°),Theta;other;Count (),A1;channel;Avg (V),A1;channel;Max (V),A1;channel;Min (V),A1;channel;StdDev (V),A2;channel;Avg (V),A2;channel;Max (V),A2;channel;Min (V),A2;channel;StdDev (V),A3;channel;Avg (V),A3;channel;Max (V),A3;channel;Min (V),A3;channel;StdDev (V),A4;channel;Avg (V),A4;channel;Max (V),A4;channel;Min (V),A4;channel;StdDev (V),A5;channel;Avg (V),A5;channel;Max (V),A5;channel;Min (V),A5;channel;StdDev (V),A6;channel;Avg (V),A6;channel;Max (V),A6;channel;Min (V),A6;channel;StdDev (V),A7;channel;Avg (V),A7;channel;Max (V),A7;channel;Min (V),A7;channel;StdDev (V),C1;channel;Avg (I),C1;channel;Max (I),C1;channel;Min (I),C1;channel;StdDev (I),C2;channel;Avg (I),C2;channel;Max (I),C2;channel;Min (I),C2;channel;StdDev (I),D1;channel;Avg (),D1;channel;Max (),D1;channel;Min (),D1;channel;StdDev (),T;channel;Avg (°C),I;channel;Avg (mA),I;channel;Max (mA),I;channel;Min (mA),V;channel;Avg (V),V;channel;Max (V),V;channel;Min (V)
2022-10-30 00:00:00,2.8647,5.2792,0.9828,0.9508,120,105.6664,30.3439,120,79.0928,79.1955,78.9819,0.0511,120,25.876,25.916,25.8336,0.016,120,1006.3753,1006.4394,1006.2197,0.084,120,0,0,0,0,120,0,0,0,0,120,13.6215,13.7689,13.2775,0.2262,120,120,0,0,0,0,0,120,None,None,None,None,0,3.4396,3.4407,3.437,0.0014,0.5588,0.5592,0.5583,0.0002,0.7909,0.792,0.7898,0.0005,-0.0001,-0.0001,-0.0001,0,0,0,0,0,0,0,0,0,0,0,0,0,288.55,551,84,103.3432,0,0,0,0,307.5333,978,29,103.9073,34.9,44.5833,53,41,23.66,23.68,23.63
2022-10-30 00:10:00,2.4002,4.5892,0.7344,0.6783,120,118.7769,23.5416,120,79.1365,79.2566,78.9819,0.0631,120,25.8677,25.916,25.8245,0.0194,120,1006.2226,1006.4211,1006.0366,0.0613,120,0,0,0,0,120,0,0,0,0,120,13.7526,14.2604,13.2775,0.1678,120,120,0,0,0,0,0,120,None,None,None,None,0,3.437,3.4404,3.4339,0.001,0.5587,0.5592,0.5582,0.0002,0.7914,0.7926,0.7898,0.0006,-0.0001,-0.0001,-0.0001,0,0,0,0,0,0,0,0,0,0,0,0,0,238.0667,476,57,73.7307,0,0,0,0,337.1667,548,147,67.8579,34.6,41.7833,49,39,23.67,23.68,23.63
2022-10-30 00:20:00,2.7134,6.328,0.624,1.1687,120,114.7467,35.7707,120,79.2522,79.3786,79.1345,0.0572,120,25.9078,25.9557,25.858,0.0199,120,1006.1327,1006.2563,1006.0182,0.0956,120,0,0,0,0,120,0,0,0,0,120,13.6952,14.2604,13.2775,0.2354,120,120,0,0,0,0,0,120,None,None,None,None,0,3.4355,3.4376,3.4336,0.0016,0.5591,0.5596,0.5586,0.0002,0.7925,0.7938,0.7913,0.0006,-0.0001,-0.0001,-0.0001,0,0,0,0,0,0,0,0,0,0,0,0,0,272.1083,665,45,127.0334,0,0,0,0,333.9583,881,66,110.82,34,41.7167,47,41,23.67,23.68,23.63
2022-10-30 00:30:00,2.5075,4.3132,1.038,0.6743,120,104.3246,28.8304,120,79.2238,79.3481,79.0429,0.0902,120,25.896,25.9618,25.7726,0.0464,120,1006.2271,1006.4211,1006.0366,0.0391,120,0,0,0,0,120,0,0,0,0,120,13.5191,13.7689,13.2775,0.2467,120,120,0,0,0,0,0,120,None,None,None,None,0,3.4371,3.4404,3.4339,0.0007,0.559,0.5596,0.5577,0.0005,0.7922,0.7935,0.7904,0.0009,-0.0001,-0.0001,-0.0001,0,0,0,0,0,0,0,0,0,0,0,0,0,249.7333,446,90,73.2915,0,0,0,0,294.775,510,33,83.6253,34,42.0833,49,39,23.67,23.68,23.63
2022-10-30 00:40:00,2.3143,5.2332,0.7804,0.9521,120,115.937,30.8584,120,79.2357,79.3481,79.104,0.0606,120,25.7357,25.8183,25.678,0.0319,120,1006.2099,1006.238,1006.0366,0.0535,120,0,0,0,0,120,0,0,0,0,120,13.4782,14.2604,13.2775,0.2508,120,120,0,0,0,0,0,120,None,None,None,None,0,3.4368,3.4373,3.4339,0.0009,0.5574,0.5582,0.5568,0.0003,0.7924,0.7935,0.791,0.0006,-0.0001,-0.0001,-0.0001,0,0,0,0,0,0,0,0,0,0,0,0,0,228.7333,546,62,103.4891,0,0,0,0,333.1667,674,194,89.8702,34,41.6667,47,39,23.66,23.68,23.63
2022-10-30 00:50:00,2.5288,4.4604,0.9368,0.8277,120,120.2647,31.2532,120,79.2052,79.3176,79.0429,0.0576,120,25.7089,25.7512,25.6719,0.0153,120,1006.1989,1006.4211,1006.0366,0.0708,120,0,0,0,0,120,0,0,0,0,120,13.5846,14.2604,13.2775,0.2554,120,120,0,0,0,0,0,120,None,None,None,None,0,3.4366,3.4404,3.4339,0.0012,0.5571,0.5575,0.5567,0.0001,0.7921,0.7932,0.7904,0.0006,-0.0001,-0.0001,-0.0001,0,0,0,0,0,0,0,0,0,0,0,0,0,252.0417,462,79,89.964,0,0,0,0,351.6083,940,137,105.7594,34,41.9333,47,39,23.67,23.68,23.63
2022-10-30 01:00:00,2.1803,4.2304,0.716,0.7809,120,115.249,34.1679,120,78.8972,79.104,78.7072,0.1049,120,25.7007,25.7512,25.6566,0.0203,120,1006.1333,1006.4211,1006.0182,0.0952,120,0,0,0,0,120,0,0,0,0,120,13.5478,14.2604,13.2775,0.2537,120,120,0,0,0,0,0,120,None,None,None,None,0,3.4356,3.4404,3.4336,0.0016,0.557,0.5575,0.5566,0.0002,0.789,0.791,0.7871,0.001,-0.0001,-0.0001,-0.0001,0,0,0,0,0,0,0,0,0,0,0,0,0,214.1667,437,55,84.8774,0,0,0,0,338.5417,904,60,115.2676,34,41.3,47,39,23.67,23.68,23.63
2022-10-30 01:10:00,2.0052,3.9452,0.4952,0.7013,120,132.2983,33.9863,120,78.7301,78.8598,78.5852,0.0638,120,25.7091,25.7573,25.6505,0.0197,120,1006.0121,1006.238,1005.8351,0.0712,120,0,0,0,0,120,0,0,0,0,120,13.5642,14.2604,13.2775,0.2515,120,120,0,0,0,0,0,120,None,None,None,None,0,3.4335,3.4373,3.4306,0.0012,0.5571,0.5576,0.5565,0.0002,0.7873,0.7886,0.7859,0.0006,-0.0001,-0.0001,-0.0001,0,0,0,0,0,0,0,0,0,0,0,0,0,195.125,406,31,76.2289,0,0,0,0,380.4667,896,83,103.962,34,41.9,47,39,23.66,23.68,23.63
2022-10-30 01:20:00,2.267,3.9912,0.7896,0.7832,120,134.3174,26.2972,120,78.7077,78.7988,78.5852,0.0551,120,25.7005,25.7451,25.6597,0.0167,120,1006.0979,1006.238,1005.8535,0.1031,120,0,0,0,0,120,0,0,0,0,120,13.5642,14.2604,13.2775,0.2515,120,120,0,0,0,0,0,120,None,None,None,None,0,3.435,3.4373,3.4309,0.0017,0.557,0.5575,0.5566,0.0002,0.7871,0.788,0.7859,0.0006,-0.0001,-0.0001,-0.0001,0,0,0,0,0,0,0,0,0,0,0,0,0,223.5917,411,63,85.1327,0,0,0,0,385.1917,863,225,81.6593,34,41.35,47,39,23.66,23.68,23.63
2022-10-30 01:30:00,1.9313,3.8532,0.8356,0.6795,120,128.7173,36.7039,120,78.8463,78.9819,78.7378,0.0547,120,25.6837,25.7268,25.6413,0.019,120,1006.1866,1006.238,1006.0182,0.0744,120,0,0,0,0,120,0,0,0,0,120,13.5764,13.7689,13.2775,0.2409,120,120,0,0,0,0,0,120,None,None,None,None,0,3.4364,3.4373,3.4336,0.0012,0.5568,0.5573,0.5564,0.0002,0.7885,0.7898,0.7874,0.0005,-0.0001,-0.0001,-0.0001,0,0,0,0,0,0,0,0,0,0,0,0,0,187.1,396,68,73.8599,0,0,0,0,367.6167,989,12,117.0599,34,41.5667,47,39,23.66,23.68,23.63
2022-10-30 01:40:00,2.5107,4.12,0.9184,0.7999,120,108.3726,23.8343,120,78.987,79.104,78.8598,0.0542,120,25.6627,25.7146,25.5834,0.0289,120,1006.0881,1006.238,1005.8351,0.1231,120,0,0,0,0,120,0,0,0,0,120,13.6174,14.2604,13.2775,0.2451,120,120,0,0,0,0,0,120,None,None,None,None,0,3.4348,3.4373,3.4306,0.0021,0.5566,0.5572,0.5558,0.0003,0.7899,0.791,0.7886,0.0005,-0.0001,-0.0001,-0.0001,0,0,0,0,0,0,0,0,0,0,0,0,0,250.075,425,77,86.9479,0,0,0,0,308.2,496,175,68.3391,34,41.2833,47,39,23.66,23.68,23.63
2022-10-30 01:50:00,1.8461,3.9912,0.3756,0.8271,120,132.8851,32.1787,120,79.1317,79.2566,79.0429,0.0437,120,25.6267,25.6597,25.5803,0.0165,120,1005.907,1006.0549,1005.8351,0.083,120,0,0,0,0,120,0,0,0,0,120,13.6174,14.2604,13.2775,0.2366,120,120,0,0,0,0,0,120,None,None,None,None,0,3.4318,3.4342,3.4306,0.0014,0.5563,0.5566,0.5558,0.0002,0.7913,0.7926,0.7904,0.0004,-0.0001,-0.0001,-0.0001,0,0,0,0,0,0,0,0,0,0,0,0,0,177.8417,411,18,89.9004,0,0,0,0,378.325,678,100,92.662,34,41.25,47,39,23.66,23.68,23.63
2022-10-30 02:00:00,2.2093,4.2304,0.8356,0.7478,120,120.1757,34.3287,120,79.1215,79.2261,79.0429,0.0395,120,25.6723,25.7207,25.62,0.018,120,1005.8533,1006.0366,1005.652,0.0356,120,0,0,0,0,120,0,0,0,0,120,13.6297,13.7689,13.2775,0.2224,120,120,0,0,0,0,0,120,None,None,None,None,0,3.4309,3.4339,3.4275,0.0006,0.5567,0.5572,0.5562,0.0002,0.7912,0.7923,0.7904,0.0004,-0.0001,-0.0001,-0.0001,0,0,0,0,0,0,0,0,0,0,0,0,0,217.3167,437,68,81.2829,0,0,0,0,340.6,633,39,98.9599,34,41.4,47,39,23.66,23.68,23.63
2022-10-30 02:10:00,2.1037,4.3132,0.2928,0.8375,120,124.9507,30.9687,120,78.9692,79.1345,78.8598,0.0594,120,25.6966,25.7359,25.6566,0.0152,120,1005.8255,1006.0366,1005.6337,0.0773,120,0,0,0,0,120,0,0,0,0,120,13.5191,13.7689,13.2775,0.2467,120,120,0,0,0,0,0,120,None,None,None,None,0,3.4304,3.4339,3.4272,0.0013,0.557,0.5574,0.5566,0.0001,0.7897,0.7913,0.7886,0.0006,-0.0001,-0.0001,-0.0001,0,0,0,0,0,0,0,0,0,0,0,0,0,205.8333,446,9,91.0306,0,0,0,0,353.5083,603,119,88.7384,34,41.5333,47,39,23.66,23.68,23.63
2022-10-30 02:20:00,1.9924,4.6352,0.6884,0.8103,120,122.0823,39.5914,120,78.9677,79.0735,78.8598,0.0484,120,25.6953,25.7543,25.6474,0.0248,120,1005.84,1006.0366,1005.652,0.0599,120,0,0,0,0,120,0,0,0,0,120,13.6461,14.2604,13.2775,0.2488,120,120,0,0,0,0,0,120,None,None,None,None,0,3.4307,3.4339,3.4275,0.001,0.5569,0.5575,0.5565,0.0003,0.7897,0.7907,0.7886,0.0005,-0.0001,-0.0001,-0.0001,0,0,0,0,0,0,0,0,0,0,0,0,0,193.7417,481,52,88.0765,0,0,0,0,357.9667,967,10,129.6509,34,41.6167,47,39,23.66,23.68,23.63
2022-10-30 02:30:00,1.9989,4.0556,0.2652,0.7481,120,126.7021,29.2131,120,79.0277,79.165,78.9209,0.0519,120,25.7178,25.7695,25.6688,0.0213,120,1005.853,1006.0366,1005.652,0.0524,120,0,0,0,0,120,0,0,0,0,120,13.5601,14.2604,13.2775,0.2522,120,120,0,0,0,0,0,120,None,None,None,None,0,3.4309,3.4339,3.4275,0.0009,0.5572,0.5577,0.5567,0.0002,0.7903,0.7917,0.7892,0.0005,-0.0001,-0.0001,-0.0001,0,0,0,0,0,0,0,0,0,0,0,0,0,194.4417,418,6,81.3149,0,0,0,0,360.6167,586,166,83.576,34,42.1833,47,39,23.66,23.68,23.63
2022-10-30 02:40:00,1.8921,4.2948,0.486,0.6974,120,132.8155,37.685,120,79.1581,79.2566,79.0735,0.0492,120,25.6746,25.7146,25.6383,0.0159,120,1005.8611,1006.0549,1005.8351,0.0505,120,0,0,0,0,120,0,0,0,0,120,13.6297,14.2604,13.2775,0.2313,120,120,0,0,0,0,0,120,None,None,None,None,0,3.431,3.4342,3.4306,0.0008,0.5567,0.5572,0.5564,0.0002,0.7916,0.7926,0.7907,0.0005,-0.0001,-0.0001,-0.0001,0,0,0,0,0,0,0,0,0,0,0,0,0,182.8333,444,30,75.8023,0,0,0,0,382.4167,963,52,117.8521,34,41.7333,47,41,23.66,23.68,23.63
2022-10-30 02:50:00,2.5011,4.212,0.716,0.8269,120,134.8509,31.8901,120,79.2736,79.3481,79.1955,0.0403,120,25.6513,25.681,25.6169,0.0138,120,1005.837,1006.0366,1005.652,0.0431,120,0,0,0,0,120,0,0,0,0,120,13.5846,13.7689,13.2775,0.2389,120,120,0,0,0,0,0,120,None,None,None,None,0,3.4306,3.4339,3.4275,0.0007,0.5565,0.5568,0.5562,0.0001,0.7927,0.7935,0.792,0.0004,-0.0001,-0.0001,-0.0001,0,0,0,0,0,0,0,0,0,0,0,0,0,249.0333,435,55,89.8771,0,0,0,0,385.1333,676,178,92.4362,34,41.9833,47,39,23.66,23.68,23.63
2022-10-30 03:00:00,3.1544,6.328,0.9828,1.0296,120,139.848,26.3481,120,79.2662,79.3481,79.104,0.054,120,25.6707,25.7085,25.6352,0.0139,120,1005.8228,1005.8718,1005.6337,0.0605,120,0,0,0,0,120,0,0,0,0,120,13.6174,13.7689,13.2775,0.2279,120,120,0,0,0,0,0,120,None,None,None,None,0,3.4304,3.4312,3.4272,0.001,0.5567,0.5571,0.5564,0.0001,0.7927,0.7935,0.791,0.0005,-0.0001,-0.0001,-0.0001,0,0,0,0,0,0,0,0,0,0,0,0,0,320.0417,665,84,111.9128,0,0,0,0,396.4333,585,178,75.8385,34,41.85,47,39,23.66,23.68,23.63
2022-10-30 03:10:00,2.2602,4.718,0.4952,0.9245,120,138.5988,33.6299,120,79.1721,79.2261,79.1345,0.0223,120,25.65,25.6993,25.5895,0.023,120,1005.804,1005.8535,1005.6337,0.0727,120,0,0,0,0,120,0,0,0,0,120,13.4618,13.7689,13.2775,0.2389,120,120,0,0,0,0,0,120,None,None,None,None,0,3.4301,3.4309,3.4272,0.0012,0.5565,0.557,0.5559,0.0002,0.7917,0.7923,0.7913,0.0002,-0.0001,-0.0001,-0.0001,0,0,0,0,0,0,0,0,0,0,0,0,0,222.85,490,31,100.4884,0,0,0,0,401.5583,1017,90,109.6491,34,41.35,47,41,23.66,23.68,23.63
2022-10-30 03:20:00,1.9874,3.844,0.4952,0.6824,120,131.5655,34.0457,120,79.2838,79.4092,79.165,0.0668,120,25.5788,25.6261,25.5467,0.0155,120,1005.9772,1006.2014,1005.8168,0.0843,120,0,0,0,0,120,0,0,0,0,120,13.5478,13.7689,13.2775,0.2455,120,120,0,0,0,0,0,120,None,None,None,None,0,3.433,3.4367,3.4303,0.0014,0.5558,0.5563,0.5555,0.0002,0.7928,0.7941,0.7917,0.0007,-0.0001,-0.0001,-0.0001,0,0,0,0,0,0,0,0,0,0,0,0,0,193.1917,395,31,74.1748,0,0,0,0,377.9417,937,123,106.1175,34,41.2333,47,39,23.66,23.68,23.63
2022-10-30 03:30:00,2.6091,4.3224,1.1944,0.7196,120,125.866,35.4183,120,79.3703,79.4702,79.2261,0.0576,120,25.6109,25.7085,25.5376,0.0463,120,1006.0765,1006.2197,1005.9999,0.0868,120,0,0,0,0,120,0,0,0,0,120,13.6215,14.2604,13.2775,0.235,120,120,0,0,0,0,0,120,None,None,None,None,0,3.4346,3.437,3.4333,0.0014,0.5561,0.5571,0.5554,0.0005,0.7937,0.7947,0.7923,0.0006,-0.0001,-0.0001,-0.0001,0,0,0,0,0,0,0,0,0,0,0,0,0,260.7667,447,107,78.2149,0,0,0,0,362.3583,967,26,112.9293,34,41.9333,47,39,23.65,23.68,23.63
2022-10-30 03:40:00,2.7277,4.9664,0.7712,0.7786,120,135.1156,29.7195,120,79.1625,79.4397,78.9514,0.139,120,25.7526,25.7909,25.6871,0.0213,120,1006.1855,1006.4028,1005.9999,0.0662,120,0,0,0,0,120,0,0,0,0,120,13.6256,14.2604,13.2775,0.25,120,120,0,0,0,0,0,120,None,None,None,None,0,3.4364,3.44,3.4333,0.0011,0.5575,0.5579,0.5569,0.0002,0.7916,0.7944,0.7895,0.0014,-0.0001,-0.0001,-0.0001,0,0,0,0,0,0,0,0,0,0,0,0,0,273.6667,517,61,84.6261,0,0,0,0,383.775,600,185,85.1984,33.5,41.6667,47,39,23.66,23.68,23.63
2022-10-30 03:50:00,2.6446,5.8312,0.992,0.9894,120,127.3317,33.7292,120,78.7919,78.9819,78.5852,0.0879,120,25.7691,25.8092,25.7298,0.02,120,1006.2094,1006.4211,1005.9999,0.0743,120,0,0,0,0,120,0,0,0,0,120,13.5478,13.7689,13.2775,0.2455,120,120,0,0,0,0,0,120,None,None,None,None,0,3.4368,3.4404,3.4333,0.0012,0.5577,0.5581,0.5573,0.0002,0.7879,0.7898,0.7859,0.0009,-0.0001,-0.0001,-0.0001,0,0,0,0,0,0,0,0,0,0,0,0,0,264.625,611,85,107.5442,0,0,0,0,362,794,37,101.2618,33,41.4,47,39,23.66,23.68,23.63
2022-10-30 04:00:00,2.3797,4.7272,0.8356,0.7875,120,130.5913,33.9023,120,78.4789,78.6157,78.4021,0.0615,120,25.7894,25.8183,25.7604,0.0099,120,1006.1928,1006.4028,1005.9999,0.0676,120,0,0,0,0,120,0,0,0,0,120,13.5027,13.7689,12.786,0.254,120,120,0,0,0,0,0,120,None,None,None,None,0,3.4365,3.44,3.4333,0.0011,0.5579,0.5582,0.5576,0.0001,0.7848,0.7862,0.784,0.0006,-0.0001,-0.0001,-0.0001,0,0,0,0,0,0,0,0,0,0,0,0,0,235.8333,491,68,85.5997,0,0,0,0,370.5667,587,137,96.9149,33,41.4167,47,39,23.65,23.68,23.63
2022-10-30 04:10:00,2.977,5.4356,1.0104,1.0116,120,132.5017,26.933,120,78.3484,78.4326,78.28,0.0288,120,25.7735,25.8092,25.7329,0.0152,120,1006.2539,1006.4211,1006.0182,0.0946,120,0,0,0,0,120,0,0,0,0,120,13.5273,14.2604,12.786,0.2627,120,120,0,0,0,0,0,120,None,None,None,None,0,3.4376,3.4404,3.4336,0.0016,0.5577,0.5581,0.5573,0.0001,0.7835,0.7843,0.7828,0.0003,-0.0001,-0.0001,-0.0001,0,0,0,0,0,0,0,0,0,0,0,0,0,300.7583,568,87,109.9524,0,0,0,0,377.125,681,175,78.4757,33,41.6333,47,41,23.66,23.68,23.63
2022-10-30 04:20:00,2.6518,5.4724,0.8632,0.9655,120,134.846,40.2192,120,78.324,78.3715,78.28,0.0212,120,25.7209,25.7695,25.6841,0.0207,120,1006.1963,1006.238,1006.0182,0.0531,120,0,0,0,0,120,0,0,0,0,120,13.3962,13.7689,12.786,0.2297,120,120,0,0,0,0,0,120,None,None,None,None,0,3.4366,3.4373,3.4336,0.0009,0.5572,0.5577,0.5568,0.0002,0.7832,0.7837,0.7828,0.0002,-0.0001,-0.0001,-0.0001,0,0,0,0,0,0,0,0,0,0,0,0,0,265.4167,572,71,104.9417,0,0,0,0,394.1417,955,67,128.3861,33,41.9167,47,41,23.65,23.68,23.63
2022-10-30 04:30:00,2.4136,4.1844,0.8908,0.6215,120,134.8887,32.6877,120,78.4232,78.5241,78.341,0.0494,120,25.6756,25.6993,25.6505,0.0091,120,1006.2096,1006.4028,1006.0182,0.0309,120,0,0,0,0,120,0,0,0,0,120,13.5109,13.7689,13.2775,0.2465,120,120,0,0,0,0,0,120,None,None,None,None,0,3.4368,3.44,3.4336,0.0005,0.5568,0.557,0.5565,0.0001,0.7842,0.7852,0.7834,0.0005,-0.0001,-0.0001,-0.0001,0,0,0,0,0,0,0,0,0,0,0,0,0,239.525,432,74,67.5578,0,0,0,0,381.4333,643,90,93.9184,33,41.5667,47,39,23.65,23.68,23.63
2022-10-30 04:40:00,2.2687,4.5708,0.9,0.7624,120,137.7329,26.3568,120,78.5412,78.6462,78.4326,0.0589,120,25.6875,25.7298,25.6566,0.0149,120,1006.2633,1006.4211,1006.0182,0.088,120,0.5266,2.163,0,0.6209,120,0.4732,2.1981,0,0.5628,120,13.5519,14.2604,13.2775,0.2532,120,120,0,1.091,2.7467,0,0.839,120,None,None,None,None,0,3.4377,3.4404,3.4336,0.0015,0.5569,0.5573,0.5566,0.0001,0.7854,0.7865,0.7843,0.0006,-0.0001,-0.0001,-0.0001,0,0,0,0,0,0,0,0,0,0.0011,0.0027,0,0.0008,223.775,474,75,82.8675,0,0,0,0,391.2,581,208,75.5338,33,41.65,47,39,23.66,23.68,23.63
2022-10-30 04:50:00,2.2075,4.3592,0.486,0.876,120,139.4498,30.1387,120,78.6554,78.7072,78.5852,0.033,120,25.7133,25.7359,25.6932,0.0084,120,1006.2777,1006.4211,1006.1831,0.0927,120,4.1212,7.9299,2.163,1.738,120,4.3597,8.06,2.1981,1.7397,120,13.5068,13.7689,13.2775,0.2462,120,120,0,5.0356,8.5452,2.7467,1.7168,120,89.38,89.77,88.98,0.29,51,3.438,3.4404,3.4364,0.0015,0.5571,0.5574,0.5569,0.0001,0.7866,0.7871,0.7859,0.0003,-0.0001,-0.0001,-0.0001,0,0.0001,0.0001,0,0,0,0.0001,0,0,0.005,0.0085,0.0027,0.0017,217.1167,451,30,95.2221,0,0,0,0,397.7,671,224,87.2843,33,41.7,47,39,23.65,23.68,23.63
2022-10-30 05:00:00,2.199,4.35,0.7988,0.796,120,125.5249,34.2922,120,78.6177,78.7378,78.4326,0.0785,120,25.6724,25.7146,25.6291,0.0204,120,1006.4753,1006.6042,1006.2197,0.0987,120,12.6259,19.2244,8.1701,2.9742,120,12.6214,19.0516,8.06,2.8655,120,15.6788,21.1457,13.2775,2.3227,120,120,0,12.4236,18.3111,8.5452,2.663,120,87.67,88.98,86.37,0.7,120,3.4413,3.4434,3.437,0.0016,0.5567,0.5572,0.5563,0.0002,0.7862,0.7874,0.7843,0.0008,-0.0001,-0.0001,-0.0001,0,0.0002,0.0002,0.0001,0,0.0001,0.0002,0.0001,0,0.0124,0.0183,0.0085,0.0027,216.1917,450,64,86.522,0,0,0,0,360.5167,753,168,101.9871,33,41.2833,47,39,23.65,23.68,23.63
2022-10-30 05:10:00,2.5072,4.5156,0.992,0.6506,120,129.6073,25.6416,120,78.2991,78.5546,77.9748,0.1769,120,25.6685,25.7451,25.623,0.0313,120,1006.5856,1006.7873,1006.3845,0.0826,120,26.4594,33.1622,19.4646,3.7588,120,26.119,32.9736,19.0516,3.7748,120,13.945,14.2604,13.2775,0.2688,120,120,0,24.987,31.4341,18.6163,3.553,120,85.25,86.37,84.02,0.7,120,3.4431,3.4465,3.4397,0.0014,0.5567,0.5575,0.5562,0.0003,0.783,0.7855,0.7797,0.0018,-0.0001,-0.0001,-0.0001,0,0.0003,0.0004,0.0002,0,0.0002,0.0003,0.0002,0,0.025,0.0314,0.0186,0.0036,249.6917,468,85,70.7164,0,0,0,0,368.0333,579,190,73.3519,33,41.6833,47,39,23.65,23.68,23.63
2022-10-30 05:20:00,2.358,5.5644,0.3204,1.0969,120,137.659,34.6648,120,77.4613,77.9748,76.9982,0.2867,120,25.8247,25.8946,25.739,0.0436,120,1006.7226,1006.9704,1006.5676,0.0894,120,38.9692,42.5339,33.1622,2.5292,120,38.9205,42.4982,33.3397,2.5594,120,13.7444,14.2604,13.2775,0.2099,120,120,0,36.2153,39.6741,31.4341,2.157,120,82.84,84.02,81.66,0.71,120,3.4454,3.4495,3.4428,0.0015,0.5583,0.5589,0.5574,0.0004,0.7746,0.7797,0.77,0.0029,-0.0001,-0.0001,-0.0001,0,0.0005,0.0005,0.0004,0,0.0003,0.0004,0.0003,0,0.0362,0.0397,0.0314,0.0022,233.4833,582,12,119.2249,0,0,0,0,394.7,891,9,110.3136,33,41.7333,49,39,23.65,23.68,23.63
2022-10-30 05:30:00,2.2128,4.9572,0.5412,0.8934,120,136.8387,34.1913,120,76.5798,77.0287,76.2658,0.2219,120,25.9081,25.9313,25.8794,0.0093,120,1006.7875,1006.9887,1006.5859,0.0772,120,50.8401,61.9984,41.5724,5.2408,120,51.1573,61.916,41.3998,5.1528,120,13.9983,14.7535,13.2775,0.2916,120,120,0,46.1516,56.1541,37.843,4.719,120,80.42,81.66,79.3,0.71,120,3.4465,3.4498,3.4431,0.0013,0.5591,0.5593,0.5588,0.0001,0.7658,0.7703,0.7627,0.0022,-0.0001,-0.0001,-0.0001,0,0.0006,0.0008,0.0005,0.0001,0.0004,0.0005,0.0003,0,0.0462,0.0562,0.0378,0.0047,217.7,516,36,97.1066,0,0,0,0,385.5417,659,85,99.0577,33,41.2833,47,39,23.65,23.68,23.63
2022-10-30 05:40:00,2.6122,5.3896,0.67,0.9478,120,134.9487,32.8757,120,75.955,76.2963,75.5638,0.1881,120,25.958,26.035,25.9007,0.0395,120,1006.8862,1007.1535,1006.7507,0.0994,120,79.26,89.3929,62.2386,7.6442,120,79.0287,90.4934,62.6495,7.6054,120,14.5641,21.1457,13.7689,1.21,120,120,0,69.7017,78.4326,56.4592,5.8372,120,78,79.3,76.68,0.7,120,3.4481,3.4526,3.4458,0.0017,0.5596,0.5604,0.559,0.0004,0.7595,0.763,0.7556,0.0019,-0.0001,-0.0001,-0.0001,0,0.001,0.0011,0.0008,0.0001,0.0007,0.0008,0.0005,0.0001,0.0697,0.0784,0.0565,0.0058,261.1083,563,50,103.0271,0,0,0,0,384.1,764,94,97.2557,33,41.8,47,39,23.65,23.68,23.63
2022-10-30 05:50:00,2.8897,5.5092,0.6516,0.9861,120,131.5152,28.3207,120,75.2297,75.5638,74.8314,0.2312,120,26.1088,26.1785,26.0198,0.0471,120,1006.997,1007.1718,1006.9521,0.0652,120,94.1267,117.0276,86.0283,8.5573,120,98.8981,141.0516,85.3637,13.435,120,34.9557,207.0303,13.7689,44.2277,120,120,0,84.9356,107.4252,74.4652,9.146,120,75.57,76.68,74.31,0.71,120,3.4499,3.4529,3.4492,0.0011,0.5611,0.5618,0.5602,0.0005,0.7523,0.7556,0.7483,0.0023,-0.0002,-0.0001,-0.0013,0.0003,0.0012,0.0015,0.0011,0.0001,0.0008,0.0012,0.0007,0.0001,0.0849,0.1074,0.0745,0.0091,291.2667,576,48,107.1865,0,0,0,0,370.8,600,7,83.1493,33,41.75,47,39,23.65,23.68,23.63
2022-10-30 06:00:00,2.5434,4.488,1.1576,0.8187,120,129.7578,30.754,120,74.7907,74.9229,74.5872,0.0857,120,26.2736,26.447,26.1632,0.075,120,1007.091,1007.355,1006.9521,0.0949,120,154.9816,196.8087,117.7488,25.4566,120,197.8574,347.6843,123.0996,80.9532,120,139.5323,442.0899,15.2449,163.0738,120,120,0,162.7679,266.7318,107.7303,56.3292,120,73.15,74.31,71.95,0.71,120,3.4515,3.4559,3.4492,0.0016,0.5627,0.5645,0.5616,0.0008,0.7479,0.7492,0.7459,0.0009,-0.0009,-0.0001,-0.0027,0.001,0.002,0.0025,0.0015,0.0003,0.0016,0.0029,0.001,0.0007,0.1628,0.2667,0.1077,0.0563,253.625,465,103,88.9849,0,0,0,0,366.0583,564,31,89.4875,33,41.85,47,39,23.65,23.68,23.63
2022-10-30 06:10:00,2.8192,5.362,0.7804,0.9814,120,136.0551,30.9631,120,74.234,74.8924,73.5801,0.3954,120,26.74,26.8682,26.4409,0.1218,120,1007.2559,1007.355,1006.9704,0.0965,120,162.7273,200.4126,127.6008,26.8681,120,229.8078,366.0024,128.5954,87.7883,120,190.5194,470.6123,14.2604,176.7572,120,120,0,185.4101,286.2636,106.8148,65.5855,120,70.73,71.95,69.59,0.71,120,3.4543,3.4559,3.4495,0.0016,0.5674,0.5687,0.5644,0.0012,0.7423,0.7489,0.7358,0.004,-0.0012,-0.0001,-0.0029,0.0011,0.0021,0.0025,0.0016,0.0003,0.0019,0.003,0.0011,0.0007,0.1854,0.2863,0.1068,0.0656,283.6083,560,62,106.6781,0,0,0,0,388.175,808,33,93.3243,33,41.6667,47,39,23.65,23.68,23.63
2022-10-30 06:20:00,3.5258,5.9692,1.3324,0.9925,120,118.8019,29.1303,120,73.235,73.5496,72.8782,0.1196,120,26.6747,26.8285,26.6179,0.0609,120,1007.3939,1007.5198,1007.1535,0.0828,120,135.8054,146.585,122.7953,8.3556,120,148.3793,252.0612,127.8631,22.9429,120,45.463,299.4811,15.2449,55.5408,120,120,0,119.925,192.877,104.3733,15.808,120,68.3,69.59,67.22,0.7,120,3.4566,3.4587,3.4526,0.0014,0.5667,0.5683,0.5662,0.0006,0.7324,0.7355,0.7288,0.0012,-0.0003,-0.0001,-0.0019,0.0003,0.0017,0.0019,0.0016,0.0001,0.0012,0.0021,0.0011,0.0002,0.1199,0.1929,0.1044,0.0158,360.4083,626,122,107.8815,0,0,0,0,343.2417,974,153,97.1831,33,41.45,47,39,23.65,23.68,23.63
2022-10-30 06:30:00,3.0463,5.5368,0.9184,1.2477,120,125.6762,31.6673,120,72.8306,73.1223,72.512,0.1362,120,26.6467,26.7827,26.5844,0.0596,120,1007.5701,1007.7212,1007.3366,0.093,120,188.8082,229.7299,144.6622,28.8408,120,228.9041,472.982,144.3493,90.9332,120,97.7288,522.7393,14.7535,146.9721,120,120,0,186.5444,379.0399,119.6326,72.3045,120,65.87,66.96,64.59,0.7,120,3.4595,3.462,3.4556,0.0015,0.5665,0.5678,0.5658,0.0006,0.7283,0.7312,0.7251,0.0014,-0.0006,-0.0001,-0.0032,0.0009,0.0024,0.0029,0.0018,0.0004,0.0019,0.0039,0.0012,0.0008,0.1865,0.379,0.1196,0.0723,308.2917,579,77,135.6199,0,0,0,0,357.9417,618,149,90.6678,33,41.85,47,39,23.66,23.68,23.63
2022-10-30 06:40:00,3.4476,5.9876,1.1208,1.1114,120,130.8325,30.9067,120,72.4807,72.7561,72.0847,0.1233,120,26.7804,26.8407,26.7431,0.0276,120,1007.6959,1007.9043,1007.5014,0.0755,120,214.01,264.0929,168.9331,33.9202,120,235.8865,438.91,175.1236,56.0306,120,56.798,365.3771,17.2108,55.602,120,120,0,201.3637,386.9747,143.7422,50.4783,120,63.44,64.59,62.22,0.71,120,3.4616,3.4651,3.4584,0.0013,0.5678,0.5684,0.5674,0.0003,0.7248,0.7276,0.7208,0.0012,-0.0004,-0.0001,-0.0023,0.0003,0.0027,0.0034,0.0021,0.0004,0.002,0.0037,0.0015,0.0005,0.2014,0.387,0.1437,0.0505,351.9167,628,99,120.8016,0,0,0,0,368.7167,605,78,89.6798,33,41.55,47,39,23.65,23.68,23.63
2022-10-30 06:50:00,3.0691,6.2084,1.0196,1.1321,120,129.2149,41.3827,120,72.2683,72.573,71.8711,0.1603,120,27.0091,27.445,26.8285,0.1718,120,1007.7146,1007.9043,1007.5198,0.0688,120,229.9962,288.1236,162.9252,38.069,120,453.9857,604.1417,213.593,135.0226,120,390.0052,603.387,18.6868,232.8538,120,120,0,378.5618,501.4191,183.1111,107.794,120,61.02,62.22,59.85,0.71,120,3.4619,3.4651,3.4587,0.0011,0.5701,0.5745,0.5683,0.0017,0.7227,0.7257,0.7187,0.0016,-0.0024,-0.0001,-0.0037,0.0014,0.0029,0.0037,0.0021,0.0005,0.0038,0.005,0.0018,0.0011,0.3786,0.5014,0.1831,0.1078,310.775,652,88,123.0527,0,0,0,0,371.9583,739,34,119.3259,33.7,41.5833,47,39,23.66,23.68,23.63
2022-10-30 07:00:00,2.6308,5.5736,0.8448,0.9154,120,132.9744,37.0052,120,70.997,72.2068,70.101,0.7165,120,27.851,28.0187,27.4572,0.1589,120,1007.7087,1007.9043,1007.5198,0.063,120,152.2001,173.7394,125.6787,16.9258,120,505.4392,554.6819,166.3313,92.8294,120,570.8902,634.8598,44.7502,142.0902,120,120,0,422.9687,468.1539,136.7229,77.3687,120,58.59,59.85,57.49,0.71,120,3.4618,3.4651,3.4587,0.001,0.5785,0.5802,0.5746,0.0016,0.71,0.7221,0.701,0.0072,-0.0035,-0.0003,-0.0039,0.0009,0.0019,0.0022,0.0016,0.0002,0.0042,0.0046,0.0014,0.0008,0.423,0.4682,0.1367,0.0774,263.125,583,69,99.495,0,0,0,0,378.6083,750,113,108.4153,34,41.65,47,39,23.66,23.68,23.63
2022-10-30 07:10:00,3.4861,6.7696,1.13,1.1529,120,137.8596,31.6276,120,69.9377,70.6503,69.3686,0.3869,120,27.7587,27.9821,27.4877,0.1804,120,1007.7337,1008.0691,1007.6846,0.0717,120,193.6523,237.4197,148.2669,24.7885,120,445.8615,659.8295,185.7491,176.0695,120,390.2838,651.0877,14.7535,261.892,120,120,0,380.4056,571.6117,156.56,150.8137,120,56.16,57.49,54.86,0.71,120,3.4622,3.4678,3.4614,0.0012,0.5776,0.5798,0.5749,0.0018,0.6994,0.7065,0.6937,0.0039,-0.0024,-0.0001,-0.004,0.0016,0.0025,0.003,0.0019,0.0003,0.0037,0.0055,0.0015,0.0015,0.3804,0.5716,0.1566,0.1508,356.1,713,100,125.3098,0,0,0,0,391.475,625,177,90.8237,34,41.7,47,39,23.66,23.68,23.63
2022-10-30 07:20:00,3.1847,5.4724,0.7436,1.0434,120,110.8585,31.8386,120,70.2076,70.6809,69.5822,0.2817,120,27.3496,27.5426,27.213,0.118,120,1007.7294,1007.9043,1007.5198,0.0628,120,292.5912,347.2378,192.4827,40.721,120,304.8432,432.6819,196.3733,50.8876,120,28.9933,160.3126,14.7535,24.7121,120,120,0,274.6768,387.8903,174.8711,44.03,120,53.73,54.86,52.49,0.71,120,3.4622,3.4651,3.4587,0.001,0.5735,0.5754,0.5721,0.0012,0.7021,0.7068,0.6958,0.0028,-0.0002,-0.0001,-0.001,0.0002,0.0037,0.0044,0.0024,0.0005,0.0025,0.0036,0.0016,0.0004,0.2747,0.3879,0.1749,0.044,323.3333,572,58,113.4095,0,0,0,0,317.95,640,147,92.1998,34,41.4667,47,39,23.66,23.68,23.63
2022-10-30 07:30:00,2.697,5.8128,0.7804,0.9828,120,120.8458,36.5314,120,70.9838,71.749,70.5893,0.2915,120,27.2919,27.4236,27.2283,0.0432,120,1007.7908,1007.9226,1007.7029,0.0884,120,340.6499,472.4362,259.5276,68.9364,120,387.5479,801.9808,262.3205,129.9711,120,70.7765,411.6017,14.2604,90.0004,120,120,0,349.9786,720.8472,230.4147,120.6472,120,51.3,52.49,50.12,0.71,120,3.4632,3.4654,3.4617,0.0015,0.5729,0.5742,0.5723,0.0004,0.7098,0.7175,0.7059,0.0029,-0.0004,-0.0001,-0.0026,0.0006,0.0043,0.006,0.0033,0.0009,0.0032,0.0067,0.0022,0.0011,0.35,0.7208,0.2304,0.1206,270.325,609,62,106.8231,0,0,0,0,348.225,726,125,106.5563,34,41.8667,47,39,23.66,23.68,23.63
2022-10-30 07:40:00,3.6851,6.1532,1.1024,1.1369,120,118.6881,29.0944,120,70.7719,71.7795,70.2536,0.3895,120,27.4274,27.5701,27.213,0.1049,120,1007.8062,1007.9226,1007.5381,0.0905,120,314.9995,396.9811,242.7063,33.8803,120,383.3713,823.9628,246.9328,142.6338,120,97.2904,628.4676,14.2604,155.9528,120,120,0,344.4319,755.6383,228.8888,126.3873,120,48.88,50.12,47.76,0.71,120,3.4634,3.4654,3.459,0.0015,0.5743,0.5757,0.5721,0.001,0.7077,0.7178,0.7025,0.0039,-0.0006,-0.0001,-0.0039,0.001,0.004,0.005,0.0031,0.0004,0.0032,0.0069,0.0021,0.0012,0.3444,0.7556,0.2289,0.1264,377.725,646,97,123.5791,0,0,0,0,337,542,20,83.8982,34,41.55,47,39,23.67,23.68,23.63
2022-10-30 07:50:00,2.8512,6.1164,0.716,1.0465,120,125.9054,33.0566,120,71.3876,71.9626,70.925,0.273,120,27.2405,27.2863,27.2161,0.0166,120,1007.9382,1008.1057,1007.7212,0.0954,120,238.511,342.9126,200.4126,32.3041,120,242.1758,349.1489,202.9688,34.5081,120,15.224,42.7828,13.2775,3.2697,120,120,0,230.1655,330.5155,195.0133,31.5753,120,46.45,47.76,45.13,0.7,120,3.4656,3.4684,3.462,0.0016,0.5724,0.5729,0.5722,0.0002,0.7139,0.7196,0.7093,0.0027,-0.0001,-0.0001,-0.0003,0,0.003,0.0044,0.0025,0.0004,0.002,0.0029,0.0017,0.0003,0.2302,0.3305,0.195,0.0316,287.0917,642,55,113.7484,0,0,0,0,358.4667,712,20,97.0092,34.1,41.7833,47,39,23.67,23.68,23.63
2022-10-30 08:00:00,3.0977,5.2424,0.486,1.0306,120,133.4338,36.4446,120,72.2775,73.2139,71.7795,0.4386,120,27.306,27.5976,27.2222,0.098,120,1008.0506,1008.2705,1007.9043,0.0843,120,396.6765,458.7386,335.2228,38.0846,120,538.8459,1034.2593,340.7227,242.8138,120,170.5212,669.283,14.7535,240.0445,120,120,0,503.1892,951.8723,320.7495,219.1564,120,44.03,45.13,42.77,0.71,120,3.4675,3.4712,3.4651,0.0014,0.5731,0.576,0.5722,0.001,0.7228,0.7321,0.7178,0.0044,-0.0011,-0.0001,-0.0042,0.0015,0.005,0.0058,0.0043,0.0005,0.0045,0.0086,0.0028,0.002,0.5032,0.9519,0.3207,0.2192,313.8833,547,30,112.0265,0,0,0,0,386.35,874,143,112.1502,35,41.7333,47,39,23.66,23.68,23.63
2022-10-30 08:10:00,3.8796,6.466,1.4888,1.233,120,114.8107,29.3975,120,71.7208,72.3289,71.3218,0.2553,120,27.4124,27.622,27.1612,0.161,120,1008.0578,1008.3071,1007.9043,0.0958,120,332.4295,410.4378,296.0535,26.6918,120,341.709,708.557,300.4226,43.729,120,19.2811,361.4422,13.7689,32.0029,120,120,0,319.5288,603.9613,280.1599,36.5896,120,41.61,42.77,40.41,0.71,120,3.4676,3.4718,3.4651,0.0016,0.5741,0.5762,0.5716,0.0016,0.7172,0.7233,0.7132,0.0026,-0.0001,-0.0001,-0.0022,0.0002,0.0042,0.0052,0.0038,0.0003,0.0028,0.0059,0.0025,0.0004,0.3195,0.604,0.2802,0.0366,398.875,680,139,134.0195,0,0,0,0,326.2417,592,54,85.2331,35,41.5,47,39,23.67,23.68,23.63
2022-10-30 08:20:00,2.7249,5.8588,0.532,1.1637,120,111.6374,37.2112,120,71.8357,72.3289,70.8945,0.4216,120,27.335,27.5549,27.1612,0.1277,120,1008.0583,1008.1423,1007.9043,0.0849,120,353.6142,453.6921,137.4535,78.668,120,368.7317,756.551,141.0516,95.8163,120,23.8053,310.7912,12.786,35.045,120,120,0,341.3953,697.6531,130.314,89.2769,120,39.19,40.41,38.05,0.71,120,3.4676,3.469,3.4651,0.0014,0.5734,0.5756,0.5716,0.0013,0.7184,0.7233,0.7089,0.0042,-0.0001,-0.0001,-0.0019,0.0002,0.0045,0.0058,0.0017,0.001,0.0031,0.0063,0.0012,0.0008,0.3414,0.6977,0.1303,0.0893,273.3583,614,35,126.4882,0,0,0,0,320.7667,905,34,115.735,35,41.2667,47,39,23.67,23.68,23.63
2022-10-30 08:30:00,2.3645,5.7116,0.4492,1.1155,120,70.6716,45.1144,120,72.4769,73.5496,71.1081,0.6158,120,26.877,27.3412,26.2212,0.3233,120,1008.1373,1008.3254,1007.9226,0.0753,120,87.947,132.1669,70.1685,14.7495,120,91.012,136.2893,73.2737,14.2561,120,12.9128,13.7689,10.8186,0.6969,120,120,0,89.3048,125.7363,71.7185,14.8723,120,36.78,38.05,35.7,0.7,120,3.469,3.4721,3.4654,0.0013,0.5688,0.5734,0.5622,0.0032,0.7248,0.7355,0.7111,0.0062,-0.0001,-0.0001,-0.0001,0,0.0011,0.0017,0.0009,0.0002,0.0008,0.0011,0.0006,0.0001,0.0893,0.1257,0.0717,0.0149,234.1833,598,26,121.2505,0,0,0,0,249.45,1000,10,180.8604,35,42.0333,47,41,23.67,23.68,23.63
2022-10-30 08:40:00,2.101,5.5644,0.4768,1.2341,120,49.5351,45.4651,120,75.9293,77.6696,73.2139,1.4446,120,25.6359,26.1998,25.3484,0.2234,120,1008.1298,1008.3254,1008.1057,0.0309,120,94.5533,127.3606,56.952,22.714,120,92.9997,124.9316,54.2221,22.6536,120,12.634,13.7689,10.3271,0.8526,120,120,0.1,99.882,133.6711,59.8163,23.7217,120,34.36,35.44,33.09,0.7,120,3.4688,3.4721,3.4684,0.0005,0.5564,0.562,0.5535,0.0022,0.7593,0.7767,0.7321,0.0144,-0.0001,-0.0001,-0.0001,0,0.0012,0.0016,0.0007,0.0003,0.0008,0.001,0.0005,0.0002,0.0999,0.1337,0.0598,0.0237,205.5417,582,29,134.1359,0.0083,1,0,0.0913,233.875,1022,5,239.5507,35,41.3167,47,41,23.67,23.68,23.63
2022-10-30 08:50:00,2.7885,7.0732,0.6056,1.1969,120,75.6128,40.4914,120,78.8626,80.5078,77.6696,0.6579,120,24.8964,25.3331,24.152,0.3827,120,1008.2968,1008.4902,1008.1057,0.0858,120,86.1087,121.5937,55.5102,22.9888,120,86.0661,122.7335,53.8559,23.7977,120,13.2119,13.7689,11.8015,0.4681,120,120,3.1,94.3759,134.2814,59.8163,25.6914,120,31.96,33.09,30.75,0.7,120,3.4716,3.4748,3.4684,0.0014,0.549,0.5533,0.5415,0.0038,0.7886,0.8051,0.7767,0.0066,-0.0001,-0.0001,-0.0001,0,0.0011,0.0015,0.0007,0.0003,0.0007,0.001,0.0004,0.0002,0.0944,0.1343,0.0598,0.0257,280.2667,746,43,130.102,0.2583,1,0,0.4396,230.1167,774,15,127.8166,35,42.0333,47,39,23.67,23.68,23.63
2022-10-30 09:00:00,1.6705,3.2184,0.3112,0.6869,120,83.8644,39.2115,120,82.3875,83.8954,80.5078,0.9351,120,23.9452,24.1459,23.8713,0.0685,120,1008.3435,1008.5086,1008.2888,0.0699,120,154.8113,200.1724,122.074,29.3738,120,156.5707,201.503,123.4658,29.5108,120,13.8631,14.7535,13.2775,0.3565,120,120,1.1,169.6778,218.2073,134.8918,31.8624,120,29.57,30.75,28.42,0.7,120,3.4724,3.4751,3.4715,0.0012,0.5394,0.5415,0.5387,0.0007,0.8239,0.839,0.8051,0.0094,-0.0001,-0.0001,-0.0001,0,0.002,0.0025,0.0015,0.0004,0.0013,0.0017,0.001,0.0002,0.1697,0.2182,0.1349,0.0319,158.75,327,11,74.6629,0.0917,1,0,0.2898,264.2333,978,23,145.8561,35,41.8,47,39,23.67,23.68,23.63
2022-10-30 09:10:00,1.2074,1.9488,0.486,0.3794,120,100.6886,44.8389,120,84.6802,85.4518,83.8649,0.4729,120,24.099,24.2741,23.9293,0.1051,120,1008.2546,1008.4902,1008.1057,0.0891,120,218.8401,264.8142,153.7937,30.7038,120,222.2667,268.5486,154.9736,31.6649,120,14.2444,14.7535,13.2775,0.3771,120,120,0.3,232.7774,282.6014,156.2548,33.4759,120,27.18,28.42,26.1,0.69,120,3.4709,3.4748,3.4684,0.0015,0.541,0.5427,0.5393,0.001,0.8468,0.8545,0.8386,0.0047,-0.0001,-0.0001,-0.0001,0,0.0028,0.0034,0.002,0.0004,0.0019,0.0022,0.0013,0.0003,0.2328,0.2826,0.1563,0.0335,108.4167,189,30,41.2338,0.025,1,0,0.1568,293.0167,673,27,129.3233,35,42,47,39,23.67,23.68,23.63
2022-10-30 09:20:00,1.0372,2.6388,0.2192,0.5,120,117.1258,53.2977,120,85.5589,86.4284,84.6583,0.5409,120,24.1938,24.2833,24.0941,0.0567,120,1008.1619,1008.3254,1007.9226,0.0837,120,270.231,514.2488,139.1354,90.6681,120,284.528,589.4874,142.8836,108.1233,120,19.5185,108.6787,13.2775,17.2868,120,120,0.1,273.9723,574.6635,140.9955,104.7008,120,24.81,26.1,23.54,0.69,120,3.4694,3.4721,3.4654,0.0014,0.5419,0.5428,0.5409,0.0006,0.8556,0.8643,0.8466,0.0054,-0.0001,-0.0001,-0.0007,0.0001,0.0034,0.0065,0.0018,0.0012,0.0024,0.0049,0.0012,0.0009,0.274,0.5747,0.141,0.1047,89.9083,264,1,54.3455,0.0083,1,0,0.0913,348.0083,1013,13,166.2642,35.2,41.6333,47,39,23.67,23.68,23.63
2022-10-30 09:30:00,0.8821,2.4364,0,0.5507,120,90.5865,51.3011,120,86.5683,87.1914,85.9096,0.2625,120,24.3634,24.5366,24.1276,0.1458,120,1008.1007,1008.3254,1007.9226,0.0769,120,242.2957,507.7606,156.1969,99.6847,120,245.5647,560.91,154.9736,104.6081,120,14.9575,58.0277,13.2775,5.1124,120,120,0.2,248.2325,540.4828,157.4755,102.1952,120,22.45,23.54,21.25,0.68,120,3.4683,3.4721,3.4654,0.0013,0.5436,0.5454,0.5413,0.0015,0.8657,0.8719,0.8591,0.0026,-0.0001,-0.0001,-0.0004,0,0.0031,0.0064,0.002,0.0013,0.002,0.0047,0.0013,0.0009,0.2482,0.5405,0.1575,0.1022,74.0083,242,0,58.4847,0.0167,1,0,0.1286,298.9333,975,0,183.1691,35.6,42.1167,47,39,23.67,23.68,23.63
2022-10-30 09:40:00,1.2709,2.5652,0.3848,0.5477,120,107.2176,37.981,120,87.1606,87.7712,86.4895,0.2978,120,24.7143,24.9364,24.5244,0.1374,120,1008.076,1008.3071,1007.9226,0.081,120,420.4746,520.4968,267.4575,67.1227,120,434.3392,579.9616,278.0732,72.4444,120,15.9864,36.3906,13.7689,3.3188,120,120,0.1,420.3874,553.6058,273.751,70.1841,120,20.12,21.25,18.99,0.68,120,3.4679,3.4718,3.4654,0.0014,0.5471,0.5494,0.5452,0.0014,0.8716,0.8777,0.8649,0.003,-0.0001,-0.0001,-0.0002,0,0.0053,0.0066,0.0034,0.0009,0.0036,0.0048,0.0023,0.0006,0.4204,0.5536,0.2738,0.0702,115.3167,256,19,59.528,0.0083,1,0,0.0913,313.7417,980,60,122.2403,36,41.9167,47,39,23.67,23.68,23.63
2022-10-30 09:50:00,1.949,3.568,0.6884,0.6232,120,91.1637,33.6345,120,87.4864,89.0225,86.3979,0.6127,120,24.9874,25.2782,24.9181,0.0836,120,1007.9333,1008.1423,1007.7395,0.112,120,412.4344,532.0315,319.6032,68.7757,120,626.5239,1370.5846,324.9688,384.0449,120,118.0423,458.8108,13.2775,167.5308,120,120,0,589.4294,1288.7967,309.4577,358.5751,120,17.82,18.99,16.77,0.67,120,3.4656,3.469,3.4623,0.0019,0.5499,0.5528,0.5492,0.0008,0.8749,0.8902,0.864,0.0061,-0.0007,-0.0001,-0.0028,0.001,0.0052,0.0068,0.0041,0.0009,0.0052,0.0114,0.0027,0.0032,0.5894,1.2888,0.3095,0.3586,189.025,365,52,67.7399,0,0,0,0,279.2833,905,35,125.9024,36,41.9667,47,39,23.67,23.68,23.63
2022-10-30 10:00:00,1.6713,3.43,0.6884,0.667,120,99.9518,27.7345,120,87.7331,88.5952,87.0083,0.315,120,25.6157,25.913,25.2782,0.2046,120,1007.7923,1007.9409,1007.5747,0.0843,120,356.0793,462.8236,233.0945,70.3174,120,819.3346,1282.2905,316.5426,352.7724,120,295.6368,675.6752,14.7535,236.6904,120,120,0,755.9893,1195.41,286.2636,330.5379,120,15.57,16.77,14.37,0.64,120,3.4632,3.4657,3.4596,0.0014,0.5562,0.5591,0.5528,0.0021,0.8773,0.886,0.8701,0.0032,-0.0018,-0.0001,-0.0042,0.0015,0.0045,0.0059,0.003,0.0009,0.0068,0.0107,0.0026,0.0029,0.756,1.1954,0.2863,0.3305,158.8417,350,52,72.4957,0,0,0,0,282.5667,485,94,79.4737,35.8,41.3,47,39,23.67,23.68,23.63
2022-10-30 10:10:00,2.4914,4.534,0.6516,0.7768,120,101.3427,35.2843,120,87.6029,88.5952,86.7946,0.3607,120,26.1587,26.5416,25.8977,0.1873,120,1007.6644,1007.7578,1007.5381,0.0923,120,393.1341,558.7047,232.8535,105.3711,120,1102.3575,1379.3782,470.0504,228.0524,120,642.0886,853.2001,17.2108,245.8023,120,120,0,1008.5121,1305.2767,429.0902,217.6545,120,13.39,14.37,12.29,0.62,120,3.4611,3.4626,3.459,0.0015,0.5616,0.5654,0.559,0.0019,0.876,0.886,0.8679,0.0036,-0.004,-0.0001,-0.0053,0.0015,0.005,0.0071,0.003,0.0013,0.0092,0.0115,0.0039,0.0019,1.0085,1.3053,0.4291,0.2177,247.9833,470,48,84.4302,0,0,0,0,301.5917,865,17,117.1745,36,41.8,47,39,23.67,23.68,23.63
2022-10-30 10:20:00,2.4611,5.6104,0.4584,1.091,120,130.4495,44.5231,120,87.0609,88.5037,85.4823,0.6875,120,26.8101,27.0513,26.5691,0.1208,120,1007.5379,1007.7578,1007.3916,0.0961,120,361.6864,437.8323,326.0913,33.5113,120,760.2577,1361.06,338.5246,427.5508,120,382.133,892.0496,14.7535,398.8836,120,120,0,710.9236,1304.9715,318.0029,399.1099,120,11.33,12.29,10.36,0.58,120,3.459,3.4626,3.4565,0.0016,0.5681,0.5705,0.5657,0.0012,0.8706,0.885,0.8548,0.0069,-0.0024,-0.0001,-0.0055,0.0025,0.0046,0.0056,0.0041,0.0004,0.0063,0.0113,0.0028,0.0036,0.7109,1.305,0.318,0.3991,244.6833,587,27,118.5885,0,0,0,0,372.525,831,23,129.9975,36,41.65,47,39,23.67,23.68,23.63
2022-10-30 10:30:00,3.2729,6.4016,0.946,1.1935,120,102.0205,29.7559,120,86.3303,88.0154,84.6583,0.8446,120,26.9321,27.1886,26.7278,0.1397,120,1007.4628,1007.5747,1007.3733,0.0791,120,440.674,575.7661,378.478,41.4206,120,1037.6476,1392.934,419.1261,354.9064,120,555.1334,902.8682,15.7364,353.3955,120,120,0,967.9963,1304.3611,393.994,336.3638,120,9.46,10.36,8.66,0.51,120,3.4577,3.4596,3.4562,0.0013,0.5693,0.5719,0.5673,0.0014,0.8633,0.8802,0.8466,0.0084,-0.0034,-0.0001,-0.0056,0.0022,0.0056,0.0073,0.0048,0.0005,0.0086,0.0116,0.0035,0.003,0.968,1.3044,0.394,0.3364,332.925,673,80,129.7289,0,0,0,0,300.15,946,155,102.015,36,41.9833,47,39,23.67,23.68,23.63
2022-10-30 10:40:00,3.4889,7.248,0.7436,1.2629,120,117.2172,28.5054,120,85.3351,86.6726,84.109,0.7551,120,27.0816,27.3077,26.8438,0.1656,120,1007.4807,1007.7395,1007.3916,0.0839,120,383.8844,561.589,314.7969,54.0245,120,688.4861,1438.7299,330.8307,395.3306,120,292.4896,901.3922,13.7689,363.2999,120,120,0,644.3144,1352.5803,307.0162,370.8188,120,7.92,8.66,7.36,0.38,120,3.458,3.4623,3.4565,0.0014,0.5708,0.5731,0.5684,0.0017,0.8534,0.8667,0.8411,0.0076,-0.0018,-0.0001,-0.0056,0.0023,0.0049,0.0071,0.004,0.0007,0.0057,0.012,0.0028,0.0033,0.6443,1.3526,0.307,0.3708,356.4,765,58,137.2735,0,0,0,0,333.975,625,141,82.4639,36,41.9,47,41,23.67,23.68,23.63
2022-10-30 10:50:00,3.6802,6.5396,0.716,1.1934,120,123.1792,33.4087,120,84.4615,85.4518,83.4376,0.561,120,27.0728,27.2924,26.8865,0.1376,120,1007.3829,1007.5747,1007.1902,0.0816,120,273.401,369.1055,222.7614,41.7051,120,1058.7444,1286.6867,315.8103,283.3927,120,743.7964,905.3271,16.2278,288.979,120,120,0,982.6197,1202.7345,283.8221,265.1184,120,6.92,7.25,6.67,0.19,120,3.4564,3.4596,3.4532,0.0014,0.5707,0.5729,0.5689,0.0014,0.8446,0.8545,0.8344,0.0056,-0.0046,-0.0001,-0.0056,0.0018,0.0035,0.0047,0.0028,0.0005,0.0088,0.0107,0.0026,0.0024,0.9826,1.2027,0.2838,0.2651,377.1917,688,55,129.7154,0,0,0,0,350.7417,771,19,100.0725,36,41.8667,47,39,23.67,23.68,23.63
2022-10-30 11:00:00,2.6555,6.1716,0.808,1.1436,120,127.8072,35.774,120,82.6757,83.8343,81.1792,0.8292,120,27.5653,27.7532,27.2863,0.1699,120,1007.17,1007.4099,1007.0071,0.106,120,427.7758,968.422,252.3181,139.6508,120,768.8612,1339.4442,271.8451,396.841,120,372.9905,910.2449,14.7535,359.0547,120,120,0,709.8198,1250.0381,238.6547,379.8439,120,6.72,6.92,6.65,0.08,120,3.4528,3.4568,3.4501,0.0018,0.5756,0.5775,0.5729,0.0017,0.8268,0.8383,0.8118,0.0083,-0.0023,-0.0001,-0.0056,0.0022,0.0054,0.0123,0.0032,0.0018,0.0064,0.0112,0.0023,0.0033,0.7098,1.25,0.2387,0.3798,265.8167,648,65,124.3004,0,0,0,0,372.8167,898,91,114.3813,36,41.7833,47,39,23.66,23.68,23.63
2022-10-30 11:10:00,3.4101,6.2544,0.9644,1.0338,120,114.4938,30.1436,120,80.267,81.7286,78.9209,0.6254,120,27.6257,27.7685,27.5396,0.0791,120,1007.0179,1007.2268,1006.8239,0.094,120,701.7275,1287.3047,246.7913,298.5416,120,937.2107,1427.7383,268.5486,390.4517,120,353.4593,892.5411,14.2604,275.9598,120,120,0,868.5466,1354.1063,235.2977,375.423,120,7.38,7.92,6.92,0.3,120,3.4503,3.4538,3.4471,0.0016,0.5763,0.5777,0.5754,0.0008,0.8027,0.8173,0.7892,0.0063,-0.0022,-0.0001,-0.0055,0.0017,0.0089,0.0163,0.0031,0.0038,0.0078,0.0119,0.0022,0.0033,0.8685,1.3541,0.2353,0.3754,347.8417,657,82,112.3697,0,0,0,0,326.3833,576,145,86.1756,36,41.25,47,39,23.66,23.68,23.63
2022-10-30 11:20:00,3.0912,6.1716,0.8264,1.2007,120,102.4086,36.6277,120,78.7614,79.8669,77.0898,0.6598,120,27.5972,27.7441,27.4725,0.0878,120,1006.8328,1007.0437,1006.4577,0.1172,120,738.0673,1338.2488,303.9835,391.6429,120,825.163,1446.0576,331.5642,430.2514,120,40.1029,866.4776,14.2604,103.5773,120,120,0,758.4536,1354.1063,290.5362,405.4285,120,8.7,9.44,7.92,0.46,120,3.4472,3.4507,3.441,0.002,0.576,0.5774,0.5747,0.0009,0.7876,0.7987,0.7709,0.0066,-0.0002,-0.0001,-0.0054,0.0006,0.0094,0.017,0.0039,0.005,0.0069,0.012,0.0028,0.0036,0.7585,1.3541,0.2905,0.4054,313.175,648,67,130.5063,0,0,0,0,291.3833,566,0,106.2357,36,41.3167,47,39,23.66,23.68,23.63
2022-10-30 11:30:00,2.6802,5.4908,0.532,1.0266,120,99.7557,37.1882,120,77.1922,78.0663,76.3878,0.4157,120,27.6221,27.7044,27.5152,0.0617,120,1006.6233,1006.8422,1006.4394,0.1141,120,281.1748,420.0504,209.3039,63.626,120,337.7217,1342.7407,222.3854,190.0885,120,49.2617,839.4312,13.7689,126.4488,120,120,0,304.2746,1261.9404,197.4548,176.4475,120,10.44,11.48,9.44,0.55,120,3.4437,3.4474,3.4407,0.0019,0.5762,0.577,0.5752,0.0006,0.7719,0.7807,0.7639,0.0042,-0.0003,-0.0001,-0.0052,0.0008,0.0036,0.0053,0.0027,0.0008,0.0028,0.0112,0.0019,0.0016,0.3043,1.2619,0.1975,0.1764,268.5,574,35,111.5857,0,0,0,0,298.0667,934,33,123.5133,36,41.45,47,39,23.67,23.68,23.63
2022-10-30 11:40:00,2.8864,5.7024,0.6976,1.2713,120,82.732,38.9564,120,76.5102,77.3339,75.7469,0.3504,120,27.4471,27.6159,27.3626,0.0711,120,1006.3982,1006.6408,1006.2563,0.095,120,337.4137,425.0961,265.0543,39.8199,120,711.0788,1347.1381,281.0048,419.3489,120,355.5698,895.9829,13.7689,387.8245,120,120,0,655.385,1262.8559,245.9792,403.3954,120,12.43,13.5,11.48,0.61,120,3.44,3.444,3.4376,0.0016,0.5745,0.5762,0.5736,0.0007,0.7651,0.7733,0.7575,0.0035,-0.0022,-0.0001,-0.0056,0.0024,0.0043,0.0054,0.0034,0.0005,0.0059,0.0112,0.0023,0.0035,0.6554,1.2629,0.246,0.4034,290.9167,597,53,138.1806,0,0,0,0,277.625,1011,71,168.6549,36,41.4333,47,39,23.67,23.68,23.63
2022-10-30 11:50:00,2.749,5.9784,0.6424,1.3144,120,79.6337,33.9607,120,75.5384,76.8456,74.3736,0.6558,120,27.6908,27.8448,27.564,0.0927,120,1006.2824,1006.476,1006.0915,0.0693,120,350.6985,438.5535,278.2709,38.0907,120,649.0893,1325.5222,297.1248,379.9686,120,284.5887,892.5411,14.7535,348.4973,120,120,0,589.6023,1232.9478,256.0503,366.4314,120,14.56,15.63,13.5,0.64,120,3.438,3.4413,3.4349,0.0012,0.5769,0.5785,0.5756,0.0009,0.7554,0.7685,0.7437,0.0066,-0.0018,-0.0001,-0.0055,0.0022,0.0045,0.0056,0.0035,0.0005,0.0054,0.011,0.0025,0.0032,0.5896,1.2329,0.2561,0.3664,275.9833,627,47,142.8748,0,0,0,0,240.7333,880,10,121.0524,36,41.9167,47,39,23.66,23.68,23.63
2022-10-30 12:00:00,2.7706,5.868,0.8172,1.1711,120,79.3974,41.9086,120,74.9364,75.8385,74.221,0.407,120,27.7003,27.7624,27.6434,0.0346,120,1006.119,1006.2929,1005.9084,0.079,120,318.9264,442.8787,267.4575,38.6993,120,376.4317,1231.7311,282.1044,166.3863,120,59.8267,804.0251,13.7689,139.5427,120,120,0,342.5703,1169.1641,246.2844,172.0628,120,16.78,17.83,15.63,0.66,120,3.4353,3.4382,3.4318,0.0013,0.577,0.5776,0.5764,0.0003,0.7494,0.7584,0.7422,0.0041,-0.0004,-0.0001,-0.005,0.0009,0.004,0.0056,0.0034,0.0005,0.0031,0.0103,0.0024,0.0014,0.3426,1.1692,0.2463,0.1721,278.325,615,66,127.2889,0,0,0,0,266.3667,993,0,175.9514,36,41.4167,47,39,23.67,23.68,23.63
2022-10-30 12:10:00,2.6975,6.6684,0.7712,1.2219,120,94.7128,37.9371,120,74.9377,75.8995,73.5191,0.5699,120,27.6349,27.9058,27.4297,0.1374,120,1005.9151,1006.0915,1005.6887,0.1117,120,375.2255,471.715,265.5354,66.466,120,649.6602,1350.0684,277.3409,417.1297,120,270.9752,883.69,14.2604,360.7013,120,120,0,605.177,1279.9463,253.3036,397.156,120,19.06,20.32,17.83,0.67,120,3.4319,3.4349,3.4281,0.0019,0.5764,0.5791,0.5743,0.0014,0.7494,0.759,0.7352,0.0057,-0.0017,-0.0001,-0.0055,0.0022,0.0048,0.006,0.0034,0.0008,0.0054,0.0112,0.0023,0.0035,0.6052,1.2799,0.2533,0.3972,270.3833,702,61,132.8185,0,0,0,0,296.3333,968,7,150.0885,36,41.4333,47,39,23.67,23.68,23.63
2022-10-30 12:20:00,3.4388,7.4596,0.8724,1.245,120,96.8979,35.8474,120,74.2495,75.2586,73.6412,0.4244,120,27.9993,28.0493,27.9089,0.031,120,1005.7488,1006.0915,1005.5239,0.0976,120,434.4602,503.1953,344.5945,43.149,120,847.1481,1370.2185,366.7347,387.5821,120,415.8184,880.2465,14.2604,383.084,120,120,0,806.7975,1307.1078,341.8073,369.7354,120,21.38,22.6,20.32,0.68,120,3.4291,3.4349,3.4254,0.0016,0.58,0.5805,0.5791,0.0003,0.7425,0.7526,0.7364,0.0042,-0.0026,-0.0001,-0.0055,0.0024,0.0055,0.0064,0.0044,0.0005,0.0071,0.0114,0.0031,0.0032,0.8068,1.3071,0.3418,0.3697,350.9583,788,72,135.3215,0,0,0,0,287.075,1002,69,119.9856,36,41.5,47,41,23.67,23.68,23.63
2022-10-30 12:30:00,3.5413,7.0548,1.2956,1.2999,120,113.8552,34.8835,120,73.8441,74.4652,73.0918,0.3518,120,27.9289,27.9791,27.857,0.0302,120,1005.7259,1005.9084,1005.5239,0.0818,120,305.153,393.3764,254.2409,33.5045,120,1018.9659,1233.1969,341.4562,256.4774,120,729.5109,895,16.7193,284.0413,120,120,0,954.8987,1159.093,321.3599,246.799,120,23.73,24.9,22.6,0.69,120,3.4288,3.4318,3.4254,0.0014,0.5793,0.5798,0.5786,0.0003,0.7384,0.7447,0.7309,0.0035,-0.0045,-0.0001,-0.0056,0.0018,0.0039,0.005,0.0032,0.0004,0.0085,0.0103,0.0028,0.0021,0.9549,1.1591,0.3214,0.2468,362.1,744,118,141.2919,0,0,0,0,330.8167,990,58,114.2974,36,41.35,47,39,23.68,23.68,23.63
2022-10-30 12:40:00,3.3337,8.2508,0.946,1.4765,120,111.4278,41.8934,120,73.5061,74.4346,72.4204,0.6028,120,28.0873,28.2537,27.8753,0.1246,120,1005.634,1005.9084,1005.3591,0.1035,120,322.7693,421.011,273.7055,40.3039,120,1016.1265,1250.4166,321.6723,246.3918,120,726.3964,894.5085,18.1953,268.6093,120,120,0,950.3744,1189.9167,293.8932,234.8249,120,26.09,27.21,24.9,0.69,120,3.4272,3.4318,3.4227,0.0017,0.5809,0.5825,0.5787,0.0013,0.7351,0.7443,0.7242,0.006,-0.0045,-0.0001,-0.0056,0.0017,0.0041,0.0053,0.0035,0.0005,0.0085,0.0104,0.0027,0.0021,0.9504,1.1899,0.2939,0.2348,339.5333,874,80,160.4897,0,0,0,0,330.1083,970,126,130.7967,36.2,41.8167,47,39,23.67,23.68,23.63
2022-10-30 12:50:00,3.9261,6.7788,1.1668,1.171,120,101.2801,30.7139,120,73.1903,74.3736,72.2373,0.613,120,27.8928,28.095,27.7441,0.1113,120,1005.419,1005.707,1005.1576,0.1007,120,360.4749,472.9165,280.4339,48.8985,120,950.9771,1243.455,359.7743,273.3159,120,630.8438,887.6233,22.1286,308.4056,120,120,0,875.9906,1153.9048,318.3081,257.1217,120,28.47,29.54,27.21,0.69,120,3.4237,3.4284,3.4193,0.0017,0.5789,0.5809,0.5774,0.0011,0.7319,0.7437,0.7224,0.0061,-0.0039,-0.0001,-0.0055,0.0019,0.0046,0.006,0.0036,0.0006,0.0079,0.0104,0.003,0.0023,0.876,1.1539,0.3183,0.2571,403.925,714,104,127.2804,0,0,0,0,292.4833,763,83,93.4088,37,41.9667,47,39,23.67,23.68,23.63
2022-10-30 13:00:00,3.0469,5.1596,0.9368,0.9845,120,119.1851,54.8283,120,73.1491,74.2515,72.1763,0.3959,120,28.119,28.2293,28.0248,0.0487,120,1005.3061,1005.3591,1005.1576,0.0757,120,541.9979,602.9205,471.4748,31.1401,120,752.6922,1235.0288,493.4982,203.0405,120,228.1102,733.7029,23.1131,201.3161,120,120,0,700.9364,1168.8589,447.7065,197.2911,120,30.86,32.13,29.79,0.69,120,3.4218,3.4227,3.4193,0.0013,0.5812,0.5823,0.5803,0.0005,0.7315,0.7425,0.7218,0.004,-0.0014,-0.0001,-0.0046,0.0012,0.0069,0.0077,0.006,0.0004,0.0063,0.0103,0.0041,0.0017,0.7009,1.1689,0.4477,0.1973,308.3583,538,79,107.0072,0,0,0,0,360.1417,1005,33,169.0949,37,41.65,47,39,23.67,23.68,23.63
2022-10-30 13:10:00,2.9293,6.3924,0.6148,1.2322,120,114.9001,37.8798,120,72.8418,73.6106,72.2068,0.3775,120,28.1296,28.3178,27.9424,0.1452,120,1005.2196,1005.5422,1005.1393,0.087,120,500.5957,598.8354,423.4142,55.1304,120,536.1989,708.1909,434.88,75.5148,120,39.9678,128.8398,14.7535,28.945,120,120,0,503.3138,668.0502,409.5584,69.0406,120,33.26,34.47,32.13,0.7,120,3.4203,3.4257,3.419,0.0015,0.5813,0.5832,0.5794,0.0014,0.7284,0.7361,0.7221,0.0038,-0.0002,-0.0001,-0.0008,0.0002,0.0064,0.0076,0.0054,0.0007,0.0045,0.0059,0.0036,0.0006,0.5033,0.6681,0.4096,0.069,295.575,672,44,133.9348,0,0,0,0,332.35,918,78,116.9139,37,41.5667,47,39,23.68,23.68,23.63
2022-10-30 13:20:00,2.8553,5.9968,0.4768,1.2312,120,108.8685,28.5579,120,73.1285,73.8853,71.8711,0.4832,120,28.0392,28.1988,27.9028,0.0744,120,1005.1588,1005.3591,1004.9562,0.0765,120,505.0973,539,431.8252,30.2396,120,668.2351,1006.7815,444.4058,151.4521,120,185.9706,536.9997,15.2449,148.8863,120,120,0,620.6702,944.2427,402.8443,144.8691,120,35.67,36.82,34.47,0.71,120,3.4193,3.4227,3.4159,0.0013,0.5804,0.582,0.579,0.0007,0.7313,0.7389,0.7187,0.0048,-0.0012,-0.0001,-0.0033,0.0009,0.0064,0.0068,0.0055,0.0004,0.0056,0.0084,0.0037,0.0013,0.6207,0.9442,0.4028,0.1449,287.5333,629,29,133.8215,0,0,0,0,310.45,551,120,82.0419,37,41.3,47,39,23.67,23.68,23.63
2022-10-30 13:30:00,2.9871,4.7548,1.0104,0.9623,120,125.0647,30.7024,120,73.1457,74.0379,72.4204,0.3323,120,27.8387,27.8997,27.7441,0.0415,120,1005.1027,1005.1943,1004.9745,0.092,120,485.004,550.2945,408.2748,49.9474,120,532.761,636.0156,429.018,68.4165,120,57.8389,169.6568,23.1131,25.7635,120,120,0,498.0824,596.0265,397.9614,63.9125,120,38.08,39.18,36.82,0.7,120,3.4184,3.4199,3.4162,0.0015,0.5784,0.579,0.5774,0.0004,0.7315,0.7404,0.7242,0.0033,-0.0004,-0.0001,-0.0011,0.0002,0.0062,0.007,0.0052,0.0006,0.0044,0.0053,0.0036,0.0006,0.4981,0.596,0.398,0.0639,301.8583,494,87,104.597,0,0,0,0,358.8917,836,134,93.4294,37,41.9667,47,39,23.68,23.68,23.63
2022-10-30 13:40:00,3.0162,5.316,0.7436,1.0645,120,124.1727,31.6572,120,73.192,73.8548,72.7561,0.2827,120,27.9499,28.092,27.857,0.0794,120,1005.043,1005.1943,1004.8097,0.0931,120,423.983,487.0945,315.0378,48.547,120,600.2218,1158.4574,326.0684,217.1992,120,220.2339,830.087,14.7535,234.9241,120,120,0,564.1143,1096.2249,304.5747,205.7326,120,40.5,41.8,39.18,0.7,120,3.4174,3.4199,3.4135,0.0016,0.5795,0.5809,0.5786,0.0008,0.7319,0.7385,0.7276,0.0028,-0.0014,-0.0001,-0.0052,0.0015,0.0054,0.0062,0.004,0.0006,0.005,0.0097,0.0027,0.0018,0.5641,1.0962,0.3046,0.2057,305.0167,555,58,115.7014,0,0,0,0,354.4,661,150,91.7633,37,41.4,47,39,23.68,23.68,23.63
2022-10-30 13:50:00,2.7826,5.6104,0.4492,1.0604,120,115.6994,41.6903,120,73.0923,74.0684,72.2373,0.4019,120,28.0457,28.15,27.973,0.047,120,1004.9388,1004.9928,1004.7731,0.0815,120,338.0506,418.8488,281.1551,36.92,120,580.3371,1021.0696,291.9964,238.9096,120,315.0244,815.3352,16.2278,275.2742,120,120,0,541.762,966.5212,271.9199,226.747,120,42.92,44.16,41.8,0.71,120,3.4156,3.4165,3.4129,0.0014,0.5805,0.5815,0.5797,0.0005,0.7309,0.7407,0.7224,0.004,-0.002,-0.0001,-0.0051,0.0017,0.0043,0.0053,0.0036,0.0005,0.0048,0.0085,0.0024,0.002,0.5418,0.9665,0.2719,0.2267,279.6333,587,26,115.2594,0,0,0,0,331.7,626,53,118.7953,37,41.5333,47,39,23.68,23.68,23.63
2022-10-30 14:00:00,3.0635,5.9416,0.7896,1.1655,120,121.6331,33.9257,120,73.4634,74.1295,72.7256,0.4188,120,28.1133,28.1835,28.0279,0.0424,120,1004.8498,1004.9928,1004.7731,0.0855,120,307.1876,384.2449,222.0402,55.2088,120,512.1955,987.3637,227.515,294.3127,120,275.6059,815.8266,14.2604,335.8239,120,120,0,470.6005,929.2886,206.9155,275.9865,120,45.34,46.52,44.16,0.71,120,3.4142,3.4165,3.4129,0.0014,0.5811,0.5818,0.5803,0.0004,0.7346,0.7413,0.7273,0.0042,-0.0017,-0.0001,-0.0051,0.0021,0.0039,0.0049,0.0028,0.0007,0.0043,0.0082,0.0019,0.0025,0.4706,0.9293,0.2069,0.276,310.1583,623,63,126.6898,0,0,0,0,345.1167,580,47,98.0524,37,41.5,47,39,23.68,23.68,23.63
2022-10-30 14:10:00,2.7979,4.7732,0.256,1.0321,120,143.9229,31.5752,120,73.808,74.7703,73.2749,0.4289,120,27.8354,28.1072,27.5243,0.2257,120,1004.8415,1005.0111,1004.6083,0.0979,120,193.4341,285,138.415,51.6881,120,324.563,838.2509,139.9532,263.8369,120,194.2731,811.8933,13.2775,315.4027,120,120,0,300.3021,788.5983,123.9052,248.5367,120,47.76,48.88,46.52,0.71,120,3.414,3.4169,3.4101,0.0016,0.5784,0.5811,0.5752,0.0023,0.7381,0.7477,0.7327,0.0043,-0.0012,-0.0001,-0.005,0.002,0.0025,0.0036,0.0018,0.0007,0.0027,0.007,0.0012,0.0022,0.3003,0.7886,0.1239,0.2485,281.2917,496,5,112.1898,0,0,0,0,409.2667,743,127,92.9429,37,41.5333,47,39,23.68,23.68,23.63
2022-10-30 14:20:00,3.5612,5.9876,0.9,1.144,120,113.4642,38.7186,120,74.4751,75.045,73.5191,0.3544,120,27.4965,27.5518,27.3992,0.0418,120,1004.7374,1004.9928,1004.59,0.1046,120,188.7241,281.3953,123.5157,47.0363,120,387.7188,773.7707,127.1297,270.9438,120,298.5832,804.5166,13.7689,356.8838,120,120,0,355.093,717.4902,108.3407,253.0437,120,50.19,51.51,48.88,0.7,120,3.4123,3.4165,3.4098,0.0017,0.575,0.5755,0.574,0.0004,0.7448,0.7505,0.7352,0.0035,-0.0019,-0.0001,-0.005,0.0022,0.0024,0.0036,0.0016,0.0006,0.0032,0.0064,0.0011,0.0023,0.3551,0.7175,0.1083,0.253,364.2583,628,75,124.3529,0,0,0,0,332.5333,971,89,122.2806,37,41.45,47,39,23.68,23.68,23.63
2022-10-30 14:30:00,3.2317,5.4724,1.1852,0.9085,120,107.1613,31.9466,120,74.0371,74.7093,73.0003,0.4102,120,27.5824,27.7136,27.4877,0.0742,120,1004.7528,1004.828,1004.59,0.0844,120,136.5944,160.0417,123.5157,8.8159,120,622.5947,665.3253,269.6471,59.1138,120,760.6679,802.0577,193.2614,92.7857,120,120,0,564.7145,612.2013,235.2977,55.5947,120,52.61,53.88,51.51,0.71,120,3.4125,3.4138,3.4098,0.0014,0.5758,0.5771,0.5749,0.0007,0.7404,0.7471,0.73,0.0041,-0.0047,-0.0012,-0.005,0.0006,0.0017,0.002,0.0016,0.0001,0.0052,0.0055,0.0022,0.0005,0.5647,0.6122,0.2353,0.0556,328.4417,572,106,98.7514,0,0,0,0,308.9583,868,26,100.9655,37,41.5667,47,39,23.68,23.68,23.63
2022-10-30 14:40:00,3.1122,6.4384,0.8908,1.3741,120,120.3186,35.2674,120,72.8024,74.3126,71.5659,0.8228,120,27.9519,28.0737,27.7197,0.083,120,1004.7185,1004.828,1004.4435,0.0956,120,123.2175,135.0504,106.2142,7.5845,120,566.061,607.4394,184.2833,80.5153,120,732.8097,779.436,83.5981,135.0736,120,120,0,508.0976,550.5539,156.2548,74.9149,120,55.04,56.24,53.88,0.71,120,3.412,3.4138,3.4074,0.0016,0.5795,0.5807,0.5772,0.0008,0.728,0.7431,0.7157,0.0082,-0.0045,-0.0005,-0.0048,0.0008,0.0016,0.0017,0.0013,0.0001,0.0047,0.0051,0.0015,0.0007,0.5081,0.5506,0.1563,0.0749,315.4583,677,74,149.3631,0,0,0,0,347.75,860,15,112.136,37,41.5333,47,39,23.68,23.68,23.63
2022-10-30 14:50:00,3.1709,5.2332,1.1392,0.9066,120,101.805,30.0914,120,71.5725,71.9932,71.1386,0.1889,120,27.9952,28.1042,27.9547,0.0367,120,1004.5437,1004.6449,1004.4069,0.0985,120,115.4997,127.1205,104.0512,8.2707,120,543.7003,563.8415,431.2161,18.0644,120,755.07,770.0935,498.6432,24.5509,120,120,0,483.3776,503.8606,336.9243,20.0331,120,57.47,58.61,56.24,0.71,120,3.4091,3.4107,3.4068,0.0016,0.5799,0.581,0.5796,0.0004,0.7157,0.7199,0.7114,0.0019,-0.0047,-0.0031,-0.0048,0.0002,0.0015,0.0016,0.0013,0.0001,0.0045,0.0047,0.0036,0.0001,0.4834,0.5039,0.3369,0.02,321.8333,546,101,98.5433,0,0,0,0,292.0333,637,76,88.2597,37,41.9667,47,39,23.68,23.68,23.68
2022-10-30 15:00:00,3.3828,5.7392,1.36,0.9729,120,105.5437,28.4664,120,70.8385,71.3523,69.8874,0.3217,120,27.9209,28.1072,27.857,0.0746,120,1004.5669,1004.8097,1004.4069,0.0928,120,102.7296,107.1756,97.8032,2.3844,120,494.329,513.2821,417.2941,12.016,120,739.592,751.8982,549.7857,20.0481,120,120,0,434.7387,453.8102,358.8977,12.5256,120,59.89,60.98,58.61,0.7,120,3.4094,3.4135,3.4068,0.0015,0.5792,0.5811,0.5786,0.0008,0.7084,0.7135,0.6989,0.0032,-0.0046,-0.0034,-0.0047,0.0001,0.0013,0.0014,0.0012,0,0.0041,0.0043,0.0035,0.0001,0.4347,0.4538,0.3589,0.0125,344.8667,601,125,105.7516,0,0,0,0,302.4083,614,104,82.9836,37,41.6167,47,39,23.68,23.68,23.63
2022-10-30 15:10:00,2.6677,5.2332,0.5688,1.0788,120,113.9592,33.8781,120,70.6465,71.4438,69.4906,0.5583,120,28.0358,28.1958,27.8539,0.1203,120,1004.5587,1004.8097,1004.4069,0.0959,120,97.1626,102.1291,94.4394,1.6896,120,430.184,469.3181,164.1333,66.0293,120,675.856,732.7199,133.7577,131.6079,120,120,0,371.4204,408.948,137.3333,58.207,120,62.32,63.61,61.24,0.7,120,3.4093,3.4135,3.4068,0.0016,0.5804,0.582,0.5785,0.0012,0.7065,0.7144,0.6949,0.0056,-0.0042,-0.0008,-0.0045,0.0008,0.0012,0.0013,0.0012,0,0.0036,0.0039,0.0014,0.0006,0.3714,0.4089,0.1373,0.0582,267.1417,546,39,117.2636,0,0,0,0,335.6667,1019,147,115.0148,37,41.6,47,39,23.68,23.68,23.63
2022-10-30 15:20:00,3.0385,6.0428,1.1576,1.1227,120,110.5807,36.6995,120,69.9647,70.6503,69.0634,0.3983,120,28.0857,28.2202,27.9882,0.0738,120,1004.4548,1004.6266,1004.4069,0.0693,120,94.2429,104.7724,85.0677,6.3501,120,407.9484,434.1465,379.9244,15.167,120,695.764,708.1325,678.6255,7.299,120,120,0,344.9075,371.1051,316.4769,15.3301,120,64.75,65.97,63.61,0.71,120,3.4076,3.4104,3.4068,0.0012,0.5809,0.5822,0.5799,0.0007,0.6996,0.7065,0.6906,0.004,-0.0043,-0.0042,-0.0044,0,0.0012,0.0013,0.0011,0.0001,0.0034,0.0036,0.0032,0.0001,0.3449,0.3711,0.3165,0.0153,307.45,634,103,122.0379,0,0,0,0,321.2833,916,42,114.6864,37,41.4333,47,39,23.68,23.68,23.68
2022-10-30 15:30:00,3.0543,6.3372,0.8264,1.0861,120,135.0924,30.1041,120,69.8553,70.4672,69.1855,0.2956,120,27.9801,28.0676,27.8936,0.0497,120,1004.4455,1004.6266,1004.2421,0.0685,120,83.966,86.5094,81.463,1.1833,120,359.6733,383.5882,322.0384,15.6511,120,672.1432,691.4115,585.1917,19.0383,120,120,0,295.4344,318.3081,259.1021,15.041,120,67.17,68.34,65.97,0.71,120,3.4074,3.4104,3.404,0.0011,0.5798,0.5807,0.5789,0.0005,0.6986,0.7047,0.6919,0.003,-0.0042,-0.0036,-0.0043,0.0001,0.0011,0.0011,0.001,0,0.003,0.0032,0.0027,0.0001,0.2954,0.3183,0.2591,0.015,309.1583,666,67,118.0525,0,0,0,0,390.4167,1015,181,99.5459,37,41.45,47,39,23.68,23.68,23.63
2022-10-30 15:40:00,2.9097,5.4356,0.9,0.9735,120,136.6851,33.3721,120,69.6725,70.0095,69.277,0.1949,120,28.0387,28.1195,27.973,0.0418,120,1004.4722,1004.6266,1004.2604,0.0858,120,80.4496,83.8661,77.378,1.8953,120,312.6712,334.4946,291.6291,13.5774,120,630.229,651.5791,604.863,13.0854,120,120,0,249.8347,271.0044,229.4992,13.2556,120,69.6,70.7,68.34,0.71,120,3.4079,3.4104,3.4043,0.0014,0.5804,0.5812,0.5797,0.0004,0.6967,0.7001,0.6928,0.0019,-0.0039,-0.0038,-0.004,0.0001,0.001,0.0011,0.001,0,0.0026,0.0028,0.0024,0.0001,0.2498,0.271,0.2295,0.0133,293.45,568,75,105.8148,0,0,0,0,388.125,740,65,97.8447,37,41.4333,47,39,23.68,23.68,23.63
2022-10-30 15:50:00,2.5957,5.0584,0.4216,1.0406,120,119.8193,37.105,120,70.0316,70.8029,69.277,0.4733,120,28.0117,28.0981,27.9241,0.049,120,1004.5212,1004.6266,1004.4069,0.0948,120,83.968,92.0362,77.378,4.0615,120,257.1267,291.6291,97.8199,47.5147,120,531.4225,610.7638,73.2726,134.9526,120,120,0,199.7487,229.4992,79.9585,36.4654,120,72.02,73.33,70.7,0.7,120,3.4087,3.4104,3.4068,0.0016,0.5801,0.581,0.5792,0.0005,0.7003,0.708,0.6928,0.0047,-0.0033,-0.0005,-0.0038,0.0008,0.0011,0.0012,0.001,0.0001,0.0021,0.0024,0.0008,0.0004,0.1997,0.2295,0.08,0.0365,259.3167,527,23,113.1074,0,0,0,0,342.625,678,28,108.8297,37,41.7333,47,39,23.68,23.68,23.63
2022-10-30 16:00:00,2.5828,4.6996,0.7712,0.8398,120,129.0708,33.3514,120,70.9883,71.749,69.6127,0.5625,120,27.8358,27.9272,27.7197,0.0685,120,1004.5904,1004.6266,1004.4069,0.0629,120,85.4939,98.7646,76.1764,6.4591,120,237.7214,252.7947,216.5234,12.7287,120,537.8605,566.9965,505.5269,11.9383,120,120,0,178.2052,191.9614,159.6118,11.3834,120,74.45,75.69,73.33,0.71,120,3.4098,3.4104,3.4068,0.001,0.5784,0.5793,0.5772,0.0007,0.7099,0.7175,0.6961,0.0056,-0.0033,-0.0031,-0.0035,0.0001,0.0011,0.0013,0.001,0.0001,0.002,0.0021,0.0018,0.0001,0.1782,0.192,0.1596,0.0114,257.9083,488,61,91.2795,0,0,0,0,368.7667,872,24,101.684,37,41.5833,47,39,23.68,23.68,23.63
2022-10-30 16:10:00,3.4262,5.5,1.3324,0.893,120,128.8957,37.3957,120,71.5522,72.6341,70.4978,0.6033,120,27.5878,27.9058,27.3412,0.1982,120,1004.7468,1004.9928,1004.59,0.0874,120,76.873,81.2228,70.8898,3.2364,120,192.9694,215.7911,160.8355,13.5293,120,483.1277,519.2958,357.0158,30.5721,120,120,0,138.5083,159.0014,112.6133,11.4759,120,76.87,78.05,75.69,0.71,120,3.4124,3.4165,3.4098,0.0015,0.5759,0.5791,0.5734,0.002,0.7155,0.7263,0.705,0.006,-0.003,-0.0022,-0.0032,0.0002,0.001,0.001,0.0009,0,0.0016,0.0018,0.0013,0.0001,0.1385,0.159,0.1126,0.0115,349.5833,575,122,97.0706,0,0,0,0,370.5083,668,192,106.9264,37.7,41.7,47,39,23.68,23.68,23.63
2022-10-30 16:20:00,2.7603,5.0124,0.854,0.8524,120,168.1783,29.2544,120,73.0298,73.397,72.6341,0.1625,120,27.4856,27.5579,27.3321,0.0677,120,1004.7978,1004.9928,1004.6083,0.0267,120,57.4745,74.9748,48.7819,7.0734,120,138.5973,169.9952,104.0492,14.9574,120,412.2204,458.8108,159.8211,49.5761,120,120,0,92.4584,119.9377,73.5496,12.2749,120,79.29,80.41,78.05,0.71,120,3.4133,3.4165,3.4101,0.0004,0.5749,0.5756,0.5733,0.0007,0.7303,0.734,0.7263,0.0016,-0.0026,-0.001,-0.0028,0.0003,0.0007,0.001,0.0006,0.0001,0.0012,0.0014,0.0009,0.0001,0.0925,0.1199,0.0735,0.0123,277.2083,522,70,92.649,0,0,0,0,477.2417,733,280,83.7625,37.2,41.6167,47,39,23.68,23.68,23.63
2022-10-30 16:30:00,2.6418,5.2056,0.7436,1.0533,120,156.2794,42.0395,120,73.2523,73.7327,72.7561,0.2489,120,27.3303,27.4633,27.271,0.0513,120,1004.7563,1005.0111,1004.59,0.096,120,42.9502,48.7819,37.9677,3.3774,120,97.0663,116.5054,79.1357,11.1726,120,318.4625,390.456,159.3297,68.5429,120,120,0,57.6749,73.2444,44.557,8.6298,120,81.7,83.02,80.41,0.7,120,3.4126,3.4169,3.4098,0.0016,0.5733,0.5746,0.5727,0.0005,0.7325,0.7373,0.7276,0.0025,-0.002,-0.001,-0.0024,0.0004,0.0005,0.0006,0.0005,0,0.0008,0.001,0.0007,0.0001,0.0577,0.0732,0.0446,0.0086,264.325,543,58,114.4892,0,0,0,0,447.5667,921,163,124.6213,37,41.75,47,39,23.68,23.68,23.63
2022-10-30 16:40:00,2.727,5.1964,0.992,0.8583,120,144.7791,32.7123,120,73.5135,73.7938,73.1834,0.1208,120,27.2157,27.3229,27.0574,0.0813,120,1004.8141,1004.9928,1004.7731,0.0616,120,32.6653,37.7276,27.6346,3.0954,120,62.9635,79.1357,46.8956,9.4017,120,267.0739,314.233,211.4567,29.4373,120,120,0,34.5495,44.2518,26.2459,5.3601,120,84.12,85.38,83.02,0.7,120,3.4136,3.4165,3.4129,0.001,0.5722,0.5732,0.5706,0.0008,0.7351,0.7379,0.7318,0.0012,-0.0017,-0.0013,-0.0019,0.0002,0.0004,0.0005,0.0004,0,0.0005,0.0007,0.0004,0.0001,0.0345,0.0443,0.0262,0.0054,273.5833,542,85,93.2982,0,0,0,0,412.35,681,176,94.0149,37,41.25,47,39,23.68,23.68,23.68
2022-10-30 16:50:00,2.4287,4.5432,0.8172,0.8668,120,153.8437,33.279,120,74.2444,74.8314,73.6412,0.3027,120,26.9604,27.0543,26.8834,0.0433,120,1004.9567,1005.1576,1004.7731,0.0712,120,22.3302,27.6346,17.0614,2.7868,120,32.9091,46.5294,20.1501,7.2903,120,106.818,209.9807,15.7364,68.3064,120,120,0,21.1112,25.9407,16.48,2.5877,120,86.53,87.73,85.38,0.71,120,3.4159,3.4193,3.4129,0.0012,0.5696,0.5705,0.5688,0.0004,0.7424,0.7483,0.7364,0.003,-0.0007,-0.0001,-0.0013,0.0004,0.0003,0.0004,0.0002,0,0.0003,0.0004,0.0002,0.0001,0.0211,0.0259,0.0165,0.0026,241.1583,471,66,94.2125,0,0,0,0,435.975,661,39,97.2191,37,41.5333,47,39,23.68,23.68,23.63
2022-10-30 17:00:00,2.706,5.0216,0.4124,0.9463,120,139.1389,30.2622,120,75.0819,75.5943,74.6178,0.3318,120,26.7246,26.8957,26.5661,0.1066,120,1005.0032,1005.1759,1004.7914,0.0707,120,11.2542,16.8213,5.7669,3.2325,120,11.623,20.1501,5.8619,3.9129,120,14.9533,17.7038,13.2775,1.2948,120,120,0,11.3631,16.1748,6.7141,2.8364,120,88.84,89.82,87.73,0.64,110,3.4167,3.4196,3.4132,0.0012,0.5673,0.569,0.5657,0.0011,0.7508,0.7559,0.7462,0.0033,-0.0001,-0.0001,-0.0001,0,0.0001,0.0002,0.0001,0,0.0001,0.0002,0,0,0.0114,0.0162,0.0067,0.0028,271.3,523,22,102.8632,0,0,0,0,397.6083,831,151,91.2468,37,41.3333,47,39,23.68,23.68,23.63
2022-10-30 17:10:00,2.2536,4.3592,0.486,0.9413,120,149.8324,36.7168,120,76.2576,76.8761,75.5943,0.3601,120,26.463,26.5661,26.3921,0.0447,120,1005.1839,1005.3774,1004.9745,0.0871,120,2.393,5.7669,0.2402,1.7031,120,2.4607,5.4958,0.3661,1.6214,120,13.5396,14.2604,13.2775,0.2543,120,120,0,3.7156,6.7141,1.5259,1.5183,120,None,None,None,None,0,3.4197,3.423,3.4162,0.0015,0.5646,0.5657,0.5639,0.0004,0.7626,0.7688,0.7559,0.0036,-0.0001,-0.0001,-0.0001,0,0,0.0001,0,0,0,0,0,0,0.0037,0.0067,0.0015,0.0015,222.1333,451,30,102.3136,0,0,0,0,425.55,680,219,104.0107,37,41.2333,47,39,23.68,23.68,23.63
2022-10-30 17:20:00,2.0604,3.9084,0.532,0.6992,120,155.26,29.0909,120,77.2886,77.6086,76.8761,0.1964,120,26.3774,26.4135,26.3036,0.0313,120,1005.3331,1005.5422,1005.1393,0.0683,120,0,0,0,0,120,0.0153,0.3661,0,0.0735,120,13.6297,14.2604,13.2775,0.2313,120,120,0,0.3332,1.5259,0,0.5097,120,None,None,None,None,0,3.4222,3.4257,3.419,0.0011,0.5638,0.5641,0.563,0.0003,0.7729,0.7761,0.7688,0.002,-0.0001,-0.0001,-0.0001,0,0,0,0,0,0,0,0,0,0.0003,0.0015,0,0.0005,201.1333,402,35,76.0004,0,0,0,0,439.4333,640,52,86.0165,37,41.7667,47,39,23.68,23.68,23.63
2022-10-30 17:30:00,2.689,4.5616,1.0104,0.8346,120,142.8494,28.2177,120,77.9829,78.3715,77.6391,0.1935,120,26.2141,26.3067,26.1266,0.0587,120,1005.3597,1005.5422,1005.1576,0.0758,120,0,0,0,0,120,0,0,0,0,120,13.6174,14.2604,13.2775,0.2532,120,120,0,0,0,0,0,120,None,None,None,None,0,3.4227,3.4257,3.4193,0.0013,0.5621,0.5631,0.5613,0.0006,0.7798,0.7837,0.7764,0.0019,-0.0001,-0.0001,-0.0001,0,0,0,0,0,0,0,0,0,0,0,0,0,269.4583,473,87,90.7149,0,0,0,0,406.6333,673,193,81.636,37,41.7,47,39,23.68,23.68,23.63
2022-10-30 17:40:00,2.1976,3.6876,0.4308,0.7202,120,141.8889,30.4887,120,78.6142,78.8903,78.3715,0.1253,120,26.1257,26.1449,26.1052,0.0097,120,1005.575,1005.7253,1005.3591,0.0944,120,0,0,0,0,120,0,0,0,0,120,13.6502,14.2604,13.2775,0.2384,120,120,0,0,0,0,0,120,None,None,None,None,0,3.4262,3.4288,3.4227,0.0016,0.5613,0.5615,0.5611,0.0001,0.7861,0.7889,0.7837,0.0013,-0.0001,-0.0001,-0.0001,0,0,0,0,0,0,0,0,0,0,0,0,0,216.0417,378,24,78.2826,0,0,0,0,405.0167,736,225,88.6434,37,41.2667,49,39,23.68,23.68,23.68
2022-10-30 17:50:00,2.0651,4.4604,0.44,0.8847,120,157.6695,35.0566,120,78.9839,79.0735,78.8903,0.0459,120,26.1387,26.1632,26.0961,0.0166,120,1005.7434,1005.9267,1005.5239,0.0817,120,0,0,0,0,120,0,0,0,0,120,13.6379,13.7689,13.2775,0.2182,120,120,0,0,0,0,0,120,None,None,None,None,0,3.4291,3.4321,3.4254,0.0014,0.5614,0.5616,0.561,0.0002,0.7898,0.7907,0.7889,0.0005,-0.0001,-0.0001,-0.0001,0,0,0,0,0,0,0,0,0,0,0,0,0,201.6417,462,25,96.1642,0,0,0,0,448.1833,715,163,101.4801,37,41.7,47,39,23.68,23.68,23.63
2022-10-30 18:00:00,1.9156,4.5432,0.532,0.8443,120,145.8251,36.693,120,79.3212,79.5618,79.0429,0.1419,120,26.064,26.1022,26.0472,0.0106,120,1005.8513,1005.9267,1005.6887,0.0883,120,0,0,0,0,120,0,0,0,0,120,13.6133,14.2604,13.2775,0.2547,120,120,0,0,0,0,0,120,None,None,None,None,0,3.4309,3.4321,3.4281,0.0015,0.5606,0.561,0.5605,0.0001,0.7932,0.7956,0.7904,0.0014,-0.0001,-0.0001,-0.0001,0,0,0,0,0,0,0,0,0,0,0,0,0,185.3917,471,35,91.7731,0,0,0,0,416.8667,899,6,112.6665,37,41.4833,47,41,23.68,23.68,23.63
2022-10-30 18:10:00,1.7669,3.5956,0.394,0.7021,120,137.6203,26.7144,120,79.5961,79.7449,79.4092,0.0797,120,26.041,26.0686,26.0045,0.0171,120,1005.9996,1006.1098,1005.8901,0.093,120,0,0,0,0,120,0,0,0,0,120,13.6584,14.2604,13.2775,0.2423,120,120,0,0,0,0,0,120,None,None,None,None,0,3.4333,3.4352,3.4315,0.0016,0.5604,0.5607,0.5601,0.0002,0.796,0.7974,0.7941,0.0008,-0.0001,-0.0001,-0.0001,0,0,0,0,0,0,0,0,0,0,0,0,0,169.225,368,20,76.3187,0,0,0,0,391.55,618,233,76.5166,37,41.7167,47,39,23.68,23.68,23.63
2022-10-30 18:20:00,2.0497,3.6508,0.6516,0.7258,120,137.2883,31.352,120,79.8736,80.0195,79.6838,0.0884,120,25.9825,26.0137,25.9557,0.0138,120,1006.1093,1006.2746,1005.8901,0.1179,120,0,0,0,0,120,0,0,0,0,120,13.6829,14.2604,13.2775,0.2522,120,120,0,0,0,0,0,120,None,None,None,None,0,3.4352,3.4379,3.4315,0.002,0.5598,0.5601,0.5596,0.0001,0.7987,0.8002,0.7968,0.0009,-0.0001,-0.0001,-0.0001,0,0,0,0,0,0,0,0,0,0,0,0,0,199.9667,374,48,78.8889,0,0,0,0,391.0417,733,5,93.8477,37,41.6,47,41,23.68,23.68,23.68
2022-10-30 18:30:00,2.421,4.5064,0.7068,0.8867,120,142.0977,25.913,120,80.1503,80.2942,79.989,0.0822,120,25.9693,25.9984,25.9557,0.0085,120,1006.2801,1006.476,1006.0549,0.0494,120,0,0,0,0,120,0,0,0,0,120,13.7566,14.2604,13.2775,0.2249,120,120,0,0,0,0,0,120,None,None,None,None,0,3.438,3.4413,3.4342,0.0008,0.5597,0.56,0.5596,0.0001,0.8015,0.8029,0.7999,0.0008,-0.0001,-0.0001,-0.0001,0,0,0,0,0,0,0,0,0,0,0,0,0,240.325,467,54,96.3788,0,0,0,0,404.3083,623,214,74.6556,37,41.6333,47,39,23.68,23.68,23.63
2022-10-30 18:40:00,2.0504,3.4392,0.808,0.5867,120,138.796,27.504,120,80.2703,80.3552,80.1721,0.0392,120,25.9896,26.0076,25.974,0.0084,120,1006.2995,1006.476,1006.2563,0.0703,120,0,0,0,0,120,0,0,0,0,120,13.7157,14.2604,13.2775,0.2093,120,120,0,0,0,0,0,120,None,None,None,None,0,3.4383,3.4413,3.4376,0.0012,0.5599,0.5601,0.5597,0.0001,0.8027,0.8036,0.8017,0.0004,-0.0001,-0.0001,-0.0001,0,0,0,0,0,0,0,0,0,0,0,0,0,200.0417,351,65,63.7671,0,0,0,0,399.4667,981,177,90.7467,36.2,41.3667,47,39,23.68,23.68,23.63
2022-10-30 18:50:00,2.0027,3.8992,0.5688,0.7996,120,149.5557,30.3314,120,80.325,80.4468,80.2026,0.0639,120,25.9725,25.9954,25.9465,0.0128,120,1006.345,1006.476,1006.2563,0.0951,120,0,0,0,0,120,0,0,0,0,120,13.7075,14.2604,13.2775,0.2258,120,120,0,0,0,0,0,120,None,None,None,None,0,3.4391,3.4413,3.4376,0.0016,0.5597,0.5599,0.5595,0.0001,0.8032,0.8045,0.802,0.0006,-0.0001,-0.0001,-0.0001,0,0,0,0,0,0,0,0,0,0,0,0,0,194.8583,401,39,86.9156,0,0,0,0,429.0083,900,279,91.9433,36,41.4,47,39,23.68,23.68,23.63
2022-10-30 19:00:00,2.083,4.9296,0.578,0.6898,120,130.4019,32.4673,120,80.2609,80.4163,80.1416,0.0534,120,25.9759,25.9923,25.9587,0.0081,120,1006.3883,1006.6408,1006.2563,0.0939,120,0,0,0,0,120,0,0,0,0,120,13.6911,14.2604,13.2775,0.2014,120,120,0,0,0,0,0,120,None,None,None,None,0,3.4398,3.444,3.4376,0.0016,0.5598,0.5599,0.5596,0.0001,0.8026,0.8042,0.8014,0.0005,-0.0001,-0.0001,-0.0001,0,0,0,0,0,0,0,0,0,0,0,0,0,203.5917,513,40,74.9777,0,0,0,0,369.575,659,48,94.2005,36,41.6667,47,39,23.68,23.68,23.63
2022-10-30 19:10:00,1.8609,5.3712,0.4032,0.8234,120,130.2979,34.0096,120,80.0785,80.2332,79.8669,0.0863,120,25.9741,25.9923,25.9587,0.0059,120,1006.3947,1006.476,1006.238,0.088,120,0,0,0,0,120,0,0,0,0,120,13.6788,14.2604,13.2775,0.2206,120,120,0,0,0,0,0,120,None,None,None,None,0,3.4399,3.4413,3.4373,0.0015,0.5597,0.5599,0.5596,0.0001,0.8008,0.8023,0.7987,0.0009,-0.0001,-0.0001,-0.0001,0,0,0,0,0,0,0,0,0,0,0,0,0,179.45,561,21,89.4972,0,0,0,0,369.6,608,66,98.1492,36,41.6167,47,39,23.68,23.68,23.63
2022-10-30 19:20:00,2.2228,5.132,0.8724,0.8748,120,116.5122,31.333,120,79.7718,79.8975,79.5923,0.0759,120,25.8994,25.9679,25.8367,0.0412,120,1006.3961,1006.6408,1006.238,0.0971,120,0,0,0,0,120,0,0,0,0,120,13.6788,14.2604,13.2775,0.2296,120,120,0,0,0,0,0,120,None,None,None,None,0,3.4399,3.444,3.4373,0.0016,0.559,0.5597,0.5584,0.0004,0.7977,0.799,0.7959,0.0008,-0.0001,-0.0001,-0.0001,0,0,0,0,0,0,0,0,0,0,0,0,0,218.7833,535,72,95.0825,0,0,0,0,331.375,537,145,89.3727,36,41.8,47,39,23.68,23.68,23.63
2022-10-30 19:30:00,2.069,4.258,0.4216,0.6985,120,127.7432,25.6984,120,79.5796,79.8059,79.4092,0.1051,120,25.8907,25.9313,25.855,0.0179,120,1006.4898,1006.6591,1006.4211,0.0823,120,0,0,0,0,120,0,0,0,0,120,13.7239,14.2604,13.2775,0.2297,120,120,0,0,0,0,0,120,None,None,None,None,0,3.4415,3.4443,3.4404,0.0014,0.5589,0.5593,0.5585,0.0002,0.7958,0.7981,0.7941,0.0011,-0.0001,-0.0001,-0.0001,0,0,0,0,0,0,0,0,0,0,0,0,0,202.0667,440,23,75.9262,0,0,0,0,363.0583,570,166,73.9946,36,41.3833,47,39,23.68,23.68,23.63
2022-10-30 19:40:00,2.0126,4.2304,0.7896,0.7467,120,121.999,27.858,120,79.1136,79.4092,78.8903,0.1392,120,25.927,25.9435,25.9007,0.0098,120,1006.5557,1006.6408,1006.4211,0.0951,120,0,0,0,0,120,0,0,0,0,120,13.7239,14.2604,13.2775,0.2014,120,120,0,0,0,0,0,120,None,None,None,None,0,3.4426,3.444,3.4404,0.0016,0.5593,0.5594,0.559,0.0001,0.7911,0.7941,0.7889,0.0014,-0.0001,-0.0001,-0.0001,0,0,0,0,0,0,0,0,0,0,0,0,0,195.9333,437,63,81.1594,0,0,0,0,344.5667,524,88,80.2335,36,41.3167,47,39,23.68,23.68,23.63
2022-10-30 19:50:00,2.009,4.2212,0.8172,0.6507,120,124.3332,34.2383,120,78.692,78.9514,78.4631,0.1179,120,25.8763,25.9191,25.8458,0.0187,120,1006.6712,1006.8239,1006.4394,0.0832,120,0,0,0,0,120,0,0,0,0,120,13.6543,14.2604,13.2775,0.2361,120,120,0,0,0,0,0,120,None,None,None,None,0,3.4445,3.4471,3.4407,0.0014,0.5588,0.5592,0.5585,0.0002,0.7869,0.7895,0.7846,0.0012,-0.0001,-0.0001,-0.0001,0,0,0,0,0,0,0,0,0,0,0,0,0,195.5417,436,66,70.7329,0,0,0,0,356.8833,700,75,100.3899,36,41.8833,47,41,23.68,23.68,23.63
2022-10-30 20:00:00,1.8923,3.1908,0.6056,0.5502,120,137.812,29.5167,120,78.327,78.5241,78.1274,0.1099,120,25.8413,25.855,25.8275,0.006,120,1006.8213,1007.0254,1006.6225,0.0855,120,0,0,0,0,120,0,0,0,0,120,13.6051,14.2604,13.2775,0.2412,120,120,0,0,0,0,0,120,None,None,None,None,0,3.447,3.4504,3.4437,0.0014,0.5584,0.5585,0.5583,0.0001,0.7833,0.7852,0.7813,0.0011,-0.0001,-0.0001,-0.0001,0,0,0,0,0,0,0,0,0,0,0,0,0,182.8583,324,43,59.8055,0,0,0,0,389.5333,602,33,86.4836,36,41.6667,47,39,23.68,23.68,23.63
2022-10-30 20:10:00,1.7153,3.6968,0.348,0.6929,120,131.2137,38.2692,120,77.9951,78.1579,77.9138,0.0723,120,25.824,25.8458,25.8031,0.0123,120,1006.8517,1007.0254,1006.6408,0.0716,120,0,0,0,0,120,0,0,0,0,120,13.5601,14.2604,13.2775,0.2601,120,120,0,0,0,0,0,120,None,None,None,None,0,3.4475,3.4504,3.444,0.0012,0.5582,0.5585,0.558,0.0001,0.78,0.7816,0.7791,0.0007,-0.0001,-0.0001,-0.0001,0,0,0,0,0,0,0,0,0,0,0,0,0,163.6167,379,15,75.3143,0,0,0,0,377.0417,706,123,109.9725,36,41.8,47,39,23.68,23.68,23.63
2022-10-30 20:20:00,1.6686,3.0252,0.4768,0.6064,120,138.9275,32.8628,120,77.8512,77.9443,77.7917,0.0393,120,25.7837,25.8122,25.7543,0.0156,120,1006.8892,1007.0254,1006.8056,0.0897,120,0,0,0,0,120,0,0,0,0,120,13.5642,14.2604,13.2775,0.2515,120,120,0,0,0,0,0,120,None,None,None,None,0,3.4482,3.4504,3.4468,0.0015,0.5578,0.5581,0.5575,0.0002,0.7785,0.7794,0.7779,0.0004,-0.0001,-0.0001,-0.0001,0,0,0,0,0,0,0,0,0,0,0,0,0,158.5417,306,29,65.9182,0,0,0,0,391.125,612,99,95.3682,35,41.4,47,39,23.68,23.68,23.63
2022-10-30 20:30:00,1.4673,2.7216,0.5872,0.4884,120,122.0045,33.3727,120,77.8044,77.8527,77.7612,0.0229,120,25.7241,25.7665,25.6932,0.0204,120,1006.8819,1007.0254,1006.6225,0.1014,120,0,0,0,0,120,0,0,0,0,120,13.5396,13.7689,13.2775,0.2462,120,120,0,0,0,0,0,120,None,None,None,None,0,3.448,3.4504,3.4437,0.0017,0.5572,0.5577,0.5569,0.0002,0.778,0.7785,0.7776,0.0002,-0.0001,-0.0001,-0.0001,0,0,0,0,0,0,0,0,0,0,0,0,0,136.6583,273,41,53.0859,0,0,0,0,345.7333,564,81,95.3213,35,41.4333,47,39,23.68,23.68,23.63
2022-10-30 20:40:00,1.3033,2.7768,0.3388,0.5139,120,120.9549,34.7398,120,77.8077,77.8527,77.7612,0.0231,120,25.66,25.7054,25.6047,0.0277,120,1006.744,1006.8422,1006.6225,0.0933,120,0,0,0,0,120,0,0,0,0,120,13.4659,13.7689,13.2775,0.2399,120,120,0,0,0,0,0,120,None,None,None,None,0,3.4457,3.4474,3.4437,0.0016,0.5566,0.5571,0.5561,0.0003,0.7781,0.7785,0.7776,0.0002,-0.0001,-0.0001,-0.0001,0,0,0,0,0,0,0,0,0,0,0,0,0,118.8333,279,14,55.8636,0,0,0,0,342.0833,616,14,101.3128,35,41.2333,45,39,23.68,23.68,23.63
2022-10-30 20:50:00,1.3897,2.5652,0.3848,0.5252,120,115.7323,36.1543,120,77.8583,77.9443,77.7917,0.0446,120,25.5751,25.6139,25.5528,0.0137,120,1006.7435,1006.8422,1006.6225,0.0927,120,0,0,0,0,120,0,0,0,0,120,13.4986,13.7689,13.2775,0.2455,120,120,0,0,0,0,0,120,None,None,None,None,0,3.4457,3.4474,3.4437,0.0015,0.5557,0.5561,0.5555,0.0001,0.7786,0.7794,0.7779,0.0004,-0.0001,-0.0001,-0.0001,0,0,0,0,0,0,0,0,0,0,0,0,0,128.2333,256,19,57.0836,0,0,0,0,332.525,591,28,104.2813,35,41.6667,47,39,23.68,23.68,23.63
2022-10-30 21:00:00,1.5516,2.6756,0.5228,0.4645,120,115.4367,28.2563,120,77.9384,78.0053,77.8527,0.0305,120,25.5511,25.562,25.5345,0.0048,120,1006.7719,1007.0071,1006.6042,0.0955,120,0,0,0,0,120,0,0,0,0,120,13.5928,13.7689,13.2775,0.2366,120,120,0,0,0,0,0,120,None,None,None,None,0,3.4462,3.4501,3.4434,0.0016,0.5555,0.5556,0.5554,0.0001,0.7794,0.7801,0.7785,0.0003,-0.0001,-0.0001,-0.0001,0,0,0,0,0,0,0,0,0,0,0,0,0,145.825,268,34,50.4853,0,0,0,0,328.975,545,141,81.1776,35,41.6167,47,39,23.68,23.68,23.63
2022-10-30 21:10:00,1.4203,3.1632,0.5596,0.4545,120,117.7413,32.6005,120,78.0582,78.1579,77.9748,0.0647,120,25.5357,25.5528,25.5162,0.0076,120,1006.9205,1007.0254,1006.7873,0.0935,120,0,0,0,0,120,0,0,0,0,120,13.4863,13.7689,12.786,0.2522,120,120,0,0,0,0,0,120,None,None,None,None,0,3.4487,3.4504,3.4465,0.0016,0.5554,0.5555,0.5552,0.0001,0.7806,0.7816,0.7797,0.0006,-0.0001,-0.0001,-0.0001,0,0,0,0,0,0,0,0,0,0,0,0,0,131.5583,321,38,49.4018,0,0,0,0,337.4167,674,147,94.2436,35,41.5833,47,39,23.68,23.68,23.63
2022-10-30 21:20:00,1.6349,2.6112,0.5136,0.4527,120,111.9807,26.2714,120,78.2456,78.3105,78.1274,0.0515,120,25.5373,25.565,25.5193,0.0106,120,1007.0109,1007.2085,1006.8056,0.0695,120,0,0,0,0,120,0,0,0,0,120,13.6092,13.7689,13.2775,0.2312,120,120,0,0,0,0,0,120,None,None,None,None,0,3.4502,3.4535,3.4468,0.0012,0.5554,0.5556,0.5552,0.0001,0.7825,0.7831,0.7813,0.0005,-0.0001,-0.0001,-0.0001,0,0,0,0,0,0,0,0,0,0,0,0,0,154.8833,261,33,49.2075,0,0,0,0,319.9583,572,166,76.213,35,41.5,47,39,23.68,23.68,23.63
2022-10-30 21:30:00,1.4703,2.8044,0.4676,0.5087,120,107.9042,35.5536,120,78.3049,78.3715,78.2495,0.0253,120,25.5526,25.5711,25.5254,0.01,120,1007.0983,1007.2085,1006.9887,0.0936,120,0,0,0,0,120,0,0,0,0,120,13.5273,14.2604,13.2775,0.2627,120,120,0,0,0,0,0,120,None,None,None,None,0,3.4516,3.4535,3.4498,0.0016,0.5555,0.5557,0.5553,0.0001,0.783,0.7837,0.7825,0.0003,-0.0001,-0.0001,-0.0001,0,0,0,0,0,0,0,0,0,0,0,0,0,136.9917,282,28,55.2921,0,0,0,0,331.1833,1021,111,138.1077,35,42.2333,47,39,23.67,23.68,23.63
2022-10-30 21:40:00,1.5846,2.5928,0.486,0.4838,120,120.7972,26.0724,120,78.4717,78.5852,78.3715,0.0706,120,25.5464,25.5773,25.5284,0.0124,120,1007.0104,1007.1902,1006.9887,0.0446,120,0,0,0,0,120,0,0,0,0,120,13.6051,14.2604,13.2775,0.2412,120,120,0,0,0,0,0,120,None,None,None,None,0,3.4502,3.4532,3.4498,0.0007,0.5555,0.5558,0.5553,0.0001,0.7847,0.7859,0.7837,0.0007,-0.0001,-0.0001,-0.0001,0,0,0,0,0,0,0,0,0,0,0,0,0,149.4167,259,30,52.5838,0,0,0,0,350.1167,1005,168,92.3524,35,41.7833,47,39,23.68,23.68,23.63
2022-10-30 21:50:00,1.4377,2.6204,0.6516,0.505,120,110.3466,31.3503,120,78.5557,78.6157,78.4936,0.0309,120,25.5991,25.623,25.5742,0.0138,120,1007.0385,1007.1902,1006.9887,0.0768,120,0,0,0,0,120,0,0,0,0,120,13.5191,13.7689,13.2775,0.2467,120,120,0,0,0,0,0,120,None,None,None,None,0,3.4506,3.4532,3.4498,0.0013,0.556,0.5562,0.5557,0.0001,0.7856,0.7862,0.7849,0.0003,-0.0001,-0.0001,-0.0001,0,0,0,0,0,0,0,0,0,0,0,0,0,133.4417,262,48,54.8939,0,0,0,0,326.15,952,1,115.6909,35,41.7167,47,39,23.67,23.68,23.63
2022-10-30 22:00:00,1.194,2.4824,0.4676,0.4436,120,122.1143,34.8318,120,78.5981,78.7072,78.4936,0.042,120,25.5984,25.6169,25.5803,0.0071,120,1007.0113,1007.1902,1006.9704,0.0518,120,0,0,0,0,120,0,0,0,0,120,13.4904,13.7689,13.2775,0.2446,120,120,0,0,0,0,0,120,None,None,None,None,0,3.4502,3.4532,3.4495,0.0009,0.556,0.5562,0.5558,0.0001,0.786,0.7871,0.7849,0.0004,-0.0001,-0.0001,-0.0001,0,0,0,0,0,0,0,0,0,0,0,0,0,106.9583,247,28,48.2205,0,0,0,0,348.4333,841,17,106.9919,35,41.4833,47,39,23.67,23.68,23.63
2022-10-30 22:10:00,1.4118,3.2552,0.4676,0.6289,120,128.3679,32.331,120,78.737,78.8293,78.6462,0.0496,120,25.6181,25.6505,25.5834,0.0198,120,1006.9684,1007.1902,1006.7873,0.0724,120,0,0,0,0,120,0,0,0,0,120,13.5355,13.7689,12.786,0.2546,120,120,0,0,0,0,0,120,None,None,None,None,0,3.4495,3.4532,3.4465,0.0012,0.5562,0.5565,0.5558,0.0002,0.7874,0.7883,0.7865,0.0005,-0.0001,-0.0001,-0.0001,0,0,0,0,0,0,0,0,0,0,0,0,0,130.6333,331,28,68.3577,0,0,0,0,373.2,920,162,103.7361,35,41.6667,47,39,23.67,23.68,23.63
2022-10-30 22:20:00,1.122,2.1788,0.2284,0.4445,120,137.8146,32.6219,120,78.7426,78.7988,78.6462,0.0405,120,25.602,25.6444,25.5681,0.0159,120,1006.8551,1007.0071,1006.7873,0.088,120,0,0,0,0,120,0,0,0,0,120,13.4782,13.7689,13.2775,0.2426,120,120,0,0,0,0,0,120,None,None,None,None,0,3.4476,3.4501,3.4465,0.0015,0.556,0.5564,0.5557,0.0002,0.7874,0.788,0.7865,0.0004,-0.0001,-0.0001,-0.0001,0,0,0,0,0,0,0,0,0,0,0,0,0,99.125,214,2,48.3206,0,0,0,0,394.25,790,135,95.9726,34,41.3833,47,39,23.67,23.68,23.63
2022-10-30 22:30:00,1.4213,2.8044,0.3664,0.5534,120,119.7418,41.0445,120,78.8041,78.8293,78.7378,0.0261,120,25.5462,25.5864,25.4857,0.0276,120,1006.8119,1007.0071,1006.769,0.0539,120,0,0,0,0,120,0,0,0,0,120,13.4863,14.2604,13.2775,0.2522,120,120,0,0,0,0,0,120,None,None,None,None,0,3.4469,3.4501,3.4462,0.0009,0.5555,0.5559,0.5549,0.0003,0.788,0.7883,0.7874,0.0003,-0.0001,-0.0001,-0.0001,0,0,0,0,0,0,0,0,0,0,0,0,0,131.6583,282,17,60.1576,0,0,0,0,349.6833,926,39,125.1042,34,41.8,47,39,23.67,23.68,23.63
2022-10-30 22:40:00,1.4788,3.1448,0.6608,0.4363,120,127.1563,27.1795,120,78.8105,78.8598,78.7378,0.0388,120,25.4604,25.4949,25.4186,0.0181,120,1006.834,1007.0071,1006.6042,0.1232,120,0,0,0,0,120,0,0,0,0,120,13.5109,13.7689,13.2775,0.2465,120,120,0,0,0,0,0,120,None,None,None,None,0,3.4472,3.4501,3.4434,0.0021,0.5546,0.555,0.5542,0.0002,0.7881,0.7886,0.7874,0.0004,-0.0001,-0.0001,-0.0001,0,0,0,0,0,0,0,0,0,0,0,0,0,137.9083,319,49,47.4203,0,0,0,0,360.5417,526,194,77.4937,34,41.5833,47,39,23.67,23.68,23.63
2022-10-30 22:50:00,1.371,2.372,0.532,0.3897,120,119.0309,28.6372,120,78.6655,78.7683,78.4936,0.0796,120,25.4123,25.4369,25.3819,0.0127,120,1006.6973,1006.8056,1006.5676,0.0972,120,0,0,0,0,120,0,0,0,0,120,13.47,13.7689,13.2775,0.2409,120,120,0,0,0,0,0,120,None,None,None,None,0,3.445,3.4468,3.4428,0.0016,0.5541,0.5544,0.5538,0.0001,0.7867,0.7877,0.7849,0.0008,-0.0001,-0.0001,-0.0001,0,0,0,0,0,0,0,0,0,0,0,0,0,126.2,235,35,42.356,0,0,0,0,336.9583,524,118,82.0286,34,42.0333,49,39,23.67,23.68,23.63
2022-10-30 23:00:00,1.3369,3.43,0.3388,0.6393,120,131.7694,35.5338,120,78.4379,78.5546,78.3105,0.0848,120,25.3765,25.3941,25.3575,0.0077,120,1006.6065,1006.8056,1006.3845,0.0415,120,0,0,0,0,120,0,0,0,0,120,13.4659,14.2604,13.2775,0.2483,120,120,0,0,0,0,0,120,None,None,None,None,0,3.4434,3.4468,3.4397,0.0007,0.5538,0.5539,0.5536,0.0001,0.7844,0.7855,0.7831,0.0008,-0.0001,-0.0001,-0.0001,0,0,0,0,0,0,0,0,0,0,0,0,0,122.4917,350,14,69.4889,0,0,0,0,383.5667,863,137,110.0712,34,41.8667,47,39,23.67,23.68,23.63
2022-10-30 23:10:00,1.0814,2.0316,0.5136,0.3304,120,127.4857,33.0915,120,78.2629,78.3715,78.1884,0.0403,120,25.3509,25.3728,25.3239,0.0122,120,1006.5723,1006.8056,1006.3845,0.0934,120,0,0,0,0,120,0,0,0,0,120,13.4863,13.7689,12.786,0.2522,120,120,0,0,0,0,0,120,None,None,None,None,0,3.4429,3.4468,3.4397,0.0016,0.5535,0.5537,0.5532,0.0001,0.7826,0.7837,0.7819,0.0004,-0.0001,-0.0001,-0.0001,0,0,0,0,0,0,0,0,0,0,0,0,0,94.7167,198,33,35.911,0,0,0,0,365.9667,887,78,101.9398,34,41.6667,47,39,23.67,23.68,23.63
2022-10-30 23:20:00,1.2945,2.7216,0.5872,0.4468,120,139.2032,26.3723,120,78.3029,78.3715,78.2189,0.0496,120,25.3472,25.3819,25.327,0.0145,120,1006.5603,1006.6225,1006.4028,0.077,120,0,0,0,0,120,0,0,0,0,120,13.515,13.7689,13.2775,0.2466,120,120,0,0,0,0,0,120,None,None,None,None,0,3.4427,3.4437,3.44,0.0013,0.5535,0.5538,0.5533,0.0001,0.783,0.7837,0.7822,0.0005,-0.0001,-0.0001,-0.0001,0,0,0,0,0,0,0,0,0,0,0,0,0,117.8833,273,41,48.5605,0,0,0,0,395.1583,596,238,75.3528,34,42.0667,47,39,23.66,23.68,23.63
2022-10-30 23:30:00,1.5956,2.97,0.3756,0.4882,120,129.0148,30.2287,120,78.4115,78.5241,78.341,0.0429,120,25.3798,25.3911,25.3697,0.0053,120,1006.3976,1006.6225,1006.2014,0.1156,120,0,0,0,0,120,0,0,0,0,120,13.5437,13.7689,13.2775,0.2459,120,120,0,0,0,0,0,120,None,None,None,None,0,3.44,3.4437,3.4367,0.0019,0.5538,0.5539,0.5537,0.0001,0.7841,0.7852,0.7834,0.0004,-0.0001,-0.0001,-0.0001,0,0,0,0,0,0,0,0,0,0,0,0,0,150.6083,300,18,53.0611,0,0,0,0,368.375,592,212,86.8596,34,41.5,47,39,23.67,23.68,23.63
2022-10-30 23:40:00,1.6503,3.1724,0.394,0.5645,120,123.0794,32.3633,120,78.6416,78.7683,78.4936,0.0862,120,25.3701,25.3819,25.3545,0.0057,120,1006.2284,1006.4394,1006.0182,0.0944,120,0,0,0,0,120,0,0,0,0,120,13.5232,14.2604,13.2775,0.2549,120,120,0,0,0,0,0,120,None,None,None,None,0,3.4371,3.4407,3.4336,0.0016,0.5537,0.5538,0.5535,0.0001,0.7864,0.7877,0.7849,0.0009,-0.0001,-0.0001,-0.0001,0,0,0,0,0,0,0,0,0,0,0,0,0,156.55,322,20,61.3535,0,0,0,0,357.575,1003,129,106.4314,34,41.7,47,41,23.66,23.68,23.63
2022-10-30 23:50:00,1.1911,2.1696,0.4584,0.3798,120,124.0389,30.0127,120,78.9234,79.104,78.7378,0.1128,120,25.3322,25.3697,25.2934,0.0193,120,1006.1277,1006.238,1006.0182,0.0929,120,0,0,0,0,120,0,0,0,0,120,13.3962,13.7689,12.786,0.2297,120,120,0,0,0,0,0,120,None,None,None,None,0,3.4355,3.4373,3.4336,0.0015,0.5533,0.5537,0.5529,0.0002,0.7892,0.791,0.7874,0.0011,-0.0001,-0.0001,-0.0001,0,0,0,0,0,0,0,0,0,0,0,0,0,106.6417,213,27,41.2803,0,0,0,0,356.9583,995,19,101.5418,34,43.4583,76,11,23.65,23.68,23.63
