datetime,Anemometer;wind_speed;Avg (m/s),Anemometer;wind_speed;Max (m/s),Anemometer;wind_speed;Min (m/s),Anemometer;wind_speed;StdDev (m/s),Anemometer;wind_speed;Count (),Wind Vane TMR;wind_direction;Avg (°),Wind Vane TMR;wind_direction;StdDev (°),Wind Vane TMR;wind_direction;Count (),Hygro/Thermo;humidity;Avg (%),Hygro/Thermo;humidity;Max (%),Hygro/Thermo;humidity;Min (%),Hygro/Thermo;humidity;StdDev (%),Hygro/Thermo;humidity;Count (),Hygro/Thermo;temperature;Avg (°C),Hygro/Thermo;temperature;Max (°C),Hygro/Thermo;temperature;Min (°C),Hygro/Thermo;temperature;StdDev (°C),Hygro/Thermo;temperature;Count (),Barometer;air_pressure;Avg (hPa),Barometer;air_pressure;Max (hPa),Barometer;air_pressure;Min (hPa),Barometer;air_pressure;StdDev (hPa),Barometer;air_pressure;Count (),DHI (Diffuse Horizontal Irradiance);solar_irradiance;Avg (W/m²),DHI (Diffuse Horizontal Irradiance);solar_irradiance;Max (W/m²),DHI (Diffuse Horizontal Irradiance);solar_irradiance;Min (W/m²),DHI (Diffuse Horizontal Irradiance);solar_irradiance;StdDev (W/m²),DHI (Diffuse Horizontal Irradiance);solar_irradiance;Count (),GHI (Global Horizontal Irradiance);solar_irradiance;Avg (W/m²),GHI (Global Horizontal Irradiance);solar_irradiance;Max (W/m²),GHI (Global Horizontal Irradiance);solar_irradiance;Min (W/m²),GHI (Global Horizontal Irradiance);solar_irradiance;StdDev (W/m²),GHI (Global Horizontal Irradiance);solar_irradiance;Count (),DNI (Direct Normal Irradiance) Pyrheliometer;solar_DNI;Avg (W/m²),DNI (Direct Normal Irradiance) Pyrheliometer;solar_DNI;Max (W/m²),DNI (Direct Normal Irradiance) Pyrheliometer;solar_DNI;Min (W/m²),DNI (Direct Normal Irradiance) Pyrheliometer;solar_DNI;StdDev (W/m²),DNI (Direct Normal Irradiance) Pyrheliometer;solar_DNI;Count (),Precipitation;precipitation;Count (),Precipitation;precipitation;Sum (mm),GTI (Global Tilt Irradiance) PV Cell;voltage;Avg (W/m2),GTI (Global Tilt Irradiance) PV Cell;voltage;Max (W/m2),GTI (Global Tilt Irradiance) PV Cell;voltage;Min (W/m2),GTI (Global Tilt Irradiance) PV Cell;voltage;StdDev (W/m2),GTI (Global Tilt Irradiance) PV Cell;voltage;Count (),Theta;other;Avg (°),Theta;other;Max (°),Theta;other;Min (°),Theta;other;StdDev (°),Theta;other;Count (),A1;channel;Avg (V),A1;channel;Max (V),A1;channel;Min (V),A1;channel;StdDev (V),A2;channel;Avg (V),A2;channel;Max (V),A2;channel;Min (V),A2;channel;StdDev (V),A3;channel;Avg (V),A3;channel;Max (V),A3;channel;Min (V),A3;channel;StdDev (V),A4;channel;Avg (V),A4;channel;Max (V),A4;channel;Min (V),A4;channel;StdDev (V),A5;channel;Avg (V),A5;channel;Max (V),A5;channel;Min (V),A5;channel;StdDev (V),A6;channel;Avg (V),A6;channel;Max (V),A6;channel;Min (V),A6;channel;StdDev (V),A7;channel;Avg (V),A7;channel;Max (V),A7;channel;Min (V),A7;channel;StdDev (V),C1;channel;Avg (I),C1;channel;Max (I),C1;channel;Min (I),C1;channel;StdDev (I),C2;channel;Avg (I),C2;channel;Max (I),C2;channel;Min (I),C2;channel;StdDev (I),D1;channel;Avg (),D1;channel;Max (),D1;channel;Min (),D1;channel;StdDev (),T;channel;Avg (°C),I;channel;Avg (mA),I;channel;Max (mA),I;channel;Min (mA),V;channel;Avg (V),V;channel;Max (V),V;channel;Min (V)
2022-11-06 00:00:00,1.7208,3.0896,0.5136,0.5813,120,108.0362,36.444,120,82.1874,82.3084,82.0948,0.0489,120,26.1357,26.1876,26.0869,0.0227,120,1007.4368,1007.5747,1007.3733,0.0738,120,0,0,0,0,120,0,0,0,0,120,13.8263,14.2604,13.2775,0.1823,120,120,0,0,0,0,0,120,None,None,None,None,0,3.4573,3.4596,3.4562,0.0012,0.5614,0.5619,0.5609,0.0002,0.8219,0.8231,0.8209,0.0005,-0.0001,-0.0001,-0.0001,0,0,0,0,0,0,0,0,0,0,0,0,0,164.2167,313,33,63.19,0,0,0,0,316.625,930,61,115.45,36,47.9833,49,45,23.67,23.68,23.63
2022-11-06 00:10:00,1.9622,3.5312,0.5964,0.7153,120,105.556,28.7381,120,82.3545,82.4305,82.2169,0.0485,120,26.179,26.2273,26.093,0.0335,120,1007.4024,1007.5564,1007.1902,0.0564,120,0,0,0,0,120,0,0,0,0,120,13.8304,14.2604,13.2775,0.2071,120,120,0,0,0,0,0,120,None,None,None,None,0,3.4567,3.4593,3.4532,0.0009,0.5618,0.5623,0.5609,0.0003,0.8235,0.8243,0.8222,0.0005,-0.0001,-0.0001,-0.0001,0,0,0,0,0,0,0,0,0,0,0,0,0,190.4583,361,42,77.7536,0,0,0,0,299.675,568,34,83.9599,36,48.7333,53,47,23.67,23.68,23.63
2022-11-06 00:20:00,2.1078,3.4392,0.716,0.6233,120,94.8019,23.4396,120,82.3941,82.5526,82.2779,0.0594,120,26.2057,26.2609,26.1419,0.0253,120,1007.2008,1007.4099,1006.9887,0.1068,120,0,0,0,0,120,0,0,0,0,120,13.8058,14.2604,13.2775,0.2312,120,120,0,0,0,0,0,120,None,None,None,None,0,3.4533,3.4568,3.4498,0.0018,0.5621,0.5626,0.5614,0.0003,0.8239,0.8255,0.8228,0.0006,-0.0001,-0.0001,-0.0001,0,0,0,0,0,0,0,0,0,0,0,0,0,206.2833,351,55,67.7448,0,0,0,0,268.7167,494,4,68.4253,36,47.3333,49,41,23.67,23.68,23.63
2022-11-06 00:30:00,1.5301,3.2092,0.5688,0.5802,120,111.1779,31.284,120,82.6373,82.7967,82.5221,0.0642,120,26.228,26.2883,26.1846,0.0221,120,1007.1598,1007.2268,1007.0071,0.0795,120,0,0,0,0,120,0,0,0,0,120,13.9,14.2604,13.2775,0.2274,120,120,0,0,0,0,0,120,None,None,None,None,0,3.4527,3.4538,3.4501,0.0013,0.5623,0.5629,0.5618,0.0002,0.8264,0.828,0.8252,0.0006,-0.0001,-0.0001,-0.0001,0,0,0,0,0,0,0,0,0,0,0,0,0,143.4917,326,39,63.0631,0,0,0,0,327.5,994,8,112.2169,36,46.45,49,39,23.67,23.68,23.63
2022-11-06 00:40:00,1.7703,3.3196,0.5872,0.6459,120,97.8082,41.0073,120,82.8066,82.9798,82.5221,0.1161,120,26.237,26.2944,26.1724,0.0228,120,1007.0325,1007.2085,1006.8239,0.078,120,0,0,0,0,120,0,0,0,0,120,13.8467,14.2604,13.2775,0.2548,120,120,0,0,0,0,0,120,None,None,None,None,0,3.4505,3.4535,3.4471,0.0013,0.5624,0.5629,0.5617,0.0002,0.8281,0.8298,0.8252,0.0012,-0.0001,-0.0001,-0.0001,0,0,0,0,0,0,0,0,0,0,0,0,0,169.6,338,41,70.2062,0,0,0,0,299.0583,995,18,144.1503,36,46.2333,49,41,23.67,23.68,23.63
2022-11-06 00:50:00,1.7571,3.9636,0.5044,0.7135,120,102.0365,36.8834,120,83.0383,83.1935,82.8272,0.0899,120,26.2357,26.2853,26.1846,0.0209,120,1007.0075,1007.2085,1006.8239,0.0555,120,0.002,0.2402,0,0.0219,120,0,0,0,0,120,13.8222,14.2604,13.2775,0.2093,120,120,0,0,0,0,0,120,None,None,None,None,0,3.4501,3.4535,3.4471,0.0009,0.5624,0.5628,0.5618,0.0002,0.8304,0.8319,0.8283,0.0009,-0.0001,-0.0001,-0.0001,0,0,0,0,0,0,0,0,0,0,0,0,0,168.1667,408,32,77.5586,0,0,0,0,296.7,754,11,111.3077,36,46.4167,47,41,23.67,23.68,23.63
2022-11-06 01:00:00,1.6842,2.8964,0.716,0.5495,120,111.5658,27.6551,120,83.1919,83.3155,83.0714,0.0573,120,26.1966,26.27,26.1174,0.0323,120,1006.9221,1007.0254,1006.6408,0.0992,120,0,0,0,0,120,0,0,0,0,120,13.7771,14.2604,13.2775,0.2112,120,120,0,0,0,0,0,120,None,None,None,None,0,3.4487,3.4504,3.444,0.0017,0.562,0.5627,0.5612,0.0003,0.8319,0.8332,0.8307,0.0006,-0.0001,-0.0001,-0.0001,0,0,0,0,0,0,0,0,0,0,0,0,0,160.2417,292,55,59.723,0,0,0,0,316.4583,536,56,79.9967,36,46.3,49,41,23.67,23.68,23.63
2022-11-06 01:10:00,1.9438,4.534,0.7712,0.6947,120,99.9414,26.0808,120,83.3132,83.4986,83.1324,0.0963,120,26.0997,26.1754,26.0167,0.0362,120,1006.8354,1007.0254,1006.6225,0.0664,120,0,0,0,0,120,0,0,0,0,120,13.7485,14.2604,13.2775,0.1611,120,120,0,0,0,0,0,120,None,None,None,None,0,3.4473,3.4504,3.4437,0.0011,0.561,0.5617,0.5602,0.0004,0.8331,0.835,0.8313,0.001,-0.0001,-0.0001,-0.0001,0,0,0,0,0,0,0,0,0,0,0,0,0,188.4583,470,61,75.5055,0,0,0,0,284.9667,584,73,76.4364,36,46.4167,49,41,23.66,23.68,23.63
2022-11-06 01:20:00,2.3023,3.844,0.7804,0.699,120,98.6433,22.9771,120,83.5416,83.7123,83.4071,0.0838,120,26.1092,26.1876,26.0289,0.0379,120,1006.6762,1006.8422,1006.4394,0.0825,120,0,0,0,0,120,0,0,0,0,120,13.8222,14.2604,13.2775,0.2279,120,120,0,0,0,0,0,120,None,None,None,None,0,3.4446,3.4474,3.4407,0.0014,0.5611,0.5619,0.5603,0.0004,0.8354,0.8371,0.8341,0.0008,-0.0001,-0.0001,-0.0001,0,0,0,0,0,0,0,0,0,0,0,0,0,227.425,395,62,75.9796,0,0,0,0,280.15,548,7,67.8674,36,46.5,49,41,23.66,23.68,23.63
2022-11-06 01:30:00,1.8644,3.5956,0.4952,0.6694,120,91.1219,30.1973,120,83.6205,83.7428,83.5292,0.044,120,26.1755,26.2273,26.1266,0.0215,120,1006.6099,1006.6591,1006.4211,0.0667,120,0,0,0,0,120,0,0,0,0,120,13.814,14.2604,13.2775,0.1911,120,120,0,0,0,0,0,120,None,None,None,None,0,3.4435,3.4443,3.4404,0.0011,0.5618,0.5623,0.5613,0.0002,0.8362,0.8374,0.8353,0.0004,-0.0001,-0.0001,-0.0001,0,0,0,0,0,0,0,0,0,0,0,0,0,179.825,368,31,72.7649,0,0,0,0,281.55,1008,36,136.38,36,46.2333,49,41,23.67,23.68,23.63
2022-11-06 01:40:00,1.6057,3.1172,0.3388,0.6338,120,92.5675,34.4379,120,83.8562,84.1395,83.6207,0.1356,120,26.1161,26.1876,26.0625,0.0257,120,1006.558,1006.6408,1006.4211,0.0949,120,0,0,0,0,120,0,0,0,0,120,13.728,14.2604,13.2775,0.2073,120,120,0,0,0,0,0,120,None,None,None,None,0,3.4426,3.444,3.4404,0.0016,0.5612,0.5619,0.5606,0.0003,0.8386,0.8414,0.8362,0.0014,-0.0001,-0.0001,-0.0001,0,0,0,0,0,0,0,0,0,0,0,0,0,151.7083,316,14,68.8894,0,0,0,0,272.2667,774,7,109.5805,36,46.7,49,39,23.66,23.68,23.63
2022-11-06 01:50:00,1.4579,3.6048,0.2652,0.674,120,105.3464,42.0573,120,84.2245,84.4142,84.0175,0.1044,120,26.0793,26.1388,26.0045,0.0278,120,1006.4196,1006.4577,1006.2197,0.0557,120,0,0,0,0,120,0,0,0,0,120,13.7403,14.2604,13.2775,0.1835,120,120,0,0,0,0,0,120,None,None,None,None,0,3.4403,3.441,3.437,0.0009,0.5608,0.5614,0.5601,0.0003,0.8422,0.8441,0.8402,0.001,-0.0001,-0.0001,-0.0001,0,0,0,0,0,0,0,0,0,0,0,0,0,135.6417,369,6,73.2572,0,0,0,0,314.0917,840,74,129.7469,36,46.4,47,41,23.66,23.68,23.63
2022-11-06 02:00:00,1.5284,3.1632,0.5688,0.5282,120,98.4885,34.9981,120,84.4925,84.6278,84.3532,0.0773,120,26.0285,26.0961,25.9648,0.0288,120,1006.4002,1006.6408,1006.238,0.0797,120,0,0,0,0,120,0,0,0,0,120,13.7403,14.2604,13.2775,0.1943,120,120,0,0,0,0,0,120,None,None,None,None,0,3.44,3.444,3.4373,0.0013,0.5603,0.561,0.5596,0.0003,0.8449,0.8463,0.8435,0.0008,-0.0001,-0.0001,-0.0001,0,0,0,0,0,0,0,0,0,0,0,0,0,143.3083,321,39,57.4128,0,0,0,0,285.7583,856,31,109.2736,36,46.1333,49,41,23.66,23.68,23.63
2022-11-06 02:10:00,1.9241,4.8468,0.44,0.9569,120,95.4782,43.9291,120,84.4244,84.6889,84.17,0.1178,120,25.9624,26.0442,25.855,0.047,120,1006.3997,1006.6225,1006.238,0.0787,120,0,0,0,0,120,0,0,0,0,120,13.7034,14.2604,13.2775,0.2462,120,120,0,0,0,0,0,120,None,None,None,None,0,3.44,3.4437,3.4373,0.0013,0.5596,0.5604,0.5585,0.0005,0.8442,0.8469,0.8417,0.0012,-0.0001,-0.0001,-0.0001,0,0,0,0,0,0,0,0,0,0,0,0,0,186.3167,504,25,104.0162,0,0,0,0,294.2583,952,56,146.647,36,46.5667,47,41,23.66,23.68,23.63
2022-11-06 02:20:00,1.6681,3.8532,0.3204,0.8707,120,70.5918,53.1144,120,84.4404,84.7194,84.048,0.1775,120,25.7198,25.8611,25.6017,0.07,120,1006.316,1006.4577,1006.2197,0.0929,120,0,0,0,0,120,0,0,0,0,120,13.2488,13.7689,12.786,0.2409,120,120,0,0,0,0,0,120,None,None,None,None,0,3.4386,3.441,3.437,0.0015,0.5572,0.5586,0.556,0.0007,0.8444,0.8472,0.8405,0.0018,-0.0001,-0.0001,-0.0001,0,-0.0001,0,-0.0001,0,0,0,0,0,0,0,0,0,158.4917,396,12,94.6433,0,0,0,0,282.7083,1019,0,219.7996,36,46.5167,47,41,23.66,23.68,23.63
2022-11-06 02:30:00,1.7065,3.1172,0.5504,0.578,120,103.3786,37.7261,120,84.6388,84.7194,84.5058,0.0451,120,25.5879,25.6749,25.5132,0.0278,120,1006.294,1006.4577,1006.2197,0.0844,120,0,0,0,0,120,0,0,0,0,120,13.7157,14.2604,13.2775,0.2093,120,120,0,0,0,0,0,120,None,None,None,None,0,3.4382,3.441,3.437,0.0014,0.5559,0.5567,0.5551,0.0003,0.8464,0.8472,0.8451,0.0005,-0.0001,-0.0001,-0.0001,0,0,0,-0.0001,0,0,0,0,0,0,0,0,0,162.6583,316,37,62.8252,0,0,0,0,297.9917,629,17,109.4432,35.6,46.2,49,39,23.66,23.68,23.63
2022-11-06 02:40:00,1.5289,3.3012,0.4492,0.6354,120,89.0427,38.8275,120,84.6444,84.8109,84.4752,0.0834,120,25.5423,25.5925,25.4857,0.0241,120,1006.2619,1006.4394,1006.0366,0.0797,120,0,0,0,0,120,0,0,0,0,120,13.7689,14.2604,13.2775,0.1911,120,120,0,0,0,0,0,120,None,None,None,None,0,3.4377,3.4407,3.4339,0.0013,0.5554,0.5559,0.5549,0.0002,0.8464,0.8481,0.8448,0.0008,-0.0001,-0.0001,-0.0001,0,0,0,0,0,0,0,0,0,0,0,0,0,143.3583,336,26,69.0658,0,0,0,0,271.1417,951,2,138.2255,35,46.5167,47,41,23.66,23.68,23.63
2022-11-06 02:50:00,1.5162,3.522,0.4584,0.7441,120,96.3084,51.305,120,84.7367,84.8415,84.6278,0.0487,120,25.6232,25.7054,25.5406,0.0352,120,1006.2644,1006.4394,1006.2197,0.0678,120,0,0,0,0,120,0,0,0,0,120,13.7198,14.2604,13.2775,0.2055,120,120,0,0,0,0,0,120,None,None,None,None,0,3.4377,3.4407,3.437,0.0011,0.5562,0.5571,0.5554,0.0003,0.8474,0.8484,0.8463,0.0005,-0.0001,-0.0001,-0.0001,0,0,0,0,0,0,0,0,0,0,0,0,0,141.9833,360,27,80.8756,0,0,0,0,303.9167,946,19,166.3388,35,46.2,49,41,23.66,23.68,23.63
2022-11-06 03:00:00,1.6139,3.1264,0.256,0.6859,120,89.8327,38.9862,120,84.6077,84.7499,84.4447,0.0669,120,25.6406,25.7085,25.5834,0.0274,120,1006.2832,1006.4394,1006.2197,0.0837,120,0,0,0,0,120,0,0,0,0,120,13.6584,14.2604,13.2775,0.2338,120,120,0,0,0,0,0,120,None,None,None,None,0,3.4381,3.4407,3.437,0.0014,0.5564,0.5571,0.5558,0.0003,0.8461,0.8475,0.8444,0.0007,-0.0001,-0.0001,-0.0001,0,0,0,0,0,0,0,0,0,0,0,0,0,152.6,317,5,74.5499,0,0,0,0,277.8583,814,26,132.0796,35,46.2,49,41,23.66,23.68,23.63
2022-11-06 03:10:00,1.6093,3.2828,0.3572,0.5985,120,101.4847,36.7321,120,84.5256,84.6278,84.3532,0.052,120,25.616,25.678,25.5589,0.0248,120,1006.3384,1006.4394,1006.2197,0.0948,120,0,0,0,0,120,0,0,0,0,120,13.6584,14.2604,13.2775,0.2249,120,120,0,0,0,0,0,120,None,None,None,None,0,3.439,3.4407,3.437,0.0016,0.5562,0.5568,0.5556,0.0003,0.8453,0.8463,0.8435,0.0005,-0.0001,-0.0001,-0.0001,0,0,0,0,0,0,0,0,0,0,0,0,0,152.1,334,16,65.0509,0,0,0,0,303.0167,834,93,121.9873,35,46.0833,49,41,23.66,23.68,23.63
2022-11-06 03:20:00,1.1503,2.9516,0.302,0.5476,120,93.3997,50.5087,120,84.4643,84.5973,84.3226,0.0658,120,25.6594,25.7054,25.6108,0.0196,120,1006.5117,1006.6408,1006.4028,0.0967,120,0,0,0,0,120,0,0,0,0,120,13.6256,14.2604,13.2775,0.25,120,120,0,0,0,0,0,120,None,None,None,None,0,3.4419,3.444,3.44,0.0016,0.5566,0.5571,0.5561,0.0002,0.8446,0.846,0.8432,0.0007,-0.0001,-0.0001,-0.0001,0,0,0,0,0,0,0,0,0,0,0,0,0,102.2083,298,10,59.5263,0,0,0,0,296.7333,966,0,163.7494,35,46.5667,49,41,23.66,23.68,23.63
2022-11-06 03:30:00,1.6838,3.5128,0.3388,0.6605,120,96.9664,34.7744,120,84.3928,84.5058,84.2921,0.049,120,25.6618,25.7054,25.6108,0.0202,120,1006.5563,1006.6408,1006.4028,0.0904,120,0,0,0,0,120,0,0,0,0,120,13.6665,14.2604,13.2775,0.2288,120,120,0,0,0,0,0,120,None,None,None,None,0,3.4426,3.444,3.44,0.0015,0.5566,0.5571,0.5561,0.0002,0.8439,0.8451,0.8429,0.0005,-0.0001,-0.0001,-0.0001,0,0,0,0,0,0,0,0,0,0,0,0,0,160.1917,359,14,71.7891,0,0,0,0,279.3167,744,4,104.4827,35,46.5833,49,41,23.65,23.68,23.63
2022-11-06 03:40:00,1.4119,3.4852,0.2744,0.6954,120,87.7287,45.5636,120,84.4101,84.5058,84.3226,0.0456,120,25.6788,25.7268,25.6261,0.0199,120,1006.567,1006.6408,1006.4028,0.0847,120,0,0,0,0,120,0,0,0,0,120,13.6788,14.2604,13.2775,0.2112,120,120,0,0,0,0,0,120,None,None,None,None,0,3.4428,3.444,3.44,0.0014,0.5568,0.5573,0.5563,0.0002,0.8441,0.8451,0.8432,0.0005,-0.0001,-0.0001,-0.0001,0,0,0,0,0,0,0,0,0,0,0,0,0,130.6417,356,7,75.5849,0,0,0,0,287.7167,869,54,158.4187,35,46.5,49,41,23.66,23.68,23.63
2022-11-06 03:50:00,1.3562,3.1908,0.2652,0.6321,120,80.4442,40.7304,120,84.4897,84.6278,84.3837,0.054,120,25.6973,25.7512,25.6383,0.0228,120,1006.6016,1006.8056,1006.4028,0.0768,120,0,0,0,0,120,0,0,0,0,120,13.6829,14.2604,13.2775,0.208,120,120,0,0,0,0,0,120,None,None,None,None,0,3.4434,3.4468,3.44,0.0013,0.557,0.5575,0.5564,0.0002,0.8449,0.8463,0.8438,0.0005,-0.0001,-0.0001,-0.0001,0,0,0,0,0,0,0,0,0,0,0,0,0,124.5833,324,6,68.7064,0,0,0,0,258.0917,1015,22,155.9001,35,46.4,47,41,23.65,23.68,23.63
2022-11-06 04:00:00,1.4752,3.1632,0.348,0.6729,120,97.9,50.9807,120,84.6062,84.8109,84.4142,0.1133,120,25.7097,25.8061,25.6261,0.0416,120,1006.6752,1006.8239,1006.4394,0.0909,120,0,0,0,0,120,0,0,0,0,120,13.773,14.2604,13.2775,0.2508,120,120,0,0,0,0,0,120,None,None,None,None,0,3.4446,3.4471,3.4407,0.0015,0.5571,0.5581,0.5563,0.0004,0.8461,0.8481,0.8441,0.0011,-0.0001,-0.0001,-0.0001,0,0,0,0,0,0,0,0,0,0,0,0,0,137.525,321,15,73.1453,0,0,0,0,310.9083,907,41,165.9689,35,46.4833,49,41,23.66,23.68,23.63
2022-11-06 04:10:00,1.5526,3.4024,0.2652,0.7574,120,98.67,44.172,120,84.535,84.7499,84.2006,0.1503,120,25.8142,25.8763,25.7421,0.0302,120,1006.8441,1007.0071,1006.6042,0.0895,120,0,0,0,0,120,0,0,0,0,120,13.7034,14.2604,13.2775,0.2107,120,120,0,0,0,0,0,120,None,None,None,None,0,3.4474,3.4501,3.4434,0.0015,0.5581,0.5588,0.5574,0.0003,0.8453,0.8475,0.842,0.0015,-0.0001,-0.0001,-0.0001,0,0,0,0,0,0,0,0,0,0,0,0,0,145.9333,347,6,82.3209,0,0,0,0,309.8667,1005,9,156.8947,35,46.4333,49,41,23.65,23.68,23.63
2022-11-06 04:20:00,1.8829,3.8072,0.4584,0.701,120,93.0223,31.7725,120,84.3023,84.4447,84.109,0.0895,120,25.7452,25.797,25.6963,0.0214,120,1006.9471,1007.1718,1006.7873,0.0893,120,0,0,0,0,120,0,0,0,0,120,13.6461,14.2604,13.2775,0.2405,120,120,0,0,0,0,0,120,None,None,None,None,0,3.4491,3.4529,3.4465,0.0015,0.5575,0.558,0.557,0.0002,0.843,0.8444,0.8411,0.0009,-0.0001,-0.0001,-0.0001,0,0,0,0,0,0,0,0,0,0,0,0,0,181.8417,391,27,76.192,0,0,0,0,267.9583,779,23,98.1697,35,46.7,47,41,23.65,23.68,23.63
2022-11-06 04:30:00,1.1299,2.4272,0.3756,0.4439,120,86.3911,54.1765,120,84.0093,84.2006,83.7733,0.1177,120,25.7466,25.8,25.6871,0.0211,120,1007.0168,1007.1902,1006.9704,0.0603,120,0.002,0.2402,0,0.0219,120,0,0,0,0,120,13.6051,14.2604,13.2775,0.2575,120,120,0,0.0941,0.9156,0,0.1847,120,None,None,None,None,0,3.4503,3.4532,3.4495,0.001,0.5575,0.558,0.5569,0.0002,0.8401,0.842,0.8377,0.0012,-0.0001,-0.0001,-0.0001,0,0,0,0,0,0,0,0,0,0.0001,0.0009,0,0.0002,99.9917,241,18,48.2465,0,0,0,0,334.6833,1014,13,225.137,35,46.15,47,41,23.65,23.68,23.63
2022-11-06 04:40:00,1.6056,3.292,0.3572,0.7059,120,90.765,46.7444,120,83.5431,83.8649,83.2545,0.1648,120,25.7453,25.8122,25.6841,0.0265,120,1007.0637,1007.3733,1006.9887,0.0975,120,2.421,5.2866,0,1.5742,120,2.1218,4.7623,0,1.3633,120,13.6747,14.2604,13.2775,0.2323,120,120,0,2.7263,5.1882,0.6104,1.1587,120,None,None,None,None,0,3.4511,3.4562,3.4498,0.0016,0.5575,0.5581,0.5568,0.0003,0.8354,0.8386,0.8325,0.0016,-0.0001,-0.0001,-0.0001,0,0,0.0001,0,0,0,0,0,0,0.0027,0.0052,0.0006,0.0012,151.6917,335,16,76.7252,0,0,0,0,317.5083,952,67,184.7947,35,46.5,49,39,23.65,23.68,23.63
2022-11-06 04:50:00,1.4549,3.936,0,0.6713,120,89.1823,43.2538,120,83.2036,83.4071,82.9798,0.0969,120,25.7631,25.858,25.7085,0.0336,120,1007.1728,1007.3733,1006.9887,0.0432,120,10.6715,16.3409,5.0465,3.6227,120,10.3133,16.4862,4.3962,3.7091,120,14.0067,15.7364,13.2775,0.5258,120,120,0,9.8804,14.9541,4.883,3.1244,120,89.35,89.98,88.69,0.44,77,3.4529,3.4562,3.4498,0.0007,0.5576,0.5586,0.5571,0.0003,0.832,0.8341,0.8298,0.001,-0.0001,-0.0001,-0.0001,0,0.0001,0.0002,0.0001,0,0.0001,0.0001,0,0,0.0099,0.015,0.0049,0.0031,135.5083,405,0,72.5784,0,0,0,0,289.175,996,41,166.4874,35,46.2833,49,39,23.65,23.68,23.63
2022-11-06 05:00:00,1.3829,2.9056,0,0.6273,120,99.9309,40.4276,120,82.7174,83.0714,82.4915,0.1458,120,25.8492,25.9221,25.7909,0.0262,120,1007.1682,1007.2085,1006.9887,0.0443,120,22.1179,30.5189,16.5811,4.0963,120,26.3938,38.4682,16.4862,6.6844,120,79.382,128.8398,16.2278,36.4025,120,120,0,18.896,25.9407,14.9541,2.5532,120,87.39,88.69,86.1,0.69,120,3.4528,3.4535,3.4498,0.0007,0.5585,0.5592,0.5579,0.0003,0.8272,0.8307,0.8249,0.0015,-0.0005,-0.0001,-0.0008,0.0002,0.0003,0.0004,0.0002,0.0001,0.0002,0.0003,0.0001,0.0001,0.0189,0.0259,0.015,0.0026,127.6833,293,0,67.7905,0,0,0,0,309.3917,975,31,144.2321,35,46.65,49,41,23.66,23.68,23.63
2022-11-06 05:10:00,1.4216,3.4668,0.3388,0.6976,120,86.3185,38.9431,120,82.3028,82.6441,82.0948,0.147,120,25.9619,26.0228,25.8702,0.0334,120,1007.1535,1007.3733,1006.9887,0.0719,120,43.2886,54.3087,30.5189,7.2636,120,44.5566,54.2221,36.6375,5.8038,120,34.4352,121.9562,18.6868,30.5225,120,120,0,38.377,49.1348,26.2459,6.795,120,85,86.1,83.77,0.7,120,3.4526,3.4562,3.4498,0.0012,0.5596,0.5602,0.5587,0.0003,0.823,0.8264,0.8209,0.0015,-0.0002,-0.0001,-0.0008,0.0002,0.0006,0.0007,0.0004,0.0001,0.0004,0.0005,0.0003,0,0.0384,0.0491,0.0262,0.0068,131.6917,354,14,75.8265,0,0,0,0,273.8417,985,11,153.1937,35,46.5667,49,39,23.65,23.68,23.63
2022-11-06 05:20:00,1.68,3.2736,0.4676,0.7374,120,92.0754,51.8881,120,82.0915,82.2169,82.0032,0.0466,120,26.0584,26.1571,25.9709,0.0437,120,1007.2019,1007.3733,1007.0071,0.0689,120,47.7462,54.789,43.4953,3.5566,120,51.4228,83.1657,43.964,8.4333,120,40.1807,214.407,13.7689,43.841,120,120,0,40.5235,49.7452,35.4015,4.3442,120,82.61,83.77,81.44,0.7,120,3.4534,3.4562,3.4501,0.0011,0.5606,0.5616,0.5597,0.0004,0.8209,0.8222,0.82,0.0005,-0.0002,-0.0001,-0.0013,0.0003,0.0006,0.0007,0.0006,0,0.0004,0.0007,0.0004,0.0001,0.0405,0.0497,0.0354,0.0043,159.7833,333,28,80.1554,0,0,0,0,313.125,992,2,182.6709,35,46.3833,47,41,23.66,23.68,23.63
2022-11-06 05:30:00,1.7389,3.384,0.4676,0.7027,120,101.925,33.0329,120,81.9643,82.1253,81.7896,0.086,120,26.1876,26.2456,26.0961,0.0291,120,1007.3566,1007.5564,1007.1718,0.0791,120,49.6507,57.1921,43.2543,4.5715,120,51.7007,63.3818,43.5978,5.4444,120,24.973,80.6478,13.7689,15.3255,120,120,0,44.8724,52.1867,37.843,4.8047,120,80.21,81.44,79.1,0.7,120,3.4559,3.4593,3.4529,0.0013,0.5619,0.5625,0.561,0.0003,0.8196,0.8213,0.8179,0.0009,-0.0002,-0.0001,-0.0005,0.0001,0.0006,0.0007,0.0005,0.0001,0.0004,0.0005,0.0004,0,0.0449,0.0522,0.0378,0.0048,166.1833,345,28,76.384,0,0,0,0,294,584,127,95.6394,35,46.6833,49,41,23.66,23.68,23.63
2022-11-06 05:40:00,1.6542,3.384,0.5412,0.6308,120,105.5218,46.6072,120,82.0831,82.1863,81.9117,0.0547,120,26.2756,26.386,26.1663,0.0488,120,1007.519,1007.7029,1007.355,0.0641,120,80.5737,92.7567,53.8276,11.829,120,80.6347,93.0576,58.6194,10.8153,120,18.031,61.4695,14.2604,7.7647,120,120,0,78.7759,93.3866,48.5244,14.2357,120,77.82,79.1,76.51,0.7,120,3.4586,3.4617,3.4559,0.0011,0.5628,0.5639,0.5617,0.0005,0.8208,0.8219,0.8191,0.0005,-0.0001,-0.0001,-0.0004,0,0.001,0.0012,0.0007,0.0001,0.0007,0.0008,0.0005,0.0001,0.0788,0.0934,0.0485,0.0142,156.975,345,36,68.57,0,0,0,0,323.575,996,33,157.4188,35,46.2,47,39,23.66,23.68,23.63
2022-11-06 05:50:00,1.9468,3.936,0.4124,0.7963,120,98.4388,36.3595,120,82.1579,82.6441,81.8812,0.2175,120,26.3998,26.624,26.3128,0.0733,120,1007.6803,1007.7395,1007.5198,0.0733,120,103.2783,123.7559,89.6331,9.2927,120,149.0754,261.2209,89.3938,64.0317,120,177.0862,480.448,14.2604,195.137,120,120,0,121.128,185.2474,87.2829,34.3172,120,75.41,76.51,74.17,0.7,120,3.4613,3.4623,3.4587,0.0012,0.564,0.5662,0.5631,0.0007,0.8216,0.8264,0.8188,0.0022,-0.0011,-0.0001,-0.003,0.0012,0.0013,0.0016,0.0011,0.0001,0.0012,0.0022,0.0007,0.0005,0.1211,0.1852,0.0873,0.0343,188.7833,405,22,86.5567,0,0,0,0,302.475,1008,45,138.5549,35,46.3833,47,41,23.65,23.68,23.63
2022-11-06 06:00:00,2.2505,4.4788,0.486,0.9259,120,78.0668,33.5641,120,81.5691,82.5221,80.5994,0.5529,120,27.0223,27.2924,26.6027,0.1894,120,1007.8042,1008.1057,1007.7029,0.1018,120,171.204,201.8543,124.4772,28.9037,120,326.5505,376.9928,247.2989,40.9762,120,506.2076,546.8353,152.4444,58.7794,120,120,0,247.2661,292.0621,185.8577,36.9712,120,73.01,74.17,71.82,0.7,120,3.4634,3.4684,3.4617,0.0017,0.5702,0.5729,0.566,0.0019,0.8157,0.8252,0.806,0.0055,-0.0031,-0.0009,-0.0034,0.0004,0.0022,0.0026,0.0016,0.0004,0.0027,0.0031,0.0021,0.0003,0.2473,0.2921,0.1859,0.037,221.7917,464,30,100.6431,0,0,0,0,243.9583,868,5,129.7339,35,46.3333,49,41,23.65,23.68,23.63
2022-11-06 06:10:00,2.499,5.1228,0.4768,1.0119,120,89.5571,32.7818,120,80.1266,81.1182,79.5007,0.3909,120,27.2181,27.3504,27.036,0.0905,120,1008.0088,1008.2888,1007.886,0.099,120,191.7339,212.9087,161.7244,17.1533,120,203.011,374.4286,162.6675,44.0687,120,45.2909,517.8215,13.7689,105.6149,120,120,0,189.6903,295.7244,149.2355,30.5776,120,70.61,71.82,69.48,0.7,120,3.4668,3.4715,3.4648,0.0017,0.5722,0.5735,0.5704,0.0009,0.8013,0.8112,0.795,0.0039,-0.0003,-0.0001,-0.0032,0.0007,0.0024,0.0027,0.0021,0.0002,0.0017,0.0031,0.0014,0.0004,0.1897,0.2957,0.1492,0.0306,248.8,534,29,109.9855,0,0,0,0,260.425,595,34,97.8494,35,46.5333,49,41,23.65,23.68,23.63
2022-11-06 06:20:00,2.0935,4.8928,0.4124,0.9863,120,97.4517,45.6756,120,79.5994,80.1721,78.6767,0.384,120,27.1814,27.5182,27.0208,0.139,120,1008.1477,1008.3071,1008.0691,0.0853,120,155.6604,190.8008,119.4307,24.9737,120,338.6162,412.898,162.6675,83.1512,120,466.3138,592.5685,15.7364,202.6865,120,120,0,263.0568,321.6651,139.7748,57.2314,120,68.21,69.48,67.14,0.7,120,3.4691,3.4718,3.4678,0.0014,0.5718,0.5752,0.5702,0.0014,0.796,0.8017,0.7868,0.0038,-0.0029,-0.0001,-0.0037,0.0013,0.002,0.0024,0.0015,0.0003,0.0028,0.0034,0.0014,0.0007,0.2631,0.3217,0.1398,0.0572,204.7333,509,22,107.2051,0,0,0,0,302.5083,829,16,146.6504,35,46.2167,49,39,23.65,23.68,23.63
2022-11-06 06:30:00,2.9322,5.3252,0.9,1.1013,120,103.3428,28.7842,120,77.8385,78.7378,77.3034,0.3893,120,27.3471,27.5732,27.1276,0.1318,120,1008.204,1008.3071,1008.0691,0.0965,120,121.7276,131.6858,114.1441,5.5586,120,307.2307,408.1345,123.8331,115.7786,120,422.3792,626.9916,26.5549,245.9904,120,120,0,233.431,311.2888,96.4385,86.4496,120,65.8,66.88,64.54,0.7,120,3.4701,3.4718,3.4678,0.0016,0.5735,0.5757,0.5713,0.0013,0.7784,0.7874,0.773,0.0039,-0.0026,-0.0002,-0.0039,0.0015,0.0015,0.0017,0.0014,0.0001,0.0026,0.0034,0.001,0.001,0.2334,0.3113,0.0964,0.0864,295.8917,556,75,119.7048,0,0,0,0,299.3,662,124,86.4881,35,46.4667,49,41,23.65,23.68,23.63
2022-11-06 06:40:00,2.4361,5.2608,0.4676,1.1463,120,108.7858,42.81,120,76.8632,78.3715,75.1976,1.0888,120,27.7655,28.031,27.329,0.1845,120,1008.2246,1008.3071,1008.0691,0.0927,120,123.0312,128.0819,117.2677,3.108,120,417.4588,459.7923,172.1933,58.8107,120,614.6321,677.1511,93.4338,122.0511,120,120,0,324.9153,362.2547,130.6192,45.7141,120,63.4,64.54,62.19,0.7,120,3.4704,3.4718,3.4678,0.0015,0.5777,0.5803,0.5733,0.0019,0.7686,0.7837,0.752,0.0109,-0.0038,-0.0006,-0.0042,0.0008,0.0016,0.0016,0.0015,0,0.0035,0.0038,0.0014,0.0005,0.3249,0.3623,0.1306,0.0457,241.9667,549,28,124.5986,0,0,0,0,328.8333,816,47,137.4426,35,46.6,47,41,23.65,23.68,23.63
2022-11-06 06:50:00,3.1006,5.546,0.5688,0.964,120,92.4986,32.2289,120,75.7032,76.1437,75.1671,0.2405,120,27.5087,27.7502,27.387,0.0806,120,1008.3367,1008.4902,1008.1057,0.0856,120,148.7597,180.4677,123.7559,17.5971,120,433.0752,535.2641,131.1597,143.291,120,547.4662,696.8208,19.6697,247.8498,120,120,0,347.026,433.3628,102.237,116.7278,120,61,62.19,59.85,0.7,120,3.4723,3.4748,3.4684,0.0014,0.5751,0.5775,0.5739,0.0008,0.757,0.7614,0.7517,0.0024,-0.0034,-0.0001,-0.0043,0.0015,0.0019,0.0023,0.0016,0.0002,0.0036,0.0045,0.0011,0.0012,0.347,0.4334,0.1022,0.1167,314.2,580,39,104.7817,0,0,0,0,283.7917,995,26,133.6122,35,46.4833,47,41,23.66,23.68,23.63
2022-11-06 07:00:00,2.1127,4.166,0.5504,0.7919,120,100.9796,42.7293,120,75.4501,76.1437,74.7398,0.3481,120,27.8595,28.1011,27.5182,0.1753,120,1008.374,1008.4902,1008.2888,0.0888,120,171.4063,190.3205,143.9417,11.6589,120,463.3159,597.9136,176.2233,121.0199,120,520.2104,723.3758,22.1286,218.5514,120,120,0,379.2739,492.8739,144.0474,99.559,120,58.6,59.85,57.5,0.7,120,3.4729,3.4748,3.4715,0.0015,0.5786,0.581,0.5752,0.0018,0.7545,0.7614,0.7474,0.0035,-0.0032,-0.0001,-0.0045,0.0014,0.0022,0.0024,0.0018,0.0001,0.0039,0.005,0.0015,0.001,0.3793,0.4929,0.144,0.0996,206.8167,430,37,86.0756,0,0,0,0,320.525,993,18,161.6828,35,46.5,49,39,23.66,23.68,23.63
2022-11-06 07:10:00,2.4412,5.1412,0.7804,0.9201,120,87.0628,40.0439,120,74.5702,75.0755,73.6717,0.3119,120,28.0183,28.1317,27.9028,0.0627,120,1008.4625,1008.6734,1008.2888,0.0873,120,200.7613,237.9,183.8323,16.9647,120,531.0178,690.9712,230.4454,149.6729,120,552.0108,769.602,25.079,259.6537,120,120,0,439.3674,580.7672,187.6888,126.4133,120,56.19,57.5,54.9,0.7,120,3.4744,3.4779,3.4715,0.0015,0.5802,0.5813,0.579,0.0006,0.7457,0.7508,0.7367,0.0031,-0.0034,-0.0002,-0.0048,0.0016,0.0026,0.003,0.0023,0.0002,0.0044,0.0058,0.0019,0.0012,0.4394,0.5808,0.1877,0.1264,242.5167,536,62,100.0149,0,0,0,0,266.3333,960,42,134.9361,35.9,46.4333,49,41,23.66,23.68,23.63
2022-11-06 07:20:00,2.7332,5.2056,0.6516,0.9982,120,92.4629,28.8247,120,74.326,74.8619,73.0003,0.4783,120,27.9336,28.0523,27.7868,0.0786,120,1008.5899,1008.6917,1008.4536,0.0954,120,256.1452,288.8441,218.4354,18.5184,120,535.402,755.0852,227.515,182.4351,120,447.9507,763.6996,22.6217,284.3181,120,120,0,459.6164,654.9272,188.2992,157.2284,120,53.79,54.9,52.56,0.7,120,3.4765,3.4782,3.4742,0.0016,0.5793,0.5805,0.5779,0.0008,0.7433,0.7486,0.73,0.0048,-0.0028,-0.0001,-0.0047,0.0018,0.0033,0.0037,0.0028,0.0002,0.0045,0.0063,0.0019,0.0015,0.4596,0.6549,0.1883,0.1572,274.2583,543,48,108.5027,0,0,0,0,265.3583,650,54,85.7449,36,46.35,49,41,23.66,23.68,23.63
2022-11-06 07:30:00,3.0646,5.1044,0.6976,1.0911,120,100.9642,36.4166,120,74.3283,75.0755,73.6106,0.3993,120,27.8624,28.0737,27.6037,0.1711,120,1008.6793,1008.8931,1008.4719,0.1203,120,240.8439,289.3252,197.7693,26.0519,120,424.5572,770.1068,203.3349,238.1222,120,284.228,775.0113,14.2604,333.9691,120,120,0,367.9413,664.0828,173.6503,205.4636,120,51.39,52.56,50.22,0.7,120,3.478,3.4816,3.4745,0.002,0.5786,0.5807,0.576,0.0017,0.7433,0.7508,0.7361,0.004,-0.0018,-0.0001,-0.0048,0.0021,0.0031,0.0037,0.0025,0.0003,0.0035,0.0064,0.0017,0.002,0.3679,0.6641,0.1737,0.2055,310.2833,532,53,118.6002,0,0,0,0,300.3,817,115,113.9107,36,46.5,49,41,23.66,23.68,23.63
2022-11-06 07:40:00,1.9063,3.9636,0.3112,0.9238,120,92.5307,48.7945,120,75.7159,76.2352,74.8619,0.3513,120,27.7889,27.9913,27.564,0.1346,120,1008.7851,1008.9114,1008.6734,0.1011,120,304.7846,396.7409,259.5276,36.3254,120,381.3348,880.3842,265.617,157.0193,120,115.1289,776.4857,14.2604,195.3848,120,120,0,341.9116,783.105,233.1614,141.7653,120,49,50.22,47.89,0.7,120,3.4798,3.4819,3.4779,0.0017,0.5779,0.5799,0.5756,0.0014,0.7572,0.7624,0.7486,0.0035,-0.0007,-0.0001,-0.0048,0.0012,0.0039,0.005,0.0033,0.0005,0.0032,0.0073,0.0022,0.0013,0.3419,0.7831,0.2332,0.1418,184.3833,408,11,100.4123,0,0,0,0,287.625,907,9,157.4032,36,46.1167,49,41,23.67,23.68,23.63
2022-11-06 07:50:00,3.1019,5.3528,0.6148,1.0485,120,81.3627,35.3879,120,75.8288,76.7235,75.1976,0.3277,120,27.831,27.8997,27.7258,0.0395,120,1008.7191,1008.9114,1008.5086,0.0782,120,347.2682,446.2433,294.3717,50.3142,120,764.8922,996.1561,317.2749,218.7399,120,565.2801,809.4344,29.0139,286.7854,120,120,0,683.1009,902.4323,276.8029,198.3951,120,46.6,47.89,45.29,0.69,120,3.4787,3.4819,3.4751,0.0013,0.5783,0.579,0.5773,0.0004,0.7583,0.7672,0.752,0.0033,-0.0035,-0.0002,-0.005,0.0018,0.0044,0.0057,0.0037,0.0006,0.0064,0.0083,0.0026,0.0018,0.6831,0.9024,0.2768,0.1984,314.3417,559,44,113.9632,0,0,0,0,264.2,972,42,153.7534,36.6,46.35,49,41,23.67,23.68,23.63
2022-11-06 08:00:00,2.7664,5.8864,0.7344,1.0091,120,79.5294,35.6136,120,75.1564,76.7846,74.1295,0.7701,120,28.0865,28.2568,27.8997,0.0946,120,1008.7977,1009.0762,1008.6917,0.1008,120,257.4568,327.7732,218.4354,29.097,120,630.1083,924.7143,230.0792,257.1013,120,484.2465,840.9072,14.7535,333.009,120,120,0,551.2202,822.1686,192.5718,231.2536,120,44.21,45.29,42.96,0.7,120,3.48,3.4846,3.4782,0.0017,0.5809,0.5826,0.579,0.0009,0.7516,0.7678,0.7413,0.0077,-0.003,-0.0001,-0.0052,0.0021,0.0033,0.0042,0.0028,0.0004,0.0052,0.0077,0.0019,0.0021,0.5512,0.8222,0.1926,0.2313,277.875,617,57,109.6847,0,0,0,0,236.2333,913,36,116.9892,37,46.55,47,41,23.67,23.68,23.63
2022-11-06 08:10:00,2.6207,5.2792,0.6976,1.0464,120,70.3251,35.2817,120,74.0066,75.1671,73.3665,0.3729,120,27.9628,28.0859,27.8112,0.0755,120,1008.8903,1009.1128,1008.6917,0.071,120,320.6846,391.2134,264.574,33.0351,120,419.9989,990.6603,274.7767,169.2292,120,127.2384,842.873,14.2604,190.1136,120,120,0,371.3975,905.7894,235.6029,159.2061,120,41.82,42.96,40.64,0.7,120,3.4815,3.4852,3.4782,0.0012,0.5796,0.5809,0.5781,0.0008,0.7401,0.7517,0.7337,0.0037,-0.0008,-0.0001,-0.0052,0.0012,0.0041,0.005,0.0034,0.0004,0.0035,0.0083,0.0023,0.0014,0.3714,0.9058,0.2356,0.1592,262.0333,551,53,113.7388,0,0,0,0,222.8417,966,17,135.9569,37,46.5333,49,41,23.68,23.68,23.63
2022-11-06 08:20:00,2.2136,4.6168,0.9736,0.9443,120,66.5287,39.6637,120,73.9461,74.3431,73.5191,0.1998,120,27.8794,28.0035,27.7685,0.056,120,1008.9644,1009.1128,1008.71,0.0853,120,313.1431,404.1898,260.0079,42.6043,120,434.962,1092.8776,266.7167,255.5759,120,150.8553,867.9536,14.2604,278.5337,120,120,0,393.3734,995.819,236.5185,235.7644,120,39.44,40.64,38.32,0.7,120,3.4827,3.4852,3.4785,0.0014,0.5788,0.58,0.5777,0.0006,0.7395,0.7434,0.7352,0.002,-0.0009,-0.0001,-0.0054,0.0017,0.004,0.0051,0.0033,0.0005,0.0036,0.0091,0.0022,0.0021,0.3934,0.9958,0.2365,0.2358,217.7833,479,83,102.6374,0,0,0,0,230.375,1007,30,172.3013,37.1,46.3833,49,41,23.68,23.68,23.63
2022-11-06 08:30:00,2.614,4.948,1.0932,0.8132,120,79.9605,36.7965,120,73.2513,73.9769,72.2373,0.4608,120,28.0512,28.1713,27.915,0.0692,120,1009.0446,1009.2959,1008.8931,0.0919,120,401.0641,437.5921,352.0441,25.9659,120,471.8187,1115.593,363.4382,135.1511,120,86.1479,859.5939,14.7535,157.3798,120,120,0,426.9133,1025.1167,327.1584,124.5084,120,37.07,38.32,36.01,0.69,120,3.4841,3.4883,3.4816,0.0015,0.5805,0.5817,0.5792,0.0007,0.7325,0.7398,0.7224,0.0046,-0.0005,-0.0001,-0.0053,0.001,0.0051,0.0056,0.0045,0.0003,0.0039,0.0093,0.003,0.0011,0.4269,1.0251,0.3272,0.1245,261.3,515,96,88.3936,0,0,0,0,265.3167,1006,75,161.4509,38,46.4167,49,41,23.68,23.68,23.63
2022-11-06 08:40:00,2.6413,5.3896,0.3572,1.154,120,67.2705,36.032,120,72.8233,73.9158,72.0237,0.5117,120,27.9468,28.1469,27.7899,0.1116,120,1009.0645,1009.1311,1008.9114,0.0752,120,373.0788,461.1417,303.263,50.3331,120,460.4491,1198.0252,313.9784,192.919,120,101.6833,822.2188,13.7689,176.7013,120,120,0,420.456,1095.0041,280.1599,180.8416,120,34.7,35.75,33.45,0.68,120,3.4844,3.4855,3.4819,0.0013,0.5795,0.5815,0.5779,0.0011,0.7282,0.7392,0.7202,0.0051,-0.0006,-0.0001,-0.0051,0.0011,0.0047,0.0059,0.0039,0.0006,0.0038,0.01,0.0026,0.0016,0.4205,1.095,0.2802,0.1808,264.275,563,16,125.437,0,0,0,0,215.3667,909,7,135.3455,38,46.5333,47,41,23.68,23.68,23.63
2022-11-06 08:50:00,3.0385,5.5276,1.0104,0.9063,120,68.5951,24.4884,120,72.7635,73.4275,72.0847,0.32,120,27.8723,28.1072,27.7502,0.1003,120,1009.0426,1009.1311,1008.9114,0.0894,120,360.6651,397.7016,339.0677,14.6557,120,376.6026,608.1717,344.7527,40.4558,120,25.2192,246.3713,14.2604,38.2554,120,120,0,353.0229,611.8961,323.4962,37.5092,120,32.34,33.45,31.16,0.69,120,3.484,3.4855,3.4819,0.0015,0.5787,0.5811,0.5775,0.001,0.7276,0.7343,0.7208,0.0032,-0.0002,-0.0001,-0.0015,0.0002,0.0046,0.0051,0.0043,0.0002,0.0031,0.0051,0.0029,0.0003,0.353,0.6119,0.3235,0.0375,307.4417,578,87,98.5114,0,0,0,0,205.3167,978,65,99.745,38,46.5333,47,41,23.68,23.68,23.68
2022-11-06 09:00:00,2.534,4.9388,0.9828,0.9126,120,78.5086,32.4259,120,73.1816,73.7022,72.6341,0.2609,120,27.813,27.9241,27.7075,0.0648,120,1009.1037,1009.2959,1008.9114,0.053,120,380.5001,447.685,345.7961,23.1314,120,393.9867,484.3397,356.1104,26.5782,120,19.0313,114.5794,14.2604,11.2482,120,120,0,367.9261,450.148,331.431,25.7295,120,30,31.16,28.88,0.68,120,3.4851,3.4883,3.4819,0.0009,0.5781,0.5792,0.5771,0.0006,0.7318,0.737,0.7263,0.0026,-0.0001,-0.0001,-0.0007,0.0001,0.0048,0.0057,0.0044,0.0003,0.0033,0.004,0.003,0.0002,0.3679,0.4501,0.3314,0.0257,252.6083,514,84,99.1983,0,0,0,0,236.3083,951,41,118.3791,38,46.6333,49,41,23.68,23.68,23.63
2022-11-06 09:10:00,3.0236,5.7208,0.5872,1.2831,120,72.1519,43.3072,120,73.2421,73.8548,72.4815,0.2979,120,27.9454,28.031,27.8814,0.0316,120,1009.0916,1009.3142,1008.9114,0.0657,120,383.2596,469.3118,340.7496,36.8197,120,521.6418,1271.6651,352.8127,224.5431,120,148.0643,894.0171,14.2604,206.819,120,120,0,483.8074,1173.7419,321.6651,214.065,120,27.68,28.88,26.63,0.67,120,3.4849,3.4886,3.4819,0.0011,0.5795,0.5803,0.5788,0.0003,0.7324,0.7385,0.7248,0.003,-0.0009,-0.0001,-0.0055,0.0013,0.0049,0.006,0.0043,0.0005,0.0043,0.0106,0.0029,0.0019,0.4838,1.1737,0.3217,0.2141,305.825,599,41,139.4685,0,0,0,0,256.3583,1000,18,187.912,38.7,46.7167,47,41,23.68,23.68,23.63
2022-11-06 09:20:00,2.5665,4.8284,0.4768,0.9261,120,74.1687,41.7282,120,73.5827,74.0684,73.1223,0.1927,120,28.099,28.1866,27.9547,0.0638,120,1009.1105,1009.1494,1008.9297,0.0437,120,401.3885,501.9937,308.0685,57.3994,120,659.3048,1309.4022,320.2065,359.607,120,266.4961,915.6542,14.7535,342.0024,120,120,0,615.8508,1214.6367,300.9125,339.0796,120,25.37,26.63,24.15,0.67,120,3.4852,3.4858,3.4822,0.0007,0.581,0.5819,0.5796,0.0006,0.7358,0.7407,0.7312,0.0019,-0.0017,-0.0001,-0.0057,0.0021,0.0051,0.0064,0.0039,0.0007,0.0055,0.0109,0.0027,0.003,0.6159,1.2146,0.3009,0.3391,256.1417,502,29,100.6653,0,0,0,0,251.7917,1008,30,169.3781,39,46.5333,47,41,23.68,23.68,23.63
2022-11-06 09:30:00,2.9115,5.7116,0.8908,1.032,120,72.0818,32.0874,120,73.2317,73.8853,72.6035,0.3803,120,28.0266,28.211,27.9058,0.0978,120,1009.1166,1009.3326,1008.9297,0.0748,120,349.8955,506.0787,309.5102,49.6098,120,565.252,1325.5222,321.6723,378.839,120,218.144,886.1489,13.7689,341.5794,120,120,0,526.8665,1215.2471,303.354,349.6676,120,23.1,24.15,21.95,0.66,120,3.4853,3.4889,3.4822,0.0012,0.5803,0.5821,0.5791,0.001,0.7323,0.7389,0.726,0.0038,-0.0014,-0.0001,-0.0055,0.0021,0.0044,0.0064,0.0039,0.0006,0.0047,0.011,0.0027,0.0032,0.5269,1.2152,0.3034,0.3497,293.6417,598,74,112.1717,0,0,0,0,230.575,1012,20,140.2971,39,46.6333,49,41,23.68,23.68,23.63
2022-11-06 09:40:00,3.4044,5.6656,1.314,1.0869,120,81.4636,33.4828,120,72.8624,73.5191,72.2373,0.3022,120,28.0009,28.1164,27.9241,0.0499,120,1009.1484,1009.3326,1008.9297,0.0747,120,451.0432,537.078,394.8181,40.0117,120,626.0782,1380.4766,415.8283,262.9752,120,173.6439,890.5736,14.2604,246.7561,120,120,0,573.6997,1273.2322,376.2932,247.0273,120,20.86,21.95,19.79,0.65,120,3.4858,3.4889,3.4822,0.0012,0.58,0.5812,0.5792,0.0005,0.7286,0.7352,0.7224,0.003,-0.0011,-0.0001,-0.0055,0.0015,0.0057,0.0068,0.005,0.0005,0.0052,0.0115,0.0035,0.0022,0.5737,1.2732,0.3763,0.247,347.2167,593,120,118.1379,0,0,0,0,254.9833,980,5,143.2399,39,46.5167,47,41,23.68,23.68,23.68
2022-11-06 09:50:00,2.5063,5.6748,0.6884,0.9722,120,81.9188,40.6018,120,72.4891,73.0003,71.7795,0.3104,120,28.2938,28.5437,28.092,0.1382,120,1009.1655,1009.3326,1008.948,0.0819,120,412.2822,530.3496,301.8205,70.1069,120,799.2362,1404.2905,321.3049,448.9636,120,375.2034,897.4589,14.7535,383.581,120,120,0,727.312,1293.0693,277.7184,421.0493,120,18.68,19.79,17.69,0.63,120,3.4861,3.4889,3.4825,0.0014,0.5829,0.5854,0.5809,0.0014,0.7249,0.73,0.7178,0.0031,-0.0023,-0.0001,-0.0056,0.0024,0.0052,0.0067,0.0038,0.0009,0.0067,0.0117,0.0027,0.0037,0.7273,1.2931,0.2777,0.421,249.6,594,52,105.6779,0,0,0,0,254.25,978,15,141.4418,39,46.5833,49,41,23.68,23.68,23.63
2022-11-06 10:00:00,3.197,5.7944,1.1668,1.0104,120,68.9661,31.9988,120,72.0463,72.6646,71.1081,0.4127,120,28.3686,28.5314,28.2843,0.0734,120,1009.127,1009.3326,1008.948,0.039,120,403.1267,496.7071,309.9913,51.4219,120,653.6292,1372.7839,328.9988,341.0297,120,241.4163,892.5411,14.7535,305.8724,120,120,0,590.5917,1268.6544,286.5688,316.0876,120,16.57,17.69,15.45,0.6,120,3.4855,3.4889,3.4825,0.0007,0.5837,0.5853,0.5828,0.0007,0.7205,0.7266,0.7111,0.0041,-0.0015,-0.0001,-0.0055,0.0019,0.0051,0.0063,0.0039,0.0007,0.0054,0.0114,0.0027,0.0028,0.5906,1.2687,0.2866,0.3161,324.675,607,104,109.829,0,0,0,0,233.5917,1020,42,167.7603,39,46.7333,47,41,23.68,23.68,23.63
2022-11-06 10:10:00,2.6867,6.4016,0.6516,1.2119,120,83.4352,36.8517,120,72.6264,73.8243,71.8711,0.609,120,28.1701,28.33,28.0065,0.0936,120,1009.187,1009.3326,1008.948,0.0878,120,425.7432,498.389,356.8504,37.9765,120,652.875,1412.3517,379.9244,326.609,120,210.952,895.4915,14.2604,288.6155,120,120,0,594.3276,1323.8929,337.2295,305.8024,120,14.56,15.45,13.56,0.56,120,3.4864,3.4889,3.4825,0.0015,0.5817,0.5833,0.5801,0.0009,0.7263,0.7382,0.7187,0.0061,-0.0013,-0.0001,-0.0056,0.0018,0.0054,0.0063,0.0045,0.0005,0.0054,0.0118,0.0032,0.0027,0.5943,1.3239,0.3372,0.3058,269.2083,673,48,131.7266,0,0,0,0,260.2833,998,67,140.4882,39,46.3,47,41,23.68,23.68,23.63
2022-11-06 10:20:00,3.2426,5.8864,0.4124,1.0861,120,93.0377,33.9164,120,72.4682,73.6717,71.6269,0.5443,120,28.4322,28.5955,28.2293,0.1108,120,1009.1527,1009.3326,1008.9663,0.0613,120,419.8418,498.8693,325.611,42.7594,120,766.0982,1380.4766,334.4946,327.095,120,324.5727,908.2775,14.2604,308.2797,120,120,0,702.1139,1273.8426,316.1718,304.7861,120,12.71,13.56,11.86,0.51,120,3.4859,3.4889,3.4828,0.001,0.5843,0.586,0.5823,0.0011,0.7247,0.7367,0.7163,0.0054,-0.002,-0.0001,-0.0056,0.0019,0.0053,0.0063,0.0041,0.0005,0.0064,0.0115,0.0028,0.0027,0.7021,1.2738,0.3162,0.3048,329.6333,617,22,118.0557,0,0,0,0,268.1583,641,10,99.7599,39.8,46.45,49,41,23.68,23.68,23.68
2022-11-06 10:30:00,3.3201,5.9324,0.8724,1.1899,120,87.311,33.4448,120,72.5206,73.1834,71.8101,0.3496,120,28.0934,28.2873,27.8173,0.1358,120,1009.1476,1009.3326,1008.948,0.0754,120,260.2845,346.2772,216.2732,34.1599,120,273.1216,372.9628,225.6831,36.5813,120,14.6708,26.0635,13.2775,1.5956,120,120,0,262.1311,356.7614,218.2073,33.7456,120,11.09,11.86,10.43,0.43,120,3.4858,3.4889,3.4825,0.0013,0.5809,0.5829,0.5782,0.0014,0.7252,0.7318,0.7181,0.0035,-0.0001,-0.0001,-0.0002,0,0.0033,0.0044,0.0027,0.0004,0.0023,0.0031,0.0019,0.0003,0.2621,0.3568,0.2182,0.0337,338.05,622,72,129.3388,0,0,0,0,267.4833,996,31,131.4239,40,46.45,47,39,23.68,23.68,23.63
2022-11-06 10:40:00,2.6452,5.3252,0.4492,1.2274,120,88.5431,46.2921,120,73.5913,74.4041,72.3594,0.4592,120,27.7704,27.915,27.6586,0.0723,120,1009.0965,1009.3142,1008.9297,0.0772,120,421.8704,520.737,350.6024,43.1572,120,445.2845,561.2773,377.7263,49.1307,120,16.761,31.4728,14.7535,3.0564,120,120,0,420.1712,520.6458,361.6443,42.2184,120,9.82,10.43,9.39,0.31,120,3.4849,3.4886,3.4822,0.0013,0.5777,0.5792,0.5766,0.0007,0.7359,0.744,0.7236,0.0046,-0.0001,-0.0001,-0.0002,0,0.0054,0.0066,0.0045,0.0005,0.0037,0.0047,0.0031,0.0004,0.4202,0.5206,0.3616,0.0422,264.6917,556,26,133.4144,0,0,0,0,289.425,995,30,169.2405,40,46.6,49,41,23.68,23.68,23.63
2022-11-06 10:50:00,2.6708,4.8008,0.6608,0.9524,120,85.932,45.1638,120,73.6653,74.5262,72.7256,0.5155,120,28.1935,28.4613,27.918,0.1924,120,1008.984,1009.1494,1008.9297,0.0673,120,568.7917,648.0976,424.6157,67.7005,120,772.5127,1416.0144,447.7023,261.9308,120,181.8891,738.6207,15.2449,195.8597,120,120,0,730.753,1374.2485,436.1095,244.0226,120,9.05,9.3,8.86,0.14,120,3.4831,3.4858,3.4822,0.0011,0.5819,0.5846,0.5792,0.0019,0.7367,0.7453,0.7273,0.0052,-0.0011,-0.0001,-0.0046,0.0012,0.0072,0.0082,0.0054,0.0009,0.0064,0.0118,0.0037,0.0022,0.7308,1.3742,0.4361,0.244,267.4833,499,49,103.5236,0,0,0,0,286.2917,998,16,174.1517,40,46.6,49,41,23.68,23.68,23.63
2022-11-06 11:00:00,2.6939,5.8312,0.3848,1.213,120,82.9567,46.0325,120,72.4387,73.2749,71.8101,0.2998,120,28.332,28.4887,28.2202,0.0844,120,1008.9561,1009.1311,1008.7466,0.0391,120,361.2138,442.3984,314.5567,37.2492,120,376.0653,467.8523,326.4346,41.228,120,14.9372,16.7193,13.7689,0.7627,120,120,0,365.1845,439.7717,317.3925,37.741,120,8.91,9.06,8.85,0.06,120,3.4826,3.4855,3.4791,0.0007,0.5833,0.5849,0.5822,0.0008,0.7244,0.7327,0.7181,0.003,-0.0001,-0.0001,-0.0001,0,0.0046,0.0056,0.004,0.0005,0.0031,0.0039,0.0027,0.0003,0.3652,0.4398,0.3174,0.0377,269.9917,611,19,131.8469,0,0,0,0,277.65,974,18,171.5508,40,46.5833,47,41,23.68,23.68,23.63
2022-11-06 11:10:00,3.0417,5.4724,0.6976,1.1354,120,87.1126,37.25,120,72.3253,72.8782,71.749,0.2733,120,28.3186,28.3819,28.2354,0.0403,120,1008.7614,1008.9663,1008.5452,0.0987,120,640.1758,756.2339,446.2433,99.9169,120,808.5176,1360.3265,471.5162,249.7054,120,142.4583,578.3081,15.2449,153.2395,120,120,0,755.3433,1316.5685,443.1288,234.2391,120,9.41,9.84,9.06,0.24,120,3.4794,3.4828,3.4758,0.0016,0.5832,0.5838,0.5824,0.0004,0.7233,0.7288,0.7175,0.0027,-0.0009,-0.0001,-0.0036,0.001,0.0081,0.0096,0.0057,0.0013,0.0067,0.0113,0.0039,0.0021,0.7553,1.3166,0.4431,0.2342,307.7917,572,53,123.4126,0,0,0,0,261.0333,995,7,127.4564,40,46.3667,49,41,23.68,23.68,23.68
2022-11-06 11:20:00,3.3325,5.8588,1.0564,1.1504,120,91.6188,41.7231,120,71.9649,73.1223,70.864,0.6436,120,28.5421,28.6962,28.3178,0.097,120,1008.6357,1008.7832,1008.3987,0.0944,120,687.1531,739.4134,619.2614,33.6844,120,853.239,1281.9244,659.8295,137.0088,120,137.9053,483.8898,17.2108,103.3634,120,120,0,797.1486,1237.5256,612.5065,129.8928,120,10.48,11.09,9.84,0.38,120,3.4773,3.4797,3.4733,0.0016,0.5854,0.587,0.5832,0.001,0.7196,0.7312,0.7086,0.0064,-0.0009,-0.0001,-0.003,0.0006,0.0087,0.0094,0.0079,0.0004,0.0071,0.0107,0.0055,0.0011,0.7971,1.2375,0.6125,0.1299,339.4,614,92,125.0459,0,0,0,0,287.9167,977,49,152.528,40,46.6667,47,41,23.68,23.68,23.63
2022-11-06 11:30:00,3.1624,6.7696,0.7344,1.3595,120,80.7582,47.7924,120,71.3902,72.2983,70.4978,0.5188,120,28.6153,28.7481,28.4979,0.0682,120,1008.5769,1008.7832,1008.3804,0.0647,120,586.3319,655.5472,527.2252,37.8809,120,647.4132,1049.6459,553.9496,83.9707,120,43.037,367.3429,14.7535,51.4576,120,120,0,605.3219,982.696,516.3732,79.6051,120,11.95,12.86,11.09,0.48,120,3.4763,3.4797,3.473,0.0011,0.5861,0.5875,0.585,0.0007,0.7139,0.723,0.705,0.0052,-0.0003,-0.0001,-0.0023,0.0003,0.0074,0.0083,0.0067,0.0005,0.0054,0.0087,0.0046,0.0007,0.6053,0.9827,0.5164,0.0796,320.9083,713,57,147.7767,0,0,0,0,297.6,1021,17,214.4575,40,46.4,49,41,23.68,23.68,23.63
2022-11-06 11:40:00,2.9504,6.374,0.6976,1.0729,120,83.5647,42.8254,120,71.249,72.512,70.2536,0.5628,120,28.7241,28.8916,28.5894,0.0984,120,1008.4417,1008.6001,1008.1973,0.0884,120,616.9505,706.9724,544.0465,51.4208,120,700.6159,976.006,570.4358,110.4288,120,65.4284,248.3371,15.2449,58.5612,120,120,0,654.8687,911.8931,535.905,102.6436,120,13.71,14.68,12.86,0.54,120,3.474,3.4767,3.47,0.0015,0.5872,0.5889,0.5859,0.001,0.7125,0.7251,0.7025,0.0056,-0.0004,-0.0001,-0.0015,0.0004,0.0078,0.009,0.0069,0.0007,0.0058,0.0081,0.0048,0.0009,0.6549,0.9119,0.5359,0.1026,297.875,670,53,116.625,0,0,0,0,272.8417,997,11,165.2851,40,46.3667,47,41,23.68,23.68,23.68
2022-11-06 11:50:00,2.8036,6.42,0.2652,1.4906,120,100.7355,41.3435,120,71.5639,72.9087,70.4367,0.6052,120,28.5144,28.6901,28.3544,0.1047,120,1008.3099,1008.5818,1008.179,0.0988,120,608.2094,690.8717,561.1079,30.6742,120,759.5097,1421.8764,592.7839,155.8333,120,133.8566,798.6159,19.1782,150.2892,120,120,0,715.2165,1370.5863,553.6058,151.1788,120,15.66,16.65,14.68,0.59,120,3.4718,3.4764,3.4696,0.0016,0.5851,0.5869,0.5835,0.001,0.7156,0.7291,0.7044,0.0061,-0.0008,-0.0001,-0.005,0.0009,0.0077,0.0088,0.0071,0.0004,0.0063,0.0118,0.0049,0.0013,0.7152,1.3706,0.5536,0.1512,281.9083,675,6,162.0233,0,0,0,0,308.1,954,37,142.2356,40,45.7833,49,41,23.68,23.68,23.68
2022-11-06 12:00:00,2.6841,5.3068,0.3848,1.3058,120,81.8322,46.1789,120,71.4052,72.8477,70.4367,0.6399,120,28.8697,29.0014,28.6261,0.1258,120,1008.1109,1008.2339,1007.9958,0.0956,120,534.6687,609.8898,413.8024,55.1596,120,940.505,1399.5282,563.4754,254.5237,120,389.6035,882.214,15.2449,267.6742,120,120,0,872.2877,1303.4455,526.4443,235.9386,120,17.73,18.71,16.65,0.62,120,3.4685,3.4706,3.4666,0.0016,0.5887,0.59,0.5863,0.0013,0.7141,0.7285,0.7044,0.0064,-0.0024,-0.0001,-0.0055,0.0017,0.0068,0.0077,0.0053,0.0007,0.0078,0.0117,0.0047,0.0021,0.8723,1.3034,0.5264,0.2359,268.925,554,19,141.9308,0,0,0,0,285.8167,1010,40,189.1766,40,46.4167,49,39,23.68,23.68,23.63
2022-11-06 12:10:00,2.7714,6.1256,0.8724,1.2662,120,94.3438,54.0528,120,70.4263,71.7795,68.8498,0.9158,120,29.1877,29.386,28.9312,0.1501,120,1007.9571,1008.0508,1007.8127,0.0888,120,344.3866,457.2969,242.4661,60.1224,120,943.21,1294.3806,336.6927,324.3634,120,585.9338,883.69,21.6371,349.3936,120,120,0,856.0366,1193.8841,289.3155,303.8347,120,19.88,21.08,18.71,0.64,120,3.466,3.4675,3.4635,0.0015,0.5919,0.5939,0.5893,0.0015,0.7043,0.7178,0.6885,0.0092,-0.0036,-0.0001,-0.0055,0.0022,0.0044,0.0058,0.0031,0.0008,0.0079,0.0108,0.0028,0.0027,0.856,1.1939,0.2893,0.3038,278.4083,643,72,137.6289,0,0,0,0,306.7167,927,7,177.6694,40,46.45,49,41,23.68,23.73,23.68
2022-11-06 12:20:00,4.0564,8.214,0.7712,1.4439,120,94.1013,33.4637,120,69.6519,71.0166,68.392,0.6641,120,28.8865,29.1632,28.5925,0.2137,120,1007.8231,1008.0325,1007.6296,0.0803,120,378.9561,522.9,242.9465,89.1061,120,1079.5297,1303.1729,650.3049,164.6895,120,699.2186,886.6403,197.6861,219.4679,120,120,0,985.6817,1189.6115,552.9954,150.9073,120,22.1,23.27,21.08,0.65,120,3.4637,3.4672,3.4605,0.0013,0.5889,0.5916,0.5859,0.0021,0.6965,0.7102,0.6839,0.0066,-0.0043,-0.0012,-0.0055,0.0014,0.0048,0.0066,0.0031,0.0011,0.009,0.0109,0.0054,0.0014,0.9857,1.1896,0.553,0.1509,418.0833,870,61,156.9481,0,0,0,0,281.6583,974,39,119.4935,40,46.1667,49,41,23.68,23.68,23.63
2022-11-06 12:30:00,3.8479,6.8892,0.532,1.3978,120,94.1116,39.1288,120,70.0784,70.9555,69.3381,0.3343,120,28.7018,28.8366,28.623,0.059,120,1007.7201,1007.8494,1007.4648,0.0965,120,481.1271,575.0457,436.1504,45.744,120,1138.4357,1413.4502,740.431,171.8425,120,664.6275,882.7054,237.0271,178.3553,120,120,0,1046.1491,1305.5818,666.5243,163.8649,120,24.36,25.49,23.27,0.67,120,3.462,3.4642,3.4577,0.0016,0.587,0.5884,0.5862,0.0006,0.7008,0.7096,0.6934,0.0033,-0.0041,-0.0015,-0.0055,0.0011,0.0061,0.0073,0.0055,0.0006,0.0095,0.0118,0.0062,0.0014,1.0461,1.3056,0.6665,0.1639,395.425,726,35,151.9372,0,0,0,0,298.2417,1022,66,151.7382,40,46.5,47,39,23.68,23.68,23.68
2022-11-06 12:40:00,2.9911,6.2084,0.5596,1.1576,120,92.0321,42.5362,120,69.6262,70.4367,68.9108,0.3412,120,28.8839,28.9709,28.8092,0.0521,120,1007.6026,1007.831,1007.4465,0.0888,120,488.6866,569.5189,400.5858,56.567,120,805.9531,1311.2329,416.1945,302.1018,120,325.6873,881.2311,14.2604,305.4615,120,120,0,747.0779,1217.6885,382.3969,283.5197,120,26.65,27.73,25.49,0.67,120,3.46,3.4639,3.4574,0.0015,0.5888,0.5897,0.5881,0.0005,0.6963,0.7044,0.6891,0.0034,-0.002,-0.0001,-0.0055,0.0019,0.0062,0.0072,0.0051,0.0007,0.0067,0.0109,0.0035,0.0025,0.7471,1.2177,0.3824,0.2835,302.2917,652,38,125.8289,0,0,0,0,281.9833,949,26,140.7035,40.1,46.2833,49,41,23.68,23.68,23.68
2022-11-06 12:50:00,3.2975,6.3648,1.2496,1.1959,120,82.5042,33.0968,120,70.039,71.0166,69.1855,0.4567,120,28.9998,29.154,28.8275,0.0917,120,1007.4276,1007.6662,1007.2817,0.0829,120,388.7646,479.4047,343.874,33.3901,120,915.9125,1244.5546,367.1008,317.9187,120,558.6987,894.5085,16.7193,341.5272,120,120,0,839.7727,1145.97,326.8532,296.7247,120,28.96,30,27.73,0.67,120,3.4571,3.4611,3.4547,0.0014,0.59,0.5915,0.5883,0.0009,0.7004,0.7102,0.6919,0.0046,-0.0035,-0.0001,-0.0056,0.0021,0.0049,0.0061,0.0044,0.0004,0.0076,0.0104,0.0031,0.0026,0.8398,1.146,0.3269,0.2967,335.6,669,113,129.9909,0,0,0,0,243.8417,857,24,109.1141,41,46.2,47,41,23.68,23.68,23.68
2022-11-06 13:00:00,2.5199,5.7484,0.5228,1.1625,120,77.8199,47.5851,120,70.0901,70.6809,69.3686,0.2943,120,28.8501,28.9007,28.7909,0.0324,120,1007.3356,1007.4831,1007.1169,0.0782,120,423.0158,538.7598,328.2543,65.3448,120,514.6472,1183.0048,340.7227,194.3492,120,99.7983,736.6532,11.8015,159.3412,120,120,0,466.0812,1118.1982,299.0814,190.9203,120,31.3,32.54,30.25,0.68,120,3.4556,3.4581,3.4519,0.0013,0.5885,0.589,0.5879,0.0003,0.7009,0.7068,0.6937,0.0029,-0.0006,-0.0001,-0.0046,0.001,0.0054,0.0068,0.0042,0.0008,0.0043,0.0099,0.0028,0.0016,0.4661,1.1182,0.2991,0.1909,251.075,602,34,126.3536,0,0,0,0,280.9417,978,26,186.9185,41,46.5667,49,39,23.68,23.68,23.68
2022-11-06 13:10:00,3.2671,5.6748,0.6516,1.2459,120,93.0986,31.6717,120,69.9472,70.9555,69.1244,0.5099,120,28.547,28.8549,28.2995,0.2006,120,1007.2517,1007.4648,1007.0986,0.0881,120,389.1671,499.1094,293.1701,75.151,120,543.8865,1226.2365,301.8884,270.2886,120,173.7218,882.214,14.2604,235.0092,120,120,0,506.6861,1154.5152,278.9392,255.9472,120,33.65,34.84,32.54,0.69,120,3.4542,3.4577,3.4516,0.0015,0.5855,0.5886,0.583,0.002,0.6995,0.7096,0.6912,0.0051,-0.0011,-0.0001,-0.0055,0.0015,0.0049,0.0063,0.0037,0.001,0.0045,0.0102,0.0025,0.0023,0.5067,1.1545,0.2789,0.2559,332.2917,594,48,135.4276,0,0,0,0,263.7917,520,4,92.0389,41,46,47,41,23.68,23.73,23.63
2022-11-06 13:20:00,3.0854,5.5,1.0288,0.9979,120,81.2638,36.6954,120,71.142,72.0542,70.2841,0.4958,120,28.211,28.4033,28.0859,0.1057,120,1007.1201,1007.3183,1006.9338,0.0532,120,335.6976,414.5228,271.5425,43.475,120,413.6363,1074.1933,274.4106,182.4766,120,96.4093,743.5385,13.2775,170.329,120,120,0,374.574,986.6634,252.3881,167.3845,120,36.01,37.14,34.84,0.69,120,3.452,3.4553,3.4489,0.0009,0.5821,0.584,0.5809,0.0011,0.7114,0.7205,0.7028,0.005,-0.0006,-0.0001,-0.0046,0.0011,0.0043,0.0053,0.0034,0.0006,0.0034,0.0089,0.0023,0.0015,0.3746,0.9867,0.2524,0.1674,312.5417,575,89,108.4627,0,0,0,0,240.9417,727,28,114.276,41,46.4333,47,41,23.68,23.68,23.68
2022-11-06 13:30:00,3.0935,5.7484,0.4032,1.3045,120,85.1386,46.4927,120,71.8757,73.0003,71.0471,0.4732,120,28.1837,28.4521,28.0676,0.0864,120,1006.9938,1007.1352,1006.8972,0.0915,120,381.7757,415.7244,345.7961,22.7252,120,531.0819,1127.6831,352.8127,253.2267,120,182.4424,855.1676,14.2604,279.3266,120,120,0,480.519,1036.1034,313.4251,236.4653,120,38.38,39.46,37.14,0.69,120,3.4499,3.4523,3.4483,0.0015,0.5818,0.5845,0.5807,0.0009,0.7188,0.73,0.7105,0.0047,-0.0011,-0.0001,-0.0053,0.0017,0.0048,0.0053,0.0044,0.0003,0.0044,0.0094,0.0029,0.0021,0.4805,1.0361,0.3134,0.2365,313.425,602,21,141.7942,0,0,0,0,270.0583,963,22,159.098,41,46.5,49,41,23.68,23.68,23.63
2022-11-06 13:40:00,2.9058,5.822,0.4952,1.117,120,89.0931,39.0352,120,71.1519,72.0847,70.5283,0.2948,120,28.3383,28.4918,28.1988,0.111,120,1006.8715,1007.1169,1006.7324,0.0973,120,370.0369,437.8323,313.3551,36.1266,120,392.3107,596.8151,320.2065,53.5275,120,33.6035,202.1125,14.2604,32.6154,120,120,0,354.2182,544.4502,286.874,49.5021,120,40.76,42.04,39.46,0.69,120,3.4479,3.4519,3.4455,0.0016,0.5834,0.5849,0.582,0.0011,0.7115,0.7208,0.7053,0.0029,-0.0002,-0.0001,-0.0013,0.0002,0.0047,0.0056,0.004,0.0005,0.0033,0.005,0.0027,0.0004,0.3542,0.5445,0.2869,0.0495,293.0167,610,31,121.4092,0,0,0,0,274.9833,946,45,136.2165,41,46.3,49,41,23.68,23.68,23.63
2022-11-06 13:50:00,3.0334,5.6472,0.624,1.2745,120,86.447,41.9589,120,71.6124,72.6951,70.4062,0.6069,120,28.1205,28.2934,27.9943,0.101,120,1006.7357,1006.9521,1006.531,0.0949,120,335.978,386.4079,264.3339,32.6011,120,480.2299,1016.6735,269.2809,227.877,120,190.7489,843.3645,14.2604,274.6126,120,120,0,429.1996,930.5094,229.4992,209.5189,120,43.14,44.36,42.04,0.7,120,3.4456,3.4492,3.4422,0.0016,0.5812,0.5829,0.5799,0.001,0.7161,0.727,0.7041,0.0061,-0.0012,-0.0001,-0.0052,0.0017,0.0043,0.0049,0.0034,0.0004,0.004,0.0085,0.0022,0.0019,0.4292,0.9305,0.2295,0.2095,306.8917,591,45,138.5326,0,0,0,0,267.9917,1008,60,141.3708,41,46.05,47,41,23.68,23.68,23.63
2022-11-06 14:00:00,2.9243,5.3896,0.9736,0.9759,120,81.5727,40.6153,120,71.7129,72.2068,71.2607,0.2422,120,28.3242,28.4002,28.2476,0.0378,120,1006.6346,1006.9338,1006.531,0.0973,120,372.0014,430.6236,301.1,29.0962,120,431.5243,799.0504,305.9184,94.0056,120,82.6317,462.2527,14.2604,96.6937,120,120,0,387.608,707.4191,266.1214,90.2353,120,45.53,46.69,44.36,0.7,120,3.4439,3.4489,3.4422,0.0016,0.5832,0.584,0.5825,0.0004,0.7171,0.7221,0.7126,0.0024,-0.0005,-0.0001,-0.0029,0.0006,0.0047,0.0055,0.0038,0.0004,0.0036,0.0067,0.0025,0.0008,0.3876,0.7074,0.2661,0.0902,295.0333,563,83,106.0748,0,0,0,0,261.525,927,27,148.6084,41,46.1,49,41,23.68,23.68,23.68
2022-11-06 14:10:00,2.5514,6.2268,0.6424,1.2904,120,85.4414,43.8343,120,71.6768,72.2678,70.925,0.3675,120,28.3132,28.5711,28.1347,0.1427,120,1006.5552,1006.7507,1006.3478,0.0966,120,285.3621,352.5252,236.2181,39.0577,120,460.3942,917.0204,243.6351,210.394,120,248.3912,798.6159,14.7535,272.2453,120,120,0,408.0935,829.4931,206.3051,195.8158,120,47.92,49.03,46.69,0.7,120,3.4426,3.4458,3.4391,0.0016,0.5831,0.5857,0.5814,0.0014,0.7168,0.7227,0.7093,0.0037,-0.0015,-0.0001,-0.005,0.0017,0.0036,0.0045,0.003,0.0005,0.0038,0.0076,0.002,0.0018,0.4081,0.8295,0.2063,0.1958,254.5,654,47,140.2557,0,0,0,0,272.7333,937,24,154.7698,41,46.65,47,41,23.68,23.68,23.68
2022-11-06 14:20:00,3.0986,5.4724,0.4676,1.1187,120,87.9531,33.5262,120,70.8541,71.5354,70.101,0.3036,120,28.328,28.5742,28.0523,0.1697,120,1006.4318,1006.5676,1006.3295,0.0957,120,268.3346,332.8197,250.1559,21.9519,120,300.3063,874.5222,254.9928,101.8734,120,55.2041,775.5027,13.7689,122.3397,120,120,0,265.5085,777.3064,221.8696,93.8684,120,50.32,51.63,49.03,0.7,120,3.4405,3.4428,3.4388,0.0016,0.5833,0.5857,0.5805,0.0017,0.7085,0.7154,0.701,0.003,-0.0003,-0.0001,-0.0048,0.0008,0.0034,0.0042,0.0032,0.0003,0.0025,0.0073,0.0021,0.0008,0.2655,0.7773,0.2219,0.0939,313.975,572,28,121.6031,0,0,0,0,263.275,1021,17,121.7595,41,46.4167,47,41,23.68,23.68,23.63
2022-11-06 14:30:00,2.8336,5.7484,0.9184,1.0397,120,91.6463,38.2693,120,71.5654,72.4204,70.8029,0.3823,120,28.0823,28.2904,27.9119,0.126,120,1006.3736,1006.5493,1006.3295,0.0611,120,260.2203,331.378,186.7157,44.6592,120,393.8096,822.4982,190.1453,197.0491,120,213.5461,794.681,14.2604,248.2517,120,120,0,354.6632,744.9568,164.1896,181.9038,120,52.72,53.96,51.63,0.7,120,3.4396,3.4425,3.4388,0.001,0.5808,0.5829,0.5791,0.0013,0.7157,0.7242,0.708,0.0038,-0.0013,-0.0001,-0.0049,0.0015,0.0033,0.0042,0.0024,0.0006,0.0033,0.0069,0.0016,0.0016,0.3547,0.745,0.1642,0.1819,285.175,602,77,113.0154,0,0,0,0,286.5333,993,85,147.1088,41,46.3,49,41,23.68,23.68,23.68
2022-11-06 14:40:00,2.7956,5.776,0.578,1.1995,120,85.9489,44.8093,120,71.3538,72.2068,70.7114,0.3148,120,28.2695,28.3758,28.1256,0.0808,120,1006.431,1006.5676,1006.3295,0.0945,120,278.7217,361.8968,161.2433,64.0619,120,360.2411,786.2269,163.7671,175.1068,120,142.7534,746.9803,14.2604,234.4877,120,120,0,331.5836,712.6072,146.794,162.252,120,55.11,56.3,53.96,0.7,120,3.4405,3.4428,3.4388,0.0016,0.5827,0.5838,0.5813,0.0008,0.7135,0.7221,0.7071,0.0031,-0.0009,-0.0001,-0.0046,0.0015,0.0035,0.0046,0.002,0.0008,0.003,0.0065,0.0014,0.0015,0.3316,0.7126,0.1468,0.1623,281.0417,605,40,130.3851,0,0,0,0,276.8667,1003,62,161.8057,41,46.5667,47,41,23.68,23.68,23.63
2022-11-06 14:50:00,2.8741,5.7668,0.7068,1.1269,120,98.9566,33.9613,120,72.0285,72.7561,71.0776,0.4897,120,28.0561,28.2263,27.9363,0.0872,120,1006.5294,1006.7507,1006.3295,0.0651,120,233.5447,314.5567,164.3677,44.3006,120,343.3973,705.2593,165.2317,177.6826,120,202.4692,738.6207,14.2604,287.0697,120,120,0,308.6108,637.2265,147.7096,159.0183,120,57.51,58.65,56.3,0.7,120,3.4422,3.4458,3.4388,0.0011,0.5806,0.5823,0.5794,0.0009,0.7203,0.7276,0.7108,0.0049,-0.0013,-0.0001,-0.0046,0.0018,0.003,0.004,0.0021,0.0006,0.0029,0.0059,0.0014,0.0015,0.3086,0.6372,0.1477,0.159,289.575,604,54,122.4845,0,0,0,0,293.6083,958,87,116.3206,41,46.4333,47,41,23.68,23.68,23.68
2022-11-06 15:00:00,2.3019,5.3068,0.3848,1.1761,120,79.1237,45.8238,120,71.8568,72.4204,71.0776,0.3307,120,28.3253,28.4765,28.1805,0.1137,120,1006.4884,1006.5676,1006.3478,0.0896,120,199.8121,251.5976,176.3827,21.3529,120,295.8122,646.6411,179.1549,160.1909,120,184.2086,715.5076,14.2604,257.7718,120,120,0,258.7563,573.1376,153.5081,142.0495,120,59.91,60.99,58.65,0.7,120,3.4415,3.4428,3.4391,0.0015,0.5833,0.5848,0.5818,0.0011,0.7186,0.7242,0.7108,0.0033,-0.0011,-0.0001,-0.0044,0.0016,0.0025,0.0032,0.0022,0.0003,0.0025,0.0054,0.0015,0.0013,0.2588,0.5731,0.1535,0.142,227.3833,554,19,127.8341,0,0,0,0,304.3167,1020,2,219.516,41,46.3333,47,41,23.68,23.68,23.68
2022-11-06 15:10:00,2.7214,5.2792,0.4584,1.195,120,112.1874,32.742,120,70.7259,71.3218,70.0705,0.3264,120,28.1764,28.4521,27.8845,0.1833,120,1006.5244,1006.7507,1006.3478,0.076,120,202.1351,220.5984,189.5992,7.8427,120,232.6319,487.6363,191.9772,55.6062,120,71.9892,600.4367,14.2604,108.1021,120,120,0,206.445,432.7525,170.2933,49.9107,120,62.32,63.59,61.25,0.7,120,3.4421,3.4458,3.4391,0.0013,0.5818,0.5845,0.5788,0.0018,0.7073,0.7132,0.7007,0.0033,-0.0004,-0.0001,-0.0037,0.0007,0.0026,0.0028,0.0024,0.0001,0.0019,0.0041,0.0016,0.0005,0.2064,0.4328,0.1703,0.0499,272.9833,551,27,129.891,0,0,0,0,322.6917,875,49,102.1656,41,46.4333,49,41,23.68,23.68,23.68
2022-11-06 15:20:00,2.5819,4.5616,0.8448,0.865,120,96.7219,46.9697,120,71.0878,71.5659,70.3452,0.2916,120,28.0468,28.2293,27.8845,0.1124,120,1006.511,1006.5493,1006.3295,0.0704,120,201.6865,237.6598,153.7937,28.9868,120,326.1048,562.7419,156.4394,139.3445,120,280.4088,706.6565,14.7535,269.7491,120,120,0,286.317,488.2962,137.0281,120.0211,120,64.72,65.93,63.59,0.7,120,3.4418,3.4425,3.4388,0.0012,0.5805,0.5823,0.5788,0.0011,0.7109,0.7157,0.7035,0.0029,-0.0017,-0.0001,-0.0044,0.0017,0.0026,0.003,0.002,0.0004,0.0027,0.0047,0.0013,0.0012,0.2863,0.4883,0.137,0.12,257.8167,473,69,94.0167,0,0,0,0,289.475,824,57,140.8314,41,46.5,49,41,23.68,23.68,23.63
2022-11-06 15:30:00,2.2863,4.2304,0.624,0.8563,120,108.4451,43.5146,120,70.294,71.1692,69.3381,0.5266,120,28.438,28.5833,28.211,0.1167,120,1006.5099,1006.5676,1006.3478,0.0729,120,140.3531,156.678,128.322,8.9788,120,317.4829,446.97,142.5174,90.2342,120,429.854,674.6922,22.6217,200.8155,120,120,0,262.8712,376.5984,119.3274,74.422,120,67.12,68.28,65.93,0.7,120,3.4418,3.4428,3.4391,0.0012,0.5844,0.5858,0.5821,0.0012,0.7029,0.7117,0.6934,0.0053,-0.0027,-0.0001,-0.0042,0.0012,0.0018,0.002,0.0016,0.0001,0.0026,0.0037,0.0012,0.0008,0.2629,0.3766,0.1193,0.0744,225.6833,437,45,93.0727,0,0,0,0,324.9417,926,26,136.5707,41,46.5833,49,41,23.68,23.68,23.68
2022-11-06 15:40:00,2.7569,5.2608,0.5228,1.0767,120,104.0449,33.5689,120,69.1206,69.9789,67.9952,0.5088,120,28.2473,28.565,27.68,0.3201,120,1006.5552,1006.7324,1006.3662,0.0617,120,86.9297,129.7638,68.9669,18.4028,120,130.7722,327.533,70.3433,72.0836,120,124.382,518.8044,13.2775,145.2287,120,120,0,106.6876,271.6147,55.8489,59.6306,120,69.52,70.62,68.28,0.7,120,3.4426,3.4455,3.4394,0.001,0.5825,0.5857,0.5768,0.0032,0.6912,0.6998,0.68,0.0051,-0.0008,-0.0001,-0.0032,0.0009,0.0011,0.0016,0.0009,0.0002,0.0011,0.0027,0.0006,0.0006,0.1067,0.2716,0.0558,0.0596,276.8417,549,34,117.0291,0,0,0,0,302.2167,787,21,103.6689,41,46.2667,47,39,23.68,23.68,23.68
2022-11-06 15:50:00,2.4504,4.4052,0.4492,1.0249,120,95.6375,27.3499,120,70.7427,71.4438,69.9484,0.4742,120,27.5609,27.6769,27.4847,0.0572,120,1006.5279,1006.7324,1006.3295,0.0475,120,66.0273,81.7031,58.1535,7.4966,120,79.1204,156.8055,61.916,22.2215,120,50.9544,222.2752,14.2604,48.4092,120,120,0,65.4088,124.8207,52.1867,16.7474,120,71.93,73.22,70.62,0.7,120,3.4421,3.4455,3.4388,0.0008,0.5756,0.5768,0.5748,0.0006,0.7074,0.7144,0.6995,0.0047,-0.0003,-0.0001,-0.0014,0.0003,0.0008,0.001,0.0007,0.0001,0.0007,0.0013,0.0005,0.0002,0.0654,0.1248,0.0522,0.0167,243.5167,456,26,111.4074,0,0,0,0,286.9083,1004,75,114.0992,40.2,46.2167,47,39,23.68,23.68,23.63
2022-11-06 16:00:00,2.585,4.7456,1.038,0.8873,120,94.8828,28.7023,120,71.6336,72.2068,71.2912,0.2323,120,27.4449,27.5365,27.271,0.0848,120,1006.5688,1006.7507,1006.3295,0.0923,120,69.1492,89.1528,59.5953,8.919,120,69.0177,89.0276,60.084,8.6688,120,14.2279,17.2108,13.2775,0.5586,120,120,0,61.1998,82.0948,52.4918,8.2601,120,74.33,75.56,73.22,0.7,120,3.4428,3.4458,3.4388,0.0015,0.5745,0.5754,0.5727,0.0008,0.7163,0.7221,0.7129,0.0023,-0.0001,-0.0001,-0.0001,0,0.0009,0.0011,0.0008,0.0001,0.0006,0.0007,0.0005,0.0001,0.0612,0.0821,0.0525,0.0083,258.15,493,90,96.4428,0,0,0,0,271.0333,594,35,84.5746,40,46.4667,49,41,23.68,23.68,23.63
2022-11-06 16:10:00,2.7178,5.0952,0.6608,0.976,120,104.1959,28.8797,120,72.7877,73.336,72.2068,0.3494,120,27.2476,27.3015,27.1886,0.0285,120,1006.695,1006.9155,1006.5127,0.0791,120,102.7076,125.6787,55.2701,20.7082,120,104.409,139.9532,54.9556,22.344,120,22.5061,99.8276,13.7689,16.6904,120,120,0,99.147,125.7363,51.5763,21.0846,120,76.72,77.89,75.56,0.7,120,3.4449,3.4486,3.4419,0.0013,0.5725,0.573,0.5719,0.0003,0.7279,0.7334,0.7221,0.0035,-0.0001,-0.0001,-0.0006,0.0001,0.0013,0.0016,0.0007,0.0003,0.0009,0.0012,0.0005,0.0002,0.0991,0.1257,0.0516,0.0211,272.5917,531,49,106.0838,0,0,0,0,300.4,674,117,86.2319,40,46.35,49,39,23.68,23.68,23.63
2022-11-06 16:20:00,2.3119,5.2516,0.946,0.8711,120,107.6974,36.4278,120,73.5974,73.9463,73.3055,0.1566,120,27.3073,27.3412,27.2497,0.0196,120,1006.737,1006.9155,1006.5127,0.0694,120,42.9142,54.5488,34.8441,5.8066,120,42.8285,54.5894,35.1717,5.9333,120,14.0515,14.7535,13.2775,0.2601,120,120,0,38.1939,50.9659,29.9081,6.4005,120,79.12,80.23,77.89,0.7,120,3.4456,3.4486,3.4419,0.0012,0.5731,0.5734,0.5725,0.0002,0.736,0.7395,0.7331,0.0016,-0.0001,-0.0001,-0.0001,0,0.0005,0.0007,0.0004,0.0001,0.0004,0.0005,0.0003,0,0.0382,0.051,0.0299,0.0064,228.4667,548,80,94.6896,0,0,0,0,319.5833,1001,99,122.5378,40,46.3333,47,41,23.68,23.68,23.63
2022-11-06 16:30:00,2.6399,5.0308,0.6792,0.907,120,98.9912,30.433,120,73.8634,74.1295,73.4581,0.1534,120,27.1434,27.2832,27.0513,0.0624,120,1006.8564,1007.0986,1006.7141,0.0886,120,34.2573,39.4094,29.3173,2.891,120,34.1212,39.5678,29.3097,2.8323,120,13.8672,14.2604,13.2775,0.2434,120,120,0,29.6004,34.4859,25.3304,2.536,120,81.51,82.82,80.23,0.69,120,3.4476,3.4516,3.4452,0.0015,0.5714,0.5728,0.5705,0.0006,0.7386,0.7413,0.7346,0.0015,-0.0001,-0.0001,-0.0001,0,0.0004,0.0005,0.0004,0,0.0003,0.0003,0.0002,0,0.0296,0.0345,0.0253,0.0025,264.1167,524,51,98.5866,0,0,0,0,287.6333,809,60,96.0298,40,46.5167,49,41,23.68,23.68,23.68
2022-11-06 16:40:00,2.4179,4.2304,0.7344,0.8259,120,111.0685,35.1993,120,74.1521,74.3736,73.9769,0.1054,120,27.0674,27.1062,27.033,0.0169,120,1007.0116,1007.1169,1006.7141,0.0998,120,33.33,37.2472,29.0764,1.6957,120,33.138,37.0036,28.9436,1.6893,120,13.8754,14.2604,13.2775,0.2131,120,120,0,29.3156,32.6548,26.5511,1.3213,120,83.91,85.15,82.82,0.7,120,3.4502,3.4519,3.4452,0.0017,0.5707,0.5711,0.5703,0.0002,0.7415,0.7437,0.7398,0.0011,-0.0001,-0.0001,-0.0001,0,0.0004,0.0005,0.0004,0,0.0003,0.0003,0.0002,0,0.0293,0.0327,0.0266,0.0013,239.9917,437,57,89.7695,0,0,0,0,319.2833,590,116,101.0269,40,46.35,49,41,23.68,23.68,23.68
2022-11-06 16:50:00,2.7375,5.316,0.8724,0.87,120,104.4467,25.4662,120,74.3342,74.5567,74.0684,0.1299,120,27.0754,27.1154,26.9994,0.0274,120,1007.1001,1007.3,1006.8972,0.084,120,19.809,29.0764,8.6512,6.0305,120,19.445,28.5762,8.4262,6.0664,120,13.9082,14.2604,13.7689,0.2224,120,120,0,18.6316,26.2459,8.24,5.3679,120,86.3,87.48,85.15,0.7,120,3.4517,3.455,3.4483,0.0014,0.5707,0.5712,0.57,0.0003,0.7433,0.7456,0.7407,0.0013,-0.0001,-0.0001,-0.0001,0,0.0003,0.0004,0.0001,0.0001,0.0002,0.0002,0.0001,0.0001,0.0186,0.0262,0.0082,0.0054,274.7333,555,72,94.5706,0,0,0,0,299,614,156,74.6343,39.8,43,47,39,23.68,23.68,23.63
2022-11-06 17:00:00,2.3047,4.0924,0.486,0.7599,120,92.2724,34.0262,120,74.8174,74.984,74.5872,0.0929,120,26.9815,27.0269,26.9414,0.0173,120,1007.215,1007.4465,1007.0803,0.0931,120,5.539,8.4102,3.1236,1.4551,120,5.3369,8.06,3.2977,1.3288,120,13.8672,14.2604,13.2775,0.2262,120,120,0,5.2314,8.24,3.357,1.2324,120,88.68,89.8,87.48,0.7,120,3.4536,3.4574,3.4513,0.0016,0.5698,0.5703,0.5694,0.0002,0.7482,0.7498,0.7459,0.0009,-0.0001,-0.0001,-0.0001,0,0.0001,0.0001,0,0,0,0.0001,0,0,0.0052,0.0082,0.0034,0.0012,227.6833,422,30,82.5973,0,0,0,0,265.7083,616,7,99.7587,39,41.6167,47,39,23.68,23.68,23.68
2022-11-06 17:10:00,2.1201,3.936,0.624,0.6468,120,115.7039,39.6805,120,75.0064,75.1976,74.8314,0.0866,120,26.9919,27.0299,26.9536,0.0189,120,1007.3099,1007.4648,1007.0986,0.0711,120,1.2235,3.1236,0,1.0066,120,1.2242,3.2977,0,1.0867,120,13.8263,14.2604,13.2775,0.1708,120,120,0,1.8082,3.357,0.3052,0.917,120,89.8,89.8,89.8,0,3,3.4552,3.4577,3.4516,0.0012,0.5699,0.5703,0.5695,0.0002,0.7501,0.752,0.7483,0.0009,-0.0001,-0.0001,-0.0001,0,0,0,0,0,0,0,0,0,0.0018,0.0034,0.0003,0.0009,207.6167,405,45,70.2991,0,0,0,0,333.6083,678,25,116.1296,39,41.7667,47,39,23.68,23.68,23.68
2022-11-06 17:20:00,2.456,4.9848,0.6884,0.7869,120,100.3329,32.2615,120,75.0654,75.3197,74.8924,0.122,120,26.9188,26.9964,26.8529,0.038,120,1007.4497,1007.6296,1007.4282,0.0427,120,0,0,0,0,120,0,0,0,0,120,13.9,14.2604,13.7689,0.2182,120,120,0,0.0229,0.3052,0,0.0807,120,None,None,None,None,0,3.4575,3.4605,3.4571,0.0007,0.5692,0.57,0.5685,0.0004,0.7507,0.7532,0.7489,0.0012,-0.0001,-0.0001,-0.0001,0,0,0,0,0,0,0,0,0,0,0.0003,0,0.0001,244.125,519,52,85.5277,0,0,0,0,299.175,940,52,117.5267,39,41.75,47,39,23.68,23.68,23.63
2022-11-06 17:30:00,2.8176,5.3712,0.7528,1.0804,120,92.5167,25.9967,120,75.1279,75.3197,74.8924,0.1262,120,26.7825,26.8834,26.7248,0.0375,120,1007.5774,1007.6479,1007.4282,0.0772,120,0,0,0,0,120,0,0,0,0,120,13.8713,14.2604,13.2775,0.2103,120,120,0,0,0,0,0,120,None,None,None,None,0,3.4596,3.4608,3.4571,0.0013,0.5678,0.5688,0.5673,0.0004,0.7513,0.7532,0.7489,0.0013,-0.0001,-0.0001,-0.0001,0,0,0,0,0,0,0,0,0,0,0,0,0,283.4333,561,59,117.4335,0,0,0,0,267.8083,792,106,83.5549,39,41.65,47,39,23.68,23.68,23.63
2022-11-06 17:40:00,1.8474,3.9176,0.3572,0.8134,120,89.599,46.3073,120,75.0102,75.1671,74.8314,0.0798,120,26.7498,26.795,26.6912,0.0288,120,1007.6745,1007.831,1007.4282,0.0882,120,0,0,0,0,120,0,0,0,0,120,13.8386,14.2604,13.2775,0.1943,120,120,0,0,0,0,0,120,None,None,None,None,0,3.4612,3.4639,3.4571,0.0015,0.5675,0.5679,0.5669,0.0003,0.7501,0.7517,0.7483,0.0008,-0.0001,-0.0001,-0.0001,0,0,0,0,0,0,0,0,0,0,0,0,0,177.975,403,16,88.4103,0,0,0,0,297.2917,963,7,168.4368,38.2,41.7167,47,39,23.68,23.68,23.63
2022-11-06 17:50:00,1.6116,3.6876,0.3204,0.7876,120,101.5318,43.7741,120,75.0783,75.1976,74.9229,0.056,120,26.7182,26.7553,26.6729,0.0167,120,1007.8335,1007.9958,1007.6113,0.0749,120,0,0,0,0,120,0,0,0,0,120,13.8549,14.2604,13.7689,0.1875,120,120,0,0,0,0,0,120,None,None,None,None,0,3.4639,3.4666,3.4602,0.0012,0.5672,0.5675,0.5667,0.0002,0.7508,0.752,0.7492,0.0006,-0.0001,-0.0001,-0.0001,0,0,0,0,0,0,0,0,0,0,0,0,0,152.35,378,12,85.6104,0,0,0,0,306.5333,793,66,134.6957,38,41.6,47,41,23.68,23.68,23.68
2022-11-06 18:00:00,2.1392,4.166,0.3296,0.9083,120,100.0636,33.3277,120,75.1101,75.2281,75.0145,0.0658,120,26.6725,26.7248,26.6118,0.0265,120,1007.9463,1008.179,1007.7761,0.0872,120,0,0,0,0,120,0,0,0,0,120,13.9409,14.2604,13.7689,0.2354,120,120,0,0,0,0,0,120,None,None,None,None,0,3.4658,3.4696,3.4629,0.0015,0.5667,0.5673,0.5661,0.0003,0.7511,0.7523,0.7501,0.0007,-0.0001,-0.0001,-0.0001,0,0,0,0,0,0,0,0,0,0,0,0,0,209.7,430,13,98.728,0,0,0,0,297.4917,963,62,114.7208,38,41.8333,47,39,23.68,23.68,23.63
2022-11-06 18:10:00,1.898,4.0004,0.5228,0.6312,120,110.8289,37.0128,120,75.4685,75.7775,75.1976,0.1473,120,26.6863,26.8041,26.6057,0.0459,120,1008.0546,1008.179,1007.9592,0.0918,120,0,0,0,0,120,0,0,0,0,120,13.9696,14.2604,13.7689,0.2426,120,120,0,0,0,0,0,120,None,None,None,None,0,3.4676,3.4696,3.466,0.0015,0.5669,0.568,0.5661,0.0005,0.7547,0.7578,0.752,0.0015,-0.0001,-0.0001,-0.0001,0,0,0,0,0,0,0,0,0,0,0,0,0,183.475,412,34,68.6122,0,0,0,0,338.2917,924,52,134.6062,38,41.6833,47,39,23.68,23.68,23.63
2022-11-06 18:20:00,2.8539,5.0032,0.6976,0.9352,120,104.6693,34.4847,120,75.5992,75.7775,75.3502,0.0894,120,26.7416,26.8194,26.6637,0.039,120,1008.1591,1008.3621,1007.9775,0.0627,120,0,0,0,0,120,0,0,0,0,120,13.9696,14.2604,13.7689,0.2426,120,120,0,0,0,0,0,120,None,None,None,None,0,3.4693,3.4727,3.4663,0.001,0.5674,0.5682,0.5666,0.0004,0.756,0.7578,0.7535,0.0009,-0.0001,-0.0001,-0.0001,0,0,0,0,0,0,0,0,0,0,0,0,0,287.3833,521,53,101.6515,0,0,0,0,302.9667,656,10,101.8608,38,41.8167,47,39,23.68,23.68,23.68
2022-11-06 18:30:00,2.4664,5.5,0.992,0.9428,120,100.4472,25.8419,120,75.6032,75.808,75.3502,0.1193,120,26.6935,26.7339,26.6393,0.0192,120,1008.2859,1008.3621,1008.1423,0.0898,120,0,0,0,0,120,0,0,0,0,120,13.9123,14.2604,13.7689,0.2243,120,120,0,0,0,0,0,120,None,None,None,None,0,3.4714,3.4727,3.469,0.0015,0.5669,0.5673,0.5664,0.0002,0.756,0.7581,0.7535,0.0012,-0.0001,-0.0001,-0.0001,0,0,0,0,0,0,0,0,0,0,0,0,0,245.2583,575,85,102.4785,0,0,0,0,292.35,980,40,94.5541,38,41.6,47,39,23.68,23.68,23.63
2022-11-06 18:40:00,2.6124,5.132,0.8264,0.9113,120,97.6932,29.5634,120,75.3683,75.5028,75.1671,0.0917,120,26.6436,26.6851,26.6149,0.0138,120,1008.3058,1008.3621,1008.124,0.0801,120,0,0,0,0,120,0,0,0,0,120,13.9,14.2604,13.7689,0.2182,120,120,0,0,0,0,0,120,None,None,None,None,0,3.4718,3.4727,3.4687,0.0013,0.5664,0.5668,0.5662,0.0001,0.7537,0.755,0.7517,0.0009,-0.0001,-0.0001,-0.0001,0,0,0,0,0,0,0,0,0,0,0,0,0,261.125,535,67,99.0525,0,0,0,0,293.175,952,55,117.0932,38,41.5167,47,39,23.68,23.68,23.63
2022-11-06 18:50:00,2.3206,4.764,1.0196,0.8699,120,100.1112,38.2947,120,75.1905,75.2892,75.045,0.0565,120,26.6113,26.6576,26.5752,0.0176,120,1008.3557,1008.5452,1008.1423,0.0586,120,0,0,0,0,120,0,0,0,0,120,13.8631,14.2604,13.2775,0.2044,120,120,0,0,0,0,0,120,None,None,None,None,0,3.4726,3.4758,3.469,0.001,0.5661,0.5666,0.5657,0.0002,0.7519,0.7529,0.7505,0.0006,-0.0001,-0.0001,-0.0001,0,0,0,0,0,0,0,0,0,0,0,0,0,229.4083,495,88,94.5505,0,0,0,0,324.1,1022,54,167.0551,37.6,41.6833,47,39,23.68,23.68,23.63
2022-11-06 19:00:00,2.6549,5.4264,0.7344,0.9876,120,102.5325,28.1282,120,75.177,75.3197,75.0755,0.0462,120,26.6126,26.6485,26.5661,0.0175,120,1008.3892,1008.5452,1008.1423,0.0875,120,0,0,0,0,120,0,0,0,0,120,13.9082,14.2604,13.2775,0.2399,120,120,0,0,0,0,0,120,None,None,None,None,0,3.4732,3.4758,3.469,0.0015,0.5661,0.5665,0.5657,0.0002,0.7518,0.7532,0.7508,0.0005,-0.0001,-0.0001,-0.0001,0,0,0,0,0,0,0,0,0,0,0,0,0,265.75,567,57,107.3475,0,0,0,0,295.3417,636,78,84.0554,37,41.8167,47,39,23.68,23.68,23.63
2022-11-06 19:10:00,2.6636,5.2516,0.4768,1.0103,120,101.2451,30.4252,120,75.5689,75.9911,75.3197,0.1851,120,26.5998,26.6485,26.5539,0.0193,120,1008.5282,1008.7283,1008.3254,0.0741,120,0,0,0,0,120,0,0,0,0,120,13.945,14.2604,13.7689,0.2366,120,120,0,0,0,0,0,120,None,None,None,None,0,3.4755,3.4788,3.4721,0.0012,0.566,0.5665,0.5655,0.0002,0.7557,0.7599,0.7532,0.0019,-0.0001,-0.0001,-0.0001,0,0,0,0,0,0,0,0,0,0,0,0,0,266.7,548,29,109.8123,0,0,0,0,298.1417,907,136,101.4831,37,41.45,47,39,23.68,23.68,23.63
2022-11-06 19:20:00,2.1235,4.0372,0.7712,0.6776,120,108.5641,30.3451,120,76.3848,76.7235,75.9606,0.2263,120,26.6194,26.6729,26.56,0.0267,120,1008.7793,1008.9297,1008.5086,0.1234,120,0,0,0,0,120,0,0,0,0,120,13.9328,14.2604,13.2775,0.2495,120,120,0,0,0,0,0,120,None,None,None,None,0,3.4797,3.4822,3.4751,0.0021,0.5662,0.5667,0.5656,0.0003,0.7638,0.7672,0.7596,0.0023,-0.0001,-0.0001,-0.0001,0,0,0,0,0,0,0,0,0,0,0,0,0,207.9917,416,61,73.6482,0,0,0,0,317.0083,1002,121,104.0021,37,41.6333,47,39,23.68,23.68,23.63
2022-11-06 19:30:00,2.1283,4.5984,0.8172,0.7351,120,115.4916,33.7325,120,77.1928,77.456,76.693,0.2265,120,26.6081,26.6729,26.5508,0.0235,120,1008.9114,1009.0945,1008.71,0.0588,120,0,0,0,0,120,0,0,0,0,120,14.0024,14.7535,13.7689,0.2546,120,120,0,0,0,0,0,120,None,None,None,None,0,3.4819,3.4849,3.4785,0.001,0.5661,0.5667,0.5655,0.0002,0.7719,0.7746,0.7669,0.0023,-0.0001,-0.0001,-0.0001,0,0,0,0,0,0,0,0,0,0,0,0,0,208.5083,477,66,79.903,0,0,0,0,329.8917,621,57,97.7877,37,41.6,47,41,23.68,23.68,23.63
2022-11-06 19:40:00,2.3735,4.3776,0.8448,0.8557,120,110.3533,28.2199,120,77.6083,77.8832,77.3949,0.1363,120,26.5781,26.6485,26.505,0.0268,120,1008.9521,1009.2593,1008.6917,0.0936,120,0,0,0,0,120,0,0,0,0,120,13.9696,14.2604,13.7689,0.2426,120,120,0,0,0,0,0,120,None,None,None,None,0,3.4825,3.4877,3.4782,0.0016,0.5658,0.5665,0.5651,0.0003,0.7761,0.7788,0.7739,0.0014,-0.0001,-0.0001,-0.0001,0,0,0,0,0,0,0,0,0,0,0,0,0,235.1583,453,69,93.0153,0,0,0,0,314.75,584,111,81.2566,37,41.9333,47,39,23.68,23.68,23.63
2022-11-06 19:50:00,2.2351,4.9572,0.6608,0.9579,120,103.4856,33.8518,120,77.7072,77.9138,77.517,0.1081,120,26.6019,26.6759,26.5233,0.0302,120,1009.1388,1009.2776,1009.0579,0.0871,120,0,0,0,0,120,0,0,0,0,120,13.9368,14.2604,13.7689,0.2341,120,120,0,0,0,0,0,120,None,None,None,None,0,3.4856,3.488,3.4843,0.0015,0.566,0.5668,0.5652,0.0003,0.7771,0.7791,0.7752,0.0011,-0.0001,-0.0001,-0.0001,0,0,0,0,0,0,0,0,0,0,0,0,0,220.125,516,49,104.1196,0,0,0,0,297.125,571,36,98.3027,37,41.4833,47,39,23.68,23.68,23.63
2022-11-06 20:00:00,1.8433,3.3012,0.5044,0.6449,120,109.5073,36.0513,120,77.6076,77.7001,77.517,0.0475,120,26.573,26.624,26.5203,0.0231,120,1009.3284,1009.4607,1009.241,0.0904,120,0,0,0,0,120,0,0,0,0,120,13.9164,14.7535,13.2775,0.2435,120,120,0,0,0,0,0,120,None,None,None,None,0,3.4888,3.491,3.4874,0.0015,0.5657,0.5662,0.5652,0.0002,0.7761,0.777,0.7752,0.0005,-0.0001,-0.0001,-0.0001,0,0,0,0,0,0,0,0,0,0,0,0,0,177.5333,336,32,70.0946,0,0,0,0,324.6,853,118,114.8189,37,41.5333,47,39,23.68,23.68,23.63
2022-11-06 20:10:00,2.0968,5.0952,0.5228,0.9401,120,99.8824,27.9996,120,77.5605,77.7001,77.3644,0.0806,120,26.5777,26.6546,26.4928,0.0376,120,1009.3313,1009.4607,1009.0762,0.0944,120,0,0,0,0,120,0,0,0,0,120,13.9164,14.2604,13.7689,0.2262,120,120,0,0,0,0,0,120,None,None,None,None,0,3.4889,3.491,3.4846,0.0016,0.5658,0.5665,0.5649,0.0004,0.7756,0.777,0.7736,0.0008,-0.0001,-0.0001,-0.0001,0,0,0,0,0,0,0,0,0,0,0,0,0,205.0833,531,34,102.1836,0,0,0,0,283.6917,562,35,81.7727,37,41.65,47,39,23.68,23.68,23.63
2022-11-06 20:20:00,2.1728,4.0188,0.624,0.763,120,105.1836,37.2346,120,77.4733,77.6086,77.3339,0.061,120,26.4808,26.563,26.4165,0.0312,120,1009.4653,1009.6438,1009.2593,0.0769,120,0,0,0,0,120,0,0,0,0,120,13.8754,14.2604,13.2775,0.2224,120,120,0,0,0,0,0,120,None,None,None,None,0,3.4911,3.4941,3.4877,0.0013,0.5648,0.5656,0.5642,0.0003,0.7747,0.7761,0.7733,0.0006,-0.0001,-0.0001,-0.0001,0,0,0,0,0,0,0,0,0,0,0,0,0,213.35,414,45,82.9395,0,0,0,0,313.4333,888,11,122.9909,36.3,41.5333,47,39,23.68,23.68,23.63
2022-11-06 20:30:00,1.9106,3.6324,0.4676,0.7569,120,100.601,28.2839,120,77.1907,77.456,76.9677,0.1219,120,26.4723,26.5294,26.4196,0.0211,120,1009.572,1009.827,1009.4241,0.0882,120,0,0,0,0,120,0,0,0,0,120,13.9246,14.2604,13.2775,0.2383,120,120,0,0,0,0,0,120,None,None,None,None,0,3.4929,3.4971,3.4904,0.0015,0.5647,0.5653,0.5642,0.0002,0.7719,0.7746,0.7697,0.0012,-0.0001,-0.0001,-0.0001,0,0,0,0,0,0,0,0,0,0,0,0,0,184.85,372,28,82.2667,0,0,0,0,286.8917,561,46,82.2708,36,41.4667,47,39,23.68,23.68,23.63
2022-11-06 20:40:00,1.7516,4.0556,0.4768,0.728,120,102.9485,31.3566,120,76.941,77.0898,76.8151,0.066,120,26.4867,26.5355,26.4318,0.0214,120,1009.6037,1009.827,1009.4241,0.0657,120,0,0,0,0,120,0,0,0,0,120,13.9,14.2604,13.7689,0.2182,120,120,0,0,0,0,0,120,None,None,None,None,0,3.4934,3.4971,3.4904,0.0011,0.5649,0.5654,0.5643,0.0002,0.7694,0.7709,0.7682,0.0007,-0.0001,-0.0001,-0.0001,0,0,0,0,0,0,0,0,0,0,0,0,0,167.5667,418,29,79.1286,0,0,0,0,295.425,639,52,92.6527,36,41.75,47,39,23.68,23.68,23.63
2022-11-06 20:50:00,1.993,4.212,0.8632,0.6497,120,101.3932,23.3291,120,77.2202,77.4255,76.9677,0.1182,120,26.4763,26.5325,26.3891,0.0271,120,1009.6587,1009.827,1009.6072,0.075,120,0,0,0,0,120,0,0,0,0,120,13.8959,14.2604,13.7689,0.216,120,120,0,0,0,0,0,120,None,None,None,None,0,3.4943,3.4971,3.4935,0.0013,0.5648,0.5653,0.5639,0.0003,0.7722,0.7743,0.7697,0.0012,-0.0001,-0.0001,-0.0001,0,0,0,0,0,0,0,0,0,0,0,0,0,193.8083,435,71,70.617,0,0,0,0,287.0833,467,18,68.0244,36,41.7667,47,41,23.68,23.68,23.63
2022-11-06 21:00:00,1.9467,3.7612,0.3112,0.8168,120,103.9783,34.9442,120,77.7332,77.9443,77.3949,0.1427,120,26.4242,26.4837,26.3768,0.0231,120,1009.6368,1009.827,1009.4241,0.0943,120,0,0,0,0,120,0,0,0,0,120,13.8877,14.2604,13.7689,0.2113,120,120,0,0,0,0,0,120,None,None,None,None,0,3.4939,3.4971,3.4904,0.0016,0.5642,0.5648,0.5638,0.0002,0.7773,0.7794,0.7739,0.0014,-0.0001,-0.0001,-0.0001,0,0,0,0,0,0,0,0,0,0,0,0,0,188.775,386,11,88.7824,0,0,0,0,312.8083,1018,54,130.0529,36,41.3333,47,39,23.67,23.68,23.63
2022-11-06 21:10:00,1.957,3.8624,0.8724,0.6392,120,94.8621,30.8624,120,77.971,78.1579,77.8222,0.062,120,26.432,26.5081,26.325,0.0409,120,1009.5712,1009.6438,1009.4241,0.0842,120,0,0,0,0,120,0,0,0,0,120,13.8427,14.2604,13.2775,0.1979,120,120,0,0,0,0,0,120,None,None,None,None,0,3.4929,3.4941,3.4904,0.0014,0.5643,0.5651,0.5633,0.0004,0.7797,0.7816,0.7782,0.0006,-0.0001,-0.0001,-0.0001,0,0,0,0,0,0,0,0,0,0,0,0,0,189.8917,397,72,69.4756,0,0,0,0,277.9833,955,15,105.9592,36,41.8167,47,39,23.67,23.68,23.63
2022-11-06 21:20:00,1.9324,3.6416,0.7804,0.6835,120,103.1655,30.0238,120,78.313,78.5241,78.0663,0.1098,120,26.328,26.4135,26.2578,0.0322,120,1009.5401,1009.6438,1009.241,0.093,120,0,0,0,0,120,0,0,0,0,120,13.8222,14.2604,13.2775,0.2188,120,120,0,0,0,0,0,120,None,None,None,None,0,3.4923,3.4941,3.4874,0.0016,0.5633,0.5641,0.5626,0.0003,0.7831,0.7852,0.7807,0.0011,-0.0001,-0.0001,-0.0001,0,0,0,0,0,0,0,0,0,0,0,0,0,187.2167,373,62,74.2904,0,0,0,0,294.5667,562,66,86.9617,36,41.8,47,39,23.67,23.68,23.63
2022-11-06 21:30:00,2.085,3.7888,0.5964,0.7933,120,95.9931,31.8513,120,78.6452,78.9209,78.4326,0.1235,120,26.2705,26.3463,26.209,0.0263,120,1009.4241,1009.6255,1009.2227,0.0567,120,0,0,0,0,120,0,0,0,0,120,13.8549,14.2604,13.2775,0.2176,120,120,0,0,0,0,0,120,None,None,None,None,0,3.4904,3.4938,3.487,0.0009,0.5627,0.5635,0.5621,0.0003,0.7865,0.7892,0.7843,0.0012,-0.0001,-0.0001,-0.0001,0,0,0,0,0,0,0,0,0,0,0,0,0,203.8083,389,42,86.2299,0,0,0,0,283.975,1004,4,113.6924,36,41.65,47,39,23.67,23.68,23.63
2022-11-06 21:40:00,1.8463,4.442,0.5044,0.7758,120,109.2875,35.8076,120,78.8934,79.0124,78.7378,0.0585,120,26.2597,26.3158,26.212,0.021,120,1009.4264,1009.6255,1009.241,0.0665,120,0,0,0,0,120,0,0,0,0,120,13.9328,14.2604,13.7689,0.2326,120,120,0,0,0,0,0,120,None,None,None,None,0,3.4904,3.4938,3.4874,0.0011,0.5626,0.5632,0.5621,0.0002,0.7889,0.7901,0.7874,0.0006,-0.0001,-0.0001,-0.0001,0,0,0,0,0,0,0,0,0,0,0,0,0,177.8583,460,32,84.3243,0,0,0,0,319.7667,896,105,111.5551,36,41.6667,47,39,23.67,23.68,23.63
2022-11-06 21:50:00,2.6416,5.5828,0.7988,0.9419,120,98.5408,29.7188,120,78.8664,79.104,78.6157,0.1192,120,26.2906,26.3707,26.1937,0.0399,120,1009.2822,1009.6072,1009.0579,0.1035,120,0,0,0,0,120,0,0,0,0,120,13.8386,14.2604,13.2775,0.2409,120,120,0,0,0,0,0,120,None,None,None,None,0,3.488,3.4935,3.4843,0.0017,0.5629,0.5637,0.5619,0.0004,0.7887,0.791,0.7862,0.0012,-0.0001,-0.0001,-0.0001,0,0,0,0,0,0,0,0,0,0,0,0,0,264.3083,584,64,102.3829,0,0,0,0,282.7417,614,78,87.4856,36,41.4333,47,39,23.67,23.68,23.63
2022-11-06 22:00:00,2.118,4.4604,0.7804,0.8054,120,99.4247,27.0207,120,78.5185,78.7072,78.341,0.0893,120,26.2956,26.3707,26.209,0.0344,120,1009.1945,1009.2593,1009.0396,0.0807,120,0,0,0,0,120,0,0,0,0,120,13.8017,14.2604,13.2775,0.1988,120,120,0,0,0,0,0,120,None,None,None,None,0,3.4866,3.4877,3.484,0.0013,0.563,0.5637,0.5621,0.0003,0.7852,0.7871,0.7834,0.0009,-0.0001,-0.0001,-0.0001,0,0,0,0,0,0,0,0,0,0,0,0,0,207.3917,462,62,87.5388,0,0,0,0,282.5167,528,35,78.3805,36,41.65,47,39,23.67,23.68,23.63
2022-11-06 22:10:00,1.5126,3.43,0.3572,0.6049,120,110.7222,38.9762,120,78.4733,78.5546,78.3715,0.0423,120,26.2657,26.3219,26.2029,0.0218,120,1009.1087,1009.2593,1008.8565,0.0862,120,0,0,0,0,120,0,0,0,0,120,13.7607,14.2604,13.2775,0.2206,120,120,0,0,0,0,0,120,None,None,None,None,0,3.4851,3.4877,3.4809,0.0014,0.5627,0.5632,0.562,0.0002,0.7847,0.7855,0.7837,0.0004,-0.0001,-0.0001,-0.0001,0,0,0,0,0,0,0,0,0,0,0,0,0,141.5917,350,16,65.7482,0,0,0,0,326.3167,916,100,121.7644,36,41.5667,47,39,23.67,23.68,23.63
2022-11-06 22:20:00,1.8488,3.7428,0.5412,0.851,120,98.18,35.5599,120,78.5783,78.7378,78.4021,0.0816,120,26.2368,26.2822,26.1815,0.0215,120,1008.9694,1009.0762,1008.8565,0.0927,120,0,0,0,0,120,0,0,0,0,120,13.8959,14.2604,13.2775,0.2341,120,120,0,0,0,0,0,120,None,None,None,None,0,3.4828,3.4846,3.4809,0.0015,0.5624,0.5628,0.5618,0.0002,0.7858,0.7874,0.784,0.0008,-0.0001,-0.0001,-0.0001,0,0,0,0,0,0,0,0,0,0,0,0,0,178.1333,384,36,92.5028,0,0,0,0,291.6583,916,73,117.8791,35.1,41.7,47,39,23.67,23.68,23.63
2022-11-06 22:30:00,2.3423,4.8928,0.762,0.8299,120,99.4967,37.0478,120,78.7093,78.8598,78.5546,0.0716,120,26.1935,26.2487,26.1449,0.0215,120,1008.8719,1009.0579,1008.6734,0.0433,120,0,0,0,0,120,0,0,0,0,120,13.8345,14.2604,13.2775,0.2008,120,120,0,0,0,0,0,120,None,None,None,None,0,3.4812,3.4843,3.4779,0.0007,0.5619,0.5625,0.5615,0.0002,0.7871,0.7886,0.7855,0.0007,-0.0001,-0.0001,-0.0001,0,0,0,0,0,0,0,0,0,0,0,0,0,231.775,509,60,90.2034,0,0,0,0,294.6833,883,48,118.5596,35,41.6333,47,39,23.67,23.68,23.63
2022-11-06 22:40:00,2.0611,3.614,0.6976,0.7218,120,96.8852,32.2101,120,78.6701,78.7683,78.5241,0.0527,120,26.1986,26.2426,26.151,0.0198,120,1008.8449,1008.8931,1008.655,0.0697,120,0,0,0,0,120,0,0,0,0,120,13.8222,14.2604,13.2775,0.1994,120,120,0,0,0,0,0,120,None,None,None,None,0,3.4807,3.4816,3.4776,0.0012,0.562,0.5624,0.5615,0.0002,0.7867,0.7877,0.7852,0.0005,-0.0001,-0.0001,-0.0001,0,0,0,0,0,0,0,0,0,0,0,0,0,201.2083,370,53,78.4618,0,0,0,0,279.1333,769,45,98.5798,35,41.45,47,39,23.67,23.68,23.63
2022-11-06 22:50:00,2.0758,3.7888,0.762,0.7512,120,96.8833,27.2856,120,78.6439,78.7683,78.5546,0.0426,120,26.2071,26.2548,26.1571,0.0192,120,1008.8321,1009.0396,1008.655,0.0808,120,0,0,0,0,120,0,0,0,0,120,13.7771,14.2604,13.2775,0.2013,120,120,0,0,0,0,0,120,None,None,None,None,0,3.4805,3.484,3.4776,0.0013,0.5621,0.5625,0.5616,0.0002,0.7864,0.7877,0.7855,0.0004,-0.0001,-0.0001,-0.0001,0,0,0,0,0,0,0,0,0,0,0,0,0,202.8083,389,60,81.6488,0,0,0,0,276.5,586,91,79.6064,35,41.85,47,39,23.67,23.68,23.63
2022-11-06 23:00:00,1.6917,3.8624,0.532,0.7624,120,98.6816,39.6352,120,78.735,78.9209,78.5852,0.0719,120,26.1581,26.2365,26.0808,0.0328,120,1008.7294,1008.8748,1008.4536,0.1091,120,0,0,0,0,120,0,0,0,0,120,13.7362,14.2604,13.2775,0.1772,120,120,0,0,0,0,0,120,None,None,None,None,0,3.4788,3.4812,3.4742,0.0018,0.5616,0.5624,0.5608,0.0003,0.7873,0.7892,0.7859,0.0007,-0.0001,-0.0001,-0.0001,0,0,0,0,0,0,0,0,0,0,0,0,0,161.05,397,35,82.8712,0,0,0,0,303.475,1007,74,144.3163,35,41.5167,47,39,23.67,23.68,23.63
2022-11-06 23:10:00,2.3565,3.8808,0.4492,0.7671,120,99.5076,26.9884,120,78.9885,79.1345,78.8293,0.0787,120,26.0961,26.1571,26.0472,0.0221,120,1008.4991,1008.6917,1008.2888,0.1106,120,0,0,0,0,120,0,0,0,0,120,13.8631,14.2604,13.2775,0.2234,120,120,0,0,0,0,0,120,None,None,None,None,0,3.475,3.4782,3.4715,0.0018,0.561,0.5616,0.5605,0.0002,0.7899,0.7913,0.7883,0.0008,-0.0001,-0.0001,-0.0001,0,0,0,0,0,0,0,0,0,0,0,0,0,233.3167,399,26,83.3784,0,0,0,0,295.35,940,106,103.8954,35,41.5833,47,39,23.67,23.68,23.63
2022-11-06 23:20:00,2.1201,4.2948,0.5044,0.8142,120,106.8784,34.6329,120,79.0498,79.165,78.9209,0.067,120,26.0994,26.148,26.0472,0.0203,120,1008.3296,1008.4902,1008.1057,0.0726,120,0,0,0,0,120,0,0,0,0,120,13.7935,14.2604,13.2775,0.2284,120,120,0,0,0,0,0,120,None,None,None,None,0,3.4722,3.4748,3.4684,0.0012,0.561,0.5615,0.5605,0.0002,0.7905,0.7917,0.7892,0.0007,-0.0001,-0.0001,-0.0001,0,0,0,0,0,0,0,0,0,0,0,0,0,207.6167,444,32,88.505,0,0,0,0,317.1167,998,114,116.3281,35,41.65,47,39,23.67,23.68,23.63
2022-11-06 23:30:00,1.97,4.166,0.2836,0.8046,120,103.4762,36.6284,120,78.9323,79.0429,78.8293,0.0486,120,26.1,26.1419,26.0472,0.0195,120,1008.0488,1008.3071,1007.9043,0.1206,120,0,0,0,0,120,0,0,0,0,120,13.7689,14.2604,13.2775,0.1802,120,120,0,0,0,0,0,120,None,None,None,None,0,3.4675,3.4718,3.4651,0.002,0.561,0.5614,0.5605,0.0002,0.7893,0.7904,0.7883,0.0005,-0.0001,-0.0001,-0.0001,0,0,0,0,0,0,0,0,0,0,0,0,0,191.3,430,8,87.4518,0,0,0,0,320.875,1009,158,137.3795,35,41.85,47,39,23.66,23.68,23.63
2022-11-06 23:40:00,2.1266,3.706,1.0012,0.5925,120,98.4911,24.8527,120,78.868,78.9819,78.7378,0.0469,120,26.0858,26.1388,26.032,0.0209,120,1007.8822,1007.9409,1007.7212,0.0736,120,0,0,0,0,120,0,0,0,0,120,13.7771,14.2604,13.2775,0.1684,120,120,0,0,0,0,0,120,None,None,None,None,0,3.4647,3.4657,3.462,0.0012,0.5609,0.5614,0.5603,0.0002,0.7887,0.7898,0.7874,0.0005,-0.0001,-0.0001,-0.0001,0,0,0,0,0,0,0,0,0,0,0,0,0,208.325,380,86,64.4064,0,0,0,0,284.425,889,15,86.1721,35,41.4333,47,39,23.66,23.68,23.63
2022-11-06 23:50:00,1.8803,3.1356,0.3756,0.5895,120,100.6444,22.0088,120,78.8769,79.0124,78.7988,0.0437,120,26.0382,26.1022,25.974,0.0256,120,1007.7486,1007.9226,1007.5381,0.0662,120,0,0,0,0,120,0,0,0,0,120,13.7321,14.2604,13.2775,0.2312,120,120,0,0,0,0,0,120,None,None,None,None,0,3.4625,3.4654,3.459,0.0011,0.5604,0.561,0.5597,0.0003,0.7888,0.7901,0.788,0.0004,-0.0001,-0.0001,-0.0001,0,0,0,0,0,0,0,0,0,0,0,0,0,181.5583,318,18,64.077,0,0,0,0,286.8,595,90,64.8767,35,43.0917,76,11,23.66,23.73,23.63
