datetime,Anemometer;wind_speed;Avg (m/s),Anemometer;wind_speed;Max (m/s),Anemometer;wind_speed;Min (m/s),Anemometer;wind_speed;StdDev (m/s),Anemometer;wind_speed;Count (),Wind Vane TMR;wind_direction;Avg (°),Wind Vane TMR;wind_direction;StdDev (°),Wind Vane TMR;wind_direction;Count (),Hygro/Thermo;humidity;Avg (%),Hygro/Thermo;humidity;Max (%),Hygro/Thermo;humidity;Min (%),Hygro/Thermo;humidity;StdDev (%),Hygro/Thermo;humidity;Count (),Hygro/Thermo;temperature;Avg (°C),Hygro/Thermo;temperature;Max (°C),Hygro/Thermo;temperature;Min (°C),Hygro/Thermo;temperature;StdDev (°C),Hygro/Thermo;temperature;Count (),Barometer;air_pressure;Avg (hPa),Barometer;air_pressure;Max (hPa),Barometer;air_pressure;Min (hPa),Barometer;air_pressure;StdDev (hPa),Barometer;air_pressure;Count (),DHI (Diffuse Horizontal Irradiance);solar_irradiance;Avg (W/m²),DHI (Diffuse Horizontal Irradiance);solar_irradiance;Max (W/m²),DHI (Diffuse Horizontal Irradiance);solar_irradiance;Min (W/m²),DHI (Diffuse Horizontal Irradiance);solar_irradiance;StdDev (W/m²),DHI (Diffuse Horizontal Irradiance);solar_irradiance;Count (),GHI (Global Horizontal Irradiance);solar_irradiance;Avg (W/m²),GHI (Global Horizontal Irradiance);solar_irradiance;Max (W/m²),GHI (Global Horizontal Irradiance);solar_irradiance;Min (W/m²),GHI (Global Horizontal Irradiance);solar_irradiance;StdDev (W/m²),GHI (Global Horizontal Irradiance);solar_irradiance;Count (),DNI (Direct Normal Irradiance) Pyrheliometer;solar_DNI;Avg (W/m²),DNI (Direct Normal Irradiance) Pyrheliometer;solar_DNI;Max (W/m²),DNI (Direct Normal Irradiance) Pyrheliometer;solar_DNI;Min (W/m²),DNI (Direct Normal Irradiance) Pyrheliometer;solar_DNI;StdDev (W/m²),DNI (Direct Normal Irradiance) Pyrheliometer;solar_DNI;Count (),Precipitation;precipitation;Count (),Precipitation;precipitation;Sum (mm),GTI (Global Tilt Irradiance) PV Cell;voltage;Avg (W/m2),GTI (Global Tilt Irradiance) PV Cell;voltage;Max (W/m2),GTI (Global Tilt Irradiance) PV Cell;voltage;Min (W/m2),GTI (Global Tilt Irradiance) PV Cell;voltage;StdDev (W/m2),GTI (Global Tilt Irradiance) PV Cell;voltage;Count (),Theta;other;Avg (°),Theta;other;Max (°),Theta;other;Min (°),Theta;other;StdDev (°),Theta;other;Count (),A1;channel;Avg (V),A1;channel;Max (V),A1;channel;Min (V),A1;channel;StdDev (V),A2;channel;Avg (V),A2;channel;Max (V),A2;channel;Min (V),A2;channel;StdDev (V),A3;channel;Avg (V),A3;channel;Max (V),A3;channel;Min (V),A3;channel;StdDev (V),A4;channel;Avg (V),A4;channel;Max (V),A4;channel;Min (V),A4;channel;StdDev (V),A5;channel;Avg (V),A5;channel;Max (V),A5;channel;Min (V),A5;channel;StdDev (V),A6;channel;Avg (V),A6;channel;Max (V),A6;channel;Min (V),A6;channel;StdDev (V),A7;channel;Avg (V),A7;channel;Max (V),A7;channel;Min (V),A7;channel;StdDev (V),C1;channel;Avg (I),C1;channel;Max (I),C1;channel;Min (I),C1;channel;StdDev (I),C2;channel;Avg (I),C2;channel;Max (I),C2;channel;Min (I),C2;channel;StdDev (I),D1;channel;Avg (),D1;channel;Max (),D1;channel;Min (),D1;channel;StdDev (),T;channel;Avg (°C),I;channel;Avg (mA),I;channel;Max (mA),I;channel;Min (mA),V;channel;Avg (V),V;channel;Max (V),V;channel;Min (V)
2022-11-19 00:00:00,1.4265,3.154,0.3664,0.5415,120,80.4119,39.3085,120,77.5931,77.6391,77.5475,0.0206,120,25.6396,25.6963,25.5895,0.0312,120,1007.398,1007.5564,1007.355,0.0594,120,0,0,0,0,120,0,0,0,0,120,13.6174,14.2604,13.2775,0.2366,120,120,0,0,0,0,0,120,None,None,None,None,0,3.4566,3.4593,3.4559,0.001,0.5564,0.557,0.5559,0.0003,0.7759,0.7764,0.7755,0.0002,-0.0001,-0.0001,-0.0001,0,0,0,0,0,0,0,0,0,0,0,0,0,132.225,320,17,58.8558,0,0,0,0,257.5083,932,7,144.1831,35,44.5333,53,41,23.67,23.68,23.63
2022-11-19 00:10:00,1.3837,2.9056,0.2744,0.5554,120,79.7689,43.7125,120,77.6556,77.7306,77.6086,0.0301,120,25.5877,25.6139,25.5711,0.0109,120,1007.3769,1007.5564,1007.355,0.024,120,0,0,0,0,120,0,0,0,0,120,13.6584,14.2604,13.2775,0.2157,120,120,0,0,0,0,0,120,None,None,None,None,0,3.4563,3.4593,3.4559,0.0004,0.5559,0.5561,0.5557,0.0001,0.7766,0.7773,0.7761,0.0003,-0.0001,-0.0001,-0.0001,0,0,0,0,0,0,0,0,0,0,0,0,0,127.575,293,7,60.3691,0,0,0,0,259.35,957,24,159.4618,35,41.7333,49,41,23.67,23.68,23.63
2022-11-19 00:20:00,1.1922,2.6112,0.2836,0.6687,120,92.8103,49.3986,120,77.5521,77.6696,77.4255,0.0751,120,25.6208,25.6444,25.6047,0.0102,120,1007.3435,1007.5381,1007.1718,0.076,120,0,0,0,0,120,0,0,0,0,120,13.6543,14.2604,13.2775,0.2274,120,120,0,0,0,0,0,120,None,None,None,None,0,3.4557,3.459,3.4529,0.0013,0.5562,0.5564,0.5561,0.0001,0.7755,0.7767,0.7743,0.0008,-0.0001,-0.0001,-0.0001,0,0,0,0,0,0,0,0,0,0,0,0,0,106.7583,261,8,72.684,0,0,0,0,298.1417,1004,9,171.0619,34.7,41.5667,47,39,23.67,23.68,23.63
2022-11-19 00:30:00,1.2875,3.154,0.2928,0.6501,120,90.6822,41.4321,120,77.4163,77.4865,77.3034,0.0438,120,25.564,25.6169,25.5315,0.0251,120,1007.2549,1007.3916,1007.1718,0.0926,120,0,0,0,0,120,0,0,0,0,120,13.601,14.2604,13.2775,0.2665,120,120,0,0,0,0,0,120,None,None,None,None,0,3.4542,3.4565,3.4529,0.0015,0.5556,0.5562,0.5553,0.0003,0.7742,0.7749,0.773,0.0004,-0.0001,-0.0001,-0.0001,0,0,0,0,0,0,0,0,0,0,0,0,0,117.125,320,9,70.6624,0,0,0,0,273.5167,776,54,128.3138,34,41.6667,47,39,23.67,23.68,23.63
2022-11-19 00:40:00,1.0078,2.3812,0,0.5263,120,89.1312,48.5401,120,77.2869,77.4255,77.1813,0.0535,120,25.5624,25.5834,25.5406,0.014,120,1007.2022,1007.3916,1006.9887,0.0675,120,0,0,0,0,120,0,0,0,0,120,13.5683,14.2604,12.786,0.2588,120,120,0,0,0,0,0,120,None,None,None,None,0,3.4534,3.4565,3.4498,0.0011,0.5556,0.5558,0.5554,0.0001,0.7729,0.7743,0.7718,0.0005,-0.0001,-0.0001,-0.0001,0,0,0,0,0,0,0,0,0,0,0,0,0,87.475,236,0,55.8715,0,0,0,0,291.0167,998,46,168.3603,34,41.75,47,39,23.67,23.68,23.63
2022-11-19 00:50:00,1.0954,2.3812,0,0.4585,120,79.4034,40.1134,120,77.2248,77.2729,77.1813,0.0219,120,25.531,25.5528,25.5162,0.0069,120,1007.1494,1007.2085,1006.9704,0.0702,120,0,0,0,0,120,0,0,0,0,120,13.642,14.2604,13.2775,0.2252,120,120,0,0,0,0,0,120,None,None,None,None,0,3.4525,3.4535,3.4495,0.0012,0.5553,0.5555,0.5552,0.0001,0.7722,0.7727,0.7718,0.0002,-0.0001,-0.0001,-0.0001,0,0,0,0,0,0,0,0,0,0,0,0,0,96.4333,236,0,49.4172,0,0,0,0,266.575,1019,38,175.2847,34,41.6,47,39,23.67,23.68,23.63
2022-11-19 01:00:00,0.9028,1.6452,0.348,0.3374,120,82.1998,43.884,120,77.2256,77.3339,77.1508,0.0358,120,25.5457,25.5589,25.5345,0.0053,120,1007.2004,1007.3916,1007.0071,0.065,120,0,0,0,0,120,0,0,0,0,120,13.6133,14.2604,13.2775,0.2383,120,120,0,0,0,0,0,120,None,None,None,None,0,3.4533,3.4565,3.4501,0.0011,0.5555,0.5556,0.5554,0.0001,0.7723,0.7733,0.7715,0.0004,-0.0001,-0.0001,-0.0001,0,0,0,0,0,0,0,0,0,0,0,0,0,75.3,156,15,36.6782,0,0,0,0,263.5917,973,31,156.0288,34,41.7333,47,39,23.67,23.68,23.63
2022-11-19 01:10:00,0.7194,1.4704,0.2652,0.2731,120,75.605,51.1545,120,77.3029,77.456,77.1813,0.073,120,25.502,25.5376,25.4765,0.0174,120,1007.2086,1007.3916,1007.1718,0.0684,120,0,0,0,0,120,0,0,0,0,120,13.6297,13.7689,13.2775,0.2224,120,120,0,0,0,0,0,120,None,None,None,None,0,3.4535,3.4565,3.4529,0.0011,0.555,0.5554,0.5548,0.0002,0.773,0.7746,0.7718,0.0007,-0.0001,-0.0001,-0.0001,0,0,0,0,0,0,0,0,0,0,0,0,0,55.3667,137,6,29.6835,0,0,0,0,264.9417,1018,10,192.8247,34,41.6167,47,39,23.67,23.68,23.63
2022-11-19 01:20:00,1.0592,1.9028,0.2652,0.4127,120,79.508,31.2313,120,77.6233,77.7917,77.3949,0.1158,120,25.5162,25.565,25.4765,0.0281,120,1007.1532,1007.355,1006.9887,0.0737,120,0,0,0,0,120,0,0,0,0,120,13.6051,13.7689,13.2775,0.2326,120,120,0,0,0,0,0,120,None,None,None,None,0,3.4526,3.4559,3.4498,0.0012,0.5552,0.5556,0.5548,0.0003,0.7762,0.7779,0.7739,0.0012,-0.0001,-0.0001,-0.0001,0,0,0,0,0,0,0,0,0,0,0,0,0,92.3083,184,6,44.859,0,0,0,0,245.6583,963,2,128.7149,34,41.5833,47,39,23.67,23.68,23.63
2022-11-19 01:30:00,0.8696,2.0224,0.2928,0.4034,120,78.0985,50.6416,120,77.8431,78.1274,77.6696,0.1068,120,25.5597,25.5773,25.5467,0.0066,120,1007.13,1007.2085,1006.9704,0.0815,120,0,0,0,0,120,0,0,0,0,120,13.6297,14.2604,13.2775,0.2483,120,120,0,0,0,0,0,120,None,None,None,None,0,3.4522,3.4535,3.4495,0.0014,0.5556,0.5558,0.5555,0.0001,0.7784,0.7813,0.7767,0.0011,-0.0001,-0.0001,-0.0001,0,0,0,0,0,0,0,0,0,0,0,0,0,71.6917,197,9,43.8505,0,0,0,0,273.0833,1004,18,182.9594,34,41.7,47,39,23.67,23.68,23.63
2022-11-19 01:40:00,1.0595,3.2644,0.3296,0.586,120,82.3403,36.886,120,78.1897,78.28,78.0663,0.0581,120,25.6438,25.6688,25.5773,0.0227,120,1007.0081,1007.1902,1006.7873,0.0817,120,0,0,0,0,120,0,0,0,0,120,13.5764,14.2604,13.2775,0.2492,120,120,0,0,0,0,0,120,None,None,None,None,0,3.4501,3.4532,3.4465,0.0014,0.5564,0.5567,0.5558,0.0002,0.7819,0.7828,0.7807,0.0006,-0.0001,-0.0001,-0.0001,0,0,0,0,0,0,0,0,0,0,0,0,0,92.3417,332,13,63.7,0,0,0,0,252.025,989,26,131.4335,34,41.7167,47,39,23.67,23.68,23.63
2022-11-19 01:50:00,0.9416,2.6388,0.2284,0.4641,120,91.4321,47.3999,120,78.2985,78.4021,78.1884,0.0507,120,25.6116,25.6658,25.5467,0.0329,120,1006.9973,1007.1902,1006.769,0.0525,120,0,0,0,0,120,0,0,0,0,120,13.4741,14.2604,13.2775,0.25,120,120,0,0,0,0,0,120,None,None,None,None,0,3.45,3.4532,3.4462,0.0009,0.5561,0.5567,0.5555,0.0003,0.783,0.784,0.7819,0.0005,-0.0001,-0.0001,-0.0001,0,0,0,0,0,0,0,0,0,0,0,0,0,79.5167,264,2,50.4452,0,0,0,0,303.4667,1018,19,179.4229,34,41.4333,47,41,23.66,23.68,23.63
2022-11-19 02:00:00,1.2029,3.66,0.2652,0.6181,120,81.5615,41.5217,120,78.5068,78.6462,78.2495,0.1006,120,25.4858,25.5406,25.4704,0.0172,120,1006.9976,1007.1902,1006.9704,0.0389,120,0,0,0,0,120,0,0,0,0,120,13.6051,14.2604,13.2775,0.2495,120,120,0,0,0,0,0,120,None,None,None,None,0,3.45,3.4532,3.4495,0.0006,0.5549,0.5554,0.5547,0.0002,0.7851,0.7865,0.7825,0.001,-0.0001,-0.0001,-0.0001,0,0,0,0,0,0,0,0,0,0,0,0,0,107.925,375,6,67.1821,0,0,0,0,256.125,942,26,143.5948,34,41.7833,47,41,23.66,23.68,23.63
2022-11-19 02:10:00,1.073,2.0684,0.2928,0.4349,120,85.3188,42.7401,120,78.6447,78.7378,78.5546,0.0426,120,25.4971,25.5132,25.4765,0.0071,120,1006.9622,1007.1718,1006.7873,0.0719,120,0,0,0,0,120,0,0,0,0,120,13.5642,13.7689,13.2775,0.2433,120,120,0,0,0,0,0,120,None,None,None,None,0,3.4494,3.4529,3.4465,0.0012,0.555,0.5551,0.5548,0.0001,0.7864,0.7874,0.7855,0.0004,-0.0001,-0.0001,-0.0001,0,0,0,0,0,0,0,0,0,0,0,0,0,93.8,202,9,47.2676,0,0,0,0,286.0583,1012,14,176.9959,34,41.5667,47,41,23.66,23.68,23.63
2022-11-19 02:20:00,1.0572,2.372,0.4032,0.4085,120,80.6069,32.258,120,78.6602,78.7683,78.5546,0.0523,120,25.4926,25.5223,25.4582,0.0186,120,1006.9332,1007.0071,1006.769,0.0892,120,0,0,0,0,120,0,0,0,0,120,13.5027,13.7689,13.2775,0.2459,120,120,0,0,0,0,0,120,None,None,None,None,0,3.4489,3.4501,3.4462,0.0015,0.5549,0.5552,0.5546,0.0002,0.7866,0.7877,0.7855,0.0005,-0.0001,-0.0001,-0.0001,0,0,0,0,0,0,0,0,0,0,0,0,0,92.0833,235,21,44.4049,0,0,0,0,247.1333,1022,29,130.5129,34,41.65,47,41,23.66,23.68,23.63
2022-11-19 02:30:00,1.0056,1.8844,0.3664,0.3943,120,76.0093,41.8311,120,78.8255,79.0124,78.7072,0.0747,120,25.4523,25.4704,25.4369,0.0072,120,1006.9456,1007.0071,1006.769,0.0768,120,0,0,0,0,120,0,0,0,0,120,13.5355,13.7689,13.2775,0.2465,120,120,0,0,0,0,0,120,None,None,None,None,0,3.4491,3.4501,3.4462,0.0013,0.5545,0.5547,0.5544,0.0001,0.7883,0.7901,0.7871,0.0007,-0.0001,-0.0001,-0.0001,0,0,0,0,0,0,0,0,0,0,0,0,0,86.4833,182,17,42.8603,0,0,0,0,276.8,1019,7,198.3172,34,41.4667,47,39,23.66,23.68,23.63
2022-11-19 02:40:00,0.7277,1.4612,0,0.2872,120,87.5167,41.119,120,79.0859,79.2566,78.8903,0.1098,120,25.4275,25.4521,25.4094,0.0092,120,1006.9793,1007.0071,1006.769,0.0329,120,0,0,0,0,120,0,0,0,0,120,13.5478,14.2604,13.2775,0.2537,120,120,0,0,0,0,0,120,None,None,None,None,0,3.4497,3.4501,3.4462,0.0005,0.5543,0.5545,0.5541,0.0001,0.7909,0.7926,0.7889,0.0011,-0.0001,-0.0001,-0.0001,0,0,0,0,0,0,0,0,0,0,0,0,0,56.4667,136,0,30.7956,0,0,0,0,283.5667,1011,57,159.7496,34,41.8667,47,41,23.66,23.68,23.63
2022-11-19 02:50:00,1.2889,2.9792,0.3756,0.4586,120,83.3865,33.113,120,79.5907,79.7449,79.2566,0.1545,120,25.4698,25.5284,25.4125,0.0392,120,1006.9118,1007.0071,1006.769,0.0943,120,0.002,0.2402,0,0.0219,120,0,0,0,0,120,13.7239,14.2604,13.2775,0.2207,120,120,0,0,0,0,0,120,None,None,None,None,0,3.4485,3.4501,3.4462,0.0016,0.5547,0.5553,0.5541,0.0004,0.7959,0.7974,0.7926,0.0015,-0.0001,-0.0001,-0.0001,0,0,0,0,0,0,0,0,0,0,0,0,0,117.2667,301,18,49.8515,0,0,0,0,245.625,944,45,111.6734,34,41.5,47,39,23.66,23.68,23.63
2022-11-19 03:00:00,1.7346,4.1476,0.4216,0.7407,120,83.8203,34.5682,120,79.9137,80.0806,79.7143,0.1113,120,25.5448,25.5895,25.5162,0.0204,120,1006.8621,1007.0071,1006.769,0.0966,120,0,0,0,0,120,0,0,0,0,120,13.6461,14.2604,13.2775,0.2795,120,120,0,0,0,0,0,120,None,None,None,None,0,3.4477,3.4501,3.4462,0.0016,0.5554,0.5559,0.5552,0.0002,0.7991,0.8008,0.7971,0.0011,-0.0001,-0.0001,-0.0001,0,0,0,0,0,0,0,0,0,0,0,0,0,165.7167,428,23,80.5155,0,0,0,0,252.05,948,11,120.8583,34,41.75,47,39,23.66,23.68,23.63
2022-11-19 03:10:00,1.7576,3.8716,0.4676,0.8296,120,79.636,43.7274,120,80.0279,80.0806,79.9585,0.0259,120,25.5838,25.5986,25.5742,0.0052,120,1006.8369,1007.0071,1006.769,0.0869,120,0,0,0,0,120,0,0,0,0,120,13.6133,14.2604,13.2775,0.2547,120,120,0,0,0,0,0,120,None,None,None,None,0,3.4473,3.4501,3.4462,0.0014,0.5558,0.556,0.5557,0.0001,0.8003,0.8008,0.7996,0.0003,-0.0001,-0.0001,-0.0001,0,0,0,0,0,0,0,0,0,0,0,0,0,168.2167,398,28,90.1769,0,0,0,0,275.9,1015,19,185.3772,34,41.45,47,39,23.66,23.68,23.63
2022-11-19 03:20:00,2.1136,3.936,0.4952,0.8071,120,76.3787,39.5402,120,80.0022,80.1721,79.8364,0.0994,120,25.6452,25.6993,25.5834,0.0318,120,1006.9628,1006.9887,1006.769,0.0579,120,0,0,0,0,120,0,0,0,0,120,13.6502,14.2604,13.2775,0.2627,120,120,0,0,0,0,0,120,None,None,None,None,0,3.4494,3.4498,3.4462,0.001,0.5565,0.557,0.5558,0.0003,0.8,0.8017,0.7984,0.001,-0.0001,-0.0001,-0.0001,0,0,0,0,0,0,0,0,0,0,0,0,0,206.9167,405,31,87.7318,0,0,0,0,250.1833,980,5,154.222,33.8,41.9333,47,39,23.66,23.68,23.63
2022-11-19 03:30:00,1.3403,3.0528,0.4768,0.616,120,96.3489,32.9534,120,79.6302,79.8364,79.4397,0.0963,120,25.7077,25.7207,25.6902,0.0058,120,1007.0188,1007.1718,1006.9521,0.0765,120,0,0,0,0,120,0,0,0,0,120,13.5928,13.7689,13.2775,0.2366,120,120,0,0,0,0,0,120,None,None,None,None,0,3.4503,3.4529,3.4492,0.0013,0.5571,0.5572,0.5569,0.0001,0.7963,0.7984,0.7944,0.001,-0.0001,-0.0001,-0.0001,0,0,0,0,0,0,0,0,0,0,0,0,0,122.8583,309,29,66.9559,0,0,0,0,277.9667,646,90,96.3414,33,41.5667,47,39,23.66,23.68,23.63
2022-11-19 03:40:00,1.2693,2.8504,0,0.6279,120,95.8985,49.6943,120,79.4855,79.5618,79.4092,0.0386,120,25.7114,25.7298,25.6963,0.0078,120,1007.1628,1007.355,1006.9704,0.0763,120,0,0,0,0,120,0,0,0,0,120,13.5642,14.2604,13.2775,0.2515,120,120,0,0,0,0,0,120,None,None,None,None,0,3.4527,3.4559,3.4495,0.0013,0.5571,0.5573,0.557,0.0001,0.7949,0.7956,0.7941,0.0004,-0.0001,-0.0001,-0.0001,0,0,0,0,0,0,0,0,0,0,0,0,0,115.3333,287,0,67.8959,0,0,0,0,310.9417,1001,8,174.7968,33,41.7167,49,39,23.66,23.68,23.63
2022-11-19 03:50:00,1.0563,2.6664,0.2744,0.4986,120,94.1674,56.4128,120,79.5071,79.5923,79.4092,0.0589,120,25.6907,25.7176,25.6719,0.0105,120,1007.291,1007.3733,1007.1352,0.087,120,0,0,0,0,120,0,0,0,0,120,13.5396,13.7689,13.2775,0.2462,120,120,0,0,0,0,0,120,None,None,None,None,0,3.4549,3.4562,3.4523,0.0014,0.5569,0.5572,0.5567,0.0001,0.7951,0.7959,0.7941,0.0006,-0.0001,-0.0001,-0.0001,0,0,0,0,0,0,0,0,0,0,0,0,0,91.9917,267,7,54.1918,0,0,0,0,326.2583,1016,25,197.2213,33,41.5333,47,39,23.66,23.68,23.63
2022-11-19 04:00:00,1.1633,2.9608,0.3112,0.5354,120,93.4076,45.3913,120,79.6381,79.7143,79.5618,0.0379,120,25.6653,25.6932,25.6383,0.0156,120,1007.3258,1007.5198,1007.1535,0.0728,120,0,0,0,0,120,0,0,0,0,120,13.5068,14.2604,13.2775,0.2622,120,120,0,0,0,0,0,120,None,None,None,None,0,3.4554,3.4587,3.4526,0.0012,0.5566,0.5569,0.5564,0.0002,0.7964,0.7971,0.7956,0.0004,-0.0001,-0.0001,-0.0001,0,0,0,0,0,0,0,0,0,0,0,0,0,103.6167,299,11,58.198,0,0,0,0,324.9167,1012,4,195.6918,33,41.6167,47,39,23.66,23.68,23.63
2022-11-19 04:10:00,1.5729,2.8964,0.6424,0.5047,120,98.5615,26.3023,120,79.7451,79.8059,79.6838,0.0242,120,25.6452,25.6566,25.6352,0.0047,120,1007.3737,1007.5381,1007.1535,0.0773,120,0,0,0,0,120,0,0,0,0,120,13.5519,14.2604,13.2775,0.2532,120,120,0,0,0,0,0,120,None,None,None,None,0,3.4562,3.459,3.4526,0.0013,0.5565,0.5566,0.5564,0.0001,0.7975,0.7981,0.7968,0.0002,-0.0001,-0.0001,-0.0001,0,0,0,0,0,0,0,0,0,0,0,0,0,148.1417,292,47,54.8608,0,0,0,0,280.2,536,109,75.8584,33,41.75,47,39,23.66,23.68,23.63
2022-11-19 04:20:00,1.3107,3.0896,0.4308,0.4763,120,93.9615,37.6548,120,79.7599,79.8059,79.6838,0.0268,120,25.6178,25.6474,25.5895,0.017,120,1007.4931,1007.5381,1007.3366,0.0579,120,0,0,0,0,120,0,0,0,0,120,13.5314,13.7689,13.2775,0.2466,120,120,0,0,0,0,0,120,None,None,None,None,0,3.4582,3.459,3.4556,0.001,0.5562,0.5565,0.5559,0.0002,0.7976,0.7981,0.7968,0.0003,-0.0001,-0.0001,-0.0001,0,0,0,0,0,0,0,0,0,0,0,0,0,119.6417,313,24,51.7701,0,0,0,0,317.675,1020,22,179.6266,33,41.8333,47,39,23.66,23.68,23.63
2022-11-19 04:30:00,1.3183,2.5928,0.2376,0.5298,120,92.3126,37.6688,120,79.8748,79.989,79.7754,0.0616,120,25.5983,25.6261,25.5773,0.0117,120,1007.5155,1007.7029,1007.3366,0.0875,120,0,0,0,0,120,0,0,0,0,120,13.5846,13.7689,13.2775,0.2389,120,120,0,0.0025,0.3052,0,0.0279,120,None,None,None,None,0,3.4586,3.4617,3.4556,0.0015,0.556,0.5563,0.5558,0.0001,0.7987,0.7999,0.7978,0.0006,-0.0001,-0.0001,-0.0001,0,0,0,0,0,0,0,0,0,0,0.0003,0,0,120.4667,259,3,57.5882,0,0,0,0,291.4917,1014,10,156.6597,33,41.6667,47,39,23.66,23.68,23.63
2022-11-19 04:40:00,1.3036,2.602,0.4676,0.4856,120,99.607,33.8686,120,80.0287,80.0806,79.9585,0.0229,120,25.6716,25.7054,25.62,0.0234,120,1007.6426,1007.7212,1007.5014,0.0837,120,1.2756,3.1236,0,0.9193,120,1.0105,3.2977,0,0.9062,120,13.5805,14.2604,13.2775,0.2483,120,120,0,1.3962,3.357,0,1.0465,120,None,None,None,None,0,3.4607,3.462,3.4584,0.0014,0.5567,0.5571,0.5562,0.0002,0.8003,0.8008,0.7996,0.0002,-0.0001,-0.0001,-0.0001,0,0,0,0,0,0,0,0,0,0.0014,0.0034,0,0.001,118.8667,260,28,52.7854,0,0,0,0,286.1917,686,61,99.4455,33,41.5333,47,39,23.66,23.68,23.63
2022-11-19 04:50:00,1.8926,3.568,0.6516,0.6483,120,92.1188,23.2675,120,80.0432,80.1111,79.989,0.0315,120,25.7036,25.7237,25.6841,0.0113,120,1007.6194,1007.7212,1007.5014,0.091,120,7.3513,12.9764,3.3646,2.882,120,6.9519,12.8223,2.9304,2.9032,120,13.642,14.2604,13.2775,0.2341,120,120,0,6.8565,12.2074,3.357,2.5956,120,89.29,89.92,88.65,0.43,77,3.4603,3.462,3.4584,0.0015,0.557,0.5572,0.5568,0.0001,0.8004,0.8011,0.7999,0.0003,-0.0001,-0.0001,-0.0001,0,0.0001,0.0002,0,0,0.0001,0.0001,0,0,0.0069,0.0122,0.0034,0.0026,182.8917,365,48,70.4721,0,0,0,0,262.0667,486,69,67.232,33,41.5833,47,39,23.66,23.68,23.63
2022-11-19 05:00:00,1.3817,2.8044,0.4216,0.5423,120,106.893,38.868,120,80.0137,80.05,79.8975,0.0305,120,25.7473,25.7848,25.7054,0.0224,120,1007.6438,1007.7212,1007.5014,0.0842,120,20.3696,25.7126,13.2165,3.9457,120,20.251,26.012,12.8223,3.981,120,13.6993,14.2604,13.2775,0.2234,120,120,0,18.5553,23.4992,12.2074,3.5316,120,87.37,88.65,86.12,0.68,120,3.4607,3.462,3.4584,0.0014,0.5575,0.5578,0.5571,0.0002,0.8001,0.8005,0.799,0.0003,-0.0001,-0.0001,-0.0001,0,0.0003,0.0003,0.0002,0.0001,0.0002,0.0002,0.0001,0,0.0186,0.0235,0.0122,0.0035,127.3583,282,23,58.9408,0,0,0,0,321.6417,1021,94,132.9472,33,41.6167,47,39,23.66,23.68,23.63
2022-11-19 05:10:00,1.2942,2.8228,0.2836,0.5061,120,98.8827,41.9039,120,79.8832,79.928,79.8364,0.0201,120,25.7887,25.8275,25.7695,0.0134,120,1007.6948,1007.886,1007.5014,0.0961,120,32.1185,37.9677,25.9528,3.3649,120,32.0145,38.102,26.012,3.3508,120,13.6829,14.2604,13.2775,0.208,120,120,0,28.9951,34.4859,23.4992,3.1272,120,85.03,86.12,83.83,0.68,120,3.4616,3.4648,3.4584,0.0016,0.5579,0.5583,0.5577,0.0001,0.7988,0.7993,0.7984,0.0002,-0.0001,-0.0001,-0.0001,0,0.0004,0.0005,0.0003,0,0.0003,0.0003,0.0002,0,0.029,0.0345,0.0235,0.0031,117.85,284,8,55.0122,0,0,0,0,297.85,1011,37,142.6985,33,41.5333,47,39,23.65,23.68,23.63
2022-11-19 05:20:00,1.2333,2.2156,0.4768,0.3958,120,110.3908,32.2145,120,79.8916,79.9585,79.8364,0.0278,120,25.8507,25.8977,25.8092,0.0212,120,1007.8147,1007.9043,1007.6846,0.0897,120,43.0063,56.7118,36.526,5.9658,120,42.8469,56.4214,36.6375,5.8568,120,13.814,14.2604,13.2775,0.1911,120,120,0,40.0021,53.4074,33.2652,6.3676,120,82.68,83.83,81.54,0.69,120,3.4636,3.4651,3.4614,0.0015,0.5585,0.559,0.5581,0.0002,0.7989,0.7996,0.7984,0.0003,-0.0001,-0.0001,-0.0001,0,0.0005,0.0007,0.0005,0.0001,0.0004,0.0005,0.0003,0,0.04,0.0534,0.0333,0.0064,111.2333,218,29,43.0256,0,0,0,0,314.3417,594,43,93.5292,33,41.55,47,39,23.66,23.68,23.63
2022-11-19 05:30:00,1.2289,2.3904,0.348,0.4671,120,91.6053,44.1933,120,80.045,80.1416,79.9585,0.0394,120,25.9793,26.0808,25.8885,0.0577,120,1007.9649,1008.2522,1007.8677,0.0997,120,72.3994,97.0827,56.7118,14.4522,120,73.6095,100.3854,56.4214,15.1848,120,19.7319,40.8153,13.7689,5.5069,120,120,0,66.7287,89.1141,53.7126,13.1376,120,80.34,81.54,79.25,0.69,120,3.4661,3.4709,3.4645,0.0017,0.5598,0.5608,0.5589,0.0006,0.8004,0.8014,0.7996,0.0004,-0.0001,-0.0001,-0.0003,0,0.0009,0.0012,0.0007,0.0002,0.0006,0.0008,0.0005,0.0001,0.0667,0.0891,0.0537,0.0131,110.75,237,15,50.7726,0,0,0,0,291.9167,1004,1,163.297,33,41.5333,49,39,23.65,23.68,23.63
2022-11-19 05:40:00,1.2127,2.0592,0.4584,0.3848,120,77.4412,26.6352,120,80.2471,80.3552,80.05,0.0832,120,26.2867,26.5111,26.0747,0.1388,120,1008.0755,1008.2705,1007.8677,0.0595,120,81.8593,95.4,65.8433,8.8824,120,117.873,157.539,69.6098,25.516,120,177.7828,352.0996,16.7193,101.1782,120,120,0,82.6492,97.0489,59.2059,11.8197,120,77.98,79.25,76.7,0.68,120,3.4679,3.4712,3.4645,0.001,0.5629,0.5651,0.5607,0.0014,0.8025,0.8036,0.8005,0.0008,-0.0011,-0.0001,-0.0022,0.0006,0.001,0.0012,0.0008,0.0001,0.001,0.0013,0.0006,0.0002,0.0826,0.097,0.0592,0.0118,108.9917,201,27,41.8309,0,0,0,0,230.15,816,21,97.5444,33,41.85,47,39,23.65,23.68,23.63
2022-11-19 05:50:00,1.2294,3.4208,0.2836,0.6444,120,85.3347,43.1377,120,80.1378,80.6909,79.8364,0.2391,120,26.5029,26.5539,26.4409,0.0362,120,1008.1761,1008.2705,1008.0508,0.0918,120,85.0433,132.6472,60.5567,24.6107,120,100.556,205.533,62.2821,43.4195,120,67.3216,356.5243,13.7689,97.4634,120,120,0,84.7575,148.6251,54.9333,31.2843,120,75.63,76.7,74.4,0.69,120,3.4696,3.4712,3.4675,0.0015,0.565,0.5655,0.5644,0.0004,0.8014,0.8069,0.7984,0.0024,-0.0004,-0.0001,-0.0022,0.0006,0.0011,0.0017,0.0008,0.0003,0.0008,0.0017,0.0005,0.0004,0.0848,0.1486,0.0549,0.0313,110.8083,349,8,70.0395,0,0,0,0,258.3083,954,0,137.9993,33,41.6833,47,39,23.65,23.68,23.63
2022-11-19 06:00:00,1.6763,3.8716,0.4124,0.8362,120,102.1488,40.9182,120,80.5081,80.7825,80.2026,0.141,120,26.6185,26.6759,26.502,0.0449,120,1008.2649,1008.4536,1008.0691,0.0551,120,117.5243,137.4535,88.4315,17.5178,120,151.8873,249.8631,89.3938,51.744,120,122.3165,412.0931,13.7689,145.7813,120,120,0,120.1056,175.7866,73.5496,32.163,120,73.27,74.4,72.1,0.69,120,3.4711,3.4742,3.4678,0.0009,0.5662,0.5668,0.565,0.0004,0.8051,0.8078,0.802,0.0014,-0.0008,-0.0001,-0.0026,0.0009,0.0015,0.0017,0.0011,0.0002,0.0013,0.0021,0.0007,0.0004,0.1201,0.1758,0.0735,0.0322,159.3833,398,22,90.8907,0,0,0,0,305.7917,888,83,128.6644,33,41.3833,47,39,23.66,23.68,23.63
2022-11-19 06:10:00,1.7912,4.9572,0.256,0.92,120,104.349,37.5906,120,80.6312,81.1182,79.8975,0.3293,120,26.8881,27.0818,26.6393,0.1472,120,1008.4878,1008.655,1008.2522,0.1331,120,174.6103,200.8937,135.2906,21.6617,120,284.8394,349.8824,168.1633,49.7605,120,322.8556,496.6758,85.5656,117.4626,120,120,0,227.8156,269.4784,138.2489,35.9514,120,70.92,72.1,69.81,0.69,120,3.4748,3.4776,3.4709,0.0022,0.5689,0.5708,0.5664,0.0015,0.8063,0.8112,0.799,0.0033,-0.002,-0.0005,-0.0031,0.0007,0.0022,0.0026,0.0017,0.0003,0.0024,0.0029,0.0014,0.0004,0.2278,0.2695,0.1382,0.036,171.8667,516,5,100.0018,0,0,0,0,311.4667,1018,53,126.3185,33,41.55,47,39,23.65,23.68,23.63
2022-11-19 06:20:00,2.9171,5.4356,0.9644,0.9104,120,104.695,28.2611,120,79.8738,80.1416,79.6838,0.0967,120,26.9664,27.0788,26.8255,0.087,120,1008.6329,1008.8382,1008.4353,0.0592,120,175.5535,304.4646,130.9654,55.3912,120,202.7148,544.0576,135.1897,98.1523,120,78.9846,627.4831,14.2604,128.7226,120,120,0,172.778,443.4339,112.6133,82.5632,120,68.56,69.81,67.51,0.68,120,3.4772,3.4806,3.4739,0.001,0.5697,0.5708,0.5683,0.0009,0.7987,0.8014,0.7968,0.001,-0.0005,-0.0001,-0.0039,0.0008,0.0022,0.0039,0.0017,0.0007,0.0017,0.0045,0.0011,0.0008,0.1728,0.4434,0.1126,0.0826,294.25,568,82,98.9567,0,0,0,0,307.4083,1008,119,101.3235,33,41.4333,47,39,23.66,23.68,23.63
2022-11-19 06:30:00,2.3229,5.5092,0.6424,1.1072,120,87.0971,40.056,120,79.9997,80.752,79.2566,0.4406,120,27.138,27.6006,26.8285,0.2682,120,1008.7571,1009.003,1008.6184,0.0985,120,270.7577,312.6346,223.2417,32.7448,120,417.1443,563.8415,245.8331,107.1337,120,344.4275,659.4473,14.7535,247.5354,120,120,0,353.9588,463.271,216.9866,76.9917,120,66.2,67.25,64.95,0.68,120,3.4793,3.4834,3.477,0.0016,0.5714,0.576,0.5683,0.0027,0.8,0.8075,0.7926,0.0044,-0.0021,-0.0001,-0.0041,0.0015,0.0034,0.004,0.0028,0.0004,0.0035,0.0047,0.002,0.0009,0.354,0.4633,0.217,0.077,229.6667,576,47,120.3461,0,0,0,0,281.7833,1013,8,161.6672,33,41.4667,47,39,23.66,23.68,23.63
2022-11-19 06:40:00,1.7644,4.9112,0.2376,0.9083,120,87.5257,50.4974,120,78.4944,79.5618,77.4865,0.4891,120,28.014,28.4551,27.6006,0.2155,120,1008.8054,1009.0213,1008.6367,0.0772,120,216.3129,261.9307,198.7307,15.4537,120,483.283,593.8836,268.9148,83.7372,120,569.7099,717.475,79.1734,182.905,120,120,0,385.2351,480.9717,220.0384,63.3627,120,63.84,64.95,62.66,0.69,120,3.4801,3.4837,3.4773,0.0013,0.5801,0.5846,0.576,0.0022,0.7849,0.7956,0.7749,0.0049,-0.0035,-0.0005,-0.0045,0.0011,0.0027,0.0033,0.0025,0.0002,0.004,0.0049,0.0022,0.0007,0.3852,0.481,0.22,0.0634,168.9583,511,3,98.7262,0,0,0,0,299.0667,982,22,187.749,33,41.7833,47,39,23.66,23.68,23.63
2022-11-19 06:50:00,2.915,4.8836,1.0196,0.9237,120,84.8487,33.0158,120,76.0063,77.3339,75.3197,0.5848,120,28.261,28.5345,27.8845,0.232,120,1008.9439,1009.0396,1008.8198,0.0902,120,288.6222,316.4795,259.5276,16.3174,120,477.9157,682.9112,263.0528,162.3342,120,377.8956,718.4579,14.2604,292.7632,120,120,0,404.2126,567.9495,233.4666,126.8985,120,61.49,62.66,60.36,0.69,120,3.4824,3.484,3.4803,0.0015,0.5826,0.5854,0.5788,0.0023,0.7601,0.7733,0.7532,0.0058,-0.0023,-0.0001,-0.0045,0.0018,0.0037,0.004,0.0033,0.0002,0.004,0.0057,0.0022,0.0014,0.4042,0.5679,0.2335,0.1269,294.0167,508,88,100.3981,0,0,0,0,244.7667,581,55,96.3562,33.8,41.6,47,41,23.66,23.68,23.63
2022-11-19 07:00:00,2.2665,4.028,0.5504,0.8195,120,100.6287,34.1528,120,75.4224,76.3268,74.8619,0.4043,120,27.9371,27.9821,27.8753,0.031,120,1009.0176,1009.2227,1008.8198,0.0699,120,305.5375,343.874,272.7441,22.9243,120,385.4504,705.6255,283.9352,101.5202,120,154.158,733.2114,15.2449,178.2343,120,120,0,343.4807,602.7406,260.3229,84.2262,120,59.14,60.36,58.07,0.69,120,3.4836,3.487,3.4803,0.0012,0.5794,0.5798,0.5787,0.0003,0.7542,0.7633,0.7486,0.004,-0.001,-0.0001,-0.0046,0.0011,0.0039,0.0044,0.0035,0.0003,0.0032,0.0059,0.0024,0.0008,0.3435,0.6027,0.2603,0.0842,223.5333,415,37,89.0717,0,0,0,0,297.3583,1019,2,117.5818,34,41.5667,47,39,23.66,23.68,23.63
2022-11-19 07:10:00,2.1747,4.258,0.5228,0.8809,120,88.4059,41.4039,120,74.8721,75.5028,74.3431,0.2774,120,27.8357,27.976,27.6861,0.1024,120,1009.1366,1009.241,1009.003,0.0951,120,239.0156,335.7039,197.0488,40.2043,120,272.5599,589.1212,200.0372,81.428,120,65.5512,587.1592,13.7689,121.6468,120,120,0,246.9329,502.0295,184.9422,69.0269,120,56.78,58.07,55.52,0.68,120,3.4856,3.4874,3.4834,0.0016,0.5784,0.5798,0.5769,0.001,0.7487,0.755,0.7434,0.0028,-0.0004,-0.0001,-0.0036,0.0008,0.003,0.0043,0.0025,0.0005,0.0023,0.0049,0.0017,0.0007,0.2469,0.502,0.1849,0.069,213.55,440,34,95.7537,0,0,0,0,288.325,1021,17,162.2978,34,41.8667,47,39,23.66,23.68,23.63
2022-11-19 07:20:00,2.2486,4.3316,0.2468,0.991,120,79.9691,40.9007,120,75.1361,75.9301,74.7093,0.3279,120,27.7444,27.8478,27.622,0.0652,120,1009.237,1009.4241,1009.0396,0.0585,120,225.092,261.4496,173.0181,24.3954,120,283.9907,679.9808,175.1236,125.2671,120,104.2238,695.8379,13.2775,174.3742,120,120,0,261.1494,592.0591,169.9881,101.8963,120,54.43,55.52,53.23,0.69,120,3.4873,3.4904,3.484,0.001,0.5774,0.5785,0.5762,0.0006,0.7514,0.7593,0.7471,0.0033,-0.0006,-0.0001,-0.0043,0.0011,0.0029,0.0033,0.0022,0.0003,0.0024,0.0057,0.0015,0.001,0.2611,0.5921,0.17,0.1019,221.5833,448,4,107.7222,0,0,0,0,254.8167,967,18,155.3116,34,41.4333,47,39,23.66,23.68,23.63
2022-11-19 07:30:00,2.3636,4.1568,0.2928,1.0122,120,97.0095,36.0752,120,75.6549,76.8761,74.9229,0.5238,120,27.6125,28.0187,27.4755,0.1468,120,1009.3156,1009.4241,1009.0396,0.0959,120,232.7237,281.1551,152.352,46.5265,120,601.962,819.2005,153.1417,274.2349,120,569.1322,811.4003,13.7689,343.0898,120,120,0,533.8094,718.4057,146.1837,235.6628,120,52.09,53.23,50.95,0.69,120,3.4886,3.4904,3.484,0.0016,0.5761,0.5802,0.5748,0.0015,0.7565,0.7688,0.7492,0.0052,-0.0035,-0.0001,-0.005,0.0021,0.003,0.0036,0.0019,0.0006,0.005,0.0068,0.0013,0.0023,0.5338,0.7184,0.1462,0.2357,234.0917,429,9,110.0241,0,0,0,0,292.4167,1012,53,126.574,34,41.7667,47,41,23.67,23.68,23.63
2022-11-19 07:40:00,2.9894,5.04,1.2956,0.8561,120,84.5283,35.763,120,74.5888,75.869,73.9463,0.4509,120,28.0755,28.2171,27.7868,0.1123,120,1009.422,1009.6072,1009.2227,0.0454,120,186.8858,269.1394,113.6638,55.9826,120,252.6814,796.1188,116.5054,204.6404,120,105.2647,790.7477,13.2775,247.831,120,120,0,235.903,704.9776,110.1718,175.8822,120,49.75,50.95,48.67,0.68,120,3.4904,3.4935,3.487,0.0008,0.5807,0.5822,0.5779,0.0011,0.7459,0.7587,0.7395,0.0045,-0.0007,-0.0001,-0.0049,0.0015,0.0024,0.0034,0.0014,0.0007,0.0021,0.0066,0.001,0.0017,0.2359,0.705,0.1102,0.1759,302.1083,525,118,93.0589,0,0,0,0,243.6917,614,12,104.6317,34.4,41.4167,47,39,23.67,23.68,23.63
2022-11-19 07:50:00,3.2333,6.5212,0.7804,1.184,120,105.7049,38.202,120,75.1124,76.0216,73.8853,0.7236,120,27.4962,27.7746,27.3534,0.1088,120,1009.4885,1009.6255,1009.4058,0.0915,120,284.7653,425.0961,120.152,105.8768,120,555.4454,982.9676,124.1993,332.0907,120,375.8957,782.3864,13.2775,328.1416,120,120,0,500.7426,886.8679,114.4444,296.4004,120,47.41,48.67,46.14,0.68,120,3.4915,3.4938,3.4901,0.0015,0.575,0.5777,0.5735,0.0011,0.7511,0.7602,0.7389,0.0072,-0.0023,-0.0001,-0.0049,0.002,0.0036,0.0054,0.0015,0.0013,0.0046,0.0082,0.001,0.0028,0.5007,0.8869,0.1144,0.2964,328.625,686,62,128.6962,0,0,0,0,311.125,912,95,120.5459,35,41.4667,47,39,23.67,23.68,23.63
2022-11-19 08:00:00,3.0423,6.0152,0.8632,1.1825,120,84.9685,41.7632,120,75.9176,76.5404,75.2586,0.2992,120,27.92,28.1011,27.6098,0.152,120,1009.5779,1009.8086,1009.4058,0.0769,120,345.4519,425.8173,303.022,35.6196,120,863.5676,984.7995,490.5678,109.6688,120,686.9984,800.0902,237.5185,134.1277,120,120,0,770.1448,886.8679,433.668,102.2159,120,45.08,46.14,43.87,0.68,120,3.493,3.4968,3.4901,0.0013,0.5792,0.581,0.5761,0.0015,0.7592,0.7654,0.7526,0.003,-0.0043,-0.0015,-0.005,0.0008,0.0044,0.0054,0.0038,0.0005,0.0072,0.0082,0.0041,0.0009,0.7701,0.8869,0.4337,0.1022,307.8583,631,71,128.5279,0,0,0,0,278.3083,948,50,157.2941,35,41.5167,47,39,23.67,23.68,23.63
2022-11-19 08:10:00,2.6034,4.7272,0.486,0.9238,120,90.672,46.4269,120,75.3647,76.0826,74.6788,0.3529,120,28.0432,28.2171,27.7654,0.1469,120,1009.6074,1009.8086,1009.4241,0.0671,120,271.024,323.2079,243.4276,16.6398,120,304.4249,642.9772,251.3289,74.379,120,49.9341,415.0435,14.7535,77.3608,120,120,0,275.3075,577.7154,224.311,65.1261,120,42.76,43.87,41.62,0.68,120,3.4935,3.4968,3.4904,0.0011,0.5804,0.5822,0.5776,0.0015,0.7536,0.7608,0.7468,0.0035,-0.0003,-0.0001,-0.0026,0.0005,0.0034,0.0041,0.0031,0.0002,0.0025,0.0054,0.0021,0.0006,0.2753,0.5777,0.2243,0.0651,260.15,491,30,100.4167,0,0,0,0,293.4833,973,36,165.7723,35,41.6,47,39,23.67,23.68,23.63
2022-11-19 08:20:00,1.7294,3.8716,0.4216,0.7133,120,81.8018,50.3474,120,76.2162,77.1203,75.4723,0.3611,120,27.8595,28.1774,27.7288,0.1194,120,1009.6239,1009.8086,1009.4607,0.0269,120,383.9545,470.5134,263.3724,59.5599,120,497.9316,1026.5654,268.9148,203.9404,120,142.5033,669.7744,14.2604,185.5178,120,120,0,447.32,912.1983,243.5377,181.522,120,40.46,41.62,39.37,0.67,120,3.4937,3.4968,3.491,0.0004,0.5786,0.5818,0.5773,0.0012,0.7622,0.7712,0.7547,0.0036,-0.0009,-0.0001,-0.0042,0.0012,0.0049,0.006,0.0033,0.0008,0.0041,0.0086,0.0022,0.0017,0.4473,0.9122,0.2435,0.1815,165.15,398,23,77.5373,0,0,0,0,292.2083,1022,23,199.1322,35,41.3667,47,39,23.67,23.68,23.63
2022-11-19 08:30:00,2.4407,5.1504,0.4584,1.2185,120,84.1886,47.3122,120,76.1427,76.693,75.2281,0.3285,120,28.4903,28.919,28.1805,0.1922,120,1009.6251,1009.827,1009.4241,0.0821,120,343.5655,455.8551,288.8441,50.015,120,942.3337,1094.3433,449.1681,110.8188,120,713.4263,821.7274,18.6868,152.3478,120,120,0,846.0138,978.7286,400.0977,98.1418,120,38.16,39.37,37.14,0.66,120,3.4938,3.4971,3.4904,0.0014,0.5849,0.5892,0.5818,0.0019,0.7614,0.7669,0.7523,0.0033,-0.0044,-0.0001,-0.0051,0.0009,0.0044,0.0058,0.0037,0.0006,0.0078,0.0091,0.0037,0.0009,0.846,0.9787,0.4001,0.0981,242.4667,537,27,132.4407,0,0,0,0,291.5417,1017,4,191.2303,35.8,41.55,47,39,23.68,23.68,23.63
2022-11-19 08:40:00,3.2774,7.0088,0.6884,1.4407,120,92.4083,45.1504,120,74.409,75.5638,73.4275,0.5579,120,28.696,28.9221,28.4307,0.1603,120,1009.6561,1009.827,1009.6072,0.0631,120,317.8972,401.3063,228.2882,53.7415,120,909.2904,1091.0456,434.5138,174.9259,120,684.6585,846.8079,58.5192,218.4623,120,120,0,816.1667,989.4101,399.4873,158.26,120,35.87,36.89,34.67,0.66,120,3.4943,3.4971,3.4935,0.0011,0.587,0.5892,0.5843,0.0016,0.7441,0.7556,0.7343,0.0056,-0.0042,-0.0004,-0.0053,0.0014,0.004,0.0051,0.0029,0.0007,0.0076,0.0091,0.0036,0.0015,0.8162,0.9894,0.3995,0.1583,333.4083,739,52,156.5929,0,0,0,0,286.2833,1008,20,148.8641,36,41.6667,47,39,23.67,23.68,23.63
2022-11-19 08:50:00,2.8977,6.0336,0.5964,1.1216,120,72.5355,44.2742,120,73.9153,74.4957,72.9392,0.3595,120,28.4845,28.6749,28.3514,0.1125,120,1009.6298,1009.8453,1009.4424,0.0476,120,246.7894,336.1843,220.8386,27.3843,120,801.8192,982.6002,260.4886,244.1179,120,627.7251,813.8592,14.7535,288.3384,120,120,0,710.4556,879.2383,226.1422,218.6497,120,33.61,34.67,32.48,0.66,120,3.4938,3.4974,3.4907,0.0008,0.5848,0.5867,0.5835,0.0011,0.7392,0.745,0.7294,0.0036,-0.0039,-0.0001,-0.0051,0.0018,0.0031,0.0043,0.0028,0.0003,0.0067,0.0082,0.0022,0.002,0.7105,0.8792,0.2261,0.2186,292.1417,633,42,121.9087,0,0,0,0,253.5417,1006,14,181.8304,36,41.5333,47,39,23.68,23.68,23.63
2022-11-19 09:00:00,3.0508,5.0216,1.038,0.8486,120,63.2258,33.0596,120,72.9733,73.6106,72.3289,0.3365,120,28.5535,28.6566,28.4521,0.0465,120,1009.6902,1009.8453,1009.6255,0.081,120,396.1959,443.8402,343.874,26.2107,120,639.1789,1158.8235,361.9724,293.1809,120,267.4837,823.2034,14.7535,307.0216,120,120,0,580.2535,1055.9404,325.6325,264.7944,120,31.37,32.48,30.31,0.65,120,3.4948,3.4974,3.4938,0.0013,0.5855,0.5866,0.5845,0.0005,0.7297,0.7361,0.7233,0.0034,-0.0017,-0.0001,-0.0051,0.0019,0.005,0.0056,0.0044,0.0003,0.0053,0.0097,0.003,0.0024,0.5803,1.0559,0.3256,0.2648,308.7833,523,90,92.2401,0,0,0,0,200.3083,992,10,130.1262,36,41.75,47,39,23.68,23.68,23.63
2022-11-19 09:10:00,3.3109,5.6656,0.8448,1.1395,120,66.5122,35.01,120,72.9934,73.8548,71.9016,0.4961,120,28.1471,28.449,27.6952,0.1682,120,1009.772,1009.8636,1009.4607,0.0963,120,388.2439,509.9236,287.8835,70.8876,120,516.0364,1243.0888,296.3926,276.6552,120,136.4794,806.9755,12.786,237.0916,120,120,0,485.5927,1150.2426,292.0621,253.6018,120,29.16,30.31,28.16,0.64,120,3.4962,3.4977,3.491,0.0016,0.5815,0.5845,0.5769,0.0017,0.7299,0.7385,0.719,0.005,-0.0008,-0.0001,-0.005,0.0015,0.0049,0.0065,0.0037,0.0009,0.0043,0.0104,0.0025,0.0023,0.4856,1.1502,0.2921,0.2536,337.05,593,69,123.8627,0,0,0,0,218.8417,1009,29,149.9709,36.7,41.55,47,39,23.68,23.68,23.63
2022-11-19 09:20:00,2.0963,5.2884,0,0.9857,120,30.7843,37.3431,120,74.0435,75.8995,72.0237,0.9579,120,27.2882,27.68,27.1825,0.1276,120,1009.7069,1009.8636,1009.6255,0.09,120,334.5081,441.1968,258.326,68.7035,120,559.2251,1233.9292,270.0132,393.9011,120,232.4622,849.2668,12.786,344.7844,120,120,0,533.2169,1147.496,269.1732,362.1558,120,26.98,28.16,25.83,0.63,120,3.4951,3.4977,3.4938,0.0015,0.5729,0.5768,0.5718,0.0013,0.7404,0.759,0.7202,0.0096,-0.0014,-0.0001,-0.0053,0.0021,0.0042,0.0056,0.0033,0.0009,0.0047,0.0103,0.0022,0.0033,0.5332,1.1475,0.2692,0.3622,205.4167,552,0,106.3682,0,0,0,0,242.9667,1018,4,308.4442,37,41.5,47,39,23.68,23.68,23.63
2022-11-19 09:30:00,2.7067,5.5092,0.6056,1.0636,120,62.2322,40.9088,120,75.3042,75.7469,74.7093,0.2578,120,27.71,27.8967,27.4358,0.1148,120,1009.6347,1009.6805,1009.4607,0.0609,120,314.6991,393.1362,262.1709,45.0015,120,532.4497,1181.9052,270.3806,365.6206,120,228.6308,843.8576,14.7535,338.4544,120,120,0,503.4791,1097.4456,266.4266,334.3366,120,24.85,25.83,23.78,0.61,120,3.4939,3.4947,3.491,0.001,0.5771,0.579,0.5744,0.0011,0.753,0.7575,0.7471,0.0026,-0.0014,-0.0001,-0.0052,0.0021,0.004,0.005,0.0033,0.0006,0.0044,0.0098,0.0023,0.003,0.5035,1.0974,0.2664,0.3343,271.375,576,43,115.6062,0,0,0,0,215.75,989,15,167.291,37,41.7167,47,39,23.68,23.68,23.63
2022-11-19 09:40:00,2.8433,5.8404,0.5412,1.3593,120,100.933,49.2538,120,75.3843,76.1132,74.6483,0.3782,120,28.0618,28.1469,27.9028,0.056,120,1009.6365,1009.6805,1009.4607,0.068,120,459.3536,544.2866,355.1685,46.0667,120,615.8963,1129.8812,371.1321,239.679,120,153.2564,588.1421,15.7364,205.521,120,120,0,570.0552,1039.1553,361.6443,214.8424,120,22.78,23.78,21.79,0.6,120,3.4939,3.4947,3.491,0.0011,0.5806,0.5815,0.579,0.0006,0.7538,0.7611,0.7465,0.0038,-0.001,-0.0001,-0.0037,0.0013,0.0058,0.0069,0.0045,0.0006,0.0051,0.0094,0.0031,0.002,0.5701,1.0392,0.3616,0.2148,286.2333,612,36,147.7513,0,0,0,0,321.4,982,27,172.0986,37,41.6,47,39,23.68,23.68,23.63
2022-11-19 09:50:00,2.7154,5.3988,0.7528,0.9508,120,90.1352,47.3181,120,74.8505,75.869,73.6412,0.6325,120,28.3954,28.5314,28.1134,0.1239,120,1009.6248,1009.6988,1009.479,0.0783,120,442.8808,513.2874,329.9362,50.086,120,642.519,1050.3794,346.5846,229.9764,120,196.5803,553.2275,14.2604,203.6751,120,120,0,580.4595,958.8916,311.2888,211.0574,120,20.78,21.79,19.89,0.57,120,3.4937,3.495,3.4913,0.0013,0.5839,0.5853,0.5811,0.0012,0.7485,0.7587,0.7364,0.0063,-0.0012,-0.0001,-0.0034,0.0013,0.0056,0.0065,0.0042,0.0006,0.0054,0.0088,0.0029,0.0019,0.5805,0.9589,0.3113,0.2111,272.325,564,59,103.3464,0,0,0,0,283.5083,959,16,154.8108,37.2,41.7333,47,39,23.68,23.68,23.68
2022-11-19 10:00:00,2.8555,5.73,0.7068,1.0977,120,77.8525,38.1851,120,73.9797,74.5872,73.4275,0.3111,120,28.3459,28.5864,28.2293,0.0987,120,1009.6124,1009.8453,1009.4607,0.0883,120,409.4827,459.7,338.8276,26.4212,120,725.0924,1225.503,363.0708,261.5308,120,309.8896,807.467,16.2278,265.1281,120,120,0,663.4749,1128.5745,328.9895,240.6803,120,18.89,19.89,17.9,0.53,120,3.4935,3.4974,3.491,0.0015,0.5835,0.5859,0.5823,0.001,0.7398,0.7459,0.7343,0.0031,-0.0019,-0.0001,-0.005,0.0016,0.0052,0.0058,0.0043,0.0003,0.006,0.0102,0.003,0.0022,0.6635,1.1286,0.329,0.2407,287.5583,600,54,119.3122,0,0,0,0,240.4083,866,27,128.7989,38,41.75,47,39,23.68,23.68,23.63
2022-11-19 10:10:00,3.1535,5.7208,1.2128,1.0803,120,71.777,30.1585,120,72.8248,73.7938,72.1763,0.4175,120,28.4245,28.6566,28.2263,0.1541,120,1009.4842,1009.6805,1009.2959,0.0751,120,419.5474,483.4898,365.5016,34.0719,120,559.793,1248.2185,383.2221,215.3542,120,134.0533,825.1708,14.7535,204.956,120,120,0,501.9405,1157.2619,335.7036,201.9041,120,17.12,17.9,16.26,0.49,120,3.4914,3.4947,3.4883,0.0013,0.5843,0.5866,0.5823,0.0015,0.7282,0.7379,0.7218,0.0042,-0.0008,-0.0001,-0.0051,0.0013,0.0053,0.0061,0.0046,0.0004,0.0047,0.0104,0.0032,0.0018,0.5019,1.1573,0.3357,0.2019,319.9417,599,109,117.426,0,0,0,0,226.75,1007,38,133.4473,38,41.5333,47,39,23.68,23.68,23.63
2022-11-19 10:20:00,3.9129,6.5212,1.1484,1.1539,120,75.7539,27.2138,120,72.9044,73.4886,72.2068,0.2854,120,28.2219,28.3026,28.1378,0.0503,120,1009.4339,1009.5157,1009.2776,0.0875,120,380.9728,464.5063,329.6961,36.2508,120,1001.6458,1262.8727,397.1441,324.4149,120,597.4493,878.2807,16.2278,324.4385,120,120,0,902.473,1153.9048,346.9955,299.902,120,15.54,16.26,14.83,0.43,120,3.4906,3.4919,3.488,0.0015,0.5822,0.583,0.5814,0.0005,0.729,0.7349,0.7221,0.0029,-0.0037,-0.0001,-0.0055,0.002,0.0048,0.0059,0.0042,0.0005,0.0083,0.0105,0.0033,0.0027,0.9025,1.1539,0.347,0.2999,402.4917,686,102,125.4223,0,0,0,0,226.3417,964,22,105.3692,38,41.65,47,39,23.68,23.73,23.68
2022-11-19 10:30:00,3.3587,5.592,0.6056,1.0385,120,71.5465,34.4621,120,72.7882,73.6717,71.9932,0.3898,120,28.422,28.6352,28.2782,0.1287,120,1009.4296,1009.5157,1009.2959,0.0913,120,272.0493,378.237,225.885,42.9237,120,1031.6178,1246.0204,318.7407,280.3869,120,728.2241,904.3426,15.7364,285.9047,120,120,0,929.2988,1120.6397,269.4784,258.4537,120,14.2,14.83,13.66,0.35,120,3.4905,3.4919,3.4883,0.0015,0.5842,0.5864,0.5828,0.0013,0.7279,0.7367,0.7199,0.0039,-0.0045,-0.0001,-0.0056,0.0018,0.0035,0.0048,0.0029,0.0005,0.0086,0.0104,0.0027,0.0023,0.9293,1.1206,0.2695,0.2585,342.25,585,43,112.8773,0,0,0,0,228.1167,1011,5,150.107,38,41.3833,47,39,23.68,23.68,23.68
2022-11-19 10:40:00,3.321,6.2636,0.8632,1.2268,120,97.1248,34.8983,120,72.1633,72.8782,71.0471,0.4775,120,28.7191,28.9038,28.6108,0.0967,120,1009.3022,1009.4974,1009.1311,0.05,120,249.2344,299.1772,219.8772,16.3851,120,1193.8978,1229.8992,948.8944,42.1836,120,901.6057,926.4728,626.5002,43.9445,120,120,0,1079.1269,1151.7685,805.9938,48.3631,120,13.17,13.66,12.82,0.25,120,3.4884,3.4916,3.4855,0.0008,0.5872,0.589,0.5861,0.001,0.7216,0.7288,0.7105,0.0048,-0.0056,-0.0039,-0.0057,0.0003,0.0032,0.0038,0.0028,0.0002,0.0099,0.0102,0.0079,0.0004,1.0791,1.1518,0.806,0.0484,338.15,658,71,133.3464,0,0,0,0,281.7167,712,15,105.1847,38,41.6833,47,39,23.68,23.68,23.63
2022-11-19 10:50:00,3.1749,6.1624,0.4584,1.3301,120,93.2423,41.1173,120,71.3604,72.4509,70.5588,0.5058,120,28.7695,29.0075,28.5589,0.1515,120,1009.2776,1009.3326,1009.1128,0.0761,120,403.0947,458.0181,268.6591,56.1227,120,940.8866,1380.1104,439.2761,353.2023,120,505.8224,921.5549,17.2108,364.2396,120,120,0,873.8492,1289.7122,414.1362,325.6511,120,12.54,12.75,12.36,0.12,120,3.488,3.4889,3.4852,0.0013,0.5877,0.5901,0.5856,0.0015,0.7136,0.7245,0.7056,0.0051,-0.0031,-0.0001,-0.0057,0.0023,0.0051,0.0058,0.0034,0.0007,0.0078,0.0115,0.0037,0.0029,0.8738,1.2897,0.4141,0.3257,322.2667,647,27,144.5785,0,0,0,0,303.4583,1022,28,166.2221,38,41.9167,47,39,23.68,23.68,23.63
2022-11-19 11:00:00,3.3332,5.6012,0.9552,1.1065,120,85.4945,35.2199,120,71.7747,72.4509,71.2302,0.2977,120,28.7372,28.7939,28.6199,0.037,120,1009.1322,1009.3326,1008.948,0.0762,120,322.539,415.4843,278.752,35.2389,120,1275.1797,1351.5342,1195.461,28.5838,120,906.7528,918.6046,883.69,10.3213,120,120,0,1175.5119,1249.1226,1128.2693,27.988,120,12.35,12.42,12.33,0.02,120,3.4855,3.4889,3.4825,0.0013,0.5874,0.5879,0.5862,0.0004,0.7177,0.7245,0.7123,0.003,-0.0056,-0.0055,-0.0057,0.0001,0.0041,0.0053,0.0035,0.0004,0.0106,0.0113,0.01,0.0002,1.1755,1.2491,1.1283,0.028,339.4833,586,81,120.2768,0,0,0,0,255.5333,796,57,113.0182,38.5,41.6833,47,39,23.68,23.68,23.63
2022-11-19 11:10:00,3.4705,7.5792,0.7252,1.2848,120,71.5534,47.2549,120,71.8149,73.0918,71.1386,0.3936,120,28.9778,29.154,28.7817,0.126,120,1008.9909,1009.1494,1008.7649,0.0773,120,277.1697,402.2677,228.7685,46.3583,120,1171.8119,1323.3241,420.958,159.3461,120,853.0979,925.4882,30.9813,179.9162,120,120,0,1066.7821,1214.9419,367.748,157.1209,120,12.64,12.92,12.42,0.15,120,3.4832,3.4858,3.4794,0.0013,0.5898,0.5915,0.5878,0.0013,0.7181,0.7309,0.7114,0.0039,-0.0053,-0.0002,-0.0057,0.0011,0.0035,0.0051,0.0029,0.0006,0.0098,0.011,0.0035,0.0013,1.0668,1.2149,0.3677,0.1571,354.4,801,56,139.6556,0,0,0,0,273.1917,1007,29,210.2152,39,41.75,47,39,23.68,23.68,23.68
2022-11-19 11:20:00,3.5786,7.2572,1.1944,1.5713,120,87.6841,38.8685,120,70.7246,72.1763,69.0329,0.94,120,29.2923,29.4897,28.8275,0.1595,120,1008.9715,1009.1494,1008.7466,0.0709,120,291.3516,349.8811,270.822,16.1578,120,944.1931,1275.3289,294.1945,379.5843,120,624.3279,907.786,19.1782,361.3169,120,120,0,858.89,1179.8456,263.9851,347.8299,120,13.36,13.81,12.92,0.27,120,3.4829,3.4858,3.4791,0.0012,0.5929,0.5949,0.5883,0.0016,0.7072,0.7218,0.6903,0.0094,-0.0039,-0.0001,-0.0056,0.0022,0.0037,0.0044,0.0034,0.0002,0.0079,0.0106,0.0025,0.0032,0.8589,1.1798,0.264,0.3478,366.15,766,107,170.7959,0,0,0,0,276.3,976,16,146.0987,39,41.45,47,39,23.68,23.68,23.68
2022-11-19 11:30:00,3.2172,6.6132,0.6332,1.5446,120,85.2642,49.2352,120,71.2762,72.573,69.7043,0.6723,120,28.7199,28.9068,28.5559,0.107,120,1008.9644,1009.1494,1008.7649,0.0416,120,333.2145,436.1504,301.5803,35.5366,120,1065.0001,1350.8007,381.0228,258.9758,120,705.5336,903.3597,21.6371,260.0797,120,120,0,975.6946,1215.2471,343.028,236.0991,120,14.47,15.17,13.81,0.37,120,3.4827,3.4858,3.4794,0.0007,0.5872,0.5891,0.5856,0.0011,0.7128,0.7257,0.697,0.0067,-0.0044,-0.0001,-0.0056,0.0016,0.0042,0.0055,0.0038,0.0005,0.0089,0.0113,0.0032,0.0022,0.9757,1.2152,0.343,0.2361,326.8667,696,46,167.8896,0,0,0,0,287.7083,960,32,177.8567,39,41.5667,47,39,23.68,23.68,23.68
2022-11-19 11:40:00,3.6248,6.7788,1.1852,1.3147,120,82.9828,38.0473,120,71.0995,71.9321,70.101,0.4655,120,28.9132,29.0289,28.8366,0.0572,120,1008.901,1008.9846,1008.7466,0.0875,120,315.4581,368.1449,278.9921,29.9939,120,1134.4178,1230.2665,1014.8415,70.9854,120,795.7671,857.6265,702.2301,46.496,120,120,0,1036.9045,1133.1523,925.6264,67.3429,120,15.87,16.67,15.17,0.45,120,3.4817,3.4831,3.4791,0.0015,0.5891,0.5903,0.5884,0.0006,0.711,0.7193,0.701,0.0047,-0.0049,-0.0044,-0.0053,0.0003,0.004,0.0047,0.0035,0.0004,0.0095,0.0102,0.0085,0.0006,1.0369,1.1332,0.9256,0.0673,371.175,714,106,142.9012,0,0,0,0,261,1021,12,152.8606,39,41.6833,47,39,23.68,23.68,23.68
2022-11-19 11:50:00,2.9398,5.3712,0.5412,1.2195,120,90.3758,39.9266,120,70.7994,71.749,69.7043,0.537,120,29.1229,29.5294,28.8122,0.2566,120,1008.7979,1008.9663,1008.5635,0.122,120,310.4878,404.911,284.0386,23.0482,120,1090.7498,1246.0204,965.3818,55.1215,120,766.8599,827.1366,635.8427,49.4625,120,120,0,998.502,1147.8011,885.6471,50.7058,120,17.49,18.34,16.67,0.5,120,3.48,3.4828,3.4761,0.002,0.5912,0.5953,0.5881,0.0026,0.708,0.7175,0.697,0.0054,-0.0048,-0.0039,-0.0051,0.0003,0.0039,0.0051,0.0036,0.0003,0.0091,0.0104,0.008,0.0005,0.9985,1.1478,0.8856,0.0507,296.7167,561,36,132.5588,0,0,0,0,278.8417,980,117,136.507,39,41.6833,47,41,23.68,23.68,23.68
2022-11-19 12:00:00,3.7821,7.386,0.9828,1.6028,120,93.7203,38.1997,120,69.5263,71.0471,68.4225,0.6771,120,29.0474,29.5233,28.6779,0.2901,120,1008.5337,1008.7832,1008.3804,0.0897,120,411.5954,515.2102,330.8976,46.8716,120,925.0412,1302.4406,438.91,345.5002,120,504.9127,840.4141,14.7535,356.6077,120,120,0,846.7945,1213.1108,395.8251,321.3523,120,19.28,20.15,18.34,0.54,120,3.4756,3.4797,3.473,0.0015,0.5905,0.5952,0.5868,0.0029,0.6953,0.7105,0.6842,0.0068,-0.0031,-0.0001,-0.0052,0.0022,0.0052,0.0065,0.0042,0.0006,0.0077,0.0108,0.0037,0.0029,0.8468,1.2131,0.3958,0.3214,388.275,780,84,174.215,0,0,0,0,292.0917,1014,10,152.523,39,41.55,47,39,23.68,23.68,23.68
2022-11-19 12:10:00,2.9124,5.2976,0.6148,1.1574,120,103.8066,46.8461,120,70.8543,72.2983,69.8569,0.6007,120,28.8758,29.035,28.6535,0.1332,120,1008.4396,1008.6001,1008.1973,0.0997,120,302.9783,395.5394,256.6441,33.1512,120,927.5477,1169.449,351.3481,284.4625,120,628.4915,882.214,29.9968,304.3497,120,120,0,841.8226,1084.0175,303.6592,265.0924,120,21.2,22.29,20.15,0.57,120,3.474,3.4767,3.47,0.0017,0.5888,0.5904,0.5865,0.0013,0.7085,0.723,0.6986,0.006,-0.0039,-0.0002,-0.0055,0.0019,0.0038,0.005,0.0033,0.0004,0.0077,0.0097,0.0029,0.0024,0.8418,1.084,0.3037,0.2651,293.7417,553,44,125.8032,0,0,0,0,323.2583,929,14,156.9717,39,41.5,49,39,23.68,23.68,23.63
2022-11-19 12:20:00,3.4698,6.5028,0.762,1.1586,120,98.0279,34.0352,120,70.7307,71.3523,70.1315,0.2643,120,28.945,29.0014,28.8977,0.0284,120,1008.3822,1008.6001,1008.1973,0.0724,120,289.0447,430.6236,230.4512,55.2817,120,977.7433,1201.6891,362.7047,225.5836,120,697.977,873.3629,19.6697,266.3575,120,120,0,888.0327,1112.7049,314.6458,208.1396,120,23.22,24.3,22.29,0.6,120,3.473,3.4767,3.47,0.0012,0.5895,0.59,0.589,0.0003,0.7073,0.7135,0.7013,0.0026,-0.0043,-0.0001,-0.0054,0.0017,0.0037,0.0055,0.0029,0.0007,0.0081,0.01,0.003,0.0019,0.888,1.1127,0.3146,0.2081,354.325,684,60,125.9338,0,0,0,0,301.1,1010,83,137.5265,39,41.95,47,41,23.68,23.68,23.68
2022-11-19 12:30:00,3.0539,6.2728,0.6424,1.282,120,78.9095,45.977,120,70.8062,72.0237,69.5822,0.5976,120,29.0632,29.2181,28.8397,0.1411,120,1008.1632,1008.3804,1008.0142,0.0787,120,298.5928,376.5551,238.1402,33.032,120,904.8787,1132.0792,313.2449,221.3321,120,626.9875,805.4995,20.6542,245.3472,120,120,0,814.45,1048.0056,270.0888,210.5219,120,25.31,26.36,24.3,0.62,120,3.4694,3.473,3.4669,0.0013,0.5906,0.5922,0.5884,0.0014,0.7081,0.7202,0.6958,0.006,-0.0039,-0.0001,-0.005,0.0015,0.0038,0.0048,0.003,0.0004,0.0075,0.0094,0.0026,0.0018,0.8145,1.048,0.2701,0.2105,309.125,659,47,139.3473,0,0,0,0,280.5083,974,7,191.0829,39,41.6833,47,39,23.68,23.68,23.63
2022-11-19 12:40:00,3.1161,6.098,0.5044,1.1512,120,80.889,44.343,120,70.3436,71.2912,69.4601,0.4474,120,28.9704,29.1296,28.8183,0.0683,120,1008.0302,1008.2156,1007.8494,0.0405,120,313.2953,355.1685,283.3173,20.1562,120,824.0944,978.9376,301.1549,228.8808,120,542.4421,724.8518,20.6542,240.7176,120,120,0,750.7782,893.2768,268.5629,213.5292,120,27.45,28.47,26.36,0.63,120,3.4672,3.4703,3.4642,0.0007,0.5897,0.5913,0.5882,0.0007,0.7034,0.7129,0.6946,0.0045,-0.0034,-0.0001,-0.0045,0.0015,0.004,0.0045,0.0036,0.0003,0.0069,0.0082,0.0025,0.0019,0.7508,0.8933,0.2686,0.2135,315.8833,640,32,125.1342,0,0,0,0,290.3417,1019,8,195.4404,39.5,41.5167,47,39,23.68,23.68,23.68
2022-11-19 12:50:00,2.7126,5.6104,0.532,1.0467,120,96.7992,40.6731,120,71.3162,72.0847,70.1315,0.5631,120,28.8213,29.0625,28.6688,0.1085,120,1007.9348,1008.0508,1007.8127,0.0973,120,321.9423,382.563,288.6039,25.4941,120,955.4345,1014.108,727.6086,42.5824,120,682.716,776.9771,371.7693,60.6988,120,120,0,870.454,925.016,687.582,38.0788,120,29.63,30.62,28.47,0.64,120,3.4656,3.4675,3.4635,0.0016,0.5882,0.5906,0.5867,0.0011,0.7132,0.7208,0.7013,0.0056,-0.0042,-0.0023,-0.0048,0.0004,0.0041,0.0049,0.0037,0.0003,0.008,0.0084,0.0061,0.0004,0.8705,0.925,0.6876,0.0381,272.025,587,35,113.7761,0,0,0,0,304.95,995,28,149.5099,40,41.65,47,39,23.68,23.68,23.68
2022-11-19 13:00:00,2.9232,5.3436,0.6608,1.0714,120,87.8388,43.5498,120,71.1147,71.8406,70.1621,0.3718,120,29.0205,29.1174,28.9129,0.0636,120,1007.855,1008.0325,1007.6479,0.0661,120,296.7685,333.5409,258.326,20.6695,120,707.2961,1007.1477,327.533,272.4354,120,454.1837,776.4857,44.7502,298.5697,120,120,0,635.3318,914.9449,288.0947,251.135,120,31.85,33.03,30.86,0.65,120,3.4643,3.4672,3.4608,0.0011,0.5902,0.5912,0.5891,0.0006,0.7111,0.7184,0.7016,0.0037,-0.0028,-0.0003,-0.0048,0.0019,0.0038,0.0042,0.0033,0.0003,0.0059,0.0084,0.0027,0.0023,0.6353,0.9149,0.2881,0.2511,294.9167,558,49,116.4587,0,0,0,0,282.875,998,18,167.2635,40,41.7833,47,41,23.68,23.68,23.63
2022-11-19 13:10:00,3.004,5.1596,0.6884,1.0232,120,76.1562,41.6223,120,71.1725,72.1458,70.3146,0.4239,120,28.8506,28.9679,28.7603,0.0553,120,1007.7439,1007.8494,1007.6296,0.0912,120,291.0072,374.8732,246.7913,38.584,120,527.2747,1045.6158,257.557,277.0817,120,270.7375,777.9616,14.7535,286.0657,120,120,0,472.0374,959.8071,219.4281,258.5055,120,34.1,35.24,33.03,0.66,120,3.4624,3.4642,3.4605,0.0015,0.5885,0.5897,0.5876,0.0006,0.7117,0.7215,0.7031,0.0042,-0.0017,-0.0001,-0.0048,0.0018,0.0037,0.0048,0.0031,0.0005,0.0044,0.0087,0.0021,0.0023,0.472,0.9598,0.2194,0.2585,303.7,538,52,111.2193,0,0,0,0,246.5417,898,18,153.0123,40,41.65,47,39,23.68,23.73,23.63
2022-11-19 13:20:00,2.7688,5.316,0.5504,1.0809,120,75.3478,42.9486,120,71.2798,72.2068,70.3146,0.478,120,28.7034,28.8855,28.5681,0.1001,120,1007.6292,1007.8494,1007.4465,0.0795,120,271.5146,316.4795,246.7913,18.3776,120,556.6483,997.2557,259.7551,273.1752,120,338.9361,822.7119,19.6697,312.3953,120,120,0,496.6455,904.2634,219.7333,252.8733,120,36.36,37.45,35.24,0.67,120,3.4605,3.4642,3.4574,0.0013,0.587,0.5888,0.5857,0.001,0.7128,0.7221,0.7031,0.0048,-0.0021,-0.0001,-0.0051,0.0019,0.0034,0.004,0.0031,0.0002,0.0046,0.0083,0.0022,0.0023,0.4966,0.9043,0.2197,0.2529,278.125,555,37,117.4871,0,0,0,0,252.95,1001,5,171.1002,40,41.75,47,39,23.68,23.68,23.63
2022-11-19 13:30:00,3.736,6.2268,1.2864,1.1581,120,96.9381,31.7581,120,70.4922,71.5964,69.6738,0.4036,120,28.7711,28.9099,28.6199,0.0904,120,1007.5048,1007.6662,1007.3,0.0713,120,235.5573,255.6827,218.1953,12.4273,120,818.315,921.7839,713.6867,58.2386,120,700.0505,791.2391,578.7995,55.2149,120,120,0,731.4168,824.9153,654.9272,52.4737,120,38.65,39.69,37.45,0.67,120,3.4584,3.4611,3.455,0.0012,0.5877,0.5891,0.5862,0.0009,0.7049,0.716,0.6967,0.004,-0.0043,-0.0036,-0.0049,0.0003,0.003,0.0032,0.0028,0.0002,0.0068,0.0077,0.0059,0.0005,0.7314,0.8249,0.6549,0.0525,383.2583,654,117,125.8756,0,0,0,0,296.2083,1014,111,129.2729,40,41.7,47,39,23.68,23.68,23.68
2022-11-19 13:40:00,3.4019,5.9508,0.7804,1.2573,120,95.6901,37.5542,120,70.3927,71.2607,69.5822,0.3738,120,28.6317,28.797,28.5192,0.0984,120,1007.4831,1007.6662,1007.2817,0.0901,120,237.1913,262.6512,208.1024,17.0819,120,602.3528,864.6303,237.0408,253.6286,120,459.0029,759.7664,22.1286,314.7197,120,120,0,533.4051,775.4753,200.2014,233.9894,120,40.95,42.19,39.69,0.67,120,3.4581,3.4611,3.4547,0.0015,0.5863,0.588,0.5852,0.001,0.7039,0.7126,0.6958,0.0037,-0.0028,-0.0001,-0.0047,0.002,0.003,0.0033,0.0026,0.0002,0.005,0.0072,0.002,0.0021,0.5334,0.7755,0.2002,0.234,346.9417,624,62,136.6648,0,0,0,0,288.8083,860,3,126.477,40,41.6167,47,41,23.68,23.68,23.68
2022-11-19 13:50:00,3.049,6.2636,0.6976,1.3234,120,87.8366,38.2504,120,70.0835,70.8029,69.3686,0.3396,120,28.6041,28.7359,28.5131,0.0527,120,1007.4229,1007.5014,1007.2817,0.0781,120,248.5036,270.1008,217.4748,13.2704,120,680.0413,835.6867,294.5606,158.6183,120,558.1741,748.9478,43.2743,205.9902,120,120,0,602.5829,746.4827,248.7259,145.0812,120,43.26,44.45,42.19,0.68,120,3.457,3.4584,3.4547,0.0013,0.586,0.5874,0.5851,0.0005,0.7008,0.708,0.6937,0.0034,-0.0035,-0.0003,-0.0046,0.0013,0.0032,0.0034,0.0028,0.0002,0.0057,0.007,0.0025,0.0013,0.6026,0.7465,0.2487,0.1451,308.5833,658,53,143.8489,0,0,0,0,268.8833,939,29,132.3599,40,41.9167,47,39,23.68,23.68,23.68
2022-11-19 14:00:00,2.9294,5.4448,0.6976,1.0813,120,88.1896,39.2483,120,69.836,70.5588,68.4835,0.5142,120,28.8886,29.0655,28.7085,0.0995,120,1007.324,1007.4831,1007.0986,0.0804,120,219.0284,257.1244,177.5843,27.1331,120,685.3598,802.7143,243.6351,172.6201,120,629.0692,787.3042,29.9968,239.9973,120,120,0,609.5971,720.2368,206.3051,155.4529,120,45.58,46.71,44.45,0.68,120,3.4554,3.4581,3.4516,0.0013,0.5889,0.5907,0.5871,0.001,0.6984,0.7056,0.6848,0.0051,-0.0039,-0.0002,-0.0049,0.0015,0.0028,0.0033,0.0023,0.0003,0.0057,0.0067,0.002,0.0014,0.6096,0.7202,0.2063,0.1555,295.5917,569,53,117.5275,0,0,0,0,260.8667,712,4,117.2489,40,41.5333,49,39,23.68,23.68,23.63
2022-11-19 14:10:00,2.7987,5.7852,0.5688,1.2662,120,91.8832,52.2589,120,69.7498,71.0471,68.5446,0.642,120,28.9278,29.2303,28.7176,0.1552,120,1007.3189,1007.4831,1007.1169,0.0657,120,214.3224,268.1787,183.8323,23.9252,120,704.3407,823.5966,337.7923,126.4734,120,685.8592,821.7274,172.6072,194.4547,120,120,0,620.3675,727.5613,290.231,116.8098,120,47.91,48.99,46.71,0.68,120,3.4553,3.4581,3.4519,0.0011,0.5893,0.5923,0.5872,0.0015,0.6975,0.7105,0.6854,0.0064,-0.0043,-0.0011,-0.0051,0.0012,0.0027,0.0034,0.0023,0.0003,0.0059,0.0069,0.0028,0.0011,0.6204,0.7276,0.2902,0.1168,281.3833,606,39,137.6256,0,0,0,0,310.2333,986,54,185.1209,40,41.45,47,41,23.68,23.68,23.63
2022-11-19 14:20:00,2.6484,4.948,0.4768,0.9858,120,81.2515,43.0612,120,68.9662,70.4672,68.0563,0.5135,120,29.3061,29.3951,29.035,0.1017,120,1007.2004,1007.3183,1007.0986,0.093,120,222.681,263.1323,194.4055,22.9094,120,563.6001,786.2269,250.2293,182.5859,120,504.5397,811.8933,21.6371,285.1715,120,120,0,496.6557,696.4324,211.4933,165.3639,120,50.24,51.52,48.99,0.68,120,3.4533,3.4553,3.4516,0.0015,0.5931,0.5939,0.5904,0.001,0.6897,0.7047,0.6806,0.0051,-0.0031,-0.0001,-0.005,0.0018,0.0028,0.0033,0.0025,0.0003,0.0047,0.0065,0.0021,0.0015,0.4967,0.6964,0.2115,0.1654,265.0417,515,29,107.1489,0,0,0,0,265.6167,964,0,164.534,40,41.8667,47,41,23.68,23.68,23.68
2022-11-19 14:30:00,3.4101,5.8036,0.6516,1.0392,120,95.1759,32.6324,120,68.8195,70.1621,67.9952,0.5108,120,28.5634,29.0381,28.1011,0.3219,120,1007.2193,1007.4831,1007.0986,0.0948,120,166.6022,194.8858,157.6386,7.0955,120,258.5433,664.593,159.3709,157.098,120,153.5433,779.436,13.2775,236.5487,120,120,0,223.2022,590.8383,134.2814,140.5388,120,52.59,53.81,51.52,0.68,120,3.4537,3.4581,3.4516,0.0016,0.5856,0.5904,0.581,0.0032,0.6882,0.7016,0.68,0.0051,-0.001,-0.0001,-0.0048,0.0015,0.0021,0.0025,0.002,0.0001,0.0022,0.0055,0.0013,0.0013,0.2232,0.5908,0.1343,0.1405,347.8333,608,48,112.9583,0,0,0,0,292.75,1010,115,131.669,40,41.6667,47,41,23.68,23.73,23.63
2022-11-19 14:40:00,2.4129,5.3252,0.6056,1.1289,120,90.8294,49.0663,120,70.7844,71.3523,70.2231,0.2592,120,28.5117,28.8977,28.1072,0.2333,120,1007.1329,1007.3183,1007.0986,0.0591,120,195.6268,227.5669,164.1268,17.623,120,446.4264,608.5378,188.6795,171.9097,120,410.0935,684.0348,16.2278,277.6861,120,120,0,384.2407,528.2754,157.1703,151.9637,120,54.93,56.09,53.81,0.69,120,3.4522,3.4553,3.4516,0.001,0.5851,0.589,0.5811,0.0023,0.7078,0.7135,0.7022,0.0026,-0.0025,-0.0001,-0.0042,0.0017,0.0025,0.0029,0.0021,0.0002,0.0037,0.0051,0.0016,0.0014,0.3842,0.5283,0.1572,0.152,239.45,556,43,122.7069,0,0,0,0,297.1083,1019,8,180.4023,40,41.8167,47,39,23.68,23.73,23.63
2022-11-19 14:50:00,2.4985,5.1688,0.4492,1.0208,120,84.5982,43.0399,120,70.2264,70.8945,69.5822,0.288,120,28.8026,28.9282,28.4613,0.1234,120,1007.1171,1007.3,1006.9338,0.0255,120,186.223,212.1874,151.1504,19.4568,120,258.2044,492.3998,156.4394,100.6669,120,134.3648,492.7409,14.2604,149.7184,120,120,0,224.4407,428.4799,136.4177,87.0717,120,57.28,58.39,56.09,0.69,120,3.452,3.455,3.4489,0.0004,0.588,0.5893,0.5846,0.0012,0.7023,0.7089,0.6958,0.0029,-0.0008,-0.0001,-0.0031,0.0009,0.0024,0.0027,0.0019,0.0002,0.0022,0.0041,0.0013,0.0008,0.2244,0.4285,0.1364,0.0871,248.75,539,26,110.9619,0,0,0,0,272.9917,1010,13,166.5327,40,41.7167,49,41,23.68,23.68,23.63
2022-11-19 15:00:00,2.5012,4.9112,0.302,1.0287,120,99.3659,45.8158,120,70.9184,71.9626,69.5822,0.5627,120,28.1087,28.449,27.9821,0.1201,120,1007.1235,1007.3183,1006.9338,0.0422,120,177.1475,192.9638,164.6079,8.174,120,251.9944,483.9736,169.2629,104.9527,120,151.7197,564.5375,14.7535,191.7363,120,120,0,216.2999,414.7465,145.5733,89.7968,120,59.63,60.68,58.39,0.68,120,3.4521,3.4553,3.4489,0.0007,0.5811,0.5845,0.5798,0.0012,0.7092,0.7196,0.6958,0.0056,-0.0009,-0.0001,-0.0035,0.0012,0.0022,0.0025,0.0021,0.0001,0.0021,0.004,0.0014,0.0009,0.2163,0.4147,0.1456,0.0898,249.0417,511,10,111.8169,0,0,0,0,311.5417,982,19,154.7428,40,41.7833,47,41,23.67,23.68,23.63
2022-11-19 15:10:00,2.7202,5.1228,0.5044,1.0429,120,86.7063,47.5547,120,71.4512,71.9932,70.8335,0.2773,120,28.1843,28.272,28.0706,0.0527,120,1007.1105,1007.3,1006.9155,0.038,120,180.0592,193.4441,167.9717,6.7137,120,328.3732,453.5642,168.5294,104.3862,120,310.5206,529.6229,13.7689,207.7059,120,120,0,276.9555,382.0917,144.0474,85.9425,120,61.99,63.23,60.93,0.68,120,3.4518,3.455,3.4486,0.0006,0.5818,0.5827,0.5807,0.0005,0.7145,0.7199,0.7083,0.0028,-0.0019,-0.0001,-0.0033,0.0013,0.0023,0.0025,0.0021,0.0001,0.0027,0.0038,0.0014,0.0009,0.277,0.3821,0.144,0.0859,272.85,534,32,113.3589,0,0,0,0,286.975,968,36,169.3707,40,41.5333,47,41,23.68,23.73,23.63
2022-11-19 15:20:00,3.2884,5.0216,1.36,0.8232,120,93.5722,28.6988,120,71.3464,72.0847,70.7724,0.3122,120,28.1784,28.2659,28.0828,0.0613,120,1007.1128,1007.3,1006.9338,0.0513,120,168.5687,176.3827,159.0811,3.9454,120,408.8186,430.8499,388.7167,12.2065,120,529.5211,546.8353,503.5611,10.731,120,120,0,335.64,356.151,315.8666,11.5282,120,64.34,65.53,63.23,0.69,120,3.4519,3.455,3.4489,0.0009,0.5818,0.5827,0.5808,0.0006,0.7135,0.7208,0.7077,0.0031,-0.0033,-0.0031,-0.0034,0.0001,0.0021,0.0022,0.002,0.0001,0.0034,0.0036,0.0032,0.0001,0.3356,0.3562,0.3159,0.0115,334.6083,523,125,89.4808,0,0,0,0,265.9667,521,20,83.2233,40,41.7333,47,39,23.68,23.73,23.68
2022-11-19 15:30:00,3.2935,5.7576,1.2312,0.9752,120,63.4944,26.4113,120,71.32,71.9016,70.7724,0.2818,120,28.1856,28.2751,28.0889,0.0561,120,1007.1056,1007.1352,1006.9338,0.0293,120,159.1809,168.6929,152.8331,3.7737,120,380.4647,409.9664,179.521,34.3104,120,535.877,605.3545,76.223,80.6801,120,120,0,305.5183,328.9895,145.2681,28.1076,120,66.69,67.82,65.53,0.69,120,3.4518,3.4523,3.4489,0.0005,0.5819,0.5827,0.5809,0.0006,0.7132,0.719,0.7077,0.0028,-0.0033,-0.0005,-0.0038,0.0005,0.002,0.0021,0.0019,0,0.0032,0.0034,0.0015,0.0003,0.3055,0.329,0.1453,0.0281,335.1583,603,111,106.0002,0,0,0,0,191.625,940,7,102.6188,40,41.6667,47,39,23.68,23.73,23.63
2022-11-19 15:40:00,2.2158,6.1624,0.4584,1.1706,120,82.3892,55.5978,120,71.5494,72.1458,70.864,0.3237,120,28.4274,28.8824,28.211,0.1837,120,1007.089,1007.3,1006.8972,0.0782,120,132.9598,154.7551,125.4386,8.078,120,354.8036,387.2521,176.5894,31.6349,120,590.622,636.8273,70.3207,94.3731,120,120,0,275.3176,306.4058,143.7422,23.1049,120,69.05,70.12,67.82,0.69,120,3.4515,3.455,3.4483,0.0013,0.5843,0.5888,0.5821,0.0018,0.7155,0.7215,0.7086,0.0032,-0.0037,-0.0004,-0.004,0.0006,0.0017,0.002,0.0016,0.0001,0.003,0.0032,0.0015,0.0003,0.2753,0.3064,0.1437,0.0231,218.025,647,27,127.2392,0,0,0,0,297.8333,961,4,201.7403,40,41.35,47,39,23.68,23.68,23.63
2022-11-19 15:50:00,2.7708,5.9692,0.6608,1.1424,120,71.016,37.4171,120,70.4164,71.688,69.9789,0.3202,120,28.7164,28.9282,28.4674,0.1398,120,1007.0029,1007.1352,1006.8972,0.0975,120,125.3201,142.7402,115.1055,8.9769,120,290.0938,363.8043,150.9436,50.2387,120,493.3317,629.942,73.7641,146.6364,120,120,0,218.7185,278.634,121.1585,36.5608,120,71.41,72.67,70.12,0.68,120,3.45,3.4523,3.4483,0.0016,0.5872,0.5893,0.5847,0.0014,0.7042,0.7169,0.6998,0.0032,-0.0031,-0.0005,-0.0039,0.0009,0.0016,0.0018,0.0015,0.0001,0.0024,0.003,0.0013,0.0004,0.2187,0.2786,0.1212,0.0366,278.35,626,49,124.1697,0,0,0,0,230.9167,948,61,142.2178,40,41.4833,47,39,23.68,23.68,23.63
2022-11-19 16:00:00,2.0633,4.9848,0.5044,1.0377,120,83.9257,53.3665,120,70.9009,71.2912,70.2536,0.2565,120,28.5157,28.7451,28.385,0.1056,120,1007.1047,1007.3,1006.9155,0.0569,120,104.0173,115.5858,94.1992,6.313,120,251.4754,287.9652,120.9016,41.9629,120,496.6184,590.601,67.3703,139.0397,120,120,0,180.606,209.357,96.7437,27.4357,120,73.76,74.97,72.67,0.69,120,3.4517,3.455,3.4486,0.0009,0.5852,0.5875,0.5838,0.0011,0.709,0.7129,0.7025,0.0026,-0.0031,-0.0004,-0.0037,0.0009,0.0013,0.0015,0.0012,0.0001,0.0021,0.0024,0.001,0.0003,0.1806,0.2094,0.0967,0.0274,201.4417,519,32,112.7942,0,0,0,0,301.05,1007,39,200.7838,40,41.6667,47,39,23.67,23.73,23.63
2022-11-19 16:10:00,2.9281,4.9112,0.9644,1.0492,120,71.1056,30.272,120,70.3449,71.1081,69.5822,0.4115,120,28.6199,28.7909,28.2263,0.1655,120,1006.9832,1007.1352,1006.8972,0.0932,120,98.1859,126.3992,75.4551,15.5548,120,195.6562,263.419,80.2353,59.6202,120,383.9647,524.2137,32.4557,172.7596,120,120,0,137.3257,189.5199,63.7837,40.455,120,76.11,77.26,74.97,0.69,120,3.4497,3.4523,3.4483,0.0016,0.5862,0.5879,0.5823,0.0017,0.7034,0.7111,0.6958,0.0041,-0.0024,-0.0002,-0.0033,0.0011,0.0012,0.0016,0.001,0.0002,0.0016,0.0022,0.0007,0.0005,0.1373,0.1895,0.0638,0.0405,295.4417,511,82,114.0469,0,0,0,0,212.3,968,16,109.888,40,41.5167,47,39,23.68,23.68,23.63
2022-11-19 16:20:00,2.8908,5.0768,1.1392,0.8557,120,89.6155,30.771,120,71.309,72.0237,70.5283,0.5033,120,27.8789,28.2232,27.6952,0.1755,120,1007.0995,1007.3183,1006.8972,0.0705,120,71.4381,76.6567,67.285,2.578,120,104.4091,163.0336,68.5114,37.7154,120,170.1934,449.9581,18.1953,178.1705,120,120,0,73.9082,102.237,55.8489,18.0061,120,78.47,79.55,77.26,0.69,120,3.4517,3.4553,3.4483,0.0012,0.5788,0.5822,0.5769,0.0018,0.7131,0.7202,0.7053,0.005,-0.0011,-0.0001,-0.0028,0.0011,0.0009,0.001,0.0009,0,0.0009,0.0014,0.0006,0.0003,0.0739,0.1022,0.0558,0.018,291.3917,529,101,93.0063,0,0,0,0,274.4,1013,8,127.5456,40,41.7,47,39,23.67,23.68,23.63
2022-11-19 16:30:00,2.2316,4.4972,0.486,0.9892,120,91.2788,40.4087,120,72.4357,73.1529,71.8711,0.3616,120,27.7604,27.9394,27.6342,0.1176,120,1007.1467,1007.3183,1006.9338,0.0718,120,72.5935,91.315,57.1921,10.7863,120,114.2002,173.6591,61.1837,42.6452,120,250.059,470.1209,22.1286,196.0013,120,120,0,75.0959,108.3407,47.9141,20.4673,120,80.82,82.1,79.55,0.68,120,3.4524,3.4553,3.4489,0.0012,0.5776,0.5794,0.5763,0.0012,0.7244,0.7315,0.7187,0.0036,-0.0016,-0.0001,-0.0029,0.0012,0.0009,0.0012,0.0007,0.0001,0.001,0.0014,0.0005,0.0004,0.0751,0.1083,0.0479,0.0205,219.7417,466,30,107.5237,0,0,0,0,271.675,740,5,123.0813,40,41.75,47,39,23.67,23.68,23.63
2022-11-19 16:40:00,1.8166,3.7796,0.4308,0.734,120,97.1263,49.9836,120,72.7218,73.2749,72.0542,0.3152,120,27.7701,27.9058,27.7105,0.0503,120,1007.1563,1007.3183,1007.0986,0.0767,120,57.4705,72.8118,52.3858,5.5389,120,61.3271,86.8295,54.2221,6.2171,120,42.828,268.9913,22.6217,40.5659,120,120,0,49.9791,68.0563,43.9466,6.3602,120,83.17,84.39,82.1,0.68,120,3.4526,3.4553,3.4516,0.0013,0.5777,0.5791,0.5771,0.0005,0.7272,0.7327,0.7205,0.0032,-0.0003,-0.0001,-0.0017,0.0003,0.0007,0.0009,0.0007,0.0001,0.0005,0.0007,0.0005,0.0001,0.05,0.0681,0.0439,0.0064,174.625,388,24,79.7836,0,0,0,0,330.2,1002,16,190.1668,40,41.8167,47,39,23.68,23.68,23.63
2022-11-19 16:50:00,2.232,4.3776,0.7252,0.8237,120,97.9,44.8747,120,73.4771,74.0074,73.0308,0.2525,120,27.6,27.7136,27.4297,0.0872,120,1007.2675,1007.4648,1007.0986,0.0749,120,49.7508,78.8197,27.3945,18.549,120,49.7498,79.1357,27.1116,18.7798,120,20.322,46.2246,14.2604,6.6512,120,120,0,45.1013,75.3807,23.8044,18.661,120,85.51,86.67,84.39,0.69,120,3.4545,3.4577,3.4516,0.0012,0.576,0.5771,0.5743,0.0009,0.7348,0.7401,0.7303,0.0025,-0.0001,-0.0001,-0.0003,0,0.0006,0.001,0.0003,0.0002,0.0004,0.0007,0.0002,0.0002,0.0451,0.0754,0.0238,0.0187,219.7833,453,56,89.535,0,0,0,0,310.2333,1013,20,161.3464,40,41.4167,47,39,23.68,23.68,23.68
2022-11-19 17:00:00,1.8594,3.7704,0.4216,0.6726,120,91.4263,34.8137,120,74.3642,74.8924,73.7632,0.3402,120,27.2874,27.4297,27.2375,0.0546,120,1007.3061,1007.4831,1007.1169,0.0624,120,20.3717,27.1543,13.9378,3.8967,120,21.7379,27.1116,15.0216,3.1838,120,35.7261,73.7641,14.7535,22.8721,120,120,0,18.4535,23.8044,13.4281,2.9538,120,87.85,88.95,86.67,0.68,120,3.4551,3.4581,3.4519,0.001,0.5729,0.5743,0.5724,0.0006,0.7436,0.7489,0.7376,0.0034,-0.0002,-0.0001,-0.0005,0.0001,0.0003,0.0003,0.0002,0,0.0002,0.0002,0.0001,0,0.0185,0.0238,0.0134,0.003,179.2833,387,23,73.1094,0,0,0,0,266.0917,672,55,103.0025,40,41.4833,47,39,23.68,23.68,23.68
2022-11-19 17:10:00,1.8801,4.8284,0.3664,1.1298,120,101.6034,45.2975,120,74.9776,75.3502,74.6788,0.1727,120,27.2431,27.2924,27.1917,0.029,120,1007.3563,1007.4831,1007.2634,0.0877,120,9.2677,13.9378,4.8063,2.8866,120,9.1073,14.6543,4.03,3.0698,120,13.9862,14.7535,13.2775,0.3539,120,120,0,9.2217,13.4281,4.883,2.5951,120,89.55,89.96,88.95,0.31,55,3.4559,3.4581,3.4544,0.0015,0.5724,0.5729,0.5719,0.0003,0.7498,0.7535,0.7468,0.0017,-0.0001,-0.0001,-0.0001,0,0.0001,0.0002,0.0001,0,0.0001,0.0001,0,0,0.0092,0.0134,0.0049,0.0026,181.5333,502,17,122.8034,0,0,0,0,299.5083,787,4,134.4593,40,41.6833,47,39,23.68,23.68,23.63
2022-11-19 17:20:00,1.9984,4.3684,0.6424,0.9109,120,96.111,51.0409,120,75.4603,75.869,74.9229,0.2217,120,27.0649,27.1795,26.9811,0.0586,120,1007.4313,1007.6296,1007.2634,0.0697,120,1.2876,4.8063,0,1.5166,120,1.154,4.03,0,1.4079,120,13.7566,14.2604,13.2775,0.1853,120,120,0,1.7446,4.5778,0,1.4424,120,None,None,None,None,0,3.4572,3.4605,3.4544,0.0012,0.5706,0.5718,0.5698,0.0006,0.7546,0.7587,0.7492,0.0022,-0.0001,-0.0001,-0.0001,0,0,0.0001,0,0,0,0,0,0,0.0017,0.0046,0,0.0014,194.3917,452,47,99.0159,0,0,0,0,321.4417,944,44,179.8624,39.8,41.8333,49,39,23.68,23.68,23.68
2022-11-19 17:30:00,2.1833,4.8376,0.6884,0.9846,120,91.5737,36.2352,120,76.0427,76.3268,75.808,0.1417,120,26.9531,26.9964,26.9048,0.0284,120,1007.4526,1007.6296,1007.2634,0.054,120,0,0,0,0,120,0,0,0,0,120,13.773,14.2604,13.2775,0.1857,120,120,0,0,0,0,0,120,None,None,None,None,0,3.4575,3.4605,3.4544,0.0009,0.5695,0.57,0.569,0.0003,0.7604,0.7633,0.7581,0.0014,-0.0001,-0.0001,-0.0001,0,0,0,0,0,0,0,0,0,0,0,0,0,214.4917,503,52,107.0256,0,0,0,0,269.9583,711,52,111.0739,39,41.7167,47,39,23.68,23.73,23.63
2022-11-19 17:40:00,1.8757,4.2028,0.5044,0.734,120,87.765,47.0076,120,76.6457,77.0592,76.2658,0.1984,120,26.9108,26.9323,26.8895,0.0083,120,1007.461,1007.6479,1007.2817,0.0552,120,0,0,0,0,120,0,0,0,0,120,13.7976,14.2604,13.2775,0.1721,120,120,0,0,0,0,0,120,None,None,None,None,0,3.4577,3.4608,3.4547,0.0009,0.5691,0.5693,0.5689,0.0001,0.7665,0.7706,0.7627,0.002,-0.0001,-0.0001,-0.0001,0,0,0,0,0,0,0,0,0,0,0,0,0,181.0583,434,32,79.7796,0,0,0,0,292.275,1020,20,175.2532,39,41.6333,47,39,23.68,23.68,23.68
2022-11-19 17:50:00,2.0524,4.5064,0.762,0.8929,120,102.8051,39.1685,120,77.1343,77.456,76.9372,0.1335,120,26.8929,26.9475,26.8133,0.0461,120,1007.4984,1007.6479,1007.4282,0.081,120,0,0,0,0,120,0,0,0,0,120,13.8304,14.2604,13.2775,0.197,120,120,0,0,0,0,0,120,None,None,None,None,0,3.4583,3.4608,3.4571,0.0014,0.5689,0.5695,0.5681,0.0005,0.7713,0.7746,0.7694,0.0013,-0.0001,-0.0001,-0.0001,0,0,0,0,0,0,0,0,0,0,0,0,0,200.2583,467,60,97.0491,0,0,0,0,311.7583,929,90,129.0805,39,41.6667,47,39,23.68,23.68,23.63
2022-11-19 18:00:00,2.0728,4.1016,0.4676,0.81,120,89.6192,34.8344,120,77.6137,77.8832,77.3034,0.2035,120,26.7677,26.8163,26.737,0.0222,120,1007.5004,1007.6479,1007.4282,0.0851,120,0,0,0,0,120,0,0,0,0,120,13.8058,14.2604,13.2775,0.2129,120,120,0,0,0,0,0,120,None,None,None,None,0,3.4583,3.4608,3.4571,0.0014,0.5677,0.5682,0.5674,0.0002,0.7761,0.7788,0.773,0.002,-0.0001,-0.0001,-0.0001,0,0,0,0,0,0,0,0,0,0,0,0,0,202.4833,423,28,88.0482,0,0,0,0,275.3083,952,8,130.354,39,41.6167,47,39,23.68,23.68,23.63
2022-11-19 18:10:00,2.0065,4.0464,0.5688,0.8445,120,84.9194,43.4824,120,77.9827,78.1579,77.7612,0.085,120,26.7941,26.8072,26.7766,0.0074,120,1007.6122,1007.831,1007.4282,0.0961,120,0,0,0,0,120,0,0,0,0,120,13.8467,14.2604,13.7689,0.1802,120,120,0,0,0,0,0,120,None,None,None,None,0,3.4602,3.4639,3.4571,0.0016,0.5679,0.5681,0.5678,0.0001,0.7798,0.7816,0.7776,0.0008,-0.0001,-0.0001,-0.0001,0,0,0,0,0,0,0,0,0,0,0,0,0,195.2667,417,39,91.7913,0,0,0,0,277.1333,967,13,166.0854,39,41.7667,47,39,23.68,23.68,23.63
2022-11-19 18:20:00,1.8812,4.0832,0.5412,0.7687,120,96.5047,42.4294,120,78.323,78.5546,78.0358,0.1543,120,26.7827,26.8224,26.7553,0.0172,120,1007.6469,1007.831,1007.6113,0.0603,120,0,0,0,0,120,0,0,0,0,120,13.8836,14.2604,13.7689,0.2087,120,120,0,0,0,0,0,120,None,None,None,None,0,3.4608,3.4639,3.4602,0.001,0.5678,0.5682,0.5675,0.0002,0.7832,0.7855,0.7804,0.0015,-0.0001,-0.0001,-0.0001,0,0,0,0,0,0,0,0,0,0,0,0,0,181.65,421,36,83.5546,0,0,0,0,305.825,897,49,152.9958,39,41.65,47,39,23.68,23.68,23.68
2022-11-19 18:30:00,1.8364,4.166,0.4952,0.73,120,95.6551,48.8297,120,78.635,78.8598,78.4936,0.0968,120,26.8084,26.8438,26.7705,0.0242,120,1007.8149,1008.0142,1007.6113,0.0781,120,0,0,0,0,120,0,0,0,0,120,13.8508,14.2604,13.2775,0.2495,120,120,0,0,0,0,0,120,None,None,None,None,0,3.4636,3.4669,3.4602,0.0013,0.5681,0.5684,0.5677,0.0002,0.7864,0.7886,0.7849,0.001,-0.0001,-0.0001,-0.0001,0,0,0,0,0,0,0,0,0,0,0,0,0,176.7833,430,31,79.3523,0,0,0,0,318.275,1011,46,177.3977,39,41.5167,47,39,23.68,23.68,23.63
2022-11-19 18:40:00,1.716,3.2828,0.578,0.5838,120,83.8448,42.2007,120,78.9913,79.1345,78.8293,0.081,120,26.7785,26.795,26.7614,0.0078,120,1007.9348,1008.0142,1007.7944,0.0819,120,0,0,0,0,120,0,0,0,0,120,13.8918,14.2604,13.2775,0.223,120,120,0,0,0,0,0,120,None,None,None,None,0,3.4656,3.4669,3.4632,0.0014,0.5678,0.5679,0.5676,0.0001,0.7899,0.7913,0.7883,0.0008,-0.0001,-0.0001,-0.0001,0,0,0,0,0,0,0,0,0,0,0,0,0,163.6917,334,40,63.459,0,0,0,0,266.5167,1007,57,156.1303,39,41.45,47,39,23.68,23.68,23.63
2022-11-19 18:50:00,2.6446,5.0124,0.5964,1.0147,120,89.6617,35.0706,120,79.1167,79.2261,78.9819,0.0469,120,26.7628,26.7858,26.7248,0.018,120,1007.9708,1008.179,1007.7944,0.0627,120,0,0,0,0,120,0,0,0,0,120,13.9573,14.2604,13.7689,0.2399,120,120,0,0,0,0,0,120,None,None,None,None,0,3.4662,3.4696,3.4632,0.001,0.5676,0.5679,0.5673,0.0002,0.7912,0.7923,0.7898,0.0005,-0.0001,-0.0001,-0.0001,0,0,0,0,0,0,0,0,0,0,0,0,0,264.625,522,42,110.2897,0,0,0,0,263.6083,680,75,106.3746,38.5,41.8,47,39,23.68,23.68,23.63
2022-11-19 19:00:00,2.6224,4.488,0.7804,0.8281,120,95.9217,31.3986,120,79.0022,79.2871,78.7072,0.1914,120,26.7451,26.7797,26.7126,0.0213,120,1008.0883,1008.179,1007.9592,0.0917,120,0,0,0,0,120,0,0,0,0,120,13.9696,14.2604,13.2775,0.2588,120,120,0,0,0,0,0,120,None,None,None,None,0,3.4681,3.4696,3.466,0.0015,0.5675,0.5678,0.5671,0.0002,0.79,0.7929,0.7871,0.0019,-0.0001,-0.0001,-0.0001,0,0,0,0,0,0,0,0,0,0,0,0,0,262.2167,465,62,90.0067,0,0,0,0,279.0917,883,0,102.5316,38,41.6333,47,39,23.68,23.68,23.63
2022-11-19 19:10:00,2.6843,4.6444,0.4124,0.8831,120,92.8824,29.4416,120,78.6345,78.9209,78.1884,0.1946,120,26.7675,26.7919,26.7248,0.0159,120,1008.1536,1008.3621,1007.9775,0.0565,120,0,0,0,0,120,0,0,0,0,120,13.8877,14.2604,13.7689,0.2113,120,120,0,0,0,0,0,120,None,None,None,None,0,3.4692,3.4727,3.4663,0.0009,0.5677,0.5679,0.5673,0.0002,0.7863,0.7892,0.7819,0.0019,-0.0001,-0.0001,-0.0001,0,0,0,0,0,0,0,0,0,0,0,0,0,268.9417,482,22,95.9903,0,0,0,0,268.4333,807,59,92.9314,38,41.4333,47,39,23.68,23.68,23.63
2022-11-19 19:20:00,2.1719,5.1136,0.6976,0.9813,120,101.5177,41.3375,120,78.1014,78.341,77.9443,0.1067,120,26.7287,26.7583,26.7095,0.0115,120,1008.1939,1008.3621,1007.9775,0.0733,120,0,0,0,0,120,0,0,0,0,120,13.859,14.2604,13.2775,0.2206,120,120,0,0,0,0,0,120,None,None,None,None,0,3.4699,3.4727,3.4663,0.0012,0.5673,0.5676,0.5671,0.0001,0.781,0.7834,0.7794,0.0011,-0.0001,-0.0001,-0.0001,0,0,0,0,0,0,0,0,0,0,0,0,0,213.25,533,53,106.6578,0,0,0,0,306.6,984,0,138.8217,38,41.55,47,39,23.68,23.68,23.68
2022-11-19 19:30:00,2.3372,4.58,0.762,0.7897,120,101.1624,32.6611,120,77.7441,77.8832,77.5475,0.0962,120,26.7313,26.7522,26.7095,0.01,120,1008.2908,1008.5269,1008.1423,0.092,120,0,0,0,0,120,0,0,0,0,120,13.9246,14.2604,13.2775,0.2383,120,120,0,0,0,0,0,120,None,None,None,None,0,3.4715,3.4754,3.469,0.0015,0.5673,0.5675,0.5671,0.0001,0.7774,0.7788,0.7755,0.001,-0.0001,-0.0001,-0.0001,0,0,0,0,0,0,0,0,0,0,0,0,0,231.2167,475,60,85.8415,0,0,0,0,294.8917,930,67,106.5536,38,41.5833,47,39,23.68,23.68,23.63
2022-11-19 19:40:00,2.5715,5.3068,0.762,1.0416,120,93.7578,38.1801,120,77.5816,77.6391,77.456,0.0485,120,26.7051,26.74,26.682,0.0139,120,1008.372,1008.5452,1008.1606,0.0754,120,0,0,0,0,120,0,0,0,0,120,13.9123,14.2604,13.2775,0.2332,120,120,0,0,0,0,0,120,None,None,None,None,0,3.4729,3.4758,3.4693,0.0013,0.5671,0.5674,0.5668,0.0001,0.7758,0.7764,0.7746,0.0005,-0.0001,-0.0001,-0.0001,0,0,0,0,0,0,0,0,0,0,0,0,0,256.6833,554,60,113.2147,0,0,0,0,289.4917,933,7,133.4095,38,41.7333,47,39,23.68,23.68,23.68
2022-11-19 19:50:00,2.0722,4.5524,0.67,0.8201,120,89.4955,43.7125,120,77.427,77.6086,77.1813,0.1263,120,26.7331,26.7675,26.682,0.0243,120,1008.4446,1008.5452,1008.3254,0.0935,120,0,0,0,0,120,0,0,0,0,120,13.8877,14.2604,13.2775,0.2207,120,120,0,0,0,0,0,120,None,None,None,None,0,3.4741,3.4758,3.4721,0.0016,0.5673,0.5677,0.5668,0.0002,0.7743,0.7761,0.7718,0.0013,-0.0001,-0.0001,-0.0001,0,0,0,0,0,0,0,0,0,0,0,0,0,202.4083,472,50,89.1414,0,0,0,0,284.325,1016,28,157.3047,38,41.8,47,41,23.68,23.68,23.63
2022-11-19 20:00:00,2.5076,5.27,0.5964,1.019,120,96.1868,36.7047,120,77.2393,77.3949,77.0592,0.071,120,26.6581,26.6942,26.6332,0.0181,120,1008.5559,1008.7283,1008.5086,0.0719,120,0,0,0,0,120,0,0,0,0,120,13.9246,14.2604,13.2775,0.2383,120,120,0,0,0,0,0,120,None,None,None,None,0,3.4759,3.4788,3.4751,0.0012,0.5666,0.5669,0.5663,0.0002,0.7724,0.7739,0.7706,0.0007,-0.0001,-0.0001,-0.0001,0,0,0,0,0,0,0,0,0,0,0,0,0,249.7417,550,42,110.761,0,0,0,0,290.3667,969,58,127.2115,37.4,41.5333,47,39,23.68,23.68,23.63
2022-11-19 20:10:00,2.5064,4.7732,0.946,0.8917,120,94.7773,28.4655,120,77.0671,77.2118,76.8151,0.0974,120,26.6606,26.6881,26.6118,0.0225,120,1008.6102,1008.7283,1008.5086,0.0942,120,0,0,0,0,120,0,0,0,0,120,13.9696,14.2604,13.7689,0.2426,120,120,0,0,0,0,0,120,None,None,None,None,0,3.4768,3.4788,3.4751,0.0016,0.5666,0.5669,0.5661,0.0002,0.7707,0.7721,0.7682,0.001,-0.0001,-0.0001,-0.0001,0,0,0,0,0,0,0,0,0,0,0,0,0,249.6083,496,80,96.9205,0,0,0,0,268.6167,519,18,82.8455,37,41.65,47,39,23.68,23.68,23.63
2022-11-19 20:20:00,2.3127,5.0952,0.4676,0.8557,120,98.3497,28.9334,120,77.0132,77.1203,76.8456,0.0779,120,26.5981,26.621,26.5752,0.0091,120,1008.569,1008.7283,1008.4902,0.0882,120,0,0,0,0,120,0,0,0,0,120,13.8549,14.2604,13.2775,0.208,120,120,0,0,0,0,0,120,None,None,None,None,0,3.4761,3.4788,3.4748,0.0015,0.566,0.5662,0.5657,0.0001,0.7701,0.7712,0.7685,0.0008,-0.0001,-0.0001,-0.0001,0,0,0,0,0,0,0,0,0,0,0,0,0,228.5583,531,28,93.0086,0,0,0,0,283.5167,655,113,86.9562,37,41.5667,47,39,23.68,23.68,23.63
2022-11-19 20:30:00,2.1344,4.6352,0.4952,0.8482,120,100.5108,32.475,120,77.0244,77.0898,76.9677,0.0332,120,26.5665,26.5966,26.5386,0.0154,120,1008.7226,1008.9114,1008.4902,0.1008,120,0,0,0,0,120,0,0,0,0,120,13.9,14.2604,13.2775,0.2274,120,120,0,0,0,0,0,120,None,None,None,None,0,3.4787,3.4819,3.4748,0.0017,0.5657,0.566,0.5654,0.0001,0.7702,0.7709,0.7697,0.0003,-0.0001,-0.0001,-0.0001,0,0,0,0,0,0,0,0,0,0,0,0,0,209.175,481,31,92.1967,0,0,0,0,294.1917,876,6,106.4152,37,41.6833,47,39,23.68,23.68,23.63
2022-11-19 20:40:00,2.1972,4.5432,0.762,0.8399,120,100.8671,35.2048,120,77.2261,77.3644,77.0592,0.1081,120,26.5658,26.6118,26.5386,0.023,120,1008.7474,1008.9297,1008.6917,0.083,120,0,0,0,0,120,0,0,0,0,120,13.986,14.2604,13.7689,0.2451,120,120,0,0,0,0,0,120,None,None,None,None,0,3.4791,3.4822,3.4782,0.0014,0.5657,0.5661,0.5654,0.0002,0.7723,0.7736,0.7706,0.0011,-0.0001,-0.0001,-0.0001,0,0,0,0,0,0,0,0,0,0,0,0,0,216,471,60,91.2911,0,0,0,0,290.8917,675,37,103.7701,37,41.8167,47,39,23.68,23.68,23.63
2022-11-19 20:50:00,2.1673,4.1476,0.5964,0.8115,120,98.7141,29.2149,120,77.3283,77.456,77.1203,0.0972,120,26.5766,26.6118,26.5386,0.0224,120,1008.8133,1008.9114,1008.6917,0.0992,120,0,0,0,0,120,0,0,0,0,120,13.9368,14.2604,13.7689,0.2341,120,120,0,0,0,0,0,120,None,None,None,None,0,3.4802,3.4819,3.4782,0.0017,0.5658,0.5661,0.5654,0.0002,0.7733,0.7746,0.7712,0.001,-0.0001,-0.0001,-0.0001,0,0,0,0,0,0,0,0,0,0,0,0,0,212.75,428,42,88.2066,0,0,0,0,290.4083,903,48,101.7769,37,41.6667,47,39,23.68,23.68,23.63
2022-11-19 21:00:00,2.1306,3.7336,0.8908,0.6617,120,102.3675,28.775,120,77.4234,77.4865,77.3339,0.0335,120,26.5289,26.56,26.4989,0.0203,120,1008.9007,1009.0945,1008.6917,0.0461,120,0,0,0,0,120,0,0,0,0,120,13.8795,14.2604,13.2775,0.2157,120,120,0,0,0,0,0,120,None,None,None,None,0,3.4817,3.4849,3.4782,0.0008,0.5653,0.5656,0.565,0.0002,0.7742,0.7749,0.7733,0.0003,-0.0001,-0.0001,-0.0001,0,0,0,0,0,0,0,0,0,0,0,0,0,208.7583,383,74,71.9218,0,0,0,0,293.725,661,109,84.8806,37,41.4833,47,39,23.68,23.68,23.63
2022-11-19 21:10:00,2.1859,3.7336,0.9276,0.6795,120,101.9737,29.9652,120,77.5252,77.5781,77.456,0.042,120,26.5293,26.56,26.4928,0.0181,120,1008.9447,1009.0945,1008.8748,0.0799,120,0,0,0,0,120,0,0,0,0,120,13.9368,14.2604,13.7689,0.2341,120,120,0,0,0,0,0,120,None,None,None,None,0,3.4824,3.4849,3.4812,0.0013,0.5653,0.5656,0.5649,0.0002,0.7753,0.7758,0.7746,0.0004,-0.0001,-0.0001,-0.0001,0,0,0,0,0,0,0,0,0,0,0,0,0,214.7667,383,78,73.8632,0,0,0,0,294.9083,737,125,90.3417,37,41.5667,47,39,23.68,23.68,23.63
2022-11-19 21:20:00,2.2589,4.396,0.9644,0.6607,120,99.3572,32.5895,120,77.574,77.6391,77.456,0.0571,120,26.5485,26.5752,26.5233,0.0139,120,1009.0107,1009.0945,1008.8748,0.0859,120,0,0,0,0,120,0,0,0,0,120,13.9287,14.2604,13.2775,0.2481,120,120,0,0,0,0,0,120,None,None,None,None,0,3.4835,3.4849,3.4812,0.0014,0.5655,0.5657,0.5652,0.0001,0.7757,0.7764,0.7746,0.0006,-0.0001,-0.0001,-0.0001,0,0,0,0,0,0,0,0,0,0,0,0,0,222.7083,455,82,71.8118,0,0,0,0,294.375,996,23,117.8315,36.9,41.7833,47,39,23.68,23.68,23.63
2022-11-19 21:30:00,2.197,5.224,0.7804,0.8606,120,97.7884,35.2482,120,77.5127,77.5781,77.3949,0.0498,120,26.511,26.56,26.4654,0.0309,120,1009.003,1009.0945,1008.8748,0.0878,120,0,0,0,0,120,0,0,0,0,120,13.9123,14.2604,13.7689,0.2243,120,120,0,0,0,0,0,120,None,None,None,None,0,3.4834,3.4849,3.4812,0.0015,0.5651,0.5656,0.5646,0.0003,0.7751,0.7758,0.7739,0.0005,-0.0001,-0.0001,-0.0001,0,0,0,0,0,0,0,0,0,0,0,0,0,215.9833,545,62,93.5409,0,0,0,0,291.7083,972,47,124.0033,36,41.65,47,39,23.68,23.68,23.63
2022-11-19 21:40:00,2.4304,4.9572,0.808,1.0292,120,98.8163,28.8536,120,77.489,77.6391,77.3949,0.0862,120,26.4991,26.5203,26.4654,0.0157,120,1008.954,1009.0945,1008.8748,0.0851,120,0,0,0,0,120,0,0,0,0,120,13.8959,14.2604,13.2775,0.2341,120,120,0,0,0,0,0,120,None,None,None,None,0,3.4826,3.4849,3.4812,0.0014,0.565,0.5652,0.5646,0.0002,0.7749,0.7764,0.7739,0.0009,-0.0001,-0.0001,-0.0001,0,0,0,0,0,0,0,0,0,0,0,0,0,241.35,516,65,111.865,0,0,0,0,295.5917,995,126,114.2504,36,41.55,47,39,23.68,23.68,23.63
2022-11-19 21:50:00,2.3186,4.396,0.6608,0.9323,120,101.9209,34.4975,120,77.3515,77.3949,77.2729,0.0306,120,26.486,26.5081,26.4715,0.0088,120,1008.8963,1009.0762,1008.8748,0.0391,120,0,0,0,0,120,0,0,0,0,120,13.8754,14.2604,13.2775,0.2131,120,120,0,0,0,0,0,120,None,None,None,None,0,3.4816,3.4846,3.4812,0.0007,0.5649,0.5651,0.5647,0.0001,0.7735,0.7739,0.7727,0.0003,-0.0001,-0.0001,-0.0001,0,0,0,0,0,0,0,0,0,0,0,0,0,229.1917,455,49,101.3423,0,0,0,0,302.325,989,24,118.8402,36,41.55,47,39,23.68,23.68,23.63
2022-11-19 22:00:00,1.9956,4.0096,0.4768,0.728,120,99.6564,33.2509,120,77.4117,77.517,77.3339,0.0461,120,26.4735,26.4959,26.4348,0.0177,120,1008.8537,1008.9114,1008.6734,0.0759,120,0,0,0,0,120,0,0,0,0,120,13.7853,14.2604,13.2775,0.1552,120,120,0,0,0,0,0,120,None,None,None,None,0,3.4809,3.4819,3.4779,0.0013,0.5647,0.565,0.5644,0.0002,0.7741,0.7752,0.7733,0.0005,-0.0001,-0.0001,-0.0001,0,0,0,0,0,0,0,0,0,0,0,0,0,194.0833,413,29,79.1307,0,0,0,0,291.3,886,16,107.0293,36,41.7833,47,39,23.68,23.68,23.63
2022-11-19 22:10:00,2.1912,4.488,0.5596,0.7714,120,100.614,36.8207,120,77.5086,77.6696,77.3034,0.0764,120,26.3569,26.4348,26.2883,0.0475,120,1008.7149,1008.8931,1008.4902,0.0787,120,0,0,0,0,120,0,0,0,0,120,13.8304,14.2604,13.2775,0.1752,120,120,0,0,0,0,0,120,None,None,None,None,0,3.4786,3.4816,3.4748,0.0013,0.5636,0.5644,0.5629,0.0005,0.7751,0.7767,0.773,0.0008,-0.0001,-0.0001,-0.0001,0,0,0,0,0,0,0,0,0,0,0,0,0,215.35,465,38,83.8493,0,0,0,0,292.1333,648,64,108.1046,36,41.5667,47,39,23.68,23.68,23.63
2022-11-19 22:20:00,2.8878,5.8128,0.7436,0.9313,120,99.9345,23.5353,120,77.5447,77.7001,77.3644,0.1099,120,26.3345,26.3616,26.3036,0.0123,120,1008.6689,1008.8931,1008.4719,0.087,120,0,0,0,0,120,0,0,0,0,120,13.8508,14.2604,13.2775,0.2048,120,120,0,0,0,0,0,120,None,None,None,None,0,3.4778,3.4816,3.4745,0.0015,0.5633,0.5636,0.563,0.0001,0.7754,0.777,0.7736,0.0011,-0.0001,-0.0001,-0.0001,0,0,0,0,0,0,0,0,0,0,0,0,0,291.0667,609,58,101.2295,0,0,0,0,291.6833,936,179,86.1208,36,41.6167,49,39,23.68,23.68,23.63
2022-11-19 22:30:00,2.5377,4.4972,0.5044,0.7912,120,102.3295,27.188,120,77.3515,77.4255,77.2118,0.0503,120,26.3361,26.3555,26.3158,0.0106,120,1008.5244,1008.71,1008.4719,0.0801,120,0,0,0,0,120,0,0,0,0,120,13.8263,14.2604,13.2775,0.2399,120,120,0,0,0,0,0,120,None,None,None,None,0,3.4754,3.4785,3.4745,0.0013,0.5634,0.5635,0.5632,0.0001,0.7735,0.7743,0.7721,0.0005,-0.0001,-0.0001,-0.0001,0,0,0,0,0,0,0,0,0,0,0,0,0,253.0083,466,32,86.0018,0,0,0,0,296.3583,825,93,87.6261,36,41.5833,47,39,23.67,23.68,23.63
2022-11-19 22:40:00,2.7431,5.4724,0.9,1.0113,120,99.0198,25.5374,120,77.2952,77.3949,77.1813,0.0701,120,26.3245,26.3585,26.2975,0.0162,120,1008.4828,1008.6917,1008.3071,0.0433,120,0,0,0,0,120,0,0,0,0,120,13.8427,14.2604,13.2775,0.1979,120,120,0,0,0,0,0,120,None,None,None,None,0,3.4747,3.4782,3.4718,0.0007,0.5633,0.5636,0.563,0.0002,0.773,0.7739,0.7718,0.0007,-0.0001,-0.0001,-0.0001,0,0,0,0,0,0,0,0,0,0,0,0,0,275.3333,572,75,109.9245,0,0,0,0,288.5417,1008,41,96.3563,36,41.7667,47,39,23.67,23.68,23.63
2022-11-19 22:50:00,1.9464,4.028,0.4032,0.9263,120,106.5694,35.6846,120,77.3909,77.517,77.3034,0.0458,120,26.3473,26.3646,26.328,0.0081,120,1008.2785,1008.4902,1008.1057,0.1163,120,0,0,0,0,120,0,0,0,0,120,13.8058,14.2604,13.2775,0.2312,120,120,0,0,0,0,0,120,None,None,None,None,0,3.4713,3.4748,3.4684,0.0019,0.5635,0.5636,0.5633,0.0001,0.7739,0.7752,0.773,0.0005,-0.0001,-0.0001,-0.0001,0,0,0,0,0,0,0,0,0,0,0,0,0,188.7417,415,21,100.6888,0,0,0,0,306.0167,600,79,103.3464,36,41.6333,47,39,23.67,23.68,23.63
2022-11-19 23:00:00,2.5138,4.3132,1.3968,0.6525,120,98.4867,23.1974,120,77.7072,77.9138,77.4865,0.1378,120,26.3043,26.3341,26.2883,0.0117,120,1008.1182,1008.3071,1007.9226,0.0623,120,0,0,0,0,120,0,0,0,0,120,13.8631,14.2604,13.2775,0.2044,120,120,0,0,0,0,0,120,None,None,None,None,0,3.4686,3.4718,3.4654,0.001,0.563,0.5633,0.5629,0.0001,0.7771,0.7791,0.7749,0.0014,-0.0001,-0.0001,-0.0001,0,0,0,0,0,0,0,0,0,0,0,0,0,250.4083,446,129,70.9185,0,0,0,0,279.875,507,84,67.2942,36,41.3333,47,39,23.67,23.68,23.63
2022-11-19 23:10:00,2.0308,4.2304,0.4124,0.8174,120,100.8019,32.4546,120,77.9107,78.0053,77.8222,0.0402,120,26.2454,26.3036,26.1876,0.0319,120,1008.0488,1008.1423,1007.9043,0.0925,120,0,0,0,0,120,0,0,0,0,120,13.7976,14.2604,13.2775,0.2044,120,120,0,0,0,0,0,120,None,None,None,None,0,3.4675,3.469,3.4651,0.0015,0.5625,0.563,0.5619,0.0003,0.7791,0.7801,0.7782,0.0004,-0.0001,-0.0001,-0.0001,0,0,0,0,0,0,0,0,0,0,0,0,0,197.9167,437,22,88.8446,0,0,0,0,305.6583,1004,86,129.2077,35.8,41.7167,47,39,23.67,23.68,23.63
2022-11-19 23:20:00,2.1819,4.5616,0.6424,0.785,120,103.212,37.9152,120,77.9458,78.0053,77.8832,0.0285,120,26.2022,26.2304,26.1785,0.0131,120,1007.904,1008.124,1007.7212,0.0927,120,0,0,0,0,120,0,0,0,0,120,13.8549,14.2604,13.2775,0.2355,120,120,0,0,0,0,0,120,None,None,None,None,0,3.4651,3.4687,3.462,0.0015,0.562,0.5623,0.5618,0.0001,0.7795,0.7801,0.7788,0.0003,-0.0001,-0.0001,-0.0001,0,0,0,0,0,0,0,0,0,0,0,0,0,214.3333,473,47,85.324,0,0,0,0,320.05,1015,44,145.92,35,41.7333,47,39,23.67,23.68,23.63
2022-11-19 23:30:00,2.228,5.4724,0.716,0.8929,120,105.8931,29.1234,120,77.7543,77.9443,77.5781,0.1014,120,26.2533,26.27,26.2304,0.0086,120,1007.7775,1007.9409,1007.5381,0.0765,120,0,0,0,0,120,0,0,0,0,120,13.8672,14.2604,13.2775,0.2262,120,120,0,0,0,0,0,120,None,None,None,None,0,3.463,3.4657,3.459,0.0013,0.5625,0.5627,0.5623,0.0001,0.7775,0.7794,0.7758,0.001,-0.0001,-0.0001,-0.0001,0,0,0,0,0,0,0,0,0,0,0,0,0,219.35,572,55,97.0547,0,0,0,0,302.1,551,89,84.0328,35,41.65,47,39,23.67,23.68,23.63
2022-11-19 23:40:00,1.8503,3.292,0.624,0.5661,120,102.8278,28.1195,120,77.605,77.6696,77.517,0.0359,120,26.2426,26.2609,26.2151,0.0119,120,1007.7419,1007.9409,1007.5381,0.0519,120,0,0,0,0,120,0,0,0,0,120,13.7403,14.2604,13.2775,0.2141,120,120,0,0,0,0,0,120,None,None,None,None,0,3.4624,3.4657,3.459,0.0009,0.5624,0.5626,0.5622,0.0001,0.7761,0.7767,0.7752,0.0004,-0.0001,-0.0001,-0.0001,0,0,0,0,0,0,0,0,0,0,0,0,0,178.2917,335,45,61.5371,0,0,0,0,293.3833,570,0,82.7801,35,41.7833,47,39,23.67,23.68,23.63
2022-11-19 23:50:00,1.7032,3.2368,0.4308,0.5896,120,104.8785,32.89,120,77.678,77.7917,77.6086,0.0441,120,26.2127,26.2365,26.1876,0.0107,120,1007.6222,1007.7578,1007.5381,0.092,120,0,0,0,0,120,0,0,0,0,120,13.7403,14.2604,13.2775,0.1835,120,120,0,0,0,0,0,120,None,None,None,None,0,3.4604,3.4626,3.459,0.0015,0.5621,0.5624,0.5619,0.0001,0.7768,0.7779,0.7761,0.0004,-0.0001,-0.0001,-0.0001,0,0,0,0,0,0,0,0,0,0,0,0,0,162.3083,329,24,64.0883,0,0,0,0,308.85,815,58,106.0113,35,41.7667,47,39,23.67,23.68,23.63
