datetime,Anemometer;wind_speed;Avg (m/s),Anemometer;wind_speed;Max (m/s),Anemometer;wind_speed;Min (m/s),Anemometer;wind_speed;StdDev (m/s),Anemometer;wind_speed;Count (),Wind Vane TMR;wind_direction;Avg (°),Wind Vane TMR;wind_direction;StdDev (°),Wind Vane TMR;wind_direction;Count (),Hygro/Thermo;humidity;Avg (%),Hygro/Thermo;humidity;Max (%),Hygro/Thermo;humidity;Min (%),Hygro/Thermo;humidity;StdDev (%),Hygro/Thermo;humidity;Count (),Hygro/Thermo;temperature;Avg (°C),Hygro/Thermo;temperature;Max (°C),Hygro/Thermo;temperature;Min (°C),Hygro/Thermo;temperature;StdDev (°C),Hygro/Thermo;temperature;Count (),Barometer;air_pressure;Avg (hPa),Barometer;air_pressure;Max (hPa),Barometer;air_pressure;Min (hPa),Barometer;air_pressure;StdDev (hPa),Barometer;air_pressure;Count (),DHI (Diffuse Horizontal Irradiance);solar_irradiance;Avg (W/m²),DHI (Diffuse Horizontal Irradiance);solar_irradiance;Max (W/m²),DHI (Diffuse Horizontal Irradiance);solar_irradiance;Min (W/m²),DHI (Diffuse Horizontal Irradiance);solar_irradiance;StdDev (W/m²),DHI (Diffuse Horizontal Irradiance);solar_irradiance;Count (),GHI (Global Horizontal Irradiance);solar_irradiance;Avg (W/m²),GHI (Global Horizontal Irradiance);solar_irradiance;Max (W/m²),GHI (Global Horizontal Irradiance);solar_irradiance;Min (W/m²),GHI (Global Horizontal Irradiance);solar_irradiance;StdDev (W/m²),GHI (Global Horizontal Irradiance);solar_irradiance;Count (),DNI (Direct Normal Irradiance) Pyrheliometer;solar_DNI;Avg (W/m²),DNI (Direct Normal Irradiance) Pyrheliometer;solar_DNI;Max (W/m²),DNI (Direct Normal Irradiance) Pyrheliometer;solar_DNI;Min (W/m²),DNI (Direct Normal Irradiance) Pyrheliometer;solar_DNI;StdDev (W/m²),DNI (Direct Normal Irradiance) Pyrheliometer;solar_DNI;Count (),Precipitation;precipitation;Count (),Precipitation;precipitation;Sum (mm),GTI (Global Tilt Irradiance) PV Cell;voltage;Avg (W/m2),GTI (Global Tilt Irradiance) PV Cell;voltage;Max (W/m2),GTI (Global Tilt Irradiance) PV Cell;voltage;Min (W/m2),GTI (Global Tilt Irradiance) PV Cell;voltage;StdDev (W/m2),GTI (Global Tilt Irradiance) PV Cell;voltage;Count (),Theta;other;Avg (°),Theta;other;Max (°),Theta;other;Min (°),Theta;other;StdDev (°),Theta;other;Count (),A1;channel;Avg (V),A1;channel;Max (V),A1;channel;Min (V),A1;channel;StdDev (V),A2;channel;Avg (V),A2;channel;Max (V),A2;channel;Min (V),A2;channel;StdDev (V),A3;channel;Avg (V),A3;channel;Max (V),A3;channel;Min (V),A3;channel;StdDev (V),A4;channel;Avg (V),A4;channel;Max (V),A4;channel;Min (V),A4;channel;StdDev (V),A5;channel;Avg (V),A5;channel;Max (V),A5;channel;Min (V),A5;channel;StdDev (V),A6;channel;Avg (V),A6;channel;Max (V),A6;channel;Min (V),A6;channel;StdDev (V),A7;channel;Avg (V),A7;channel;Max (V),A7;channel;Min (V),A7;channel;StdDev (V),C1;channel;Avg (I),C1;channel;Max (I),C1;channel;Min (I),C1;channel;StdDev (I),C2;channel;Avg (I),C2;channel;Max (I),C2;channel;Min (I),C2;channel;StdDev (I),D1;channel;Avg (),D1;channel;Max (),D1;channel;Min (),D1;channel;StdDev (),T;channel;Avg (°C),I;channel;Avg (mA),I;channel;Max (mA),I;channel;Min (mA),V;channel;Avg (V),V;channel;Max (V),V;channel;Min (V)
2022-11-04 00:00:00,1.992,3.4944,0.9644,0.5096,120,46.1148,30.5029,120,79.0951,79.2566,78.9819,0.0756,120,26.4802,26.5111,26.4623,0.0101,120,1007.0299,1007.2268,1006.8239,0.0581,120,0,0,0,0,120,0,0,0,0,120,13.9,14.2604,13.7689,0.2182,120,120,0,0,0,0,0,120,None,None,None,None,0,3.4505,3.4538,3.4471,0.001,0.5648,0.5651,0.5646,0.0001,0.791,0.7926,0.7898,0.0008,-0.0001,-0.0001,-0.0001,0,0,0,0,0,0,0,0,0,0,0,0,0,193.7,357,82,55.3934,0,0,0,0,177.1583,1020,4,185.0471,36,45.0167,49,41,23.66,23.68,23.63
2022-11-04 00:10:00,1.981,3.9912,0.808,0.6873,120,33.5865,34.6578,120,79.2556,79.3481,79.1955,0.0338,120,26.5062,26.5264,26.4745,0.0106,120,1006.7844,1007.0254,1006.6225,0.1239,120,0,0,0,0,120,0,0,0,0,120,13.9123,14.2604,13.7689,0.2243,120,120,0,0,0,0,0,120,None,None,None,None,0,3.4464,3.4504,3.4437,0.0021,0.5651,0.5653,0.5647,0.0001,0.7926,0.7935,0.792,0.0003,-0.0001,-0.0001,-0.0001,0,0,0,0,0,0,0,0,0,0,0,0,0,192.5,411,65,74.7115,0,0,0,0,217.8,999,1,282.5042,36,41.85,47,41,23.67,23.68,23.63
2022-11-04 00:20:00,1.8621,4.4236,0.4032,0.8948,120,37.3225,40.0083,120,79.3835,79.5007,79.1345,0.0972,120,26.455,26.4745,26.4318,0.009,120,1006.6671,1006.8422,1006.6225,0.0641,120,0,0,0,0,120,0,0,0,0,120,13.8017,14.2604,13.2775,0.1883,120,120,0,0,0,0,0,120,None,None,None,None,0,3.4445,3.4474,3.4437,0.0011,0.5645,0.5647,0.5643,0.0001,0.7938,0.795,0.7913,0.001,-0.0001,-0.0001,-0.0001,0,0,0,0,0,0,0,0,0,0,0,0,0,179.575,458,21,97.266,0,0,0,0,238.25,1019,8,276.8651,35.6,41.4667,47,39,23.67,23.68,23.63
2022-11-04 00:30:00,1.9521,3.6232,0.6976,0.6365,120,52.7974,41.3478,120,79.3494,79.4397,79.2261,0.0445,120,26.4076,26.4562,26.3646,0.0236,120,1006.561,1006.8239,1006.4394,0.0982,120,0,0,0,0,120,0,0,0,0,120,13.8222,14.2604,13.2775,0.2093,120,120,0,0,0,0,0,120,None,None,None,None,0,3.4427,3.4471,3.4407,0.0016,0.5641,0.5646,0.5636,0.0002,0.7935,0.7944,0.7923,0.0004,-0.0001,-0.0001,-0.0001,0,0,0,0,0,0,0,0,0,0,0,0,0,189.3583,371,53,69.18,0,0,0,0,202.25,983,5,185.7843,35,41.55,47,39,23.67,23.68,23.63
2022-11-04 00:40:00,1.6548,3.6876,0.3848,0.7914,120,44.9576,42.2553,120,79.3049,79.3786,79.1955,0.0582,120,26.3698,26.3891,26.3463,0.008,120,1006.4254,1006.476,1006.238,0.0658,120,0,0,0,0,120,0,0,0,0,120,13.7526,14.2604,13.2775,0.1904,120,120,0,0,0,0,0,120,None,None,None,None,0,3.4404,3.4413,3.4373,0.0011,0.5637,0.5639,0.5635,0.0001,0.793,0.7938,0.792,0.0006,-0.0001,-0.0001,-0.0001,0,0,0,0,0,0,0,0,0,0,0,0,0,157.0417,378,19,86.0267,0,0,0,0,236.225,1019,23,255.6714,35,41.6833,47,39,23.67,23.68,23.63
2022-11-04 00:50:00,1.3783,3.4208,0.2284,0.8099,120,50.845,56.047,120,79.2421,79.3176,79.1345,0.0333,120,26.3464,26.3616,26.328,0.006,120,1006.2745,1006.4577,1006.238,0.0604,120,0,0,0,0,120,0,0,0,0,120,13.7894,14.2604,13.2775,0.1733,120,120,0,0,0,0,0,120,None,None,None,None,0,3.4379,3.441,3.4373,0.001,0.5635,0.5636,0.5633,0.0001,0.7924,0.7932,0.7913,0.0003,-0.0001,-0.0001,-0.0001,0,0,0,0,0,0,0,0,0,0,0,0,0,126.9917,349,2,88.0358,0,0,0,0,305.9167,1012,15,280.6171,35,41.7833,47,39,23.67,23.68,23.63
2022-11-04 01:00:00,1.5053,3.0712,0.2192,0.6197,120,64.2406,38.4948,120,79.2762,79.4397,79.165,0.0898,120,26.3187,26.3646,26.2792,0.0258,120,1006.1626,1006.2563,1006.0366,0.0937,120,0,0,0,0,120,0,0,0,0,120,13.7894,14.2604,13.2775,0.1611,120,120,0,0,0,0,0,120,None,None,None,None,0,3.436,3.4376,3.4339,0.0016,0.5632,0.5636,0.5628,0.0003,0.7928,0.7944,0.7917,0.0009,-0.0001,-0.0001,-0.0001,0,0,0,0,0,0,0,0,0,0,0,0,0,140.7917,311,1,67.3579,0,0,0,0,205.75,838,5,133.2026,35,41.4667,47,39,23.67,23.68,23.63
2022-11-04 01:10:00,1.8052,3.6508,0.394,0.6871,120,58.1229,37.5798,120,79.7088,79.8975,79.4092,0.1349,120,26.27,26.2914,26.2426,0.01,120,1006.0623,1006.2563,1005.8535,0.0775,120,0,0,0,0,120,0,0,0,0,120,13.8427,14.2604,13.2775,0.2439,120,120,0,0,0,0,0,120,None,None,None,None,0,3.4344,3.4376,3.4309,0.0013,0.5627,0.5629,0.5624,0.0001,0.7971,0.799,0.7941,0.0013,-0.0001,-0.0001,-0.0001,0,0,0,0,0,0,0,0,0,0,0,0,0,173.3917,374,20,74.6871,0,0,0,0,247.925,1022,2,233.03,35,41.6167,47,39,23.67,23.68,23.63
2022-11-04 01:20:00,1.8203,3.6508,0.2836,0.7663,120,62.3137,46.0673,120,80.1146,80.3247,79.8364,0.1454,120,26.1905,26.2456,26.1571,0.0229,120,1005.9685,1006.238,1005.8535,0.0973,120,0,0,0,0,120,0,0,0,0,120,13.7607,14.2604,13.2775,0.191,120,120,0,0,0,0,0,120,None,None,None,None,0,3.4328,3.4373,3.4309,0.0016,0.5619,0.5625,0.5616,0.0002,0.8011,0.8032,0.7984,0.0015,-0.0001,-0.0001,-0.0001,0,0,0,0,0,0,0,0,0,0,0,0,0,175.0333,374,8,83.2933,0,0,0,0,246.5917,998,7,206.7138,35,41.55,47,39,23.67,23.68,23.63
2022-11-04 01:30:00,1.7883,3.8808,0.2652,0.7386,120,58.0835,40.0685,120,80.3982,80.5078,80.2637,0.0616,120,26.147,26.1693,26.1266,0.0085,120,1005.8965,1006.0732,1005.6887,0.0743,120,0,0,0,0,120,0,0,0,0,120,13.7526,14.2604,13.2775,0.2378,120,120,0,0,0,0,0,120,None,None,None,None,0,3.4316,3.4346,3.4281,0.0012,0.5615,0.5617,0.5613,0.0001,0.804,0.8051,0.8026,0.0006,-0.0001,-0.0001,-0.0001,0,0,0,0,0,0,0,0,0,0,0,0,0,171.55,399,6,80.2837,0,0,0,0,211.4083,983,30,175.2418,35,41.85,47,39,23.67,23.68,23.63
2022-11-04 01:40:00,1.3414,2.8044,0.3664,0.427,120,46.6715,41.6786,120,80.488,80.5994,80.4468,0.0342,120,26.1617,26.1876,26.1449,0.0097,120,1005.804,1005.8901,1005.6703,0.0921,120,0,0,0,0,120,0,0,0,0,120,13.7444,14.2604,13.2775,0.1668,120,120,0,0,0,0,0,120,None,None,None,None,0,3.4301,3.4315,3.4278,0.0015,0.5616,0.5619,0.5615,0.0001,0.8049,0.806,0.8045,0.0003,-0.0001,-0.0001,-0.0001,0,0,0,0,0,0,0,0,0,0,0,0,0,122.9833,282,17,46.4083,0,0,0,0,210.3417,988,12,220.9211,35,41.7,47,39,23.67,23.68,23.63
2022-11-04 01:50:00,1.1569,2.4272,0.3388,0.5012,120,64.1773,45.1137,120,80.5656,80.6299,80.5078,0.0314,120,26.2076,26.2304,26.1815,0.0131,120,1005.6778,1005.8901,1005.4872,0.1031,120,0,0,0,0,120,0,0,0,0,120,13.8099,14.2604,13.2775,0.1867,120,120,0,0,0,0,0,120,None,None,None,None,0,3.428,3.4315,3.4248,0.0017,0.5621,0.5623,0.5618,0.0001,0.8057,0.8063,0.8051,0.0003,-0.0001,-0.0001,-0.0001,0,0,0,0,0,0,0,0,0,0,0,0,0,102.925,241,14,54.4772,0,0,0,0,249.325,1012,0,214.5069,35,41.6833,47,39,23.67,23.68,23.63
2022-11-04 02:00:00,1.6255,4.2948,0.2744,0.957,120,54.704,63.6765,120,80.6469,80.752,80.5383,0.0461,120,26.2042,26.2304,26.1663,0.0191,120,1005.5722,1005.707,1005.4872,0.0935,120,0,0,0,0,120,0,0,0,0,120,13.7566,14.2604,13.2775,0.2061,120,120,0,0,0,0,0,120,None,None,None,None,0,3.4262,3.4284,3.4248,0.0016,0.562,0.5623,0.5617,0.0002,0.8065,0.8075,0.8054,0.0005,-0.0001,-0.0001,-0.0001,0,0,0,0,0,0,0,0,0,0,0,0,0,153.8583,444,7,104.0252,0,0,0,0,329.65,1008,9,288.0224,35,41.6333,47,39,23.67,23.68,23.63
2022-11-04 02:10:00,1.8204,3.4576,0.5228,0.7434,120,47.5543,40.4323,120,80.7553,80.8435,80.6909,0.0344,120,26.1624,26.1785,26.1449,0.0095,120,1005.5329,1005.6887,1005.4689,0.0779,120,0,0,0,0,120,0,0,0,0,120,13.7485,14.2604,13.2775,0.2054,120,120,0,0,0,0,0,120,None,None,None,None,0,3.4255,3.4281,3.4245,0.0013,0.5616,0.5618,0.5615,0.0001,0.8076,0.8084,0.8069,0.0003,-0.0001,-0.0001,-0.0001,0,0,0,0,0,0,0,0,0,0,0,0,0,175.0417,353,34,80.8079,0,0,0,0,240.65,1022,5,250.2473,35,41.5667,47,39,23.67,23.68,23.63
2022-11-04 02:20:00,1.8747,4.488,0.348,0.9577,120,47.0262,39.1431,120,80.7479,80.813,80.6604,0.0422,120,26.1334,26.1602,26.1174,0.008,120,1005.5206,1005.6887,1005.3041,0.0776,120,0,0,0,0,120,0,0,0,0,120,13.728,14.2604,13.2775,0.1972,120,120,0,0,0,0,0,120,None,None,None,None,0,3.4253,3.4281,3.4217,0.0013,0.5613,0.5616,0.5612,0.0001,0.8075,0.8081,0.8066,0.0004,-0.0001,-0.0001,-0.0001,0,0,0,0,0,0,0,0,0,0,0,0,0,180.9417,465,15,104.1007,0,0,0,0,218.525,1018,12,235.0262,35,41.5333,47,41,23.67,23.68,23.63
2022-11-04 02:30:00,1.7295,4.028,0.2744,0.7933,120,36.0061,50.8219,120,80.7713,80.8435,80.6909,0.0296,120,26.138,26.151,26.1266,0.0056,120,1005.6015,1005.707,1005.4872,0.0936,120,0,0,0,0,120,0,0,0,0,120,13.7485,14.2604,13.2775,0.1846,120,120,0,0,0,0,0,120,None,None,None,None,0,3.4267,3.4284,3.4248,0.0016,0.5614,0.5615,0.5613,0.0001,0.8077,0.8084,0.8069,0.0003,-0.0001,-0.0001,-0.0001,0,0,0,0,0,0,0,0,0,0,0,0,0,165.1583,415,7,86.227,0,0,0,0,287.425,1019,1,309.7042,35,41.8333,47,39,23.66,23.68,23.63
2022-11-04 02:40:00,1.6196,3.4944,0.3756,0.6859,120,43.2738,30.3507,120,80.8117,80.9046,80.5383,0.0677,120,26.151,26.1876,26.1235,0.0167,120,1005.5058,1005.6887,1005.3041,0.0556,120,0,0,0,0,120,0,0,0,0,120,13.5068,14.2604,12.786,0.4411,120,120,0,0,0,0,0,120,None,None,None,None,0,3.4251,3.4281,3.4217,0.0009,0.5615,0.5619,0.5612,0.0002,0.8081,0.809,0.8054,0.0007,-0.0001,-0.0001,-0.0001,0,0,0,0,0,0,0,0,0,0,0,0,0,153.2167,357,18,74.5584,0,0,0,0,193.8833,1012,7,227.0212,35,41.5,47,39,23.66,23.68,23.63
2022-11-04 02:50:00,2.1384,3.9176,0.7804,0.6219,120,46.1882,31.2164,120,80.7744,80.874,80.5689,0.0666,120,26.0816,26.1632,26.0167,0.039,120,1005.4938,1005.6703,1005.3407,0.0283,120,0,0,0,0,120,0,0,0,0,120,13.6706,14.2604,12.786,0.2748,120,120,0,0,0,0,0,120,None,None,None,None,0,3.4249,3.4278,3.4223,0.0005,0.5608,0.5616,0.5602,0.0004,0.8077,0.8087,0.8057,0.0007,-0.0001,-0.0001,-0.0001,0,0,0,0,0,0,0,0,0,0,0,0,0,209.6083,403,62,67.595,0,0,0,0,180.9333,990,9,187.5428,35,41.5833,47,39,23.66,23.68,23.63
2022-11-04 03:00:00,1.3349,3.1264,0.2928,0.5035,120,57.4466,42.4603,120,80.9567,81.0572,80.874,0.0412,120,26.0097,26.035,25.9862,0.0087,120,1005.5574,1005.707,1005.4872,0.089,120,0,0,0,0,120,0,0,0,0,120,13.7034,14.2604,13.2775,0.2378,120,120,0,0,0,0,0,120,None,None,None,None,0,3.426,3.4284,3.4248,0.0015,0.5601,0.5604,0.5599,0.0001,0.8096,0.8106,0.8087,0.0004,-0.0001,-0.0001,-0.0001,0,0,0,0,0,0,0,0,0,0,0,0,0,122.275,317,9,54.733,0,0,0,0,204.9,999,1,170.1593,35,41.5667,47,39,23.66,23.68,23.63
2022-11-04 03:10:00,1.687,3.9268,0.6332,0.7142,120,58.2501,44.1187,120,81.1635,81.3318,81.0266,0.067,120,26.0299,26.0717,25.9954,0.0207,120,1005.6648,1005.8718,1005.4872,0.0665,120,0.05,0.4803,0,0.1317,120,0,0,0,0,120,13.5068,14.2604,12.2946,0.5014,120,120,0.1,0,0,0,0,120,None,None,None,None,0,3.4277,3.4312,3.4248,0.0011,0.5603,0.5607,0.5599,0.0002,0.8116,0.8133,0.8103,0.0007,-0.0001,-0.0001,-0.0001,0,0,0,0,0,0,0,0,0,0,0,0,0,160.5417,404,46,77.6311,0.0083,1,0,0.0913,224.8667,1012,0,208.0114,35,41.3833,47,39,23.66,23.68,23.63
2022-11-04 03:20:00,1.3437,2.9424,0.394,0.5193,120,56.6364,48.6087,120,81.3682,81.698,81.0572,0.1688,120,25.9476,26.0808,25.8122,0.0804,120,1005.7135,1005.8718,1005.4872,0.0836,120,0.4185,1.4417,0,0.4444,120,0,0,0,0,120,13.1382,13.7689,12.2946,0.35,120,120,0,0,0,0,0,120,None,None,None,None,0,3.4286,3.4312,3.4248,0.0014,0.5595,0.5608,0.5581,0.0008,0.8137,0.817,0.8106,0.0017,-0.0001,-0.0001,-0.0001,0,0,0,0,0,0,0,0,0,0,0,0,0,123.225,297,20,56.4468,0,0,0,0,224.575,1013,1,207.2425,35,41.7167,47,39,23.66,23.68,23.63
2022-11-04 03:30:00,1.8152,3.7152,0.5596,0.6841,120,45.7518,26.9373,120,81.988,82.2474,81.5455,0.202,120,25.7197,25.8153,25.6474,0.0411,120,1005.7195,1005.8901,1005.6703,0.0788,120,4.1793,5.7669,1.4417,0.8568,120,0,0,0,0,120,13.6338,14.2604,13.2775,0.2465,120,120,0,0,0,0,0,120,None,None,None,None,0,3.4287,3.4315,3.4278,0.0013,0.5572,0.5582,0.5565,0.0004,0.8199,0.8225,0.8155,0.002,-0.0001,-0.0001,-0.0001,0,0.0001,0.0001,0,0,0,0,0,0,0,0,0,0,174.475,381,38,74.3623,0,0,0,0,180.75,1015,8,196.8553,35,41.6,47,39,23.66,23.68,23.63
2022-11-04 03:40:00,1.3548,2.4456,0.5136,0.4606,120,53.9158,27.6971,120,82.5727,82.7662,82.2474,0.1288,120,25.6467,25.6627,25.6322,0.0072,120,1005.7013,1005.8718,1005.6703,0.0659,120,4.0732,5.7669,2.163,1.0692,120,0,0,0,0,120,13.5969,13.7689,13.2775,0.2354,120,120,0,0,0,0,0,120,None,None,None,None,0,3.4284,3.4312,3.4278,0.0011,0.5565,0.5566,0.5563,0.0001,0.8257,0.8277,0.8225,0.0013,-0.0001,-0.0001,-0.0001,0,0.0001,0.0001,0,0,0,0,0,0,0,0,0,0,124.4333,243,33,50.0628,0,0,0,0,182,1021,5,154.2673,35,41.6,47,39,23.66,23.68,23.63
2022-11-04 03:50:00,1.4916,3.108,0.532,0.5544,120,57.3915,33.5777,120,82.9282,83.1629,82.7052,0.1257,120,25.6233,25.6597,25.5986,0.0175,120,1005.8542,1005.8901,1005.652,0.0434,120,4.0791,5.7669,3.1236,0.7256,120,0,0,0,0,120,13.6133,14.2604,13.2775,0.2383,120,120,0,0,0,0,0,120,None,None,None,None,0,3.4309,3.4315,3.4275,0.0007,0.5562,0.5566,0.556,0.0002,0.8293,0.8316,0.8271,0.0013,-0.0001,-0.0001,-0.0001,0,0.0001,0.0001,0,0,0,0,0,0,0,0,0,0,139.3083,315,35,60.2651,0,0,0,0,196.6917,968,12,157.9279,34.8,41.6,47,39,23.66,23.68,23.63
2022-11-04 04:00:00,1.7852,3.5404,0.9552,0.613,120,55.9026,26.3249,120,83.3036,83.4376,83.1324,0.0903,120,25.6624,25.7207,25.6108,0.0329,120,1005.7784,1005.8901,1005.652,0.0952,120,6.0055,6.9685,5.2866,0.3935,120,0,0,0,0,120,13.7157,14.2604,13.2775,0.2188,120,120,0,0,0,0,0,120,None,None,None,None,0,3.4296,3.4315,3.4275,0.0016,0.5566,0.5572,0.5561,0.0003,0.833,0.8344,0.8313,0.0009,-0.0001,-0.0001,-0.0001,0,0.0001,0.0001,0.0001,0,0,0,0,0,0,0,0,0,171.2167,362,81,66.631,0,0,0,0,173.3667,887,11,110.3676,34.1,41.3333,47,39,23.65,23.68,23.63
2022-11-04 04:10:00,1.5999,4.0464,0.486,0.6753,120,58.6638,42.467,120,83.3801,83.4681,83.285,0.0394,120,25.736,25.7665,25.7085,0.0144,120,1005.8429,1006.0549,1005.652,0.0677,120,5.1325,6.7283,3.3646,1.0415,120,0,0,0,0,120,13.5969,14.2604,13.2775,0.2439,120,120,0,0,0,0,0,120,None,None,None,None,0,3.4307,3.4342,3.4275,0.0011,0.5574,0.5577,0.5571,0.0001,0.8338,0.8347,0.8329,0.0004,-0.0001,-0.0001,-0.0001,0,0.0001,0.0001,0,0,0,0,0,0,0,0,0,0,151.075,417,30,73.3999,0,0,0,0,234.675,1021,14,202.2616,34,41.7167,47,39,23.65,23.68,23.63
2022-11-04 04:20:00,1.4676,3.1908,0.2192,0.6783,120,59.3338,44.5458,120,83.388,83.4986,83.2545,0.0586,120,25.7562,25.7756,25.7421,0.0079,120,1005.9085,1006.0549,1005.8535,0.0828,120,4.3735,5.7669,2.8835,0.6715,120,0,0,0,0,120,13.5805,14.2604,13.2775,0.2563,120,120,0,0,0,0,0,120,None,None,None,None,0,3.4318,3.4342,3.4309,0.0014,0.5576,0.5578,0.5574,0.0001,0.8339,0.835,0.8325,0.0006,-0.0001,-0.0001,-0.0001,0,0.0001,0.0001,0,0,0,0,0,0,0,0,0,0,136.6917,324,1,73.7269,0,0,0,0,231.1083,1007,7,199.1519,34,41.65,47,39,23.66,23.68,23.63
2022-11-04 04:30:00,1.4802,2.832,0.4584,0.5358,120,50.8393,35.7854,120,83.3715,83.4071,83.3155,0.0263,120,25.7479,25.7634,25.7329,0.006,120,1006.0356,1006.238,1005.8535,0.0676,120,3.9751,5.0465,3.1236,0.436,120,0.0214,0.3661,0,0.0862,120,13.6051,14.2604,13.2775,0.2412,120,120,0,0.0712,0.6104,0,0.1618,120,None,None,None,None,0,3.4339,3.4373,3.4309,0.0011,0.5575,0.5576,0.5573,0.0001,0.8337,0.8341,0.8332,0.0003,-0.0001,-0.0001,-0.0001,0,0.0001,0.0001,0,0,0,0,0,0,0.0001,0.0006,0,0.0002,138.0667,285,27,58.2391,0,0,0,0,192.8917,994,2,186.2904,34,41.45,47,39,23.67,23.68,23.63
2022-11-04 04:40:00,1.499,2.7676,0.44,0.4735,120,57.1144,30.6717,120,83.3778,83.4071,83.3155,0.0235,120,25.7733,25.8061,25.7421,0.0158,120,1006.0472,1006.238,1005.8351,0.0333,120,5.7934,6.4882,4.8063,0.4723,120,2.6471,3.6639,0.3661,0.8943,120,13.6051,13.7689,13.2775,0.2326,120,120,0,2.7924,3.9674,0.6104,0.838,120,None,None,None,None,0,3.4341,3.4373,3.4306,0.0006,0.5577,0.5581,0.5574,0.0002,0.8338,0.8341,0.8332,0.0002,-0.0001,-0.0001,-0.0001,0,0.0001,0.0001,0.0001,0,0,0,0,0,0.0028,0.004,0.0006,0.0008,140.1083,278,25,51.466,0,0,0,0,196.275,1008,19,153.0125,34,41.8667,49,39,23.66,23.68,23.63
2022-11-04 04:50:00,1.3362,2.5744,0.2192,0.5821,120,49.4741,49.7743,120,83.3148,83.346,83.2545,0.0232,120,25.7917,25.8153,25.7756,0.008,120,1006.0503,1006.238,1005.8535,0.0577,120,8.0061,12.9764,4.8063,2.6322,120,6.9122,12.4562,3.2977,2.8211,120,13.6461,13.7689,13.2775,0.2137,120,120,0,7.0854,11.9022,3.6622,2.4876,120,89.28,89.79,88.76,0.37,64,3.4342,3.4373,3.4309,0.001,0.5579,0.5582,0.5578,0.0001,0.8331,0.8335,0.8325,0.0002,-0.0001,-0.0001,-0.0001,0,0.0001,0.0002,0.0001,0,0.0001,0.0001,0,0,0.0071,0.0119,0.0037,0.0025,122.4167,257,1,63.2689,0,0,0,0,248.6417,1002,21,238.9561,34,41.6833,47,39,23.67,23.68,23.63
2022-11-04 05:00:00,2.086,5.0032,0.6884,0.9656,120,50.1134,32.2626,120,83.2789,83.3766,83.0714,0.0849,120,25.8297,25.8641,25.797,0.0164,120,1006.0785,1006.238,1005.8535,0.0868,120,16.7051,23.7898,12.7362,2.6744,120,16.4011,24.1801,12.09,2.9155,120,15.2483,29.0139,13.2775,3.0632,120,120,0,15.2364,20.1422,11.9022,2.1929,120,87.45,88.76,86.16,0.7,120,3.4346,3.4373,3.4309,0.0014,0.5583,0.5586,0.558,0.0002,0.8328,0.8338,0.8307,0.0008,-0.0001,-0.0001,-0.0002,0,0.0002,0.0003,0.0002,0,0.0001,0.0002,0.0001,0,0.0152,0.0201,0.0119,0.0022,203.9167,521,52,104.9529,0,0,0,0,162.225,992,4,133.5683,34,41.4667,47,39,23.66,23.68,23.63
2022-11-04 05:10:00,1.7807,3.338,0.6884,0.5852,120,53.3382,36.909,120,83.2298,83.285,83.1629,0.032,120,25.9073,26.0289,25.8183,0.0599,120,1006.1029,1006.238,1005.8535,0.0962,120,42.5036,58.874,23.7898,12.4747,120,44.1658,71.4418,23.4478,13.1841,120,37.5457,154.9033,15.7364,33.5313,120,120,0,35.9228,51.5763,20.1422,11.2092,120,85.05,86.16,83.82,0.7,120,3.435,3.4373,3.4309,0.0016,0.5591,0.5603,0.5582,0.0006,0.8323,0.8329,0.8316,0.0003,-0.0002,-0.0001,-0.001,0.0002,0.0005,0.0007,0.0003,0.0002,0.0004,0.0006,0.0002,0.0001,0.0359,0.0516,0.0201,0.0112,170.725,340,52,63.61,0,0,0,0,189.625,974,13,160.4741,34,41.5833,47,39,23.66,23.68,23.63
2022-11-04 05:20:00,1.7948,5.04,0.394,0.8351,120,56.7478,41.7981,120,82.8949,83.1935,82.6136,0.1536,120,26.0956,26.1296,26.0259,0.0266,120,1006.2743,1006.4394,1006.2014,0.0831,120,50.8101,57.4323,47.5803,2.9568,120,52.4028,72.5414,47.6279,4.9878,120,24.0879,105.7283,13.2775,20.9418,120,120,0,44.0611,51.5763,40.5896,3.446,120,82.65,83.82,81.48,0.7,120,3.4379,3.4407,3.4367,0.0014,0.561,0.5613,0.5603,0.0003,0.8289,0.8319,0.8261,0.0015,-0.0001,-0.0001,-0.0007,0.0001,0.0006,0.0007,0.0006,0,0.0004,0.0006,0.0004,0,0.0441,0.0516,0.0406,0.0034,172.2583,525,20,90.7734,0,0,0,0,242.3583,1018,3,226.7205,34,41.6667,47,39,23.67,23.68,23.63
2022-11-04 05:30:00,2.3527,4.7364,0.6792,0.8827,120,54.3381,42.127,120,82.6352,82.7662,82.5526,0.0598,120,26.1518,26.2792,26.1022,0.049,120,1006.4628,1006.6225,1006.238,0.0878,120,84.839,114.6244,57.6724,21.5346,120,107.9597,171.0936,58.9856,33.859,120,142.0526,331.9368,17.2108,95.8239,120,120,0,81.0292,115.9703,51.2711,23.2437,120,80.25,81.48,79.14,0.7,120,3.441,3.4437,3.4373,0.0015,0.5615,0.5628,0.561,0.0005,0.8264,0.8277,0.8255,0.0006,-0.0009,-0.0001,-0.0021,0.0006,0.0011,0.0015,0.0007,0.0003,0.0009,0.0014,0.0005,0.0003,0.081,0.116,0.0513,0.0232,232.9,492,51,95.9434,0,0,0,0,222.4083,990,17,200.6982,34,41.7667,47,39,23.67,23.68,23.63
2022-11-04 05:40:00,1.9901,5.0308,0.5044,0.9746,120,59.0354,44.0715,120,82.2451,82.7357,81.6675,0.307,120,26.5542,26.7583,26.2822,0.1451,120,1006.5998,1006.6408,1006.4211,0.0485,120,102.4733,117.0276,92.0362,7.6263,120,153.4963,198.5714,95.988,28.2058,120,246.6946,375.7025,16.2278,142.6531,120,120,0,106.385,133.3659,80.2637,9.8985,120,77.85,79.14,76.54,0.7,120,3.4433,3.444,3.4404,0.0008,0.5655,0.5676,0.5628,0.0014,0.8225,0.8274,0.8167,0.0031,-0.0015,-0.0001,-0.0023,0.0009,0.0013,0.0015,0.0012,0.0001,0.0013,0.0017,0.0008,0.0002,0.1064,0.1334,0.0803,0.0099,193.4917,524,32,105.9346,0,0,0,0,248.6583,1020,10,224.9508,34,41.8,47,39,23.66,23.68,23.63
2022-11-04 05:50:00,1.7444,3.2828,0.808,0.5462,120,37.0495,35.8928,120,81.3807,81.698,81.2098,0.1213,120,26.7276,26.795,26.6546,0.0445,120,1006.6517,1006.8056,1006.5859,0.0787,120,96.8181,117.2677,74.9748,13.0368,120,99.2706,155.3397,75.4718,14.4766,120,21.3011,269.9758,13.7689,32.246,120,120,0,86.6904,112.0029,64.6992,12.2573,120,75.44,76.54,74.19,0.7,120,3.4442,3.4468,3.4431,0.0013,0.5673,0.5679,0.5665,0.0004,0.8138,0.817,0.8121,0.0012,-0.0001,-0.0001,-0.0017,0.0002,0.0012,0.0015,0.001,0.0002,0.0008,0.0013,0.0006,0.0001,0.0867,0.112,0.0647,0.0123,166.7833,334,65,59.3728,0,0,0,0,230.8917,1017,2,280.6818,34,41.55,47,39,23.66,23.68,23.63
2022-11-04 06:00:00,1.7929,5.1412,0.4216,1.0821,120,52.0795,52.0876,120,81.2807,81.6675,80.5689,0.293,120,26.7634,26.8499,26.6668,0.0534,120,1006.9211,1007.0071,1006.5859,0.1054,120,150.2355,176.3827,104.7724,13.2463,120,190.2827,307.383,106.9796,49.7036,120,142.2042,433.2388,14.7535,143.225,120,120,0.1,155.9547,235.6029,98.88,30.4431,120,73.03,74.19,71.84,0.71,120,3.4487,3.4501,3.4431,0.0018,0.5676,0.5685,0.5667,0.0005,0.8128,0.8167,0.8057,0.0029,-0.0009,-0.0001,-0.0027,0.0009,0.0019,0.0022,0.0013,0.0002,0.0016,0.0026,0.0009,0.0004,0.156,0.2356,0.0989,0.0304,172.05,536,23,117.6228,0.0083,1,0,0.0913,273.2833,1016,7,265.0238,34,41.8333,47,39,23.67,23.68,23.63
2022-11-04 06:10:00,2.848,6.8156,0.5688,1.3452,120,50.8825,38.8882,120,80.4356,80.9961,79.8059,0.2814,120,26.8656,26.9262,26.7827,0.0461,120,1007.0135,1007.1902,1006.9704,0.0614,120,178.8577,194.4055,153.0732,9.5689,120,217.5528,329.3649,152.7755,45.895,120,125.7098,449.4666,16.2278,119.8482,120,120,0,178.251,253.914,127.5674,32.4867,120,70.63,71.84,69.49,0.7,120,3.4502,3.4532,3.4495,0.001,0.5687,0.5693,0.5678,0.0005,0.8044,0.81,0.7981,0.0028,-0.0008,-0.0001,-0.0028,0.0007,0.0023,0.0025,0.0019,0.0001,0.0018,0.0027,0.0013,0.0004,0.1783,0.2539,0.1276,0.0325,286.7417,718,39,146.212,0,0,0,0,202.7,1008,3,197.4321,34,42.0333,47,39,23.66,23.68,23.63
2022-11-04 06:20:00,2.2358,4.396,0.3204,1.066,120,48.2746,49.686,120,79.7848,80.1111,79.5618,0.1415,120,26.9052,27.0421,26.8651,0.0413,120,1007.1158,1007.1902,1006.9704,0.0879,120,166.4901,185.9945,144.422,14.1948,120,207.4227,348.0504,145.8151,45.036,120,114.9648,419.9613,16.2278,85.5183,120,120,0,170.1381,281.0755,122.6844,34.8367,120,68.22,69.49,67.14,0.7,120,3.4519,3.4532,3.4495,0.0015,0.569,0.5704,0.5686,0.0004,0.7978,0.8011,0.7956,0.0014,-0.0007,-0.0001,-0.0026,0.0005,0.0021,0.0024,0.0018,0.0002,0.0017,0.0029,0.0012,0.0004,0.1701,0.2811,0.1227,0.0348,220.2,455,12,115.8686,0,0,0,0,242.9,1003,1,244.5437,34,41.5,47,39,23.66,23.68,23.63
2022-11-04 06:30:00,2.1671,4.4512,0.4308,0.9884,120,35.2079,48.5464,120,78.8306,79.6533,78.2495,0.3844,120,27.2096,27.3015,27.0452,0.0777,120,1007.252,1007.3916,1006.9887,0.0952,120,181.4229,204.4984,148.2669,11.1476,120,228.0888,401.5402,148.7455,73.3783,120,122.1076,492.2494,13.7689,161.7564,120,120,0,194.1613,340.8918,131.2296,53.8854,120,65.8,66.88,64.53,0.7,120,3.4542,3.4565,3.4498,0.0016,0.5721,0.573,0.5705,0.0008,0.7883,0.7965,0.7825,0.0038,-0.0008,-0.0001,-0.0031,0.001,0.0023,0.0026,0.0019,0.0001,0.0019,0.0033,0.0012,0.0006,0.1942,0.3409,0.1312,0.0539,212.7333,461,24,107.4388,0,0,0,0,249.725,1015,7,288.5155,34,41.6,47,39,23.67,23.68,23.63
2022-11-04 06:40:00,2.3994,4.81,0.4584,0.963,120,35.824,46.7252,120,78.2375,78.5852,77.8832,0.1618,120,27.2706,27.3473,27.2314,0.0264,120,1007.432,1007.5564,1007.1718,0.084,120,204.3338,251.8378,134.089,34.7568,120,287.6849,525.006,133.7251,132.9342,120,182.434,565.0306,13.7689,217.8436,120,120,0,246.8973,439.4665,119.6326,106.4125,120,63.39,64.53,62.18,0.71,120,3.4572,3.4593,3.4529,0.0014,0.5727,0.5735,0.5723,0.0003,0.7824,0.7859,0.7788,0.0016,-0.0011,-0.0001,-0.0035,0.0014,0.0026,0.0032,0.0017,0.0004,0.0024,0.0044,0.0011,0.0011,0.2469,0.4395,0.1196,0.1064,237.9833,500,27,104.6769,0,0,0,0,275.8167,1019,7,307.1113,34,41.8833,47,39,23.67,23.68,23.63
2022-11-04 06:50:00,2.1204,3.8256,0.6424,0.7599,120,39.98,50.5881,120,77.6022,78.4326,76.9066,0.4295,120,27.5626,27.6556,27.3534,0.0832,120,1007.5396,1007.7395,1007.3733,0.0822,120,198.5285,248.4732,156.9181,22.6489,120,258.8059,504.8559,158.6375,104.1872,120,124.2632,585.1917,14.2604,177.8499,120,120,0,217.2842,421.7658,134.8918,84.8187,120,60.98,62.18,59.83,0.71,120,3.459,3.4623,3.4562,0.0014,0.5756,0.5766,0.5735,0.0008,0.776,0.7843,0.7691,0.0043,-0.0008,-0.0001,-0.0036,0.0011,0.0025,0.0032,0.002,0.0003,0.0022,0.0042,0.0013,0.0009,0.2173,0.4218,0.1349,0.0848,207.65,393,47,82.5965,0,0,0,0,268.9167,1021,12,291.862,34,41.6333,47,39,23.67,23.68,23.63
2022-11-04 07:00:00,2.4182,5.3068,0.8172,1.0742,120,38.9457,35.525,120,76.6928,77.0287,76.3573,0.1851,120,27.5137,27.6373,27.4206,0.0741,120,1007.7395,1007.9226,1007.5381,0.0561,120,234.4679,284.2787,185.7543,27.6342,120,275.0299,635.6495,187.9472,102.7525,120,85.1233,636.3358,13.7689,153.0409,120,120,0,243.4436,543.2295,168.157,88.5957,120,58.58,59.83,57.48,0.7,120,3.4623,3.4654,3.459,0.0009,0.5751,0.5764,0.5742,0.0007,0.7669,0.7703,0.7636,0.0019,-0.0005,-0.0001,-0.0039,0.0009,0.003,0.0036,0.0024,0.0004,0.0023,0.0053,0.0016,0.0009,0.2434,0.5432,0.1682,0.0886,240.0167,554,66,116.7639,0,0,0,0,229.3333,1022,7,271.6103,34.3,41.55,47,39,23.67,23.68,23.63
2022-11-04 07:10:00,3.1256,6.5764,1.3784,1.2168,120,37.1631,31.4383,120,76.309,76.7846,75.8385,0.2965,120,27.4916,27.6159,27.3931,0.0718,120,1007.7799,1007.9409,1007.7212,0.0791,120,287.3886,350.3622,210.9866,43.1594,120,351.5186,747.3926,211.7611,130.2372,120,118.0343,666.3326,13.7689,168.0761,120,120,0,317.9622,664.3879,188.9096,115.6847,120,56.16,57.48,54.87,0.7,120,3.463,3.4657,3.462,0.0013,0.5749,0.5762,0.5739,0.0007,0.7631,0.7678,0.7584,0.003,-0.0007,-0.0001,-0.0041,0.001,0.0037,0.0044,0.0027,0.0005,0.0029,0.0062,0.0018,0.0011,0.318,0.6644,0.1889,0.1157,316.9083,692,127,132.2618,0,0,0,0,182.45,1020,0,236.9173,35,41.65,47,39,23.67,23.68,23.63
2022-11-04 07:20:00,2.6248,5.5736,0.6056,1.156,120,64.1729,45.4352,120,76.0506,77.0287,75.2892,0.4309,120,27.5251,27.6525,27.1856,0.1239,120,1007.9345,1008.124,1007.7212,0.1002,120,171.8268,312.6346,85.7882,75.3036,120,226.7303,715.1513,88.6615,186.7077,120,97.3351,666.3326,13.2775,199.429,120,120,0,208.4897,632.0383,85.4518,161.5019,120,53.75,54.87,52.52,0.7,120,3.4656,3.4687,3.462,0.0017,0.5753,0.5765,0.5719,0.0012,0.7605,0.7703,0.7529,0.0043,-0.0006,-0.0001,-0.0041,0.0012,0.0022,0.004,0.0011,0.001,0.0019,0.006,0.0007,0.0016,0.2085,0.632,0.0855,0.1615,262.4833,583,43,125.654,0,0,0,0,255.2917,1007,30,209.411,35,41.45,47,39,23.67,23.68,23.63
2022-11-04 07:30:00,2.4281,5.7116,0.5228,0.9611,120,38.9057,41.7201,120,76.6673,77.6391,75.5943,0.5369,120,26.8763,27.1734,26.7156,0.1345,120,1007.9987,1008.124,1007.7395,0.0999,120,309.8831,360.6953,194.4055,43.8392,120,411.6855,821.7647,200.7695,185.426,120,155.6414,686.9868,12.786,234.3674,120,120,0,376.8069,728.4768,203.5585,155.7943,120,51.35,52.52,50.17,0.71,120,3.4666,3.4687,3.4623,0.0017,0.5688,0.5717,0.5672,0.0014,0.7667,0.7764,0.7559,0.0054,-0.001,-0.0001,-0.0043,0.0015,0.0039,0.0046,0.0025,0.0006,0.0034,0.0068,0.0017,0.0015,0.3768,0.7285,0.2036,0.1558,241.1,598,34,104.4661,0,0,0,0,222.475,1013,7,256.7757,35,41.6333,47,39,23.67,23.68,23.63
2022-11-04 07:40:00,2.3071,4.258,0.5872,0.8314,120,44.5231,36.4701,120,76.8751,77.7306,76.2658,0.4131,120,27.1316,27.2954,26.8682,0.107,120,1007.9415,1008.124,1007.9043,0.0469,120,307.418,366.9433,265.0543,28.3343,120,325.6803,425.3541,268.9148,42.1144,120,35.0051,163.756,14.7535,31.4968,120,120,0,292.7691,377.8191,241.4014,38.4412,120,48.94,50.17,47.83,0.7,120,3.4657,3.4687,3.4651,0.0008,0.5713,0.5729,0.5687,0.0011,0.7688,0.7773,0.7627,0.0041,-0.0002,-0.0001,-0.001,0.0002,0.0039,0.0047,0.0034,0.0004,0.0027,0.0035,0.0022,0.0004,0.2928,0.3778,0.2414,0.0384,227.95,440,41,90.37,0,0,0,0,203.9083,1020,4,226.9234,35,41.65,47,39,23.67,23.68,23.63
2022-11-04 07:50:00,2.7323,5.9416,1.038,1.0929,120,39.1587,38.7959,120,75.7065,76.632,74.9229,0.5037,120,27.5383,27.6403,27.2985,0.1002,120,1007.9537,1008.124,1007.7395,0.0845,120,377.3682,409.2362,339.5488,19.9119,120,503.1585,736.0348,375.8944,111.6359,120,177.918,511.9207,15.7364,153.8401,120,120,0,457.1952,657.0635,338.1451,98.1442,120,46.54,47.83,45.22,0.7,120,3.4659,3.4687,3.4623,0.0014,0.5754,0.5764,0.573,0.001,0.7571,0.7663,0.7492,0.005,-0.0011,-0.0001,-0.0032,0.001,0.0048,0.0052,0.0043,0.0003,0.0042,0.0061,0.0031,0.0009,0.4572,0.6571,0.3381,0.0981,274.1667,623,90,118.7911,0,0,0,0,219.925,1020,10,261.0905,35,41.4667,47,39,23.67,23.68,23.63
2022-11-04 08:00:00,2.5556,6.3004,0.4676,1.1884,120,26.2768,46.1641,120,75.1892,75.6554,74.4652,0.3485,120,27.8141,27.9424,27.6281,0.0936,120,1008.0332,1008.1423,1007.9043,0.0934,120,345.1616,393.1362,283.0772,40.6025,120,349.8454,400.8067,287.599,41.7571,120,15.8142,23.1131,13.7689,2.024,120,120,0,328.959,377.514,270.0888,38.5297,120,44.13,45.22,42.89,0.7,120,3.4672,3.469,3.4651,0.0016,0.5781,0.5794,0.5763,0.0009,0.7519,0.7566,0.7447,0.0035,-0.0001,-0.0001,-0.0001,0,0.0044,0.005,0.0036,0.0005,0.0029,0.0033,0.0024,0.0003,0.329,0.3775,0.2701,0.0385,254.9583,662,28,129.1753,0,0,0,0,241.175,1014,2,303.8822,35,41.6167,47,39,23.67,23.68,23.63
2022-11-04 08:10:00,3.2787,5.7852,0.946,1.0576,120,24.5149,33.7983,120,74.9939,75.7164,74.3126,0.3793,120,27.572,27.8051,27.4816,0.0896,120,1008.1083,1008.3254,1007.9226,0.0565,120,339.168,375.5937,283.5575,31.3238,120,346.4718,390.5486,287.9652,33.0405,120,17.4738,30.4882,13.7689,3.5507,120,120,0,323.6284,363.1703,270.0888,30.5636,120,41.74,42.89,40.55,0.7,120,3.4685,3.4721,3.4654,0.0009,0.5757,0.578,0.5748,0.0009,0.7499,0.7572,0.7431,0.0038,-0.0001,-0.0001,-0.0002,0,0.0043,0.0048,0.0036,0.0004,0.0029,0.0033,0.0024,0.0003,0.3236,0.3632,0.2701,0.0306,333.5583,606,80,114.9595,0,0,0,0,241.6083,1021,6,330.482,35.3,41.6833,47,39,23.68,23.68,23.63
2022-11-04 08:20:00,2.9567,5.9784,0.5596,1.1316,120,33.8849,45.7288,120,75.7574,76.1742,75.2892,0.1966,120,27.6702,27.8295,27.5426,0.0856,120,1008.0998,1008.3071,1007.9226,0.0658,120,434.0037,502.7142,377.0354,32.0757,120,455.091,562.7419,383.5882,41.0698,120,32.1855,85.0741,16.2278,14.8866,120,120,0,425.7841,519.1199,359.2029,37.6496,120,39.35,40.55,38.22,0.7,120,3.4683,3.4718,3.4654,0.0011,0.5767,0.5783,0.5754,0.0009,0.7576,0.7617,0.7529,0.002,-0.0002,-0.0001,-0.0005,0.0001,0.0055,0.0064,0.0048,0.0004,0.0038,0.0047,0.0032,0.0003,0.4258,0.5191,0.3592,0.0376,298.5583,627,38,122.9978,0,0,0,0,240.6167,1021,4,287.1258,36,44.8167,47,41,23.67,23.68,23.63
2022-11-04 08:30:00,3.9707,6.6132,1.9672,1.1143,120,30.3667,25.4972,120,75.6663,76.2352,75.0145,0.3263,120,27.6941,27.8326,27.6251,0.0563,120,1008.05,1008.1423,1007.9226,0.0934,120,521.3959,552.2165,491.4205,18.9326,120,564.4336,795.7527,503.024,59.5277,120,53.2533,367.3429,17.2108,61.9506,120,120,0,526.0501,774.2546,470.5954,55.9788,120,36.96,38.22,35.9,0.69,120,3.4675,3.469,3.4654,0.0016,0.5769,0.5783,0.5763,0.0006,0.7567,0.7624,0.7501,0.0033,-0.0003,-0.0001,-0.0023,0.0004,0.0066,0.007,0.0062,0.0002,0.0047,0.0066,0.0042,0.0005,0.5261,0.7743,0.4706,0.056,408.775,696,191,121.1187,0,0,0,0,159.0167,1017,0,234.271,36,45.1,47,41,23.67,23.68,23.63
2022-11-04 08:40:00,3.1352,5.5828,0.4216,1.199,120,31.0212,36.577,120,76.0122,76.7235,75.3197,0.3949,120,27.9097,28.0279,27.7105,0.0922,120,1008.0193,1008.1606,1007.7395,0.0998,120,506.3469,541.6433,474.5992,21.5634,120,524.0354,645.1753,481.7743,32.4813,120,22.7233,117.0383,14.2604,16.8842,120,120,0,490.0408,587.1761,452.8947,29.117,120,34.58,35.64,33.32,0.69,120,3.467,3.4693,3.4623,0.0017,0.5791,0.5803,0.5771,0.0009,0.7601,0.7672,0.7532,0.0039,-0.0001,-0.0001,-0.0007,0.0001,0.0064,0.0069,0.006,0.0003,0.0044,0.0054,0.004,0.0003,0.49,0.5872,0.4529,0.0291,317.9583,584,23,130.327,0,0,0,0,208.35,1017,0,281.3536,36.7,44.95,47,41,23.67,23.68,23.63
2022-11-04 08:50:00,3.4487,6.2912,1.1944,1.1193,120,22.6565,33.8285,120,75.7335,76.2963,75.2892,0.1727,120,27.9011,27.9669,27.86,0.0304,120,1008.0329,1008.1606,1007.9409,0.093,120,472.4141,546.2094,366.9433,66.7022,120,502.7158,687.6735,377.7263,87.6082,120,35.1773,205.0628,14.2604,34.0724,120,120,0,467.541,644.2457,351.8784,81.2966,120,32.21,33.32,31.02,0.69,120,3.4672,3.4693,3.4657,0.0015,0.579,0.5797,0.5786,0.0003,0.7573,0.763,0.7529,0.0017,-0.0002,-0.0001,-0.0013,0.0002,0.006,0.0069,0.0047,0.0008,0.0042,0.0057,0.0031,0.0007,0.4675,0.6442,0.3519,0.0813,352.0333,661,107,121.6594,0,0,0,0,201.7167,1015,1,293.0439,37,45.2667,49,41,23.67,23.68,23.63
2022-11-04 09:00:00,3.8527,6.3004,1.1024,1.2089,120,34.5538,34.6406,120,75.2754,75.8995,74.3126,0.3408,120,27.8025,27.9577,27.7075,0.0762,120,1008.049,1008.1606,1007.9409,0.0956,120,499.1839,519.5354,456.0953,18.2316,120,521.3762,562.3758,476.6459,25.8655,120,25.2395,52.6184,14.7535,9.1781,120,120,0,488.1054,524.308,448.6221,22.6021,120,29.85,31.02,28.73,0.69,120,3.4675,3.4693,3.4657,0.0016,0.578,0.5796,0.5771,0.0008,0.7528,0.759,0.7431,0.0034,-0.0002,-0.0001,-0.0003,0.0001,0.0063,0.0066,0.0058,0.0002,0.0043,0.0047,0.004,0.0002,0.4881,0.5243,0.4486,0.0226,395.95,662,97,131.3969,0,0,0,0,213.4833,1021,2,278.8287,37,45.4,49,39,23.67,23.68,23.63
2022-11-04 09:10:00,2.8621,6.6592,0.6056,1.2549,120,29.7111,42.7153,120,75.0142,75.7775,74.0074,0.4324,120,28.1772,28.4796,27.9241,0.1972,120,1007.9543,1008.1606,1007.7578,0.0594,120,474.9192,583.2157,292.9299,105.7686,120,665.985,1104.9676,304.4526,275.4015,120,197.6541,620.5994,14.2604,213.088,120,120,0,607.036,1012.299,271.0044,255.6441,120,27.51,28.73,26.45,0.68,120,3.4659,3.4693,3.4626,0.001,0.5818,0.5848,0.5792,0.002,0.7501,0.7578,0.7401,0.0043,-0.0012,-0.0001,-0.0039,0.0013,0.006,0.0074,0.0037,0.0013,0.0055,0.0092,0.0025,0.0023,0.607,1.0123,0.271,0.2556,288.2667,701,43,136.4048,0,0,0,0,280.0917,1013,2,332.8785,37,45.35,47,41,23.67,23.68,23.63
2022-11-04 09:20:00,2.5682,6.5764,0.7436,1.1866,120,43.4283,52.1372,120,74.1971,75.3502,73.0918,0.5898,120,28.377,28.8366,28.1927,0.1662,120,1007.9054,1007.9775,1007.7578,0.0822,120,356.0533,389.5315,324.1693,19.3643,120,910.4597,1106.7995,373.6963,219.1663,120,564.7474,773.5353,50.1595,223.9728,120,120,0,827.1025,1011.9938,333.8725,203.0564,120,25.18,26.45,23.94,0.67,120,3.4651,3.4663,3.4626,0.0014,0.5838,0.5884,0.5819,0.0017,0.742,0.7535,0.7309,0.0059,-0.0035,-0.0003,-0.0048,0.0014,0.0045,0.0049,0.0041,0.0002,0.0076,0.0092,0.0031,0.0018,0.8271,1.012,0.3339,0.2031,256.325,692,58,128.9759,0,0,0,0,276.2167,1016,1,288.6048,37,45.3,49,41,23.68,23.68,23.63
2022-11-04 09:30:00,3.5077,6.5028,0.8816,1.3499,120,43.3498,47.7324,120,72.7045,74.3431,71.6575,0.6565,120,28.902,28.9892,28.8153,0.0523,120,1007.9283,1007.9775,1007.7761,0.0728,120,369.4802,427.0189,315.0378,26.4762,120,1002.5831,1145.2689,427.5522,176.0084,120,636.0195,784.8453,30.4882,196.1587,120,120,0,916.0716,1044.6486,374.7673,163.9905,120,22.89,23.94,21.72,0.67,120,3.4655,3.4663,3.4629,0.0012,0.589,0.5899,0.5881,0.0005,0.727,0.7434,0.7166,0.0066,-0.0039,-0.0002,-0.0049,0.0012,0.0047,0.0054,0.004,0.0003,0.0084,0.0095,0.0036,0.0015,0.9161,1.0446,0.3748,0.164,358.45,684,73,146.7326,0,0,0,0,221.375,1013,6,242.6171,37,42.7,47,41,23.68,23.68,23.63
2022-11-04 09:40:00,3.1941,8.0852,0.5596,1.718,120,40.0039,55.9136,120,71.4627,72.573,70.5283,0.5152,120,28.9745,29.1754,28.7878,0.1143,120,1007.953,1008.179,1007.7761,0.065,120,341.1004,437.5921,305.4252,35.5,120,1097.7382,1130.9796,1024.7335,21.8262,120,749.3329,802.0577,563.5546,49.8564,120,120,0,1003.7919,1034.5775,936.6131,18.7467,120,20.62,21.72,19.53,0.66,120,3.4659,3.4696,3.4629,0.0011,0.5897,0.5917,0.5879,0.0011,0.7146,0.7257,0.7053,0.0052,-0.0046,-0.0035,-0.005,0.0003,0.0043,0.0056,0.0039,0.0005,0.0091,0.0094,0.0085,0.0002,1.0038,1.0346,0.9366,0.0187,324.3583,856,38,186.7382,0,0,0,0,301.4833,1014,5,311.6999,37.4,43.3333,49,41,23.68,23.68,23.63
2022-11-04 09:50:00,3.7966,6.7052,0.9828,1.448,120,29.5865,37.2684,120,70.1366,70.8945,69.3381,0.4751,120,28.9057,29.1784,28.7817,0.1162,120,1007.9691,1008.179,1007.7761,0.0757,120,494.1215,553.178,443.1189,35.8278,120,1048.4616,1335.7803,617.6975,209.7187,120,539.1718,835.4963,117.5298,230.1657,120,120,0,969.8579,1237.5256,585.345,195.2986,120,18.41,19.53,17.4,0.64,120,3.4662,3.4696,3.4629,0.0013,0.5891,0.5918,0.5878,0.0012,0.7014,0.7089,0.6934,0.0048,-0.0033,-0.0007,-0.0052,0.0014,0.0063,0.007,0.0056,0.0005,0.0087,0.0111,0.0051,0.0017,0.9699,1.2375,0.5853,0.1953,389.85,706,84,157.3933,0,0,0,0,224.625,1020,0,301.419,38,43.5667,47,39,23.68,23.68,23.63
2022-11-04 10:00:00,3.4121,5.8956,0.578,1.1285,120,43.3422,37.3198,120,69.9571,71.0471,69.0939,0.393,120,29.0846,29.1632,28.919,0.0538,120,1007.8419,1007.9958,1007.7761,0.0803,120,496.6587,582.4953,433.2669,40.1761,120,1047.9731,1433.2341,485.072,297.2648,120,519.104,869.428,15.7364,298.6841,120,120,0,969.4561,1333.0485,445.5702,278.7409,120,16.25,17.4,15.11,0.61,120,3.464,3.4666,3.4629,0.0013,0.5908,0.5916,0.5892,0.0005,0.6996,0.7105,0.6909,0.0039,-0.0032,-0.0001,-0.0054,0.0019,0.0063,0.0074,0.0055,0.0005,0.0087,0.0119,0.004,0.0025,0.9695,1.333,0.4456,0.2787,348.0583,618,40,122.66,0,0,0,0,202.65,1018,5,227.3146,38,42.2667,47,39,23.68,23.68,23.63
2022-11-04 10:10:00,3.4952,6.8616,0.7344,1.3784,120,33.0031,48.4061,120,70.1921,71.5354,69.3381,0.6331,120,29.1826,29.4073,29.0411,0.1072,120,1007.7294,1007.8127,1007.593,0.0896,120,503.7256,642.5709,440.2354,44.3769,120,1320.9636,1462.5438,697.1993,160.194,120,767.6139,875.8218,89.5005,183.0841,120,120,0,1222.0857,1354.4115,661.6413,150.9528,120,14.2,15.11,13.18,0.58,120,3.4622,3.4635,3.4599,0.0015,0.5918,0.5941,0.5904,0.0011,0.7019,0.7154,0.6934,0.0063,-0.0048,-0.0006,-0.0054,0.0011,0.0064,0.0082,0.0056,0.0006,0.011,0.0122,0.0058,0.0013,1.2221,1.3544,0.6616,0.151,357.0917,723,57,149.8242,0,0,0,0,285.775,1013,4,326.3219,38,44.7,49,41,23.68,23.68,23.63
2022-11-04 10:20:00,3.3765,6.8708,0.762,1.401,120,30.9377,42.0645,120,70.1921,71.4133,69.3381,0.5114,120,29.092,29.2425,28.919,0.0833,120,1007.6275,1007.8127,1007.4465,0.0513,120,597.7883,680.0583,548.8528,35.5569,120,922.556,1473.1681,601.2113,274.0905,120,287.3547,824.6777,35.4061,272.789,120,120,0,846.8276,1388.287,536.8206,258.9269,120,12.29,13.18,11.41,0.53,120,3.4605,3.4635,3.4574,0.0009,0.5909,0.5924,0.5892,0.0008,0.7019,0.7141,0.6934,0.0051,-0.0018,-0.0002,-0.0051,0.0017,0.0076,0.0086,0.007,0.0005,0.0077,0.0123,0.005,0.0023,0.8468,1.3883,0.5368,0.2589,344.1833,724,60,152.2856,0,0,0,0,308.1417,1020,1,349.2231,38.5,45,47,41,23.68,23.68,23.63
2022-11-04 10:30:00,3.1757,6.098,0.762,1.0405,120,45.0924,32.8722,120,70.2528,71.0471,69.3075,0.4238,120,28.9179,29.0503,28.7298,0.0994,120,1007.5848,1007.6479,1007.4282,0.0769,120,486.2556,609.4087,395.7795,56.3918,120,889.4973,1365.09,447.3361,228.5103,120,377.3547,887.1318,16.2278,228.2081,120,120,0,810.386,1256.7522,396.4354,216.2658,120,10.61,11.41,9.91,0.45,120,3.4597,3.4608,3.4571,0.0013,0.5892,0.5905,0.5873,0.001,0.7025,0.7105,0.6931,0.0042,-0.0023,-0.0001,-0.0055,0.0014,0.0062,0.0077,0.005,0.0007,0.0074,0.0114,0.0037,0.0019,0.8104,1.2568,0.3964,0.2163,322.3583,640,60,113.1031,0,0,0,0,203.775,1018,13,225.0634,39,45.2667,47,41,23.68,23.68,23.68
2022-11-04 10:40:00,3.6542,7.0364,1.038,1.3867,120,41.7726,37.8179,120,70.7656,71.8406,69.7958,0.421,120,28.6513,28.8641,28.565,0.0769,120,1007.5982,1007.6479,1007.4282,0.0709,120,367.5959,417.8874,313.8362,28.144,120,1054.5189,1338.3445,415.096,244.5465,120,652.0713,889.5907,39.8324,240.5493,120,120,0,979.5551,1241.1878,370.7999,231.034,120,9.28,9.91,8.81,0.32,120,3.46,3.4608,3.4571,0.0012,0.5865,0.5886,0.5857,0.0008,0.7077,0.7184,0.698,0.0042,-0.004,-0.0002,-0.0055,0.0015,0.0047,0.0053,0.004,0.0004,0.0088,0.0111,0.0035,0.002,0.9796,1.2412,0.3708,0.231,374.3667,742,90,150.7283,0,0,0,0,203.2833,1019,11,237.2318,39,44.6167,47,41,23.68,23.68,23.68
2022-11-04 10:50:00,3.439,6.144,1.1484,1.2556,120,42.7227,43.3335,120,70.747,71.6575,69.277,0.4809,120,29.0903,29.2364,28.8671,0.0909,120,1007.4674,1007.6479,1007.2817,0.0665,120,341.563,391.9346,291.2472,25.9861,120,1093.1189,1268.0024,328.9988,278.6956,120,705.1893,870.4125,16.7193,263.7134,120,120,0,1008.3417,1180.7611,287.4844,267.087,120,8.46,8.72,8.26,0.15,120,3.4578,3.4608,3.4547,0.0011,0.5909,0.5924,0.5887,0.0009,0.7075,0.7166,0.6928,0.0048,-0.0044,-0.0001,-0.0054,0.0016,0.0043,0.005,0.0037,0.0003,0.0091,0.0106,0.0027,0.0023,1.0083,1.1808,0.2875,0.2671,350.9833,645,102,136.4815,0,0,0,0,246.5833,1010,0,270.844,39,43.95,47,41,23.68,23.73,23.68
2022-11-04 11:00:00,3.3016,6.3556,0.6792,1.2717,120,27.7373,52.9207,120,70.0629,71.1081,69.3686,0.3816,120,29.0459,29.154,28.9557,0.0644,120,1007.4313,1007.4831,1007.2634,0.0675,120,284.8154,330.1764,250.1559,24.2346,120,1077.9574,1222.5726,659.4634,110.6552,120,748.2468,862.5443,246.8627,115.6743,120,120,0,995.1806,1127.6589,511.185,109.1994,120,8.3,8.47,8.24,0.07,120,3.4572,3.4581,3.4544,0.0011,0.5905,0.5915,0.5896,0.0006,0.7006,0.7111,0.6937,0.0038,-0.0046,-0.0015,-0.0054,0.0007,0.0036,0.0042,0.0032,0.0003,0.009,0.0102,0.0055,0.0009,0.9952,1.1277,0.5112,0.1092,336.0417,668,51,138.2275,0,0,0,0,306.4667,1011,4,337.0542,39.5,45.3833,47,41,23.68,23.68,23.68
2022-11-04 11:10:00,4.1193,7.6436,0.6516,1.5303,120,24.528,36.6993,120,69.4377,70.2231,68.392,0.3873,120,28.78,28.9831,28.6718,0.0796,120,1007.2924,1007.4831,1007.0986,0.0613,120,299.0253,396.0197,244.6283,47.3506,120,1088.0661,1218.1753,637.8475,86.5691,120,748.5625,808.9413,218.3403,82.062,120,120,0,1013.8986,1140.1715,568.865,83.1921,120,8.85,9.3,8.47,0.25,120,3.4549,3.4581,3.4516,0.001,0.5878,0.5898,0.5867,0.0008,0.6944,0.7022,0.6839,0.0039,-0.0046,-0.0014,-0.005,0.0005,0.0038,0.005,0.0031,0.0006,0.0091,0.0101,0.0053,0.0007,1.0139,1.1402,0.5689,0.0832,424.925,808,48,166.3332,0,0,0,0,265.3167,1020,1,340.4595,40,45.3,47,39,23.68,23.68,23.68
2022-11-04 11:20:00,4.1501,6.8616,1.4152,1.2507,120,28.3709,30.5107,120,69.352,70.4672,68.3309,0.6201,120,28.7078,28.9373,28.4735,0.1646,120,1007.1346,1007.3183,1006.9155,0.0761,120,316.7737,389.2913,287.4024,27.2514,120,1069.5095,1183.3709,527.9376,109.827,120,714.4262,821.2359,131.7918,117.3641,120,120,0,997.5153,1107.8219,482.1925,107.4203,120,9.98,10.62,9.3,0.4,120,3.4522,3.4553,3.4486,0.0013,0.5871,0.5894,0.5847,0.0016,0.6935,0.7047,0.6833,0.0062,-0.0044,-0.0008,-0.0051,0.0007,0.004,0.0049,0.0037,0.0003,0.0089,0.0099,0.0044,0.0009,0.9975,1.1078,0.4822,0.1074,428.2667,723,131,135.9447,0,0,0,0,173.3583,1020,4,251.545,40,45.1833,47,41,23.68,23.68,23.68
2022-11-04 11:30:00,4.1249,6.9904,1.1392,1.3127,120,25.2863,39.3145,120,70.1605,71.1386,69.4906,0.3297,120,28.6731,28.7359,28.6016,0.0328,120,1007.0418,1007.1352,1006.7324,0.0974,120,313.7459,360.4551,290.2866,19.4391,120,1062.7866,1192.8968,382.8547,157.8603,120,715.5531,811.8933,34.4231,157.1393,120,120,0,993.6318,1149.0219,347.3006,149.5633,120,11.53,12.47,10.62,0.5,120,3.4507,3.4523,3.4455,0.0016,0.5867,0.5874,0.586,0.0003,0.7016,0.7114,0.6949,0.0033,-0.0044,-0.0002,-0.005,0.001,0.004,0.0046,0.0037,0.0002,0.0089,0.0099,0.0032,0.0013,0.9936,1.149,0.3473,0.1496,425.5333,737,101,142.6815,0,0,0,0,251.6417,1011,2,323.8406,40,45.1833,47,41,23.68,23.68,23.68
2022-11-04 11:40:00,4.1013,7.34,1.4704,1.3246,120,30.6169,33.1378,120,70.159,71.0776,69.0939,0.5127,120,28.8917,29.0075,28.742,0.0734,120,1006.8709,1006.9338,1006.7141,0.0835,120,360.9374,432.7858,291.0071,37.2482,120,1106.4944,1219.2749,562.0096,92.3522,120,716.8768,781.4035,135.7251,92.2836,120,120,0,1037.3775,1148.1063,527.665,89.6039,120,13.35,14.35,12.47,0.56,120,3.4478,3.4489,3.4452,0.0014,0.5889,0.5901,0.5874,0.0007,0.7016,0.7108,0.6909,0.0051,-0.0044,-0.0008,-0.0048,0.0006,0.0046,0.0055,0.0037,0.0005,0.0092,0.0102,0.0047,0.0008,1.0374,1.1481,0.5277,0.0896,422.9667,775,137,143.9743,0,0,0,0,187.6,995,1,255.362,40,45.2167,47,41,23.68,23.68,23.63
2022-11-04 11:50:00,3.2693,5.7668,0.6608,1.1805,120,47.3758,40.1138,120,70.2417,71.3523,69.0634,0.5797,120,29.0417,29.3158,28.8519,0.1516,120,1006.7946,1006.9521,1006.531,0.0995,120,424.5077,545.4882,331.6181,60.9491,120,986.8445,1347.8703,424.6218,306.8196,120,543.4255,844.8405,15.7364,326.0836,120,120,0,924.5455,1267.4337,392.468,290.6663,120,15.35,16.36,14.35,0.6,120,3.4466,3.4492,3.4422,0.0017,0.5904,0.5932,0.5885,0.0015,0.7024,0.7135,0.6906,0.0058,-0.0034,-0.0001,-0.0052,0.002,0.0054,0.0069,0.0042,0.0008,0.0082,0.0112,0.0035,0.0026,0.9245,1.2674,0.3925,0.2907,332.5333,604,49,128.3109,0,0,0,0,242.0583,1020,11,263.0544,40.2,45.1167,47,41,23.68,23.68,23.63
2022-11-04 12:00:00,3.6288,6.9904,0.9828,1.2939,120,45.2862,43.4289,120,69.6453,70.4367,68.7582,0.4069,120,29.2553,29.3402,29.1418,0.0424,120,1006.6843,1006.7507,1006.531,0.0871,120,358.2981,453.6921,318.8827,36.4984,120,965.7966,1190.6987,456.4958,225.364,120,594.8634,803.5321,38.3564,244.4755,120,120,0,902.4527,1117.5878,418.4088,213.8419,120,17.46,18.46,16.36,0.63,120,3.4447,3.4458,3.4422,0.0015,0.5926,0.5934,0.5914,0.0004,0.6965,0.7044,0.6876,0.0041,-0.0037,-0.0002,-0.005,0.0015,0.0046,0.0058,0.004,0.0005,0.008,0.0099,0.0038,0.0019,0.9025,1.1176,0.4184,0.2138,371.6083,737,84,140.6454,0,0,0,0,248.6333,1022,2,271.6751,41,45.25,47,41,23.68,23.68,23.63
2022-11-04 12:10:00,4.2978,7.3676,1.1852,1.5411,120,24.5346,38.2336,120,69.305,70.3146,68.392,0.4889,120,28.934,29.1388,28.6871,0.0981,120,1006.5203,1006.7507,1006.3295,0.0877,120,356.3276,399.3843,308.3087,22.7407,120,739.8144,1205.7191,325.7023,373.4578,120,379.3382,831.0715,15.2449,355.7185,120,120,0,686.3994,1132.5419,299.9969,351.874,120,19.65,20.87,18.46,0.65,120,3.442,3.4458,3.4388,0.0015,0.5893,0.5914,0.5869,0.001,0.693,0.7031,0.6839,0.0049,-0.0024,-0.0001,-0.0052,0.0022,0.0045,0.0051,0.0039,0.0003,0.0062,0.01,0.0027,0.0031,0.6864,1.1325,0.3,0.3519,444.325,778,106,167.5147,0,0,0,0,290.5167,1018,7,356.4405,41,45.3833,49,41,23.68,23.68,23.63
2022-11-04 12:20:00,4.414,8.7568,1.038,1.5795,120,18.6993,32.6874,120,69.687,70.7114,68.7582,0.3883,120,28.6262,28.6871,28.5772,0.0266,120,1006.3674,1006.5493,1006.1647,0.0924,120,320.6206,415.4843,261.6906,53.1987,120,877.343,1205.3529,303.3529,306.9004,120,565.2268,883.69,21.1457,337.0372,120,120,0,811.4821,1118.1982,267.3421,288.1844,120,21.9,23.08,20.87,0.66,120,3.4395,3.4425,3.4361,0.0015,0.5863,0.5869,0.5858,0.0003,0.6969,0.7071,0.6876,0.0039,-0.0035,-0.0001,-0.0055,0.0021,0.0041,0.0053,0.0033,0.0007,0.0073,0.01,0.0025,0.0026,0.8115,1.1182,0.2673,0.2882,456.9583,929,90,171.686,0,0,0,0,276.8833,1017,0,365.0803,41,45.2333,47,41,23.68,23.68,23.63
2022-11-04 12:30:00,4.111,7.754,0.7528,1.5475,120,20.517,42.6853,120,69.6374,70.4367,68.4835,0.5273,120,28.8586,28.9862,28.6962,0.0695,120,1006.1663,1006.3662,1005.9816,0.0984,120,276.2546,373.6717,217.9551,46.8139,120,998.3669,1219.2749,367.1008,223.9371,120,739.9936,882.214,25.572,261.5646,120,120,0,923.2714,1152.9893,326.548,216.2802,120,24.18,25.32,23.08,0.67,120,3.4361,3.4394,3.433,0.0016,0.5886,0.5899,0.587,0.0007,0.6964,0.7044,0.6848,0.0053,-0.0046,-0.0002,-0.0055,0.0016,0.0035,0.0047,0.0028,0.0006,0.0083,0.0102,0.0031,0.0019,0.9233,1.153,0.3265,0.2163,424.025,820,59,168.2078,0,0,0,0,275.425,1021,1,345.454,41,45.5,49,41,23.68,23.68,23.68
2022-11-04 12:40:00,4.0957,7.8,1.3324,1.4809,120,29.9861,38.1231,120,69.4441,70.2841,68.4835,0.5228,120,28.9369,29.0991,28.8061,0.1008,120,1006.0074,1006.1831,1005.7985,0.0768,120,272.1073,379.4386,229.9701,45.848,120,997.1242,1191.431,396.7767,194.2461,120,756.7174,882.7054,39.341,239.1451,120,120,0,916.5649,1109.653,345.7747,183.149,120,26.49,27.59,25.32,0.68,120,3.4335,3.4364,3.43,0.0013,0.5894,0.591,0.5881,0.001,0.6944,0.7028,0.6848,0.0052,-0.0047,-0.0002,-0.0055,0.0015,0.0035,0.0048,0.0029,0.0006,0.0083,0.0099,0.0033,0.0016,0.9166,1.1097,0.3458,0.1831,422.3583,825,122,160.9703,0,0,0,0,189.4417,1021,7,255.2315,41,45.3333,49,41,23.68,23.68,23.63
2022-11-04 12:50:00,4.0526,7.9748,0.7252,1.4686,120,24.4718,36.4592,120,69.5346,70.7724,68.4835,0.6431,120,29.1252,29.2273,28.916,0.0763,120,1005.8147,1006.0182,1005.5971,0.0929,120,230.8813,265.2945,201.8543,17.8412,120,1023.3135,1073.4598,666.425,52.6123,120,845.4962,865.9861,458.8108,53.5054,120,120,0,939.1792,986.3582,634.1746,46.468,120,28.83,29.87,27.59,0.68,120,3.4302,3.4336,3.4266,0.0015,0.5913,0.5923,0.5892,0.0008,0.6953,0.7077,0.6848,0.0064,-0.0052,-0.0028,-0.0054,0.0003,0.0029,0.0034,0.0026,0.0002,0.0085,0.0089,0.0056,0.0004,0.9392,0.9864,0.6342,0.0465,417.675,844,56,159.6305,0,0,0,0,212.325,1017,0,300.4171,41,45.4333,49,41,23.68,23.68,23.68
2022-11-04 13:00:00,3.7033,7.6528,0.3388,1.4973,120,37.0368,39.6356,120,69.3281,70.3452,68.3615,0.5057,120,28.928,29.0625,28.7481,0.0871,120,1005.6644,1005.8168,1005.5971,0.0831,120,229.838,278.0307,198.2504,19.8152,120,834.8687,1056.2413,246.5666,279.3709,120,663.6071,857.6265,15.7364,313.1335,120,120,0,763.3518,980.2545,205.9999,263.1489,120,31.18,32.43,30.13,0.68,120,3.4277,3.4303,3.4266,0.0014,0.5893,0.5906,0.5875,0.0009,0.6933,0.7035,0.6836,0.0051,-0.0041,-0.0001,-0.0053,0.0019,0.0029,0.0035,0.0025,0.0003,0.007,0.0088,0.0021,0.0023,0.7634,0.9803,0.206,0.2631,379.7083,809,14,162.7541,0,0,0,0,218.5583,1017,0,261.8247,41,45.1167,47,41,23.68,23.68,23.63
2022-11-04 13:10:00,4.6539,7.9932,1.222,1.5138,120,18.657,33.8423,120,69.6318,70.3146,68.6972,0.3952,120,28.8208,28.9343,28.7268,0.0614,120,1005.5173,1005.6337,1005.2492,0.0955,120,208.2528,229.7299,200.4126,5.1395,120,877.5904,985.1657,216.8908,185.4277,120,750.9556,844.349,17.2108,208.5425,120,120,0,797.1867,905.7894,176.7022,176.9259,120,33.55,34.74,32.43,0.69,120,3.4253,3.4272,3.4208,0.0016,0.5882,0.5893,0.5873,0.0006,0.6963,0.7031,0.687,0.004,-0.0047,-0.0001,-0.0052,0.0013,0.0026,0.0029,0.0025,0.0001,0.0073,0.0082,0.0018,0.0015,0.7972,0.9058,0.1767,0.1769,483.0333,846,110,164.5485,0,0,0,0,297.05,1022,0,384.039,41,45.3,49,41,23.68,23.68,23.63
2022-11-04 13:20:00,3.9128,7.018,0.9828,1.3711,120,36.0471,38.3441,120,69.2521,70.2841,68.3004,0.5318,120,29.0121,29.1601,28.8397,0.0969,120,1005.3362,1005.6154,1005.2309,0.095,120,226.1353,259.2874,198.9709,15.7824,120,777.8892,863.1645,246.1993,147.7688,120,637.1055,744.03,19.1782,174.8399,120,120,0,705.1352,791.9553,205.0844,140.3036,120,35.92,37.06,34.74,0.7,120,3.4223,3.4269,3.4205,0.0016,0.5901,0.5916,0.5884,0.001,0.6925,0.7028,0.683,0.0053,-0.004,-0.0001,-0.0046,0.0011,0.0029,0.0033,0.0025,0.0002,0.0065,0.0072,0.0021,0.0012,0.7051,0.792,0.2051,0.1403,402.4833,740,84,149.0314,0,0,0,0,225.8667,1009,3,281.2437,41,45.4833,49,41,23.68,23.73,23.63
2022-11-04 13:30:00,3.5429,7.3492,0.6148,1.3841,120,39.5682,42.5491,120,69.4001,70.4367,68.4225,0.4511,120,29.0806,29.1479,28.9404,0.0626,120,1005.2518,1005.4323,1005.2309,0.0195,120,228.9549,256.6441,214.3504,10.1136,120,741.176,807.1104,250.2293,119.3773,120,611.7389,687.4782,26.5549,144.1981,120,120,0,669.2913,731.2235,207.2207,111.7578,120,38.3,39.39,37.06,0.69,120,3.4209,3.4239,3.4205,0.0003,0.5908,0.5915,0.5894,0.0006,0.694,0.7044,0.6842,0.0045,-0.0038,-0.0002,-0.0043,0.0009,0.0029,0.0033,0.0027,0.0001,0.0062,0.0067,0.0021,0.001,0.6693,0.7312,0.2072,0.1118,362.2667,776,44,150.4455,0,0,0,0,219.8833,1017,2,260.5555,41,45.45,49,41,23.68,23.68,23.68
2022-11-04 13:40:00,3.3713,6.1532,0.5412,1.2533,120,31.2229,42.0106,120,69.558,70.1621,68.6056,0.3935,120,28.8867,28.974,28.8031,0.0543,120,1005.2245,1005.2675,1005.0478,0.0666,120,292.1606,321.0449,261.6906,16.411,120,724.8665,884.7803,291.6291,185.0538,120,533.4429,732.7199,23.1131,226.0844,120,120,0,653.7243,803.5524,244.7584,173.6695,120,40.69,41.98,39.39,0.69,120,3.4204,3.4211,3.4175,0.0011,0.5889,0.5897,0.588,0.0005,0.6956,0.7016,0.6861,0.0039,-0.0033,-0.0001,-0.0045,0.0014,0.0037,0.0041,0.0033,0.0002,0.006,0.0074,0.0024,0.0015,0.6537,0.8036,0.2448,0.1737,343.625,646,36,136.2297,0,0,0,0,282.8667,1022,4,336.4987,41,45.0667,47,39,23.68,23.68,23.68
2022-11-04 13:50:00,3.9017,7.6988,0.8908,1.5806,120,40.0806,43.514,120,70.2445,71.3828,69.0329,0.6728,120,28.771,28.9587,28.6779,0.0752,120,1005.0838,1005.2675,1004.8647,0.0837,120,322.2326,370.3071,293.4102,23.9016,120,637.4723,871.958,333.7623,117.5596,120,404.9833,652.0706,34.4231,135.9666,120,120,0,576.2276,791.6501,290.231,113.8734,120,43.09,44.31,41.98,0.7,120,3.4181,3.4211,3.4144,0.0014,0.5877,0.5896,0.5868,0.0008,0.7024,0.7138,0.6903,0.0067,-0.0025,-0.0002,-0.004,0.0008,0.0041,0.0047,0.0037,0.0003,0.0053,0.0073,0.0028,0.001,0.5762,0.7917,0.2902,0.1139,401.275,814,74,171.8009,0,0,0,0,228.8833,1017,2,264.3702,41,45.2333,47,41,23.68,23.68,23.63
2022-11-04 14:00:00,3.876,6.8064,1.4152,1.2043,120,29.2088,28.9703,120,71.0301,72.1763,70.101,0.6989,120,28.6296,28.7847,28.4399,0.1164,120,1005.0368,1005.0844,1004.8647,0.0605,120,329.9463,360.4551,296.0535,21.1192,120,563.2644,790.9904,302.6206,147.9909,120,315.5899,592.5685,15.2449,181.4668,120,120,0,507.683,718.4057,263.0695,138.7382,120,45.48,46.65,44.31,0.7,120,3.4173,3.4181,3.4144,0.001,0.5863,0.5878,0.5844,0.0012,0.7103,0.7218,0.701,0.007,-0.002,-0.0001,-0.0037,0.0011,0.0042,0.0046,0.0038,0.0003,0.0047,0.0066,0.0025,0.0012,0.5077,0.7184,0.2631,0.1387,398.4833,717,131,130.899,0,0,0,0,237.1583,1020,3,319.3338,41,44.7333,47,41,23.68,23.73,23.68
2022-11-04 14:10:00,3.2422,7.8368,0.9644,1.3249,120,21.3993,38.2756,120,71.2368,71.7795,70.6503,0.3026,120,28.9683,29.0289,28.7847,0.063,120,1004.9211,1005.0661,1004.8463,0.079,120,336.1342,363.0984,310.4717,11.2414,120,528.5906,715.1513,318.3745,120.7813,120,272.897,490.2836,16.2278,159.5484,120,120,0,478.3268,657.6739,280.1599,113.7353,120,47.88,49,46.65,0.7,120,3.4154,3.4178,3.4141,0.0013,0.5897,0.5903,0.5878,0.0006,0.7124,0.7178,0.7065,0.003,-0.0017,-0.0001,-0.003,0.001,0.0043,0.0046,0.0039,0.0001,0.0044,0.006,0.0027,0.001,0.4783,0.6577,0.2802,0.1137,329.5833,829,82,144.0142,0,0,0,0,282.975,1011,0,352.9137,41,45.35,47,41,23.68,23.68,23.63
2022-11-04 14:20:00,3.0382,6.88,0.8724,1.2475,120,46.1816,47.9952,120,70.5598,71.5354,69.5517,0.5733,120,29.07,29.1998,28.8824,0.0779,120,1004.9194,1005.0661,1004.8463,0.0804,120,322.4029,339.5488,294.1315,12.887,120,493.2909,677.7815,303.3529,119.7729,120,255.8454,510.4447,15.2449,157.1311,120,120,0,444.4411,617.9998,268.2577,110.3846,120,50.29,51.6,49,0.7,120,3.4153,3.4178,3.4141,0.0013,0.5907,0.592,0.5888,0.0008,0.7056,0.7154,0.6955,0.0057,-0.0016,-0.0001,-0.0032,0.001,0.0041,0.0043,0.0037,0.0002,0.0041,0.0056,0.0025,0.001,0.4444,0.618,0.2683,0.1104,307.4083,725,72,135.6006,0,0,0,0,222.2,1020,1,232.7491,41,45.4167,49,41,23.68,23.68,23.68
2022-11-04 14:30:00,3.3012,7.2572,0.8816,1.3515,120,41.1796,42.3235,120,69.8948,70.7419,69.1244,0.427,120,28.7967,28.9587,28.5437,0.1347,120,1004.9048,1005.0661,1004.6815,0.0817,120,292.9276,316.4795,278.0307,10.7079,120,448.0353,555.7815,305.551,61.4986,120,247.2642,404.2249,22.6217,89.1763,120,120,0,401.5397,501.4191,271.3096,57.0376,120,52.7,53.95,51.6,0.7,120,3.4151,3.4178,3.4114,0.0014,0.588,0.5896,0.5854,0.0014,0.6989,0.7074,0.6912,0.0043,-0.0015,-0.0001,-0.0025,0.0006,0.0037,0.004,0.0035,0.0001,0.0037,0.0046,0.0025,0.0005,0.4015,0.5014,0.2713,0.057,336,766,73,146.8996,0,0,0,0,242.9,1022,12,271.2876,41.8,45.3667,49,41,23.68,23.68,23.63
2022-11-04 14:40:00,3.5853,6.8248,1.1024,1.3509,120,44.1856,34.7286,120,69.9728,70.864,69.0634,0.5642,120,28.7393,28.916,28.562,0.1057,120,1004.866,1004.9013,1004.6815,0.0493,120,277.1698,292.2087,260.489,8.2168,120,616.5374,680.7131,327.1669,71.2502,120,561.932,688.9526,67.8634,131.0142,120,120,0,550.6328,606.0976,290.8414,62.7751,120,55.1,56.3,53.95,0.71,120,3.4144,3.415,3.4114,0.0008,0.5874,0.5892,0.5856,0.0011,0.6997,0.7086,0.6906,0.0056,-0.0035,-0.0004,-0.0043,0.0008,0.0035,0.0037,0.0033,0.0001,0.0051,0.0057,0.0027,0.0006,0.5506,0.6061,0.2908,0.0628,366.8833,719,97,146.8408,0,0,0,0,179.35,1013,6,193.4012,42,45.2667,47,41,23.68,23.68,23.63
2022-11-04 14:50:00,4.2008,8.5544,1.3232,1.7565,120,27.2827,41.9369,120,70.0479,70.8335,69.3686,0.347,120,28.7097,28.8153,28.6199,0.0671,120,1004.8654,1005.0478,1004.6815,0.0505,120,256.3875,265.5354,248.4732,3.4417,120,650.7531,683.6435,391.6483,52.9212,120,689.8835,742.554,218.3403,97.2883,120,120,0,576.0165,607.6235,335.7036,49.7336,120,57.51,58.65,56.3,0.7,120,3.4144,3.4175,3.4114,0.0008,0.5871,0.5881,0.5862,0.0007,0.7005,0.7083,0.6937,0.0035,-0.0043,-0.0014,-0.0046,0.0006,0.0033,0.0034,0.0032,0,0.0054,0.0057,0.0033,0.0004,0.576,0.6076,0.3357,0.0497,433.7833,907,121,190.9228,0,0,0,0,263.2583,1021,3,318.2127,41.8,45.5,47,41,23.68,23.73,23.63
2022-11-04 15:00:00,3.5452,6.6132,1.1024,1.2994,120,36.5035,37.6339,120,70.5095,71.5354,69.7043,0.5651,120,28.8646,29.1174,28.7237,0.1009,120,1004.904,1005.0661,1004.8463,0.0715,120,231.9066,256.4031,210.0252,14.1705,120,552.8229,657.6315,235.575,137.388,120,605.1862,745.506,15.2449,255.2605,120,120,0,480.1986,576.7998,201.117,120.7858,120,59.92,61,58.65,0.7,120,3.4151,3.4178,3.4141,0.0012,0.5887,0.5912,0.5872,0.001,0.7051,0.7154,0.697,0.0057,-0.0038,-0.0001,-0.0046,0.0016,0.0029,0.0033,0.0027,0.0002,0.0046,0.0055,0.002,0.0011,0.4802,0.5768,0.2011,0.1208,362.5167,696,97,141.2381,0,0,0,0,190.7833,1008,6,240.4952,41.1,45.3333,47,41,23.68,23.73,23.68
2022-11-04 15:10:00,3.557,6.5028,0.8264,1.0889,120,46.5598,38.2739,120,70.1699,70.8945,69.5517,0.3639,120,29.1996,29.2822,29.0594,0.0659,120,1004.8877,1005.0661,1004.6815,0.0559,120,198.3763,220.5984,175.4213,11.4188,120,506.0284,587.6555,205.8992,100.6515,120,623.7132,720.4254,42.7828,190.0797,120,120,0,432.8364,507.828,169.9881,87.869,120,62.33,63.61,61.26,0.7,120,3.4148,3.4178,3.4114,0.0009,0.592,0.5928,0.5906,0.0007,0.7017,0.7089,0.6955,0.0036,-0.0039,-0.0003,-0.0045,0.0012,0.0025,0.0028,0.0022,0.0001,0.0042,0.0049,0.0017,0.0008,0.4328,0.5078,0.17,0.0879,363.8083,684,67,118.3541,0,0,0,0,201.9583,990,9,212.5597,41,45.1,47,39,23.68,23.68,23.63
2022-11-04 15:20:00,2.4849,6.4108,0.348,1.2249,120,51.8835,48.7757,120,70.2963,71.3828,69.1244,0.6215,120,29.3898,29.566,29.0381,0.1622,120,1004.9712,1005.0661,1004.8463,0.0931,120,167.7036,188.1575,145.6236,11.2987,120,440.4698,507.4202,184.2833,76.387,120,601.0391,691.903,86.5501,154.8495,120,120,0,368.3228,428.7851,150.1511,66.5548,120,64.74,65.96,63.61,0.7,120,3.4162,3.4178,3.4141,0.0016,0.5939,0.5957,0.5904,0.0016,0.703,0.7138,0.6912,0.0062,-0.0037,-0.0005,-0.0043,0.001,0.0021,0.0024,0.0018,0.0001,0.0037,0.0042,0.0015,0.0006,0.3683,0.4288,0.1502,0.0666,247.275,674,15,133.1461,0,0,0,0,256.25,1021,11,251.7232,41,45.0667,49,41,23.68,23.68,23.68
2022-11-04 15:30:00,2.8962,5.6932,0.6608,1.1267,120,47.5827,40.6143,120,69.1422,69.6432,68.4225,0.3172,120,29.2336,29.5447,28.7817,0.2469,120,1004.9304,1005.0661,1004.8647,0.0874,120,151.2649,169.8945,130.7252,9.635,120,334.3572,433.048,146.1813,111.6937,120,450.5366,668.3,19.1782,261.7999,120,120,0,275.2414,358.2873,119.6326,91.9473,120,67.15,68.3,65.96,0.71,120,3.4155,3.4178,3.4144,0.0015,0.5923,0.5955,0.5878,0.0025,0.6914,0.6964,0.6842,0.0032,-0.0028,-0.0001,-0.0041,0.0016,0.0019,0.0022,0.0017,0.0001,0.0028,0.0036,0.0012,0.0009,0.2752,0.3583,0.1196,0.0919,291.9833,596,49,122.4674,0,0,0,0,226.5917,1019,8,237.8999,41,45,47,41,23.68,23.68,23.68
2022-11-04 15:40:00,3.0153,6.512,0.578,1.316,120,44.0786,47.4536,120,70.2556,70.9861,69.5822,0.4301,120,28.7115,28.7878,28.6535,0.0342,120,1004.9045,1005.0661,1004.6815,0.0767,120,119.0342,130.485,111.9811,4.4506,120,280.101,369.3001,121.6339,90.4397,120,436.1649,633.8769,26.0635,236.4113,120,120,0,222.3299,297.2503,98.5748,71.8008,120,69.56,70.65,68.3,0.7,120,3.4151,3.4178,3.4114,0.0013,0.5871,0.5879,0.5865,0.0003,0.7026,0.7099,0.6958,0.0043,-0.0027,-0.0002,-0.0039,0.0015,0.0015,0.0017,0.0014,0.0001,0.0023,0.0031,0.001,0.0008,0.2223,0.2973,0.0986,0.0718,304.925,685,40,143.0429,0,0,0,0,273.8333,1021,2,286.1565,41,45.1,49,41,23.68,23.73,23.68
2022-11-04 15:50:00,3.1317,5.5276,0.4124,1.1946,120,42.3933,40.1521,120,70.5781,71.1386,69.9179,0.381,120,28.7031,28.8427,28.5894,0.0835,120,1005,1005.2492,1004.8463,0.1045,120,108.0924,114.3843,98.7646,3.4315,120,261.1262,316.1765,119.0696,53.3078,120,469.8298,591.5856,37.865,155.9857,120,120,0,201.4552,245.3688,96.1333,40.18,120,71.97,73.26,70.65,0.7,120,3.4167,3.4208,3.4141,0.0017,0.587,0.5884,0.5859,0.0008,0.7058,0.7114,0.6992,0.0038,-0.0029,-0.0002,-0.0037,0.001,0.0014,0.0015,0.0013,0,0.0022,0.0026,0.001,0.0004,0.2015,0.2454,0.0961,0.0402,317.575,578,22,129.8488,0,0,0,0,239.2417,1021,20,272.1876,41,45.3833,47,41,23.68,23.68,23.63
2022-11-04 16:00:00,3.0053,6.5396,0.8816,1.176,120,45.0805,40.6966,120,70.9415,71.4743,70.5283,0.2764,120,28.64,28.7085,28.5223,0.0397,120,1005.1035,1005.2492,1005.0295,0.0814,120,93.8084,103.3307,85.548,5.4181,120,213.3792,270.0132,99.2857,41.6636,120,424.5225,547.8182,49.1766,140.9534,120,120,0,157.7349,202.6429,79.3481,28.8913,120,74.37,75.61,73.26,0.7,120,3.4184,3.4208,3.4172,0.0014,0.5864,0.5871,0.5852,0.0004,0.7094,0.7147,0.7053,0.0028,-0.0026,-0.0003,-0.0034,0.0009,0.0012,0.0013,0.0011,0.0001,0.0018,0.0022,0.0008,0.0003,0.1577,0.2026,0.0793,0.0289,303.8417,688,73,127.8247,0,0,0,0,218.625,1021,0,239.6108,41,45.3,47,41,23.68,23.68,23.68
2022-11-04 16:10:00,3.8201,7.1284,0.6976,1.3178,120,31.7296,32.1567,120,71.4985,72.0847,70.7114,0.3579,120,28.341,28.5192,28.2354,0.0864,120,1005.2126,1005.4323,1005.0478,0.071,120,80.6718,85.7882,73.7732,3.7124,120,188.8814,215.0588,90.4934,20.7099,120,447.5696,496.6758,68.3548,59.7004,120,120,0,131.55,153.5081,66.5303,15.2511,120,76.78,77.95,75.61,0.7,120,3.4202,3.4239,3.4175,0.0012,0.5834,0.5852,0.5824,0.0009,0.715,0.7208,0.7071,0.0036,-0.0028,-0.0004,-0.0031,0.0004,0.001,0.0011,0.0009,0,0.0016,0.0018,0.0008,0.0002,0.1316,0.1535,0.0665,0.0153,392.4,752,53,143.234,0,0,0,0,214.1667,1022,0,288.9679,41,45.4167,49,41,23.68,23.68,23.63
2022-11-04 16:20:00,3.4801,6.3096,0.6424,1.2572,120,30.3083,31.9172,120,72.3622,72.9698,71.8711,0.3894,120,28.1094,28.2293,28.0371,0.0567,120,1005.2489,1005.4323,1005.0478,0.0482,120,74.6021,78.5795,64.8819,3.1564,120,149.2585,168.1633,120.1693,13.4143,120,377.3752,430.2884,221.2907,38.844,120,120,0,100.3271,113.834,80.2637,10.0474,120,79.18,80.29,77.95,0.7,120,3.4208,3.4239,3.4175,0.0008,0.5811,0.5823,0.5804,0.0006,0.7236,0.7297,0.7187,0.0039,-0.0023,-0.0014,-0.0027,0.0002,0.0009,0.001,0.0008,0,0.0012,0.0014,0.001,0.0001,0.1003,0.1138,0.0803,0.01,355.4417,663,47,136.6472,0,0,0,0,211.6083,1021,4,282.3941,41,45.0667,47,41,23.68,23.68,23.63
2022-11-04 16:30:00,3.2036,5.6748,1.0196,1.2264,120,44.4838,40.433,120,73.2493,73.9158,72.8782,0.319,120,28.0464,28.1164,27.9424,0.0577,120,1005.3273,1005.6154,1005.0295,0.1004,120,56.5413,65.122,39.4094,7.7984,120,91.8975,125.2977,46.1621,25.7155,120,224.3155,338.8221,54.0928,99.5396,120,120,0,61.8865,79.9585,36.0118,13.9052,120,81.58,82.89,80.29,0.7,120,3.4221,3.4269,3.4172,0.0017,0.5805,0.5812,0.5794,0.0006,0.7325,0.7392,0.7288,0.0032,-0.0014,-0.0003,-0.0021,0.0006,0.0007,0.0008,0.0005,0.0001,0.0008,0.001,0.0004,0.0002,0.0619,0.08,0.036,0.0139,325.3917,594,88,133.3034,0,0,0,0,223.4917,1022,2,245.3789,41,45.1833,47,39,23.68,23.73,23.68
2022-11-04 16:40:00,2.6695,6.1164,0.5136,1.0529,120,36.6238,37.7479,120,74.1765,74.6788,73.5801,0.3105,120,27.8839,27.9882,27.8021,0.0553,120,1005.374,1005.6154,1005.2126,0.0862,120,32.5331,39.1693,28.5961,2.6001,120,36.5879,46.5294,31.5078,4.2461,120,49.9504,84.0912,23.6046,18.2776,120,120,0,28.7662,35.7067,24.72,2.6332,120,83.98,85.23,82.89,0.7,120,3.4229,3.4269,3.4202,0.0014,0.5788,0.5799,0.578,0.0006,0.7418,0.7468,0.7358,0.0031,-0.0003,-0.0001,-0.0005,0.0001,0.0004,0.0005,0.0004,0,0.0003,0.0004,0.0003,0,0.0288,0.0357,0.0247,0.0026,267.3333,642,33,114.4464,0,0,0,0,209.3667,1022,1,257.0039,41,44.2167,47,41,23.68,23.68,23.68
2022-11-04 16:50:00,2.5654,5.8864,0.486,1.1803,120,40.9848,39.0973,120,74.7658,75.1671,74.1295,0.3166,120,27.639,27.8173,27.5671,0.0685,120,1005.435,1005.6154,1005.2126,0.068,120,20.1514,28.1157,14.4181,3.5748,120,21.3837,32.6062,14.6543,4.4087,120,31.0464,63.9285,16.2278,14.6534,120,120,0,17.8406,24.4148,13.123,2.8604,120,86.38,87.56,85.23,0.7,120,3.4239,3.4269,3.4202,0.0011,0.5764,0.5782,0.5757,0.0007,0.7477,0.7517,0.7413,0.0032,-0.0002,-0.0001,-0.0004,0.0001,0.0003,0.0004,0.0002,0,0.0002,0.0003,0.0001,0,0.0178,0.0244,0.0131,0.0029,256.025,617,30,128.2892,0,0,0,0,197.5833,1007,0,226.5921,41,41.6167,47,39,23.68,23.73,23.68
2022-11-04 17:00:00,3.1364,6.7512,0.5044,1.3842,120,46.6019,33.3411,120,75.2253,75.4723,74.9229,0.1574,120,27.5008,27.5976,27.3839,0.0609,120,1005.4143,1005.6154,1005.2309,0.0552,120,9.554,14.178,4.8063,2.7821,120,9.3943,14.2881,4.7623,2.835,120,14.2361,16.2278,13.2775,0.634,120,120,0,8.9597,13.123,4.883,2.3332,120,88.77,89.89,87.56,0.7,120,3.4236,3.4269,3.4205,0.0009,0.575,0.576,0.5738,0.0006,0.7523,0.7547,0.7492,0.0016,-0.0001,-0.0001,-0.0001,0,0.0001,0.0002,0.0001,0,0.0001,0.0001,0,0,0.009,0.0131,0.0049,0.0023,318.0833,711,32,150.4542,0,0,0,0,203.1167,1022,7,215.9042,40.6,41.7333,47,41,23.68,23.73,23.68
2022-11-04 17:10:00,3.1708,6.3372,0.5044,1.3278,120,45.6472,33.3296,120,75.8255,76.0826,75.3502,0.1906,120,27.2826,27.3931,27.2008,0.048,120,1005.5994,1005.7985,1005.3957,0.0873,120,1.7362,4.8063,0.2402,1.2729,120,1.6455,4.7623,0,1.2772,120,13.7485,14.2604,13.2775,0.1733,120,120,0,2.5534,4.883,1.2207,0.9561,120,89.89,89.89,89.89,0,3,3.4267,3.43,3.4233,0.0015,0.5728,0.5739,0.572,0.0005,0.7583,0.7608,0.7535,0.0019,-0.0001,-0.0001,-0.0001,0,0,0.0001,0,0,0,0,0,0,0.0026,0.0049,0.0012,0.001,321.825,666,32,144.3208,0,0,0,0,188.75,1013,13,199.3701,40,41.7167,47,39,23.68,23.73,23.63
2022-11-04 17:20:00,3.2466,5.8404,0.9092,1.0405,120,50.6724,36.4647,120,76.3471,76.5709,76.0216,0.118,120,27.1427,27.2069,27.0635,0.036,120,1005.766,1005.9816,1005.5788,0.0754,120,0.014,0.4803,0,0.0645,120,0.0214,0.3661,0,0.0862,120,13.8058,14.2604,13.2775,0.2031,120,120,0,0.117,1.2207,0,0.2775,120,None,None,None,None,0,3.4294,3.433,3.4263,0.0013,0.5714,0.5721,0.5706,0.0004,0.7635,0.7657,0.7602,0.0012,-0.0001,-0.0001,-0.0001,0,0,0,0,0,0,0,0,0,0.0001,0.0012,0,0.0003,330.0667,612,76,113.0992,0,0,0,0,190.7167,977,27,172.7652,40,41.8333,47,41,23.68,23.73,23.68
2022-11-04 17:30:00,2.9496,6.1624,0.4768,1.4984,120,46.1024,47.4298,120,76.6717,76.8456,76.4794,0.082,120,27.0594,27.091,27.0208,0.015,120,1005.9418,1006.1647,1005.7619,0.0971,120,0,0,0,0,120,0,0,0,0,120,13.8058,14.2604,13.2775,0.1705,120,120,0,0,0,0,0,120,None,None,None,None,0,3.4324,3.4361,3.4294,0.0016,0.5706,0.5709,0.5702,0.0001,0.7667,0.7685,0.7648,0.0008,-0.0001,-0.0001,-0.0001,0,0,0,0,0,0,0,0,0,0,0,0,0,297.7833,647,29,162.8651,0,0,0,0,264.1083,1020,0,275.0688,40,41.75,47,39,23.68,23.68,23.68
2022-11-04 17:40:00,2.9943,5.8588,0.9092,1.2545,120,50.3362,40.2569,120,76.7276,76.8761,76.5099,0.0901,120,27.0207,27.0696,26.9842,0.0193,120,1006.0831,1006.1647,1005.945,0.0881,120,0,0,0,0,120,0,0,0,0,120,13.8181,14.2604,13.2775,0.1847,120,120,0,0,0,0,0,120,None,None,None,None,0,3.4347,3.4361,3.4324,0.0015,0.5702,0.5707,0.5698,0.0002,0.7673,0.7688,0.7651,0.0009,-0.0001,-0.0001,-0.0001,0,0,0,0,0,0,0,0,0,0,0,0,0,302.6417,614,76,136.3575,0,0,0,0,214.9333,1022,15,209.6754,40,41.5333,47,39,23.68,23.68,23.63
2022-11-04 17:50:00,2.4521,6.9996,0.6884,1.0951,120,58.668,43.0511,120,76.9051,77.0898,76.7541,0.0651,120,27.0769,27.1215,27.0391,0.018,120,1006.1223,1006.3478,1005.945,0.066,120,0,0,0,0,120,0,0,0,0,120,13.8754,14.2604,13.7689,0.2033,120,120,0,0,0,0,0,120,None,None,None,None,0,3.4354,3.4391,3.4324,0.0011,0.5708,0.5712,0.5704,0.0002,0.7691,0.7709,0.7675,0.0007,-0.0001,-0.0001,-0.0001,0,0,0,0,0,0,0,0,0,0,0,0,0,243.7083,738,52,119.0356,0,0,0,0,261.675,1018,9,236.3002,40,41.6667,47,39,23.68,23.68,23.68
2022-11-04 18:00:00,3.2131,6.466,1.2956,0.9958,120,50.4077,32.5996,120,77.264,77.6086,76.9066,0.2097,120,26.9639,27.0452,26.917,0.0314,120,1006.1731,1006.3478,1005.9633,0.0771,120,0,0,0,0,120,0,0,0,0,120,13.8836,14.2604,13.2775,0.2274,120,120,0,0,0,0,0,120,None,None,None,None,0,3.4362,3.4391,3.4327,0.0013,0.5696,0.5705,0.5692,0.0003,0.7726,0.7761,0.7691,0.0021,-0.0001,-0.0001,-0.0001,0,0,0,0,0,0,0,0,0,0,0,0,0,326.425,680,118,108.2377,0,0,0,0,186.075,1018,15,174.1159,39.4,41.7333,47,39,23.68,23.68,23.63
2022-11-04 18:10:00,2.7418,5.822,0.5596,1.1587,120,51.5077,42.0894,120,77.602,77.8527,77.4255,0.1033,120,26.9479,27.0116,26.8804,0.0352,120,1006.2519,1006.3478,1006.1281,0.0878,120,0,0,0,0,120,0,0,0,0,120,13.8877,14.2604,13.2775,0.2207,120,120,0,0,0,0,0,120,None,None,None,None,0,3.4375,3.4391,3.4355,0.0015,0.5695,0.5701,0.5688,0.0003,0.776,0.7785,0.7743,0.001,-0.0001,-0.0001,-0.0001,0,0,0,0,0,0,0,0,0,0,0,0,0,275.1917,610,38,125.9436,0,0,0,0,216.2333,1018,10,209.2637,39,41.5667,47,41,23.68,23.68,23.68
2022-11-04 18:20:00,3.3001,6.1256,1.4428,1.0885,120,49.5115,37.8171,120,77.9852,78.2495,77.5781,0.1497,120,26.8703,26.9262,26.8346,0.0139,120,1006.3794,1006.531,1006.1281,0.0949,120,0,0,0,0,120,0,0,0,0,120,13.9655,14.2604,13.7689,0.2418,120,120,0,0,0,0,0,120,None,None,None,None,0,3.4397,3.4422,3.4355,0.0016,0.5687,0.5693,0.5684,0.0001,0.7799,0.7825,0.7758,0.0015,-0.0001,-0.0001,-0.0001,0,0,0,0,0,0,0,0,0,0,0,0,0,335.8833,643,134,118.3129,0,0,0,0,170.175,1015,8,149.5184,39,41.5167,47,39,23.68,23.73,23.63
2022-11-04 18:30:00,2.4214,5.454,0.4124,1.0034,120,56.2316,31.8594,120,78.4033,78.5546,78.2189,0.0767,120,26.8841,26.9262,26.8255,0.0216,120,1006.5282,1006.7141,1006.4943,0.0583,120,0,0,0,0,120,0,0,0,0,120,13.9287,14.2604,13.7689,0.2312,120,120,0,0,0,0,0,120,None,None,None,None,0,3.4421,3.4452,3.4416,0.001,0.5688,0.5693,0.5683,0.0002,0.784,0.7855,0.7822,0.0008,-0.0001,-0.0001,-0.0001,0,0,0,0,0,0,0,0,0,0,0,0,0,240.3667,570,22,109.0637,0,0,0,0,194.9583,979,10,162.1044,39,41.6167,47,39,23.68,23.68,23.68
2022-11-04 18:40:00,3.3158,5.6104,1.5256,0.8779,120,59.3932,29.0321,120,78.8288,79.1345,78.4021,0.1987,120,26.7344,26.8285,26.6698,0.0415,120,1006.6816,1006.8972,1006.4943,0.0747,120,0,0,0,0,120,0,0,0,0,120,13.9573,14.2604,13.2775,0.2483,120,120,0,0,0,0,0,120,None,None,None,None,0,3.4447,3.4483,3.4416,0.0012,0.5673,0.5683,0.5667,0.0004,0.7883,0.7913,0.784,0.002,-0.0001,-0.0001,-0.0001,0,0,0,0,0,0,0,0,0,0,0,0,0,337.5833,587,143,95.4288,0,0,0,0,176.8917,636,23,92.4957,39,41.75,49,41,23.68,23.68,23.68
2022-11-04 18:50:00,2.9078,5.8128,0.808,1.1104,120,56.475,30.8396,120,79.2233,79.3786,79.0735,0.0782,120,26.6724,26.7034,26.6424,0.0136,120,1006.8169,1006.8972,1006.6774,0.0901,120,0,0,0,0,120,0,0,0,0,120,13.9614,14.2604,13.2775,0.2572,120,120,0,0,0,0,0,120,None,None,None,None,0,3.4469,3.4483,3.4446,0.0015,0.5667,0.567,0.5664,0.0001,0.7922,0.7938,0.7907,0.0008,-0.0001,-0.0001,-0.0001,0,0,0,0,0,0,0,0,0,0,0,0,0,293.2417,609,65,120.6925,0,0,0,0,205.15,996,13,180.311,38.8,41.7833,47,39,23.68,23.68,23.68
2022-11-04 19:00:00,2.7447,6.3648,0.7436,1.1411,120,59.9854,38.6957,120,79.3034,79.3786,79.2261,0.0451,120,26.7034,26.7644,26.6668,0.019,120,1007.0032,1007.0803,1006.8606,0.091,120,0,0,0,0,120,0,0,0,0,120,13.9696,14.2604,13.7689,0.2426,120,120,0,0,0,0,0,120,None,None,None,None,0,3.4501,3.4513,3.4477,0.0015,0.567,0.5676,0.5667,0.0002,0.793,0.7938,0.7923,0.0005,-0.0001,-0.0001,-0.0001,0,0,0,0,0,0,0,0,0,0,0,0,0,275.5083,669,58,124.0342,0,0,0,0,211.4167,984,7,169.8251,38,41.8333,47,41,23.68,23.68,23.68
2022-11-04 19:10:00,2.5404,5.3344,0.302,1.2168,120,49.7316,44.6753,120,79.4153,79.5923,79.2566,0.0708,120,26.7332,26.7766,26.6698,0.0201,120,1007.1259,1007.4282,1007.0437,0.0941,120,0,0,0,0,120,0,0,0,0,120,14.0024,14.2604,13.7689,0.2465,120,120,0,0,0,0,0,120,None,None,None,None,0,3.4521,3.4571,3.4507,0.0016,0.5673,0.5678,0.5667,0.0002,0.7942,0.7959,0.7926,0.0007,-0.0001,-0.0001,-0.0001,0,0,0,0,0,0,0,0,0,0,0,0,0,253.3083,557,10,132.2598,0,0,0,0,249.425,1018,4,254.9984,38,41.65,47,39,23.68,23.68,23.68
2022-11-04 19:20:00,2.3179,5.0492,0.6792,1.0558,120,55.9841,39.3883,120,79.5297,79.6533,79.3481,0.0838,120,26.6762,26.7248,26.6302,0.0209,120,1007.4087,1007.6113,1007.2451,0.107,120,0,0,0,0,120,0,0,0,0,120,13.9778,14.2604,13.7689,0.244,120,120,0,0,0,0,0,120,None,None,None,None,0,3.4568,3.4602,3.4541,0.0018,0.5668,0.5673,0.5663,0.0002,0.7953,0.7965,0.7935,0.0008,-0.0001,-0.0001,-0.0001,0,0,0,0,0,0,0,0,0,0,0,0,0,229.1167,526,51,114.7596,0,0,0,0,218.325,1014,2,201.2807,38,41.6,47,39,23.68,23.68,23.68
2022-11-04 19:30:00,3.0225,7.1652,0.7068,1.2935,120,54.8318,30.3413,120,79.3265,79.4702,79.165,0.0805,120,26.6504,26.6942,26.6027,0.0149,120,1007.485,1007.6296,1007.4099,0.0879,120,0,0,0,0,120,0,0,0,0,120,14.0147,14.7535,13.7689,0.2549,120,120,0,0,0,0,0,120,None,None,None,None,0,3.4581,3.4605,3.4568,0.0015,0.5665,0.5669,0.566,0.0001,0.7933,0.7947,0.7917,0.0008,-0.0001,-0.0001,-0.0001,0,0,0,0,0,0,0,0,0,0,0,0,0,305.7083,756,54,140.6018,0,0,0,0,187.1333,1000,21,154.5224,38,41.5,47,39,23.68,23.68,23.63
2022-11-04 19:40:00,2.3689,6.2176,0.4676,1.3045,120,55.364,47.2214,120,79.0206,79.2566,78.7988,0.1158,120,26.6984,26.7492,26.6332,0.0218,120,1007.6127,1007.7944,1007.4099,0.0653,120,0,0,0,0,120,0,0,0,0,120,13.9778,14.2604,13.7689,0.244,120,120,0,0,0,0,0,120,None,None,None,None,0,3.4602,3.4632,3.4568,0.0011,0.567,0.5675,0.5663,0.0002,0.7902,0.7926,0.788,0.0012,-0.0001,-0.0001,-0.0001,0,0,0,0,0,0,0,0,0,0,0,0,0,234.6667,653,28,141.7972,0,0,0,0,251.5667,1017,15,237.6962,38,41.6833,47,39,23.68,23.68,23.63
2022-11-04 19:50:00,2.971,5.7484,1.0472,0.9368,120,51.6229,26.8859,120,78.9069,79.104,78.6767,0.1277,120,26.6654,26.7187,26.621,0.0226,120,1007.7625,1007.9775,1007.593,0.0736,120,0,0,0,0,120,0,0,0,0,120,13.9778,14.2604,13.2775,0.2522,120,120,0,0,0,0,0,120,None,None,None,None,0,3.4627,3.4663,3.4599,0.0012,0.5666,0.5672,0.5662,0.0002,0.7891,0.791,0.7868,0.0013,-0.0001,-0.0001,-0.0001,0,0,0,0,0,0,0,0,0,0,0,0,0,300.1083,602,91,101.8303,0,0,0,0,164.4833,991,3,129.021,38,41.6833,47,39,23.68,23.68,23.63
2022-11-04 20:00:00,2.5598,4.8376,0.7528,1.0224,120,53.7369,31.0853,120,79.2192,79.3786,79.0124,0.0932,120,26.6546,26.6912,26.624,0.0139,120,1007.9041,1008.1423,1007.7578,0.0905,120,0,0,0,0,120,0,0,0,0,120,13.9696,14.2604,13.2775,0.2508,120,120,0,0,0,0,0,120,None,None,None,None,0,3.4651,3.469,3.4626,0.0015,0.5665,0.5669,0.5662,0.0001,0.7922,0.7938,0.7901,0.0009,-0.0001,-0.0001,-0.0001,0,0,0,0,0,0,0,0,0,0,0,0,0,255.4167,503,59,111.1356,0,0,0,0,186.675,989,7,159.2636,37.2,41.6,47,39,23.68,23.68,23.63
2022-11-04 20:10:00,2.6025,5.408,0.6148,0.9271,120,45.9132,43.5874,120,79.5564,79.7754,79.2566,0.1438,120,26.6266,26.682,26.5905,0.021,120,1008.0099,1008.1606,1007.9409,0.084,120,0,0,0,0,120,0,0,0,0,120,13.9655,14.2604,13.7689,0.2418,120,120,0,0,0,0,0,120,None,None,None,None,0,3.4668,3.4693,3.4657,0.0014,0.5663,0.5668,0.5659,0.0002,0.7956,0.7978,0.7926,0.0014,-0.0001,-0.0001,-0.0001,0,0,0,0,0,0,0,0,0,0,0,0,0,260.0583,565,44,100.7763,0,0,0,0,236.725,1022,30,251.5194,37,41.7167,47,41,23.68,23.68,23.68
2022-11-04 20:20:00,2.6145,5.2608,0.7068,1.0911,120,53.1358,39.0614,120,79.7143,79.8669,79.2871,0.1406,120,26.6109,26.6759,26.563,0.023,120,1008.2214,1008.3438,1007.9592,0.0983,120,0,0,0,0,120,0,0,0,0,120,13.9614,14.2604,13.2775,0.2492,120,120,0,0,0,0,0,120,None,None,None,None,0,3.4704,3.4724,3.466,0.0016,0.5661,0.5668,0.5656,0.0002,0.7971,0.7987,0.7929,0.0014,-0.0001,-0.0001,-0.0001,0,0,0,0,0,0,0,0,0,0,0,0,0,261.3583,549,54,118.5963,0,0,0,0,185.0917,968,31,150.2443,37,41.7333,47,39,23.68,23.68,23.63
2022-11-04 20:30:00,2.1523,4.6168,0.2284,1.1473,120,61.1781,45.4082,120,79.8547,79.989,79.7449,0.0586,120,26.626,26.6607,26.5905,0.0153,120,1008.2841,1008.5086,1008.124,0.0887,120,0,0,0,0,120,0,0,0,0,120,13.9737,14.2604,13.7689,0.2433,120,120,0,0,0,0,0,120,None,None,None,None,0,3.4714,3.4751,3.4687,0.0015,0.5663,0.5666,0.5659,0.0001,0.7985,0.7999,0.7974,0.0006,-0.0001,-0.0001,-0.0001,0,0,0,0,0,0,0,0,0,0,0,0,0,211.1167,479,2,124.7097,0,0,0,0,220.3083,999,11,179.8125,37,41.5667,47,39,23.68,23.68,23.63
2022-11-04 20:40:00,2.6561,5.27,0.3664,1.0191,120,46.7372,35.7899,120,80.0386,80.2332,79.8669,0.1102,120,26.6004,26.6515,26.56,0.0188,120,1008.4574,1008.5269,1008.3071,0.0761,120,0,0,0,0,120,0,0,0,0,120,14.0269,14.2604,13.7689,0.2465,120,120,0,0,0,0,0,120,None,None,None,None,0,3.4743,3.4754,3.4718,0.0013,0.566,0.5665,0.5656,0.0002,0.8004,0.8023,0.7987,0.0011,-0.0001,-0.0001,-0.0001,0,0,0,0,0,0,0,0,0,0,0,0,0,265.8833,550,17,110.7744,0,0,0,0,207.9833,1018,0,226.6478,37,41.65,47,39,23.68,23.68,23.63
2022-11-04 20:50:00,2.4546,4.7456,0.486,0.8584,120,52.9787,36.211,120,80.2337,80.3247,80.1721,0.0371,120,26.5908,26.624,26.5539,0.0149,120,1008.4391,1008.5086,1008.3071,0.0871,120,0,0,0,0,120,0,0,0,0,120,13.9655,14.2604,13.2775,0.258,120,120,0,0,0,0,0,120,None,None,None,None,0,3.474,3.4751,3.4718,0.0015,0.5659,0.5662,0.5655,0.0001,0.8023,0.8032,0.8017,0.0004,-0.0001,-0.0001,-0.0001,0,0,0,0,0,0,0,0,0,0,0,0,0,243.975,493,30,93.2994,0,0,0,0,202.725,1002,13,189.8502,37,41.5833,47,39,23.68,23.68,23.63
2022-11-04 21:00:00,2.4284,5.0216,0.3296,0.9787,120,44.5486,42.4768,120,80.3977,80.5689,80.2332,0.0805,120,26.5656,26.5966,26.5325,0.0128,120,1008.4629,1008.5269,1008.3071,0.0695,120,0,0,0,0,120,0,0,0,0,120,13.9942,14.2604,13.7689,0.2459,120,120,0,0,0,0,0,120,None,None,None,None,0,3.4744,3.4754,3.4718,0.0012,0.5657,0.566,0.5653,0.0001,0.804,0.8057,0.8023,0.0008,-0.0001,-0.0001,-0.0001,0,0,0,0,0,0,0,0,0,0,0,0,0,241.1333,523,13,106.3833,0,0,0,0,215.125,977,0,228.5194,37,41.4167,47,39,23.68,23.68,23.63
2022-11-04 21:10:00,2.7227,4.994,0.67,0.9088,120,44.2751,37.589,120,80.5419,80.6604,80.3247,0.0685,120,26.5536,26.5752,26.5264,0.0112,120,1008.4997,1008.6917,1008.3071,0.0524,120,0,0,0,0,120,0,0,0,0,120,14.0024,14.2604,13.2775,0.2546,120,120,0,0,0,0,0,120,None,None,None,None,0,3.475,3.4782,3.4718,0.0009,0.5655,0.5657,0.5653,0.0001,0.8054,0.8066,0.8032,0.0007,-0.0001,-0.0001,-0.0001,0,0,0,0,0,0,0,0,0,0,0,0,0,273.125,520,50,98.7828,0,0,0,0,189.7667,1008,7,201.5084,37,41.55,47,39,23.68,23.68,23.63
2022-11-04 21:20:00,1.9447,3.706,0.6424,0.6644,120,35.5108,32.9452,120,80.6576,80.7215,80.5689,0.0363,120,26.5751,26.6118,26.5355,0.0156,120,1008.4825,1008.6917,1008.3071,0.0469,120,0,0,0,0,120,0,0,0,0,120,13.9082,14.2604,13.2775,0.2563,120,120,0,0,0,0,0,120,None,None,None,None,0,3.4747,3.4782,3.4718,0.0008,0.5657,0.5661,0.5654,0.0002,0.8066,0.8072,0.8057,0.0004,-0.0001,-0.0001,-0.0001,0,0,0,0,0,0,0,0,0,0,0,0,0,188.5583,380,47,72.216,0,0,0,0,156.775,1017,1,198.2258,36.7,41.6167,47,39,23.68,23.68,23.63
2022-11-04 21:30:00,2.4794,5.2608,0.4676,1.0712,120,38.2031,28.7134,120,80.7161,80.813,80.6299,0.0412,120,26.565,26.6088,26.5233,0.0177,120,1008.4654,1008.5086,1008.2888,0.062,120,0,0,0,0,120,0,0,0,0,120,13.9,14.2604,13.7689,0.2182,120,120,0,0,0,0,0,120,None,None,None,None,0,3.4744,3.4751,3.4715,0.001,0.5656,0.5661,0.5652,0.0002,0.8072,0.8081,0.8063,0.0004,-0.0001,-0.0001,-0.0001,0,0,0,0,0,0,0,0,0,0,0,0,0,246.675,549,28,116.4377,0,0,0,0,155.8333,1013,13,192.0314,36,41.55,47,39,23.68,23.68,23.63
2022-11-04 21:40:00,2.0019,4.4236,0.4768,0.798,120,46.7747,39.8951,120,80.7728,80.8435,80.6299,0.039,120,26.5505,26.5996,26.5172,0.0168,120,1008.4486,1008.6734,1008.2888,0.0755,120,0,0,0,0,120,0,0,0,0,120,13.9778,14.2604,13.7689,0.244,120,120,0,0,0,0,0,120,None,None,None,None,0,3.4741,3.4779,3.4715,0.0013,0.5655,0.566,0.5652,0.0002,0.8077,0.8084,0.8063,0.0004,-0.0001,-0.0001,-0.0001,0,0,0,0,0,0,0,0,0,0,0,0,0,194.775,458,29,86.7429,0,0,0,0,239.2833,1021,1,261.4305,36,41.5667,47,39,23.68,23.68,23.63
2022-11-04 21:50:00,2.1041,3.798,0.5688,0.7199,120,48.3154,40.7195,120,80.7609,80.8435,80.6909,0.0404,120,26.5892,26.621,26.5478,0.0142,120,1008.639,1008.6917,1008.4719,0.0829,120,0,0,0,0,120,0,0,0,0,120,13.9901,14.2604,13.2775,0.2537,120,120,0,0,0,0,0,120,None,None,None,None,0,3.4773,3.4782,3.4745,0.0014,0.5659,0.5662,0.5655,0.0001,0.8076,0.8084,0.8069,0.0004,-0.0001,-0.0001,-0.0001,0,0,0,0,0,0,0,0,0,0,0,0,0,205.875,390,39,78.2457,0,0,0,0,230.9917,1011,7,241.2937,36,41.5833,47,39,23.68,23.68,23.63
2022-11-04 22:00:00,1.7009,3.4024,0.4492,0.614,120,61.7559,48.0458,120,80.6797,80.7825,80.5383,0.0537,120,26.6236,26.6546,26.5844,0.0173,120,1008.7184,1008.9114,1008.4719,0.1061,120,0,0,0,0,120,0,0,0,0,120,13.9573,14.2604,13.7689,0.2399,120,120,0,0,0,0,0,120,None,None,None,None,0,3.4786,3.4819,3.4745,0.0018,0.5662,0.5665,0.5658,0.0002,0.8068,0.8078,0.8054,0.0005,-0.0001,-0.0001,-0.0001,0,0,0,0,0,0,0,0,0,0,0,0,0,162.05,347,26,66.7383,0,0,0,0,240.0417,1015,12,207.1128,36,41.65,47,41,23.68,23.68,23.63
2022-11-04 22:10:00,1.6529,3.3472,0.486,0.6814,120,59.3081,39.2055,120,80.6823,80.752,80.5994,0.0398,120,26.6223,26.6576,26.5813,0.0132,120,1008.6058,1008.6917,1008.4536,0.0965,120,0,0,0,0,120,0,0,0,0,120,13.859,14.2604,13.2775,0.2112,120,120,0,0,0,0,0,120,None,None,None,None,0,3.4768,3.4782,3.4742,0.0016,0.5662,0.5666,0.5658,0.0001,0.8068,0.8075,0.806,0.0004,-0.0001,-0.0001,-0.0001,0,0,0,0,0,0,0,0,0,0,0,0,0,156.8333,341,30,74.0601,0,0,0,0,215.1333,1018,2,187.0463,36,41.7167,47,39,23.68,23.68,23.63
2022-11-04 22:20:00,1.8698,3.1264,0.5412,0.6256,120,39.3703,33.3036,120,80.6416,80.752,80.5383,0.0567,120,26.5726,26.6393,26.5203,0.0285,120,1008.632,1008.71,1008.4719,0.0841,120,0,0,0,0,120,0,0,0,0,120,13.8263,14.2604,13.2775,0.2131,120,120,0,0,0,0,0,120,None,None,None,None,0,3.4772,3.4785,3.4745,0.0014,0.5657,0.5664,0.5652,0.0003,0.8064,0.8075,0.8054,0.0006,-0.0001,-0.0001,-0.0001,0,0,0,0,0,0,0,0,0,0,0,0,0,180.4167,317,36,68.0051,0,0,0,0,173.5917,1016,17,208.3266,36,41.7833,47,39,23.68,23.68,23.63
2022-11-04 22:30:00,1.9608,4.0556,0.578,0.5901,120,62.5922,34.8627,120,80.6993,80.813,80.5689,0.0508,120,26.5157,26.5722,26.4745,0.0222,120,1008.6068,1008.8931,1008.4719,0.1044,120,0,0,0,0,120,0,0,0,0,120,13.8427,14.2604,13.2775,0.1979,120,120,0,0,0,0,0,120,None,None,None,None,0,3.4768,3.4816,3.4745,0.0017,0.5652,0.5657,0.5647,0.0002,0.807,0.8081,0.8057,0.0005,-0.0001,-0.0001,-0.0001,0,0,0,0,0,0,0,0,0,0,0,0,0,190.3083,418,40,64.1395,0,0,0,0,199.8417,1003,0,132.855,36,41.5167,47,39,23.68,23.68,23.63
2022-11-04 22:40:00,1.6347,3.0804,0.6332,0.5654,120,61.875,28.1544,120,80.7883,80.874,80.6604,0.059,120,26.4818,26.5203,26.447,0.0143,120,1008.473,1008.4902,1008.2888,0.0189,120,0,0,0,0,120,0,0,0,0,120,13.8467,14.2604,13.2775,0.2014,120,120,0,0,0,0,0,120,None,None,None,None,0,3.4746,3.4748,3.4715,0.0003,0.5648,0.5652,0.5645,0.0001,0.8079,0.8087,0.8066,0.0006,-0.0001,-0.0001,-0.0001,0,0,0,0,0,0,0,0,0,0,0,0,0,154.8583,312,46,61.4614,0,0,0,0,186.4083,1008,18,110.6471,36,41.8167,47,39,23.68,23.68,23.63
2022-11-04 22:50:00,1.8696,4.1844,0.4768,0.7384,120,56.8172,37.6617,120,80.9109,81.0266,80.7825,0.0541,120,26.4494,26.4928,26.3921,0.0193,120,1008.3576,1008.4902,1008.2888,0.0804,120,0,0,0,0,120,0,0,0,0,120,13.859,14.2604,13.2775,0.2296,120,120,0,0,0,0,0,120,None,None,None,None,0,3.4726,3.4748,3.4715,0.0013,0.5645,0.5649,0.5639,0.0002,0.8091,0.8103,0.8078,0.0005,-0.0001,-0.0001,-0.0001,0,0,0,0,0,0,0,0,0,0,0,0,0,180.3917,432,29,80.2639,0,0,0,0,211.2083,1012,3,182.7475,36,41.4667,47,39,23.68,23.68,23.63
2022-11-04 23:00:00,2.0182,4.0004,0.7252,0.6844,120,55.9547,27.5599,120,80.9135,81.0572,80.7825,0.0635,120,26.3629,26.4226,26.2761,0.0365,120,1008.2084,1008.4719,1008.0874,0.1002,120,0,0,0,0,120,0,0,0,0,120,13.7566,14.2604,13.2775,0.2061,120,120,0,0,0,0,0,120,None,None,None,None,0,3.4701,3.4745,3.4681,0.0017,0.5636,0.5642,0.5628,0.0004,0.8091,0.8106,0.8078,0.0006,-0.0001,-0.0001,-0.0001,0,0,0,0,0,0,0,0,0,0,0,0,0,196.5417,412,56,74.3903,0,0,0,0,170.2167,1005,15,111.6378,36,41.5833,47,39,23.68,23.68,23.63
2022-11-04 23:10:00,1.5969,3.2276,0.394,0.6951,120,54.8686,41.3551,120,80.8392,80.9351,80.7215,0.0427,120,26.2625,26.325,26.2151,0.0193,120,1008.0171,1008.3071,1007.7395,0.1111,120,0,0,0,0,120,0,0,0,0,120,13.7485,14.2604,13.2775,0.2332,120,120,0,0,0,0,0,120,None,None,None,None,0,3.467,3.4718,3.4623,0.0019,0.5626,0.5633,0.5622,0.0002,0.8084,0.8094,0.8072,0.0004,-0.0001,-0.0001,-0.0001,0,0,0,0,0,0,0,0,0,0,0,0,0,150.75,328,20,75.5588,0,0,0,0,202.9333,956,24,175.4304,36,41.5167,47,39,23.68,23.68,23.63
2022-11-04 23:20:00,1.5415,2.8596,0.6884,0.5141,120,56.3398,33.0666,120,80.7449,80.9046,80.6299,0.0671,120,26.2684,26.3006,26.2365,0.0135,120,1007.8924,1007.9409,1007.7212,0.07,120,0,0,0,0,120,0,0,0,0,120,13.7894,14.2604,13.2775,0.1953,120,120,0,0,0,0,0,120,None,None,None,None,0,3.4649,3.4657,3.462,0.0012,0.5627,0.563,0.5624,0.0001,0.8074,0.809,0.8063,0.0007,-0.0001,-0.0001,-0.0001,0,0,0,0,0,0,0,0,0,0,0,0,0,144.725,288,52,55.8818,0,0,0,0,207.1083,1015,18,186.4873,36,41.3833,47,39,23.68,23.68,23.63
2022-11-04 23:30:00,1.1708,3.3564,0.3848,0.5364,120,47.7285,47.5928,120,80.726,80.813,80.6604,0.03,120,26.2801,26.3189,26.2426,0.0152,120,1007.7517,1007.9409,1007.5564,0.0669,120,0,0,0,0,120,0,0,0,0,120,13.8017,14.2604,13.2775,0.1772,120,120,0,0,0,0,0,120,None,None,None,None,0,3.4625,3.4657,3.4593,0.0011,0.5628,0.5632,0.5624,0.0001,0.8073,0.8081,0.8066,0.0003,-0.0001,-0.0001,-0.0001,0,0,0,0,0,0,0,0,0,0,0,0,0,104.4333,342,19,58.3037,0,0,0,0,260.4917,1018,8,266.2926,36,41.65,47,39,23.68,23.68,23.63
2022-11-04 23:40:00,1.8018,3.4576,0.762,0.7398,120,53.7497,42.7599,120,80.7148,80.7825,80.5994,0.0434,120,26.2791,26.328,26.2243,0.022,120,1007.6601,1007.7578,1007.5381,0.0922,120,0,0,0,0,120,0,0,0,0,120,13.773,14.2604,13.2775,0.1963,120,120,0,0,0,0,0,120,None,None,None,None,0,3.461,3.4626,3.459,0.0015,0.5628,0.5633,0.5622,0.0002,0.8071,0.8078,0.806,0.0004,-0.0001,-0.0001,-0.0001,0,0,0,0,0,0,0,0,0,0,0,0,0,173.025,353,60,80.4122,0,0,0,0,257.7167,1018,4,252.984,35.6,41.7167,47,39,23.68,23.68,23.63
2022-11-04 23:50:00,1.5742,3.8716,0.4308,0.7097,120,45.7011,46.1754,120,80.6681,80.813,80.5689,0.0607,120,26.2469,26.2761,26.212,0.0133,120,1007.559,1007.7395,1007.5381,0.0387,120,0,0,0,0,120,0,0,0,0,120,13.7935,14.2604,13.2775,0.2284,120,120,0,0,0,0,0,120,None,None,None,None,0,3.4593,3.4623,3.459,0.0006,0.5625,0.5628,0.5621,0.0001,0.8067,0.8081,0.8057,0.0006,-0.0001,-0.0001,-0.0001,0,0,0,0,0,0,0,0,0,0,0,0,0,148.2833,398,24,77.1444,0,0,0,0,270.3583,1003,0,283.5804,35.1,41.7333,47,39,23.68,23.68,23.63
