datetime,Anemometer;wind_speed;Avg (m/s),Anemometer;wind_speed;Max (m/s),Anemometer;wind_speed;Min (m/s),Anemometer;wind_speed;StdDev (m/s),Anemometer;wind_speed;Count (),Wind Vane TMR;wind_direction;Avg (°),Wind Vane TMR;wind_direction;StdDev (°),Wind Vane TMR;wind_direction;Count (),Hygro/Thermo;humidity;Avg (%),Hygro/Thermo;humidity;Max (%),Hygro/Thermo;humidity;Min (%),Hygro/Thermo;humidity;StdDev (%),Hygro/Thermo;humidity;Count (),Hygro/Thermo;temperature;Avg (°C),Hygro/Thermo;temperature;Max (°C),Hygro/Thermo;temperature;Min (°C),Hygro/Thermo;temperature;StdDev (°C),Hygro/Thermo;temperature;Count (),Barometer;air_pressure;Avg (hPa),Barometer;air_pressure;Max (hPa),Barometer;air_pressure;Min (hPa),Barometer;air_pressure;StdDev (hPa),Barometer;air_pressure;Count (),DHI (Diffuse Horizontal Irradiance);solar_irradiance;Avg (W/m²),DHI (Diffuse Horizontal Irradiance);solar_irradiance;Max (W/m²),DHI (Diffuse Horizontal Irradiance);solar_irradiance;Min (W/m²),DHI (Diffuse Horizontal Irradiance);solar_irradiance;StdDev (W/m²),DHI (Diffuse Horizontal Irradiance);solar_irradiance;Count (),GHI (Global Horizontal Irradiance);solar_irradiance;Avg (W/m²),GHI (Global Horizontal Irradiance);solar_irradiance;Max (W/m²),GHI (Global Horizontal Irradiance);solar_irradiance;Min (W/m²),GHI (Global Horizontal Irradiance);solar_irradiance;StdDev (W/m²),GHI (Global Horizontal Irradiance);solar_irradiance;Count (),DNI (Direct Normal Irradiance) Pyrheliometer;solar_DNI;Avg (W/m²),DNI (Direct Normal Irradiance) Pyrheliometer;solar_DNI;Max (W/m²),DNI (Direct Normal Irradiance) Pyrheliometer;solar_DNI;Min (W/m²),DNI (Direct Normal Irradiance) Pyrheliometer;solar_DNI;StdDev (W/m²),DNI (Direct Normal Irradiance) Pyrheliometer;solar_DNI;Count (),Precipitation;precipitation;Count (),Precipitation;precipitation;Sum (mm),GTI (Global Tilt Irradiance) PV Cell;voltage;Avg (W/m2),GTI (Global Tilt Irradiance) PV Cell;voltage;Max (W/m2),GTI (Global Tilt Irradiance) PV Cell;voltage;Min (W/m2),GTI (Global Tilt Irradiance) PV Cell;voltage;StdDev (W/m2),GTI (Global Tilt Irradiance) PV Cell;voltage;Count (),Theta;other;Avg (°),Theta;other;Max (°),Theta;other;Min (°),Theta;other;StdDev (°),Theta;other;Count (),A1;channel;Avg (V),A1;channel;Max (V),A1;channel;Min (V),A1;channel;StdDev (V),A2;channel;Avg (V),A2;channel;Max (V),A2;channel;Min (V),A2;channel;StdDev (V),A3;channel;Avg (V),A3;channel;Max (V),A3;channel;Min (V),A3;channel;StdDev (V),A4;channel;Avg (V),A4;channel;Max (V),A4;channel;Min (V),A4;channel;StdDev (V),A5;channel;Avg (V),A5;channel;Max (V),A5;channel;Min (V),A5;channel;StdDev (V),A6;channel;Avg (V),A6;channel;Max (V),A6;channel;Min (V),A6;channel;StdDev (V),A7;channel;Avg (V),A7;channel;Max (V),A7;channel;Min (V),A7;channel;StdDev (V),C1;channel;Avg (I),C1;channel;Max (I),C1;channel;Min (I),C1;channel;StdDev (I),C2;channel;Avg (I),C2;channel;Max (I),C2;channel;Min (I),C2;channel;StdDev (I),D1;channel;Avg (),D1;channel;Max (),D1;channel;Min (),D1;channel;StdDev (),T;channel;Avg (°C),I;channel;Avg (mA),I;channel;Max (mA),I;channel;Min (mA),V;channel;Avg (V),V;channel;Max (V),V;channel;Min (V)
2022-11-12 00:00:00,1.8642,4.028,0.4492,0.7342,120,106.4888,39.8918,120,80.9595,81.2403,80.7825,0.1189,120,26.1251,26.1449,26.1022,0.0107,120,1006.1246,1006.2746,1005.8901,0.0898,120,0,0,0,0,120,0,0,0,0,120,13.8222,14.2604,13.2775,0.2188,120,120,0,0,0,0,0,120,None,None,None,None,0,3.4354,3.4379,3.4315,0.0015,0.5613,0.5615,0.561,0.0001,0.8096,0.8124,0.8078,0.0012,-0.0001,-0.0001,-0.0001,0,0,0,0,0,0,0,0,0,0,0,0,0,179.8083,415,26,79.7994,0,0,0,0,319.3333,954,15,135.9671,36,47.65,53,41,23.67,23.68,23.63
2022-11-12 00:10:00,2.1381,4.1476,0.4768,0.854,120,102.5217,34.2051,120,80.7278,80.7825,80.6299,0.0351,120,26.1434,26.1815,26.1174,0.019,120,1006.0276,1006.2563,1005.8718,0.0854,120,0,0,0,0,120,0,0,0,0,120,13.814,14.2604,13.2775,0.1911,120,120,0,0,0,0,0,120,None,None,None,None,0,3.4338,3.4376,3.4312,0.0014,0.5614,0.5618,0.5612,0.0002,0.8073,0.8078,0.8063,0.0004,-0.0001,-0.0001,-0.0001,0,0,0,0,0,0,0,0,0,0,0,0,0,209.575,428,29,92.8235,0,0,0,0,301.1167,918,60,110.753,36,45.4833,49,41,23.67,23.68,23.63
2022-11-12 00:20:00,1.7234,3.2644,0.624,0.6714,120,100.4472,38.1013,120,80.6152,80.6604,80.5078,0.0349,120,26.1733,26.1937,26.1571,0.0076,120,1005.9934,1006.238,1005.8535,0.0935,120,0,0,0,0,120,0,0,0,0,120,13.7935,14.2604,13.2775,0.1895,120,120,0,0,0,0,0,120,None,None,None,None,0,3.4332,3.4373,3.4309,0.0016,0.5617,0.5619,0.5616,0.0001,0.8062,0.8066,0.8051,0.0003,-0.0001,-0.0001,-0.0001,0,0,0,0,0,0,0,0,0,0,0,0,0,164.5,332,45,72.9818,0,0,0,0,307.0083,1018,27,140.3571,36,44.7833,47,41,23.68,23.68,23.63
2022-11-12 00:30:00,2.2387,3.614,0.6148,0.7686,120,104.7669,30.1033,120,80.5905,80.6604,80.4468,0.0613,120,26.1618,26.1907,26.1327,0.0137,120,1005.9247,1006.0732,1005.8535,0.0853,120,0,0,0,0,120,0,0,0,0,120,13.859,14.2604,13.2775,0.2112,120,120,0,0,0,0,0,120,None,None,None,None,0,3.4321,3.4346,3.4309,0.0014,0.5616,0.5619,0.5613,0.0001,0.8059,0.8066,0.8045,0.0006,-0.0001,-0.0001,-0.0001,0,0,0,0,0,0,0,0,0,0,0,0,0,220.5083,370,44,83.5454,0,0,0,0,307.2833,944,76,101.8703,36,44.7167,47,41,23.67,23.68,23.63
2022-11-12 00:40:00,1.8357,3.614,0.4676,0.692,120,103.6627,27.4871,120,80.5694,80.6299,80.4773,0.043,120,26.2493,26.3189,26.1846,0.0384,120,1005.8704,1005.8901,1005.6887,0.0298,120,0,0,0,0,120,0,0,0,0,120,13.8508,14.2604,13.2775,0.2048,120,120,0,0,0,0,0,120,None,None,None,None,0,3.4312,3.4315,3.4281,0.0005,0.5625,0.5632,0.5618,0.0004,0.8057,0.8063,0.8048,0.0004,-0.0001,-0.0001,-0.0001,0,0,0,0,0,0,0,0,0,0,0,0,0,176.7083,370,28,75.217,0,0,0,0,292.9917,529,27,79.7537,36,44.85,47,41,23.67,23.68,23.63
2022-11-12 00:50:00,1.9628,3.8992,0.5872,0.797,120,95.5994,34.848,120,80.4643,80.6299,80.2637,0.0869,120,26.3359,26.3707,26.267,0.0299,120,1005.8727,1006.0732,1005.6703,0.0406,120,0,0,0,0,120,0,0,0,0,120,13.7771,14.2604,13.2775,0.191,120,120,0,0,0,0,0,120,None,None,None,None,0,3.4312,3.4346,3.4278,0.0007,0.5634,0.5637,0.5627,0.0003,0.8046,0.8063,0.8026,0.0009,-0.0001,-0.0001,-0.0001,0,0,0,0,0,0,0,0,0,0,0,0,0,190.5167,401,41,86.6307,0,0,0,0,283.625,948,64,118.3122,36,44.4833,49,41,23.67,23.68,23.63
2022-11-12 01:00:00,2.0856,4.4144,0.3756,0.7514,120,89.6719,36.3151,120,80.6856,80.813,80.4468,0.1176,120,26.2349,26.27,26.2059,0.0134,120,1005.7767,1005.8901,1005.6703,0.0963,120,0,0,0,0,120,0,0,0,0,120,13.8222,14.2604,13.2775,0.2188,120,120,0,0,0,0,0,120,None,None,None,None,0,3.4296,3.4315,3.4278,0.0016,0.5624,0.5627,0.5621,0.0001,0.8069,0.8081,0.8045,0.0012,-0.0001,-0.0001,-0.0001,0,0,0,0,0,0,0,0,0,0,0,0,0,203.875,457,18,81.6786,0,0,0,0,279.9833,958,8,142.8237,36,44.8833,49,41,23.67,23.68,23.63
2022-11-12 01:10:00,1.4029,3.6232,0.4308,0.6459,120,104.4589,46.3613,120,80.9104,81.0572,80.7215,0.0829,120,26.1709,26.212,26.1144,0.0255,120,1005.6525,1005.8718,1005.4872,0.0867,120,0,0,0,0,120,0,0,0,0,120,13.687,14.2604,13.2775,0.2145,120,120,0,0,0,0,0,120,None,None,None,None,0,3.4275,3.4312,3.4248,0.0014,0.5617,0.5621,0.5611,0.0003,0.8091,0.8106,0.8072,0.0008,-0.0001,-0.0001,-0.0001,0,0,0,0,0,0,0,0,0,0,0,0,0,129.6667,371,24,70.2065,0,0,0,0,326.5417,1022,20,162.5451,36,44.75,49,41,23.67,23.68,23.63
2022-11-12 01:20:00,1.0729,3.0988,0.3848,0.5854,120,89.1958,45.6177,120,81.0961,81.1792,80.9656,0.0463,120,26.1283,26.148,26.1113,0.0085,120,1005.4923,1005.6703,1005.3041,0.0413,120,0,0,0,0,120,0,0,0,0,120,13.6665,14.2604,13.2775,0.2459,120,120,0,0,0,0,0,120,None,None,None,None,0,3.4249,3.4278,3.4217,0.0007,0.5613,0.5615,0.5611,0.0001,0.811,0.8118,0.8097,0.0005,-0.0001,-0.0001,-0.0001,0,0,0,0,0,0,0,0,0,0,0,0,0,93.7917,314,19,63.63,0,0,0,0,276.3,990,0,151.7483,36,44.8333,49,41,23.67,23.68,23.63
2022-11-12 01:30:00,1.326,3.8716,0.486,0.6667,120,92.7884,39.5438,120,81.1741,81.2403,81.0266,0.038,120,26.1158,26.1419,26.0717,0.0191,120,1005.3943,1005.5055,1005.121,0.0956,120,0,0,0,0,120,0,0,0,0,120,13.6706,14.2604,13.2775,0.2262,120,120,0,0,0,0,0,120,None,None,None,None,0,3.4232,3.4251,3.4187,0.0016,0.5612,0.5614,0.5607,0.0002,0.8117,0.8124,0.8103,0.0004,-0.0001,-0.0001,-0.0001,0,0,0,0,0,0,0,0,0,0,0,0,0,121.3083,398,30,72.4715,0,0,0,0,279.5,922,31,129.2262,35.2,44.65,47,41,23.67,23.68,23.63
2022-11-12 01:40:00,1.8362,3.3656,0.5136,0.6419,120,73.7588,34.4471,120,81.2962,81.4234,81.0266,0.1182,120,26.03,26.0717,26.0137,0.0125,120,1005.235,1005.3224,1005.1027,0.0903,120,0,0,0,0,120,0,0,0,0,120,13.7566,14.2604,13.2775,0.1853,120,120,0,0,0,0,0,120,None,None,None,None,0,3.4206,3.422,3.4184,0.0015,0.5603,0.5607,0.5601,0.0001,0.813,0.8142,0.8103,0.0012,-0.0001,-0.0001,-0.0001,0,0,0,0,0,0,0,0,0,0,0,0,0,176.7583,343,33,69.7715,0,0,0,0,230.3333,1012,0,138.2205,35,44.4,47,41,23.67,23.68,23.63
2022-11-12 01:50:00,1.5907,4.1108,0.4216,0.744,120,68.7024,39.4189,120,81.49,81.5455,81.4234,0.036,120,26.0714,26.1022,26.035,0.0193,120,1005.2057,1005.4872,1005.1027,0.0933,120,0,0,0,0,120,0,0,0,0,120,13.7771,14.2604,13.2775,0.2013,120,120,0,0,0,0,0,120,None,None,None,None,0,3.4201,3.4248,3.4184,0.0016,0.5607,0.561,0.5604,0.0002,0.8149,0.8155,0.8142,0.0004,-0.0001,-0.0001,-0.0001,0,0,0,0,0,0,0,0,0,0,0,0,0,150.075,424,23,80.8696,0,0,0,0,239.95,1014,9,178.3056,35,44.7667,49,41,23.67,23.68,23.63
2022-11-12 02:00:00,1.6699,3.6508,0.4952,0.61,120,72.1904,29.5536,120,81.6243,81.7591,81.3929,0.0726,120,26.0816,26.1205,25.9954,0.0312,120,1005.1508,1005.3224,1005.1027,0.0616,120,0,0,0,0,120,0,0,0,0,120,13.5764,14.2604,12.786,0.3267,120,120,0,0,0,0,0,120,None,None,None,None,0,3.4192,3.422,3.4184,0.001,0.5608,0.5612,0.5599,0.0003,0.8162,0.8176,0.8139,0.0007,-0.0001,-0.0001,-0.0001,0,0,0,-0.0001,0,0,0,0,0,0,0,0,0,158.6833,374,31,66.3011,0,0,0,0,212.7333,770,13,97.8457,35,44.75,47,41,23.67,23.68,23.63
2022-11-12 02:10:00,1.8889,3.9912,0.5044,0.6931,120,77.1676,31.7719,120,81.8097,82.0032,81.4539,0.1271,120,25.9596,26.0015,25.9343,0.0157,120,1005.1537,1005.3224,1004.9379,0.0658,120,0,0,0,0,120,0,0,0,0,120,13.8345,14.2604,13.2775,0.1904,120,120,0,0,0,0,0,120,None,None,None,None,0,3.4192,3.422,3.4156,0.0011,0.5596,0.56,0.5593,0.0002,0.8181,0.82,0.8145,0.0013,-0.0001,-0.0001,-0.0001,0,0,0,0,0,0,0,0,0,0,0,0,0,182.4917,411,32,75.3411,0,0,0,0,230.8833,980,21,114.5638,35,44.8167,47,41,23.67,23.68,23.63
2022-11-12 02:20:00,1.6222,3.3196,0.6424,0.5803,120,72.7578,33.081,120,81.8206,82.0032,81.637,0.0978,120,26.0187,26.0411,25.9862,0.0116,120,1005.0941,1005.3224,1004.9196,0.0829,120,0,0,0,0,120,0,0,0,0,120,13.728,14.2604,13.2775,0.1755,120,120,0,0,0,0,0,120,None,None,None,None,0,3.4182,3.422,3.4153,0.0014,0.5602,0.5604,0.5599,0.0001,0.8182,0.82,0.8164,0.001,-0.0001,-0.0001,-0.0001,0,0,0,0,0,0,0,0,0,0,0,0,0,153.5,338,47,63.0714,0,0,0,0,220.825,900,5,118.7549,35,44.9,47,41,23.67,23.68,23.63
2022-11-12 02:30:00,1.4293,3.8072,0.3848,0.7428,120,71.3623,50.6971,120,81.5973,81.7896,81.3929,0.1084,120,26.0401,26.0594,26.0167,0.0091,120,1005.0708,1005.1393,1004.9196,0.087,120,0,0,0,0,120,0,0,0,0,120,13.7198,14.2604,13.2775,0.2151,120,120,0,0,0,0,0,120,None,None,None,None,0,3.4178,3.419,3.4153,0.0015,0.5604,0.5606,0.5602,0.0001,0.816,0.8179,0.8139,0.0011,-0.0001,-0.0001,-0.0001,0,0,0,0,0,0,0,0,0,0,0,0,0,132.5333,391,19,80.7363,0,0,0,0,273.5583,919,33,197.8664,35,44.8667,49,41,23.67,23.68,23.63
2022-11-12 02:40:00,2.1212,3.752,0.8908,0.7826,120,74.069,28.401,120,81.4351,81.5149,81.3623,0.0415,120,26.0432,26.0747,26.0167,0.015,120,1005.1242,1005.3224,1004.9196,0.047,120,0,0,0,0,120,0,0,0,0,120,13.7935,14.2604,13.2775,0.2099,120,120,0,0,0,0,0,120,None,None,None,None,0,3.4187,3.422,3.4153,0.0008,0.5604,0.5607,0.5602,0.0001,0.8144,0.8151,0.8136,0.0004,-0.0001,-0.0001,-0.0001,0,0,0,0,0,0,0,0,0,0,0,0,0,207.7417,385,74,85.0681,0,0,0,0,213.7,594,14,85.4919,35,44.8333,47,41,23.67,23.68,23.63
2022-11-12 02:50:00,1.9881,4.0004,0.7068,0.7038,120,69.0658,31.6189,120,81.2489,81.3929,81.0266,0.0885,120,26.0869,26.1083,26.0533,0.0117,120,1005.1854,1005.3224,1005.1027,0.0849,120,0,0,0,0,120,0,0,0,0,120,13.7444,14.2604,13.2775,0.2099,120,120,0,0,0,0,0,120,None,None,None,None,0,3.4198,3.422,3.4184,0.0014,0.5609,0.5611,0.5605,0.0001,0.8125,0.8139,0.8103,0.0009,-0.0001,-0.0001,-0.0001,0,0,0,0,0,0,0,0,0,0,0,0,0,193.275,412,54,76.5014,0,0,0,0,225.35,1018,18,148.6538,35,44.9,47,41,23.67,23.68,23.63
2022-11-12 03:00:00,1.7556,3.568,0.4032,0.6671,120,77.3389,37.8412,120,81.124,81.2403,81.0572,0.0465,120,26.057,26.0686,26.0411,0.0072,120,1005.1813,1005.3224,1005.1027,0.0827,120,0,0,0,0,120,0,0,0,0,120,13.728,14.2604,13.2775,0.2073,120,120,0,0,0,0,0,120,None,None,None,None,0,3.4197,3.422,3.4184,0.0014,0.5606,0.5607,0.5604,0.0001,0.8112,0.8124,0.8106,0.0005,-0.0001,-0.0001,-0.0001,0,0,0,0,0,0,0,0,0,0,0,0,0,168,365,21,72.5118,0,0,0,0,252.8167,1000,27,155.0786,35,44.6333,47,41,23.67,23.68,23.63
2022-11-12 03:10:00,1.4206,3.246,0.2468,0.703,120,76.8187,37.4208,120,81.0045,81.1792,80.752,0.1135,120,26.053,26.0717,26.0076,0.0185,120,1005.1488,1005.3224,1004.9196,0.0765,120,0,0,0,0,120,0,0,0,0,120,13.6747,14.2604,13.2775,0.2234,120,120,0,0,0,0,0,120,None,None,None,None,0,3.4191,3.422,3.4153,0.0013,0.5605,0.5607,0.5601,0.0002,0.81,0.8118,0.8075,0.0011,-0.0001,-0.0001,-0.0001,0,0,0,0,0,0,0,0,0,0,0,0,0,131.5833,330,4,76.414,0,0,0,0,240.3,977,17,136.8645,35,44.7,47,41,23.67,23.68,23.63
2022-11-12 03:20:00,1.8031,3.6416,0.3664,0.8009,120,70.8587,34.5499,120,80.9198,80.9961,80.8435,0.0405,120,25.992,26.0106,25.9709,0.0088,120,1005.1166,1005.3041,1004.9196,0.0728,120,0,0,0,0,120,0,0,0,0,120,13.7485,14.2604,13.2775,0.2054,120,120,0,0,0,0,0,120,None,None,None,None,0,3.4186,3.4217,3.4153,0.0012,0.5599,0.5601,0.5597,0.0001,0.8092,0.81,0.8084,0.0004,-0.0001,-0.0001,-0.0001,0,0,0,0,0,0,0,0,0,0,0,0,0,173.1583,373,17,87.0522,0,0,0,0,225.0833,973,3,138.9511,35,44.7667,49,41,23.67,23.68,23.63
2022-11-12 03:30:00,1.7109,3.5956,0.6884,0.6064,120,70.0942,28.4159,120,80.8916,80.9351,80.8435,0.0282,120,25.9967,26.0259,25.977,0.0092,120,1005.1062,1005.3041,1004.9196,0.0671,120,0,0,0,0,120,0,0,0,0,120,13.7935,14.2604,13.2775,0.125,120,120,0,0,0,0,0,120,None,None,None,None,0,3.4184,3.4217,3.4153,0.0011,0.56,0.5603,0.5598,0.0001,0.8089,0.8094,0.8084,0.0003,-0.0001,-0.0001,-0.0001,0,0,0,0,0,0,0,0,0,0,0,0,0,163.1417,368,52,65.9156,0,0,0,0,216.6083,961,46,122.9796,35,44.7333,47,41,23.67,23.68,23.63
2022-11-12 03:40:00,1.2342,2.3812,0.486,0.4445,120,74.3721,34.8051,120,80.839,80.9046,80.7825,0.0303,120,26.0577,26.0839,26.0167,0.0169,120,1005.145,1005.3224,1005.1027,0.0607,120,0,0,0,0,120,0,0,0,0,120,13.6665,14.2604,13.2775,0.2459,120,120,0,0,0,0,0,120,None,None,None,None,0,3.4191,3.422,3.4184,0.001,0.5606,0.5608,0.5602,0.0002,0.8084,0.809,0.8078,0.0003,-0.0001,-0.0001,-0.0001,0,0,0,0,0,0,0,0,0,0,0,0,0,111.325,236,30,48.3159,0,0,0,0,260.325,1006,53,174.9286,35,44.6667,47,41,23.67,23.68,23.63
2022-11-12 03:50:00,1.1604,2.326,0.2836,0.3865,120,70.0865,42.2983,120,80.8931,80.9961,80.752,0.0562,120,26.1071,26.1388,26.0717,0.0197,120,1005.3121,1005.5055,1005.1027,0.0997,120,0,0,0,0,120,0,0,0,0,120,13.2775,14.2604,12.2946,0.5444,120,120,0,0,0,0,0,120,None,None,None,None,0,3.4219,3.4251,3.4184,0.0017,0.5611,0.5614,0.5607,0.0002,0.8089,0.81,0.8075,0.0006,-0.0001,-0.0001,-0.0001,0,0,0,-0.0001,0,0,0,0,0,0,0,0,0,103.3,230,8,42.0155,0,0,0,0,242.6833,948,2,177.0343,35,44.6833,47,41,23.67,23.68,23.63
2022-11-12 04:00:00,1.4154,2.9148,0.2744,0.6441,120,65.2443,46.4517,120,81.0839,81.637,80.7215,0.2696,120,25.8859,26.1174,25.681,0.1317,120,1005.4288,1005.5055,1005.2858,0.0868,120,1.0774,4.8063,0,1.7496,120,0,0,0,0,120,13.1669,13.7689,11.8015,0.4003,120,120,0,0,0,0,0,120,None,None,None,None,0,3.4238,3.4251,3.4214,0.0014,0.5589,0.5612,0.5568,0.0013,0.8108,0.8164,0.8072,0.0027,-0.0001,-0.0001,-0.0001,0,0,0.0001,0,0,0,0,0,0,0,0,0,0,131.0167,294,7,70.0128,0,0,0,0,216.3083,1021,8,163.2545,35,44.75,49,41,23.66,23.68,23.63
2022-11-12 04:10:00,1.4308,2.464,0.4492,0.4929,120,71.9027,30.8321,120,82.0332,82.4305,81.6065,0.2405,120,25.6265,25.6871,25.5895,0.0279,120,1005.4279,1005.5055,1005.2858,0.089,120,4.9803,5.7669,3.8449,0.5013,120,0.0031,0.3661,0,0.0334,120,13.6665,14.2604,13.2775,0.2197,120,120,0,0,0,0,0,120,None,None,None,None,0,3.4238,3.4251,3.4214,0.0015,0.5563,0.5569,0.5559,0.0003,0.8203,0.8243,0.8161,0.0024,-0.0001,-0.0001,-0.0001,0,0.0001,0.0001,0,0,0,0,0,0,0,0,0,0,132.7,245,26,53.5722,0,0,0,0,213.1667,780,10,101.4938,35,44.85,47,41,23.66,23.68,23.63
2022-11-12 04:20:00,1.3237,3.1816,0.2744,0.7108,120,75.8062,43.9405,120,82.6411,82.8883,82.4,0.1305,120,25.5701,25.5986,25.5223,0.0147,120,1005.5087,1005.6887,1005.2858,0.0889,120,3.7828,6.0079,0.9614,1.6624,120,0.0122,0.3661,0,0.066,120,13.4863,13.7689,12.786,0.2522,120,120,0,0,0,0,0,120,None,None,None,None,0,3.4251,3.4281,3.4214,0.0015,0.5557,0.556,0.5552,0.0001,0.8264,0.8289,0.824,0.0013,-0.0001,-0.0001,-0.0001,0,0,0.0001,0,0,0,0,0,0,0,0,0,0,121.0583,323,7,77.2557,0,0,0,0,273.4833,1004,40,191.735,35,44.6833,49,41,23.66,23.68,23.63
2022-11-12 04:30:00,1.6878,3.7336,0.394,0.6925,120,79.4882,40.4097,120,82.9534,83.6512,82.5526,0.317,120,25.2456,25.5193,24.9669,0.1835,120,1005.5861,1005.6887,1005.4689,0.093,120,0.1922,1.4417,0,0.2865,120,0,0,0,0,120,13.1587,13.7689,12.786,0.2919,120,120,0.1,0,0,0,0,120,None,None,None,None,0,3.4264,3.4281,3.4245,0.0016,0.5525,0.5552,0.5497,0.0018,0.8295,0.8365,0.8255,0.0032,-0.0001,-0.0001,-0.0001,0,0,0,0,0,0,0,0,0,0,0,0,0,160.625,383,20,75.2707,0.0083,1,0,0.0913,270.2333,1013,53,176.6694,35,44.6,47,41,23.66,23.68,23.63
2022-11-12 04:40:00,1.7022,4.2672,0.7068,0.7522,120,101.5439,37.5221,120,84.1886,84.6889,83.6512,0.2792,120,24.9171,24.9669,24.8326,0.0354,120,1005.6604,1005.8718,1005.4689,0.0643,120,0.4425,1.922,0,0.5166,120,0.2045,1.0996,0,0.3317,120,13.429,13.7689,12.786,0.2532,120,120,0.5,0.3713,1.8311,0,0.534,120,None,None,None,None,0,3.4277,3.4312,3.4245,0.0011,0.5492,0.5497,0.5483,0.0003,0.8419,0.8469,0.8365,0.0028,-0.0001,-0.0001,-0.0001,0,0,0,0,0,0,0,0,0,0.0004,0.0018,0,0.0005,162.1917,441,54,81.7661,0.0417,1,0,0.2007,299.2167,974,30,122.1215,35,44.65,47,41,23.66,23.68,23.63
2022-11-12 04:50:00,1.5169,3.2,0.256,0.7184,120,56.0806,45.1192,120,85.0782,85.696,84.5668,0.314,120,24.6693,24.8387,24.5213,0.0933,120,1005.624,1005.6887,1005.4689,0.0795,120,8.1182,12.9764,1.6819,3.8932,120,7.7121,12.4562,1.0996,3.8568,120,13.4249,13.7689,12.786,0.2434,120,120,0.4,8.975,14.3437,1.8311,4.3471,120,89.24,89.87,88.59,0.44,77,3.4271,3.4281,3.4245,0.0013,0.5467,0.5484,0.5452,0.0009,0.8508,0.857,0.8457,0.0031,-0.0001,-0.0001,-0.0001,0,0.0001,0.0002,0,0,0.0001,0.0001,0,0,0.009,0.0143,0.0018,0.0043,142.0583,325,5,78.0826,0.0333,1,0,0.1803,236.8167,1001,11,216.1161,35,44.7667,47,41,23.66,23.68,23.63
2022-11-12 05:00:00,1.178,2.6756,0,0.5655,120,30.6833,46.1863,120,86.2186,86.7031,85.696,0.2907,120,24.4669,24.5335,24.4145,0.0353,120,1005.6311,1005.6887,1005.4689,0.071,120,12.0732,13.4567,10.3331,0.8666,120,13.6656,20.1501,9.892,3.517,120,28.9316,71.3052,13.2775,20.426,120,120,0.1,12.9729,14.3437,11.597,0.805,120,87.3,88.59,86.03,0.69,120,3.4272,3.4281,3.4245,0.0012,0.5447,0.5453,0.5442,0.0003,0.8622,0.867,0.857,0.0029,-0.0002,-0.0001,-0.0004,0.0001,0.0002,0.0002,0.0001,0,0.0001,0.0002,0.0001,0,0.013,0.0143,0.0116,0.0008,105.4083,268,0,61.0999,0.0083,1,0,0.0913,348.6083,1021,1,362.9664,35,44.8167,49,41,23.66,23.68,23.63
2022-11-12 05:10:00,0.8763,1.9764,0.2928,0.3226,120,353.2708,53.3739,120,87.126,87.6186,86.642,0.2845,120,24.4325,24.4694,24.3992,0.0177,120,1005.5629,1005.6887,1005.2858,0.0951,120,14.4642,17.7827,12.7362,1.4916,120,14.438,18.6843,12.8223,1.3778,120,17.4331,58.0277,13.7689,7.4245,120,120,0,14.1784,17.0904,12.8178,1.0834,120,84.93,86.03,83.72,0.69,120,3.426,3.4281,3.4214,0.0016,0.5443,0.5447,0.544,0.0002,0.8713,0.8762,0.8664,0.0028,-0.0001,-0.0001,-0.0004,0,0.0002,0.0002,0.0002,0,0.0001,0.0002,0.0001,0,0.0142,0.0171,0.0128,0.0011,72.425,192,9,35.0696,0,0,0,0,537.3,1021,0,404.6125,35,44.5333,47,41,23.66,23.68,23.63
2022-11-12 05:20:00,0.5065,1.3324,0,0.2692,120,272.3108,70.2473,120,87.7572,88.0764,87.5576,0.1517,120,24.5048,24.564,24.4694,0.0281,120,1005.6832,1005.8718,1005.4689,0.091,120,26.4534,32.4409,17.7827,4.8359,120,25.6947,31.874,17.5858,4.7387,120,13.8058,14.2604,13.2775,0.2129,120,120,0,25.0506,30.8237,17.0904,4.4784,120,82.56,83.72,81.4,0.7,120,3.4281,3.4312,3.4245,0.0015,0.5451,0.5456,0.5447,0.0003,0.8776,0.8808,0.8756,0.0015,-0.0001,-0.0001,-0.0001,0,0.0003,0.0004,0.0002,0.0001,0.0002,0.0003,0.0001,0,0.0251,0.0308,0.0171,0.0045,33.5583,122,0,27.1472,0,0,0,0,676.7917,1014,26,243.9358,35,44.5333,49,41,23.66,23.68,23.63
2022-11-12 05:30:00,0.3766,0.8356,0,0.2721,120,246.7508,54.3912,120,88.2969,88.6258,87.9543,0.217,120,24.6093,24.735,24.5488,0.0584,120,1005.8031,1006.0549,1005.6337,0.0946,120,41.8628,53.8276,32.2008,6.4814,120,40.844,53.1236,30.7755,6.9049,120,13.8672,14.2604,13.2775,0.217,120,120,0,38.4228,50.3555,28.9926,6.9132,120,80.19,81.4,79.09,0.69,120,3.4301,3.4342,3.4272,0.0016,0.5461,0.5474,0.5455,0.0006,0.883,0.8863,0.8795,0.0022,-0.0001,-0.0001,-0.0001,0,0.0005,0.0007,0.0004,0.0001,0.0003,0.0004,0.0003,0.0001,0.0384,0.0504,0.029,0.0069,24.1917,68,0,21.789,0,0,0,0,677.075,997,46,169.3566,35,44.6333,49,41,23.66,23.68,23.63
2022-11-12 05:40:00,0.2397,0.7344,0,0.1897,120,217.6262,89.7837,120,88.6397,88.7783,88.4121,0.0729,120,24.8377,24.9303,24.7288,0.0568,120,1005.9435,1006.0549,1005.8351,0.0928,120,78.1786,106.2142,54.3087,15.9219,120,77.0016,104.4154,53.1236,15.5181,120,14.0802,14.7535,13.7689,0.2462,120,120,0,70.7216,95.2178,50.9659,13.4968,120,77.81,79.09,76.51,0.69,120,3.4324,3.4342,3.4306,0.0015,0.5484,0.5493,0.5473,0.0006,0.8864,0.8878,0.8841,0.0007,-0.0001,-0.0001,-0.0001,0,0.001,0.0013,0.0007,0.0002,0.0006,0.0009,0.0004,0.0001,0.0707,0.0952,0.051,0.0135,10.2667,57,0,12.9457,0,0,0,0,539.1167,1019,0,280.111,35,44.5167,47,41,23.67,23.68,23.63
2022-11-12 05:50:00,0.9946,3.016,0,0.6468,120,82.1712,63.2607,120,88.757,88.992,88.3511,0.1472,120,24.983,25.031,24.9272,0.0263,120,1006.1069,1006.238,1006.0182,0.0911,120,127.4208,142.7402,106.4543,10.9903,120,122.0374,134.8235,105.1477,8.8788,120,14.2195,14.7535,13.7689,0.2075,120,120,0,109.6734,121.1585,95.2178,7.6211,120,75.43,76.51,74.19,0.69,120,3.4351,3.4373,3.4336,0.0015,0.5498,0.5503,0.5493,0.0003,0.8876,0.8899,0.8835,0.0015,-0.0001,-0.0001,-0.0001,0,0.0016,0.0018,0.0014,0.0001,0.001,0.0011,0.0009,0.0001,0.1097,0.1212,0.0952,0.0076,86.2333,305,0,68.9705,0,0,0,0,311.9583,987,21,216.7508,34.4,44.6833,47,41,23.66,23.68,23.63
2022-11-12 06:00:00,1.2289,2.8964,0.3204,0.5359,120,72.779,43.9444,120,88.8936,89.1751,88.5647,0.1401,120,25.1335,25.3026,24.9638,0.1158,120,1006.1055,1006.238,1006.0182,0.0896,120,128.6504,143.2205,123.7559,4.4421,120,122.1045,137.0216,115.4058,5.3739,120,14.8549,17.2108,13.7689,0.9604,120,120,0,104.1597,117.4963,99.4903,4.2003,120,73.05,74.19,71.87,0.7,120,3.4351,3.4373,3.4336,0.0015,0.5513,0.553,0.5496,0.0012,0.8889,0.8918,0.8856,0.0014,-0.0001,-0.0001,-0.0001,0,0.0016,0.0018,0.0016,0.0001,0.001,0.0011,0.001,0,0.1042,0.1175,0.0995,0.0042,110.75,292,12,58.2526,0,0,0,0,247.9917,939,11,168.9494,34,44.85,47,41,23.66,23.68,23.63
2022-11-12 06:10:00,0.7899,1.7372,0,0.3547,120,81.6675,47.3553,120,88.7511,89.053,88.4426,0.1393,120,25.4599,25.6108,25.3026,0.0977,120,1006.2035,1006.238,1006.0182,0.0555,120,145.1251,156.1969,132.6472,7.4483,120,139.7879,149.8451,128.9616,6.5353,120,14.0967,15.2449,13.7689,0.3146,120,120,0,125.4565,131.84,116.8859,4.6879,120,70.67,71.87,69.55,0.7,120,3.4367,3.4373,3.4336,0.0009,0.5546,0.5561,0.553,0.001,0.8875,0.8905,0.8844,0.0014,-0.0001,-0.0001,-0.0001,0,0.0018,0.002,0.0017,0.0001,0.0012,0.0012,0.0011,0.0001,0.1255,0.1318,0.1169,0.0047,63.225,166,0,38.1775,0,0,0,0,273.075,955,12,174.5209,34,44.9,49,41,23.66,23.68,23.63
2022-11-12 06:20:00,0.9051,2.0224,0.2192,0.4473,120,96.6357,64.5373,120,88.5815,88.8089,88.229,0.1224,120,25.6959,25.8153,25.5925,0.0648,120,1006.3215,1006.6042,1006.2014,0.1162,120,115.9223,142.9803,95.1598,14.2495,120,110.7808,136.6555,90.1273,13.9893,120,14.5025,20.1627,13.7689,1.427,120,120,0,107.0437,128.1777,89.4192,11.6223,120,68.29,69.55,67.23,0.69,120,3.4387,3.4434,3.4367,0.0019,0.557,0.5582,0.5559,0.0006,0.8858,0.8881,0.8823,0.0012,-0.0001,-0.0001,-0.0001,0,0.0015,0.0018,0.0012,0.0002,0.0009,0.0011,0.0008,0.0001,0.107,0.1282,0.0894,0.0116,75.55,197,1,48.6232,0,0,0,0,321.125,980,3,203.5847,34,44.9333,47,41,23.66,23.68,23.63
2022-11-12 06:30:00,1.2544,2.7676,0,0.583,120,70.2025,56.5694,120,88.3463,88.9004,87.9238,0.2506,120,25.8445,25.8977,25.8,0.0314,120,1006.484,1006.6225,1006.3845,0.0925,120,94.1568,121.5937,62.9591,21.6123,120,87.5133,114.6735,57.5198,21.4197,120,13.7321,14.2604,13.2775,0.2481,120,120,0,87.8984,115.0548,57.3748,21.5794,120,65.9,66.97,64.65,0.69,120,3.4414,3.4437,3.4397,0.0015,0.5584,0.559,0.558,0.0003,0.8835,0.889,0.8792,0.0025,-0.0001,-0.0001,-0.0001,0,0.0012,0.0015,0.0008,0.0003,0.0007,0.001,0.0005,0.0002,0.0879,0.1151,0.0574,0.0216,113.7083,278,0,62.9925,0,0,0,0,283.5167,957,5,215.125,34,44.8167,49,41,23.65,23.68,23.63
2022-11-12 06:40:00,1.8878,4.7732,0.5688,0.8997,120,80.0183,45.4438,120,88.5133,88.7173,88.0459,0.1695,120,25.941,25.974,25.8946,0.0223,120,1006.5854,1006.8056,1006.4028,0.0832,120,215.8443,335.9441,75.215,92.7794,120,258.7784,684.377,68.5114,174.1585,120,107.3057,708.1325,13.2775,203.2578,120,120,0.1,239.2651,576.4946,68.9718,144.9315,120,63.52,64.65,62.32,0.7,120,3.4431,3.4468,3.44,0.0014,0.5594,0.5597,0.5589,0.0002,0.8851,0.8872,0.8805,0.0017,-0.0007,-0.0001,-0.0044,0.0013,0.0027,0.0043,0.001,0.0012,0.0022,0.0057,0.0006,0.0015,0.2393,0.5765,0.069,0.1449,182.375,496,39,97.7958,0.0083,1,0,0.0913,273.9667,1016,20,180.0141,34,44.8667,49,41,23.66,23.68,23.63
2022-11-12 06:50:00,1.796,4.0832,0.3756,0.9172,120,78.8039,46.3134,120,88.392,89.2666,86.8557,0.5806,120,26.336,26.8133,25.9221,0.3171,120,1006.6573,1006.8056,1006.4211,0.0911,120,295.1885,333.7811,251.1165,27.9753,120,560.6174,703.4274,324.2365,125.6884,120,538.0489,772.5524,84.5827,217.0409,120,120,0,469.9266,589.6176,283.2118,103.1553,120,61.14,62.32,60,0.7,120,3.4443,3.4468,3.4404,0.0015,0.5634,0.5681,0.5592,0.0032,0.8839,0.8927,0.8686,0.0058,-0.0033,-0.0005,-0.0048,0.0013,0.0037,0.0042,0.0032,0.0004,0.0047,0.0059,0.0027,0.001,0.4699,0.5896,0.2832,0.1032,172.3917,421,18,99.6935,0,0,0,0,274.9,1011,37,186.5893,34,44.8,47,41,23.66,23.68,23.63
2022-11-12 07:00:00,1.9064,3.6416,0.5964,0.5734,120,79.5701,43.6514,120,86.9467,87.8018,86.1538,0.3932,120,26.8463,26.9658,26.7064,0.0747,120,1006.8252,1007.0071,1006.6042,0.0904,120,215.3518,247.5126,192.7228,12.1868,120,305.4782,648.473,201.503,114.8744,120,191.4701,789.7631,15.7364,196.1006,120,120,0,256.2156,532.2428,168.4622,93.7181,120,58.76,60,57.68,0.69,120,3.4471,3.4501,3.4434,0.0015,0.5685,0.5697,0.5671,0.0008,0.8695,0.878,0.8615,0.0039,-0.0012,-0.0001,-0.0049,0.0012,0.0027,0.0031,0.0024,0.0002,0.0025,0.0054,0.0017,0.001,0.2562,0.5322,0.1685,0.0937,184.3917,373,42,62.3272,0,0,0,0,249.1333,993,9,150.0871,34.3,44.55,47,41,23.66,23.68,23.63
2022-11-12 07:10:00,1.5163,4.5524,0.2284,0.8678,120,94.304,56.0259,120,87.1754,87.7102,86.5505,0.3512,120,26.56,26.7034,26.4898,0.0561,120,1007.056,1007.2085,1006.8056,0.1002,120,208.6273,237.6598,188.878,15.7202,120,203.1911,238.5054,183.551,17.1016,120,18.0965,37.3735,13.7689,5.7415,120,120,0,185.8755,212.714,172.1244,12.3801,120,56.38,57.68,55.11,0.69,120,3.4509,3.4535,3.4468,0.0017,0.5656,0.567,0.5649,0.0006,0.8718,0.8771,0.8655,0.0035,-0.0001,-0.0001,-0.0002,0,0.0027,0.003,0.0024,0.0002,0.0017,0.002,0.0015,0.0001,0.1859,0.2127,0.1721,0.0124,141.9917,472,2,94.3226,0,0,0,0,320.9,1014,42,196.0481,35,44.7667,47,41,23.66,23.68,23.63
2022-11-12 07:20:00,2.0409,4.3776,0.5136,0.7918,120,75.7631,34.646,120,86.9088,87.3135,86.3674,0.2143,120,26.3993,26.5661,26.2853,0.0951,120,1007.1857,1007.3733,1006.9887,0.0435,120,232.8458,294.3717,193.2039,36.95,120,225.0755,285.7671,187.581,36.8872,120,14.3674,14.7535,13.7689,0.314,120,120,0,213.6067,273.751,176.397,36.3601,120,54.01,55.11,52.79,0.69,120,3.4531,3.4562,3.4498,0.0007,0.564,0.5657,0.5628,0.0009,0.8691,0.8731,0.8637,0.0021,-0.0001,-0.0001,-0.0001,0,0.003,0.0037,0.0025,0.0005,0.0019,0.0024,0.0016,0.0003,0.2136,0.2738,0.1764,0.0364,199.0083,453,33,86.0652,0,0,0,0,249.4083,1017,6,163.9129,35,44.8167,47,41,23.66,23.68,23.63
2022-11-12 07:30:00,1.8181,3.4116,0,0.7983,120,82.6604,47.6592,120,86.9564,87.4966,86.3369,0.2816,120,26.353,26.4501,26.2792,0.0514,120,1007.275,1007.3916,1007.1718,0.0949,120,279.0101,307.1079,264.3339,11.8857,120,276.9442,309.9484,263.0528,12.2495,120,15.0767,17.2108,14.2604,0.7055,120,120,0,261.9327,292.9777,247.8103,11.8141,120,51.63,52.79,50.48,0.7,120,3.4546,3.4565,3.4529,0.0016,0.5635,0.5645,0.5628,0.0005,0.8696,0.875,0.8634,0.0028,-0.0001,-0.0001,-0.0001,0,0.0035,0.0039,0.0034,0.0002,0.0023,0.0026,0.0022,0.0001,0.2619,0.293,0.2478,0.0118,174.9833,348,0,86.3547,0,0,0,0,275.2917,899,20,165.0306,35,44.75,47,41,23.66,23.68,23.63
2022-11-12 07:40:00,1.5919,3.0988,0.3112,0.7141,120,82.6426,43.4184,120,86.3526,86.9167,85.696,0.3586,120,26.5169,26.5966,26.4318,0.0385,120,1007.2874,1007.4099,1007.1718,0.0959,120,372.9346,426.5386,308.0685,34.7209,120,382.495,439.2761,311.0468,37.1618,120,20.0022,34.9146,15.2449,5.0482,120,120,0,370.1285,423.2917,294.1984,39.4296,120,49.26,50.48,48.17,0.69,120,3.4548,3.4568,3.4529,0.0016,0.5652,0.566,0.5643,0.0004,0.8635,0.8692,0.857,0.0036,-0.0001,-0.0001,-0.0002,0,0.0047,0.0054,0.0039,0.0004,0.0032,0.0037,0.0026,0.0003,0.3701,0.4233,0.2942,0.0394,150.2083,314,11,77.622,0,0,0,0,256.8417,957,7,149.0983,35,44.6667,47,41,23.66,23.68,23.63
2022-11-12 07:50:00,1.6634,4.3592,0.3112,0.6958,120,91.7384,50.5055,120,86.1179,86.7031,85.3603,0.3253,120,26.6985,26.9353,26.5203,0.114,120,1007.3382,1007.5381,1007.1718,0.0861,120,461.4363,534.4346,426.5386,29.2006,120,494.7717,688.407,437.8103,62.2815,120,49.6349,205.5543,20.1627,42.8942,120,120,0,460.2242,627.1554,419.3243,51.2285,120,46.89,48.17,45.6,0.69,120,3.4556,3.459,3.4529,0.0014,0.567,0.5694,0.5652,0.0011,0.8612,0.867,0.8536,0.0033,-0.0003,-0.0001,-0.0013,0.0003,0.0059,0.0068,0.0054,0.0004,0.0041,0.0057,0.0036,0.0005,0.4602,0.6272,0.4193,0.0512,157.975,451,11,75.6317,0,0,0,0,289.2917,890,26,159.5285,35,44.8,49,41,23.66,23.68,23.63
2022-11-12 08:00:00,1.6064,3.568,0.2928,0.6448,120,88.6547,42.938,120,85.0602,86.6115,84.0175,0.7593,120,27.3819,27.6708,26.9506,0.1972,120,1007.2317,1007.4099,1007.0071,0.08,120,475.2537,542.8449,434.4685,38.8982,120,674.6679,797.5846,574.0996,55.694,120,256.2101,464.7116,154.9033,62.2473,120,120,0,601.7945,713.8279,506.9124,53.1862,120,44.53,45.6,43.3,0.69,120,3.4539,3.4568,3.4501,0.0013,0.5738,0.5767,0.5695,0.002,0.8506,0.8661,0.8402,0.0076,-0.0016,-0.001,-0.0029,0.0004,0.006,0.0069,0.0055,0.0005,0.0056,0.0066,0.0048,0.0005,0.6018,0.7138,0.5069,0.0532,151.7833,365,9,70.0902,0,0,0,0,278.85,958,8,155.1038,35,44.5667,47,41,23.66,23.68,23.63
2022-11-12 08:10:00,2.2447,4.442,0.5412,0.992,120,85.8512,39.6645,120,83.449,84.872,82.4305,0.561,120,27.7748,27.9363,27.6647,0.09,120,1007.1979,1007.3916,1007.0071,0.0619,120,437.0935,467.6299,408.2748,20.546,120,832.1027,1083.7191,465.6543,168.4608,120,485.0989,822.2188,63.9285,221.3391,120,120,0,743.5835,966.216,415.6621,150.8995,120,42.18,43.3,41.01,0.69,120,3.4533,3.4565,3.4501,0.001,0.5777,0.5794,0.5766,0.0009,0.8345,0.8487,0.8243,0.0056,-0.003,-0.0004,-0.0051,0.0014,0.0056,0.0059,0.0052,0.0003,0.0069,0.009,0.0039,0.0014,0.7436,0.9662,0.4157,0.1509,221.1583,460,36,107.8279,0,0,0,0,262.8417,1021,27,135.111,35,44.5667,49,41,23.67,23.68,23.63
2022-11-12 08:20:00,2.1248,5.086,0.4492,0.951,120,74.6576,48.3496,120,82.1355,82.8272,81.2403,0.3686,120,27.9058,28.1164,27.8234,0.0736,120,1007.2384,1007.3916,1007.0071,0.0867,120,482.599,542.1244,400.1047,45.1196,120,706.8015,1136.8415,411.066,203.5125,120,262.5374,753.3742,14.7535,204.9575,120,120,0,640.6166,1010.4678,366.5273,187.0802,120,39.83,41.01,38.73,0.69,120,3.454,3.4565,3.4501,0.0014,0.5791,0.5812,0.5782,0.0007,0.8214,0.8283,0.8124,0.0037,-0.0016,-0.0001,-0.0047,0.0013,0.0061,0.0069,0.0051,0.0006,0.0059,0.0095,0.0034,0.0017,0.6406,1.0105,0.3665,0.1871,208.125,530,26,103.3685,0,0,0,0,250.225,836,2,163.3693,35,44.6833,47,41,23.66,23.68,23.63
2022-11-12 08:30:00,2.5104,5.4172,0.7804,1.0622,120,78.1062,38.4085,120,80.2741,81.9117,79.165,0.6845,120,28.1002,28.3026,27.7899,0.1662,120,1007.2947,1007.4099,1007.1902,0.1002,120,457.4191,602.2,322.0063,96.9615,120,542.7356,948.1621,337.7923,157.902,120,95.2945,557.6539,13.7689,115.6326,120,120,0,497.439,858.7909,308.8473,145.0216,120,37.49,38.73,36.45,0.68,120,3.4549,3.4568,3.4532,0.0017,0.581,0.583,0.5779,0.0017,0.8027,0.8191,0.7917,0.0068,-0.0006,-0.0001,-0.0035,0.0007,0.0058,0.0076,0.0041,0.0012,0.0045,0.0079,0.0028,0.0013,0.4974,0.8588,0.3088,0.145,250.0417,566,62,115.4564,0,0,0,0,239.7917,957,14,131.0007,35,44.6167,47,41,23.67,23.68,23.63
2022-11-12 08:40:00,2.8246,5.7024,0.6148,1.1637,120,95.4171,39.9999,120,80.28,81.3929,79.165,0.4321,120,27.8344,27.9943,27.7624,0.0709,120,1007.3258,1007.4099,1007.1902,0.0922,120,638.0411,671.1669,542.3646,32.2966,120,856.8844,1140.1393,562.0096,153.2297,120,234.1629,528.1486,15.7364,138.9898,120,120,0,787.3674,1054.1093,509.0487,143.417,120,35.16,36.2,33.94,0.67,120,3.4554,3.4568,3.4532,0.0015,0.5783,0.5799,0.5776,0.0007,0.8028,0.8139,0.7917,0.0043,-0.0015,-0.0001,-0.0033,0.0009,0.0081,0.0085,0.0069,0.0004,0.0071,0.0095,0.0047,0.0013,0.7874,1.0541,0.509,0.1434,284.2,597,44,126.4913,0,0,0,0,284.375,903,38,127.9389,35.8,44.5,47,41,23.67,23.68,23.63
2022-11-12 08:50:00,2.3193,4.4144,0.4676,0.973,120,74.9349,48.1826,120,80.0473,81.3623,79.1345,0.5346,120,27.9612,28.1896,27.8143,0.1153,120,1007.3884,1007.5747,1007.2085,0.0648,120,619.2654,674.2906,543.5661,37.8072,120,830.0235,1156.9928,563.4754,142.6632,120,217.3858,519.2958,16.7193,125.257,120,120,0,760.7807,1065.096,510.8799,128.6495,120,32.85,33.94,31.69,0.67,120,3.4565,3.4596,3.4535,0.0011,0.5796,0.5819,0.5781,0.0011,0.8005,0.8136,0.7913,0.0053,-0.0013,-0.0001,-0.0032,0.0008,0.0079,0.0086,0.0069,0.0005,0.0069,0.0096,0.0047,0.0012,0.7608,1.0651,0.5109,0.1286,229.275,457,28,105.765,0,0,0,0,276.3,1021,42,202.5948,36,44.5333,47,41,23.67,23.68,23.63
2022-11-12 09:00:00,3.0195,5.1872,0.9184,1.061,120,75.9316,40.9844,120,79.0165,79.989,78.1579,0.4273,120,27.8761,28.2019,27.4969,0.2523,120,1007.4232,1007.593,1007.2268,0.0616,120,472.1157,554.6197,434.2276,38.3473,120,507.3321,853.6387,446.2365,86.5909,120,37.9515,336.8547,13.7689,55.0457,120,120,0,484.8552,807.8249,430.0058,74.9798,120,30.56,31.69,29.47,0.67,120,3.4571,3.4599,3.4538,0.001,0.5788,0.582,0.575,0.0025,0.7902,0.7999,0.7816,0.0043,-0.0002,-0.0001,-0.0021,0.0003,0.006,0.007,0.0055,0.0005,0.0042,0.0071,0.0037,0.0007,0.4849,0.8078,0.43,0.075,305.375,541,77,115.3237,0,0,0,0,245.7083,886,17,148.7543,36,44.7333,49,41,23.67,23.68,23.63
2022-11-12 09:10:00,2.5363,4.764,0.4952,1.015,120,72.6892,35.1645,120,79.387,79.9585,78.8293,0.2929,120,27.5129,27.5579,27.4786,0.0176,120,1007.4323,1007.593,1007.4099,0.0575,120,389.2071,439.0339,300.1386,35.3139,120,397.8825,449.9004,307.0168,36.7826,120,15.3513,21.1457,14.2604,1.4272,120,120,0,398.0605,438.8562,313.7303,32.5399,120,28.29,29.47,27.26,0.66,120,3.4572,3.4599,3.4568,0.001,0.5751,0.5756,0.5748,0.0002,0.7939,0.7996,0.7883,0.0029,-0.0001,-0.0001,-0.0001,0,0.0049,0.0056,0.0038,0.0004,0.0033,0.0037,0.0026,0.0003,0.3981,0.4389,0.3137,0.0325,252.8583,495,31,110.3305,0,0,0,0,262.9167,1018,8,199.3277,36,44.5333,49,41,23.67,23.68,23.63
2022-11-12 09:20:00,1.982,5.3528,0.4124,0.9896,120,95.8996,43.3664,120,79.0353,79.5923,78.3715,0.2921,120,27.5616,27.5945,27.4877,0.0216,120,1007.5053,1007.6113,1007.4099,0.0881,120,254.0206,297.015,187.6772,33.4249,120,260.8514,304.4526,196.7395,33.9623,120,14.5481,15.7364,13.2775,0.4583,120,120,0,270.0634,310.6784,205.0844,34.1313,120,26.05,27.26,24.85,0.65,120,3.4584,3.4602,3.4568,0.0015,0.5756,0.5759,0.5749,0.0002,0.7904,0.7959,0.7837,0.0029,-0.0001,-0.0001,-0.0001,0,0.0032,0.0038,0.0024,0.0004,0.0022,0.0025,0.0016,0.0003,0.2701,0.3107,0.2051,0.0341,192.6083,559,22,107.5605,0,0,0,0,291.0417,1000,4,145.4743,36.2,44.8333,47,41,23.67,23.68,23.63
2022-11-12 09:30:00,2.6597,5.5644,0.854,1.0133,120,99.5586,32.2957,120,78.8942,80.2637,78.0663,0.5146,120,26.8985,27.4755,26.2883,0.3451,120,1007.6455,1007.7944,1007.4099,0.087,120,215.9765,308.5496,169.8945,41.8798,120,222.5537,315.8103,179.521,40.764,120,13.1627,14.2604,11.8015,0.5619,120,120,0.2,226.6355,318.0029,180.3644,41.3806,120,23.84,24.85,22.73,0.64,120,3.4608,3.4632,3.4568,0.0015,0.569,0.5748,0.5629,0.0034,0.7889,0.8026,0.7807,0.0051,-0.0001,-0.0001,-0.0001,0,0.0027,0.0039,0.0022,0.0005,0.0019,0.0026,0.0015,0.0003,0.2266,0.318,0.1804,0.0414,266.275,582,70,110.1363,0.0167,1,0,0.1286,295.3,984,0,120.6697,37,44.7333,47,41,23.68,23.68,23.63
2022-11-12 09:40:00,2.966,5.8036,0.8632,1.0191,120,115.4249,34.4946,120,81.1602,82.1558,79.7449,0.7753,120,25.9079,26.2792,25.5834,0.1777,120,1007.6173,1007.7761,1007.4099,0.0681,120,396.9208,544.0465,310.4717,71.9736,120,406.9379,561.2773,317.6411,76.0688,120,14.7938,17.2108,12.786,1.3411,120,120,0.2,401.0539,543.5347,319.5288,70.5789,120,21.69,22.73,20.65,0.62,120,3.4603,3.4629,3.4568,0.0011,0.5591,0.5628,0.5558,0.0018,0.8116,0.8216,0.7974,0.0078,-0.0001,-0.0001,-0.0001,0,0.005,0.0069,0.0039,0.0009,0.0034,0.0047,0.0026,0.0006,0.4011,0.5435,0.3195,0.0706,299.5667,608,71,110.7698,0.0167,1,0,0.1286,336.1167,911,92,108.3246,37,44.7833,47,41,23.67,23.68,23.63
2022-11-12 09:50:00,2.5999,4.8284,0.624,0.9925,120,112.8425,35.7258,120,83.5556,84.9025,81.9727,0.7755,120,25.5851,25.739,25.4582,0.0958,120,1007.5431,1007.7761,1007.4099,0.0875,120,549.181,682.2205,432.3055,79.9346,120,567.963,722.1128,445.8703,87.9485,120,18.4573,32.4557,14.7535,4.1418,120,120,0.1,538.26,688.1924,408.948,88.9636,120,19.6,20.65,18.65,0.6,120,3.4591,3.4629,3.4568,0.0015,0.5558,0.5574,0.5546,0.001,0.8356,0.849,0.8197,0.0078,-0.0001,-0.0001,-0.0002,0,0.007,0.0087,0.0055,0.001,0.0047,0.006,0.0037,0.0007,0.5383,0.6882,0.4089,0.089,259.7667,502,45,107.883,0.0083,1,0,0.0913,328.8583,936,80,112.8295,37,44.5833,47,41,23.68,23.68,23.63
2022-11-12 10:00:00,3.1769,6.0336,0.5412,1.3672,120,104.5661,30.1028,120,84.5116,85.9706,83.4376,0.7026,120,25.6364,25.7421,25.5101,0.0733,120,1007.5893,1007.7761,1007.4099,0.0472,120,490.4889,595.952,352.5252,81.0551,120,497.5225,601.9436,355.0108,83.4625,120,16.728,27.5379,13.2775,2.7948,120,120,0,490.641,586.8709,360.4236,75.3516,120,17.59,18.65,16.54,0.57,120,3.4598,3.4629,3.4568,0.0008,0.5564,0.5574,0.5551,0.0007,0.8451,0.8597,0.8344,0.007,-0.0001,-0.0001,-0.0002,0,0.0062,0.0076,0.0045,0.001,0.0041,0.005,0.003,0.0007,0.4906,0.5869,0.3604,0.0754,322.4917,633,36,148.6083,0,0,0,0,298.3417,591,23,87.8444,37,44.8333,47,41,23.67,23.68,23.63
2022-11-12 10:10:00,2.2788,4.7916,0.7804,0.867,120,65.1973,38.1034,120,85.3221,86.1232,84.3532,0.4405,120,25.5681,25.7359,25.443,0.078,120,1007.5939,1007.7761,1007.4099,0.0307,120,326.6001,386.4079,265.5354,41.075,120,333.0535,396.7767,271.8451,41.5386,120,13.9903,15.2449,13.2775,0.4722,120,120,0,342.5754,411.0843,279.8547,43.7074,120,15.71,16.54,14.79,0.52,120,3.4599,3.4629,3.4568,0.0005,0.5557,0.5574,0.5544,0.0008,0.8532,0.8612,0.8435,0.0044,-0.0001,-0.0001,-0.0001,0,0.0041,0.0049,0.0034,0.0005,0.0028,0.0033,0.0023,0.0003,0.3426,0.4111,0.2799,0.0437,224.8667,498,62,94.2377,0,0,0,0,216.0417,1017,17,154.4209,37,44.6,47,41,23.68,23.68,23.63
2022-11-12 10:20:00,2.0917,4.1016,0.4492,0.7891,120,46.3909,44.2076,120,86.1662,87.5271,85.1772,0.6142,120,25.2346,25.4491,25.1134,0.0959,120,1007.4792,1007.6113,1007.4099,0.0851,120,417.8392,565.9142,271.7827,95.7987,120,432.3852,578.8619,277.7071,98.9522,120,15.2606,17.2108,13.2775,1.2194,120,120,0.1,422.7424,560.0146,285.9584,88.9506,120,14.01,14.79,13.24,0.47,120,3.458,3.4602,3.4568,0.0014,0.5524,0.5545,0.5511,0.001,0.8617,0.8753,0.8518,0.0061,-0.0001,-0.0001,-0.0001,0,0.0053,0.0072,0.0035,0.0012,0.0036,0.0048,0.0023,0.0008,0.4227,0.56,0.286,0.089,204.5333,423,26,85.7757,0.0083,1,0,0.0913,220.6,1019,4,234.0577,37,44.7167,47,41,23.68,23.68,23.63
2022-11-12 10:30:00,2.2568,3.7336,0.9552,0.5898,120,52.6321,28.6138,120,86.77,87.5271,86.0012,0.4064,120,25.252,25.4186,25.1195,0.1028,120,1007.394,1007.593,1007.2451,0.0584,120,633.7757,680.7787,567.5961,40.1802,120,661.6251,728.7071,579.9616,50.0386,120,27.3703,51.1424,16.7193,9.1911,120,120,0,637.9411,699.7894,561.2354,47.3645,120,12.55,13.24,11.96,0.38,120,3.4566,3.4599,3.4541,0.001,0.5525,0.5542,0.5512,0.001,0.8677,0.8753,0.86,0.0041,-0.0002,-0.0001,-0.0003,0.0001,0.008,0.0086,0.0072,0.0005,0.0055,0.0061,0.0048,0.0004,0.6379,0.6998,0.5612,0.0474,222.475,383,81,64.1094,0,0,0,0,202.325,1020,41,197.5625,37,44.7667,47,41,23.68,23.68,23.63
2022-11-12 10:40:00,2.1321,3.9452,0.4216,0.7383,120,48.3892,42.7881,120,86.9589,87.7102,86.0012,0.3961,120,25.5923,25.6993,25.3819,0.1019,120,1007.2448,1007.4099,1007.0437,0.055,120,510.9127,632.7181,480.8465,41.5623,120,528.2578,643.7095,491.3001,41.8362,120,22.1045,36.3906,15.7364,4.9825,120,120,0,497.1821,624.1035,461.4399,47.6412,120,11.43,11.96,11.05,0.27,120,3.4541,3.4568,3.4507,0.0009,0.5559,0.557,0.5538,0.001,0.8696,0.8771,0.86,0.004,-0.0001,-0.0001,-0.0002,0,0.0065,0.008,0.0061,0.0005,0.0044,0.0054,0.0041,0.0003,0.4972,0.6241,0.4614,0.0476,208.925,406,23,80.2514,0,0,0,0,203.4167,992,7,198.6328,37,44.7833,47,41,23.68,23.68,23.63
2022-11-12 10:50:00,1.0699,3.1632,0,0.6974,120,73.8452,72.46,120,87.5726,88.29,86.3063,0.562,120,26.1427,26.56,25.6902,0.2345,120,1007.1203,1007.2634,1006.8606,0.1114,120,466.789,488.2961,433.0268,21.0538,120,496.1456,557.2473,449.9004,31.3346,120,27.9891,59.0106,15.7364,12.0619,120,120,0,454.9089,512.711,406.2014,31.6223,120,10.75,10.97,10.58,0.12,120,3.452,3.4544,3.4477,0.0019,0.5614,0.5656,0.5569,0.0024,0.8757,0.8829,0.8631,0.0056,-0.0002,-0.0001,-0.0004,0.0001,0.0059,0.0062,0.0055,0.0003,0.0041,0.0046,0.0037,0.0003,0.4549,0.5127,0.4062,0.0316,93.6583,321,0,75.5352,0,0,0,0,334.0833,992,1,256.7314,37,44.85,47,39,23.67,23.68,23.63
2022-11-12 11:00:00,1.3275,2.97,0.4676,0.6119,120,77.7411,54.8146,120,86.6614,87.5576,85.1466,0.6072,120,26.548,26.7858,26.4226,0.0899,120,1007.0112,1007.2451,1006.8422,0.0875,120,555.8915,611.5717,437.5921,53.5262,120,596.0208,660.1969,459.06,56.7213,120,32.6568,54.5859,17.2108,10.5379,120,120,0,545.3149,612.2013,412.6103,56.4698,120,10.6,10.71,10.56,0.04,120,3.4502,3.4541,3.4474,0.0015,0.5655,0.5679,0.5642,0.0009,0.8666,0.8756,0.8515,0.0061,-0.0002,-0.0001,-0.0003,0.0001,0.0071,0.0078,0.0056,0.0007,0.005,0.0055,0.0038,0.0005,0.5453,0.6122,0.4126,0.0565,121.4667,300,28,66.5109,0,0,0,0,300.0167,997,8,223.3669,37,44.55,47,41,23.68,23.68,23.63
2022-11-12 11:10:00,1.8655,3.3104,0.3848,0.8002,120,46.9125,49.2734,120,86.1583,87.405,84.994,0.5553,120,26.9063,27.0086,26.7919,0.0473,120,1006.9752,1007.2451,1006.8606,0.0967,120,624.8044,676.9339,560.8677,33.7608,120,714.5319,934.2401,601.5774,79.3002,120,73.354,231.1263,24.096,46.958,120,120,0,669.6244,877.4072,566.7287,73.2618,120,11,11.35,10.71,0.19,120,3.4496,3.4541,3.4477,0.0016,0.5691,0.5701,0.5679,0.0005,0.8616,0.8741,0.8499,0.0056,-0.0005,-0.0001,-0.0014,0.0003,0.0079,0.0086,0.0071,0.0004,0.006,0.0078,0.005,0.0007,0.6696,0.8774,0.5667,0.0733,179.95,337,19,86.9758,0,0,0,0,249.85,1020,19,257.3329,37,44.8,47,41,23.68,23.68,23.63
2022-11-12 11:20:00,2.2032,3.9636,0.4492,0.8065,120,42.6851,39.6314,120,86.0833,87.0388,85.2992,0.4894,120,26.7852,26.8743,26.6881,0.0491,120,1006.7402,1006.8789,1006.476,0.0976,120,646.666,690.1512,555.8213,42.6367,120,812.908,1066.4994,589.4874,132.5403,120,145.1424,341.2794,19.6697,87.7192,120,120,0,769.1961,1010.4678,555.1317,125.8922,120,11.9,12.42,11.35,0.32,120,3.4457,3.448,3.4413,0.0016,0.5678,0.5687,0.5669,0.0005,0.8608,0.8704,0.853,0.0049,-0.0009,-0.0001,-0.0021,0.0005,0.0082,0.0088,0.0071,0.0005,0.0068,0.0089,0.0049,0.0011,0.7692,1.0105,0.5551,0.1259,216.65,408,26,87.6579,0,0,0,0,213.225,1016,26,237.4882,37,44.45,49,41,23.68,23.68,23.63
2022-11-12 11:30:00,2.3091,3.7428,0.624,0.7616,120,56.0709,41.1818,120,85.5462,86.7641,84.5363,0.6559,120,26.8873,27.033,26.7309,0.087,120,1006.5957,1006.6958,1006.4577,0.0944,120,626.3403,669.485,534.915,37.6223,120,830.4906,1059.5378,638.581,87.1325,120,180.6432,417.9939,61.4695,89.7323,120,120,0,789.7148,1004.9745,611.8961,81.901,120,13.19,14,12.42,0.42,120,3.4433,3.4449,3.441,0.0016,0.5689,0.5703,0.5673,0.0009,0.8555,0.8676,0.8454,0.0066,-0.0011,-0.0004,-0.0026,0.0006,0.008,0.0085,0.0068,0.0005,0.0069,0.0088,0.0053,0.0007,0.7897,1.005,0.6119,0.0819,228.1583,384,45,82.7775,0,0,0,0,205.8167,950,23,167.4189,37.6,44.6333,47,41,23.68,23.68,23.63
2022-11-12 11:40:00,2.1131,4.074,0.4216,0.8246,120,63.0442,51.8738,120,85.0482,85.7875,84.3837,0.4072,120,27.1005,27.2619,26.9445,0.1059,120,1006.5336,1006.6958,1006.476,0.0813,120,493.7971,531.0701,475.0795,15.2822,120,691.1789,828.7263,572.2677,70.362,120,182.9135,335.8701,65.8959,74.5557,120,120,0,655.1307,780.6635,535.905,65.3683,120,14.77,15.66,14,0.5,120,3.4422,3.4449,3.4413,0.0014,0.571,0.5726,0.5694,0.0011,0.8505,0.8579,0.8438,0.0041,-0.0011,-0.0004,-0.0021,0.0005,0.0063,0.0067,0.006,0.0002,0.0058,0.0069,0.0048,0.0006,0.6551,0.7807,0.5359,0.0654,206.8583,420,23,89.6286,0,0,0,0,270.2833,960,21,229.2318,38,44.8333,47,41,23.68,23.68,23.63
2022-11-12 11:50:00,2.1114,3.6324,0.3388,0.6707,120,96.8129,29.1449,120,83.8977,84.7804,83.285,0.3274,120,27.1987,27.2741,27.1429,0.0389,120,1006.4441,1006.6774,1006.2929,0.0892,120,438.1969,475.0795,417.8874,17.7369,120,776.5275,834.2209,711.1212,33.0966,120,322.3147,383.5707,261.1231,36.4815,120,120,0,729.2093,781.8842,668.6605,30.8485,120,16.56,17.48,15.66,0.55,120,3.4407,3.4446,3.4382,0.0015,0.572,0.5727,0.5714,0.0004,0.839,0.8478,0.8329,0.0033,-0.002,-0.0016,-0.0024,0.0002,0.0056,0.006,0.0053,0.0002,0.0065,0.0069,0.0059,0.0003,0.7292,0.7819,0.6687,0.0308,206.675,372,14,72.9041,0,0,0,0,276.3917,605,102,84.561,38,44.8333,47,41,23.68,23.68,23.63
2022-11-12 12:00:00,1.7429,3.6048,0.5504,0.6587,120,92.1485,48.5117,120,83.5452,84.4142,82.8578,0.4267,120,27.3862,27.6922,27.1398,0.1741,120,1006.2812,1006.3295,1006.1098,0.0585,120,437.2657,457.0567,416.4457,10.4447,120,870.1622,955.4898,666.7911,91.2208,120,416.4044,496.1843,203.0954,82.8241,120,120,0,815.2562,895.1079,611.8961,86.1505,120,18.5,19.43,17.48,0.58,120,3.438,3.4388,3.4352,0.001,0.5739,0.5769,0.5714,0.0017,0.8355,0.8441,0.8286,0.0043,-0.0026,-0.0013,-0.0031,0.0005,0.0056,0.0058,0.0053,0.0001,0.0072,0.008,0.0056,0.0008,0.8153,0.8951,0.6119,0.0862,166.625,369,37,71.6015,0,0,0,0,288.5,968,29,155.9833,38,44.4167,49,41,23.68,23.68,23.68
2022-11-12 12:10:00,1.958,3.568,0.5872,0.6311,120,71.108,46.1474,120,81.9918,83.1324,80.752,0.6888,120,27.7168,27.8906,27.5549,0.0973,120,1006.1054,1006.3112,1005.9084,0.0625,120,429.3437,438.7937,417.4071,6.266,120,769.7436,915.1885,605.2413,77.5694,120,331.1294,460.2852,184.9017,69.6229,120,120,0,722.3604,856.0442,568.865,72.2989,120,20.54,21.69,19.43,0.61,120,3.4351,3.4385,3.4318,0.001,0.5772,0.5789,0.5756,0.001,0.8199,0.8313,0.8075,0.0069,-0.0021,-0.0011,-0.0029,0.0004,0.0055,0.0056,0.0053,0.0001,0.0064,0.0076,0.005,0.0006,0.7224,0.856,0.5689,0.0723,190,365,41,68.6031,0,0,0,0,241.3583,984,0,169.6003,38,44.4833,47,41,23.68,23.68,23.68
2022-11-12 12:20:00,1.6168,3.2276,0.3204,0.6889,120,77.576,58.7921,120,81.3346,82.3389,79.5312,0.8175,120,27.6895,27.8448,27.564,0.078,120,1006.086,1006.1464,1005.9084,0.0642,120,411.9238,425.337,397.7016,6.5521,120,702.1424,970.5102,428.2845,204.4384,120,292.9404,567.4895,26.5549,204.9908,120,120,0,657.9129,906.7049,400.708,190.5316,120,22.67,23.79,21.69,0.63,120,3.4348,3.4358,3.4318,0.0011,0.5769,0.5785,0.5756,0.0008,0.8133,0.8234,0.7953,0.0082,-0.0018,-0.0002,-0.0035,0.0013,0.0052,0.0054,0.0051,0.0001,0.0058,0.0081,0.0036,0.0017,0.6579,0.9067,0.4007,0.1905,152.9083,328,12,74.8837,0,0,0,0,319.7667,1021,45,239.425,38,44.7333,47,41,23.67,23.68,23.63
2022-11-12 12:30:00,1.8292,3.4944,0.3572,0.7975,120,84.2615,50.8422,120,80.7873,82.0948,79.3176,0.6597,120,27.9958,28.2782,27.6342,0.1671,120,1005.8699,1006.1098,1005.7253,0.0938,120,349.5531,402.748,294.1315,34.6919,120,1040.6549,1137.9412,899.0684,86.9021,120,710.0045,871.3954,510.4447,125.3348,120,120,0,970.9794,1059.2975,838.6486,80.4373,120,24.85,25.94,23.79,0.65,120,3.4312,3.4352,3.4288,0.0016,0.58,0.5828,0.5763,0.0017,0.8079,0.8209,0.7932,0.0066,-0.0044,-0.0032,-0.0054,0.0008,0.0044,0.0051,0.0037,0.0004,0.0087,0.0095,0.0075,0.0007,0.971,1.0593,0.8386,0.0804,176,357,16,86.6884,0,0,0,0,270.5917,1008,27,171.6759,38,44.8833,47,41,23.68,23.68,23.63
2022-11-12 12:40:00,2.3098,4.2856,0.6424,0.8321,120,97.2183,39.6014,120,79.0198,80.3247,77.6696,0.6672,120,28.2022,28.3422,28.0584,0.0912,120,1005.745,1005.945,1005.5422,0.0547,120,264.6659,294.1315,240.7835,13.743,120,1086.9181,1154.0612,1003.1176,38.3781,120,865.0558,913.1953,774.0267,36.1675,120,120,0,1008.3341,1073.336,929.899,36.7072,120,27.07,28.13,25.94,0.66,120,3.4291,3.4324,3.4257,0.0009,0.582,0.5834,0.5806,0.0009,0.7902,0.8032,0.7767,0.0067,-0.0054,-0.0048,-0.0057,0.0002,0.0034,0.0037,0.0031,0.0002,0.0091,0.0096,0.0084,0.0003,1.0083,1.0733,0.9299,0.0367,228.2417,443,47,90.4504,0,0,0,0,280.8917,621,33,113.5199,38,44.9667,47,41,23.68,23.73,23.68
2022-11-12 12:50:00,2.0341,4.6168,0.5136,0.9488,120,92.3543,41.6874,120,78.1459,79.1345,76.693,0.6487,120,28.3488,28.4765,28.2049,0.0865,120,1005.7842,1005.945,1005.7253,0.0722,120,230.5409,297.4953,210.2654,18.5578,120,1055.0593,1150.7635,582.892,92.9016,120,882.5624,923.0293,333.9043,108.9446,120,120,0,972.8665,1067.8427,528.8858,87.5593,120,29.32,30.34,28.13,0.66,120,3.4297,3.4324,3.4288,0.0012,0.5835,0.5848,0.582,0.0009,0.7815,0.7913,0.7669,0.0065,-0.0055,-0.0021,-0.0057,0.0007,0.0029,0.0038,0.0027,0.0002,0.0088,0.0096,0.0049,0.0008,0.9729,1.0678,0.5289,0.0876,198.2667,479,33,103.1288,0,0,0,0,292.2917,961,67,152.759,38,44.9667,47,41,23.68,23.68,23.63
2022-11-12 13:00:00,2.7199,4.7272,0.9184,0.9436,120,73.6368,44.5816,120,76.7253,77.9443,76.1437,0.4391,120,28.2431,28.4704,28.0493,0.1462,120,1005.7369,1005.945,1005.5605,0.0756,120,230.9694,256.163,210.5055,15.6303,120,999.0934,1062.1032,742.6291,47.8067,120,840.8039,916.1457,536.5082,64.2926,120,120,0,915.5044,975.0664,653.7065,46.5461,120,31.61,32.82,30.59,0.67,120,3.4289,3.4324,3.426,0.0013,0.5824,0.5847,0.5805,0.0015,0.7673,0.7794,0.7614,0.0044,-0.0052,-0.0033,-0.0057,0.0004,0.0029,0.0033,0.0027,0.0002,0.0083,0.0088,0.0062,0.0004,0.9155,0.9751,0.6537,0.0465,272.8167,491,77,102.5661,0,0,0,0,248.7417,1007,0,177.7825,38,44.5833,47,41,23.68,23.68,23.68
2022-11-12 13:10:00,2.3924,4.8192,0.532,1.0855,120,77.0837,55.2757,120,76.0758,78.28,74.0989,1.3474,120,28.6555,28.9526,28.1896,0.2174,120,1005.5777,1005.7619,1005.3774,0.069,120,272.3356,353.4858,238.8614,30.8917,120,868.6906,985.5318,368.5666,114.5706,120,671.0981,793.698,80.1563,138.3321,120,120,0,792.4589,900.296,332.6518,107.3089,120,33.91,35.08,32.82,0.68,120,3.4263,3.4294,3.423,0.0012,0.5866,0.5895,0.5819,0.0022,0.7608,0.7828,0.741,0.0135,-0.0042,-0.0005,-0.0049,0.0009,0.0035,0.0045,0.003,0.0004,0.0072,0.0082,0.0031,0.001,0.7925,0.9003,0.3327,0.1073,237.2167,501,35,117.99,0,0,0,0,297.2,993,9,214.7355,38.3,44.9833,49,41,23.68,23.68,23.68
2022-11-12 13:20:00,2.2352,5.3896,0.8632,0.9248,120,96.0885,37.9407,120,75.1384,75.9606,74.0074,0.4995,120,28.5527,28.6291,28.4735,0.0513,120,1005.5388,1005.5971,1005.3774,0.0672,120,296.35,364.5402,278.5118,23.0167,120,877.9353,976.006,403.006,120.1501,120,676.4461,815.8266,57.5363,164.69,120,120,0,799.1399,888.699,356.151,108.6766,120,36.23,37.34,35.08,0.68,120,3.4256,3.4266,3.423,0.0011,0.5855,0.5863,0.5847,0.0005,0.7514,0.7596,0.7401,0.005,-0.0042,-0.0004,-0.0051,0.001,0.0038,0.0046,0.0035,0.0003,0.0073,0.0081,0.0034,0.001,0.7991,0.8887,0.3562,0.1087,220.1333,563,71,100.5242,0,0,0,0,276.1833,568,53,108.2374,39,44.6167,47,41,23.68,23.68,23.63
2022-11-12 13:30:00,1.9987,4.1292,0.5412,0.8386,120,76.7297,45.9108,120,74.5959,75.6249,73.5801,0.4733,120,28.6087,28.7115,28.504,0.0581,120,1005.4424,1005.5971,1005.3591,0.0841,120,308.0186,346.2772,280.4339,19.1099,120,835.8456,993.2257,385.7863,184.5778,120,627.5325,826.1537,59.0106,228.5849,120,120,0,763.0517,911.8931,349.1318,170.1384,120,38.56,39.62,37.34,0.68,120,3.424,3.4266,3.4227,0.0014,0.5861,0.5871,0.585,0.0006,0.746,0.7562,0.7358,0.0047,-0.0039,-0.0004,-0.0051,0.0014,0.0039,0.0044,0.0036,0.0002,0.007,0.0083,0.0032,0.0015,0.7631,0.9119,0.3491,0.1701,194.425,426,36,91.1526,0,0,0,0,266.5833,1020,3,187.825,39,44.9833,49,41,23.68,23.68,23.68
2022-11-12 13:40:00,2.3212,3.9084,0.7436,0.7715,120,85.0758,41.6309,120,74.041,75.4112,73.3665,0.4309,120,28.4931,28.7207,28.2843,0.1431,120,1005.4602,1005.5971,1005.3774,0.087,120,333.5128,346.2772,317.2,5.8893,120,605.8394,770.8391,384.6867,102.6146,120,339.4935,546.8353,65.4044,128.8242,120,120,0,554.9003,704.6724,351.268,93.9705,120,40.9,42.16,39.62,0.68,120,3.4243,3.4266,3.423,0.0014,0.5849,0.5872,0.5828,0.0014,0.7404,0.7541,0.7337,0.0043,-0.0021,-0.0004,-0.0034,0.0008,0.0042,0.0044,0.004,0.0001,0.005,0.0064,0.0032,0.0009,0.5549,0.7047,0.3513,0.094,229.4833,402,58,83.8616,0,0,0,0,273.9583,958,11,153.4104,39,44.9167,49,41,23.68,23.68,23.63
2022-11-12 13:50:00,2.0593,3.6968,0.4124,0.8641,120,90.9599,37.715,120,74.3037,75.1061,73.5496,0.3294,120,28.3138,28.3727,28.2659,0.0291,120,1005.3288,1005.414,1005.1943,0.0894,120,327.1869,335.9441,322.9677,3.2962,120,630.6823,693.5354,505.2221,56.8159,120,393.6606,473.5627,232.6023,74.126,120,120,0,581.9498,640.2783,464.4917,53.1433,120,43.25,44.46,42.16,0.69,120,3.4221,3.4236,3.4199,0.0015,0.5831,0.5837,0.5827,0.0003,0.743,0.7511,0.7355,0.0033,-0.0024,-0.0014,-0.0029,0.0005,0.0042,0.0043,0.0041,0,0.0053,0.0058,0.0042,0.0005,0.5819,0.6403,0.4645,0.0531,201.0083,379,22,93.9192,0,0,0,0,273.375,1002,12,130.7553,39,44.3833,47,41,23.68,23.68,23.63
2022-11-12 14:00:00,2.3834,4.2488,0.6608,0.7455,120,107.0348,42.31,120,74.0913,74.8009,73.2749,0.318,120,28.3648,28.4002,28.33,0.0194,120,1005.3139,1005.414,1005.1943,0.0927,120,328.6968,342.9126,306.1465,9.9816,120,517.7492,688.0408,313.2449,146.3466,120,255.9683,460.2852,14.7535,180.7014,120,120,0,479.5882,638.142,290.231,135.4126,120,45.61,46.76,44.46,0.69,120,3.4219,3.4236,3.4199,0.0015,0.5837,0.584,0.5833,0.0002,0.7409,0.748,0.7327,0.0032,-0.0016,-0.0001,-0.0029,0.0011,0.0042,0.0044,0.0039,0.0001,0.0043,0.0057,0.0026,0.0012,0.4796,0.6381,0.2902,0.1354,236.2417,439,49,81.0369,0,0,0,0,312.2583,995,53,134.9398,39,44.8333,49,41,23.68,23.68,23.63
2022-11-12 14:10:00,1.8691,3.7244,0.3388,0.7962,120,92.1127,53.7294,120,74.278,74.9535,73.8243,0.324,120,28.339,28.3941,28.2629,0.0375,120,1005.22,1005.414,1005.0295,0.0503,120,290.0399,321.285,255.2024,18.6677,120,381.4387,520.2437,267.8151,73.7717,120,135.5367,275.8766,18.1953,77.1298,120,120,0,353.412,485.5495,247.1999,68.5072,120,47.97,49.07,46.76,0.69,120,3.4203,3.4236,3.4172,0.0008,0.5834,0.5839,0.5826,0.0004,0.7428,0.7495,0.7382,0.0032,-0.0008,-0.0001,-0.0017,0.0005,0.0037,0.0041,0.0032,0.0002,0.0032,0.0043,0.0022,0.0006,0.3534,0.4855,0.2472,0.0685,180.3417,382,14,86.5393,0,0,0,0,310.4417,1018,32,185.9952,39,44.5,47,41,23.68,23.68,23.68
2022-11-12 14:20:00,2.1918,3.6508,0.992,0.6785,120,71.0849,36.8581,120,74.1958,74.8924,73.6717,0.3029,120,28.1751,28.3605,28.0004,0.0949,120,1005.2069,1005.414,1005.0295,0.0568,120,279.6128,294.3717,248.9543,12.4905,120,321.9464,371.8643,261.9532,31.4714,120,72.0098,131.7918,31.9642,27.6658,120,120,0,299.0661,345.1643,244.7584,28.4785,120,50.34,51.63,49.07,0.69,120,3.4201,3.4236,3.4172,0.0009,0.5817,0.5836,0.58,0.0009,0.742,0.7489,0.7367,0.003,-0.0004,-0.0002,-0.0008,0.0002,0.0036,0.0037,0.0032,0.0002,0.0027,0.0031,0.0022,0.0003,0.2991,0.3452,0.2448,0.0285,215.4167,374,85,73.7533,0,0,0,0,230.2667,1005,18,151.1803,39,44.75,47,41,23.68,23.73,23.68
2022-11-12 14:30:00,1.7521,3.2092,0.2744,0.6997,120,89.487,52.1806,120,74.8271,75.6554,74.0074,0.4245,120,27.8891,27.9852,27.7899,0.0608,120,1005.0714,1005.2309,1004.8463,0.0853,120,226.0873,247.9929,218.1953,6.8298,120,235.1416,270.3806,223.485,10.4573,120,26.1738,71.3052,15.2449,9.1409,120,120,0,218.3294,251.1673,207.5259,9.8111,120,52.71,53.95,51.63,0.69,120,3.4179,3.4205,3.4141,0.0014,0.5789,0.5798,0.5779,0.0006,0.7483,0.7566,0.7401,0.0042,-0.0002,-0.0001,-0.0004,0.0001,0.0029,0.0032,0.0028,0.0001,0.002,0.0023,0.0019,0.0001,0.2183,0.2512,0.2075,0.0098,167.6167,326,7,76.0589,0,0,0,0,296.7917,1001,41,179.2192,39,44.8167,47,41,23.68,23.68,23.63
2022-11-12 14:40:00,1.7448,2.9608,0.3388,0.6246,120,81.519,46.5125,120,75.2925,75.9301,74.4346,0.3945,120,27.8759,28.0157,27.7563,0.0946,120,1005.0208,1005.2309,1004.8463,0.055,120,248.9682,260.9693,234.7764,7.3965,120,304.2936,383.2221,240.3373,44.0534,120,101.5973,214.8985,19.6697,62.2101,120,120,0,279.6614,351.268,221.8696,40.2556,120,55.09,56.27,53.95,0.7,120,3.417,3.4205,3.4141,0.0009,0.5788,0.5802,0.5776,0.0009,0.7529,0.7593,0.7443,0.0039,-0.0006,-0.0001,-0.0013,0.0004,0.0032,0.0033,0.003,0.0001,0.0025,0.0032,0.002,0.0004,0.2797,0.3513,0.2219,0.0403,166.825,299,14,67.8872,0,0,0,0,299.425,1015,50,208.213,39,44.5667,47,41,23.68,23.73,23.68
2022-11-12 14:50:00,1.4966,3.154,0,0.7562,120,97.9351,51.357,120,75.8914,76.8761,74.9535,0.5772,120,28.0081,28.2232,27.7715,0.1406,120,1005.0151,1005.0478,1004.828,0.0521,120,217.7448,253.2795,204.4984,12.6751,120,235.1812,362.3385,205.533,35.2926,120,40.6888,192.2768,13.7689,38.3203,120,120,0,221.1219,335.0932,194.4029,31.5219,120,57.46,58.58,56.27,0.7,120,3.4169,3.4175,3.4138,0.0009,0.5801,0.5822,0.5777,0.0014,0.7589,0.7688,0.7495,0.0058,-0.0003,-0.0001,-0.0012,0.0002,0.0028,0.0032,0.0026,0.0002,0.002,0.003,0.0017,0.0003,0.2211,0.3351,0.1944,0.0315,140.0417,320,0,81.843,0,0,0,0,321.4083,1012,85,183.4994,39.7,44.7167,47,41,23.68,23.68,23.63
2022-11-12 15:00:00,2.1504,3.5496,0.6608,0.6507,120,84.4554,32.4758,120,76.1572,76.7846,75.6249,0.3119,120,27.6241,27.8356,27.4786,0.1055,120,1005.0166,1005.0478,1004.8463,0.0536,120,221.6517,229.9701,214.8307,4.4899,120,239.1227,273.6771,218.3553,15.9344,120,44.5616,95.4012,17.7038,22.5477,120,120,0,222.6656,253.3036,204.1688,13.7893,120,59.84,60.9,58.58,0.69,120,3.4169,3.4175,3.4141,0.0009,0.5762,0.5784,0.5748,0.001,0.7616,0.7678,0.7562,0.0031,-0.0003,-0.0001,-0.0006,0.0001,0.0028,0.0029,0.0027,0.0001,0.002,0.0023,0.0018,0.0001,0.2227,0.2533,0.2042,0.0138,210.9167,363,49,70.7255,0,0,0,0,245.1583,636,81,97.0639,40,44.95,49,41,23.68,23.68,23.68
2022-11-12 15:10:00,1.804,3.6876,0.3572,0.6297,120,73.338,30.3095,120,76.9733,77.4255,76.2047,0.2929,120,27.4697,27.5487,27.4145,0.0426,120,1005.0349,1005.0661,1004.8463,0.0255,120,219.0024,241.0244,198.0102,13.9759,120,261.0774,438.5438,200.4034,66.884,120,99.4131,426.3535,16.7193,120.4646,120,120,0,238.9752,394.6043,184.637,57.4343,120,62.23,63.48,61.16,0.69,120,3.4172,3.4178,3.4141,0.0004,0.5747,0.5755,0.5741,0.0004,0.7697,0.7743,0.762,0.0029,-0.0006,-0.0001,-0.0026,0.0007,0.0028,0.0031,0.0025,0.0002,0.0022,0.0037,0.0017,0.0006,0.239,0.3946,0.1846,0.0574,173.2583,378,16,68.4417,0,0,0,0,228.6083,1018,28,130.5113,40,44.75,47,41,23.68,23.68,23.68
2022-11-12 15:20:00,1.8905,3.2276,0.4308,0.6296,120,73.0617,33.9041,120,77.2884,77.8222,76.7235,0.2532,120,27.6815,27.7624,27.5396,0.0593,120,1005.0215,1005.0478,1004.828,0.0498,120,177.2817,216.0323,129.5236,28.0204,120,216.7468,362.3385,130.7935,76.3087,120,96.9705,348.6561,14.2604,116.9811,120,120,0,200.7889,322.5807,123.9052,64.6668,120,64.6,65.8,63.48,0.7,120,3.417,3.4175,3.4138,0.0008,0.5768,0.5776,0.5754,0.0006,0.7729,0.7782,0.7672,0.0025,-0.0006,-0.0001,-0.0022,0.0007,0.0023,0.0027,0.0016,0.0004,0.0018,0.003,0.0011,0.0006,0.2008,0.3226,0.1239,0.0647,182.6667,328,24,68.4295,0,0,0,0,217.875,972,7,118.0293,40,44.6167,47,41,23.68,23.68,23.68
2022-11-12 15:30:00,1.8663,3.798,0.854,0.6565,120,95.7964,36.2005,120,77.4308,77.8832,76.9982,0.2263,120,27.5401,27.6769,27.4023,0.0697,120,1005.0101,1005.2492,1004.8463,0.0678,120,120.5761,131.2055,101.8882,9.5272,120,121.4054,135.9232,71.8079,13.1703,120,17.0023,39.8324,13.7689,6.6504,120,120,0,116.2933,127.5674,97.6592,8.9161,120,66.98,68.12,65.8,0.7,120,3.4168,3.4208,3.4141,0.0011,0.5754,0.5768,0.574,0.0007,0.7743,0.7788,0.77,0.0023,-0.0001,-0.0001,-0.0002,0,0.0015,0.0017,0.0013,0.0001,0.001,0.0011,0.0006,0.0001,0.1163,0.1276,0.0977,0.0089,180.0333,390,70,71.3558,0,0,0,0,276.8333,816,22,111.7279,40,44.8667,49,41,23.68,23.68,23.68
2022-11-12 15:40:00,1.478,3.062,0.302,0.6273,120,82.0409,48.5697,120,78.0473,78.4631,77.6086,0.2191,120,27.4725,27.5304,27.3901,0.0447,120,1005.0444,1005.2309,1004.8463,0.0486,120,106.1359,114.8646,98.5244,5.8344,120,107.868,115.7719,75.4718,6.8235,120,18.2974,52.127,13.7689,8.3233,120,120,0,101.413,109.2563,92.1659,5.3232,120,69.36,70.45,68.12,0.69,120,3.4174,3.4205,3.4141,0.0008,0.5747,0.5753,0.5739,0.0004,0.7805,0.7846,0.7761,0.0022,-0.0001,-0.0001,-0.0003,0.0001,0.0013,0.0015,0.0013,0.0001,0.0009,0.001,0.0006,0.0001,0.1014,0.1093,0.0922,0.0053,137.825,310,10,68.1826,0,0,0,0,259.3917,857,5,154.4013,40,44.6333,47,41,23.68,23.68,23.68
2022-11-12 15:50:00,1.3806,2.6388,0.3112,0.5768,120,81.7198,52.6753,120,78.4511,78.8903,77.8832,0.2418,120,27.3791,27.4175,27.3412,0.0198,120,1004.9896,1005.2309,1004.828,0.0979,120,102.0008,114.1441,86.9898,8.5524,120,103.551,131.5258,87.1957,10.3224,120,17.5515,69.8292,13.7689,9.7005,120,120,0,97.4812,121.1585,83.9259,8.9595,120,71.74,73.02,70.45,0.69,120,3.4165,3.4205,3.4138,0.0016,0.5738,0.5742,0.5734,0.0002,0.7845,0.7889,0.7788,0.0024,-0.0001,-0.0001,-0.0004,0.0001,0.0013,0.0014,0.0011,0.0001,0.0009,0.0011,0.0007,0.0001,0.0975,0.1212,0.0839,0.009,127.2417,264,11,62.6902,0,0,0,0,308.475,1015,22,210.7616,40,44.7333,47,41,23.68,23.68,23.68
2022-11-12 16:00:00,1.3076,2.5836,0.302,0.4788,120,72.5527,47.6874,120,78.8362,79.4092,78.3105,0.2794,120,27.2899,27.3473,27.2344,0.0386,120,1005.0208,1005.2309,1004.828,0.0369,120,75.8757,88.6717,55.7504,11.1863,120,76.4367,89.0276,56.4214,10.9523,120,15.6748,19.1782,13.7689,1.4878,120,120,0,73.7022,85.4518,54.0178,10.5203,120,74.12,75.34,73.02,0.69,120,3.417,3.4205,3.4138,0.0006,0.5729,0.5735,0.5723,0.0004,0.7884,0.7941,0.7831,0.0028,-0.0001,-0.0001,-0.0001,0,0.001,0.0011,0.0007,0.0001,0.0006,0.0007,0.0005,0.0001,0.0737,0.0855,0.054,0.0105,119.3083,258,10,52.0405,0,0,0,0,266.2833,989,64,190.1914,40,44.9333,47,41,23.68,23.68,23.63
2022-11-12 16:10:00,1.3184,2.878,0.4124,0.5739,120,93.6263,42.9109,120,79.1228,79.5007,78.7683,0.1929,120,27.2552,27.3138,27.1642,0.0552,120,1004.9828,1005.0478,1004.828,0.0773,120,50.742,55.7504,46.3787,2.0478,120,51.8413,56.4214,46.8956,2.1331,120,16.7115,34.4231,13.7689,4.8882,120,120,0,48.5193,53.7126,43.6415,2.121,120,76.5,77.66,75.34,0.7,120,3.4164,3.4175,3.4138,0.0013,0.5726,0.5731,0.5716,0.0006,0.7912,0.795,0.7877,0.0019,-0.0001,-0.0001,-0.0002,0,0.0006,0.0007,0.0006,0,0.0004,0.0005,0.0004,0,0.0485,0.0537,0.0436,0.0021,120.475,290,22,62.3792,0,0,0,0,290.7583,1010,32,149.4368,40,44.8,47,41,23.68,23.68,23.68
2022-11-12 16:20:00,1.5741,3.016,0.4584,0.547,120,90.1598,34.2446,120,79.4616,79.8975,79.165,0.191,120,27.0988,27.1947,27.0025,0.0555,120,1004.9017,1005.0295,1004.828,0.088,120,44.9227,48.7819,38.4488,2.166,120,45.5763,48.7275,40.3001,1.6606,120,17.195,38.3564,13.7689,5.4697,120,120,0,41.6272,44.2518,36.0118,1.6049,120,78.87,79.97,77.66,0.69,120,3.415,3.4172,3.4138,0.0015,0.571,0.5719,0.57,0.0006,0.7946,0.799,0.7917,0.0019,-0.0001,-0.0001,-0.0002,0,0.0006,0.0006,0.0005,0,0.0004,0.0004,0.0003,0,0.0416,0.0443,0.036,0.0016,148.275,305,27,59.4572,0,0,0,0,267.475,1007,23,120.3033,40,44.5167,47,41,23.68,23.68,23.63
2022-11-12 16:30:00,1.5018,2.8228,0.4768,0.5123,120,67.7995,37.344,120,79.9758,80.3858,79.5312,0.2377,120,26.9291,27.0055,26.8987,0.0288,120,1004.9857,1005.2126,1004.8097,0.0743,120,35.1383,37.9677,32.9213,0.8624,120,35.6142,39.5678,32.2401,1.7777,120,18.1418,35.8991,13.7689,5.6128,120,120,0,32.7794,35.7067,30.5185,1.1381,120,81.25,82.54,79.97,0.69,120,3.4164,3.4202,3.4135,0.0012,0.5693,0.5701,0.569,0.0003,0.7998,0.8039,0.7953,0.0024,-0.0001,-0.0001,-0.0002,0,0.0004,0.0005,0.0004,0,0.0003,0.0003,0.0003,0,0.0328,0.0357,0.0305,0.0011,140.4083,284,29,55.6899,0,0,0,0,240.6583,1020,5,188.1422,40,44.6,47,41,23.68,23.68,23.63
2022-11-12 16:40:00,1.3306,2.6388,0.302,0.5243,120,70.3515,38.2179,120,80.4732,80.874,80.1416,0.1852,120,26.8717,26.914,26.8316,0.0254,120,1005.1843,1005.2309,1004.9928,0.0739,120,24.1965,32.9213,16.8213,4.8498,120,23.756,32.2401,16.4862,4.7546,120,13.9942,14.2604,13.2775,0.254,120,120,0,23.0186,30.2133,16.1748,4.2703,120,83.62,84.85,82.54,0.69,120,3.4197,3.4205,3.4165,0.0012,0.5687,0.5691,0.5683,0.0003,0.8047,0.8087,0.8014,0.0019,-0.0001,-0.0001,-0.0001,0,0.0003,0.0004,0.0002,0.0001,0.0002,0.0003,0.0001,0,0.023,0.0302,0.0162,0.0043,121.8083,264,10,56.9846,0,0,0,0,226.925,903,11,140.3492,39.2,44.8,47,41,23.68,23.73,23.63
2022-11-12 16:50:00,1.1998,2.6664,0.3296,0.4977,120,74.3214,36.8756,120,80.9453,81.3318,80.5383,0.2213,120,26.8255,26.856,26.7827,0.0228,120,1005.2301,1005.414,1005.0111,0.0621,120,11.3483,16.5811,6.9685,2.8592,120,11.0735,16.12,6.2281,2.8779,120,13.8386,14.2604,13.2775,0.1943,120,120,0,11.2156,15.8696,6.7141,2.6966,120,85.99,87.16,84.85,0.69,120,3.4205,3.4236,3.4169,0.001,0.5683,0.5686,0.5678,0.0002,0.8095,0.8133,0.8054,0.0022,-0.0001,-0.0001,-0.0001,0,0.0001,0.0002,0.0001,0,0.0001,0.0001,0.0001,0,0.0112,0.0159,0.0067,0.0027,107.5833,267,13,54.1021,0,0,0,0,243.275,964,19,153.1535,39,44.6167,47,41,23.68,23.68,23.68
2022-11-12 17:00:00,2.0199,6.3188,0.2836,1.3548,120,92.6298,44.0773,120,81.0361,81.4539,80.3247,0.2425,120,26.7992,26.8621,26.5264,0.0852,120,1005.3612,1005.5971,1005.1943,0.1494,120,1.8964,6.7283,0,2.3878,120,1.9723,6.2281,0,2.2182,120,13.1382,14.2604,11.8015,0.6282,120,120,0,2.5381,6.7141,0,2.243,120,88.35,89.46,87.16,0.69,120,3.4227,3.4266,3.4199,0.0025,0.568,0.5686,0.5653,0.0008,0.8104,0.8145,0.8032,0.0024,-0.0001,-0.0001,-0.0001,0,0,0.0001,0,0,0,0.0001,0,0,0.0025,0.0067,0,0.0022,196.725,664,8,147.2642,0,0,0,0,283.8083,1011,26,146.5906,39,44.7667,47,41,23.68,23.68,23.63
2022-11-12 17:10:00,2.8203,5.7208,0.3572,1.2438,120,110.5539,36.2255,120,81.4168,82.2169,80.2942,0.5144,120,25.9811,26.5172,25.504,0.2777,120,1005.6023,1005.7802,1005.3957,0.0755,120,0.1101,1.4417,0,0.2431,120,0,0,0,0,120,13.0358,13.7689,12.2946,0.3715,120,120,0.3,0,0,0,0,120,89.81,89.98,89.46,0.17,29,3.4267,3.4297,3.4233,0.0013,0.5598,0.5652,0.555,0.0028,0.8142,0.8222,0.8029,0.0051,-0.0001,-0.0001,-0.0001,0,0,0,0,0,0,0,0,0,0,0,0,0,283.725,599,16,135.1938,0.025,1,0,0.1568,336.55,989,76,135.5594,39,44.55,47,41,23.68,23.68,23.68
2022-11-12 17:20:00,2.7352,5.2148,0.7988,0.9589,120,101.1716,28.0467,120,83.0859,83.9259,81.9727,0.5191,120,25.0987,25.4887,24.7563,0.1983,120,1005.7042,1005.945,1005.5422,0.1001,120,0.03,0.4803,0,0.0963,120,0,0,0,0,120,13.4741,14.2604,12.786,0.2658,120,120,2,0,0,0,0,120,None,None,None,None,0,3.4284,3.4324,3.4257,0.0017,0.551,0.5549,0.5476,0.002,0.8309,0.8393,0.8197,0.0052,-0.0001,-0.0001,-0.0001,0,0,0,0,0,0,0,0,0,0,0,0,0,274.4833,544,64,104.2287,0.1667,1,0,0.3742,289.925,785,0,87.7063,39,45,47,41,23.68,23.68,23.63
2022-11-12 17:30:00,1.3805,2.9884,0.3756,0.6852,120,86.2673,46.5214,120,84.9887,85.6044,83.8649,0.5034,120,24.6335,24.7502,24.5457,0.0404,120,1005.8281,1005.9633,1005.7436,0.095,120,0.04,0.4803,0,0.1137,120,0,0,0,0,120,13.5928,14.2604,13.2775,0.2905,120,120,0.7,0,0,0,0,120,None,None,None,None,0,3.4305,3.4327,3.4291,0.0016,0.5463,0.5475,0.5455,0.0004,0.8499,0.856,0.8386,0.005,-0.0001,-0.0001,-0.0001,0,0,0,0,0,0,0,0,0,0,0,0,0,127.2333,302,18,74.4819,0.0583,1,0,0.2354,288,1020,35,177.7056,39,44.7167,47,41,23.68,23.68,23.63
2022-11-12 17:40:00,1.2606,2.9148,0.3204,0.5998,120,79.6002,38.3714,120,86.4312,87.0693,85.6044,0.4087,120,24.4799,24.5396,24.4603,0.0187,120,1005.9088,1005.9633,1005.7253,0.0663,120,0.006,0.2402,0,0.0377,120,0,0,0,0,120,13.601,14.2604,13.2775,0.2508,120,120,0.4,0,0,0,0,120,None,None,None,None,0,3.4318,3.4327,3.4288,0.0011,0.5448,0.5454,0.5446,0.0002,0.8643,0.8707,0.856,0.0041,-0.0001,-0.0001,-0.0001,0,0,0,0,0,0,0,0,0,0,0,0,0,114.2,294,12,65.194,0.0333,1,0,0.1803,243.6583,1000,59,130.2703,39,44.7167,47,41,23.68,23.68,23.63
2022-11-12 17:50:00,1.3352,3.0252,0.3204,0.4996,120,70.7789,38.6664,120,87.5942,88.0459,87.0693,0.2229,120,24.5167,24.564,24.4542,0.0332,120,1005.9259,1006.1098,1005.7253,0.0519,120,0.006,0.2402,0,0.0377,120,0,0,0,0,120,13.7034,14.2604,12.786,0.2543,120,120,0.3,0,0,0,0,120,None,None,None,None,0,3.4321,3.4352,3.4288,0.0009,0.5452,0.5456,0.5445,0.0003,0.8759,0.8805,0.8707,0.0022,-0.0001,-0.0001,-0.0001,0,0,0,0,0,0,0,0,0,0,0,0,0,122.3083,306,12,54.3061,0.025,1,0,0.1568,230.1333,1022,11,151.4516,38.4,44.9167,47,41,23.68,23.68,23.63
2022-11-12 18:00:00,1.6526,3.5956,0.3664,0.7546,120,72.5456,35.2114,120,88.3875,88.6563,87.9849,0.1766,120,24.5539,24.5824,24.5244,0.0138,120,1006.0648,1006.1281,1005.9084,0.0797,120,0,0,0,0,120,0,0,0,0,120,13.642,14.2604,13.2775,0.2252,120,120,0.3,0,0,0,0,120,None,None,None,None,0,3.4344,3.4355,3.4318,0.0013,0.5455,0.5458,0.5452,0.0001,0.8839,0.8866,0.8798,0.0018,-0.0001,-0.0001,-0.0001,0,0,0,0,0,0,0,0,0,0,0,0,0,156.8083,368,17,82.0209,0.025,1,0,0.1568,214.6667,633,55,106.2201,38,44.9333,47,41,23.68,23.68,23.68
2022-11-12 18:10:00,1.2636,3.8992,0.4308,0.5618,120,99.8481,45.8156,120,89.1265,89.4498,88.5952,0.2008,120,24.5536,24.5976,24.5152,0.0262,120,1006.2645,1006.5127,1006.0915,0.0825,120,0.004,0.2402,0,0.0309,120,0,0,0,0,120,13.7198,14.2604,13.2775,0.1847,120,120,0.1,0,0,0,0,120,None,None,None,None,0,3.4377,3.4419,3.4349,0.0014,0.5455,0.546,0.5452,0.0003,0.8913,0.8945,0.886,0.002,-0.0001,-0.0001,-0.0001,0,0,0,0,0,0,0,0,0,0,0,0,0,114.525,401,24,61.0674,0.0083,1,0,0.0913,304.2167,1010,32,157.5982,38,45.05,47,41,23.68,23.68,23.63
2022-11-12 18:20:00,1.4348,3.1448,0.5872,0.5666,120,97.6367,30.0349,120,89.4274,89.938,88.8699,0.3006,120,24.3782,24.564,24.2619,0.0967,120,1006.3807,1006.4943,1006.2746,0.0972,120,0.006,0.2402,0,0.0377,120,0,0,0,0,120,13.4822,13.7689,13.2775,0.2433,120,120,0.2,0,0,0,0,120,None,None,None,None,0,3.4397,3.4416,3.4379,0.0016,0.5438,0.5456,0.5426,0.001,0.8943,0.8994,0.8887,0.003,-0.0001,-0.0001,-0.0001,0,0,0,0,0,0,0,0,0,0,0,0,0,133.1333,319,41,61.5884,0.0167,1,0,0.1286,279.4333,543,64,87.1038,38,44.45,49,41,23.68,23.68,23.63
2022-11-12 18:30:00,0.8768,1.5992,0.2468,0.2986,120,124.2828,35.3087,120,90.2175,90.4569,89.938,0.1325,120,24.3064,24.3351,24.268,0.0193,120,1006.4933,1006.6774,1006.2929,0.0859,120,0,0,0,0,120,0,0,0,0,120,13.6747,14.2604,13.2775,0.2044,120,120,0.4,0,0,0,0,120,None,None,None,None,0,3.4416,3.4446,3.4382,0.0014,0.5431,0.5433,0.5427,0.0002,0.9022,0.9046,0.8994,0.0013,-0.0001,-0.0001,-0.0001,0,0,0,0,0,0,0,0,0,0,0,0,0,72.4833,151,4,32.4566,0.0333,1,0,0.1803,356.3417,787,120,103.6791,38,44.4833,47,41,23.68,23.68,23.63
2022-11-12 18:40:00,1.5271,2.5468,0.6884,0.5334,120,182.5334,18.3421,120,90.8801,91.1588,90.4569,0.1621,120,24.4793,24.6342,24.3199,0.0928,120,1006.6205,1006.8606,1006.4577,0.084,120,0,0,0,0,120,0,0,0,0,120,13.8181,14.2604,13.2775,0.2055,120,120,0.7,0,0,0,0,120,None,None,None,None,0,3.4437,3.4477,3.441,0.0014,0.5448,0.5463,0.5432,0.0009,0.9088,0.9116,0.9046,0.0016,-0.0001,-0.0001,-0.0001,0,0,0,0,0,0,0,0,0,0,0,0,0,143.1583,254,52,57.9828,0.0583,1,0,0.2354,518.0583,661,327,52.8437,38,44.6667,47,39,23.68,23.68,23.63
2022-11-12 18:50:00,1.2042,1.9948,0.4492,0.357,120,131.6401,42.2766,120,90.8821,91.1588,90.6705,0.1376,120,24.557,24.6373,24.4664,0.0575,120,1006.6062,1006.6774,1006.4577,0.0871,120,0,0,0,0,120,0,0,0,0,120,13.6706,14.2604,13.2775,0.2262,120,120,2.8,0,0,0,0,120,None,None,None,None,0,3.4434,3.4446,3.441,0.0015,0.5456,0.5464,0.5447,0.0006,0.9088,0.9116,0.9067,0.0014,-0.0001,-0.0001,-0.0001,0,0,0,0,0,0,0,0,0,0,0,0,0,108.0667,194,26,38.803,0.2333,1,0,0.4247,376.65,605,132,118.2698,37.1,44.4167,47,41,23.67,23.68,23.63
2022-11-12 19:00:00,1.186,2.234,0.4032,0.3871,120,75.2803,31.3015,120,91.4218,91.7386,91.0672,0.1971,120,24.4515,24.4877,24.4267,0.0166,120,1006.6156,1006.8606,1006.4577,0.0924,120,0,0,0,0,120,0,0,0,0,120,13.7198,14.2604,13.2775,0.1733,120,120,2,0,0,0,0,120,None,None,None,None,0,3.4436,3.4477,3.441,0.0015,0.5445,0.5449,0.5443,0.0002,0.9142,0.9174,0.9107,0.002,-0.0001,-0.0001,-0.0001,0,0,0,0,0,0,0,0,0,0,0,0,0,106.0833,220,21,42.0771,0.1667,1,0,0.3742,230.175,1006,21,125.1553,37,44.9333,47,41,23.68,23.68,23.63
2022-11-12 19:10:00,1.1704,1.9672,0.348,0.3656,120,65.6739,37.6,120,91.6478,91.9828,91.3114,0.1758,120,24.4353,24.4908,24.4053,0.0249,120,1006.7664,1006.8606,1006.6408,0.0911,120,0,0,0,0,120,0,0,0,0,120,13.7034,14.2604,13.2775,0.2008,120,120,0.2,0,0,0,0,120,None,None,None,None,0,3.4461,3.4477,3.444,0.0015,0.5444,0.5449,0.5441,0.0003,0.9165,0.9198,0.9131,0.0018,-0.0001,-0.0001,-0.0001,0,0,0,0,0,0,0,0,0,0,0,0,0,104.3917,191,15,39.7357,0.0167,1,0,0.1286,220.95,982,2,156.1002,37,44.8333,49,41,23.68,23.68,23.63
2022-11-12 19:20:00,0.7693,1.5164,0,0.3696,120,91.1131,45.8459,120,91.9584,92.2269,91.6166,0.1471,120,24.4705,24.5091,24.4328,0.0159,120,1006.944,1007.062,1006.8239,0.1001,120,0,0,0,0,120,0,0,0,0,120,13.7034,14.2604,13.2775,0.1795,120,120,0.3,0,0,0,0,120,None,None,None,None,0,3.4491,3.451,3.4471,0.0017,0.5447,0.5451,0.5443,0.0002,0.9196,0.9223,0.9162,0.0015,-0.0001,-0.0001,-0.0001,0,0,0,0,0,0,0,0,0,0,0,0,0,61.9333,142,0,38.0362,0.025,1,0,0.1568,291.95,972,33,160.1009,37,44.05,47,41,23.67,23.68,23.63
2022-11-12 19:30:00,1.0529,2.2892,0.486,0.3571,120,83.6041,29.1327,120,92.2714,92.4406,91.8912,0.1245,120,24.5084,24.5579,24.4633,0.0293,120,1007.141,1007.4099,1006.8422,0.1093,120,0,0,0,0,120,0,0,0,0,120,13.6993,14.2604,13.2775,0.1835,120,120,0.2,0,0,0,0,120,None,None,None,None,0,3.4524,3.4568,3.4474,0.0018,0.5451,0.5456,0.5446,0.0003,0.9227,0.9244,0.9189,0.0012,-0.0001,-0.0001,-0.0001,0,0,0,0,0,0,0,0,0,0,0,0,0,91.625,226,30,38.8161,0.0167,1,0,0.1286,261.7083,1021,17,141.546,37,44.5333,49,41,23.67,23.68,23.63
2022-11-12 19:40:00,0.8924,1.5348,0,0.3573,120,119.0802,38.4758,120,92.4497,92.6542,92.2575,0.0913,120,24.5567,24.5915,24.5335,0.017,120,1007.2793,1007.4099,1007.1902,0.0926,120,0,0,0,0,120,0,0,0,0,120,13.6829,14.2604,13.2775,0.208,120,120,0.1,0,0,0,0,120,None,None,None,None,0,3.4547,3.4568,3.4532,0.0015,0.5456,0.5459,0.5453,0.0002,0.9245,0.9265,0.9226,0.0009,-0.0001,-0.0001,-0.0001,0,0,0,0,0,0,0,0,0,0,0,0,0,74.3667,144,0,38.4078,0.0083,1,0,0.0913,343.4833,753,96,112.0196,37,44.6833,47,41,23.67,23.68,23.63
2022-11-12 19:50:00,1.7032,5.868,0.3756,1.0217,120,118.333,39.1966,120,92.5993,92.8983,92.1354,0.1476,120,24.519,24.561,24.4847,0.0231,120,1007.4184,1007.593,1007.1902,0.1178,120,0.018,0.7213,0,0.1041,120,0,0,0,0,120,13.6215,14.2604,13.2775,0.235,120,120,0.1,0,0,0,0,120,None,None,None,None,0,3.457,3.4599,3.4532,0.002,0.5452,0.5456,0.5448,0.0002,0.926,0.929,0.9214,0.0015,-0.0001,-0.0001,-0.0001,0,0,0,0,0,0,0,0,0,0,0,0,0,162.3,615,18,111.055,0.0083,1,0,0.0913,344.875,914,133,119.7487,36.4,44.8167,47,41,23.67,23.68,23.63
2022-11-12 20:00:00,2.2784,5.96,0.3664,1.2668,120,93.8779,37.6375,120,92.6305,92.8983,92.1659,0.1953,120,24.3183,24.4786,24.2375,0.0694,120,1007.528,1007.7578,1007.3733,0.0943,120,0.036,0.4803,0,0.0967,120,0,0,0,0,120,13.5191,13.7689,13.2775,0.2467,120,120,0.1,0,0,0,0,120,None,None,None,None,0,3.4588,3.4626,3.4562,0.0016,0.5432,0.5448,0.5424,0.0007,0.9263,0.929,0.9217,0.002,-0.0001,-0.0001,-0.0001,0,0,0,0,0,0,0,0,0,0,0,0,0,224.825,625,17,137.6984,0.0083,1,0,0.0913,285.1917,987,51,133.4746,36,44.8333,47,41,23.66,23.68,23.63
2022-11-12 20:10:00,1.1808,2.3444,0.2468,0.4301,120,72.0572,36.3713,120,92.8701,93.0815,92.5932,0.1131,120,24.1721,24.2436,24.1246,0.034,120,1007.5315,1007.5747,1007.3733,0.0519,120,0.002,0.2402,0,0.0219,120,0,0,0,0,120,13.5764,13.7689,13.2775,0.2409,120,120,0,0,0,0,0,120,None,None,None,None,0,3.4589,3.4596,3.4562,0.0009,0.5417,0.5424,0.5413,0.0003,0.9287,0.9308,0.9259,0.0011,-0.0001,-0.0001,-0.0001,0,0,0,0,0,0,0,0,0,0,0,0,0,105.525,232,4,46.7484,0,0,0,0,232.2167,1000,42,147.8869,36,44.85,47,41,23.66,23.68,23.63
2022-11-12 20:20:00,0.4967,1.0012,0,0.1722,120,106.9989,45.2396,120,93.1804,93.3866,93.0509,0.0834,120,24.1994,24.2558,24.1185,0.0479,120,1007.5962,1007.7395,1007.5381,0.08,120,0,0,0,0,120,0,0,0,0,120,13.6747,14.2604,13.2775,0.2141,120,120,0,0,0,0,0,120,None,None,None,None,0,3.4599,3.4623,3.459,0.0013,0.542,0.5426,0.5412,0.0005,0.9318,0.9339,0.9305,0.0008,-0.0001,-0.0001,-0.0001,0,0,0,0,0,0,0,0,0,0,0,0,0,31.3583,86,0,18.2765,0,0,0,0,316.2917,629,77,129.9915,36,44.7167,47,41,23.66,23.68,23.63
2022-11-12 20:30:00,0.3109,0.9276,0,0.2394,120,122.8547,51.5885,120,93.2544,93.3561,93.1425,0.0501,120,24.305,24.3657,24.2527,0.037,120,1007.6121,1007.7395,1007.5381,0.0874,120,0,0,0,0,120,0,0,0,0,120,13.6747,13.7689,13.2775,0.1943,120,120,0,0,0,0,0,120,None,None,None,None,0,3.4602,3.4623,3.459,0.0015,0.5431,0.5437,0.5425,0.0004,0.9325,0.9336,0.9314,0.0005,-0.0001,-0.0001,-0.0001,0,0,0,0,0,0,0,0,0,0,0,0,0,16.8667,78,0,19.3807,0,0,0,0,368.825,1017,1,167.9573,36,44.7667,47,41,23.66,23.68,23.63
2022-11-12 20:40:00,0.6197,1.636,0,0.3968,120,89.4506,35.6225,120,93.3358,93.5087,93.234,0.0791,120,24.3783,24.4267,24.3565,0.0177,120,1007.772,1007.9226,1007.7212,0.0722,120,1.0693,2.4032,0,0.8259,120,0.0031,0.3661,0,0.0334,120,13.6502,14.2604,13.2775,0.2207,120,120,0,0,0,0,0,120,None,None,None,None,0,3.4629,3.4654,3.462,0.0012,0.5438,0.5443,0.5436,0.0002,0.9334,0.9351,0.9323,0.0008,-0.0001,-0.0001,-0.0001,0,0,0,0,0,0,0,0,0,0,0,0,0,46.4333,155,0,40.5263,0,0,0,0,260.1667,626,54,104.7519,36,44.7,47,41,23.66,23.68,23.63
2022-11-12 20:50:00,0.9438,1.9304,0.2836,0.322,120,85.438,41.93,120,93.4151,93.5087,93.2951,0.0544,120,24.5104,24.6068,24.4267,0.0503,120,1007.8961,1008.124,1007.7212,0.0688,120,2.6532,3.6047,1.6819,0.4377,120,0.1892,0.3661,0,0.1837,120,13.7198,14.2604,13.2775,0.1733,120,120,0,0,0,0,0,120,None,None,None,None,0,3.4649,3.4687,3.462,0.0011,0.5451,0.5461,0.5443,0.0005,0.9342,0.9351,0.933,0.0005,-0.0001,-0.0001,-0.0001,0,0,0,0,0,0,0,0,0,0,0,0,0,79.7583,187,8,35.0054,0,0,0,0,277.2167,1005,57,158.7005,36,44.5167,49,41,23.66,23.68,23.63
2022-11-12 21:00:00,1.2954,2.5468,0.3296,0.5497,120,101.2504,42.8611,120,93.2582,93.4782,93.0509,0.1037,120,24.6775,24.738,24.6068,0.0357,120,1007.9133,1008.124,1007.7212,0.06,120,4.0211,5.0465,3.1236,0.5257,120,0.4241,0.7323,0,0.1424,120,13.7116,14.2604,13.2775,0.1931,120,120,0,0,0,0,0,120,None,None,None,None,0,3.4652,3.4687,3.462,0.001,0.5468,0.5474,0.5461,0.0004,0.9326,0.9348,0.9305,0.001,-0.0001,-0.0001,-0.0001,0,0.0001,0.0001,0,0,0,0,0,0,0,0,0,0,117.9833,254,13,59.7505,0,0,0,0,305.0667,906,21,141.4883,36,44.7667,47,41,23.65,23.68,23.63
2022-11-12 21:10:00,1.3999,3.2736,0.3296,0.6559,120,87.6595,42.7332,120,93.0316,93.234,92.8678,0.0861,120,24.8055,24.8875,24.7288,0.0397,120,1007.9002,1008.1057,1007.7212,0.0567,120,5.0304,6.0079,4.085,0.429,120,0.5401,0.7323,0.3661,0.1836,120,13.6543,14.2604,13.2775,0.2182,120,120,0,0,0,0,0,120,None,None,None,None,0,3.465,3.4684,3.462,0.0009,0.5481,0.5489,0.5473,0.0004,0.9303,0.9323,0.9287,0.0009,-0.0001,-0.0001,-0.0001,0,0.0001,0.0001,0.0001,0,0,0,0,0,0,0,0,0,129.3333,333,13,71.29,0,0,0,0,284.9667,993,21,160.0518,35.4,44.8,47,41,23.65,23.68,23.63
2022-11-12 21:20:00,1.4533,3.1356,0.3296,0.5449,120,90.0644,30.4082,120,92.8737,92.9899,92.7458,0.0543,120,24.9399,25.0218,24.8784,0.0373,120,1007.8574,1008.0874,1007.7029,0.084,120,4.8142,5.7669,4.085,0.3762,120,0.4089,0.7323,0.3661,0.118,120,13.6297,14.2604,13.2775,0.2399,120,120,0,0,0,0,0,120,None,None,None,None,0,3.4643,3.4681,3.4617,0.0014,0.5494,0.5502,0.5488,0.0004,0.9287,0.9299,0.9275,0.0005,-0.0001,-0.0001,-0.0001,0,0.0001,0.0001,0.0001,0,0,0,0,0,0,0,0,0,135.1417,318,13,59.229,0,0,0,0,257.825,665,34,90.4042,35,44.4667,47,41,23.65,23.68,23.63
2022-11-12 21:30:00,1.423,2.5928,0,0.5735,120,110.651,40.7042,120,92.7513,92.9899,92.5932,0.0976,120,25.0781,25.15,25.0249,0.029,120,1007.8063,1007.9409,1007.7029,0.0893,120,4.6519,5.5268,3.3646,0.5466,120,0.3509,0.7323,0,0.0995,120,13.6911,14.2604,13.2775,0.1911,120,120,0,0,0,0,0,120,None,None,None,None,0,3.4634,3.4657,3.4617,0.0015,0.5508,0.5515,0.5503,0.0003,0.9275,0.9299,0.9259,0.001,-0.0001,-0.0001,-0.0001,0,0.0001,0.0001,0,0,0,0,0,0,0,0,0,0,132.0417,259,0,61.8918,0,0,0,0,322.575,784,61,121.3885,35,44.95,47,41,23.65,23.68,23.63
2022-11-12 21:40:00,1.2382,2.924,0.2468,0.6244,120,97.4148,40.4176,120,92.5909,92.8678,92.288,0.1514,120,25.2246,25.266,25.1439,0.0378,120,1007.8521,1007.9226,1007.7029,0.0835,120,4.2595,5.5268,3.1236,0.7014,120,0.1037,0.7323,0,0.1723,120,13.6747,14.2604,13.2775,0.2044,120,120,0,0,0,0,0,120,None,None,None,None,0,3.4642,3.4654,3.4617,0.0014,0.5523,0.5527,0.5514,0.0004,0.9259,0.9287,0.9229,0.0015,-0.0001,-0.0001,-0.0001,0,0.0001,0.0001,0,0,0,0,0,0,0,0,0,0,111.7583,295,4,67.869,0,0,0,0,288.2583,895,27,126.7879,35,44.7833,47,41,23.65,23.68,23.63
2022-11-12 21:50:00,1.6109,3.3288,0.3572,0.7602,120,97.6739,38.0291,120,92.3376,92.5321,92.1354,0.0936,120,25.2238,25.2538,25.1897,0.0188,120,1007.7384,1007.9043,1007.7029,0.0512,120,4.4797,6.248,2.8835,0.9334,120,0,0,0,0,120,13.642,14.2604,13.2775,0.2252,120,120,0,0,0,0,0,120,None,None,None,None,0,3.4623,3.4651,3.4617,0.0009,0.5522,0.5525,0.5519,0.0002,0.9234,0.9253,0.9214,0.0009,-0.0001,-0.0001,-0.0001,0,0.0001,0.0001,0,0,0,0,0,0,0,0,0,0,152.275,339,16,82.628,0,0,0,0,291.675,979,4,130.826,35,44.7333,47,41,23.65,23.68,23.63
2022-11-12 22:00:00,1.7043,3.3472,0.3572,0.6775,120,105.076,35.9222,120,92.1878,92.3795,91.9828,0.0893,120,25.2716,25.3178,25.2324,0.0222,120,1007.738,1007.9043,1007.5381,0.0706,120,4.7781,5.5268,3.6047,0.4352,120,0,0,0,0,120,13.7116,14.2604,13.2775,0.2033,120,120,0,0,0,0,0,120,None,None,None,None,0,3.4623,3.4651,3.459,0.0012,0.5527,0.5532,0.5523,0.0002,0.9219,0.9238,0.9198,0.0009,-0.0001,-0.0001,-0.0001,0,0.0001,0.0001,0,0,0,0,0,0,0,0,0,0,162.425,341,16,73.6406,0,0,0,0,311.4083,1019,46,122.2352,35,44.7333,47,41,23.65,23.68,23.63
2022-11-12 22:10:00,1.925,3.4116,0.5596,0.6308,120,97.8122,26.6004,120,92.1033,92.2269,91.9828,0.057,120,25.3786,25.4613,25.3026,0.0454,120,1007.7537,1007.9226,1007.5381,0.0872,120,4.2894,5.2866,3.3646,0.4479,120,0,0,0,0,120,13.7566,14.2604,13.2775,0.1853,120,120,0,0,0,0,0,120,None,None,None,None,0,3.4626,3.4654,3.459,0.0015,0.5538,0.5546,0.553,0.0004,0.921,0.9223,0.9198,0.0006,-0.0001,-0.0001,-0.0001,0,0.0001,0.0001,0,0,0,0,0,0,0,0,0,0,186.4083,348,38,68.5653,0,0,0,0,278.4833,557,80,76.9423,35,44.7833,49,39,23.65,23.68,23.63
2022-11-12 22:20:00,2.0891,4.2488,0.4584,0.837,120,76.5969,37.2303,120,91.7618,92.0438,91.4945,0.1726,120,25.4406,25.4887,25.3362,0.0435,120,1007.6653,1007.886,1007.5198,0.0889,120,1.5199,4.3252,0,1.7081,120,0,0,0,0,120,13.4372,14.2604,12.2946,0.3381,120,120,0,0,0,0,0,120,None,None,None,None,0,3.4611,3.4648,3.4587,0.0015,0.5544,0.5549,0.5534,0.0004,0.9176,0.9204,0.9149,0.0017,-0.0001,-0.0001,-0.0001,0,0,0.0001,0,0,0,0,0,0,0,0,0,0,204.25,439,27,90.9744,0,0,0,0,249.25,1001,25,153.0745,35,45.05,49,41,23.64,23.68,23.63
2022-11-12 22:30:00,1.264,2.8688,0.2836,0.6034,120,103.9597,54.6285,120,91.5891,91.7692,91.3419,0.1273,120,25.2745,25.3423,25.2202,0.0374,120,1007.618,1007.7212,1007.5198,0.0944,120,2.0806,4.085,0,1.4156,120,0,0,0,0,120,13.5437,14.2604,13.2775,0.254,120,120,0,0,0,0,0,120,None,None,None,None,0,3.4603,3.462,3.4587,0.0016,0.5527,0.5534,0.5522,0.0004,0.9159,0.9177,0.9134,0.0013,-0.0001,-0.0001,-0.0001,0,0,0.0001,0,0,0,0,0,0,0,0,0,0,114.5667,289,8,65.5877,0,0,0,0,349.3583,1019,69,191.9872,35,44.6667,47,41,23.64,23.68,23.63
2022-11-12 22:40:00,1.8842,4.2764,0.3296,0.7515,120,86.4955,35.405,120,91.2564,91.525,91.0367,0.1425,120,25.2631,25.2995,25.2232,0.0231,120,1007.4389,1007.5564,1007.3366,0.0842,120,4.7141,5.2866,3.6047,0.4159,120,0,0,0,0,120,13.6952,13.7689,13.2775,0.1762,120,120,0,0,0,0,0,120,None,None,None,None,0,3.4573,3.4593,3.4556,0.0014,0.5526,0.553,0.5522,0.0002,0.9126,0.9153,0.9104,0.0014,-0.0001,-0.0001,-0.0001,0,0.0001,0.0001,0,0,0,0,0,0,0,0,0,0,181.975,442,13,81.6884,0,0,0,0,273.3583,1015,78,148.1402,35,44.9167,49,41,23.64,23.68,23.63
2022-11-12 22:50:00,1.7066,3.4484,0.5872,0.612,120,94.0444,41.2739,120,90.9291,91.0978,90.7315,0.0949,120,25.3178,25.3514,25.2904,0.0142,120,1007.3908,1007.5381,1007.1718,0.0711,120,4.1052,4.8063,3.3646,0.3707,120,0,0,0,0,120,13.7116,14.2604,13.2775,0.1823,120,120,0,0,0,0,0,120,None,None,None,None,0,3.4565,3.459,3.4529,0.0012,0.5532,0.5535,0.5529,0.0001,0.9093,0.911,0.9073,0.0009,-0.0001,-0.0001,-0.0001,0,0.0001,0.0001,0,0,0,0,0,0,0,0,0,0,162.675,352,41,66.5205,0,0,0,0,294.3667,992,13,152.9591,35,44.7833,47,41,23.64,23.68,23.63
2022-11-12 23:00:00,1.6696,4.0096,0.5596,0.7644,120,91.9472,43.6385,120,90.6267,90.9146,90.4263,0.122,120,25.3605,25.385,25.3453,0.008,120,1007.2468,1007.5198,1006.9887,0.0996,120,3.5686,4.5661,2.8835,0.3464,120,0,0,0,0,120,13.6747,14.2604,13.2775,0.2044,120,120,0,0,0,0,0,120,None,None,None,None,0,3.4541,3.4587,3.4498,0.0017,0.5536,0.5538,0.5534,0.0001,0.9063,0.9091,0.9043,0.0012,-0.0001,-0.0001,-0.0001,0,0,0.0001,0,0,0,0,0,0,0,0,0,0,158.65,413,38,83.0875,0,0,0,0,294.15,973,74,154.8317,35,44.7833,47,41,23.64,23.68,23.63
2022-11-12 23:10:00,1.1616,2.2064,0.4032,0.4004,120,107.1511,46.61,120,90.364,90.5789,90.1822,0.0951,120,25.4107,25.4247,25.3819,0.0116,120,1007.1067,1007.1902,1006.9704,0.0892,120,1.8343,3.3646,0.7213,0.604,120,0,0,0,0,120,13.6215,14.2604,13.2775,0.235,120,120,0,0,0,0,0,120,None,None,None,None,0,3.4518,3.4532,3.4495,0.0015,0.5541,0.5543,0.5538,0.0001,0.9036,0.9058,0.9018,0.001,-0.0001,-0.0001,-0.0001,0,0,0,0,0,0,0,0,0,0,0,0,0,103.4333,217,21,43.5168,0,0,0,0,326.875,1012,51,153.0917,34.9,44.6667,47,41,23.64,23.68,23.63
2022-11-12 23:20:00,1.3675,3.016,0.348,0.579,120,83.5019,48.5772,120,90.0286,90.2738,89.8465,0.1462,120,25.427,25.4491,25.4094,0.0086,120,1006.9945,1007.1718,1006.9704,0.0371,120,0.6187,1.4417,0.2402,0.2799,120,0,0,0,0,120,13.6338,13.7689,13.2775,0.2204,120,120,0,0,0,0,0,120,None,None,None,None,0,3.4499,3.4529,3.4495,0.0006,0.5543,0.5545,0.5541,0.0001,0.9003,0.9027,0.8985,0.0015,-0.0001,-0.0001,-0.0001,0,0,0,0,0,0,0,0,0,0,0,0,0,125.8167,305,15,62.9387,0,0,0,0,290.05,988,59,178.1345,34,45.1,49,41,23.64,23.68,23.63
2022-11-12 23:30:00,1.6192,2.832,0.532,0.498,120,72.1517,36.7001,120,89.7013,89.877,89.4803,0.1084,120,25.4416,25.4704,25.4125,0.0157,120,1006.9669,1007.1718,1006.7873,0.0687,120,0.1581,0.7213,0,0.203,120,0,0,0,0,120,13.7157,14.2604,13.2775,0.1779,120,120,0,0,0,0,0,120,None,None,None,None,0,3.4494,3.4529,3.4465,0.0011,0.5544,0.5547,0.5541,0.0002,0.897,0.8988,0.8948,0.0011,-0.0001,-0.0001,-0.0001,0,0,0,0,0,0,0,0,0,0,0,0,0,153.175,285,35,54.1316,0,0,0,0,236.1167,1021,29,157.1905,34,44.6833,47,41,23.64,23.68,23.63
2022-11-12 23:40:00,1.5309,3.7704,0.2652,0.7747,120,80.1605,44.4907,120,89.4136,89.6634,89.2056,0.121,120,25.4833,25.504,25.4613,0.0089,120,1006.8598,1007.0071,1006.6042,0.0988,120,0,0,0,0,120,0,0,0,0,120,13.6338,13.7689,13.2775,0.2204,120,120,0,0,0,0,0,120,None,None,None,None,0,3.4477,3.4501,3.4434,0.0016,0.5548,0.555,0.5546,0.0001,0.8941,0.8966,0.8921,0.0012,-0.0001,-0.0001,-0.0001,0,0,0,0,0,0,0,0,0,0,0,0,0,143.575,387,6,84.2093,0,0,0,0,272.2083,988,37,170.8563,34,44.6333,47,41,23.64,23.68,23.63
2022-11-12 23:50:00,1.6664,4.0372,0.302,0.7956,120,77.891,33.7336,120,89.0133,89.2056,88.7783,0.1066,120,25.4944,25.5223,25.4643,0.0161,120,1006.7045,1006.8056,1006.5676,0.0975,120,0,0,0,0,120,0,0,0,0,120,13.6502,14.2604,13.2775,0.2384,120,120,0.1,0,0,0,0,120,None,None,None,None,0,3.4451,3.4468,3.4428,0.0016,0.5549,0.5552,0.5546,0.0002,0.8901,0.8921,0.8878,0.0011,-0.0001,-0.0001,-0.0001,0,0,0,0,0,0,0,0,0,0,0,0,0,158.3083,416,10,86.4827,0.0083,1,0,0.0913,234.2167,862,7,113.5166,34,44.9333,47,41,23.64,23.68,23.63
