datetime,Anemometer;wind_speed;Avg (m/s),Anemometer;wind_speed;Max (m/s),Anemometer;wind_speed;Min (m/s),Anemometer;wind_speed;StdDev (m/s),Anemometer;wind_speed;Count (),Wind Vane TMR;wind_direction;Avg (°),Wind Vane TMR;wind_direction;StdDev (°),Wind Vane TMR;wind_direction;Count (),Hygro/Thermo;humidity;Avg (%),Hygro/Thermo;humidity;Max (%),Hygro/Thermo;humidity;Min (%),Hygro/Thermo;humidity;StdDev (%),Hygro/Thermo;humidity;Count (),Hygro/Thermo;temperature;Avg (°C),Hygro/Thermo;temperature;Max (°C),Hygro/Thermo;temperature;Min (°C),Hygro/Thermo;temperature;StdDev (°C),Hygro/Thermo;temperature;Count (),Barometer;air_pressure;Avg (hPa),Barometer;air_pressure;Max (hPa),Barometer;air_pressure;Min (hPa),Barometer;air_pressure;StdDev (hPa),Barometer;air_pressure;Count (),DHI (Diffuse Horizontal Irradiance);solar_irradiance;Avg (W/m²),DHI (Diffuse Horizontal Irradiance);solar_irradiance;Max (W/m²),DHI (Diffuse Horizontal Irradiance);solar_irradiance;Min (W/m²),DHI (Diffuse Horizontal Irradiance);solar_irradiance;StdDev (W/m²),DHI (Diffuse Horizontal Irradiance);solar_irradiance;Count (),GHI (Global Horizontal Irradiance);solar_irradiance;Avg (W/m²),GHI (Global Horizontal Irradiance);solar_irradiance;Max (W/m²),GHI (Global Horizontal Irradiance);solar_irradiance;Min (W/m²),GHI (Global Horizontal Irradiance);solar_irradiance;StdDev (W/m²),GHI (Global Horizontal Irradiance);solar_irradiance;Count (),DNI (Direct Normal Irradiance) Pyrheliometer;solar_DNI;Avg (W/m²),DNI (Direct Normal Irradiance) Pyrheliometer;solar_DNI;Max (W/m²),DNI (Direct Normal Irradiance) Pyrheliometer;solar_DNI;Min (W/m²),DNI (Direct Normal Irradiance) Pyrheliometer;solar_DNI;StdDev (W/m²),DNI (Direct Normal Irradiance) Pyrheliometer;solar_DNI;Count (),Precipitation;precipitation;Count (),Precipitation;precipitation;Sum (mm),GTI (Global Tilt Irradiance) PV Cell;voltage;Avg (W/m2),GTI (Global Tilt Irradiance) PV Cell;voltage;Max (W/m2),GTI (Global Tilt Irradiance) PV Cell;voltage;Min (W/m2),GTI (Global Tilt Irradiance) PV Cell;voltage;StdDev (W/m2),GTI (Global Tilt Irradiance) PV Cell;voltage;Count (),Theta;other;Avg (°),Theta;other;Max (°),Theta;other;Min (°),Theta;other;StdDev (°),Theta;other;Count (),A1;channel;Avg (V),A1;channel;Max (V),A1;channel;Min (V),A1;channel;StdDev (V),A2;channel;Avg (V),A2;channel;Max (V),A2;channel;Min (V),A2;channel;StdDev (V),A3;channel;Avg (V),A3;channel;Max (V),A3;channel;Min (V),A3;channel;StdDev (V),A4;channel;Avg (V),A4;channel;Max (V),A4;channel;Min (V),A4;channel;StdDev (V),A5;channel;Avg (V),A5;channel;Max (V),A5;channel;Min (V),A5;channel;StdDev (V),A6;channel;Avg (V),A6;channel;Max (V),A6;channel;Min (V),A6;channel;StdDev (V),A7;channel;Avg (V),A7;channel;Max (V),A7;channel;Min (V),A7;channel;StdDev (V),C1;channel;Avg (I),C1;channel;Max (I),C1;channel;Min (I),C1;channel;StdDev (I),C2;channel;Avg (I),C2;channel;Max (I),C2;channel;Min (I),C2;channel;StdDev (I),D1;channel;Avg (),D1;channel;Max (),D1;channel;Min (),D1;channel;StdDev (),T;channel;Avg (°C),I;channel;Avg (mA),I;channel;Max (mA),I;channel;Min (mA),V;channel;Avg (V),V;channel;Max (V),V;channel;Min (V)
2022-11-09 00:00:00,1.1545,1.8108,0.3848,0.2802,120,102.2856,26.2017,120,79.3685,79.5618,79.2566,0.0956,120,25.8554,25.8946,25.8245,0.019,120,1009.8271,1010.0284,1009.6072,0.136,120,0,0,0,0,120,0,0,0,0,120,13.7648,14.2604,13.2775,0.2064,120,120,0,0,0,0,0,120,None,None,None,None,0,3.4971,3.5005,3.4935,0.0023,0.5585,0.5589,0.5582,0.0002,0.7937,0.7956,0.7926,0.001,-0.0001,-0.0001,-0.0001,0,0,0,0,0,0,0,0,0,0,0,0,0,102.6583,174,19,30.461,0,0,0,0,296.3167,838,107,85.7322,35.8,44.4833,51,41,23.67,23.68,23.63
2022-11-09 00:10:00,1.313,2.4364,0.348,0.4514,120,105.6121,29.2731,120,79.6869,79.8059,79.5312,0.0729,120,25.8414,25.8519,25.8275,0.0052,120,1009.5961,1009.827,1009.4058,0.0764,120,0,0,0,0,120,0,0,0,0,120,13.7566,14.2604,13.2775,0.174,120,120,0,0,0,0,0,120,None,None,None,None,0,3.4933,3.4971,3.4901,0.0013,0.5584,0.5585,0.5583,0.0001,0.7969,0.7981,0.7953,0.0007,-0.0001,-0.0001,-0.0001,0,0,0,0,0,0,0,0,0,0,0,0,0,119.8917,242,15,49.0633,0,0,0,0,304.8667,933,23,98.3481,35.7,41.8833,47,41,23.68,23.68,23.63
2022-11-09 00:20:00,1.1512,2.28,0.3572,0.4767,120,104.7436,29.3588,120,79.9977,80.1721,79.8059,0.118,120,25.8152,25.8397,25.797,0.0115,120,1009.4559,1009.6255,1009.241,0.0762,120,0,0,0,0,120,0,0,0,0,120,13.7485,14.2604,13.2775,0.2243,120,120,0,0,0,0,0,120,None,None,None,None,0,3.4909,3.4938,3.4874,0.0013,0.5582,0.5584,0.558,0.0001,0.8,0.8017,0.7981,0.0012,-0.0001,-0.0001,-0.0001,0,0,0,0,0,0,0,0,0,0,0,0,0,102.3083,225,16,51.8127,0,0,0,0,299.475,567,60,85.9324,35,41.75,47,39,23.68,23.68,23.63
2022-11-09 00:30:00,1.1791,2.142,0.44,0.3533,120,114.1555,26.51,120,80.3425,80.4773,80.1721,0.0935,120,25.8048,25.8183,25.7909,0.0052,120,1009.3924,1009.4424,1009.2227,0.074,120,0,0,0,0,120,0,0,0,0,120,13.7321,14.2604,13.2775,0.2031,120,120,0,0,0,0,0,120,None,None,None,None,0,3.4899,3.4907,3.487,0.0012,0.5581,0.5582,0.5579,0.0001,0.8034,0.8048,0.8017,0.0009,-0.0001,-0.0001,-0.0001,0,0,0,0,0,0,0,0,0,0,0,0,0,105.3417,210,25,38.4027,0,0,0,0,324.6333,519,174,75.8825,35,41.7667,47,41,23.68,23.68,23.63
2022-11-09 00:40:00,1.3438,2.3812,0.5136,0.3258,120,112.7408,24.9468,120,80.634,80.7825,80.4773,0.0946,120,25.7822,25.8031,25.7665,0.0075,120,1009.288,1009.4424,1009.0579,0.0895,120,0,0,0,0,120,0,0,0,0,120,13.6747,14.2604,13.2775,0.2141,120,120,0,0,0,0,0,120,None,None,None,None,0,3.4881,3.4907,3.4843,0.0015,0.5578,0.558,0.5577,0.0001,0.8063,0.8078,0.8048,0.0009,-0.0001,-0.0001,-0.0001,0,0,0,0,0,0,0,0,0,0,0,0,0,123.2417,236,33,35.4109,0,0,0,0,320.575,529,185,71.5227,35,41.6333,47,39,23.68,23.68,23.63
2022-11-09 00:50:00,1.3844,2.2064,0.7436,0.35,120,107.2915,22.0334,120,80.8636,80.9656,80.752,0.0684,120,25.7697,25.7909,25.7573,0.0071,120,1009.0713,1009.2593,1008.8748,0.0584,120,0,0,0,0,120,0,0,0,0,120,13.6665,14.2604,13.2775,0.2375,120,120,0,0,0,0,0,120,None,None,None,None,0,3.4845,3.4877,3.4812,0.001,0.5577,0.5579,0.5576,0.0001,0.8086,0.8097,0.8075,0.0007,-0.0001,-0.0001,-0.0001,0,0,0,0,0,0,0,0,0,0,0,0,0,127.65,217,58,38.0428,0,0,0,0,304.475,462,174,63.0435,35,41.8167,47,41,23.68,23.68,23.63
2022-11-09 01:00:00,1.0842,1.82,0.3848,0.305,120,100.9822,32.807,120,81.049,81.1487,80.9656,0.0498,120,25.7728,25.7848,25.7604,0.0063,120,1008.9254,1009.0762,1008.8565,0.0822,120,0,0,0,0,120,0,0,0,0,120,13.642,14.2604,13.2775,0.2426,120,120,0,0,0,0,0,120,None,None,None,None,0,3.4821,3.4846,3.4809,0.0014,0.5577,0.5578,0.5576,0.0001,0.8105,0.8115,0.8097,0.0005,-0.0001,-0.0001,-0.0001,0,0,0,0,0,0,0,0,0,0,0,0,0,95.025,175,19,33.1575,0,0,0,0,308.6667,935,127,127.2156,35,41.6833,47,41,23.68,23.68,23.63
2022-11-09 01:10:00,0.613,1.13,0,0.2381,120,98.641,44.1232,120,81.1691,81.3013,81.0877,0.0589,120,25.7721,25.7909,25.7604,0.006,120,1008.8546,1008.8931,1008.655,0.0584,120,0,0,0,0,120,0,0,0,0,120,13.6543,14.2604,13.2775,0.2274,120,120,0,0,0,0,0,120,None,None,None,None,0,3.4809,3.4816,3.4776,0.001,0.5577,0.5579,0.5576,0.0001,0.8117,0.813,0.8109,0.0006,-0.0001,-0.0001,-0.0001,0,0,0,0,0,0,0,0,0,0,0,0,0,44.1833,100,0,25.0512,0,0,0,0,314.3917,1010,48,163.2997,35,41.7667,47,39,23.68,23.68,23.63
2022-11-09 01:20:00,0.7823,1.8476,0.2284,0.3211,120,100.2386,40.4603,120,81.4107,81.5455,81.2708,0.0758,120,25.7764,25.8,25.7573,0.0099,120,1008.7045,1008.8748,1008.4719,0.0789,120,0,0,0,0,120,0,0,0,0,120,13.6788,14.2604,13.2775,0.2296,120,120,0,0,0,0,0,120,None,None,None,None,0,3.4784,3.4812,3.4745,0.0013,0.5578,0.558,0.5576,0.0001,0.8141,0.8155,0.8127,0.0008,-0.0001,-0.0001,-0.0001,0,0,0,0,0,0,0,0,0,0,0,0,0,62.2083,178,2,34.9032,0,0,0,0,304.325,991,32,139.5413,35,41.45,47,39,23.68,23.68,23.63
2022-11-09 01:30:00,1.1903,2.1512,0.5504,0.3703,120,103.7666,29.1647,120,81.6101,81.698,81.5149,0.0488,120,25.8029,25.8092,25.7909,0.004,120,1008.7129,1008.8748,1008.4902,0.0882,120,0,0,0,0,120,0,0,0,0,120,13.6747,14.2604,13.2775,0.2234,120,120,0,0,0,0,0,120,None,None,None,None,0,3.4785,3.4812,3.4748,0.0015,0.558,0.5581,0.5579,0,0.8161,0.817,0.8151,0.0005,-0.0001,-0.0001,-0.0001,0,0,0,0,0,0,0,0,0,0,0,0,0,106.55,211,37,40.2479,0,0,0,0,295.2917,535,79,84.2261,35,41.5167,47,39,23.68,23.68,23.63
2022-11-09 01:40:00,1.2112,2.28,0.5044,0.4106,120,98.4241,26.7525,120,81.7448,81.7896,81.698,0.0216,120,25.7964,25.8092,25.7756,0.0072,120,1008.6695,1008.8748,1008.4536,0.077,120,0,0,0,0,120,0,0,0,0,120,13.6543,14.2604,13.2775,0.2182,120,120,0,0,0,0,0,120,None,None,None,None,0,3.4778,3.4812,3.4742,0.0013,0.558,0.5581,0.5578,0.0001,0.8174,0.8179,0.817,0.0002,-0.0001,-0.0001,-0.0001,0,0,0,0,0,0,0,0,0,0,0,0,0,108.825,225,32,44.635,0,0,0,0,279.4333,569,50,78.0535,35,41.7833,47,39,23.68,23.68,23.63
2022-11-09 01:50:00,1.429,2.7584,0.4952,0.477,120,102.3188,26.7578,120,81.7586,81.8201,81.6675,0.0329,120,25.7546,25.7787,25.7237,0.014,120,1008.6525,1008.8565,1008.4536,0.0542,120,0,0,0,0,120,0,0,0,0,120,13.6461,13.7689,13.2775,0.2137,120,120,0,0,0,0,0,120,None,None,None,None,0,3.4775,3.4809,3.4742,0.0009,0.5575,0.5578,0.5572,0.0001,0.8176,0.8182,0.8167,0.0003,-0.0001,-0.0001,-0.0001,0,0,0,0,0,0,0,0,0,0,0,0,0,132.5,277,31,51.8498,0,0,0,0,292.25,550,98,77.9922,35,41.5667,47,39,23.67,23.68,23.63
2022-11-09 02:00:00,1.1345,1.8936,0.44,0.2956,120,108.4184,31.2987,120,81.7392,81.7896,81.698,0.0313,120,25.7153,25.7329,25.6932,0.0101,120,1008.605,1008.8748,1008.4536,0.0964,120,0,0,0,0,120,0,0,0,0,120,13.5027,13.7689,12.786,0.254,120,120,0,0,0,0,0,120,None,None,None,None,0,3.4767,3.4812,3.4742,0.0016,0.5572,0.5573,0.5569,0.0001,0.8174,0.8179,0.817,0.0003,-0.0001,-0.0001,-0.0001,0,0,0,0,0,0,0,0,0,0,0,0,0,100.4917,183,25,32.1261,0,0,0,0,310.9917,608,59,91.2015,35,41.6167,47,39,23.67,23.68,23.63
2022-11-09 02:10:00,1.429,2.4364,0.3296,0.4207,120,93.693,27.3975,120,81.6162,81.698,81.4844,0.0505,120,25.6499,25.6993,25.5956,0.0267,120,1008.4971,1008.6734,1008.4536,0.0679,120,0,0,0,0,120,0,0,0,0,120,13.5887,14.2604,13.2775,0.2462,120,120,0,0,0,0,0,120,None,None,None,None,0,3.475,3.4779,3.4742,0.0011,0.5565,0.557,0.556,0.0003,0.8162,0.817,0.8148,0.0005,-0.0001,-0.0001,-0.0001,0,0,0,0,0,0,0,0,0,0,0,0,0,132.5,242,13,45.723,0,0,0,0,275.1667,926,114,97.8639,35,41.75,47,39,23.67,23.68,23.63
2022-11-09 02:20:00,1.1361,2.4824,0.4952,0.3799,120,106.2177,28.7687,120,81.5335,81.576,81.4844,0.0218,120,25.5771,25.6047,25.562,0.007,120,1008.6319,1008.8748,1008.4536,0.1156,120,0,0,0,0,120,0,0,0,0,120,13.5805,14.2604,13.2775,0.2483,120,120,0,0,0,0,0,120,None,None,None,None,0,3.4772,3.4812,3.4742,0.0019,0.5558,0.5561,0.5556,0.0001,0.8153,0.8158,0.8148,0.0002,-0.0001,-0.0001,-0.0001,0,0,0,0,0,0,0,0,0,0,0,0,0,100.6667,247,31,41.289,0,0,0,0,300.9083,476,42,82.4123,35,41.5667,47,39,23.68,23.68,23.63
2022-11-09 02:30:00,1.2479,2.7676,0.5412,0.5183,120,94.4035,28.6152,120,81.4926,81.637,81.4234,0.0427,120,25.5906,25.62,25.5681,0.0152,120,1008.6279,1008.8748,1008.4536,0.0884,120,0,0,0,0,120,0,0,0,0,120,13.642,14.2604,13.2775,0.2426,120,120,0,0,0,0,0,120,None,None,None,None,0,3.4771,3.4812,3.4742,0.0015,0.5559,0.5562,0.5557,0.0001,0.8149,0.8164,0.8142,0.0004,-0.0001,-0.0001,-0.0001,0,0,0,0,0,0,0,0,0,0,0,0,0,112.8167,278,36,56.3393,0,0,0,0,276.0417,1005,17,104.2476,35,41.7,47,39,23.67,23.68,23.63
2022-11-09 02:40:00,1.2354,2.51,0.4032,0.4574,120,104.0093,33.3866,120,81.4041,81.4844,81.3318,0.0354,120,25.5895,25.6261,25.562,0.0151,120,1008.5482,1008.6917,1008.4536,0.0941,120,0,0,0,0,120,0,0,0,0,120,13.5601,13.7689,13.2775,0.244,120,120,0,0,0,0,0,120,None,None,None,None,0,3.4758,3.4782,3.4742,0.0016,0.5559,0.5563,0.5556,0.0001,0.814,0.8148,0.8133,0.0004,-0.0001,-0.0001,-0.0001,0,0,0,0,0,0,0,0,0,0,0,0,0,111.4583,250,21,49.719,0,0,0,0,299.9,724,74,99.3971,34.1,41.5,47,39,23.67,23.68,23.63
2022-11-09 02:50:00,1.003,2.2248,0.2836,0.4207,120,102.571,38.9127,120,81.4183,81.5149,81.3623,0.0339,120,25.5321,25.5742,25.4918,0.0235,120,1008.5316,1008.6734,1008.4536,0.0903,120,0,0,0,0,120,0,0,0,0,120,13.5191,13.7689,13.2775,0.2467,120,120,0,0,0,0,0,120,None,None,None,None,0,3.4755,3.4779,3.4742,0.0015,0.5553,0.5557,0.5549,0.0002,0.8142,0.8151,0.8136,0.0003,-0.0001,-0.0001,-0.0001,0,0,0,0,0,0,0,0,0,0,0,0,0,86.1917,219,8,45.7256,0,0,0,0,315.55,1020,53,146.4367,34,41.7667,47,39,23.67,23.68,23.63
2022-11-09 03:00:00,0.9761,2.1328,0.2192,0.4619,120,109.2503,36.7292,120,81.5081,81.5455,81.4539,0.0222,120,25.5133,25.5254,25.4949,0.0067,120,1008.6212,1008.8565,1008.4536,0.0862,120,0,0,0,0,120,0,0,0,0,120,13.6133,14.2604,13.2775,0.2466,120,120,0,0,0,0,0,120,None,None,None,None,0,3.477,3.4809,3.4742,0.0014,0.5551,0.5553,0.555,0.0001,0.8151,0.8155,0.8145,0.0002,-0.0001,-0.0001,-0.0001,0,0,0,0,0,0,0,0,0,0,0,0,0,83.2667,209,1,50.2071,0,0,0,0,320.3583,964,117,117.6662,34,41.4833,47,39,23.67,23.68,23.63
2022-11-09 03:10:00,1.1088,2.0684,0.5228,0.3433,120,96.2445,28.0241,120,81.5592,81.6675,81.4844,0.0347,120,25.537,25.5559,25.5162,0.0121,120,1008.7123,1008.8565,1008.6367,0.0857,120,0,0,0,0,120,0,0,0,0,120,13.6543,14.2604,13.2775,0.2446,120,120,0,0,0,0,0,120,None,None,None,None,0,3.4785,3.4809,3.4773,0.0014,0.5554,0.5556,0.5552,0.0001,0.8156,0.8167,0.8148,0.0003,-0.0001,-0.0001,-0.0001,0,0,0,0,0,0,0,0,0,0,0,0,0,97.6917,202,34,37.3099,0,0,0,0,288.2,986,63,114.7856,34,41.6,47,39,23.67,23.68,23.63
2022-11-09 03:20:00,1.1022,1.82,0.4584,0.3058,120,100.2187,21.0048,120,81.6159,81.7286,81.5149,0.0535,120,25.5342,25.5528,25.5132,0.01,120,1008.702,1008.8748,1008.6367,0.0802,120,0,0,0,0,120,0,0,0,0,120,13.6215,13.7689,13.2775,0.2262,120,120,0,0,0,0,0,120,None,None,None,None,0,3.4784,3.4812,3.4773,0.0013,0.5553,0.5555,0.5551,0.0001,0.8162,0.8173,0.8151,0.0005,-0.0001,-0.0001,-0.0001,0,0,0,0,0,0,0,0,0,0,0,0,0,96.975,175,27,33.2372,0,0,0,0,283.6333,446,14,61.1305,34,41.9,47,39,23.67,23.68,23.63
2022-11-09 03:30:00,1.2024,2.2064,0.4032,0.4138,120,103.0654,32.1926,120,81.8377,81.9422,81.698,0.052,120,25.5311,25.5437,25.5132,0.0075,120,1008.8298,1009.0396,1008.6367,0.0662,120,0,0,0,0,120,0,0,0,0,120,13.6706,14.2604,13.2775,0.2074,120,120,0,0,0,0,0,120,None,None,None,None,0,3.4805,3.484,3.4773,0.0011,0.5553,0.5554,0.5551,0.0001,0.8184,0.8194,0.817,0.0005,-0.0001,-0.0001,-0.0001,0,0,0,0,0,0,0,0,0,0,0,0,0,107.875,217,21,44.9752,0,0,0,0,302.1167,839,81,106.5764,34,41.7,47,39,23.67,23.68,23.63
2022-11-09 03:40:00,1.0548,2.326,0,0.4942,120,113.4582,38.6545,120,82.0391,82.1558,81.9117,0.0559,120,25.5563,25.5773,25.5345,0.0103,120,1008.918,1009.0396,1008.8198,0.0874,120,0,0,0,0,120,0,0,0,0,120,13.6829,14.2604,13.2775,0.2267,120,120,0,0,0,0,0,120,None,None,None,None,0,3.482,3.484,3.4803,0.0015,0.5556,0.5558,0.5554,0.0001,0.8204,0.8216,0.8191,0.0006,-0.0001,-0.0001,-0.0001,0,0,0,0,0,0,0,0,0,0,0,0,0,92.0167,230,0,53.3506,0,0,0,0,339.0333,821,43,125.3452,34,41.5833,47,39,23.67,23.68,23.63
2022-11-09 03:50:00,0.6948,1.5348,0.3204,0.2512,120,104.4451,35.6373,120,82.1306,82.2474,82.0338,0.0596,120,25.5467,25.5803,25.5132,0.0174,120,1009.0046,1009.2227,1008.8382,0.0713,120,0,0,0,0,120,0,0,0,0,120,13.5355,13.7689,13.2775,0.2465,120,120,0,0,0,0,0,120,None,None,None,None,0,3.4834,3.487,3.4806,0.0012,0.5555,0.5558,0.5551,0.0002,0.8213,0.8225,0.8203,0.0006,-0.0001,-0.0001,-0.0001,0,0,0,0,0,0,0,0,0,0,0,0,0,52.7,144,12,27.3052,0,0,0,0,305.9083,918,94,113.7296,34,41.65,47,41,23.67,23.68,23.63
2022-11-09 04:00:00,0.6895,2.1972,0,0.4111,120,103.2201,39.995,120,82.2761,82.3695,82.1863,0.0443,120,25.4605,25.5162,25.388,0.037,120,1009.0501,1009.2227,1008.8382,0.0744,120,0,0,0,0,120,0,0,0,0,120,13.47,14.2604,13.2775,0.2492,120,120,0,0,0,0,0,120,None,None,None,None,0,3.4842,3.487,3.4806,0.0012,0.5546,0.5552,0.5539,0.0004,0.8228,0.8237,0.8219,0.0004,-0.0001,-0.0001,-0.0001,0,0,0,0,0,0,0,0,0,0,0,0,0,53.6417,216,0,42.4202,0,0,0,0,301.7167,821,39,120.0097,34,41.6333,47,39,23.67,23.68,23.63
2022-11-09 04:10:00,0.6944,1.4428,0,0.3157,120,95.7069,48.4966,120,82.5106,82.6136,82.3695,0.0678,120,25.3554,25.3941,25.3331,0.0166,120,1009.1214,1009.241,1008.8382,0.0985,120,0,0,0,0,120,0,0,0,0,120,13.5355,13.7689,13.2775,0.2465,120,120,0,0,0,0,0,120,None,None,None,None,0,3.4854,3.4874,3.4806,0.0016,0.5535,0.5539,0.5533,0.0002,0.8251,0.8261,0.8237,0.0007,-0.0001,-0.0001,-0.0001,0,0,0,0,0,0,0,0,0,0,0,0,0,53.225,134,0,33.2193,0,0,0,0,302.85,999,39,162.812,34,41.5833,47,39,23.67,23.68,23.63
2022-11-09 04:20:00,0.7034,1.59,0.2284,0.2883,120,77.1972,42.828,120,82.6701,82.7357,82.5831,0.0368,120,25.3419,25.3545,25.3239,0.0064,120,1009.2978,1009.4241,1009.003,0.098,120,0,0,0,0,120,0,0,0,0,120,13.5355,13.7689,13.2775,0.2465,120,120,0,0,0,0,0,120,None,None,None,None,0,3.4883,3.4904,3.4834,0.0016,0.5534,0.5535,0.5532,0.0001,0.8267,0.8274,0.8258,0.0004,-0.0001,-0.0001,-0.0001,0,0,0,0,0,0,0,0,0,0,0,0,0,53.6333,150,2,31.3369,0,0,0,0,255.3583,1015,34,171.6357,34,41.4333,47,41,23.67,23.68,23.63
2022-11-09 04:30:00,0.8457,1.5992,0.3296,0.2953,120,85.0087,40.8439,120,82.8499,83.0103,82.7052,0.0956,120,25.3336,25.3575,25.3178,0.0101,120,1009.3701,1009.5706,1009.2044,0.0717,120,0.1701,0.4803,0,0.1772,120,0,0,0,0,120,13.6665,14.2604,13.2775,0.2375,120,120,0,0.0814,0.3052,0,0.1355,120,None,None,None,None,0,3.4895,3.4928,3.4867,0.0012,0.5533,0.5536,0.5532,0.0001,0.8285,0.8301,0.8271,0.001,-0.0001,-0.0001,-0.0001,0,0,0,0,0,0,0,0,0,0.0001,0.0003,0,0.0001,69.1,151,13,32.1008,0,0,0,0,255.1917,684,26,123.7593,34,41.6167,47,39,23.66,23.68,23.63
2022-11-09 04:40:00,0.8973,1.9672,0.2744,0.3858,120,86.1539,51.1649,120,82.963,83.0103,82.9188,0.0205,120,25.3575,25.3819,25.3331,0.0109,120,1009.4171,1009.5889,1009.3692,0.0575,120,0.7769,2.4032,0,0.6873,120,0.6685,2.1981,0,0.6278,120,13.5969,14.2604,13.2775,0.2439,120,120,0,1.6099,3.357,0,0.8891,120,None,None,None,None,0,3.4903,3.4931,3.4895,0.001,0.5536,0.5538,0.5533,0.0001,0.8296,0.8301,0.8292,0.0002,-0.0001,-0.0001,-0.0001,0,0,0,0,0,0,0,0,0,0.0016,0.0034,0,0.0009,74.7083,191,7,41.9372,0,0,0,0,301.9167,1021,27,192.8713,34,41.6333,47,41,23.66,23.68,23.63
2022-11-09 04:50:00,0.8721,1.7924,0.2284,0.3047,120,81.067,34.4304,120,83.0955,83.1935,82.9493,0.0716,120,25.3498,25.3911,25.3239,0.0192,120,1009.4562,1009.6072,1009.3875,0.085,120,9.1035,14.4181,2.4032,4.1094,120,8.573,13.922,2.1981,3.8626,120,13.728,14.2604,13.2775,0.2073,120,120,0,9.5752,14.0385,3.357,3.7513,120,89.27,89.91,88.62,0.44,77,3.4909,3.4935,3.4898,0.0014,0.5535,0.5539,0.5532,0.0002,0.831,0.8319,0.8295,0.0007,-0.0001,-0.0001,-0.0001,0,0.0001,0.0002,0,0.0001,0.0001,0.0001,0,0,0.0096,0.014,0.0034,0.0038,71.9667,172,2,33.1163,0,0,0,0,242.3083,932,0,119.5614,34,41.5333,47,41,23.66,23.68,23.63
2022-11-09 05:00:00,0.8633,1.9856,0.3296,0.3711,120,89.3425,41.3037,120,83.1535,83.1935,83.1324,0.0189,120,25.4409,25.501,25.3911,0.03,120,1009.5463,1009.772,1009.3875,0.096,120,21.3389,25.7126,14.4181,3.4041,120,22.2784,32.2401,13.5558,5.2704,120,29.0504,95.8927,13.2775,27.5557,120,120,0,20.0125,23.4992,14.0385,2.6897,120,87.33,88.62,86.05,0.69,120,3.4924,3.4962,3.4898,0.0016,0.5544,0.555,0.5539,0.0003,0.8315,0.8319,0.8313,0.0002,-0.0002,-0.0001,-0.0006,0.0002,0.0003,0.0003,0.0002,0,0.0002,0.0003,0.0001,0,0.02,0.0235,0.014,0.0027,71.0083,193,13,40.3398,0,0,0,0,286.0167,960,67,155.8186,34,41.55,47,39,23.66,23.68,23.63
2022-11-09 05:10:00,0.9329,1.866,0,0.4212,120,102.2589,57.8938,120,83.1357,83.3155,82.7662,0.1273,120,25.6237,25.7909,25.4887,0.0941,120,1009.7383,1009.7903,1009.5706,0.0739,120,30.5526,40.611,25.2315,4.2049,120,42.6423,61.916,28.5762,10.4198,120,128.2096,279.8099,20.1627,91.2513,120,120,0,26.691,34.1807,22.2785,3.3813,120,84.95,86.05,83.73,0.69,120,3.4956,3.4965,3.4928,0.0012,0.5562,0.5579,0.5549,0.0009,0.8314,0.8332,0.8277,0.0013,-0.0008,-0.0001,-0.0017,0.0006,0.0004,0.0005,0.0003,0.0001,0.0004,0.0005,0.0002,0.0001,0.0267,0.0342,0.0223,0.0034,78.9583,180,0,45.0235,0,0,0,0,368.025,1011,0,216.871,34,41.55,47,39,23.66,23.68,23.63
2022-11-09 05:20:00,1.2606,2.2432,0.4492,0.4356,120,92.7585,33.5294,120,82.683,82.8272,82.5526,0.0626,120,25.848,25.8794,25.7939,0.0222,120,1009.7061,1009.7903,1009.5706,0.0926,120,62.8433,75.6953,40.8512,10.0869,120,67.7843,120.1693,41.0336,17.9145,120,50.4296,300.4641,15.7364,70.6797,120,120,0,54.8825,73.8548,34.7911,10.1561,120,82.57,83.73,81.4,0.7,120,3.4951,3.4965,3.4928,0.0015,0.5585,0.5588,0.5579,0.0002,0.8268,0.8283,0.8255,0.0006,-0.0003,-0.0001,-0.0019,0.0004,0.0008,0.001,0.0005,0.0001,0.0006,0.001,0.0003,0.0001,0.0549,0.0739,0.0348,0.0102,114.2,221,26,47.346,0,0,0,0,281.5667,988,18,130.3912,34,41.8,47,39,23.67,23.68,23.63
2022-11-09 05:30:00,1.6404,3.1816,0.2928,0.6409,120,93.1835,29.5265,120,82.4305,82.7662,82.1558,0.1947,120,25.9465,25.9831,25.8794,0.0265,120,1009.8068,1009.9734,1009.5706,0.0852,120,62.7552,75.215,57.4323,4.2133,120,66.5936,97.0876,59.7179,9.2184,120,36.5376,173.5901,15.2449,33.7036,120,120,0,52.8275,71.1081,47.3037,5.8946,120,80.18,81.4,79.08,0.7,120,3.4968,3.4996,3.4928,0.0014,0.5595,0.5598,0.5588,0.0003,0.8243,0.8277,0.8216,0.0019,-0.0002,-0.0001,-0.0011,0.0002,0.0008,0.001,0.0007,0.0001,0.0006,0.0008,0.0005,0.0001,0.0528,0.0711,0.0473,0.0059,155.475,323,9,69.6587,0,0,0,0,283.0167,977,96,117.8807,34,41.6,47,39,23.66,23.68,23.63
2022-11-09 05:40:00,1.6887,3.43,0.3296,0.6982,120,94.7136,41.1886,120,82.1312,82.4915,81.1487,0.3727,120,26.2119,26.6057,25.9465,0.2286,120,1009.9359,1010.1566,1009.7537,0.0857,120,68.3502,71.8504,65.3622,1.8848,120,168.5601,201.8691,100.3854,28.4958,120,460.3307,558.1453,164.2475,118.3348,120,120,0,95.6145,115.9703,65.0044,13.0641,120,77.79,79.08,76.49,0.69,120,3.4989,3.5026,3.4959,0.0014,0.5621,0.5661,0.5595,0.0023,0.8213,0.8249,0.8115,0.0037,-0.0029,-0.001,-0.0035,0.0007,0.0009,0.0009,0.0008,0,0.0014,0.0017,0.0008,0.0002,0.0956,0.116,0.065,0.0131,160.7333,350,13,75.8943,0,0,0,0,291.9333,999,6,143.4698,34,41.9833,47,39,23.66,23.68,23.63
2022-11-09 05:50:00,1.6248,3.4116,0.44,0.6581,120,108.1362,39.7,120,80.6869,81.576,79.7754,0.3873,120,26.9266,27.3015,26.6179,0.1785,120,1010.0082,1010.1566,1009.9368,0.0836,120,68.4264,71.3701,65.8433,1.455,120,222.2911,245.467,202.2353,11.8974,120,576.656,604.863,559.1283,13.149,120,120,0,133.1777,148.6251,116.2755,9.1288,120,75.4,76.49,74.16,0.7,120,3.5001,3.5026,3.4989,0.0014,0.5693,0.573,0.5662,0.0018,0.8069,0.8158,0.7978,0.0039,-0.0036,-0.0035,-0.0038,0.0001,0.0009,0.0009,0.0008,0,0.0019,0.002,0.0017,0.0001,0.1332,0.1486,0.1163,0.0091,153.7833,348,25,71.5336,0,0,0,0,318.4333,879,11,124.1484,34,41.7333,47,39,23.66,23.68,23.63
2022-11-09 06:00:00,1.8812,3.4668,0.624,0.5686,120,106.4834,31.2305,120,78.5813,79.6838,77.9138,0.5329,120,27.3461,27.4175,27.2069,0.0563,120,1010.1845,1010.3397,1010.1382,0.0764,120,96.0111,120.8724,71.6102,17.4213,120,201.344,324.6026,108.8115,73.7037,120,335.8749,626.9916,44.2588,209.3992,120,120,0,134.9147,215.1555,76.6015,45.5759,120,73.01,74.16,71.83,0.7,120,3.5031,3.5057,3.5023,0.0013,0.5735,0.5742,0.5721,0.0006,0.7858,0.7968,0.7791,0.0053,-0.0021,-0.0003,-0.0039,0.0013,0.0012,0.0015,0.0009,0.0002,0.0017,0.0027,0.0009,0.0006,0.1349,0.2152,0.0766,0.0456,181.65,354,45,61.8056,0,0,0,0,308.9583,692,46,95.0859,34,41.8167,49,39,23.66,23.68,23.63
2022-11-09 06:10:00,1.8044,3.4484,0.624,0.6147,120,92.4589,39.9075,120,77.7034,78.5546,76.693,0.4848,120,27.3699,27.5152,27.2039,0.1086,120,1010.2887,1010.5045,1010.1199,0.0791,120,130.4206,134.5701,121.5937,2.6786,120,280.1682,379.5582,139.2197,92.1024,120,427.137,671.2504,32.9471,255.8663,120,120,0,201.4883,272.8355,112.9185,58.8144,120,70.62,71.83,69.5,0.7,120,3.5048,3.5084,3.502,0.0013,0.5737,0.5752,0.572,0.0011,0.777,0.7855,0.7669,0.0048,-0.0027,-0.0002,-0.0042,0.0016,0.0017,0.0017,0.0015,0,0.0023,0.0032,0.0012,0.0008,0.2015,0.2728,0.1129,0.0588,173.3083,352,45,66.8172,0,0,0,0,292.5583,1021,28,154.4769,34,41.6167,47,39,23.66,23.68,23.63
2022-11-09 06:20:00,1.9628,3.2828,0.5044,0.6509,120,90.5898,36.3652,120,76.3939,76.8456,76.0826,0.1762,120,27.3789,27.5121,27.268,0.0865,120,1010.4144,1010.6876,1010.303,0.0936,120,147.5342,164.3677,127.8409,10.7145,120,239.3761,435.6122,133.7251,114.109,120,234.0483,703.7061,18.1953,282.3726,120,120,0,189.1181,330.2103,108.9511,79.4874,120,68.23,69.5,67.16,0.69,120,3.5069,3.5115,3.5051,0.0016,0.5738,0.5751,0.5727,0.0009,0.7639,0.7685,0.7608,0.0018,-0.0015,-0.0001,-0.0044,0.0018,0.0019,0.0021,0.0016,0.0001,0.002,0.0036,0.0011,0.001,0.1891,0.3302,0.109,0.0795,190.525,334,32,70.7498,0,0,0,0,282.9167,1004,14,148.2602,34,41.6167,47,39,23.66,23.68,23.63
2022-11-09 06:30:00,1.9448,4.1384,0.2836,0.8409,120,88.2661,42.0091,120,75.9791,76.7541,75.2586,0.4568,120,27.512,27.6403,27.3046,0.1095,120,1010.5065,1010.7059,1010.3214,0.0553,120,175.2191,215.7921,134.8102,22.2464,120,351.2376,527.5714,155.3397,141.4313,120,401.7254,730.261,15.7364,285.7848,120,120,0,285.3303,424.5125,129.3985,106.7272,120,65.84,66.91,64.57,0.69,120,3.5084,3.5118,3.5054,0.0009,0.5751,0.5764,0.573,0.0011,0.7598,0.7675,0.7526,0.0046,-0.0025,-0.0001,-0.0045,0.0018,0.0022,0.0027,0.0017,0.0003,0.0029,0.0044,0.0013,0.0012,0.2853,0.4245,0.1294,0.1067,188.5667,427,8,91.3973,0,0,0,0,264.0417,636,15,126.4341,34,41.8167,47,41,23.66,23.68,23.63
2022-11-09 06:40:00,2.2619,3.9728,0.67,0.7592,120,87.5367,26.8516,120,75.4468,75.869,75.0145,0.2443,120,27.3544,27.564,27.0788,0.1622,120,1010.6207,1010.7059,1010.5045,0.0908,120,142.664,202.5756,114.3843,28.5879,120,156.0975,457.5942,114.6735,64.1229,120,37.9308,562.0802,13.2775,89.0696,120,120,0,138.081,377.8191,102.237,52.4611,120,63.44,64.57,62.24,0.7,120,3.5103,3.5118,3.5084,0.0015,0.5735,0.5756,0.5708,0.0016,0.7545,0.7587,0.7501,0.0024,-0.0002,-0.0001,-0.0035,0.0006,0.0018,0.0026,0.0015,0.0004,0.0013,0.0038,0.001,0.0005,0.1381,0.3778,0.1022,0.0525,223.0333,409,50,82.5198,0,0,0,0,255.2333,936,77,95.6819,34,41.5833,47,39,23.66,23.68,23.63
2022-11-09 06:50:00,2.0124,3.8624,0.4492,0.7809,120,94.31,34.21,120,76.5007,77.0898,75.7775,0.3749,120,26.9453,27.0757,26.8651,0.0635,120,1010.7343,1010.9073,1010.6876,0.0703,120,133.3883,221.3189,112.4622,23.1589,120,145.9765,530.5018,113.9412,70.8713,120,34.3859,568.4724,13.2775,91.2701,120,120,0,130.1742,449.2325,101.0163,60.4677,120,61.05,62.24,59.91,0.7,120,3.5122,3.5151,3.5115,0.0012,0.5695,0.5708,0.5686,0.0006,0.765,0.7709,0.7578,0.0037,-0.0002,-0.0001,-0.0035,0.0006,0.0017,0.0028,0.0014,0.0003,0.0012,0.0044,0.0009,0.0006,0.1302,0.4492,0.101,0.0605,195.9167,397,26,84.876,0,0,0,0,275.4417,1005,1,117.5224,34,41.6833,47,39,23.66,23.68,23.63
2022-11-09 07:00:00,1.8118,4.0464,0.4216,0.7897,120,76.4737,36.9223,120,77.2223,77.5781,76.7235,0.2183,120,26.9873,27.1306,26.8957,0.0584,120,1010.8179,1010.9073,1010.6876,0.0933,120,242.5961,257.6047,223.2417,8.8537,120,295.7755,669.3553,226.0492,103.7514,120,99.7778,728.785,14.7535,169.6567,120,120,0,261.1799,575.2739,201.4222,84.4994,120,58.66,59.91,57.58,0.7,120,3.5136,3.5151,3.5115,0.0016,0.5699,0.5713,0.569,0.0006,0.7722,0.7758,0.7672,0.0022,-0.0006,-0.0001,-0.0045,0.0011,0.0031,0.0033,0.0028,0.0001,0.0025,0.0056,0.0019,0.0009,0.2612,0.5753,0.2014,0.0845,174.1083,417,23,85.8377,0,0,0,0,246.725,994,28,150.297,34,41.6,47,39,23.67,23.68,23.63
2022-11-09 07:10:00,2.3414,4.8836,0.8356,0.9005,120,79.4605,33.0911,120,76.9094,77.7001,75.869,0.464,120,27.4472,27.7685,27.1215,0.2143,120,1010.9326,1011.0904,1010.889,0.0705,120,263.3783,296.5339,210.7457,22.6143,120,564.0276,767.5426,251.3289,211.4028,120,501.9457,811.8933,16.7193,335.4387,120,120,0,490.2061,665.3035,218.8177,179.7589,120,56.27,57.58,54.99,0.69,120,3.5155,3.5182,3.5148,0.0012,0.5745,0.5777,0.5712,0.0021,0.7691,0.777,0.7587,0.0046,-0.0031,-0.0001,-0.005,0.0021,0.0033,0.0038,0.0027,0.0003,0.0047,0.0064,0.0021,0.0018,0.4902,0.6653,0.2188,0.1798,231.675,508,68,97.8783,0,0,0,0,231.9417,638,18,98.5172,34.8,41.9,47,39,23.67,23.68,23.63
2022-11-09 07:20:00,2.6518,4.6812,0.6792,0.9594,120,79.2983,41.8512,120,75.1877,75.9911,74.3126,0.4385,120,27.8123,27.8662,27.741,0.0448,120,1011.0494,1011.1087,1010.889,0.0814,120,170.9918,208.1024,139.3756,19.1076,120,569.5995,721.0132,147.6471,192.8371,120,623.8362,820.7444,15.2449,287.3801,120,120,0,479.4941,610.3702,116.2755,165.643,120,53.88,54.99,52.66,0.7,120,3.5175,3.5185,3.5148,0.0014,0.5781,0.5787,0.5774,0.0004,0.7519,0.7599,0.7431,0.0044,-0.0039,-0.0001,-0.0051,0.0018,0.0022,0.0026,0.0018,0.0002,0.0047,0.006,0.0012,0.0016,0.4795,0.6104,0.1163,0.1656,265.4167,486,51,104.2871,0,0,0,0,251.425,913,33,144.4789,35,41.6667,47,39,23.67,23.68,23.63
2022-11-09 07:30:00,2.8721,4.9756,1.0196,0.86,120,98.6697,33.9511,120,74.044,74.8009,73.2139,0.4883,120,28.0194,28.1011,27.8478,0.0811,120,1011.1068,1011.2918,1010.9073,0.0501,120,169.652,204.2575,153.3134,12.215,120,698.7475,766.443,321.3049,73.1482,120,785.1698,855.1676,176.5404,118.1626,120,120,0,593.641,660.4206,279.2444,61.0888,120,51.49,52.66,50.33,0.7,120,3.5184,3.5215,3.5151,0.0008,0.5802,0.581,0.5785,0.0008,0.7404,0.748,0.7321,0.0049,-0.0049,-0.0011,-0.0053,0.0007,0.0022,0.0026,0.0019,0.0002,0.0058,0.0064,0.0027,0.0006,0.5936,0.6604,0.2792,0.0611,289.3583,518,88,93.4783,0,0,0,0,290.975,947,51,112.1261,35,41.45,47,39,23.67,23.68,23.63
2022-11-09 07:40:00,3.0074,5.4172,0.808,1.1862,120,90.0496,40.7503,120,72.9769,73.7022,72.0237,0.4416,120,28.1152,28.2293,28.034,0.0614,120,1011.1611,1011.3102,1010.9073,0.0888,120,163.3041,198.4906,141.2984,15.1492,120,700.5366,799.0504,185.383,142.9378,120,757.2378,869.9194,54.5859,199.8857,120,120,0,597.0819,685.4457,145.8785,126.9306,120,49.11,50.33,48.01,0.7,120,3.5194,3.5218,3.5151,0.0015,0.5812,0.5823,0.5803,0.0006,0.7298,0.737,0.7202,0.0044,-0.0047,-0.0003,-0.0054,0.0012,0.0021,0.0025,0.0018,0.0002,0.0058,0.0067,0.0015,0.0012,0.5971,0.6854,0.1459,0.1269,304.0667,566,65,128.9377,0,0,0,0,283.925,1012,15,157.305,35,41.7167,47,39,23.68,23.68,23.63
2022-11-09 07:50:00,2.9309,5.1504,0.7712,0.9328,120,72.8529,32.2076,120,72.6404,73.4581,72.0542,0.3755,120,28.0573,28.1835,27.8814,0.1086,120,1011.2793,1011.4933,1011.1087,0.0828,120,204.5261,263.8528,153.0732,35.2992,120,575.5865,895.0384,205.533,246.903,120,504.1792,876.8047,16.7193,346.0482,120,120,0,497.1058,791.9553,168.4622,217.214,120,46.73,48.01,45.43,0.69,120,3.5213,3.5249,3.5185,0.0014,0.5806,0.5818,0.5788,0.0011,0.7264,0.7346,0.7205,0.0038,-0.0031,-0.0001,-0.0054,0.0021,0.0026,0.0034,0.0019,0.0004,0.0048,0.0075,0.0017,0.0021,0.4971,0.792,0.1685,0.2172,295.75,537,61,101.3883,0,0,0,0,233,1019,46,137.3473,35,41.35,47,39,23.67,23.68,23.63
2022-11-09 08:00:00,2.6527,4.9112,0.7252,1.0427,120,91.7843,37.5579,120,73.2409,73.7938,72.7561,0.2715,120,28.0688,28.2263,27.8692,0.112,120,1011.3131,1011.4933,1011.1087,0.0642,120,200.1446,272.7441,176.1425,29.0749,120,775.0956,894.3061,263.7851,167.6263,120,742.2064,864.5102,22.6217,246.4529,120,120,0,671.0181,776.6961,215.4607,149.8219,120,44.35,45.43,43.12,0.69,120,3.5219,3.5249,3.5185,0.0011,0.5807,0.5823,0.5787,0.0011,0.7324,0.7379,0.7276,0.0027,-0.0046,-0.0001,-0.0054,0.0015,0.0025,0.0035,0.0022,0.0004,0.0065,0.0075,0.0022,0.0014,0.671,0.7767,0.2155,0.1498,265.5083,511,56,113.3355,0,0,0,0,278.0917,955,59,126.8784,36,41.85,47,39,23.67,23.68,23.63
2022-11-09 08:10:00,3.2067,5.9232,0.9092,1.134,120,97.6142,28.6563,120,72.6524,73.2139,71.6269,0.4051,120,28.1634,28.3026,28.0554,0.0809,120,1011.3596,1011.5116,1011.1087,0.0978,120,229.3714,267.2173,191.2811,22.0242,120,747.0013,981.1357,249.497,252.7342,120,645.3178,887.1318,22.1286,321.3415,120,120,0,653.8972,867.0308,201.7274,229.9075,120,41.98,43.12,40.81,0.69,120,3.5227,3.5252,3.5185,0.0016,0.5816,0.583,0.5806,0.0008,0.7265,0.7321,0.7163,0.0041,-0.004,-0.0001,-0.0055,0.002,0.0029,0.0034,0.0024,0.0003,0.0062,0.0082,0.0021,0.0021,0.6539,0.867,0.2017,0.2299,325.7333,621,76,123.2635,0,0,0,0,276.325,575,8,83.9836,36,41.7,47,39,23.68,23.68,23.63
2022-11-09 08:20:00,2.7462,5.6012,0.8356,0.9553,120,87.8453,37.3379,120,72.5873,73.397,72.0237,0.3109,120,28.205,28.3239,28.1225,0.0435,120,1011.3521,1011.5116,1011.127,0.0782,120,208.3369,222.2803,184.0724,9.0617,120,751.7243,963.5498,200.7695,292.4816,120,655.0382,894.5085,16.7193,345.2284,120,120,0,662.9917,856.6546,164.4948,264.6539,120,39.62,40.81,38.51,0.69,120,3.5225,3.5252,3.5188,0.0013,0.582,0.5832,0.5812,0.0004,0.7259,0.734,0.7202,0.0031,-0.0041,-0.0001,-0.0056,0.0021,0.0026,0.0028,0.0023,0.0001,0.0063,0.008,0.0017,0.0024,0.663,0.8567,0.1645,0.2647,275.675,586,68,103.8395,0,0,0,0,263.4417,1015,9,128.1917,36,41.4667,47,39,23.68,23.68,23.63
2022-11-09 08:30:00,2.7977,5.2792,0.532,1.0159,120,80.9314,36.7282,120,71.7826,72.4204,70.8945,0.434,120,28.4383,28.5986,28.3117,0.0926,120,1011.3816,1011.5116,1011.3102,0.086,120,154.0985,197.7693,128.8024,16.7494,120,916.1354,944.1321,903.8319,8.571,120,885.7752,891.5582,880.2465,3.1265,120,120,0,811.5202,837.4279,801.4161,8.6966,120,37.26,38.51,36.21,0.68,120,3.523,3.5252,3.5218,0.0014,0.5844,0.586,0.5831,0.0009,0.7178,0.7242,0.7089,0.0043,-0.0055,-0.0055,-0.0055,0,0.002,0.0025,0.0016,0.0002,0.0076,0.0079,0.0075,0.0001,0.8115,0.8374,0.8014,0.0087,281.275,551,35,110.4252,0,0,0,0,244.4417,847,5,122.4497,36.2,41.3167,47,39,23.68,23.68,23.63
2022-11-09 08:40:00,2.8295,5.0124,0.4584,1.0767,120,83.7695,44.5237,120,70.5349,71.5354,69.8569,0.4047,120,28.637,28.7237,28.5498,0.044,120,1011.3677,1011.5116,1011.1454,0.0831,120,157.6249,217.9551,126.8803,28.9939,120,856.5271,991.7599,358.6747,163.8341,120,795.3245,896.9675,173.0986,206.0383,120,120,0,765.7755,894.4975,303.6592,150.022,120,34.91,35.96,33.68,0.68,120,3.5228,3.5252,3.5191,0.0014,0.5864,0.5872,0.5855,0.0004,0.7053,0.7154,0.6986,0.004,-0.0049,-0.0011,-0.0056,0.0013,0.002,0.0028,0.0016,0.0004,0.0071,0.0083,0.003,0.0014,0.7658,0.8945,0.3037,0.15,284.7333,522,27,117.0301,0,0,0,0,276.4,1010,16,172.0938,37,41.6333,47,41,23.68,23.68,23.63
2022-11-09 08:50:00,2.9817,5.6288,0.6608,1.123,120,93.2487,41.2882,120,70.1153,70.6198,69.6432,0.2302,120,28.6017,28.797,28.5284,0.0593,120,1011.3623,1011.5299,1011.1454,0.0696,120,162.7654,202.8157,140.0968,14.7949,120,980.9124,1034.6255,945.964,21.6587,120,899.6633,903.3597,889.0993,2.3405,120,120,0,876.573,928.9834,844.7523,20.1285,120,32.58,33.68,31.41,0.68,120,3.5227,3.5255,3.5191,0.0012,0.586,0.588,0.5853,0.0006,0.7012,0.7062,0.6964,0.0023,-0.0056,-0.0055,-0.0056,0,0.0021,0.0026,0.0018,0.0002,0.0082,0.0086,0.0079,0.0002,0.8766,0.929,0.8448,0.0201,301.275,589,49,122.0626,0,0,0,0,274.1417,698,52,120.4504,37,41.3667,47,39,23.68,23.68,23.63
2022-11-09 09:00:00,2.9165,5.5736,0.5596,1.1117,120,83.0869,40.5667,120,69.2404,70.4978,68.1478,0.7217,120,28.8001,29.0838,28.5559,0.1663,120,1011.3985,1011.5482,1011.3102,0.0854,120,242.8645,336.1843,178.3047,44.4176,120,856.341,1122.9196,282.1044,304.3803,120,656.2102,908.7689,15.2449,359.956,120,120,0,765.6865,1023.896,237.434,280.6274,120,30.26,31.41,29.16,0.68,120,3.5233,3.5258,3.5218,0.0014,0.588,0.5908,0.5856,0.0017,0.6924,0.705,0.6815,0.0072,-0.0041,-0.0001,-0.0056,0.0022,0.0031,0.0043,0.0023,0.0006,0.0071,0.0094,0.0024,0.0025,0.7657,1.0239,0.2374,0.2806,294.1833,583,38,120.8412,0,0,0,0,256.175,967,24,146.5084,37,41.6667,47,39,23.68,23.68,23.68
2022-11-09 09:10:00,2.9343,5.2424,0.946,0.9694,120,81.4158,38.2198,120,69.557,71.0471,68.5446,0.6181,120,28.7165,28.9007,28.5131,0.1172,120,1011.4351,1011.5482,1011.3285,0.0935,120,232.3312,317.9213,200.8937,30.1867,120,993.0026,1136.4754,272.9448,222.1376,120,792.1854,928.4386,20.1627,250.3027,120,120,0,887.6588,1033.0515,226.1422,203.5621,120,27.97,29.16,26.93,0.67,120,3.5239,3.5258,3.5221,0.0016,0.5872,0.589,0.5851,0.0012,0.6956,0.7105,0.6854,0.0062,-0.0049,-0.0001,-0.0058,0.0016,0.003,0.004,0.0026,0.0004,0.0083,0.0095,0.0023,0.0019,0.8877,1.0331,0.2261,0.2036,296.1167,547,80,105.3747,0,0,0,0,243.75,984,16,129.3627,37.9,41.45,47,39,23.68,23.68,23.63
2022-11-09 09:20:00,3.2629,5.6012,0.4124,1.1866,120,90.5433,37.4829,120,69.6852,70.6809,69.0329,0.3539,120,28.4295,28.5345,28.1896,0.1214,120,1011.3695,1011.5482,1011.1637,0.0829,120,259.4674,309.7512,208.3425,25.9289,120,751.4251,1190.3313,243.6351,390.6259,120,506.3921,936.7999,14.7535,399.6471,120,120,0,667.2516,1077.3034,199.591,359.7439,120,25.69,26.93,24.48,0.66,120,3.5228,3.5258,3.5194,0.0014,0.5843,0.5854,0.5819,0.0012,0.6969,0.7068,0.6903,0.0035,-0.0031,-0.0001,-0.0058,0.0025,0.0033,0.0039,0.0026,0.0003,0.0063,0.0099,0.002,0.0033,0.6673,1.0773,0.1996,0.3597,331.8417,586,22,128.9745,0,0,0,0,278.2167,994,22,137.2019,38,41.5833,47,39,23.68,23.73,23.68
2022-11-09 09:30:00,2.6404,4.7824,0.3756,1.1712,120,88.5501,45.8083,120,70.5941,72.2373,69.7043,0.6404,120,28.4269,28.8824,28.2293,0.1911,120,1011.2796,1011.3834,1011.1637,0.094,120,216.6154,313.3551,184.5528,30.1197,120,1067.4548,1231.3649,302.6206,161.8932,120,854.9502,920.079,52.6184,172.0457,120,120,0,960.1505,1119.4189,248.4207,151.5129,120,23.45,24.48,22.32,0.65,120,3.5213,3.5231,3.5194,0.0016,0.5843,0.5888,0.5823,0.0019,0.7059,0.7224,0.697,0.0064,-0.0053,-0.0003,-0.0057,0.0011,0.0028,0.004,0.0023,0.0004,0.0089,0.0103,0.0025,0.0013,0.9602,1.1194,0.2484,0.1515,264.175,497,18,127.3079,0,0,0,0,279.5917,996,2,153.4982,38,41.6,47,39,23.68,23.73,23.63
2022-11-09 09:40:00,2.7715,5.3804,0.9,1.0364,120,76.1586,43.3335,120,69.5275,70.6809,67.8732,0.8123,120,29.0964,29.2761,28.8885,0.1209,120,1011.3343,1011.5482,1011.1637,0.0823,120,336.0701,441.1968,265.7756,50.0814,120,874.3693,1339.4442,282.8367,406.3722,120,529.7587,933.8479,15.7364,381.6178,120,120,0,793.2676,1218.2989,241.7066,381.1473,120,21.26,22.32,20.2,0.64,120,3.5222,3.5258,3.5194,0.0014,0.591,0.5928,0.5889,0.0012,0.6953,0.7068,0.6787,0.0081,-0.0033,-0.0001,-0.0058,0.0024,0.0043,0.0056,0.0034,0.0006,0.0073,0.0112,0.0024,0.0034,0.7933,1.2183,0.2417,0.3811,278.425,562,75,112.6524,0,0,0,0,255.7417,982,1,169.1696,38.3,41.8,47,41,23.68,23.68,23.68
2022-11-09 09:50:00,2.3242,5.2884,0.4492,1.214,120,82.614,51.5287,120,69.4512,70.4978,68.2699,0.6702,120,29.0805,29.3432,28.8183,0.1834,120,1011.3549,1011.5665,1011.1637,0.0823,120,277.9587,342.4323,227.3268,38.9827,120,888.4317,1288.8848,286.1345,367.2566,120,610.0915,942.2092,19.6697,361.9451,120,120,0,803.916,1178.0145,241.4014,342.2089,120,19.12,20.2,18.15,0.61,120,3.5226,3.5261,3.5194,0.0014,0.5908,0.5934,0.5882,0.0018,0.6945,0.705,0.6827,0.0067,-0.0038,-0.0001,-0.0058,0.0022,0.0035,0.0043,0.0029,0.0005,0.0074,0.0107,0.0024,0.0031,0.8039,1.178,0.2414,0.3422,229.8083,552,26,131.9521,0,0,0,0,282.1167,996,0,184.2046,39,41.5167,47,39,23.68,23.68,23.63
2022-11-09 10:00:00,2.8705,5.5828,1.0748,0.9523,120,78.7004,45.2644,120,68.6323,69.7348,67.5985,0.5148,120,28.9374,29.1723,28.6718,0.1563,120,1011.2925,1011.3834,1011.1637,0.0968,120,322.4549,391.4543,236.4583,52.0841,120,1090.9176,1377.5462,315.0768,310.7333,120,740.5836,952.5363,40.8153,297.1539,120,120,0,989.9848,1267.7389,263.6799,292.1119,120,17.07,18.15,15.98,0.58,120,3.5215,3.5231,3.5194,0.0016,0.5894,0.5917,0.5867,0.0016,0.6863,0.6973,0.676,0.0051,-0.0046,-0.0003,-0.0059,0.0018,0.0041,0.005,0.003,0.0007,0.0091,0.0115,0.0026,0.0026,0.99,1.2677,0.2637,0.2921,289.1833,584,94,103.5106,0,0,0,0,267.175,1014,16,190.35,39,41.8667,49,39,23.68,23.68,23.63
2022-11-09 10:10:00,2.9438,5.2148,0.7252,1.0945,120,68.1881,48.3204,120,69.5583,70.4978,68.7277,0.5085,120,28.6979,28.8122,28.6138,0.0543,120,1011.187,1011.4017,1010.9989,0.0772,120,265.451,307.8283,216.5134,21.4834,120,1068.1844,1273.497,343.6543,275.0818,120,770.1628,958.437,76.223,258.6775,120,120,0,967.4902,1170.0796,288.7051,257.2262,120,15.12,15.98,14.17,0.54,120,3.5198,3.5234,3.5166,0.0013,0.587,0.5881,0.5861,0.0005,0.6956,0.705,0.6873,0.0051,-0.0048,-0.0005,-0.0059,0.0016,0.0034,0.0039,0.0027,0.0003,0.0089,0.0106,0.0029,0.0023,0.9675,1.1701,0.2887,0.2572,297.15,544,56,118.9633,0,0,0,0,261.5083,1021,14,199.0443,39,41.4333,47,39,23.68,23.68,23.68
2022-11-09 10:20:00,2.4327,5.684,0.578,1.146,120,96.8024,46.7702,120,69.5669,70.8029,68.2089,0.7398,120,29.1306,29.331,28.797,0.119,120,1011.1118,1011.2186,1010.9989,0.0915,120,250.7764,344.3543,203.2969,40.2494,120,1023.3562,1335.4142,278.8067,354.7246,120,729.7363,940.7332,16.2278,350.3089,120,120,0,928.7367,1237.2204,234.3822,330.5134,120,13.35,14.17,12.55,0.49,120,3.5185,3.5203,3.5166,0.0015,0.5913,0.5933,0.588,0.0012,0.6957,0.708,0.6821,0.0074,-0.0045,-0.0001,-0.0058,0.0022,0.0032,0.0044,0.0026,0.0005,0.0085,0.0111,0.0023,0.003,0.9287,1.2372,0.2344,0.3305,241.6,595,40,124.5693,0,0,0,0,303.825,1019,39,162.5144,39.4,41.75,47,39,23.68,23.68,23.68
2022-11-09 10:30:00,2.6884,5.5552,0.854,1.0401,120,59.6187,50.9626,120,68.3564,70.04,66.744,0.7592,120,29.3054,29.5111,29.1418,0.1427,120,1010.9111,1011.0355,1010.8158,0.0914,120,359.2914,428.7008,251.1165,35.4115,120,969.9182,1442.7599,374.4286,371.3241,120,564.5506,943.1921,16.2278,357.7537,120,120,0,885.7514,1319.9255,326.2429,347.6636,120,11.82,12.55,11.2,0.4,120,3.5152,3.5173,3.5136,0.0015,0.593,0.5951,0.5914,0.0014,0.6836,0.7004,0.6674,0.0076,-0.0035,-0.0001,-0.0059,0.0022,0.0046,0.0054,0.0032,0.0004,0.0081,0.012,0.0031,0.0031,0.8858,1.3199,0.3262,0.3477,269.3917,581,70,113.0589,0,0,0,0,282.3417,1018,13,249.9245,40,41.9833,47,39,23.68,23.68,23.68
2022-11-09 10:40:00,3.1383,5.5,1.2128,0.95,120,81.1123,36.486,120,68.2437,69.1855,67.2323,0.4072,120,29.1461,29.3249,28.919,0.1327,120,1010.8666,1011.0355,1010.8158,0.0705,120,308.9819,364.0591,251.8378,31.4968,120,978.7966,1343.8403,299.6891,365.9774,120,622.9961,951.5517,18.1953,350.3711,120,120,0,885.5988,1229.8959,251.1673,345.4177,120,10.64,11.2,10.23,0.28,120,3.5144,3.5173,3.5136,0.0012,0.5915,0.5933,0.5892,0.0013,0.6824,0.6919,0.6723,0.0041,-0.0039,-0.0001,-0.0059,0.0022,0.0039,0.0046,0.0032,0.0004,0.0082,0.0112,0.0025,0.003,0.8856,1.2299,0.2512,0.3454,318.2917,575,109,103.2562,0,0,0,0,255.1667,923,65,137.7873,40,41.8667,47,39,23.68,23.68,23.68
2022-11-09 10:50:00,2.9673,5.5552,0.6424,1.0856,120,80.3479,34.6505,120,68.3775,69.3991,67.568,0.5213,120,28.7941,29.0289,28.6108,0.1477,120,1010.8234,1011.0355,1010.6326,0.0785,120,269.418,337.1457,221.8,31.8078,120,776.323,1322.9568,241.8031,461.7873,120,473.4729,955.9781,13.7689,424.6994,120,120,0,708.5253,1217.6885,207.2207,432.1144,120,9.92,10.15,9.74,0.13,120,3.5137,3.5173,3.5105,0.0013,0.5879,0.5903,0.5861,0.0015,0.6838,0.694,0.6757,0.0052,-0.0029,-0.0001,-0.0059,0.0026,0.0034,0.0043,0.0028,0.0004,0.0065,0.011,0.002,0.0038,0.7085,1.2177,0.2072,0.4321,299.7083,581,47,118.0042,0,0,0,0,246.975,1007,44,127.5356,40,41.5833,47,39,23.68,23.68,23.68
2022-11-09 11:00:00,2.9846,6.144,0.532,1.2514,120,77.1025,48.2433,120,69.2343,70.5588,67.9647,0.6403,120,28.7685,29.0106,28.562,0.1317,120,1010.6603,1010.8524,1010.4678,0.0536,120,274.9129,352.7654,219.3969,34.0476,120,974.1804,1323.6903,297.491,352.7908,120,653.2105,956.4695,16.7193,345.3701,120,120,0,885.5658,1219.8248,255.4399,331.5643,120,9.78,9.91,9.73,0.05,120,3.511,3.5142,3.5078,0.0009,0.5877,0.5901,0.5856,0.0013,0.6923,0.7056,0.6796,0.0064,-0.0041,-0.0001,-0.0059,0.0021,0.0035,0.0045,0.0028,0.0004,0.0081,0.011,0.0025,0.0029,0.8856,1.2198,0.2554,0.3316,301.5833,645,35,136.0269,0,0,0,0,271.5083,1017,6,184.9775,40,41.4,47,39,23.68,23.68,23.68
2022-11-09 11:10:00,2.9395,6.3096,0.4952,1.3477,120,81.422,47.8627,120,68.7613,69.7348,67.5375,0.4438,120,28.928,29.1296,28.7451,0.1141,120,1010.6114,1010.8524,1010.4678,0.0856,120,265.459,351.8039,217.715,38.9494,120,970.651,1334.6807,255.7251,411.0892,120,660.3082,944.6681,14.7535,381.8456,120,120,0,880.8608,1244.5448,212.714,384.6067,120,10.23,10.62,9.91,0.22,120,3.5102,3.5142,3.5078,0.0014,0.5893,0.5913,0.5875,0.0011,0.6876,0.6973,0.6754,0.0044,-0.0041,-0.0001,-0.0059,0.0024,0.0034,0.0045,0.0028,0.0005,0.0081,0.0111,0.0021,0.0034,0.8809,1.2445,0.2127,0.3846,296.6833,663,31,146.4851,0,0,0,0,280.1833,1000,47,178.8483,40,42.1167,47,39,23.68,23.68,23.68
2022-11-09 11:20:00,2.5547,6.3648,0.4768,1.3066,120,92.9538,44.588,120,68.8182,70.6809,67.2323,0.8716,120,29.0618,29.2181,28.7664,0.1162,120,1010.3574,1010.6693,1010.1016,0.1345,120,240.4674,276.1087,203.0559,23.1593,120,1033.1657,1262.1405,310.3145,335.3933,120,743.7965,962.8617,39.341,324.9872,120,120,0,946.7249,1158.7878,271.0044,312.3754,120,11.2,11.77,10.62,0.35,120,3.506,3.5112,3.5017,0.0022,0.5906,0.5922,0.5877,0.0012,0.6882,0.7068,0.6723,0.0087,-0.0046,-0.0002,-0.006,0.002,0.0031,0.0035,0.0026,0.0003,0.0086,0.0105,0.0026,0.0028,0.9467,1.1588,0.271,0.3124,254.8583,669,29,142.023,0,0,0,0,287.8333,949,33,149.4264,40.2,41.4333,47,39,23.68,23.73,23.68
2022-11-09 11:30:00,2.6472,6.4108,0.6792,1.2442,120,84.9877,42.4609,120,68.983,70.2231,67.5985,0.7876,120,29.1413,29.4623,28.8336,0.2301,120,1010.1482,1010.3214,1009.9185,0.0919,120,352.5148,459.7,255.6827,64.668,120,1105.5052,1388.904,506.3217,276.7282,120,705.1566,933.3564,76.7145,303.469,120,120,0,1014.5828,1289.7122,457.1673,261.9077,120,12.58,13.44,11.77,0.45,120,3.5025,3.5054,3.4986,0.0015,0.5914,0.5946,0.5883,0.0023,0.6898,0.7022,0.676,0.0079,-0.0044,-0.0005,-0.0058,0.0019,0.0045,0.0058,0.0032,0.0008,0.0092,0.0116,0.0042,0.0023,1.0146,1.2897,0.4572,0.2619,264.9083,674,51,135.2443,0,0,0,0,275.1333,1020,22,167.6777,41,41.4667,47,39,23.68,23.68,23.63
2022-11-09 11:40:00,2.9015,5.362,0.4032,1.2687,120,105.0637,43.6468,120,68.0242,69.4906,66.4998,0.6979,120,29.4734,29.6606,29.1418,0.1135,120,1010.0371,1010.2847,1009.9002,0.096,120,349.4209,411.8795,272.7441,34.937,120,1002.3603,1415.2821,318.3745,363.8185,120,616.6442,944.6681,15.2449,336.1468,120,120,0,924.6447,1316.8737,282.6014,341.7898,120,14.25,15.18,13.44,0.52,120,3.5006,3.5047,3.4983,0.0016,0.5947,0.5966,0.5914,0.0011,0.6802,0.6949,0.665,0.007,-0.0038,-0.0001,-0.0059,0.0021,0.0044,0.0052,0.0035,0.0004,0.0083,0.0118,0.0027,0.003,0.9246,1.3169,0.2826,0.3418,292.5583,560,21,137.9063,0,0,0,0,312.5917,969,80,137.995,41,41.5167,47,39,23.68,23.73,23.68
2022-11-09 11:50:00,3.1453,6.9536,1.1484,1.1498,120,78.7146,28.4226,120,68.361,69.4601,67.0492,0.6139,120,28.8585,29.1266,28.7634,0.0866,120,1009.807,1009.9368,1009.534,0.1088,120,268.8052,353.2457,218.6756,42.4968,120,910.4078,1241.2569,308.1164,358.3814,120,618.4145,931.3906,15.7364,377.9932,120,120,0,827.9443,1140.7819,260.6281,331.9798,120,16.12,17.08,15.18,0.57,120,3.4968,3.4989,3.4922,0.0018,0.5886,0.5913,0.5876,0.0009,0.6836,0.6946,0.6705,0.0061,-0.0038,-0.0001,-0.0058,0.0023,0.0034,0.0045,0.0028,0.0005,0.0076,0.0103,0.0026,0.003,0.8279,1.1408,0.2606,0.332,319.0583,733,102,124.9806,0,0,0,0,224.2417,492,18,82.3941,41,42.05,47,39,23.68,23.73,23.68
2022-11-09 12:00:00,3.0018,5.7392,0.394,1.1249,120,83.8148,39.6596,120,68.91,69.7043,67.9647,0.4342,120,28.6517,28.8305,28.5284,0.088,120,1009.5947,1009.9185,1009.3509,0.1254,120,313.844,368.8654,239.3417,31.5792,120,573.8738,1221.1068,302.2545,299.8941,120,256.1978,926.4728,18.6868,306.9291,120,120,0,511.3351,1116.3671,250.557,278.4045,120,18.12,19.08,17.08,0.6,120,3.4932,3.4986,3.4892,0.0021,0.5865,0.5883,0.5853,0.0009,0.6891,0.697,0.6796,0.0043,-0.0016,-0.0001,-0.0057,0.0019,0.004,0.0047,0.003,0.0004,0.0048,0.0102,0.0025,0.0025,0.5113,1.1164,0.2506,0.2784,303.4583,601,20,122.2684,0,0,0,0,254.7583,830,17,126.8122,41,41.6333,47,39,23.68,23.68,23.68
2022-11-09 12:10:00,2.8327,5.3344,0.5964,1.1868,120,93.1147,38.4221,120,69.5736,70.8029,68.5141,0.703,120,28.7495,28.9343,28.5833,0.0932,120,1009.3208,1009.5523,1009.1494,0.1155,120,281.5753,379.4386,228.5283,44.4796,120,775.8436,1280.0924,241.8031,379.5391,120,489.8033,937.7828,15.7364,366.0979,120,120,0,698.1109,1164.8915,201.4222,357.1259,120,20.22,21.4,19.08,0.62,120,3.4887,3.4925,3.4858,0.0019,0.5875,0.5893,0.5858,0.0009,0.6957,0.708,0.6851,0.007,-0.003,-0.0001,-0.0058,0.0023,0.0036,0.0048,0.0029,0.0006,0.0065,0.0107,0.002,0.0032,0.6981,1.1649,0.2014,0.3571,285.075,557,42,128.9947,0,0,0,0,279.875,863,8,127.7019,41,41.4333,47,39,23.68,23.68,23.68
2022-11-09 12:20:00,2.9358,5.1044,0.6424,1.0931,120,80.6647,38.206,120,69.1249,70.1315,67.9952,0.5369,120,28.877,28.9709,28.7817,0.0499,120,1009.1768,1009.3875,1008.9846,0.0602,120,301.2241,361.4157,233.3346,33.0802,120,923.7558,1273.497,266.7167,328.4078,120,624.7213,939.7502,42.7828,323.5311,120,120,0,841.5988,1173.4367,222.1748,310.1395,120,22.39,23.54,21.4,0.64,120,3.4863,3.4898,3.4831,0.001,0.5888,0.5897,0.5878,0.0005,0.6912,0.7013,0.68,0.0054,-0.0039,-0.0003,-0.0058,0.002,0.0038,0.0046,0.003,0.0004,0.0077,0.0106,0.0022,0.0027,0.8416,1.1734,0.2222,0.3101,296.2833,532,47,118.8176,0,0,0,0,245.4583,982,8,131.9925,41,41.8167,47,39,23.68,23.68,23.68
2022-11-09 12:30:00,3.0553,5.684,0.67,1.2296,120,98.7761,37.9241,120,68.335,69.0939,67.5985,0.3383,120,28.7936,28.9373,28.562,0.1148,120,1009.0194,1009.1861,1008.9663,0.0647,120,255.979,325.611,218.9165,32.1281,120,680.5969,1231.3649,232.6447,414.5684,120,433.2184,948.1099,14.2604,414.5468,120,120,0,613.2567,1129.49,194.0977,387.3865,120,24.61,25.72,23.54,0.66,120,3.4837,3.4864,3.4828,0.0011,0.5879,0.5894,0.5856,0.0011,0.6834,0.6909,0.676,0.0034,-0.0027,-0.0001,-0.0059,0.0026,0.0033,0.0041,0.0028,0.0004,0.0057,0.0103,0.0019,0.0035,0.6133,1.1295,0.1941,0.3874,309.2667,595,50,133.6539,0,0,0,0,292.775,1004,93,125.3678,41,41.9667,47,41,23.68,23.73,23.68
2022-11-09 12:40:00,2.4103,4.5064,0.4952,0.8631,120,92.9341,44.7785,120,69.6476,70.5893,68.2089,0.6494,120,28.9721,29.5111,28.5192,0.3422,120,1008.9459,1009.003,1008.7832,0.0863,120,209.5203,285.4803,173.0181,29.9614,120,1052.5985,1161.7551,320.2065,121.6741,120,875.5672,926.4728,132.7747,122.2374,120,120,0,960.1047,1069.6738,276.4977,111.8097,120,26.87,27.94,25.72,0.66,120,3.4824,3.4834,3.4797,0.0014,0.5897,0.5951,0.5852,0.0034,0.6965,0.7059,0.6821,0.0065,-0.0054,-0.0008,-0.0057,0.0008,0.0027,0.0036,0.0022,0.0004,0.0088,0.0097,0.0027,0.001,0.9601,1.0697,0.2765,0.1118,239.1667,467,31,93.8149,0,0,0,0,277.675,908,4,139.1992,41,42.1167,47,39,23.68,23.73,23.68
2022-11-09 12:50:00,3.0507,5.6564,0.762,1.1265,120,97.9273,42.2669,120,67.7368,69.1855,66.3472,0.6806,120,29.3103,29.4989,28.9709,0.1649,120,1008.797,1009.003,1008.417,0.141,120,248.5416,301.1,179.7465,29.0199,120,862.267,1166.8848,278.8067,294.4458,120,653.7227,924.5053,32.9471,314.6588,120,120,0,779.9717,1072.7256,234.9925,275.615,120,29.15,30.18,27.94,0.67,120,3.4799,3.4834,3.4736,0.0023,0.5931,0.595,0.5897,0.0016,0.6774,0.6919,0.6635,0.0068,-0.0041,-0.0002,-0.0057,0.002,0.0032,0.0038,0.0023,0.0004,0.0072,0.0097,0.0023,0.0025,0.78,1.0727,0.235,0.2756,308.775,592,60,122.447,0,0,0,0,289.8667,817,7,130.4184,41,41.7,47,39,23.68,23.73,23.68
2022-11-09 13:00:00,2.5708,5.0032,0.5596,1.1871,120,73.2235,42.6726,120,67.9945,69.1549,67.0797,0.5283,120,29.1095,29.2456,28.8946,0.1186,120,1008.5835,1008.7832,1008.417,0.0648,120,244.899,318.4016,158.3598,53.6074,120,799.4378,1148.9316,273.6771,319.3057,120,600.8096,918.1131,19.1782,376.6271,120,120,0,719.1,1046.7849,229.194,302.3244,120,31.46,32.69,30.43,0.67,120,3.4764,3.4797,3.4736,0.0011,0.5911,0.5925,0.5889,0.0012,0.6799,0.6915,0.6708,0.0053,-0.0037,-0.0001,-0.0057,0.0023,0.0031,0.004,0.002,0.0007,0.0067,0.0096,0.0023,0.0027,0.7191,1.0468,0.2292,0.3023,256.6083,521,38,129.0325,0,0,0,0,234.7083,981,10,153.7732,41,41.5333,47,39,23.68,23.68,23.68
2022-11-09 13:10:00,3.0687,5.178,0.7712,0.9912,120,76.0282,33.5529,120,68.114,68.9413,67.2933,0.364,120,28.8746,29.1571,28.6291,0.1497,120,1008.4303,1008.6184,1008.2339,0.0956,120,266.0958,325.1299,233.5748,21.6874,120,561.0478,1113.0276,243.6351,337.593,120,331.5352,914.1782,14.2604,373.1257,120,120,0,500.267,1020.8441,201.4222,316.8831,120,33.79,34.97,32.69,0.68,120,3.4738,3.477,3.4706,0.0016,0.5887,0.5916,0.5863,0.0015,0.6811,0.6894,0.6729,0.0036,-0.0021,-0.0001,-0.0057,0.0023,0.0034,0.0041,0.003,0.0003,0.0047,0.0093,0.002,0.0028,0.5003,1.0208,0.2014,0.3169,310.725,540,61,107.7354,0,0,0,0,237.325,1022,5,142.5268,41,41.3333,47,39,23.68,23.68,23.63
2022-11-09 13:20:00,3.0004,6.6316,0.716,1.2288,120,97.9247,39.1069,120,69.6819,70.4367,68.9108,0.3857,120,28.6671,28.7542,28.6016,0.0455,120,1008.2264,1008.4536,1008.0325,0.0885,120,309.6287,398.4228,210.2654,56.1573,120,636.7793,1140.1393,216.1573,334.3262,120,376.9531,910.7364,14.2604,380.0583,120,120,0,576.4107,1051.973,185.2474,314.0233,120,36.13,37.25,34.97,0.69,120,3.4704,3.4742,3.4672,0.0015,0.5867,0.5875,0.586,0.0004,0.6968,0.7044,0.6891,0.0039,-0.0023,-0.0001,-0.0057,0.0024,0.0039,0.0051,0.0027,0.0007,0.0053,0.0095,0.0018,0.0028,0.5764,1.052,0.1852,0.314,303.3083,698,55,133.5681,0,0,0,0,298.3917,1002,84,140.5701,41,41.5,47,39,23.68,23.73,23.68
2022-11-09 13:30:00,2.8924,5.6196,0.532,1.1656,120,69.5668,47.6475,120,71.04,72.2678,69.7653,0.7686,120,28.5841,28.8824,28.4246,0.1181,120,1008.0526,1008.2339,1007.8494,0.0503,120,242.0094,301.1,199.6921,31.6818,120,696.2806,1006.7815,208.8307,310.7002,120,542.7166,896.9675,13.7689,374.2937,120,120,0,625.3268,910.062,178.5333,285.63,120,38.48,39.55,37.25,0.69,120,3.4675,3.4706,3.4642,0.0008,0.5858,0.5888,0.5843,0.0012,0.7104,0.7227,0.6977,0.0077,-0.0034,-0.0001,-0.0056,0.0023,0.0031,0.0038,0.0025,0.0004,0.0058,0.0084,0.0017,0.0026,0.6253,0.9101,0.1785,0.2856,291.5667,588,35,126.6985,0,0,0,0,269.9083,1022,18,212.0349,41,41.7,47,39,23.68,23.68,23.68
2022-11-09 13:40:00,2.7605,6.788,0.5228,1.2452,120,83.0965,40.7491,120,70.4716,72.5425,69.4296,0.8443,120,29.0532,29.2517,28.8763,0.1296,120,1007.9402,1008.0691,1007.6662,0.0995,120,234.576,306.6268,177.3441,39.4573,120,720.4456,989.5618,296.3926,240.845,120,599.4164,892.0496,29.9968,322.2175,120,120,0,650.2833,900.296,247.8103,222.9158,120,40.84,42.11,39.55,0.69,120,3.4657,3.4678,3.4611,0.0017,0.5905,0.5925,0.5888,0.0013,0.7047,0.7254,0.6943,0.0084,-0.0037,-0.0002,-0.0055,0.002,0.003,0.0039,0.0023,0.0005,0.006,0.0082,0.0025,0.002,0.6503,0.9003,0.2478,0.2229,277.2333,715,34,135.3442,0,0,0,0,261.1833,950,43,143.203,41,41.4667,47,39,23.68,23.73,23.68
2022-11-09 13:50:00,3.52,5.9692,1.3876,1.1031,120,77.4291,28.1134,120,69.8668,70.4978,68.9718,0.4335,120,28.7747,28.919,28.6322,0.0946,120,1007.7921,1007.8677,1007.6479,0.0903,120,178.9418,259.0472,149.2283,29.5524,120,832.9575,923.982,419.1261,64.0608,120,834.2882,874.3458,211.4567,95.9651,120,120,0,750.4781,849.3301,363.4754,60.9254,120,43.21,44.42,42.11,0.69,120,3.4632,3.4645,3.4608,0.0015,0.5877,0.5892,0.5863,0.0009,0.6987,0.705,0.6897,0.0043,-0.0052,-0.0013,-0.0054,0.0006,0.0023,0.0033,0.0019,0.0004,0.0069,0.0077,0.0035,0.0005,0.7505,0.8493,0.3635,0.0609,359.7833,626,128,119.8997,0,0,0,0,223.7667,590,64,83.5274,41,41.2833,47,39,23.68,23.68,23.68
2022-11-09 14:00:00,2.8214,5.6748,0.4768,1.1337,120,91.3425,44.3695,120,69.894,70.4672,68.9413,0.3592,120,28.7909,29.0075,28.6932,0.0747,120,1007.6931,1007.8677,1007.4648,0.0788,120,206.2262,249.915,177.5843,19.2886,120,554.3768,864.9964,185.7491,279.2467,120,464.3181,874.8373,15.7364,361.8308,120,120,0,492.1008,792.5657,152.2874,257.3916,120,45.58,46.74,44.42,0.7,120,3.4616,3.4645,3.4577,0.0013,0.5879,0.5901,0.5869,0.0008,0.6989,0.7047,0.6894,0.0036,-0.0029,-0.0001,-0.0054,0.0022,0.0026,0.0032,0.0023,0.0002,0.0046,0.0072,0.0015,0.0023,0.4921,0.7926,0.1523,0.2574,283.85,594,29,123.2266,0,0,0,0,277.9833,782,46,138.1733,41,41.65,47,39,23.68,23.68,23.68
2022-11-09 14:10:00,2.9704,6.2912,0.6976,1.1279,120,82.7572,44.6413,120,69.2793,70.2231,68.5446,0.4144,120,28.8448,29.035,28.7451,0.0837,120,1007.5935,1007.6846,1007.4465,0.0916,120,202.4214,251.3575,152.5929,31.6994,120,540.0304,875.6206,174.7575,274.8391,120,473.3869,863.5272,15.2449,367.1343,120,120,0,473.8151,787.9879,138.2489,252.8408,120,47.96,49.06,46.74,0.69,120,3.4599,3.4614,3.4574,0.0015,0.5885,0.5904,0.5875,0.0008,0.6928,0.7022,0.6854,0.0041,-0.0029,-0.0001,-0.0054,0.0023,0.0026,0.0032,0.0019,0.0004,0.0045,0.0073,0.0015,0.0023,0.4738,0.788,0.1382,0.2528,300.0417,661,53,122.5965,0,0,0,0,274.0833,927,28,163.9789,41,41.7833,47,41,23.68,23.73,23.68
2022-11-09 14:20:00,3.1829,5.408,0.762,1.1054,120,96.9087,39.3457,120,69.2625,69.8874,68.6361,0.3509,120,28.7562,28.8763,28.504,0.1275,120,1007.4598,1007.6846,1007.3,0.0809,120,216.5112,272.7441,168.9331,30.047,120,487.2245,839.7167,185.7491,258.8748,120,398.3364,843.3645,14.2604,370.4253,120,120,0,427.2362,740.9894,151.677,237.6976,120,50.34,51.64,49.06,0.69,120,3.4577,3.4614,3.455,0.0013,0.5876,0.5888,0.585,0.0013,0.6926,0.6989,0.6864,0.0035,-0.0025,-0.0001,-0.0052,0.0023,0.0027,0.0035,0.0021,0.0004,0.0041,0.007,0.0015,0.0022,0.4272,0.741,0.1517,0.2377,323.1417,565,60,120.1503,0,0,0,0,285.2167,680,55,117.2019,41,42.1,47,39,23.68,23.73,23.68
2022-11-09 14:30:00,2.99,5.408,0.6424,1.2846,120,78.2247,41.4149,120,69.5255,70.2841,68.8192,0.3577,120,28.6221,28.7146,28.5162,0.0496,120,1007.3788,1007.5014,1007.2817,0.0838,120,204.3558,272.5039,169.4134,27.4521,120,468.0482,753.9868,174.3914,241.7232,120,406.8971,849.2668,16.7193,375.9775,120,120,0,406.6769,666.5243,140.3851,218.4008,120,52.73,53.97,51.64,0.69,120,3.4563,3.4584,3.4547,0.0014,0.5862,0.5871,0.5852,0.0005,0.6953,0.7028,0.6882,0.0036,-0.0025,-0.0001,-0.0053,0.0023,0.0026,0.0035,0.0022,0.0003,0.0039,0.0063,0.0015,0.002,0.4067,0.6665,0.1404,0.2184,302.175,565,47,139.634,0,0,0,0,264.55,1020,13,170.8523,40.6,41.7167,47,39,23.68,23.68,23.68
2022-11-09 14:40:00,2.4187,5.3896,0.6424,0.9009,120,88.5478,46.2366,120,70.0087,71.1692,69.0024,0.5464,120,28.6624,28.8092,28.4674,0.1242,120,1007.3748,1007.4831,1007.2817,0.086,120,231.3059,283.7984,191.0409,21.2931,120,336.647,776.3349,195.6411,172.4502,120,176.5166,808.4499,15.7364,249.5166,120,120,0,292.5047,724.8146,166.0207,156.5933,120,55.11,56.3,53.97,0.7,120,3.4562,3.4581,3.4547,0.0014,0.5866,0.5881,0.5847,0.0012,0.7001,0.7117,0.69,0.0055,-0.0011,-0.0001,-0.005,0.0015,0.0029,0.0036,0.0024,0.0003,0.0028,0.0065,0.0016,0.0014,0.2925,0.7248,0.166,0.1566,240.075,563,47,97.924,0,0,0,0,304.4083,1007,7,191.0757,40,41.35,47,39,23.68,23.68,23.68
2022-11-09 14:50:00,3.1217,6.1624,0.5412,1.2909,120,97.1533,40.3434,120,69.822,70.8029,68.9718,0.5263,120,28.3296,28.6901,28.1805,0.1414,120,1007.2913,1007.4831,1007.0986,0.0711,120,171.7387,196.0874,154.7551,11.1827,120,300.346,655.4334,157.9052,201.7387,120,232.282,812.8762,13.7689,330.9379,120,120,0,254.8143,566.7287,126.6518,177.4435,120,57.5,58.63,56.3,0.7,120,3.4549,3.4581,3.4516,0.0012,0.5833,0.5869,0.5818,0.0014,0.6982,0.708,0.6897,0.0053,-0.0014,-0.0001,-0.005,0.0021,0.0022,0.0025,0.002,0.0001,0.0025,0.0055,0.0013,0.0017,0.2548,0.5667,0.1267,0.1774,316.4917,647,36,140.3196,0,0,0,0,282.55,650,37,118.1088,40,41.4167,47,39,23.68,23.68,23.68
2022-11-09 15:00:00,3.1742,6.3924,0.3756,1.3109,120,99.8751,40.5218,120,70.7589,71.5659,69.7958,0.4298,120,28.1167,28.2873,27.9852,0.0834,120,1007.2753,1007.3366,1007.0986,0.0737,120,168.791,193.4441,140.5772,15.1126,120,367.0678,598.6459,165.9652,171.8106,120,376.4326,788.2888,15.2449,317.8408,120,120,0,311.182,514.2369,134.2814,149.3816,120,59.89,60.96,58.63,0.69,120,3.4546,3.4556,3.4516,0.0012,0.5812,0.5829,0.5798,0.0008,0.7076,0.7157,0.698,0.0043,-0.0023,-0.0001,-0.0049,0.002,0.0021,0.0025,0.0018,0.0002,0.0031,0.005,0.0014,0.0014,0.3112,0.5142,0.1343,0.1494,322.1917,672,18,142.487,0,0,0,0,300.0167,893,28,133.8206,40,41.6667,47,39,23.68,23.68,23.68
2022-11-09 15:10:00,3.0836,6.2912,0.9276,1.1604,120,96.1425,40.1031,120,70.5128,71.4438,69.9179,0.347,120,28.3842,28.4551,28.2812,0.0347,120,1007.2861,1007.3183,1007.0986,0.0633,120,204.6683,238.1402,172.778,23.7997,120,433.2188,611.4694,200.7695,148.1757,120,466.6989,789.7631,19.1782,289.9736,120,120,0,370.7312,525.8339,163.8844,127.9961,120,62.29,63.55,61.22,0.69,120,3.4548,3.4553,3.4516,0.0011,0.5838,0.5846,0.5828,0.0003,0.7051,0.7144,0.6992,0.0035,-0.0029,-0.0001,-0.0049,0.0018,0.0026,0.003,0.0022,0.0003,0.0036,0.0051,0.0017,0.0012,0.3707,0.5258,0.1639,0.128,312.35,661,78,126.1304,0,0,0,0,282.875,740,1,121.3106,40,41.4833,47,39,23.68,23.73,23.63
2022-11-09 15:20:00,2.5073,4.9572,0.6056,1.0859,120,84.788,51.8611,120,70.6676,71.3828,69.9789,0.3407,120,28.5798,28.7085,28.3727,0.1065,120,1007.3544,1007.5014,1007.1169,0.0811,120,173.8033,216.2732,152.352,16.3368,120,274.5994,563.8415,156.4394,138.4344,120,225.4261,743.5385,14.7535,266.4134,120,120,0,234.1812,480.6665,135.197,116.4738,120,64.68,65.88,63.55,0.7,120,3.4559,3.4584,3.4519,0.0014,0.5858,0.5871,0.5837,0.0011,0.7067,0.7138,0.6998,0.0034,-0.0014,-0.0001,-0.0046,0.0017,0.0022,0.0027,0.0019,0.0002,0.0023,0.0047,0.0013,0.0012,0.2342,0.4807,0.1352,0.1165,249.7083,516,43,118.0353,0,0,0,0,282.1167,932,12,176.9142,40,41.7,49,39,23.68,23.68,23.63
2022-11-09 15:30:00,3.1943,6.558,0.8448,1.119,120,108.8456,36.1786,120,70.6,71.3828,69.5517,0.5107,120,28.2818,28.5803,28.092,0.1771,120,1007.4162,1007.5014,1007.2817,0.082,120,159.5113,177.1031,150.6701,6.362,120,276.2389,482.5078,152.7755,123.6264,120,290.8545,719.9339,13.2775,279.5548,120,120,0,232.139,402.8443,133.0607,100.4172,120,67.07,68.21,65.88,0.7,120,3.4569,3.4584,3.4547,0.0014,0.5828,0.5858,0.5809,0.0018,0.706,0.7138,0.6955,0.0051,-0.0018,-0.0001,-0.0045,0.0017,0.002,0.0022,0.0019,0.0001,0.0023,0.004,0.0013,0.001,0.2321,0.4028,0.1331,0.1004,324.3833,690,69,121.6262,0,0,0,0,317.8,950,24,116.7413,40,41.95,47,39,23.68,23.73,23.68
2022-11-09 15:40:00,3.5133,6.0336,0.7068,1.2463,120,94.4304,41.371,120,71.4347,72.2983,70.8945,0.3759,120,27.9226,28.1256,27.7319,0.1401,120,1007.4279,1007.5014,1007.3,0.0763,120,157.0461,186.7157,110.0591,22.1354,120,180.5892,432.6819,108.8115,64.0518,120,76.5627,693.379,13.7689,149.337,120,120,0,157.5264,355.2355,96.7437,50.0332,120,69.46,70.54,68.21,0.7,120,3.4571,3.4584,3.455,0.0013,0.5792,0.5813,0.5773,0.0014,0.7143,0.723,0.7089,0.0038,-0.0005,-0.0001,-0.0043,0.0009,0.002,0.0024,0.0014,0.0003,0.0015,0.0036,0.0009,0.0005,0.1575,0.3552,0.0967,0.05,359.0583,633,54,135.4693,0,0,0,0,300.8667,934,75,151.525,40,41.95,47,39,23.68,23.68,23.68
2022-11-09 15:50:00,3.2,5.6748,0.9092,1.0953,120,92.3255,38.2988,120,72.3281,72.7561,71.688,0.2788,120,27.6472,27.741,27.5762,0.0482,120,1007.4834,1007.6662,1007.3,0.0586,120,112.0834,120.8724,98.2843,6.2755,120,155.3586,327.533,98.9196,77.6888,120,142.6262,625.5156,13.7689,216.6646,120,120,0,127.3181,252.0829,82.4,56.5078,120,71.85,73.13,70.54,0.69,120,3.4581,3.4611,3.455,0.001,0.5765,0.5774,0.5758,0.0005,0.7233,0.7276,0.7169,0.0028,-0.0009,-0.0001,-0.0039,0.0013,0.0014,0.0015,0.0012,0.0001,0.0013,0.0027,0.0008,0.0006,0.1273,0.2521,0.0824,0.0565,325,594,76,119.0538,0,0,0,0,273.0333,853,2,123.1599,40,41.9,47,41,23.68,23.68,23.68
2022-11-09 16:00:00,3.2115,6.3188,0.946,1.0384,120,99.2383,29.5399,120,72.3167,72.7256,72.1152,0.1412,120,27.6186,27.6769,27.5732,0.0321,120,1007.4816,1007.6662,1007.3,0.0519,120,100.8292,114.3843,91.315,7.4021,120,201.9058,304.8187,93.7899,73.3801,120,355.66,622.5653,24.5875,231.7586,120,120,0,149.9273,225.2266,75.0755,50.2324,120,74.24,75.46,73.13,0.7,120,3.458,3.4611,3.455,0.0009,0.5762,0.5768,0.5757,0.0003,0.7232,0.7273,0.7212,0.0014,-0.0022,-0.0002,-0.0039,0.0014,0.0013,0.0015,0.0012,0.0001,0.0017,0.0025,0.0008,0.0006,0.1499,0.2252,0.0751,0.0502,326.25,664,80,112.8664,0,0,0,0,292.8917,870,60,104.9619,40,41.5,47,39,23.68,23.68,23.68
2022-11-09 16:10:00,2.2122,4.8468,0.3572,1.1128,120,102.2771,44.2241,120,72.1262,72.9698,70.8945,0.631,120,28.0282,28.2934,27.6251,0.2373,120,1007.5147,1007.6662,1007.3,0.0804,120,97.1266,110.0591,81.7031,5.0119,120,159.4223,265.2509,80.9676,74.6715,120,244.7767,576.8321,13.7689,268.4744,120,120,0,122.2571,191.6562,70.4978,44.7897,120,76.62,77.79,75.46,0.7,120,3.4586,3.4611,3.455,0.0013,0.5803,0.5829,0.5763,0.0024,0.7213,0.7297,0.7089,0.0063,-0.0015,-0.0001,-0.0036,0.0017,0.0012,0.0014,0.001,0.0001,0.0013,0.0022,0.0007,0.0006,0.1223,0.1917,0.0705,0.0448,217.625,504,16,120.9572,0,0,0,0,315.7167,908,81,145.9412,40,41.5167,47,39,23.68,23.68,23.68
2022-11-09 16:20:00,2.629,6.0428,0.5044,1.1428,120,96.4307,31.7716,120,71.8042,72.2068,71.2302,0.2747,120,27.8206,28.1225,27.5243,0.156,120,1007.5372,1007.6662,1007.4465,0.0879,120,80.7479,88.6717,71.1299,5.3806,120,80.7355,90.1273,71.0756,5.6257,120,16.429,40.8153,13.7689,4.1704,120,120,0,71.1361,79.0429,60.4266,5.5169,120,79.01,80.11,77.79,0.7,120,3.459,3.4611,3.4574,0.0015,0.5782,0.5812,0.5752,0.0016,0.718,0.7221,0.7123,0.0027,-0.0001,-0.0001,-0.0003,0,0.001,0.0011,0.0009,0.0001,0.0007,0.0008,0.0006,0,0.0711,0.079,0.0604,0.0055,262.9333,634,32,124.2218,0,0,0,0,284.025,983,59,109.7572,40,41.6167,47,39,23.68,23.68,23.68
2022-11-09 16:30:00,2.294,4.12,0.5872,0.8375,120,113.5406,39.3694,120,73.0107,73.6717,72.1763,0.3947,120,27.4825,27.6006,27.4267,0.0478,120,1007.5732,1007.6662,1007.4465,0.0887,120,64.6155,71.3701,59.5953,2.507,120,68.862,124.9316,59.7179,13.2754,120,42.3773,377.67,14.2604,77.5382,120,120,0,59.066,79.0429,53.7126,5.6925,120,81.39,82.69,80.11,0.69,120,3.4596,3.4611,3.4574,0.0015,0.5748,0.576,0.5743,0.0005,0.7301,0.7367,0.7218,0.0039,-0.0003,-0.0001,-0.0023,0.0005,0.0008,0.0009,0.0008,0,0.0006,0.001,0.0005,0.0001,0.0591,0.079,0.0537,0.0057,226.525,425,41,91.0363,0,0,0,0,323.2333,574,46,111.9471,40,41.5,47,39,23.68,23.68,23.68
2022-11-09 16:40:00,2.313,5.0032,0.5872,0.9706,120,102.8202,38.2652,120,73.247,73.5801,72.7866,0.2287,120,27.4946,27.619,27.3534,0.1002,120,1007.6202,1007.6662,1007.4465,0.0597,120,34.7719,58.874,28.8362,7.8433,120,35.4339,58.2521,29.3097,7.4504,120,24.547,140.6429,14.2604,23.7757,120,120,0,30.1599,54.6281,24.1096,7.9247,120,83.78,85.01,82.69,0.69,120,3.4603,3.4611,3.4574,0.001,0.5749,0.5762,0.5735,0.001,0.7325,0.7358,0.7279,0.0023,-0.0002,-0.0001,-0.0009,0.0001,0.0004,0.0007,0.0004,0.0001,0.0003,0.0005,0.0002,0.0001,0.0302,0.0546,0.0241,0.0079,228.5917,521,41,105.4951,0,0,0,0,304.6333,840,21,121.3179,40,41.8,47,41,23.68,23.73,23.68
2022-11-09 16:50:00,2.5112,5.5276,0.532,0.9138,120,117.317,40.6902,120,73.5656,73.8548,73.2749,0.1441,120,27.3075,27.3901,27.2375,0.0446,120,1007.7038,1007.831,1007.4648,0.0908,120,24.607,29.7976,16.1,4.5081,120,27.9112,42.4982,21.6158,4.1864,120,59.6708,142.1173,17.2108,44.6218,120,120,0,22.9296,27.4667,15.8696,3.7653,120,86.15,87.33,85.01,0.7,120,3.4617,3.4639,3.4577,0.0015,0.5731,0.5739,0.5724,0.0004,0.7357,0.7385,0.7327,0.0014,-0.0004,-0.0001,-0.0009,0.0003,0.0003,0.0004,0.0002,0.0001,0.0002,0.0004,0.0002,0,0.0229,0.0275,0.0159,0.0038,250.1333,578,35,99.3222,0,0,0,0,340.0583,950,36,124.5814,40,41.4833,47,39,23.68,23.73,23.68
2022-11-09 17:00:00,2.7214,5.3712,0.5136,1.2199,120,98.8121,31.1188,120,73.7208,74.1295,73.3665,0.1777,120,27.1979,27.3077,27.0421,0.0866,120,1007.7967,1008.0142,1007.6113,0.073,120,11.7849,16.1,6.9685,2.5005,120,13.687,23.4478,7.3277,5.1725,120,38.8652,125.8895,13.7689,40.545,120,120,0,11.803,15.5644,7.9348,2.3114,120,88.53,89.65,87.33,0.69,120,3.4633,3.4669,3.4602,0.0012,0.572,0.5731,0.5704,0.0009,0.7372,0.7413,0.7337,0.0018,-0.0002,-0.0001,-0.0008,0.0003,0.0001,0.0002,0.0001,0,0.0001,0.0002,0.0001,0,0.0118,0.0156,0.0079,0.0023,272.9833,561,33,132.6018,0,0,0,0,285.975,669,85,93.5661,40,41.5667,47,39,23.68,23.68,23.68
2022-11-09 17:10:00,2.7878,5.0032,0.8172,0.9442,120,102.0095,31.1147,120,74.1432,74.3126,73.8243,0.1328,120,26.9992,27.0635,26.9231,0.0301,120,1007.8208,1008.0142,1007.6296,0.0488,120,3.8869,7.2094,1.2016,1.7333,120,3.7034,6.9616,0.7323,1.7675,120,13.8467,14.2604,13.2775,0.2014,120,120,0,4.738,7.9348,2.4415,1.6284,120,89.85,89.9,89.65,0.1,16,3.4637,3.4669,3.4605,0.0008,0.57,0.5706,0.5692,0.0003,0.7414,0.7431,0.7382,0.0013,-0.0001,-0.0001,-0.0001,0,0,0.0001,0,0,0,0.0001,0,0,0.0047,0.0079,0.0024,0.0016,280.2,521,66,102.6264,0,0,0,0,297.8833,955,24,106.6776,39,41.9167,47,39,23.68,23.73,23.68
2022-11-09 17:20:00,2.6413,5.316,0.992,0.9194,120,106.7489,33.1625,120,74.5323,74.8009,74.221,0.1783,120,26.9048,26.9414,26.856,0.0179,120,1007.8224,1007.9958,1007.6296,0.0413,120,0.2002,1.2016,0,0.3213,120,0.1617,0.7323,0,0.2718,120,13.8754,14.2604,13.7689,0.2033,120,120,0,0.9435,2.4415,0,0.7548,120,None,None,None,None,0,3.4637,3.4666,3.4605,0.0007,0.569,0.5694,0.5686,0.0002,0.7453,0.748,0.7422,0.0018,-0.0001,-0.0001,-0.0001,0,0,0,0,0,0,0,0,0,0.0009,0.0024,0,0.0008,264.2667,555,85,99.9327,0,0,0,0,307.5,632,50,97.4161,39,41.4333,47,39,23.68,23.68,23.68
2022-11-09 17:30:00,2.8282,5.5736,0.9368,0.974,120,104.4318,28.6062,120,74.7159,74.8314,74.5567,0.0643,120,26.8867,26.9506,26.8072,0.0346,120,1007.9167,1008.0142,1007.7944,0.0905,120,0,0,0,0,120,0,0,0,0,120,13.9164,14.2604,13.7689,0.2262,120,120,0,0,0,0,0,120,None,None,None,None,0,3.4653,3.4669,3.4632,0.0015,0.5689,0.5695,0.5681,0.0003,0.7472,0.7483,0.7456,0.0006,-0.0001,-0.0001,-0.0001,0,0,0,0,0,0,0,0,0,0,0,0,0,284.5917,583,79,105.8703,0,0,0,0,298.2,558,87,82.8855,39,41.4833,47,39,23.68,23.68,23.63
2022-11-09 17:40:00,2.5516,5.0032,0.3572,0.9011,120,100.0731,33.1063,120,75.0603,75.2892,74.7703,0.116,120,26.886,26.9506,26.8041,0.0401,120,1007.9742,1008.1973,1007.8127,0.0664,120,0,0,0,0,120,0,0,0,0,120,13.9491,14.2604,13.7689,0.2378,120,120,0,0,0,0,0,120,None,None,None,None,0,3.4662,3.47,3.4635,0.0011,0.5689,0.5695,0.568,0.0004,0.7506,0.7529,0.7477,0.0012,-0.0001,-0.0001,-0.0001,0,0,0,0,0,0,0,0,0,0,0,0,0,254.525,521,16,97.9432,0,0,0,0,298.8833,1008,36,127.2721,39,41.4333,47,39,23.68,23.68,23.68
2022-11-09 17:50:00,2.4921,4.6536,0.7804,0.7807,120,101.3606,23.2505,120,75.2711,75.5638,74.9535,0.1963,120,26.8429,26.9414,26.7614,0.0425,120,1008.0648,1008.1973,1007.9775,0.0905,120,0,0,0,0,120,0,0,0,0,120,13.8508,14.2604,13.2775,0.1946,120,120,0,0,0,0,0,120,None,None,None,None,0,3.4677,3.47,3.4663,0.0015,0.5684,0.5694,0.5676,0.0004,0.7527,0.7556,0.7495,0.002,-0.0001,-0.0001,-0.0001,0,0,0,0,0,0,0,0,0,0,0,0,0,248.0583,483,62,84.8592,0,0,0,0,295.1083,979,96,88.4123,39,41.5667,47,39,23.68,23.68,23.63
2022-11-09 18:00:00,2.6292,5.0492,0.8632,1.1247,120,101.722,29.1148,120,75.8408,76.1437,75.3807,0.188,120,26.7553,26.8224,26.7003,0.024,120,1008.1361,1008.3621,1007.9775,0.0798,120,0,0,0,0,120,0,0,0,0,120,13.9532,14.2604,13.2775,0.2473,120,120,0,0,0,0,0,120,None,None,None,None,0,3.4689,3.4727,3.4663,0.0013,0.5675,0.5682,0.567,0.0002,0.7584,0.7614,0.7538,0.0019,-0.0001,-0.0001,-0.0001,0,0,0,0,0,0,0,0,0,0,0,0,0,262.9583,526,71,122.2519,0,0,0,0,296.7167,964,36,100.5211,39,41.6167,47,39,23.68,23.68,23.63
2022-11-09 18:10:00,2.316,4.6904,0.7712,0.8277,120,106.6866,35.5701,120,76.2472,76.4794,75.9911,0.1289,120,26.731,26.7888,26.6759,0.0227,120,1008.1835,1008.3621,1007.9775,0.0734,120,0,0,0,0,120,0,0,0,0,120,13.9696,14.2604,13.7689,0.2426,120,120,0,0,0,0,0,120,None,None,None,None,0,3.4697,3.4727,3.4663,0.0012,0.5673,0.5679,0.5668,0.0002,0.7625,0.7648,0.7599,0.0013,-0.0001,-0.0001,-0.0001,0,0,0,0,0,0,0,0,0,0,0,0,0,228.9167,487,61,89.9691,0,0,0,0,313.2,983,26,117.8569,39,41.7333,47,39,23.68,23.68,23.63
2022-11-09 18:20:00,2.4274,5.316,0.9092,0.8228,120,97.598,27.7748,120,76.6004,76.8151,76.3878,0.124,120,26.7051,26.7644,26.6363,0.0257,120,1008.3479,1008.5452,1008.1606,0.0863,120,0,0,0,0,120,0,0,0,0,120,13.945,14.2604,13.7689,0.2366,120,120,0,0,0,0,0,120,None,None,None,None,0,3.4725,3.4758,3.4693,0.0014,0.5671,0.5676,0.5664,0.0003,0.766,0.7682,0.7639,0.0012,-0.0001,-0.0001,-0.0001,0,0,0,0,0,0,0,0,0,0,0,0,0,241.025,555,76,89.4384,0,0,0,0,282.625,887,4,93.2005,38,41.55,47,39,23.68,23.73,23.68
2022-11-09 18:30:00,2.2179,5.0032,0.7252,0.8212,120,109.6048,32.4188,120,76.7958,76.9066,76.6625,0.0644,120,26.6723,26.7278,26.6149,0.0222,120,1008.5096,1008.5635,1008.3438,0.0624,120,0,0,0,0,120,0,0,0,0,120,13.945,14.2604,13.2775,0.2451,120,120,0,0,0,0,0,120,None,None,None,None,0,3.4752,3.4761,3.4724,0.001,0.5667,0.5673,0.5662,0.0002,0.768,0.7691,0.7666,0.0006,-0.0001,-0.0001,-0.0001,0,0,0,0,0,0,0,0,0,0,0,0,0,218.25,521,56,89.2596,0,0,0,0,322.4667,985,129,110.1041,38,41.3667,47,39,23.68,23.68,23.68
2022-11-09 18:40:00,2.1945,4.3592,0.532,0.7972,120,104.8415,31.26,120,76.6505,76.8151,76.4794,0.0849,120,26.6799,26.7278,26.621,0.0242,120,1008.5504,1008.7466,1008.3438,0.0584,120,0,0,0,0,120,0,0,0,0,120,13.9696,14.2604,13.7689,0.2426,120,120,0,0,0,0,0,120,None,None,None,None,0,3.4758,3.4791,3.4724,0.001,0.5668,0.5673,0.5662,0.0002,0.7665,0.7682,0.7648,0.0008,-0.0001,-0.0001,-0.0001,0,0,0,0,0,0,0,0,0,0,0,0,0,215.7083,451,35,86.6537,0,0,0,0,307.3667,963,50,107.1542,38,41.6,47,39,23.68,23.68,23.63
2022-11-09 18:50:00,2.3568,5.2976,0.6516,0.8524,120,117.5409,33.0409,120,76.4466,76.632,76.2047,0.1064,120,26.6548,26.7034,26.5996,0.0223,120,1008.6431,1008.7466,1008.5269,0.0953,120,0,0,0,0,120,0,0,0,0,120,13.9696,14.2604,13.7689,0.2426,120,120,0,0,0,0,0,120,None,None,None,None,0,3.4774,3.4791,3.4754,0.0016,0.5665,0.567,0.566,0.0002,0.7645,0.7663,0.762,0.0011,-0.0001,-0.0001,-0.0001,0,0,0,0,0,0,0,0,0,0,0,0,0,233.35,553,48,92.6498,0,0,0,0,335.0667,612,62,95.4988,38,41.5,47,39,23.68,23.68,23.68
2022-11-09 19:00:00,2.5014,5.454,0.4032,1.0459,120,100.6961,31.1503,120,76.1877,76.3573,76.0216,0.079,120,26.6581,26.7064,26.5996,0.023,120,1008.6738,1008.8931,1008.5269,0.0839,120,0,0,0,0,120,0,0,0,0,120,13.9778,14.2604,13.2775,0.2522,120,120,0,0,0,0,0,120,None,None,None,None,0,3.4779,3.4816,3.4754,0.0014,0.5666,0.5671,0.566,0.0002,0.7619,0.7636,0.7602,0.0008,-0.0001,-0.0001,-0.0001,0,0,0,0,0,0,0,0,0,0,0,0,0,249.0667,570,21,113.6855,0,0,0,0,289.8167,697,55,93.0798,38,41.5667,47,39,23.68,23.68,23.68
2022-11-09 19:10:00,2.7341,5.4816,0.6792,0.9673,120,104.9064,22.9234,120,76.058,76.2047,75.8995,0.0794,120,26.6772,26.7431,26.6149,0.0257,120,1008.8749,1009.0945,1008.71,0.1002,120,0,0,0,0,120,0,0,0,0,120,13.9901,14.7535,13.7689,0.2537,120,120,0,0,0,0,0,120,None,None,None,None,0,3.4812,3.4849,3.4785,0.0017,0.5668,0.5674,0.5662,0.0003,0.7606,0.762,0.759,0.0008,-0.0001,-0.0001,-0.0001,0,0,0,0,0,0,0,0,0,0,0,0,0,274.3583,573,51,105.14,0,0,0,0,298.4833,498,107,66.2425,38,41.8667,47,39,23.68,23.68,23.63
2022-11-09 19:20:00,2.544,4.304,0.9368,0.7852,120,102.8595,30.2245,120,76.28,76.5099,75.9911,0.1332,120,26.6291,26.6851,26.5722,0.0273,120,1008.9938,1009.1128,1008.8931,0.0889,120,0,0,0,0,120,0,0,0,0,120,13.9287,14.2604,13.7689,0.2312,120,120,0,0,0,0,0,120,None,None,None,None,0,3.4832,3.4852,3.4816,0.0015,0.5663,0.5668,0.5657,0.0003,0.7628,0.7651,0.7599,0.0013,-0.0001,-0.0001,-0.0001,0,0,0,0,0,0,0,0,0,0,0,0,0,253.7,445,79,85.3511,0,0,0,0,295.7583,677,45,90.0825,38,41.4667,47,39,23.68,23.68,23.63
2022-11-09 19:30:00,2.1011,4.6536,0.6148,0.8418,120,109.8313,39.1876,120,76.6971,76.9982,76.3878,0.1864,120,26.6038,26.6607,26.5386,0.0291,120,1009.1023,1009.2959,1008.9114,0.0576,120,0,0,0,0,120,0,0,0,0,120,13.9368,14.2604,13.7689,0.2341,120,120,0,0,0,0,0,120,None,None,None,None,0,3.485,3.4883,3.4819,0.001,0.566,0.5666,0.5654,0.0003,0.767,0.77,0.7639,0.0019,-0.0001,-0.0001,-0.0001,0,0,0,0,0,0,0,0,0,0,0,0,0,205.5583,483,44,91.4948,0,0,0,0,322.125,994,48,125.373,37,41.7167,47,39,23.68,23.68,23.63
2022-11-09 19:40:00,2.6586,5.4908,0.6792,1.0951,120,105.688,30.9098,120,76.8899,77.0287,76.7541,0.0659,120,26.5755,26.6302,26.5081,0.0296,120,1009.236,1009.2959,1009.0762,0.0743,120,0,0,0,0,120,0,0,0,0,120,14.0188,14.2604,13.7689,0.2467,120,120,0,0,0,0,0,120,None,None,None,None,0,3.4873,3.4883,3.4846,0.0012,0.5658,0.5663,0.5651,0.0003,0.7689,0.7703,0.7675,0.0007,-0.0001,-0.0001,-0.0001,0,0,0,0,0,0,0,0,0,0,0,0,0,266.15,574,51,119.0328,0,0,0,0,305.375,745,8,94.1281,37,41.4833,47,39,23.68,23.68,23.68
2022-11-09 19:50:00,2.662,5.1504,0.8908,1.0228,120,120.5809,28.6206,120,76.9138,77.0592,76.7541,0.067,120,26.5646,26.624,26.4989,0.0285,120,1009.3204,1009.479,1009.0762,0.0898,120,0,0,0,0,120,0,0,0,0,120,14.0188,14.2604,13.7689,0.2467,120,120,0,0,0,0,0,120,None,None,None,None,0,3.4887,3.4913,3.4846,0.0015,0.5656,0.5662,0.565,0.0003,0.7691,0.7706,0.7675,0.0007,-0.0001,-0.0001,-0.0001,0,0,0,0,0,0,0,0,0,0,0,0,0,266.525,537,74,111.1719,0,0,0,0,344.3167,621,142,82.765,37,41.4333,47,39,23.68,23.68,23.68
2022-11-09 20:00:00,2.257,4.6352,0.6056,0.8603,120,119.4948,36.7856,120,76.6544,76.8761,76.5099,0.0745,120,26.6137,26.6851,26.5539,0.0255,120,1009.3646,1009.4607,1009.241,0.0915,120,0,0,0,0,120,0,0,0,0,120,13.9491,14.2604,13.2775,0.2543,120,120,0,0,0,0,0,120,None,None,None,None,0,3.4894,3.491,3.4874,0.0015,0.5661,0.5668,0.5655,0.0003,0.7665,0.7688,0.7651,0.0007,-0.0001,-0.0001,-0.0001,0,0,0,0,0,0,0,0,0,0,0,0,0,222.5,481,43,93.5109,0,0,0,0,351.7417,967,96,121.0977,37,41.65,47,39,23.68,23.68,23.63
2022-11-09 20:10:00,2.4548,4.5892,1.0288,0.73,120,114.1397,34.7152,120,76.4318,76.6015,76.3268,0.0581,120,26.6104,26.6759,26.5142,0.032,120,1009.4885,1009.6438,1009.2593,0.0815,120,0,0,0,0,120,0,0,0,0,120,13.9696,14.2604,13.2775,0.2508,120,120,0,0,0,0,0,120,None,None,None,None,0,3.4915,3.4941,3.4877,0.0014,0.5661,0.5668,0.5651,0.0003,0.7643,0.766,0.7633,0.0006,-0.0001,-0.0001,-0.0001,0,0,0,0,0,0,0,0,0,0,0,0,0,244,476,89,79.3462,0,0,0,0,350.0333,978,95,138.0971,37,41.7333,47,39,23.68,23.68,23.63
2022-11-09 20:20:00,1.9332,4.2028,0.762,0.7606,120,119.6694,38.3521,120,76.647,76.8151,76.4183,0.0942,120,26.5964,26.682,26.502,0.0352,120,1009.5991,1009.827,1009.4241,0.0805,120,0,0,0,0,120,0,0,0,0,120,13.9819,14.2604,13.7689,0.2446,120,120,0,0,0,0,0,120,None,None,None,None,0,3.4933,3.4971,3.4904,0.0013,0.566,0.5668,0.565,0.0003,0.7665,0.7682,0.7642,0.0009,-0.0001,-0.0001,-0.0001,0,0,0,0,0,0,0,0,0,0,0,0,0,187.3,434,60,82.6731,0,0,0,0,344.6083,933,47,118.1692,37,41.5833,47,41,23.68,23.68,23.68
2022-11-09 20:30:00,2.7109,6.5028,0.4032,1.2153,120,111.9714,33.7947,120,76.7551,77.0287,76.5709,0.1331,120,26.5794,26.7003,26.4898,0.0474,120,1009.6641,1009.827,1009.5157,0.0715,120,0,0,0,0,120,0,0,0,0,120,13.9491,14.2604,13.2775,0.2462,120,120,0,0,0,0,0,120,None,None,None,None,0,3.4944,3.4971,3.4919,0.0012,0.5658,0.567,0.5649,0.0005,0.7676,0.7703,0.7657,0.0013,-0.0001,-0.0001,-0.0001,0,0,0,0,0,0,0,0,0,0,0,0,0,271.8417,684,21,132.093,0,0,0,0,326.5667,925,120,107.0083,37,41.6167,47,39,23.68,23.68,23.63
2022-11-09 20:40:00,2.358,5.5644,0.67,1.0053,120,117.1053,43.1453,120,77.0765,77.2118,76.9066,0.0807,120,26.5653,26.6118,26.505,0.0232,120,1009.8242,1010.0284,1009.6255,0.0953,120,0,0,0,0,120,0,0,0,0,120,13.9655,14.2604,13.7689,0.2418,120,120,0,0,0,0,0,120,None,None,None,None,0,3.4971,3.5005,3.4938,0.0016,0.5656,0.5661,0.5651,0.0002,0.7708,0.7721,0.7691,0.0008,-0.0001,-0.0001,-0.0001,0,0,0,0,0,0,0,0,0,0,0,0,0,233.475,582,50,109.2682,0,0,0,0,343.325,806,36,128.0366,36.8,41.6167,47,39,23.68,23.68,23.63
2022-11-09 20:50:00,2.6561,5.914,0.762,1.1345,120,118.8725,34.4757,120,77.2032,77.3339,76.9982,0.0701,120,26.5208,26.5996,26.4501,0.0346,120,1009.9516,1010.0284,1009.8086,0.0894,120,0,0,0,0,120,0,0,0,0,120,13.9246,14.2604,13.2775,0.2466,120,120,0,0,0,0,0,120,None,None,None,None,0,3.4992,3.5005,3.4968,0.0015,0.5652,0.566,0.5645,0.0003,0.772,0.7733,0.77,0.0007,-0.0001,-0.0001,-0.0001,0,0,0,0,0,0,0,0,0,0,0,0,0,265.8833,620,60,123.3145,0,0,0,0,343.7583,881,119,105.3774,36,41.4667,47,39,23.68,23.68,23.63
2022-11-09 21:00:00,2.4372,5.086,0.6424,0.9739,120,134.7943,36.5078,120,77.2665,77.3644,77.1508,0.0588,120,26.471,26.5325,26.386,0.029,120,1009.8439,1010.0101,1009.8086,0.0638,120,0,0,0,0,120,0,0,0,0,120,13.8795,14.2604,13.2775,0.2249,120,120,0,0,0,0,0,120,None,None,None,None,0,3.4974,3.5002,3.4968,0.0011,0.5647,0.5653,0.5639,0.0003,0.7727,0.7736,0.7715,0.0006,-0.0001,-0.0001,-0.0001,0,0,0,0,0,0,0,0,0,0,0,0,0,242.0833,530,47,105.8614,0,0,0,0,384.3667,812,166,105.9669,36,41.7833,47,41,23.68,23.68,23.63
2022-11-09 21:10:00,2.1011,4.0648,0.8724,0.6572,120,127.8255,34.8404,120,77.1907,77.3339,77.0592,0.064,120,26.4457,26.502,26.3891,0.0237,120,1009.8228,1010.0284,1009.6072,0.0928,120,0,0,0,0,120,0,0,0,0,120,13.8918,14.2604,13.7689,0.2137,120,120,0,0,0,0,0,120,None,None,None,None,0,3.497,3.5005,3.4935,0.0015,0.5645,0.565,0.5639,0.0002,0.7719,0.7733,0.7706,0.0006,-0.0001,-0.0001,-0.0001,0,0,0,0,0,0,0,0,0,0,0,0,0,205.5583,419,72,71.4346,0,0,0,0,366.85,714,118,101.2544,36,41.5,47,39,23.68,23.68,23.63
2022-11-09 21:20:00,2.333,4.6352,0.2836,0.8439,120,127.0788,37.4095,120,77.0656,77.2118,76.9372,0.0716,120,26.4516,26.5203,26.383,0.0295,120,1009.771,1010.0101,1009.6072,0.0928,120,0,0,0,0,120,0,0,0,0,120,13.9246,14.2604,13.7689,0.2296,120,120,0,0,0,0,0,120,None,None,None,None,0,3.4962,3.5002,3.4935,0.0015,0.5645,0.5652,0.5638,0.0003,0.7707,0.7721,0.7694,0.0007,-0.0001,-0.0001,-0.0001,0,0,0,0,0,0,0,0,0,0,0,0,0,230.7583,481,8,91.7317,0,0,0,0,375.875,960,149,123.7871,36,41.9167,47,39,23.68,23.68,23.63
2022-11-09 21:30:00,2.3803,5.178,0.7712,0.883,120,126.3925,37.712,120,77.148,77.2423,76.9982,0.0685,120,26.4308,26.4837,26.3646,0.0248,120,1009.779,1010.0101,1009.6072,0.1005,120,0,0,0,0,120,0,0,0,0,120,13.9409,14.2604,13.7689,0.2354,120,120,0,0,0,0,0,120,None,None,None,None,0,3.4963,3.5002,3.4935,0.0017,0.5643,0.5648,0.5636,0.0003,0.7715,0.7724,0.77,0.0007,-0.0001,-0.0001,-0.0001,0,0,0,0,0,0,0,0,0,0,0,0,0,235.9,540,61,95.977,0,0,0,0,369.2833,1017,68,126.9743,36,41.6833,47,39,23.68,23.68,23.63
2022-11-09 21:40:00,2.4033,4.2212,0.5504,0.7989,120,125.2481,30.9248,120,77.2782,77.3949,77.0898,0.0845,120,26.4107,26.4776,26.3463,0.0308,120,1009.731,1009.9918,1009.5889,0.1006,120,0,0,0,0,120,0,0,0,0,120,13.9614,14.2604,13.2775,0.2492,120,120,0,0,0,0,0,120,None,None,None,None,0,3.4955,3.4999,3.4931,0.0017,0.5641,0.5648,0.5635,0.0003,0.7728,0.7739,0.7709,0.0008,-0.0001,-0.0001,-0.0001,0,0,0,0,0,0,0,0,0,0,0,0,0,238.4,436,37,86.8354,0,0,0,0,355.8417,578,162,88.0368,36,41.5333,47,39,23.68,23.68,23.63
2022-11-09 21:50:00,1.8744,4.1016,0.4308,0.8354,120,117.1104,36.6271,120,77.3647,77.456,77.2423,0.044,120,26.4073,26.4867,26.3097,0.0349,120,1009.6858,1009.827,1009.6072,0.0917,120,0,0,0,0,120,0,0,0,0,120,13.8304,14.2604,13.2775,0.1864,120,120,0,0,0,0,0,120,None,None,None,None,0,3.4948,3.4971,3.4935,0.0015,0.5641,0.5649,0.5631,0.0003,0.7736,0.7746,0.7724,0.0004,-0.0001,-0.0001,-0.0001,0,0,0,0,0,0,0,0,0,0,0,0,0,180.9167,423,24,90.7989,0,0,0,0,336.4667,762,104,107.0707,36,41.5833,47,39,23.68,23.68,23.63
2022-11-09 22:00:00,2.2945,4.3224,1.0564,0.7268,120,120.3814,30.6624,120,77.4715,77.5781,77.3644,0.0624,120,26.3366,26.4104,26.2731,0.0254,120,1009.6648,1009.827,1009.6072,0.0864,120,0,0,0,0,120,0,0,0,0,120,13.9082,14.2604,13.7689,0.2224,120,120,0,0,0,0,0,120,None,None,None,None,0,3.4944,3.4971,3.4935,0.0014,0.5634,0.5641,0.5627,0.0003,0.7747,0.7758,0.7736,0.0006,-0.0001,-0.0001,-0.0001,0,0,0,0,0,0,0,0,0,0,0,0,0,226.575,447,92,78.9993,0,0,0,0,340.75,523,118,87.4266,36,41.7333,47,39,23.68,23.68,23.63
2022-11-09 22:10:00,1.65,3.6048,0.5504,0.6515,120,115.5381,39.629,120,77.4621,77.5781,77.3949,0.0535,120,26.327,26.3799,26.2639,0.0246,120,1009.6696,1009.827,1009.6072,0.0856,120,0,0,0,0,120,0,0,0,0,120,13.8672,14.2604,13.2775,0.2262,120,120,0,0,0,0,0,120,None,None,None,None,0,3.4945,3.4971,3.4935,0.0014,0.5633,0.5638,0.5626,0.0003,0.7746,0.7758,0.7739,0.0005,-0.0001,-0.0001,-0.0001,0,0,0,0,0,0,0,0,0,0,0,0,0,156.5167,369,37,70.8108,0,0,0,0,337.575,905,82,121.5177,36,41.5667,47,39,23.68,23.68,23.63
2022-11-09 22:20:00,1.9124,3.6968,0.6792,0.6627,120,127.2913,30.9678,120,77.5562,77.7001,77.3949,0.068,120,26.3412,26.3921,26.2761,0.0265,120,1009.6277,1009.827,1009.4241,0.0693,120,0,0,0,0,120,0,0,0,0,120,13.9205,14.2604,13.2775,0.2366,120,120,0,0,0,0,0,120,None,None,None,None,0,3.4938,3.4971,3.4904,0.0012,0.5634,0.5639,0.5628,0.0003,0.7756,0.777,0.7739,0.0007,-0.0001,-0.0001,-0.0001,0,0,0,0,0,0,0,0,0,0,0,0,0,185.0417,379,51,72.0367,0,0,0,0,361.4917,590,173,88.2892,36,41.45,47,39,23.68,23.68,23.63
2022-11-09 22:30:00,2.2987,3.9452,0.8264,0.7122,120,121.7408,35.6981,120,77.7724,77.9443,77.5781,0.095,120,26.3129,26.3921,26.2456,0.026,120,1009.5534,1009.6255,1009.4058,0.0863,120,0,0,0,0,120,0,0,0,0,120,13.9328,14.2604,13.2775,0.2412,120,120,0,0,0,0,0,120,None,None,None,None,0,3.4926,3.4938,3.4901,0.0014,0.5631,0.5639,0.5625,0.0003,0.7777,0.7794,0.7758,0.001,-0.0001,-0.0001,-0.0001,0,0,0,0,0,0,0,0,0,0,0,0,0,227.0333,406,67,77.4159,0,0,0,0,352.8667,869,127,110.2843,35.6,41.7167,47,39,23.68,23.68,23.63
2022-11-09 22:40:00,2.376,5.3988,0.348,1.1036,120,121.0002,37.5102,120,77.9087,78.0358,77.7612,0.0673,120,26.2383,26.3433,26.1296,0.0491,120,1009.465,1009.6255,1009.4058,0.0776,120,0,0,0,0,120,0,0,0,0,120,13.7935,14.2604,13.2775,0.1785,120,120,0,0,0,0,0,120,None,None,None,None,0,3.4911,3.4938,3.4901,0.0013,0.5624,0.5634,0.5613,0.0005,0.7791,0.7804,0.7776,0.0007,-0.0001,-0.0001,-0.0001,0,0,0,0,0,0,0,0,0,0,0,0,0,235.4333,564,15,119.9604,0,0,0,0,356.9667,1013,8,131.2545,35,41.6,47,39,23.68,23.68,23.63
2022-11-09 22:50:00,2.1731,4.4512,0.716,0.8249,120,118.7413,38.3702,120,77.8136,78.0053,77.6086,0.1043,120,26.1869,26.2395,26.1266,0.0301,120,1009.4435,1009.6255,1009.2227,0.0865,120,0,0,0,0,120,0,0,0,0,120,13.814,14.2604,13.2775,0.2014,120,120,0,0,0,0,0,120,None,None,None,None,0,3.4907,3.4938,3.487,0.0014,0.5619,0.5624,0.5613,0.0003,0.7781,0.7801,0.7761,0.001,-0.0001,-0.0001,-0.0001,0,0,0,0,0,0,0,0,0,0,0,0,0,213.3833,461,55,89.6626,0,0,0,0,343.9,851,20,116.6103,35,41.6833,49,39,23.68,23.68,23.63
2022-11-09 23:00:00,2.2598,5.0492,0.762,0.9413,120,117.4778,38.8297,120,77.3977,77.6696,77.2118,0.1073,120,26.203,26.2609,26.1419,0.0274,120,1009.38,1009.6072,1009.2044,0.0828,120,0,0,0,0,120,0,0,0,0,120,13.8427,14.2604,13.2775,0.2175,120,120,0,0,0,0,0,120,None,None,None,None,0,3.4897,3.4935,3.4867,0.0014,0.562,0.5626,0.5614,0.0003,0.774,0.7767,0.7721,0.0011,-0.0001,-0.0001,-0.0001,0,0,0,0,0,0,0,0,0,0,0,0,0,222.8,526,60,102.3149,0,0,0,0,337.7417,877,83,116.36,35,41.35,47,39,23.68,23.68,23.63
2022-11-09 23:10:00,2.3145,4.6628,0.808,0.81,120,123.0771,30.8667,120,77.1152,77.3034,76.9372,0.0916,120,26.2186,26.2761,26.1571,0.0248,120,1009.2543,1009.6072,1009.2227,0.0663,120,0,0,0,0,120,0,0,0,0,120,13.8017,14.2604,13.2775,0.1772,120,120,0,0,0,0,0,120,None,None,None,None,0,3.4876,3.4935,3.487,0.0011,0.5622,0.5628,0.5616,0.0003,0.7712,0.773,0.7694,0.0009,-0.0001,-0.0001,-0.0001,0,0,0,0,0,0,0,0,0,0,0,0,0,228.75,484,65,88.0408,0,0,0,0,350.7,689,98,89.7297,35,41.7,47,39,23.68,23.68,23.63
2022-11-09 23:20:00,2.6565,5.684,0.3572,1.0548,120,123.7113,36.4732,120,77.0541,77.2118,76.8456,0.0845,120,26.1821,26.2548,26.09,0.0313,120,1009.2242,1009.4241,1009.0396,0.0593,120,0,0,0,0,120,0,0,0,0,120,13.8304,14.2604,13.2775,0.2071,120,120,0,0,0,0,0,120,None,None,None,None,0,3.4871,3.4904,3.484,0.001,0.5618,0.5625,0.5609,0.0003,0.7705,0.7721,0.7685,0.0008,-0.0001,-0.0001,-0.0001,0,0,0,0,0,0,0,0,0,0,0,0,0,265.925,595,16,114.6478,0,0,0,0,352.55,801,0,108.7425,35,41.5833,47,39,23.68,23.68,23.63
2022-11-09 23:30:00,2.1999,4.2212,0.2284,0.881,120,120.9216,37.227,120,76.9687,77.1203,76.7541,0.0841,120,26.1028,26.1693,26.0137,0.029,120,1009.1643,1009.241,1009.0213,0.0882,120,0,0,0,0,120,0,0,0,0,120,13.7116,14.2604,13.2775,0.1823,120,120,0,0,0,0,0,120,None,None,None,None,0,3.4861,3.4874,3.4837,0.0015,0.561,0.5617,0.5601,0.0003,0.7697,0.7712,0.7675,0.0008,-0.0001,-0.0001,-0.0001,0,0,0,0,0,0,0,0,0,0,0,0,0,216.2917,436,2,95.76,0,0,0,0,350.425,834,91,112.5154,35,41.4833,47,39,23.68,23.68,23.63
2022-11-09 23:40:00,1.6812,3.6232,0.6148,0.7107,120,127.6314,35.2432,120,76.5651,76.8151,76.3268,0.1349,120,26.0382,26.1174,25.9648,0.0347,120,1009.0918,1009.241,1008.8565,0.0879,120,0,0,0,0,120,0,0,0,0,120,13.642,14.2604,13.2775,0.2665,120,120,0,0,0,0,0,120,None,None,None,None,0,3.4849,3.4874,3.4809,0.0015,0.5604,0.5612,0.5596,0.0003,0.7657,0.7682,0.7633,0.0013,-0.0001,-0.0001,-0.0001,0,0,0,0,0,0,0,0,0,0,0,0,0,159.9167,371,44,77.2489,0,0,0,0,365.3417,927,108,108.5115,35,41.65,47,41,23.68,23.68,23.63
2022-11-09 23:50:00,1.9257,3.6876,0.7804,0.6848,120,125.922,36.0053,120,76.2197,76.4183,76.0216,0.1046,120,26.015,26.0747,25.9587,0.026,120,1008.9831,1009.241,1008.8382,0.088,120,0,0,0,0,120,0,0,0,0,120,13.6952,14.2604,13.2775,0.2175,120,120,0,0,0,0,0,120,None,None,None,None,0,3.4831,3.4874,3.4806,0.0015,0.5602,0.5607,0.5596,0.0003,0.7622,0.7642,0.7602,0.001,-0.0001,-0.0001,-0.0001,0,0,0,0,0,0,0,0,0,0,0,0,0,186.4917,378,62,74.436,0,0,0,0,365.5583,1022,157,116.3131,35,41.75,47,39,23.67,23.68,23.63
