datetime,Anemometer;wind_speed;Avg (m/s),Anemometer;wind_speed;Max (m/s),Anemometer;wind_speed;Min (m/s),Anemometer;wind_speed;StdDev (m/s),Anemometer;wind_speed;Count (),Wind Vane TMR;wind_direction;Avg (°),Wind Vane TMR;wind_direction;StdDev (°),Wind Vane TMR;wind_direction;Count (),Hygro/Thermo;humidity;Avg (%),Hygro/Thermo;humidity;Max (%),Hygro/Thermo;humidity;Min (%),Hygro/Thermo;humidity;StdDev (%),Hygro/Thermo;humidity;Count (),Hygro/Thermo;temperature;Avg (°C),Hygro/Thermo;temperature;Max (°C),Hygro/Thermo;temperature;Min (°C),Hygro/Thermo;temperature;StdDev (°C),Hygro/Thermo;temperature;Count (),Barometer;air_pressure;Avg (hPa),Barometer;air_pressure;Max (hPa),Barometer;air_pressure;Min (hPa),Barometer;air_pressure;StdDev (hPa),Barometer;air_pressure;Count (),DHI (Diffuse Horizontal Irradiance);solar_irradiance;Avg (W/m²),DHI (Diffuse Horizontal Irradiance);solar_irradiance;Max (W/m²),DHI (Diffuse Horizontal Irradiance);solar_irradiance;Min (W/m²),DHI (Diffuse Horizontal Irradiance);solar_irradiance;StdDev (W/m²),DHI (Diffuse Horizontal Irradiance);solar_irradiance;Count (),GHI (Global Horizontal Irradiance);solar_irradiance;Avg (W/m²),GHI (Global Horizontal Irradiance);solar_irradiance;Max (W/m²),GHI (Global Horizontal Irradiance);solar_irradiance;Min (W/m²),GHI (Global Horizontal Irradiance);solar_irradiance;StdDev (W/m²),GHI (Global Horizontal Irradiance);solar_irradiance;Count (),DNI (Direct Normal Irradiance) Pyrheliometer;solar_DNI;Avg (W/m²),DNI (Direct Normal Irradiance) Pyrheliometer;solar_DNI;Max (W/m²),DNI (Direct Normal Irradiance) Pyrheliometer;solar_DNI;Min (W/m²),DNI (Direct Normal Irradiance) Pyrheliometer;solar_DNI;StdDev (W/m²),DNI (Direct Normal Irradiance) Pyrheliometer;solar_DNI;Count (),Precipitation;precipitation;Count (),Precipitation;precipitation;Sum (mm),GTI (Global Tilt Irradiance) PV Cell;voltage;Avg (W/m2),GTI (Global Tilt Irradiance) PV Cell;voltage;Max (W/m2),GTI (Global Tilt Irradiance) PV Cell;voltage;Min (W/m2),GTI (Global Tilt Irradiance) PV Cell;voltage;StdDev (W/m2),GTI (Global Tilt Irradiance) PV Cell;voltage;Count (),Theta;other;Avg (°),Theta;other;Max (°),Theta;other;Min (°),Theta;other;StdDev (°),Theta;other;Count (),A1;channel;Avg (V),A1;channel;Max (V),A1;channel;Min (V),A1;channel;StdDev (V),A2;channel;Avg (V),A2;channel;Max (V),A2;channel;Min (V),A2;channel;StdDev (V),A3;channel;Avg (V),A3;channel;Max (V),A3;channel;Min (V),A3;channel;StdDev (V),A4;channel;Avg (V),A4;channel;Max (V),A4;channel;Min (V),A4;channel;StdDev (V),A5;channel;Avg (V),A5;channel;Max (V),A5;channel;Min (V),A5;channel;StdDev (V),A6;channel;Avg (V),A6;channel;Max (V),A6;channel;Min (V),A6;channel;StdDev (V),A7;channel;Avg (V),A7;channel;Max (V),A7;channel;Min (V),A7;channel;StdDev (V),C1;channel;Avg (I),C1;channel;Max (I),C1;channel;Min (I),C1;channel;StdDev (I),C2;channel;Avg (I),C2;channel;Max (I),C2;channel;Min (I),C2;channel;StdDev (I),D1;channel;Avg (),D1;channel;Max (),D1;channel;Min (),D1;channel;StdDev (),T;channel;Avg (°C),I;channel;Avg (mA),I;channel;Max (mA),I;channel;Min (mA),V;channel;Avg (V),V;channel;Max (V),V;channel;Min (V)
2022-11-29 00:00:00,2.1013,4.2028,0.6148,0.8416,120,36.3934,31.6179,120,77.4575,77.6391,77.3949,0.0657,120,26.5477,26.5691,26.5294,0.0098,120,1003.074,1003.2716,1002.8871,0.0727,120,0,0,0,0,120,0,0,0,0,120,13.8754,14.2604,13.2775,0.2131,120,120,0,0,0,0,0,120,None,None,None,None,0,3.3846,3.3879,3.3815,0.0012,0.5655,0.5657,0.5653,0.0001,0.7746,0.7764,0.7739,0.0007,-0.0001,-0.0001,-0.0001,0,0,0,0,0,0,0,0,0,0,0,0,0,205.575,434,44,91.4755,0,0,0,0,206.8333,1014,5,264.0115,36,44.25,51,41,23.67,23.68,23.63
2022-11-29 00:10:00,2.3988,3.9728,0.6148,0.8893,120,34.7026,35.1681,120,77.767,77.9443,77.6086,0.1086,120,26.5259,26.5447,26.502,0.0119,120,1002.9347,1003.1068,1002.8871,0.0622,120,0,0,0,0,120,0,0,0,0,120,13.9041,14.2604,13.7689,0.2204,120,120,0,0,0,0,0,120,None,None,None,None,0,3.3822,3.3851,3.3815,0.001,0.5653,0.5655,0.565,0.0001,0.7777,0.7794,0.7761,0.0011,-0.0001,-0.0001,-0.0001,0,0,0,0,0,0,0,0,0,0,0,0,0,237.9083,409,44,96.6585,0,0,0,0,190.2,1022,0,248.511,36,41.5167,47,39,23.67,23.68,23.63
2022-11-29 00:20:00,2.2925,5.1964,0.7896,0.7647,120,32.0125,31.5606,120,77.8423,78.0053,77.7306,0.062,120,26.5011,26.5386,26.4745,0.0188,120,1002.8594,1002.9237,1002.7039,0.0843,120,0,0,0,0,120,0,0,0,0,120,13.8754,14.2604,13.2775,0.2131,120,120,0,0,0,0,0,120,None,None,None,None,0,3.381,3.3821,3.3784,0.0014,0.565,0.5654,0.5647,0.0002,0.7784,0.7801,0.7773,0.0006,-0.0001,-0.0001,-0.0001,0,0,0,0,0,0,0,0,0,0,0,0,0,226.3583,542,63,83.1153,0,0,0,0,192.2833,1020,1,259.0058,36,41.3667,47,39,23.67,23.68,23.63
2022-11-29 00:30:00,2.1619,4.1568,0.6884,0.8634,120,52.4224,46.454,120,77.69,77.8222,77.456,0.1171,120,26.5009,26.5203,26.4837,0.009,120,1002.8368,1002.9237,1002.7039,0.091,120,0,0,0,0,120,0,0,0,0,120,13.7976,14.2604,13.2775,0.1321,120,120,0,0,0,0,0,120,None,None,None,None,0,3.3806,3.3821,3.3784,0.0015,0.565,0.5652,0.5648,0.0001,0.7769,0.7782,0.7746,0.0012,-0.0001,-0.0001,-0.0001,0,0,0,0,0,0,0,0,0,0,0,0,0,212.1583,429,52,93.8453,0,0,0,0,236.9667,1005,1,234.087,35.4,41.55,47,39,23.67,23.68,23.63
2022-11-29 00:40:00,1.6924,3.9452,0.3296,0.7176,120,49.5925,39.1747,120,77.4463,77.5781,77.3339,0.0699,120,26.4829,26.4928,26.4654,0.0076,120,1002.7696,1002.942,1002.7039,0.0842,120,0,0,0,0,120,0,0,0,0,120,13.7771,14.2604,13.2775,0.191,120,120,0,0,0,0,0,120,None,None,None,None,0,3.3795,3.3824,3.3784,0.0014,0.5648,0.5649,0.5646,0.0001,0.7745,0.7758,0.7733,0.0007,-0.0001,-0.0001,-0.0001,0,0,0,0,0,0,0,0,0,0,0,0,0,161.1333,406,13,78.0013,0,0,0,0,204.025,1002,4,207.9736,35,41.6667,47,39,23.67,23.68,23.63
2022-11-29 00:50:00,1.5705,3.5036,0.2468,0.7626,120,35.6241,45.082,120,77.2762,77.3949,77.1813,0.0663,120,26.4657,26.4837,26.444,0.0083,120,1002.7912,1002.9237,1002.7039,0.0918,120,0,0,0,0,120,0,0,0,0,120,13.7566,14.2604,13.2775,0.174,120,120,0,0,0,0,0,120,None,None,None,None,0,3.3799,3.3821,3.3784,0.0015,0.5647,0.5648,0.5644,0.0001,0.7728,0.7739,0.7718,0.0007,-0.0001,-0.0001,-0.0001,0,0,0,0,0,0,0,0,0,0,0,0,0,147.875,358,4,82.8914,0,0,0,0,246.1417,1022,13,288.1032,35,41.4,47,39,23.67,23.68,23.63
2022-11-29 01:00:00,1.1745,2.6664,0.348,0.4783,120,56.7091,38.3039,120,77.2192,77.3034,77.1508,0.0358,120,26.4639,26.4837,26.447,0.0093,120,1002.7435,1002.9237,1002.5391,0.0679,120,0,0,0,0,120,0,0,0,0,120,13.8017,14.2604,13.2775,0.2274,120,120,0,0,0,0,0,120,None,None,None,None,0,3.3791,3.3821,3.3757,0.0011,0.5646,0.5648,0.5645,0.0001,0.7722,0.773,0.7715,0.0004,-0.0001,-0.0001,-0.0001,0,0,0,0,0,0,0,0,0,0,0,0,0,104.8333,267,15,51.986,0,0,0,0,193.9333,910,7,156.0652,35,41.4,47,39,23.67,23.68,23.63
2022-11-29 01:10:00,0.932,2.0592,0.256,0.4174,120,55.7901,49.0202,120,77.3487,77.5475,77.1813,0.1076,120,26.4419,26.4684,26.4196,0.0119,120,1002.7017,1002.9237,1002.5208,0.0624,120,0,0,0,0,120,0,0,0,0,120,13.7771,14.2604,13.2775,0.1684,120,120,0,0,0,0,0,120,None,None,None,None,0,3.3784,3.3821,3.3753,0.001,0.5644,0.5647,0.5642,0.0001,0.7735,0.7755,0.7718,0.0011,-0.0001,-0.0001,-0.0001,0,0,0,0,0,0,0,0,0,0,0,0,0,78.4833,201,5,45.3652,0,0,0,0,258.825,1018,11,245.4203,35,41.65,47,41,23.67,23.68,23.63
2022-11-29 01:20:00,0.8913,3.7888,0,0.8301,120,42.8117,60.0815,120,77.5959,77.7306,77.456,0.0712,120,26.441,26.4531,26.4135,0.0094,120,1002.6777,1002.7406,1002.5208,0.0779,120,0,0,0,0,120,0,0,0,0,120,13.773,14.2604,13.2775,0.1963,120,120,0,0,0,0,0,120,None,None,None,None,0,3.378,3.379,3.3753,0.0013,0.5644,0.5645,0.5641,0.0001,0.776,0.7773,0.7746,0.0007,-0.0001,-0.0001,-0.0001,0,0,0,0,0,0,0,0,0,0,0,0,0,74.4333,389,0,89.8627,0,0,0,0,317.2,1022,0,302.1124,35,41.45,47,41,23.67,23.68,23.63
2022-11-29 01:30:00,1.6979,4.8284,0.302,0.8986,120,31.3835,45.8809,120,77.8347,78.0053,77.7001,0.0908,120,26.4294,26.4654,26.4074,0.0144,120,1002.5492,1002.7223,1002.3377,0.0604,120,0.012,0.7213,0,0.0815,120,0,0,0,0,120,13.6747,14.2604,12.786,0.314,120,120,0,0,0,0,0,120,None,None,None,None,0,3.3758,3.3787,3.3723,0.001,0.5643,0.5646,0.5641,0.0001,0.7783,0.7801,0.777,0.0009,-0.0001,-0.0001,-0.0001,0,0,0,0,0,0,0,0,0,0,0,0,0,161.7333,502,10,97.6757,0,0,0,0,305.3583,1015,0,343.6866,35,41.6333,47,39,23.67,23.68,23.63
2022-11-29 01:40:00,2.6899,5.3528,0.8172,0.9583,120,33.0542,30.4071,120,77.8654,78.0663,77.5475,0.1081,120,26.2652,26.4531,26.0015,0.1485,120,1002.519,1002.7039,1002.3194,0.0585,120,0,0,0,0,120,0,0,0,0,120,13.5396,14.2604,12.786,0.4547,120,120,0,0,0,0,0,120,None,None,None,None,0,3.3753,3.3784,3.372,0.001,0.5626,0.5645,0.56,0.0015,0.7787,0.7807,0.7755,0.0011,-0.0001,-0.0001,-0.0001,0,0,0,-0.0001,0,0,0,0,0,0,0,0,0,269.55,559,66,104.1599,0,0,0,0,210.8667,1022,0,283.2414,35,41.4667,47,41,23.67,23.68,23.63
2022-11-29 01:50:00,1.877,4.6168,0.5596,0.9326,120,38.9502,40.0218,120,78.354,78.4936,78.0358,0.0972,120,25.9402,25.9954,25.8733,0.0364,120,1002.4767,1002.5575,1002.3194,0.089,120,0,0,0,0,120,0,0,0,0,120,13.773,14.2604,13.2775,0.274,120,120,0,0,0,0,0,120,None,None,None,None,0,3.3746,3.376,3.372,0.0015,0.5594,0.5599,0.5587,0.0004,0.7835,0.7849,0.7804,0.001,-0.0001,-0.0001,-0.0001,0,0,0,0,0,0,0,0,0,0,0,0,0,181.1917,479,38,101.3749,0,0,0,0,234.6667,1017,3,277.9316,35,41.8667,47,39,23.67,23.68,23.63
2022-11-29 02:00:00,1.4972,3.0344,0.3112,0.6585,120,31.0819,46.1372,120,78.533,78.6767,78.4021,0.0533,120,25.8204,25.8794,25.7512,0.0376,120,1002.3492,1002.5391,1002.1546,0.0492,120,0,0,0,0,120,0,0,0,0,120,13.7403,14.2604,13.2775,0.2141,120,120,0,0,0,0,0,120,None,None,None,None,0,3.3725,3.3757,3.3692,0.0008,0.5582,0.5588,0.5575,0.0004,0.7853,0.7868,0.784,0.0005,-0.0001,-0.0001,-0.0001,0,0,0,0,0,0,0,0,0,0,0,0,0,139.9083,307,11,71.5778,0,0,0,0,289.875,1021,0,336.8107,35,41.8,47,39,23.67,23.68,23.63
2022-11-29 02:10:00,2.1481,4.4328,0.5964,0.8726,120,47.251,33.5383,120,78.8535,79.1955,78.5241,0.1955,120,25.729,25.7573,25.7054,0.0113,120,1002.3206,1002.5391,1002.1363,0.0852,120,0,0,0,0,120,0,0,0,0,120,13.7935,14.2604,13.2775,0.2537,120,120,0,0,0,0,0,120,None,None,None,None,0,3.372,3.3757,3.3689,0.0014,0.5573,0.5576,0.5571,0.0001,0.7885,0.792,0.7852,0.002,-0.0001,-0.0001,-0.0001,0,0,0,0,0,0,0,0,0,0,0,0,0,210.6583,459,42,94.8467,0,0,0,0,169.8333,1017,12,160.2743,35,41.6167,47,41,23.67,23.68,23.63
2022-11-29 02:20:00,1.9278,4.258,0.4952,0.8769,120,60.4691,30.9402,120,79.2968,79.7449,78.7988,0.2693,120,25.5982,25.739,25.4857,0.0862,120,1002.2738,1002.5391,1002.118,0.1202,120,0,0,0,0,120,0,0,0,0,120,13.6911,14.2604,13.2775,0.2384,120,120,0,0,0,0,0,120,None,None,None,None,0,3.3712,3.3757,3.3686,0.002,0.556,0.5574,0.5549,0.0009,0.793,0.7974,0.788,0.0027,-0.0001,-0.0001,-0.0001,0,0,0,0,0,0,0,0,0,0,0,0,0,186.7167,440,31,95.3183,0,0,0,0,204.325,1021,13,160.3712,35,41.8833,47,39,23.67,23.68,23.63
2022-11-29 02:30:00,1.9884,4.5248,0.6608,0.7909,120,69.1549,30.6886,120,80.1235,80.7825,79.4702,0.3943,120,25.3243,25.4857,25.2171,0.0858,120,1002.1525,1002.356,1001.9715,0.038,120,0,0,0,0,120,0,0,0,0,120,13.4904,13.7689,13.2775,0.2446,120,120,0,0,0,0,0,120,None,None,None,None,0,3.3692,3.3726,3.3662,0.0006,0.5532,0.5549,0.5522,0.0009,0.8012,0.8078,0.7947,0.0039,-0.0001,-0.0001,-0.0001,0,0,0,-0.0001,0,0,0,0,0,0,0,0,0,193.3083,469,49,85.9697,0,0,0,0,230.6917,1020,10,164.0423,35,41.7667,47,41,23.66,23.68,23.63
2022-11-29 02:40:00,1.2127,2.9792,0.2928,0.4689,120,83.0899,42.1266,120,81.3575,81.7896,80.7825,0.2802,120,25.247,25.2782,25.2141,0.0189,120,1002.0276,1002.1729,1001.7884,0.0929,120,0,0,0,0,120,0,0,0,0,120,13.6174,13.7689,13.2775,0.2279,120,120,0,0,0,0,0,120,None,None,None,None,0,3.3671,3.3695,3.3631,0.0015,0.5525,0.5528,0.5521,0.0002,0.8136,0.8179,0.8078,0.0028,-0.0001,-0.0001,-0.0001,0,0,0,0,0,0,0,0,0,0,0,0,0,108.9917,301,9,50.9697,0,0,0,0,266.4833,938,2,152.054,35,41.5667,47,39,23.66,23.68,23.63
2022-11-29 02:50:00,1.2365,2.7124,0.3204,0.5419,120,66.0877,47.8805,120,82.2047,82.5831,81.7896,0.2344,120,25.3019,25.3575,25.269,0.0229,120,1001.9742,1002.1729,1001.7884,0.0527,120,0,0,0,0,120,0,0,0,0,120,13.7444,14.2604,13.2775,0.2193,120,120,0,0,0,0,0,120,None,None,None,None,0,3.3662,3.3695,3.3631,0.0009,0.553,0.5536,0.5527,0.0002,0.822,0.8258,0.8179,0.0023,-0.0001,-0.0001,-0.0001,0,0,0,0,0,0,0,0,0,0,0,0,0,111.575,272,12,58.9039,0,0,0,0,260.8167,1020,14,223.4538,35,41.9333,47,39,23.67,23.68,23.63
2022-11-29 03:00:00,0.7023,1.6452,0,0.364,120,312.3713,69.2562,120,82.8939,83.0714,82.6136,0.1557,120,25.4671,25.5437,25.3545,0.062,120,1001.9834,1002.1546,1001.7518,0.0745,120,0,0,0,0,120,0,0,0,0,120,13.3184,14.2604,12.786,0.296,120,120,0,0,0,0,0,120,None,None,None,None,0,3.3664,3.3692,3.3625,0.0012,0.5547,0.5554,0.5535,0.0006,0.8289,0.8307,0.8261,0.0016,-0.0001,-0.0001,-0.0001,0,0,0,0,0,0,0,0,0,0,0,0,0,53.7,156,0,39.2449,0,0,0,0,603.0167,1021,1,341.9928,35,41.3667,47,39,23.67,23.68,23.63
2022-11-29 03:10:00,0.558,1.498,0,0.2567,120,251.5079,75.6718,120,83.3394,83.6512,82.9798,0.2226,120,25.4394,25.5254,25.3819,0.0379,120,1001.9074,1001.9715,1001.7701,0.0816,120,0,0,0,0,120,0,0,0,0,120,13.3921,13.7689,12.786,0.2182,120,120,0,0,0,0,0,120,None,None,None,None,0,3.3651,3.3662,3.3628,0.0014,0.5544,0.5553,0.5538,0.0004,0.8334,0.8365,0.8298,0.0022,-0.0001,-0.0001,-0.0001,0,0,0,0,0,0,0,0,0,0,0,0,0,38.0167,140,0,27.5556,0,0,0,0,590.7333,991,18,246.1384,35,41.5167,47,39,23.66,23.68,23.63
2022-11-29 03:20:00,1.5634,3.7152,0.5504,0.7041,120,44.08,33.9894,120,83.9071,84.2006,83.4986,0.2235,120,25.3518,25.4369,25.2965,0.037,120,1001.9091,1001.9715,1001.7701,0.0828,120,3.8869,8.1701,0,2.494,120,0,0,0,0,120,13.7607,14.2604,12.786,0.3185,120,120,0,0,0,0,0,120,None,None,None,None,0,3.3652,3.3662,3.3628,0.0014,0.5535,0.5544,0.553,0.0004,0.8391,0.842,0.835,0.0022,-0.0001,-0.0001,-0.0001,0,0,0.0001,0,0,0,0,0,0,0,0,0,0,147.1083,381,37,76.5305,0,0,0,0,180.4083,1013,11,196.8143,35,41.9667,47,39,23.66,23.68,23.63
2022-11-29 03:30:00,2.1895,4.3408,0.6884,0.715,120,45.7945,31.7607,120,84.096,84.2311,83.8954,0.0801,120,25.602,25.7695,25.4369,0.0984,120,1001.9343,1001.9715,1001.7518,0.064,120,8.761,10.0929,7.9299,0.5976,120,0.1098,0.3661,0,0.1685,120,13.8836,14.2604,13.2775,0.2274,120,120,0,0,0,0,0,120,None,None,None,None,0,3.3656,3.3662,3.3625,0.0011,0.556,0.5577,0.5544,0.001,0.841,0.8423,0.839,0.0008,-0.0001,-0.0001,-0.0001,0,0.0001,0.0001,0.0001,0,0,0,0,0,0,0,0,0,215.1667,449,52,77.7194,0,0,0,0,186.575,1020,0,206.5678,35,41.4333,47,41,23.66,23.68,23.63
2022-11-29 03:40:00,1.9896,4.4696,0.5964,0.7917,120,41.5401,40.7343,120,83.62,83.9869,83.3155,0.1951,120,25.8749,25.9618,25.7695,0.0522,120,1001.9588,1002.1546,1001.7518,0.0646,120,9.1154,9.8528,7.6898,0.5125,120,0.1922,0.3661,0,0.1836,120,13.7812,14.2604,13.2775,0.162,120,120,0,0,0,0,0,120,None,None,None,None,0,3.366,3.3692,3.3625,0.0011,0.5587,0.5596,0.5577,0.0005,0.8362,0.8399,0.8332,0.002,-0.0001,-0.0001,-0.0001,0,0.0001,0.0001,0.0001,0,0,0,0,0,0,0,0,0,193.4333,463,42,86.0534,0,0,0,0,234.1,1019,21,266.4079,34.9,41.4333,47,41,23.66,23.68,23.63
2022-11-29 03:50:00,2.1541,4.3132,0.6056,0.9459,120,45.5077,35.5014,120,82.7815,83.3155,82.4305,0.2244,120,25.9837,26.032,25.9557,0.0195,120,1001.9262,1002.1546,1001.7518,0.0974,120,8.1543,9.3717,6.9685,0.6929,120,0.0031,0.3661,0,0.0334,120,13.7034,14.2604,13.2775,0.2378,120,120,0,0,0,0,0,120,None,None,None,None,0,3.3654,3.3692,3.3625,0.0016,0.5598,0.5603,0.5596,0.0002,0.8278,0.8332,0.8243,0.0022,-0.0001,-0.0001,-0.0001,0,0.0001,0.0001,0.0001,0,0,0,0,0,0,0,0,0,211.3167,446,43,102.8107,0,0,0,0,184.5167,1011,6,187.3178,34,42.1833,47,41,23.66,23.68,23.63
2022-11-29 04:00:00,2.1083,5.0584,0.3572,1.0052,120,53.602,41.0047,120,81.9178,82.461,81.4539,0.2853,120,26.0526,26.0717,26.032,0.0086,120,1002.0045,1002.1729,1001.7701,0.0915,120,5.3889,6.9685,2.6433,1.1626,120,0,0,0,0,120,13.7485,14.2604,13.2775,0.1611,120,120,0,0,0,0,0,120,None,None,None,None,0,3.3667,3.3695,3.3628,0.0015,0.5605,0.5607,0.5603,0.0001,0.8192,0.8246,0.8145,0.0029,-0.0001,-0.0001,-0.0001,0,0.0001,0.0001,0,0,0,0,0,0,0,0,0,0,206.3417,527,16,109.2576,0,0,0,0,230.3833,1019,18,224.5209,34,41.5667,47,41,23.66,23.68,23.63
2022-11-29 04:10:00,2.2893,4.1936,0.2744,0.8565,120,56.3076,36.9677,120,81.0729,81.4539,80.6299,0.2642,120,26.1034,26.1266,26.0594,0.0174,120,1001.9979,1002.1546,1001.9349,0.0754,120,0.9672,2.6433,0,0.8391,120,0,0,0,0,120,13.7157,14.2604,13.2775,0.2188,120,120,0,0,0,0,0,120,None,None,None,None,0,3.3666,3.3692,3.3656,0.0013,0.561,0.5613,0.5606,0.0002,0.8107,0.8145,0.8063,0.0026,-0.0001,-0.0001,-0.0001,0,0,0,0,0,0,0,0,0,0,0,0,0,226.0083,433,7,93.0967,0,0,0,0,210.1167,1018,24,182.6046,34,41.45,47,39,23.66,23.68,23.63
2022-11-29 04:20:00,2.2593,4.4052,0.6332,0.8111,120,62.2692,35.3171,120,80.3334,80.6604,80.0806,0.1738,120,26.1071,26.1205,26.09,0.0072,120,1001.9921,1002.1546,1001.9349,0.0759,120,0,0,0,0,120,0,0,0,0,120,13.7689,14.2604,13.2775,0.1802,120,120,0,0,0,0,0,120,None,None,None,None,0,3.3665,3.3692,3.3656,0.0013,0.5611,0.5612,0.5609,0.0001,0.8033,0.8066,0.8008,0.0017,-0.0001,-0.0001,-0.0001,0,0,0,0,0,0,0,0,0,0,0,0,0,222.75,456,46,88.167,0,0,0,0,217.6583,1015,6,173.9808,34,41.75,47,39,23.66,23.68,23.63
2022-11-29 04:30:00,2.2299,3.752,0.7712,0.6804,120,61.827,30.6264,120,79.8873,80.0806,79.7143,0.1224,120,26.1109,26.1205,26.0961,0.0053,120,1002.1096,1002.356,1001.9349,0.0881,120,0.012,0.2402,0,0.0526,120,0.0031,0.3661,0,0.0334,120,13.7976,14.2604,13.2775,0.2323,120,120,0,0.0203,0.3052,0,0.0764,120,None,None,None,None,0,3.3685,3.3726,3.3656,0.0015,0.5611,0.5612,0.561,0.0001,0.7989,0.8008,0.7971,0.0012,-0.0001,-0.0001,-0.0001,0,0,0,0,0,0,0,0,0,0,0.0003,0,0.0001,219.55,385,61,73.955,0,0,0,0,182.9667,702,20,96.4828,34,41.5833,47,39,23.66,23.68,23.63
2022-11-29 04:40:00,1.6509,3.9268,0.302,0.8677,120,48.803,43.9047,120,79.5028,79.7143,79.3176,0.1201,120,26.1068,26.1205,26.09,0.0061,120,1002.2802,1002.5025,1002.118,0.0844,120,1.9304,4.085,0.2402,1.0564,120,1.6914,3.6639,0,1.0549,120,13.7403,14.2604,13.2775,0.1943,120,120,0,2.0524,3.9674,0,0.9503,120,None,None,None,None,0,3.3713,3.375,3.3686,0.0014,0.5611,0.5612,0.5609,0.0001,0.795,0.7971,0.7932,0.0012,-0.0001,-0.0001,-0.0001,0,0,0.0001,0,0,0,0,0,0,0.0021,0.004,0,0.001,156.625,404,10,94.3134,0,0,0,0,225.3583,1017,1,230.0683,34,41.8667,47,39,23.67,23.68,23.63
2022-11-29 04:50:00,1.9419,3.9268,0.9368,0.5424,120,59.5227,25.6782,120,79.1457,79.3176,78.7683,0.1353,120,26.1216,26.1419,26.0991,0.0117,120,1002.3389,1002.5208,1002.118,0.0634,120,3.1701,5.0465,1.922,0.8835,120,2.9584,4.7623,1.8319,0.785,120,13.8058,14.2604,13.2775,0.182,120,120,0,3.0035,4.5778,1.8311,0.6795,120,89.44,89.81,89.06,0.28,51,3.3723,3.3753,3.3686,0.0011,0.5612,0.5614,0.561,0.0001,0.7915,0.7932,0.7877,0.0014,-0.0001,-0.0001,-0.0001,0,0,0.0001,0,0,0,0,0,0,0.003,0.0046,0.0018,0.0007,188.25,404,79,58.9539,0,0,0,0,179.5417,1003,24,105.5413,34,41.45,47,39,23.67,23.68,23.63
2022-11-29 05:00:00,2.0163,4.12,0.348,0.8829,120,55.6558,41.7816,120,78.7388,78.8903,78.4631,0.1036,120,26.1435,26.2059,26.0961,0.0352,120,1002.3342,1002.5208,1002.1363,0.0473,120,6.4261,9.3717,5.0465,1.2334,120,6.0787,9.1597,4.7623,1.3081,120,13.8427,14.2604,13.2775,0.1979,120,120,0,6.1495,9.4607,4.5778,1.3508,120,87.8,89.06,86.56,0.67,120,3.3722,3.3753,3.3689,0.0008,0.5614,0.5621,0.561,0.0003,0.7874,0.7889,0.7846,0.001,-0.0001,-0.0001,-0.0001,0,0.0001,0.0001,0.0001,0,0.0001,0.0001,0,0,0.0061,0.0095,0.0046,0.0014,196.3417,425,15,95.9701,0,0,0,0,215.4083,1010,3,199.9328,34,41.7,47,39,23.66,23.68,23.63
2022-11-29 05:10:00,2.2058,4.396,0.9644,0.7139,120,46.9199,28.7251,120,78.2825,78.4936,78.1274,0.1071,120,26.2296,26.2609,26.1998,0.017,120,1002.4827,1002.7039,1002.3011,0.0865,120,14.7086,28.1157,9.6118,5.8252,120,14.4472,29.3097,9.1597,5.9356,120,14.3754,29.9968,13.2775,2.3456,120,120,0,14.8447,27.1615,9.1555,5.8631,120,85.49,86.56,84.3,0.68,120,3.3747,3.3784,3.3717,0.0014,0.5623,0.5626,0.562,0.0002,0.7828,0.7849,0.7813,0.0011,-0.0001,-0.0001,-0.0002,0,0.0002,0.0004,0.0001,0.0001,0.0001,0.0002,0.0001,0,0.0148,0.0272,0.0092,0.0059,216.9333,455,82,77.5982,0,0,0,0,170,1016,4,174.7398,34,41.5333,47,41,23.67,23.68,23.63
2022-11-29 05:20:00,1.6267,3.6508,0.4308,0.6656,120,50.5194,40.3595,120,78.0468,78.1884,77.9443,0.0638,120,26.3102,26.3799,26.2517,0.0363,120,1002.5733,1002.7039,1002.3194,0.0925,120,50.1673,84.3465,28.3559,17.8866,120,52.4976,82.7995,30.4082,16.5844,120,36.9597,128.3484,14.2604,27.9623,120,120,0,47.3418,77.2118,27.7718,16.9751,120,83.17,84.3,82.04,0.68,120,3.3762,3.3784,3.372,0.0015,0.5631,0.5638,0.5625,0.0004,0.7805,0.7819,0.7794,0.0006,-0.0002,-0.0001,-0.0008,0.0002,0.0006,0.0011,0.0004,0.0002,0.0004,0.0007,0.0003,0.0001,0.0473,0.0772,0.0278,0.017,153.9917,374,24,72.3497,0,0,0,0,202.8083,1018,16,194.2444,34,41.4,47,39,23.67,23.68,23.63
2022-11-29 05:30:00,1.466,2.8688,0.394,0.6208,120,45.9337,50.7325,120,77.901,78.0663,77.7001,0.1091,120,26.4491,26.4928,26.3738,0.0374,120,1002.6466,1002.7039,1002.5025,0.08,120,87.6867,91.7961,84.3465,2.21,120,87.3821,91.2257,83.1657,2.3932,120,14.8346,23.6046,13.7689,1.2629,120,120,0,81.843,86.3674,77.517,2.5728,120,80.85,82.04,79.78,0.68,120,3.3774,3.3784,3.375,0.0013,0.5645,0.5649,0.5637,0.0004,0.779,0.7807,0.777,0.0011,-0.0001,-0.0001,-0.0001,0,0.0011,0.0012,0.0011,0,0.0007,0.0008,0.0007,0,0.0818,0.0864,0.0775,0.0026,136.5167,289,20,67.4825,0,0,0,0,253.7,995,10,257.4313,34,42.05,47,39,23.67,23.68,23.63
2022-11-29 05:40:00,1.6823,4.258,0.4308,0.8178,120,43.895,44.1678,120,77.5997,77.9443,77.3034,0.1925,120,26.5672,26.6057,26.4867,0.0353,120,1002.6904,1002.9054,1002.5025,0.0532,120,97.9556,117.5087,85.7882,9.2979,120,99.6614,122.3673,86.8295,9.2018,120,27.2394,48.1921,14.2604,9.5443,120,120,0,89.17,109.2563,78.7377,7.9947,120,78.53,79.78,77.26,0.67,120,3.3782,3.3818,3.375,0.0009,0.5657,0.5661,0.5649,0.0003,0.776,0.7794,0.773,0.0019,-0.0002,-0.0001,-0.0003,0.0001,0.0012,0.0015,0.0011,0.0001,0.0008,0.001,0.0007,0.0001,0.0892,0.1093,0.0787,0.008,160.0333,440,24,88.8873,0,0,0,0,240.4167,1018,1,261.867,34,41.7667,47,39,23.67,23.68,23.63
2022-11-29 05:50:00,2.2895,4.2488,0.6792,0.9268,120,51.3233,39.8978,120,77.1666,77.4255,76.7846,0.176,120,26.6313,26.6546,26.6027,0.0108,120,1002.7274,1002.9054,1002.5025,0.0782,120,94.7736,122.3142,81.7031,14.3582,120,94.6788,123.8331,81.3337,14.8655,120,18.904,41.3084,14.2604,5.4264,120,120,0,84.8491,113.2237,72.3289,14.5587,120,76.2,77.26,75,0.68,120,3.3788,3.3818,3.375,0.0013,0.5663,0.5665,0.566,0.0001,0.7717,0.7743,0.7678,0.0018,-0.0001,-0.0001,-0.0003,0,0.0012,0.0016,0.001,0.0002,0.0008,0.001,0.0007,0.0001,0.0848,0.1132,0.0723,0.0146,226.0333,439,51,100.7367,0,0,0,0,243.5667,1019,6,251.5132,34,41.7667,47,39,23.66,23.68,23.63
2022-11-29 06:00:00,1.8941,4.902,0.2928,0.803,120,52.4248,34.4426,120,76.7675,77.0592,76.4183,0.2109,120,26.6022,26.6332,26.5539,0.0183,120,1002.8692,1003.0702,1002.6856,0.0607,120,89.589,100.9276,81.9433,5.8493,120,89.7176,101.1176,82.066,5.7672,120,14.2977,15.7364,13.2775,0.5817,120,120,0,79.6457,89.4192,72.9392,5.2463,120,73.88,75,72.73,0.68,120,3.3812,3.3845,3.3781,0.001,0.566,0.5663,0.5655,0.0002,0.7677,0.7706,0.7642,0.0021,-0.0001,-0.0001,-0.0001,0,0.0011,0.0013,0.001,0.0001,0.0007,0.0008,0.0007,0,0.0796,0.0894,0.0729,0.0052,183.0583,510,9,87.2821,0,0,0,0,208.775,1021,24,202.535,34,41.3667,47,39,23.66,23.68,23.63
2022-11-29 06:10:00,2.2867,4.1016,0.6976,0.8264,120,52.6384,35.1768,120,76.3812,76.632,76.2352,0.0805,120,26.5414,26.5661,26.5172,0.0141,120,1002.884,1003.0702,1002.6856,0.0407,120,100.7692,103.0898,96.8425,1.6293,120,101.0964,103.6819,96.7215,1.8323,120,15.228,17.7038,13.7689,1.3003,120,120,0,87.1456,90.64,82.0948,2.1291,120,71.56,72.73,70.46,0.68,120,3.3814,3.3845,3.3781,0.0007,0.5654,0.5657,0.5652,0.0001,0.7638,0.7663,0.7624,0.0008,-0.0001,-0.0001,-0.0001,0,0.0013,0.0013,0.0012,0,0.0008,0.0009,0.0008,0,0.0871,0.0906,0.0821,0.0021,225.725,423,53,89.8272,0,0,0,0,174.6583,965,13,141.6068,34,41.6333,47,39,23.67,23.68,23.63
2022-11-29 06:20:00,2.2288,4.9204,0.532,0.8972,120,45.3904,31.5316,120,76.1363,76.3268,75.9911,0.0925,120,26.6013,26.624,26.56,0.0151,120,1002.8779,1003.0885,1002.6856,0.0674,120,96.6319,99.726,93.9583,1.2588,120,103.8289,116.1393,95.2557,6.612,120,32.9888,64.4199,14.2604,16.3382,120,120,0,83.6309,91.8607,78.1274,4.1979,120,69.23,70.46,68.19,0.67,120,3.3813,3.3848,3.3781,0.0011,0.566,0.5662,0.5656,0.0001,0.7614,0.7633,0.7599,0.0009,-0.0002,-0.0001,-0.0004,0.0001,0.0012,0.0013,0.0012,0,0.0009,0.001,0.0008,0.0001,0.0836,0.0919,0.0781,0.0042,219.4333,512,35,97.5169,0,0,0,0,193.0167,1020,5,212.7027,34,41.4167,47,39,23.67,23.68,23.63
2022-11-29 06:30:00,1.8108,4.2488,0.5228,0.7982,120,48.3752,42.321,120,76.3817,76.6625,76.0216,0.1687,120,26.6716,26.8102,26.6057,0.059,120,1002.8478,1003.0885,1002.6673,0.1018,120,142.8843,164.3677,100.4465,20.2327,120,171.5277,232.6447,103.6819,42.9283,120,80.2303,175.5575,14.2604,58.1262,120,120,0,140.5454,185.5525,85.1466,32.0884,120,66.9,67.94,65.67,0.67,120,3.3808,3.3848,3.3778,0.0017,0.5667,0.5681,0.5661,0.0006,0.7638,0.7666,0.7602,0.0017,-0.0005,-0.0001,-0.0011,0.0004,0.0018,0.0021,0.0013,0.0003,0.0014,0.0019,0.0009,0.0004,0.1405,0.1856,0.0851,0.0321,174,439,34,86.7651,0,0,0,0,212.2333,1017,8,219.5861,34,41.5333,47,39,23.67,23.68,23.63
2022-11-29 06:40:00,2.2264,4.948,0.4032,0.9275,120,51.366,41.623,120,76.4331,76.7846,76.1132,0.152,120,26.8909,27.0696,26.8163,0.0657,120,1002.9492,1003.2533,1002.6856,0.1059,120,159.8937,177.1031,140.8173,9.8876,120,256.7451,391.6483,142.5174,75.7137,120,221.3404,468.1534,14.2604,151.7614,120,120,0,201.0025,306.711,115.0548,55.5488,120,64.58,65.67,63.41,0.68,120,3.3825,3.3876,3.3781,0.0018,0.5689,0.5707,0.5682,0.0007,0.7643,0.7678,0.7611,0.0015,-0.0014,-0.0001,-0.0029,0.0009,0.002,0.0022,0.0018,0.0001,0.0021,0.0033,0.0012,0.0006,0.201,0.3067,0.1151,0.0555,219.175,515,21,100.8114,0,0,0,0,215.7333,1011,3,207.6373,34,41.8667,47,39,23.67,23.68,23.63
2022-11-29 06:50:00,2.7352,5.2148,0.9184,0.8517,120,30.7315,38.7834,120,75.8591,76.4489,75.3807,0.2232,120,27.1522,27.2527,27.0727,0.0557,120,1003.0796,1003.2716,1002.8687,0.061,120,209.152,232.1331,167.011,20.1587,120,318.585,440.7419,167.431,101.0552,120,229.4379,429.3055,14.2604,171.8325,120,120,0,257.1312,349.4369,142.8266,77.3328,120,62.26,63.41,61.14,0.68,120,3.3847,3.3879,3.3811,0.001,0.5715,0.5725,0.5707,0.0006,0.7586,0.7645,0.7538,0.0022,-0.0014,-0.0001,-0.0027,0.0011,0.0027,0.0029,0.0021,0.0003,0.0027,0.0037,0.0014,0.0008,0.2571,0.3494,0.1428,0.0773,274.4833,544,77,92.5728,0,0,0,0,273.625,1022,1,327.3556,34,41.4333,47,39,23.67,23.68,23.63
2022-11-29 07:00:00,3.3977,7.4228,0.6056,1.3854,120,29.2645,35.5016,120,74.9324,75.6554,74.4041,0.3718,120,27.2377,27.3138,27.1154,0.0548,120,1003.0847,1003.2716,1002.8687,0.0408,120,187.5747,218.1953,156.437,18.6746,120,270.0533,432.6819,160.1032,105.2771,120,161.9851,419.9613,13.7689,167.9078,120,120,0,219.1127,354.6251,128.7881,82.9494,120,59.94,61.14,58.88,0.68,120,3.3847,3.3879,3.3811,0.0007,0.5724,0.5731,0.5712,0.0006,0.7493,0.7566,0.744,0.0037,-0.001,-0.0001,-0.0026,0.001,0.0024,0.0028,0.002,0.0002,0.0022,0.0036,0.0013,0.0009,0.2191,0.3546,0.1288,0.0829,346.4917,784,43,150.5827,0,0,0,0,209.5167,1020,0,283.063,34,41.8167,47,39,23.67,23.68,23.63
2022-11-29 07:10:00,2.2859,6.7144,0.67,1.0933,120,48.1718,50.8744,120,74.807,75.3197,74.2515,0.2889,120,27.2943,27.6617,27.0757,0.1963,120,1003.1254,1003.2899,1002.8871,0.0816,120,285.0717,343.6339,192.2425,60.8698,120,431.3503,641.8776,195.6411,185.8514,120,261.2424,520.7718,14.2604,228.8586,120,120,0,369.7495,555.4369,165.4103,156.7002,120,57.62,58.88,56.37,0.67,120,3.3854,3.3882,3.3815,0.0014,0.5729,0.5766,0.5708,0.002,0.7481,0.7532,0.7425,0.0029,-0.0016,-0.0001,-0.0032,0.0014,0.0036,0.0044,0.0024,0.0008,0.0036,0.0053,0.0016,0.0015,0.3697,0.5554,0.1654,0.1567,225.6417,707,50,118.8389,0,0,0,0,264.4917,1020,1,267.0738,34.2,41.6833,47,39,23.67,23.68,23.63
2022-11-29 07:20:00,2.5506,5.4356,0.5504,1.0323,120,66.2386,36.3213,120,73.8233,74.4652,73.0613,0.3458,120,27.8136,27.9272,27.6556,0.076,120,1003.2592,1003.4547,1003.0702,0.0602,120,307.536,339.0677,272.5039,18.9111,120,481.7045,648.473,275.509,158.7948,120,292.9117,551.7531,13.7689,235.5083,120,120,0,422.9789,564.2872,254.8296,130.2053,120,55.3,56.37,54.12,0.67,120,3.3877,3.3909,3.3845,0.001,0.5781,0.5793,0.5766,0.0008,0.7382,0.7447,0.7306,0.0035,-0.0018,-0.0001,-0.0034,0.0015,0.0039,0.0043,0.0035,0.0002,0.004,0.0054,0.0023,0.0013,0.423,0.5643,0.2548,0.1302,254.4083,568,37,112.2072,0,0,0,0,207.8417,956,5,135.9682,35,42.0167,47,39,23.67,23.68,23.63
2022-11-29 07:30:00,2.429,5.4448,0.4216,1.177,120,48.8854,43.4977,120,73.0651,73.5801,72.4815,0.3047,120,27.7156,27.9028,27.5732,0.1057,120,1003.352,1003.4913,1003.2716,0.0906,120,297.3632,334.0213,253.7598,22.9788,120,354.4586,694.6351,256.8247,129.8795,120,97.8434,573.8817,14.2604,180.5901,120,120,0,322.4382,610.6754,237.1288,110.0467,120,52.99,54.12,51.87,0.68,120,3.3892,3.3915,3.3879,0.0015,0.5772,0.579,0.5757,0.0011,0.7307,0.7358,0.7248,0.003,-0.0006,-0.0001,-0.0036,0.0011,0.0038,0.0042,0.0032,0.0003,0.003,0.0058,0.0021,0.0011,0.3224,0.6107,0.2371,0.11,241.2,569,23,127.9329,0,0,0,0,227.75,1017,13,229.3388,35,41.6167,47,39,23.67,23.68,23.63
2022-11-29 07:40:00,2.8468,4.9388,1.222,0.8999,120,54.1324,31.6359,120,72.5672,73.2139,72.0542,0.2671,120,27.5468,27.7593,27.4175,0.1224,120,1003.4278,1003.6561,1003.2716,0.0968,120,272.7882,334.7425,246.311,24.2868,120,290.222,472.2497,248.7647,46.672,120,35.7589,208.0132,13.7689,42.8524,120,120,0,266.1087,419.6295,231.3303,38.8559,120,50.69,51.87,49.63,0.67,120,3.3905,3.3943,3.3879,0.0016,0.5755,0.5776,0.5742,0.0012,0.7257,0.7321,0.7205,0.0027,-0.0002,-0.0001,-0.0013,0.0003,0.0035,0.0043,0.0031,0.0003,0.0024,0.0039,0.0021,0.0004,0.2661,0.4196,0.2313,0.0389,286.6083,514,110,97.8134,0,0,0,0,179.4167,966,21,137.4256,35,41.55,47,39,23.67,23.68,23.63
2022-11-29 07:50:00,1.694,3.4576,0.4124,0.7037,120,56.2259,50.0965,120,72.9972,73.5496,72.6646,0.2109,120,27.8844,28.4948,27.4816,0.2964,120,1003.4664,1003.6744,1003.2716,0.0617,120,354.1369,420.2906,287.1622,42.2465,120,677.0005,930.2101,298.2245,212.9755,120,454.4828,722.8843,15.7364,251.0671,120,120,0,597.0946,826.7464,262.154,187.1236,120,48.39,49.63,47.14,0.67,120,3.3911,3.3946,3.3879,0.001,0.5788,0.5849,0.5748,0.003,0.73,0.7355,0.7266,0.0021,-0.0028,-0.0001,-0.0045,0.0016,0.0045,0.0053,0.0036,0.0005,0.0056,0.0077,0.0025,0.0018,0.5971,0.8267,0.2622,0.1871,161.3083,353,22,76.4863,0,0,0,0,258.2417,1002,2,243.3118,35,41.3333,47,39,23.67,23.68,23.63
2022-11-29 08:00:00,2.8993,5.5736,1.0932,1.0019,120,50.152,40.1329,120,71.041,72.6341,70.3146,0.5632,120,28.1618,28.5803,27.6556,0.3366,120,1003.4045,1003.4913,1003.2716,0.0912,120,270.251,360.2142,254.0008,23.0997,120,293.3239,843.3806,259.0228,103.5817,120,38.6642,648.6287,13.2775,113.8519,120,120,0,266.8055,734.5805,236.5185,87.7677,120,46.1,47.14,44.92,0.66,120,3.3901,3.3915,3.3879,0.0015,0.5816,0.5858,0.5766,0.0034,0.7104,0.7263,0.7031,0.0056,-0.0002,-0.0001,-0.004,0.0007,0.0034,0.0046,0.0032,0.0003,0.0024,0.007,0.0022,0.0009,0.2668,0.7346,0.2365,0.0878,292.3167,583,96,108.8983,0,0,0,0,200.8917,1021,0,203.0708,35,41.5,47,39,23.67,23.68,23.63
2022-11-29 08:10:00,2.6104,5.2608,1.0104,0.9486,120,39.1475,47.1372,120,72.1129,72.6035,71.688,0.2569,120,27.6076,27.6586,27.5518,0.0314,120,1003.325,1003.4913,1003.1068,0.1033,120,261.7623,289.085,196.8087,22.7831,120,333.4627,705.6255,199.6711,118.579,120,103.343,598.4692,14.2604,147.5323,120,120,0,300.5895,618.9154,174.8711,104.6021,120,43.83,44.92,42.71,0.66,120,3.3887,3.3915,3.3851,0.0017,0.5761,0.5766,0.5755,0.0003,0.7211,0.726,0.7169,0.0026,-0.0006,-0.0001,-0.0037,0.0009,0.0033,0.0037,0.0025,0.0003,0.0028,0.0059,0.0017,0.001,0.3006,0.6189,0.1749,0.1046,260.9167,549,87,103.1075,0,0,0,0,252.75,1016,9,279.8495,35,41.85,47,39,23.67,23.68,23.63
2022-11-29 08:20:00,2.6502,6.5028,0.4308,1.0471,120,50.6648,38.1223,120,72.3167,72.6646,71.9626,0.1658,120,27.4534,27.564,27.2832,0.0848,120,1003.238,1003.473,1003.1068,0.0867,120,175.3272,195.126,167.011,6.959,120,178.2445,197.8391,170.3613,7.3195,120,14.4043,15.7364,13.7689,0.3402,120,120,0,153.7166,173.3451,146.1837,6.8827,120,41.57,42.71,40.51,0.66,120,3.3873,3.3912,3.3851,0.0014,0.5745,0.5756,0.5728,0.0008,0.7232,0.7266,0.7196,0.0017,-0.0001,-0.0001,-0.0001,0,0.0022,0.0025,0.0021,0.0001,0.0015,0.0016,0.0014,0.0001,0.1537,0.1733,0.1462,0.0069,265.2417,684,24,113.8172,0,0,0,0,200.1833,1006,23,188.3915,35.6,41.6833,47,39,23.67,23.68,23.63
2022-11-29 08:30:00,2.6304,5.1964,0.5136,1.0439,120,60.3117,38.707,120,73.0402,73.5801,72.2373,0.3696,120,27.4284,27.8509,27.2222,0.2106,120,1003.1646,1003.3082,1003.0885,0.0789,120,223.2877,233.5748,191.7622,7.5337,120,781.2628,910.06,196.3733,223.9969,120,674.9258,810.4173,16.2278,257.6306,120,120,0,683.6222,795.0072,169.3777,194.6904,120,39.32,40.51,38.32,0.65,120,3.3861,3.3885,3.3848,0.0013,0.5743,0.5785,0.5722,0.0021,0.7304,0.7358,0.7224,0.0037,-0.0042,-0.0001,-0.005,0.0016,0.0028,0.003,0.0024,0.0001,0.0065,0.0076,0.0016,0.0019,0.6836,0.795,0.1694,0.1947,263.0833,542,33,113.4647,0,0,0,0,210.1583,1021,0,170.3519,36,41.6,47,39,23.68,23.68,23.63
2022-11-29 08:40:00,3.5077,6.0612,1.3324,1.0985,120,63.6401,38.0804,120,71.8352,73.0308,71.0166,0.5203,120,28.0253,28.153,27.8478,0.0689,120,1003.2402,1003.3265,1002.9237,0.0895,120,216.8757,271.5425,203.2969,13.4168,120,908.2615,963.916,489.8343,45.6012,120,809.7126,832.0545,219.3248,63.2691,120,120,0,794.2239,850.5509,391.2473,41.958,120,37.09,38.08,35.92,0.64,120,3.3873,3.3888,3.3821,0.0015,0.5803,0.5815,0.5785,0.0007,0.7184,0.7303,0.7102,0.0052,-0.005,-0.0014,-0.0052,0.0004,0.0028,0.0034,0.0026,0.0002,0.0076,0.008,0.0041,0.0004,0.7942,0.8506,0.3912,0.042,358.45,636,122,119.3968,0,0,0,0,220.9833,991,12,168.206,36,41.8,49,41,23.68,23.68,23.63
2022-11-29 08:50:00,3.2346,7.7172,0.7344,1.2076,120,62.4267,41.9238,120,70.38,71.1692,69.4906,0.3836,120,28.303,28.4979,28.15,0.1232,120,1003.2754,1003.4913,1003.1068,0.0764,120,339.144,442.3984,264.3339,44.5886,120,998.4431,1163.9532,545.1561,128.6431,120,750.927,837.9552,120.9733,175.8734,120,120,0,891.5016,1041.2915,474.5628,122.6106,120,34.88,35.92,33.78,0.64,120,3.3879,3.3915,3.3851,0.0013,0.583,0.585,0.5815,0.0012,0.7038,0.7117,0.6949,0.0038,-0.0047,-0.0008,-0.0052,0.0011,0.0043,0.0056,0.0034,0.0006,0.0083,0.0097,0.0045,0.0011,0.8915,1.0413,0.4746,0.1226,328.7583,816,57,131.2638,0,0,0,0,228.15,1006,5,190.008,36.2,45.8333,49,39,23.67,23.68,23.63
2022-11-29 09:00:00,2.7392,5.7852,1.0104,0.9897,120,52.8556,45.5423,120,69.2986,70.3452,68.453,0.6235,120,28.8088,29.0258,28.5101,0.1521,120,1003.2923,1003.3265,1003.1068,0.0565,120,347.8049,415.0039,330.6575,13.7556,120,1075.4416,1115.593,1024,11.6298,120,808.147,821.7274,656.0055,17.281,120,120,0,963.0268,997.6501,871.9138,13.73,120,32.7,33.78,31.67,0.63,120,3.3882,3.3888,3.3851,0.0009,0.5881,0.5903,0.5851,0.0015,0.693,0.7035,0.6845,0.0062,-0.005,-0.0041,-0.0051,0.0001,0.0044,0.0053,0.0042,0.0002,0.009,0.0093,0.0085,0.0001,0.963,0.9977,0.8719,0.0137,274.9167,606,87,107.5787,0,0,0,0,229.675,1014,1,228.3908,37,46.9667,47,45,23.67,23.68,23.63
2022-11-29 09:10:00,3.3207,5.7116,1.0288,0.8931,120,58.6999,40.826,120,67.6695,69.0939,66.6829,0.6871,120,29.009,29.2639,28.7939,0.165,120,1003.3183,1003.5096,1003.1251,0.0569,120,446.2291,537.3181,357.8118,45.7597,120,989.6137,1287.7863,538.5618,214.2201,120,584.4381,839.4312,44.2588,250.1419,120,120,0,891.6771,1168.2485,490.4325,192.8522,120,30.56,31.67,29.59,0.62,120,3.3886,3.3918,3.3854,0.0009,0.5901,0.5926,0.5879,0.0016,0.6767,0.6909,0.6668,0.0069,-0.0036,-0.0003,-0.0052,0.0016,0.0057,0.0068,0.0045,0.0006,0.0082,0.0107,0.0045,0.0018,0.8917,1.1682,0.4904,0.1929,338.125,598,89,97.0714,0,0,0,0,222.1583,1020,4,197.2244,37,46.35,47,41,23.68,23.68,23.63
2022-11-29 09:20:00,3.2097,6.9168,1.2588,1.2482,120,59.942,37.7064,120,67.8421,68.6666,66.9881,0.4039,120,28.7396,28.9068,28.6291,0.0756,120,1003.3193,1003.5096,1003.1251,0.0621,120,434.4542,542.6047,388.3299,52.0613,120,1050.3698,1240.5246,525.7395,246.2712,120,651.5181,832.5459,19.1782,314.1295,120,120,0,944.881,1117.5878,472.7317,222.4145,120,28.45,29.59,27.34,0.6,120,3.3887,3.3918,3.3854,0.001,0.5874,0.5891,0.5863,0.0008,0.6784,0.6867,0.6699,0.004,-0.004,-0.0001,-0.0052,0.0019,0.0055,0.0069,0.0049,0.0007,0.0088,0.0103,0.0044,0.0021,0.9449,1.1176,0.4727,0.2224,326.0583,729,114,135.6706,0,0,0,0,215.3417,1001,22,175.1555,37.8,46.8333,47,41,23.67,23.68,23.63
2022-11-29 09:30:00,3.0024,6.282,0.4676,1.4191,120,36.7525,55.6853,120,67.453,68.392,66.7745,0.4137,120,28.6812,28.9007,28.6016,0.079,120,1003.3859,1003.5279,1003.1434,0.094,120,495.9137,541.8835,448.1654,30.913,120,516.473,571.5354,465.6543,34.0034,120,18.2278,27.5379,15.2449,3.6437,120,120,0,473.1895,521.5613,425.1228,31.6669,120,26.4,27.34,25.37,0.59,120,3.3898,3.3921,3.3857,0.0016,0.5868,0.589,0.586,0.0008,0.6745,0.6839,0.6677,0.0041,-0.0001,-0.0001,-0.0002,0,0.0063,0.0069,0.0057,0.0004,0.0043,0.0048,0.0039,0.0003,0.4732,0.5216,0.4251,0.0317,303.5167,660,28,154.254,0,0,0,0,306.7333,1014,8,312.4179,38,45.4667,49,41,23.67,23.68,23.63
2022-11-29 09:40:00,3.2084,5.5644,1.038,0.9563,120,30.1385,30.825,120,67.7109,68.392,67.2628,0.2792,120,28.5202,28.6077,28.4185,0.0659,120,1003.4309,1003.5279,1003.3265,0.0919,120,560.3871,634.1598,513.2874,22.5056,120,628.8687,1167.2509,538.5618,109.2758,120,62.5148,650.1047,16.7193,102.0157,120,120,0,585.3247,1098.3612,498.6724,98.2111,120,24.41,25.37,23.46,0.57,120,3.3905,3.3921,3.3888,0.0015,0.5852,0.5861,0.5842,0.0007,0.6771,0.6839,0.6726,0.0028,-0.0004,-0.0001,-0.004,0.0006,0.0071,0.0081,0.0065,0.0003,0.0052,0.0097,0.0045,0.0009,0.5853,1.0984,0.4987,0.0982,325.9083,582,90,103.942,0,0,0,0,217.7,1020,0,298.4504,38,46.9,49,41,23.67,23.68,23.63
2022-11-29 09:50:00,3.2705,5.4632,0.9,1.0924,120,53.9484,39.4525,120,68.0385,68.6056,67.5985,0.2352,120,28.3756,28.5101,28.1652,0.0999,120,1003.3924,1003.5463,1003.3265,0.0819,120,508.041,647.8575,439.274,75.7925,120,555.189,840.4502,457.2281,120.1163,120,41.3858,175.0661,14.2604,43.1532,120,120,0,520.6229,788.2931,432.7525,108.6937,120,22.5,23.46,21.65,0.54,120,3.3899,3.3924,3.3888,0.0014,0.5838,0.5851,0.5817,0.001,0.6804,0.6861,0.676,0.0024,-0.0003,-0.0001,-0.0011,0.0003,0.0065,0.0082,0.0056,0.001,0.0046,0.007,0.0038,0.001,0.5206,0.7883,0.4328,0.1087,332.6583,571,75,118.7421,0,0,0,0,222.8417,1014,13,215.9096,38.5,46.7667,47,41,23.67,23.68,23.63
2022-11-29 10:00:00,3.2843,6.8984,0.8632,1.3264,120,61.2097,35.5638,120,68.8999,69.9179,67.9342,0.6173,120,28.0439,28.1744,27.9058,0.0845,120,1003.2833,1003.3631,1003.1434,0.0907,120,454.4114,485.8929,427.2591,19.9643,120,474.7008,504.1236,447.3361,20.9065,120,16.8223,34.9146,15.2449,2.344,120,120,0,447.3632,476.0888,421.4606,19.7081,120,20.7,21.65,19.77,0.5,120,3.3881,3.3894,3.3857,0.0015,0.5804,0.5817,0.5791,0.0008,0.689,0.6992,0.6793,0.0062,-0.0001,-0.0001,-0.0002,0,0.0058,0.0062,0.0054,0.0003,0.004,0.0042,0.0037,0.0002,0.4474,0.4761,0.4215,0.0197,334.1583,727,71,144.1753,0,0,0,0,209.1417,1022,36,159.2898,39,46.85,47,41,23.67,23.68,23.63
2022-11-29 10:10:00,3.7552,6.4384,1.498,1.1319,120,52.8583,30.5914,120,69.3515,69.8874,68.7887,0.2901,120,28.0837,28.2202,27.9272,0.0931,120,1003.1814,1003.3631,1002.9603,0.1,120,512.6569,542.3646,452.0102,25.5528,120,544.2071,637.1152,474.0816,36.5519,120,25.0017,86.057,15.2449,15.1071,120,120,0,505.5264,594.5006,450.148,32.908,120,19.04,19.77,18.23,0.46,120,3.3864,3.3894,3.3827,0.0017,0.5808,0.5822,0.5793,0.0009,0.6935,0.6989,0.6879,0.0029,-0.0002,-0.0001,-0.0005,0.0001,0.0065,0.0069,0.0057,0.0003,0.0045,0.0053,0.0039,0.0003,0.5055,0.5945,0.4501,0.0329,385.35,677,140,123.0339,0,0,0,0,194,1004,15,174.5298,39,46.8167,47,41,23.68,23.68,23.63
2022-11-29 10:20:00,2.2645,5.7668,0.4584,1.2819,120,50.7613,48.2057,120,70.1056,71.1081,68.392,0.8206,120,28.4192,28.6962,27.9333,0.262,120,1003.0761,1003.1983,1002.9603,0.0921,120,502.3879,570.4795,467.6299,31.2096,120,534.7731,670.0888,494.2317,44.6641,120,23.301,102.778,15.7364,14.876,120,120,0,482.546,600.2991,443.7391,39.0811,120,17.55,18.23,16.88,0.41,120,3.3846,3.3866,3.3827,0.0015,0.5842,0.587,0.5793,0.0026,0.7011,0.7111,0.6839,0.0082,-0.0001,-0.0001,-0.0006,0.0001,0.0064,0.0072,0.0059,0.0004,0.0045,0.0056,0.0041,0.0004,0.4825,0.6003,0.4437,0.0391,223.3167,604,27,139.3374,0,0,0,0,292.2,1017,2,286.0474,39,46.8667,47,41,23.68,23.68,23.63
2022-11-29 10:30:00,3.1055,5.8588,0.486,1.2902,120,58.1022,42.3372,120,69.5863,70.7419,68.2699,0.6318,120,28.3085,28.623,28.15,0.1435,120,1003.0042,1003.18,1002.9603,0.0622,120,538.6797,602.6803,476.7614,30.009,120,758.1633,1351.5342,514.3818,207.2024,120,198.1826,769.1089,17.2108,190.1146,120,120,0,674.5506,1212.8056,451.0636,190.0303,120,16.28,16.88,15.77,0.33,120,3.3834,3.3863,3.3827,0.001,0.5831,0.5862,0.5815,0.0014,0.6959,0.7074,0.6827,0.0063,-0.0012,-0.0001,-0.0048,0.0012,0.0068,0.0077,0.0061,0.0004,0.0063,0.0113,0.0043,0.0017,0.6746,1.2128,0.4511,0.19,314.7333,614,30,140.2356,0,0,0,0,230.525,971,26,198.5796,39,46.8667,49,41,23.68,23.68,23.63
2022-11-29 10:40:00,4.108,6.8708,1.038,1.3682,120,51.7798,30.0382,120,68.7582,70.0095,67.9037,0.5962,120,28.4006,28.7329,28.1378,0.2126,120,1002.9693,1003.18,1002.7772,0.069,120,474.0161,619.2614,362.8575,85.3182,120,918.6542,1281.557,418.0264,240.7726,120,421.9613,862.5443,19.6697,269.0393,120,120,0,821.1361,1154.21,351.5732,224.8285,120,15.3,15.77,14.94,0.24,120,3.3828,3.3863,3.3796,0.0011,0.584,0.5873,0.5814,0.0021,0.6876,0.7001,0.679,0.006,-0.0026,-0.0001,-0.0054,0.0017,0.006,0.0079,0.0046,0.0011,0.0077,0.0107,0.0035,0.002,0.8211,1.1542,0.3516,0.2248,423.6917,724,90,148.7189,0,0,0,0,190.4583,1020,11,174.716,39.4,46.95,47,41,23.67,23.68,23.63
2022-11-29 10:50:00,3.0778,5.6748,0.5596,1.1257,120,48.722,43.8811,120,69.5644,70.7114,68.2394,0.5755,120,28.7049,29.0808,28.2049,0.2675,120,1002.8472,1002.9969,1002.7772,0.0829,120,380.418,454.6535,318.6417,38.4957,120,1096.2819,1320.7587,457.9604,253.8987,120,684.3552,882.214,22.6217,274.2611,120,120,0,982.1314,1191.1374,397.9614,240.4247,120,14.64,14.87,14.43,0.14,120,3.3808,3.3833,3.3796,0.0014,0.587,0.5908,0.582,0.0027,0.6956,0.7071,0.6824,0.0058,-0.0042,-0.0001,-0.0055,0.0017,0.0048,0.0058,0.004,0.0005,0.0091,0.011,0.0038,0.0021,0.9821,1.1911,0.398,0.2404,311.7167,594,38,122.3556,0,0,0,0,205,1013,17,200.3363,40,46.8667,49,41,23.67,23.68,23.63
2022-11-29 11:00:00,3.9651,6.7972,1.1484,1.3849,120,40.2426,40.9882,120,68.0219,68.7887,67.2018,0.3677,120,28.8332,29.0503,28.7085,0.0988,120,1002.8199,1002.9969,1002.5941,0.0993,120,321.6259,385.2063,262.1709,43.4712,120,1180.2047,1285.9544,464.922,163.3843,120,823.4736,891.5582,87.0416,173.2756,120,120,0,1062.6291,1174.9626,400.708,155.2873,120,14.37,14.43,14.35,0.03,120,3.3803,3.3833,3.3766,0.0017,0.5883,0.5905,0.5871,0.001,0.6802,0.6879,0.672,0.0037,-0.0051,-0.0005,-0.0055,0.0011,0.0041,0.0049,0.0033,0.0006,0.0098,0.0107,0.0039,0.0014,1.0626,1.175,0.4007,0.1553,408.1667,716,102,150.5335,0,0,0,0,219.0167,1020,4,260.096,40,46.6833,47,41,23.67,23.68,23.63
2022-11-29 11:10:00,3.6901,6.4476,1.0472,1.1258,120,49.007,29.8799,120,67.9772,68.9108,67.1712,0.3701,120,28.7052,28.9404,28.6383,0.0732,120,1002.649,1002.8138,1002.4293,0.0787,120,300.5993,369.5866,238.6213,34.7233,120,1207.5267,1258.8427,1066.1333,37.4055,120,873.1331,885.1644,686.9868,31.2622,120,120,0,1092.1023,1140.4767,980.2545,37.1598,120,14.5,14.68,14.37,0.1,120,3.3775,3.3802,3.3738,0.0013,0.587,0.5894,0.5864,0.0007,0.6798,0.6891,0.6717,0.0037,-0.0054,-0.0043,-0.0055,0.0002,0.0038,0.0047,0.003,0.0004,0.0101,0.0105,0.0089,0.0003,1.0921,1.1405,0.9803,0.0372,378.275,678,91,122.3718,0,0,0,0,190.725,1019,1,193.7818,40,46.7667,49,41,23.68,23.68,23.63
2022-11-29 11:20:00,3.4949,6.8984,1.0932,1.2633,120,61.6343,39.8989,120,67.8111,69.0939,66.2862,0.5889,120,29.0485,29.212,28.8855,0.1004,120,1002.5698,1002.8138,1002.411,0.1106,120,362.5695,458.9795,308.5496,44.5487,120,1109.233,1341.2761,461.6243,258.9173,120,723.7697,885.1644,67.3703,274.8674,120,120,0,1015.567,1255.5315,410.1688,237.2298,120,15.02,15.36,14.68,0.21,120,3.3762,3.3802,3.3735,0.0018,0.5905,0.5921,0.5888,0.001,0.6781,0.6909,0.6629,0.0059,-0.0045,-0.0004,-0.0055,0.0017,0.0046,0.0058,0.0039,0.0006,0.0092,0.0112,0.0038,0.0022,1.0156,1.2555,0.4102,0.2372,357.0583,727,96,137.3188,0,0,0,0,219.9167,1020,2,181.4537,40,46.9167,47,43,23.68,23.68,23.68
2022-11-29 11:30:00,2.9212,5.9232,0.5688,1.3078,120,64.693,52.0793,120,67.1949,68.5751,65.6148,0.8654,120,29.3003,29.5813,29.0899,0.1626,120,1002.5173,1002.649,1002.411,0.092,120,441.7614,537.3181,348.4394,50.7857,120,1197.5614,1426.6399,434.5138,253.9929,120,723.3722,898.9333,17.2108,260.3032,120,120,0,1097.3261,1319.9255,401.9288,239.7308,120,15.89,16.48,15.36,0.3,120,3.3753,3.3775,3.3735,0.0015,0.593,0.5958,0.5909,0.0016,0.6719,0.6858,0.6561,0.0087,-0.0045,-0.0001,-0.0056,0.0016,0.0056,0.0068,0.0044,0.0006,0.01,0.0119,0.0036,0.0021,1.0973,1.3199,0.4019,0.2397,294.7,621,39,142.15,0,0,0,0,287.675,1016,10,246.5682,40,46.9833,49,41,23.68,23.68,23.68
2022-11-29 11:40:00,3.2658,6.0612,1.1392,1.1406,120,72.9877,39.7664,120,66.9851,68.2394,65.8589,0.5863,120,29.0507,29.3738,28.6108,0.2773,120,1002.4636,1002.6307,1002.2645,0.0691,120,367.5578,463.785,307.348,42.6251,120,384.7634,606.3397,322.7707,51.8196,120,19.1663,158.8382,13.2775,16.5557,120,120,0,365.8737,585.9554,304.5747,51.9349,120,17.06,17.75,16.48,0.38,120,3.3744,3.3772,3.3711,0.0012,0.5905,0.5937,0.5861,0.0028,0.6699,0.6824,0.6586,0.0059,-0.0001,-0.0001,-0.001,0.0001,0.0047,0.0059,0.0039,0.0005,0.0032,0.0051,0.0027,0.0004,0.3659,0.586,0.3046,0.0519,332.15,636,101,123.9744,0,0,0,0,255.4917,1021,7,184.852,40.4,46.95,47,45,23.68,23.68,23.63
2022-11-29 11:50:00,2.5009,5.7668,0.6608,1.2958,120,61.9464,53.1849,120,68.4095,69.0024,67.6595,0.3707,120,28.8155,28.9526,28.6261,0.0878,120,1002.4357,1002.4476,1002.2645,0.0233,120,418.2597,557.263,343.1528,63.1923,120,495.825,1119.9892,353.1789,202.7337,120,78.4027,582.7328,14.2604,145.4619,120,120,0,475.3639,1066.9271,340.8918,191.6504,120,18.48,19.23,17.75,0.44,120,3.3739,3.3741,3.3711,0.0004,0.5882,0.5895,0.5863,0.0009,0.6841,0.69,0.6766,0.0037,-0.0005,-0.0001,-0.0036,0.0009,0.0053,0.0071,0.0044,0.0008,0.0041,0.0093,0.0029,0.0017,0.4754,1.0669,0.3409,0.1917,249.0083,604,49,140.8473,0,0,0,0,262.5333,1001,9,228.8058,41,46.7667,49,41,23.68,23.68,23.68
2022-11-29 12:00:00,2.8421,5.822,0.4492,1.2173,120,60.6783,46.3692,120,68.495,69.1549,67.4764,0.4567,120,28.7067,28.8519,28.504,0.1166,120,1002.4474,1002.6307,1002.2462,0.0425,120,337.4398,382.322,311.6732,19.7707,120,346.9847,395.3121,320.5726,22.9081,120,14.6791,16.7193,13.7689,0.6586,120,120,0,329.4829,373.5466,305.7955,20.6266,120,20.08,20.87,19.23,0.49,120,3.3741,3.3772,3.3708,0.0007,0.5871,0.5885,0.585,0.0012,0.6849,0.6915,0.6748,0.0046,-0.0001,-0.0001,-0.0001,0,0.0043,0.0049,0.004,0.0003,0.0029,0.0033,0.0027,0.0002,0.3295,0.3735,0.3058,0.0206,286.1,610,26,132.3124,0,0,0,0,235.6417,981,4,198.2504,41,46.7167,49,41,23.68,23.68,23.68
2022-11-29 12:10:00,3.1504,5.1228,0.8264,1.025,120,50.2971,39.226,120,69.3434,70.1315,68.6056,0.3749,120,28.3992,28.504,28.3056,0.051,120,1002.2387,1002.4476,1002.0447,0.1112,120,422.5732,563.9913,324.4094,80.0331,120,524.2217,1406.4898,330.8307,277.1024,120,104.8307,858.1179,13.7689,217.2363,120,120,0,489.2956,1295.8159,314.951,251.85,120,21.84,22.84,20.87,0.53,120,3.3706,3.3741,3.3674,0.0019,0.584,0.585,0.5831,0.0005,0.6934,0.7013,0.6861,0.0037,-0.0007,-0.0001,-0.0053,0.0013,0.0054,0.0072,0.0041,0.001,0.0044,0.0117,0.0028,0.0023,0.4893,1.2958,0.315,0.2519,319.6083,534,67,111.4085,0,0,0,0,195.7,1000,5,186.0168,41,46.9167,47,41,23.68,23.68,23.68
2022-11-29 12:20:00,3.4192,6.2544,0.4768,1.2477,120,65.2143,42.2105,120,69.5565,70.1621,69.0939,0.256,120,28.4657,28.5711,28.4063,0.0568,120,1001.9594,1002.2645,1001.7151,0.098,120,399.1337,536.3567,254.0008,77.1813,120,1081.9874,1300.9748,577.7635,158.8541,120,697.7843,873.3629,157.8537,183.3887,120,120,0,987.0932,1193.8841,516.6784,145.0601,120,23.71,24.72,22.84,0.56,120,3.366,3.3711,3.3619,0.0016,0.5847,0.5857,0.5841,0.0006,0.6956,0.7016,0.6909,0.0026,-0.0043,-0.001,-0.0054,0.0011,0.0051,0.0068,0.0032,0.001,0.009,0.0108,0.0048,0.0013,0.9871,1.1939,0.5167,0.1451,348.825,657,29,135.6247,0,0,0,0,247.6333,1011,9,200.95,41,46.7667,47,41,23.68,23.73,23.68
2022-11-29 12:30:00,3.2634,6.8524,0.7988,1.4136,120,55.1182,45.2798,120,69.2157,70.6503,67.629,0.9075,120,28.7384,28.9862,28.5131,0.1547,120,1001.782,1001.8983,1001.6785,0.0896,120,298.4346,370.7882,225.1638,45.5438,120,944.4893,1131.7131,373.6963,200.0464,120,670.209,859.1009,41.3084,236.3915,120,120,0,851.1485,1020.8441,327.1584,183.8351,120,25.67,26.67,24.72,0.59,120,3.363,3.365,3.3613,0.0015,0.5874,0.5899,0.5851,0.0015,0.6922,0.7065,0.6763,0.0091,-0.0042,-0.0003,-0.0053,0.0015,0.0038,0.0047,0.0029,0.0006,0.0079,0.0094,0.0031,0.0017,0.8511,1.0208,0.3272,0.1838,331.8917,722,64,153.6498,0,0,0,0,246.8083,1019,18,232.9386,41,46.5167,49,41,23.68,23.68,23.68
2022-11-29 12:40:00,2.8193,6.2452,0.5412,1.4061,120,69.6957,48.216,120,69.1265,70.6809,67.8121,0.8992,120,28.9303,29.1113,28.5803,0.1391,120,1001.6485,1001.8799,1001.4954,0.0928,120,405.3735,474.1181,325.8512,37.8414,120,658.395,1200.2233,368.2005,256.582,120,261.0088,847.7908,15.7364,279.4142,120,120,0,596.4232,1106.296,325.0221,237.4962,120,27.7,28.68,26.67,0.6,120,3.3608,3.3647,3.3583,0.0015,0.5893,0.5911,0.5858,0.0014,0.6913,0.7068,0.6781,0.009,-0.0016,-0.0001,-0.0053,0.0017,0.0051,0.006,0.0041,0.0005,0.0055,0.01,0.0031,0.0021,0.5964,1.1063,0.325,0.2375,283.625,656,36,152.8376,0,0,0,0,291.2,1016,10,231.5355,41,46.1833,47,39,23.68,23.68,23.68
2022-11-29 12:50:00,3.418,6.5488,1.2496,1.1984,120,58.5682,45.0404,120,69.19,70.0705,67.6595,0.5624,120,28.5388,28.739,28.4551,0.0582,120,1001.5934,1001.7151,1001.3306,0.0989,120,381.1049,476.5213,321.0449,49.2974,120,850.305,1251.1489,417.2941,240.2214,120,501.7326,847.7908,43.2743,247.896,120,120,0,766.0476,1134.6782,360.1184,220.3531,120,29.79,30.73,28.68,0.61,120,3.3599,3.3619,3.3555,0.0016,0.5854,0.5874,0.5846,0.0006,0.6919,0.7007,0.6766,0.0056,-0.0031,-0.0003,-0.0053,0.0015,0.0048,0.0061,0.0041,0.0006,0.0071,0.0104,0.0035,0.002,0.766,1.1347,0.3601,0.2204,348.6917,689,113,130.2631,0,0,0,0,240.7833,987,4,214.6141,41,46.4667,49,39,23.68,23.68,23.68
2022-11-29 13:00:00,3.4381,7.5148,0.716,1.4619,120,63.1723,44.5782,120,69.6216,70.7419,69.1244,0.3583,120,28.4724,28.6261,28.3056,0.1121,120,1001.4664,1001.5503,1001.3306,0.0842,120,339.8828,450.5685,288.1236,43.2496,120,804.915,1199.8571,346.2185,238.8108,120,510.4983,848.2823,16.7193,271.9164,120,120,0,723.4667,1089.816,304.2695,218.472,120,31.92,33.06,30.96,0.62,120,3.3578,3.3592,3.3555,0.0014,0.5847,0.5863,0.5831,0.0011,0.6962,0.7074,0.6912,0.0036,-0.0032,-0.0001,-0.0053,0.0017,0.0043,0.0057,0.0037,0.0005,0.0067,0.01,0.0029,0.002,0.7235,1.0898,0.3043,0.2185,350.8833,794,55,158.9066,0,0,0,0,239.8,1010,4,197.3587,41,46.2167,49,41,23.68,23.68,23.68
2022-11-29 13:10:00,3.2978,6.6132,0.716,1.1055,120,57.5346,38.6763,120,70.0542,71.0471,68.9413,0.5059,120,28.6791,28.8427,28.3697,0.1047,120,1001.4209,1001.5503,1001.3123,0.0931,120,271.1041,294.852,245.5898,15.2417,120,984.1548,1037.1897,800.8824,48.8751,120,806.6881,850.2498,569.4554,70.5722,120,120,0,886.1634,935.0871,723.899,45.0386,120,34.09,35.19,33.06,0.64,120,3.357,3.3592,3.3552,0.0016,0.5868,0.5884,0.5837,0.001,0.7005,0.7105,0.6894,0.0051,-0.005,-0.0035,-0.0053,0.0004,0.0034,0.0037,0.0031,0.0002,0.0082,0.0086,0.0067,0.0004,0.8862,0.9351,0.7239,0.045,335.625,696,55,120.1618,0,0,0,0,213.9167,1017,6,186.7461,41,46.8333,47,41,23.68,23.68,23.68
2022-11-29 13:20:00,3.5041,7.1008,0.9552,1.3047,120,62.1679,41.8119,120,69.304,69.9484,68.2699,0.3383,120,28.8806,28.9282,28.8275,0.0326,120,1001.2229,1001.3489,1001.1475,0.0795,120,348.8201,410.678,259.5276,49.8202,120,750.9886,1123.6531,269.2809,308.6121,120,464.5803,854.1847,13.7689,319.118,120,120,0,678.0602,1027.5582,228.8888,288.0959,120,36.29,37.35,35.19,0.65,120,3.3537,3.3558,3.3525,0.0013,0.5888,0.5893,0.5883,0.0003,0.693,0.6995,0.6827,0.0034,-0.0029,-0.0001,-0.0053,0.002,0.0044,0.0052,0.0033,0.0006,0.0063,0.0094,0.0022,0.0026,0.6781,1.0276,0.2289,0.2881,358.0583,749,81,141.8127,0,0,0,0,238.65,992,31,197.7967,41,46.8333,49,41,23.68,23.68,23.68
2022-11-29 13:30:00,3.7716,7.432,0.624,1.634,120,60.8873,43.7256,120,69.3482,70.5588,68.0258,0.7094,120,28.5706,28.861,28.3911,0.1183,120,1001.1437,1001.2574,1000.7996,0.0691,120,300.9057,358.5323,250.3961,31.252,120,838.3187,1072.3613,281.3709,242.8152,120,646.2891,858.6094,13.7689,280.6828,120,120,0,747.0346,963.7745,237.1288,220.9008,120,38.51,39.52,37.35,0.65,120,3.3524,3.3543,3.3467,0.0012,0.5857,0.5886,0.5839,0.0012,0.6935,0.7056,0.6803,0.0071,-0.004,-0.0001,-0.0053,0.0017,0.0038,0.0046,0.0032,0.0004,0.007,0.0089,0.0023,0.002,0.747,0.9638,0.2371,0.2209,387.1333,785,45,177.6097,0,0,0,0,243.6167,1021,35,208.6964,41,46.85,49,43,23.68,23.68,23.63
2022-11-29 13:40:00,3.1099,7.1928,0.5964,1.5827,120,58.1996,47.4764,120,69.0647,70.4978,67.2018,0.9492,120,29.0399,29.3158,28.684,0.1732,120,1001.0356,1001.1841,1000.7813,0.1117,120,282.4364,377.9968,213.6299,49.4723,120,768.5316,1002.018,326.4346,231.8561,120,598.1582,831.563,16.2278,322.1942,120,120,0,682.666,908.8412,286.2636,209.5804,120,40.75,41.96,39.52,0.65,120,3.3506,3.3531,3.3464,0.0019,0.5904,0.5932,0.5868,0.0017,0.6906,0.705,0.672,0.0095,-0.0037,-0.0001,-0.0052,0.002,0.0036,0.0048,0.0027,0.0006,0.0064,0.0083,0.0027,0.0019,0.6827,0.9088,0.2863,0.2096,315.2083,759,42,172.0289,0,0,0,0,245.4667,998,18,218.6521,41,46.8667,49,41,23.68,23.68,23.68
2022-11-29 13:50:00,3.3298,6.5028,0.6516,1.4266,120,63.4945,40.7906,120,68.5896,69.5212,67.4764,0.5714,120,28.7166,28.9526,28.5925,0.0895,120,1000.9511,1001.1658,1000.7996,0.0773,120,288.5641,347.2378,232.3732,33.4781,120,713.9793,959.1537,293.0948,224.5033,120,546.3351,826.1537,33.9317,300.5556,120,120,0,639.3145,865.8101,256.3555,203.1348,120,43.01,44.17,41.96,0.66,120,3.3492,3.3528,3.3467,0.0013,0.5872,0.5895,0.5859,0.0009,0.6859,0.6952,0.6748,0.0057,-0.0034,-0.0002,-0.0051,0.0019,0.0037,0.0044,0.003,0.0004,0.0059,0.008,0.0024,0.0019,0.6393,0.8658,0.2564,0.2031,339.1083,684,48,155.0703,0,0,0,0,231.0583,1021,10,185.2242,41,46.7333,49,41,23.68,23.68,23.68
2022-11-29 14:00:00,3.0973,6.0704,0.6056,1.3144,120,60.9431,45.5168,120,69.1092,70.2536,68.0563,0.6059,120,28.6209,28.7909,28.4704,0.1134,120,1000.8966,1001.001,1000.7813,0.0932,120,234.536,308.5496,197.289,28.9823,120,701.7272,900.1681,254.2593,175.3114,120,620.5782,821.2359,76.223,225.211,120,120,0,623.1218,803.2472,219.7333,159.1488,120,45.28,46.39,44.17,0.67,120,3.3483,3.35,3.3464,0.0016,0.5862,0.5879,0.5847,0.0011,0.6911,0.7025,0.6806,0.0061,-0.0039,-0.0005,-0.0051,0.0014,0.003,0.0039,0.0025,0.0004,0.0058,0.0075,0.0021,0.0015,0.6231,0.8032,0.2197,0.1591,313.8417,637,43,142.8707,0,0,0,0,270.5333,1013,39,237.6947,41,46.95,47,45,23.68,23.68,23.68
2022-11-29 14:10:00,3.4133,6.604,1.2128,1.2212,120,62.248,42.434,120,68.763,70.2231,67.7206,0.6627,120,28.5049,28.8427,28.2293,0.2238,120,1000.8237,1001.001,1000.6348,0.0641,120,241.3245,286.922,207.8622,24.9769,120,348.3983,821.3986,211.395,161.4744,120,152.7935,797.1399,14.2604,210.2701,120,120,0,304.8138,729.3924,176.397,145.3688,120,47.56,48.62,46.39,0.67,120,3.3471,3.35,3.3439,0.0011,0.585,0.5884,0.5823,0.0022,0.6876,0.7022,0.6772,0.0066,-0.0009,-0.0001,-0.0049,0.0013,0.0031,0.0036,0.0026,0.0003,0.0029,0.0068,0.0018,0.0013,0.3048,0.7294,0.1764,0.1454,348.1833,695,109,132.7417,0,0,0,0,212.2417,1014,8,157.9419,41,46.8667,47,41,23.68,23.68,23.68
2022-11-29 14:20:00,2.8937,5.9692,0.8632,1.1554,120,62.9788,40.3296,120,69.455,70.4672,68.5751,0.5774,120,28.2167,28.4277,28.0798,0.1201,120,1000.6694,1001.001,1000.6165,0.0825,120,249.7632,291.4882,189.8394,30.1073,120,389.4255,819.9328,192.3433,212.1424,120,208.8128,792.222,14.2604,274.2043,120,120,0,341.3038,733.3598,159.3066,191.6751,120,49.85,51.11,48.62,0.67,120,3.3445,3.35,3.3436,0.0014,0.5822,0.5843,0.5808,0.0012,0.6946,0.7047,0.6858,0.0058,-0.0013,-0.0001,-0.0049,0.0017,0.0032,0.0037,0.0024,0.0004,0.0032,0.0068,0.0016,0.0018,0.3413,0.7334,0.1593,0.1917,291.7083,626,71,125.5832,0,0,0,0,232.6333,1005,1,194.984,41,46.7333,47,41,23.68,23.68,23.68
2022-11-29 14:30:00,3.3907,6.3004,0.9368,1.2867,120,64.3703,30.3863,120,69.631,70.2841,68.9108,0.3273,120,28.26,28.4307,28.1256,0.1044,120,1000.5873,1000.8179,1000.4151,0.0895,120,189.8415,201.374,179.7465,4.5871,120,507.8602,705.2593,183.1849,200.004,120,492.0368,788.2888,14.2604,299.962,120,120,0,438.8841,614.0324,151.0666,176.3819,120,52.16,53.35,51.11,0.67,120,3.3431,3.347,3.3403,0.0015,0.5826,0.5843,0.5813,0.001,0.6963,0.7028,0.6891,0.0033,-0.0031,-0.0001,-0.0049,0.0019,0.0024,0.0026,0.0023,0.0001,0.0042,0.0059,0.0015,0.0017,0.4389,0.614,0.1511,0.1764,345.725,662,79,139.8541,0,0,0,0,203.6583,1021,23,136.7593,41,46.7,49,41,23.68,23.68,23.68
2022-11-29 14:40:00,3.2002,5.9232,0.8172,1.2573,120,57.7852,38.6684,120,70.3747,71.0471,69.5212,0.3181,120,28.2441,28.5192,28.0432,0.1334,120,1000.4706,1000.6348,1000.4151,0.0753,120,173.7833,205.9402,153.3134,16.3053,120,581.9613,668.9892,234.1092,111.1751,120,660.4066,785.8298,67.8634,186.5172,120,120,0,500.3917,581.3776,201.7274,95.3206,120,54.46,55.61,53.35,0.68,120,3.3412,3.3439,3.3403,0.0013,0.5824,0.5852,0.5804,0.0013,0.7037,0.7105,0.6952,0.0032,-0.0041,-0.0004,-0.0049,0.0012,0.0022,0.0026,0.0019,0.0002,0.0048,0.0056,0.0019,0.0009,0.5004,0.5814,0.2017,0.0953,325.025,621,66,136.6626,0,0,0,0,241.725,1021,2,220.5775,41,46.7333,47,41,23.68,23.73,23.68
2022-11-29 14:50:00,2.9838,6.1992,0.6332,1.1141,120,63.4774,47.1533,120,69.5985,70.6809,68.6972,0.6014,120,28.6827,28.7756,28.5162,0.0753,120,1000.4926,1000.6348,1000.4151,0.0871,120,179.2562,211.9472,162.2047,15.6135,120,495.5991,659.8295,171.8271,183.9851,120,547.3842,752.3896,15.2449,304.8796,120,120,0,415.5858,567.3391,136.1125,159.4346,120,56.77,57.86,55.61,0.68,120,3.3415,3.3439,3.3403,0.0015,0.5868,0.5878,0.5852,0.0008,0.696,0.7068,0.687,0.006,-0.0034,-0.0001,-0.0047,0.0019,0.0023,0.0027,0.0021,0.0002,0.0041,0.0055,0.0014,0.0015,0.4156,0.5673,0.1361,0.1594,301.5,651,46,121.0992,0,0,0,0,250.175,988,1,212.1016,41,46.9,47,41,23.68,23.68,23.68
2022-11-29 15:00:00,3.1643,6.6316,0.6424,1.1907,120,64.018,39.5269,120,68.7999,69.4906,68.1173,0.3173,120,28.5253,28.6199,28.4307,0.0595,120,1000.4639,1000.6348,1000.2319,0.0734,120,160.046,187.9173,141.0583,14.1466,120,504.3248,583.2593,217.2569,88.4921,120,633.1918,739.6036,93.9252,170.9723,120,120,0,416.4454,486.465,175.7866,75.0733,120,59.09,60.12,57.86,0.67,120,3.3411,3.3439,3.3372,0.0012,0.5853,0.5862,0.5843,0.0006,0.688,0.6949,0.6812,0.0032,-0.0039,-0.0006,-0.0046,0.0011,0.002,0.0024,0.0018,0.0002,0.0042,0.0049,0.0018,0.0007,0.4164,0.4865,0.1758,0.0751,321.1167,698,47,129.4206,0,0,0,0,217.6417,994,2,165.3591,41,46.6,49,41,23.68,23.68,23.68
2022-11-29 15:10:00,3.1943,7.2296,0.532,1.4562,120,51.8875,43.0909,120,68.3554,69.1549,67.5375,0.4208,120,28.5392,28.623,28.4216,0.0611,120,1000.4181,1000.4517,1000.2319,0.0568,120,185.7865,216.2732,142.2598,19.4476,120,435.3497,577.3974,254.9928,91.9816,120,493.7046,718.951,96.8756,188.3969,120,120,0,359.2029,473.6473,214.2399,76.6903,120,61.41,62.64,60.37,0.67,120,3.3403,3.3409,3.3372,0.0009,0.5854,0.5862,0.5842,0.0006,0.6836,0.6915,0.6754,0.0042,-0.0031,-0.0006,-0.0045,0.0012,0.0024,0.0027,0.0018,0.0002,0.0036,0.0048,0.0021,0.0008,0.3592,0.4736,0.2142,0.0767,324.375,763,35,158.2855,0,0,0,0,232.6,1020,11,224.3468,41,46.55,47,39,23.68,23.68,23.68
2022-11-29 15:20:00,3.4259,6.2636,0.9184,1.2239,120,47.505,34.588,120,68.1776,68.9108,67.5069,0.3622,120,28.499,28.5955,28.3789,0.0661,120,1000.367,1000.4517,1000.2136,0.094,120,205.3771,226.3654,178.0646,12.7664,120,424.5602,545.8896,177.3229,135.2539,120,463.187,704.1976,15.2449,270.7448,120,120,0,347.0692,445.8754,146.1837,110.1976,120,63.73,64.9,62.64,0.68,120,3.3394,3.3409,3.3369,0.0016,0.585,0.586,0.5838,0.0007,0.6818,0.6891,0.6751,0.0036,-0.0029,-0.0001,-0.0044,0.0017,0.0026,0.0029,0.0023,0.0002,0.0035,0.0045,0.0015,0.0011,0.3471,0.4459,0.1462,0.1102,349.5583,658,77,133.0282,0,0,0,0,217.4,1013,4,229.0491,41,46.7167,49,41,23.68,23.68,23.68
2022-11-29 15:30:00,3.3558,5.8956,0.9644,1.1212,120,52.2246,40.0421,120,68.6755,69.277,67.5985,0.4981,120,28.1527,28.3697,28.1011,0.0648,120,1000.2327,1000.4517,1000.0488,0.0861,120,210.9762,230.6913,175.4213,14.5835,120,310.9523,503.3902,176.9556,102.5396,120,246.1332,650.5962,15.2449,218.8588,120,120,0,258.2018,410.474,146.4889,81.2468,120,66.05,67.17,64.9,0.68,120,3.3372,3.3409,3.3341,0.0014,0.5815,0.5837,0.581,0.0006,0.6868,0.6928,0.676,0.005,-0.0015,-0.0001,-0.004,0.0014,0.0027,0.0029,0.0022,0.0002,0.0026,0.0042,0.0015,0.0009,0.2582,0.4105,0.1465,0.0812,341.9333,618,82,121.8659,0,0,0,0,207.0667,995,3,191.018,41,46.8667,49,41,23.68,23.68,23.68
2022-11-29 15:40:00,3.6145,6.1256,1.0564,1.1541,120,60.3735,35.3223,120,69.3286,69.8874,68.8498,0.2494,120,28.0381,28.1408,27.8662,0.0797,120,1000.0925,1000.2503,1000.0305,0.0774,120,181.3929,207.622,146.585,20.0558,120,244.3679,372.5966,164.1333,52.1334,120,169.9967,418.9784,17.2108,92.7048,120,120,0,196.3281,301.5229,135.5022,41.4816,120,68.38,69.43,67.17,0.68,120,3.3349,3.3375,3.3338,0.0013,0.5804,0.5814,0.5787,0.0008,0.6933,0.6989,0.6885,0.0025,-0.0011,-0.0001,-0.0026,0.0006,0.0023,0.0026,0.0019,0.0003,0.002,0.0031,0.0014,0.0004,0.1963,0.3015,0.1355,0.0415,370.0583,643,92,125.4432,0,0,0,0,199.2917,964,1,142.588,41,46.85,47,41,23.68,23.68,23.68
2022-11-29 15:50:00,3.0863,5.96,0.7528,1.0569,120,52.103,33.7454,120,69.9591,70.4367,69.0329,0.2939,120,27.9343,28.1866,27.7929,0.1312,120,1000.295,1000.4517,1000.0488,0.092,120,205.6715,228.5283,178.5457,11.0407,120,369.6843,435.9784,180.2533,73.5432,120,479.2224,616.6645,16.7193,196.2305,120,120,0,289.7885,342.1125,151.677,52.3156,120,70.7,71.95,69.43,0.68,120,3.3382,3.3409,3.3341,0.0015,0.5793,0.5819,0.5779,0.0013,0.6996,0.7044,0.6903,0.0029,-0.003,-0.0001,-0.0038,0.0012,0.0026,0.0029,0.0023,0.0001,0.0031,0.0036,0.0015,0.0006,0.2898,0.3421,0.1517,0.0523,312.6417,625,59,114.8776,0,0,0,0,183.2,1016,11,165.1077,41,46.7833,47,41,23.68,23.68,23.68
2022-11-29 16:00:00,3.2386,6.3096,0.8816,1.2317,120,54.173,35.648,120,68.7613,69.4906,67.9342,0.4476,120,28.2337,28.3605,28.1164,0.0793,120,1000.2915,1000.4517,1000.0488,0.1089,120,170.0666,202.3354,146.8252,11.3621,120,321.4763,390.1825,178.0552,51.193,120,489.164,582.7328,98.8431,126.6717,120,120,0,243.5428,296.9451,146.4889,35.8327,120,73.03,74.22,71.95,0.68,120,3.3382,3.3409,3.3341,0.0018,0.5823,0.5836,0.5812,0.0008,0.6876,0.6949,0.6793,0.0045,-0.003,-0.0006,-0.0036,0.0008,0.0022,0.0026,0.0019,0.0001,0.0027,0.0032,0.0015,0.0004,0.2435,0.2969,0.1465,0.0358,329.1917,663,73,133.8855,0,0,0,0,185.4,1022,6,160.509,41,46.8667,47,41,23.68,23.68,23.68
2022-11-29 16:10:00,3.1933,7.2664,0.578,1.2855,120,55.6714,38.1399,120,68.5013,69.1244,67.9952,0.3167,120,27.9383,28.2232,27.6098,0.1816,120,1000.1674,1000.2686,1000.0305,0.0946,120,99.2853,145.3835,76.8969,21.0654,120,105.331,228.2473,77.3037,30.7935,120,34.4395,289.6455,14.2604,43.913,120,120,0,86.7946,175.4814,64.394,24.1246,120,75.35,76.48,74.22,0.68,120,3.3361,3.3378,3.3338,0.0016,0.5794,0.5822,0.5761,0.0018,0.685,0.6912,0.68,0.0032,-0.0002,-0.0001,-0.0018,0.0003,0.0013,0.0018,0.001,0.0003,0.0009,0.0019,0.0006,0.0003,0.0868,0.1755,0.0644,0.0241,324.275,767,40,139.7319,0,0,0,0,212.125,1014,2,188.0927,41,44.9667,49,39,23.68,23.68,23.63
2022-11-29 16:20:00,3.313,5.9784,0.5596,1.1962,120,60.8921,33.2972,120,69.8475,70.5283,69.0939,0.3624,120,27.4269,27.6098,27.3015,0.0894,120,1000.1176,1000.2686,1000.0305,0.0916,120,76.2122,87.9512,70.8898,4.7369,120,103.261,168.8956,70.3433,40.9655,120,140.2903,397.8327,13.2775,168.1812,120,120,0,73.5547,103.7629,56.7644,18.7953,120,77.67,78.75,76.48,0.68,120,3.3353,3.3378,3.3338,0.0015,0.5743,0.5761,0.573,0.0009,0.6985,0.7053,0.6909,0.0036,-0.0009,-0.0001,-0.0025,0.001,0.001,0.0011,0.0009,0.0001,0.0009,0.0014,0.0006,0.0003,0.0736,0.1038,0.0568,0.0188,337.2833,627,38,130.0199,0,0,0,0,200.3167,979,26,149.6904,41,43.05,47,39,23.68,23.68,23.68
2022-11-29 16:30:00,2.8946,5.3528,0.5044,1.1407,120,53.5933,39.4367,120,70.2297,70.7114,69.8264,0.2465,120,27.5338,27.6373,27.3595,0.0702,120,1000.1378,1000.2503,1000.0305,0.0951,120,74.3418,92.0362,54.789,13.2356,120,99.9484,168.1633,56.054,30.3492,120,147.2487,390.9475,19.1782,107.4384,120,120,0,70.0578,103.4578,44.8622,16.9549,120,79.99,81.26,78.75,0.67,120,3.3356,3.3375,3.3338,0.0016,0.5753,0.5764,0.5736,0.0007,0.7023,0.7071,0.6983,0.0025,-0.0009,-0.0001,-0.0024,0.0007,0.0009,0.0012,0.0007,0.0002,0.0008,0.0014,0.0005,0.0003,0.0701,0.1035,0.0449,0.017,291.8,559,32,123.9911,0,0,0,0,210.3667,990,4,195.8489,41,46.15,47,39,23.68,23.68,23.68
2022-11-29 16:40:00,2.1868,5.3436,0.4768,1.1,120,62.3413,54.4181,120,70.2653,70.6503,69.8264,0.247,120,27.5452,27.6495,27.4541,0.0583,120,1000.2652,1000.4334,1000.0305,0.0784,120,50.9443,61.5173,32.4409,6.9402,120,55.4896,74.006,34.072,8.7589,120,45.9261,137.6926,16.2278,31.7864,120,120,0,43.2574,53.4074,27.1615,6.5623,120,82.32,83.52,81.26,0.67,120,3.3378,3.3406,3.3338,0.0013,0.5755,0.5765,0.5745,0.0006,0.7027,0.7065,0.6983,0.0025,-0.0003,-0.0001,-0.0009,0.0002,0.0006,0.0008,0.0004,0.0001,0.0005,0.0006,0.0003,0.0001,0.0433,0.0534,0.0272,0.0066,214.8667,558,29,119.5622,0,0,0,0,273.875,994,13,228.7268,41,46.6,49,41,23.68,23.68,23.63
2022-11-29 16:50:00,2.7903,6.1164,0.4676,1.3256,120,50.1432,42.9877,120,70.3731,70.7724,70.0095,0.1938,120,27.2951,27.4572,27.213,0.0737,120,1000.4033,1000.6348,1000.0488,0.0724,120,21.9777,31.7197,14.6583,4.6456,120,22.0646,33.3397,14.2881,4.8296,120,15.9579,29.9968,13.7689,3.3332,120,120,0,18.8681,26.8563,12.8178,3.6388,120,84.63,85.78,83.52,0.68,120,3.3401,3.3439,3.3341,0.0012,0.5729,0.5746,0.5721,0.0007,0.7037,0.7077,0.7001,0.0019,-0.0001,-0.0001,-0.0002,0,0.0003,0.0004,0.0002,0.0001,0.0002,0.0003,0.0001,0,0.0189,0.0269,0.0128,0.0036,280.4667,642,28,144.0839,0,0,0,0,198.1333,1021,8,190.9664,41,46.6167,49,41,23.68,23.68,23.68
2022-11-29 17:00:00,2.6268,5.5276,0.7068,1.0116,120,55.6742,40.5468,120,70.4334,70.6198,70.2536,0.0967,120,27.1402,27.2436,27.0391,0.0566,120,1000.4158,1000.6165,1000.2136,0.0542,120,11.2942,14.6583,8.6512,1.7177,120,11.1406,14.2881,8.4262,1.7174,120,14.1582,14.7535,13.7689,0.3308,120,120,0,10.1652,12.8178,8.24,1.3624,120,86.94,88.03,85.78,0.68,120,3.3403,3.3436,3.3369,0.0009,0.5714,0.5724,0.5704,0.0006,0.7043,0.7062,0.7025,0.001,-0.0001,-0.0001,-0.0001,0,0.0001,0.0002,0.0001,0,0.0001,0.0001,0.0001,0,0.0102,0.0128,0.0082,0.0014,262.6917,578,54,109.9592,0,0,0,0,217.0833,993,8,198.4365,41,46.7833,49,41,23.68,23.68,23.63
2022-11-29 17:10:00,2.5299,4.948,0.6976,0.9195,120,62.3052,35.6244,120,70.7315,70.925,70.5893,0.0885,120,26.9995,27.0452,26.9597,0.0215,120,1000.5792,1000.7996,1000.3967,0.1008,120,5.4468,8.6512,2.6433,1.8817,120,5.2269,8.4262,2.1981,1.8296,120,13.9,14.2604,13.2775,0.2274,120,120,0,5.3611,7.9348,2.7467,1.554,120,89,89.78,88.03,0.52,94,3.343,3.3467,3.3399,0.0017,0.57,0.5705,0.5696,0.0002,0.7073,0.7093,0.7059,0.0009,-0.0001,-0.0001,-0.0001,0,0.0001,0.0001,0,0,0,0.0001,0,0,0.0054,0.0079,0.0027,0.0016,252.1583,515,53,99.9416,0,0,0,0,216.9833,1000,15,171.1012,41,46.55,47,41,23.68,23.68,23.63
2022-11-29 17:20:00,2.8168,5.6196,0.4308,1.2243,120,61.3953,34.1193,120,70.8012,71.1386,70.5283,0.1491,120,26.916,26.9689,26.8895,0.0183,120,1000.7939,1000.9827,1000.5982,0.0753,120,0.7008,2.4032,0,0.7596,120,0.6014,2.5642,0,0.7106,120,13.8181,14.2604,13.2775,0.1733,120,120,0,1.1979,3.0518,0,0.9153,120,None,None,None,None,0,3.3466,3.3497,3.3433,0.0013,0.5692,0.5697,0.5689,0.0002,0.708,0.7114,0.7053,0.0015,-0.0001,-0.0001,-0.0001,0,0,0,0,0,0,0,0,0,0.0012,0.0031,0,0.0009,283.35,588,24,133.0797,0,0,0,0,199.45,966,1,141.3897,40.9,46.9,47,41,23.68,23.68,23.68
2022-11-29 17:30:00,2.4104,5.5828,0.4124,1.1262,120,59.2023,50.0738,120,71.2434,71.5049,71.0776,0.0989,120,26.9537,26.9781,26.9231,0.0144,120,1000.8068,1000.9827,1000.763,0.0605,120,0,0,0,0,120,0,0,0,0,120,13.8549,14.2604,13.2775,0.1981,120,120,0,0,0,0,0,120,None,None,None,None,0,3.3468,3.3497,3.346,0.001,0.5695,0.5698,0.5692,0.0001,0.7124,0.715,0.7108,0.001,-0.0001,-0.0001,-0.0001,0,0,0,0,0,0,0,0,0,0,0,0,0,239.175,584,22,122.4154,0,0,0,0,252.225,1022,7,223.526,40,46.85,49,41,23.68,23.68,23.63
2022-11-29 17:40:00,2.7598,5.4448,0.7068,0.9528,120,60.1935,29.4621,120,71.5723,71.6575,71.4133,0.0618,120,26.9202,26.9475,26.8865,0.0177,120,1000.8237,1000.9827,1000.763,0.0798,120,0,0,0,0,120,0,0,0,0,120,13.8304,14.2604,13.2775,0.197,120,120,0,0,0,0,0,120,None,None,None,None,0,3.3471,3.3497,3.346,0.0013,0.5692,0.5695,0.5689,0.0002,0.7157,0.7166,0.7141,0.0006,-0.0001,-0.0001,-0.0001,0,0,0,0,0,0,0,0,0,0,0,0,0,277.15,569,54,103.5613,0,0,0,0,182.3167,922,11,108.2034,40,46.8667,49,41,23.68,23.68,23.63
2022-11-29 17:50:00,2.5594,5.96,0.716,1.0779,120,57.6316,43.6627,120,71.6338,71.749,71.5659,0.0366,120,26.9151,26.9414,26.8865,0.017,120,1000.8496,1000.9827,1000.763,0.0915,120,0,0,0,0,120,0,0,0,0,120,13.8631,14.2604,13.7689,0.1943,120,120,0,0,0,0,0,120,None,None,None,None,0,3.3475,3.3497,3.346,0.0015,0.5692,0.5694,0.5689,0.0002,0.7163,0.7175,0.7157,0.0004,-0.0001,-0.0001,-0.0001,0,0,0,0,0,0,0,0,0,0,0,0,0,255.3667,625,55,117.1582,0,0,0,0,237.8167,1022,12,215.8117,40,46.8,49,41,23.68,23.68,23.63
2022-11-29 18:00:00,2.8626,5.8864,0.992,1.0903,120,56.1383,36.3623,120,71.9169,72.1763,71.6575,0.1557,120,26.8695,26.9231,26.8438,0.0221,120,1000.8621,1000.9827,1000.763,0.0958,120,0,0,0,0,120,0,0,0,0,120,13.8427,14.2604,13.2775,0.1874,120,120,0,0,0,0,0,120,None,None,None,None,0,3.3477,3.3497,3.346,0.0016,0.5687,0.5692,0.5684,0.0002,0.7192,0.7218,0.7166,0.0016,-0.0001,-0.0001,-0.0001,0,0,0,0,0,0,0,0,0,0,0,0,0,288.325,617,85,118.5143,0,0,0,0,202.8,1017,24,176.0927,40,46.6333,47,41,23.68,23.68,23.63
2022-11-29 18:10:00,2.6984,5.9876,1.0564,0.8893,120,60.8855,36.2081,120,72.3327,72.512,72.1763,0.1064,120,26.8189,26.8499,26.7827,0.0174,120,1001.0486,1001.3123,1000.763,0.1116,120,0,0,0,0,120,0,0,0,0,120,13.8427,14.2604,13.2775,0.1874,120,120,0,0,0,0,0,120,None,None,None,None,0,3.3508,3.3552,3.346,0.0019,0.5682,0.5685,0.5678,0.0002,0.7233,0.7251,0.7218,0.0011,-0.0001,-0.0001,-0.0001,0,0,0,0,0,0,0,0,0,0,0,0,0,270.475,628,92,96.6659,0,0,0,0,199.4333,1022,12,143.6424,40,46.9333,49,41,23.68,23.68,23.68
2022-11-29 18:20:00,2.336,5.408,0.2376,1.1968,120,57.8147,45.5683,120,72.675,72.8477,72.3899,0.1155,120,26.7976,26.8346,26.7675,0.0182,120,1001.3283,1001.5137,1001.1109,0.1242,120,0,0,0,0,120,0,0,0,0,120,13.9041,14.2604,13.7689,0.2204,120,120,0,0,0,0,0,120,None,None,None,None,0,3.3555,3.3586,3.3518,0.0021,0.568,0.5684,0.5677,0.0002,0.7267,0.7285,0.7239,0.0012,-0.0001,-0.0001,-0.0001,0,0,0,0,0,0,0,0,0,0,0,0,0,231.0833,565,3,130.0886,0,0,0,0,226.9417,921,16,194.1489,40,46.8333,49,41,23.68,23.68,23.68
2022-11-29 18:30:00,2.4127,5.3804,0.6792,1.1421,120,63.1248,42.8672,120,72.5392,72.7256,72.2678,0.1029,120,26.7694,26.8316,26.7278,0.0284,120,1001.4734,1001.6785,1001.294,0.0832,120,0,0,0,0,120,0,0,0,0,120,13.8877,14.2604,13.7689,0.2113,120,120,0,0,0,0,0,120,None,None,None,None,0,3.3579,3.3613,3.3549,0.0014,0.5677,0.5683,0.5673,0.0003,0.7254,0.7273,0.7227,0.001,-0.0001,-0.0001,-0.0001,0,0,0,0,0,0,0,0,0,0,0,0,0,239.425,562,51,124.1386,0,0,0,0,265.775,1020,8,229.7015,39.8,46.85,49,41,23.68,23.68,23.68
2022-11-29 18:40:00,2.2884,5.04,0.3664,1.0446,120,66.2259,45.1058,120,72.261,72.3899,72.1152,0.0705,120,26.7787,26.8041,26.7522,0.0132,120,1001.6964,1001.8616,1001.4771,0.1002,120,0,0,0,0,120,0,0,0,0,120,13.9041,14.2604,13.7689,0.2204,120,120,0,0,0,0,0,120,None,None,None,None,0,3.3616,3.3644,3.358,0.0017,0.5678,0.568,0.5675,0.0001,0.7226,0.7239,0.7212,0.0007,-0.0001,-0.0001,-0.0001,0,0,0,0,0,0,0,0,0,0,0,0,0,225.9167,525,17,113.5442,0,0,0,0,246.625,1008,49,194.6593,39,46.9333,49,41,23.68,23.68,23.68
2022-11-29 18:50:00,1.8048,4.0556,0.5964,0.8649,120,80.1545,43.4201,120,72.3787,72.4815,72.2068,0.0683,120,26.7781,26.7919,26.7553,0.0069,120,1001.8043,1002.0447,1001.6419,0.1258,120,0,0,0,0,120,0,0,0,0,120,13.8918,14.2604,13.2775,0.2319,120,120,0,0,0,0,0,120,None,None,None,None,0,3.3634,3.3674,3.3607,0.0021,0.5678,0.5679,0.5675,0.0001,0.7238,0.7248,0.7221,0.0007,-0.0001,-0.0001,-0.0001,0,0,0,0,0,0,0,0,0,0,0,0,0,173.35,418,42,94.0077,0,0,0,0,260.5583,1017,32,156.5165,39,46.8833,49,41,23.68,23.68,23.63
2022-11-29 19:00:00,2.2092,4.2856,0.6056,0.8819,120,58.7788,46.7449,120,72.5539,72.6646,72.3899,0.0562,120,26.7405,26.7644,26.7187,0.0093,120,1002.0646,1002.2279,1001.8433,0.0903,120,0,0,0,0,120,0,0,0,0,120,13.9328,14.2604,13.7689,0.2326,120,120,0,0,0,0,0,120,None,None,None,None,0,3.3677,3.3705,3.3641,0.0015,0.5674,0.5676,0.5672,0.0001,0.7255,0.7266,0.7239,0.0006,-0.0001,-0.0001,-0.0001,0,0,0,0,0,0,0,0,0,0,0,0,0,217.3083,443,43,95.8546,0,0,0,0,260.225,1022,0,233.2902,39,46.8333,49,39,23.68,23.68,23.68
2022-11-29 19:10:00,2.3921,5.7392,0.5688,0.9989,120,62.8115,34.24,120,72.4667,72.6035,72.3899,0.0554,120,26.7085,26.7431,26.679,0.0157,120,1002.243,1002.411,1002.0081,0.0787,120,0,0,0,0,120,0,0,0,0,120,13.9328,14.2604,13.7689,0.2326,120,120,0,0,0,0,0,120,None,None,None,None,0,3.3707,3.3735,3.3668,0.0013,0.5671,0.5674,0.5668,0.0002,0.7247,0.726,0.7239,0.0006,-0.0001,-0.0001,-0.0001,0,0,0,0,0,0,0,0,0,0,0,0,0,237.1833,601,39,108.571,0,0,0,0,197.725,980,17,127.0455,39,46.9667,49,41,23.68,23.68,23.68
2022-11-29 19:20:00,2.1658,4.6628,0.3756,0.9526,120,60.6353,45.3292,120,72.5127,72.7561,72.3594,0.1024,120,26.7561,26.7766,26.7339,0.0102,120,1002.2924,1002.411,1002.1912,0.0897,120,0,0,0,0,120,0,0,0,0,120,13.8631,14.2604,13.2775,0.2044,120,120,0,0,0,0,0,120,None,None,None,None,0,3.3715,3.3735,3.3699,0.0015,0.5676,0.5678,0.5673,0.0001,0.7251,0.7276,0.7236,0.001,-0.0001,-0.0001,-0.0001,0,0,0,0,0,0,0,0,0,0,0,0,0,212.5833,484,18,103.5411,0,0,0,0,255.075,1012,0,224.5242,39,46.8333,49,41,23.68,23.68,23.68
2022-11-29 19:30:00,2.529,4.7272,0.6332,0.8494,120,62.9384,32.8205,120,72.7795,72.9392,72.5425,0.1169,120,26.7207,26.7766,26.6912,0.0258,120,1002.466,1002.5941,1002.2095,0.0979,120,0,0,0,0,120,0,0,0,0,120,13.9164,14.2604,13.7689,0.2262,120,120,0,0,0,0,0,120,None,None,None,None,0,3.3744,3.3766,3.3702,0.0016,0.5672,0.5678,0.5669,0.0003,0.7278,0.7294,0.7254,0.0012,-0.0001,-0.0001,-0.0001,0,0,0,0,0,0,0,0,0,0,0,0,0,252.0667,491,46,92.3222,0,0,0,0,218.9083,1016,1,169.383,39,46.9333,49,41,23.68,23.68,23.68
2022-11-29 19:40:00,2.4217,4.5156,0.6884,0.8618,120,62.6085,40.4024,120,73.1849,73.3665,72.9087,0.1237,120,26.7103,26.7431,26.6759,0.0194,120,1002.6075,1002.7772,1002.3743,0.0886,120,0,0,0,0,120,0,0,0,0,120,13.9491,14.2604,13.7689,0.2378,120,120,0,0,0,0,0,120,None,None,None,None,0,3.3768,3.3796,3.3729,0.0015,0.5671,0.5674,0.5668,0.0002,0.7318,0.7337,0.7291,0.0012,-0.0001,-0.0001,-0.0001,0,0,0,0,0,0,0,0,0,0,0,0,0,240.4,468,52,93.6785,0,0,0,0,223.5,1011,10,176.0073,39,46.9167,49,43,23.68,23.68,23.68
2022-11-29 19:50:00,2.1247,4.2304,0.5044,0.8657,120,59.7623,37.2063,120,73.3889,73.5191,73.2139,0.0624,120,26.7003,26.7187,26.6881,0.008,120,1002.7665,1002.9603,1002.5575,0.0386,120,0,0,0,0,120,0,0,0,0,120,13.9287,14.2604,13.2775,0.2398,120,120,0,0,0,0,0,120,None,None,None,None,0,3.3794,3.3827,3.376,0.0006,0.567,0.5672,0.5669,0.0001,0.7339,0.7352,0.7321,0.0006,-0.0001,-0.0001,-0.0001,0,0,0,0,0,0,0,0,0,0,0,0,0,208.1167,437,32,94.1012,0,0,0,0,232.5417,1018,6,205.3369,38.2,46.8,47,41,23.68,23.68,23.68
2022-11-29 20:00:00,2.2049,4.488,0.4676,0.895,120,59.1861,45.7566,120,73.59,73.7327,73.4886,0.0496,120,26.7176,26.7309,26.7003,0.0071,120,1002.757,1002.9603,1002.5575,0.0584,120,0,0,0,0,120,0,0,0,0,120,13.9205,14.2604,13.7689,0.2279,120,120,0,0,0,0,0,120,None,None,None,None,0,3.3793,3.3827,3.376,0.001,0.5672,0.5673,0.567,0.0001,0.7359,0.7373,0.7349,0.0005,-0.0001,-0.0001,-0.0001,0,0,0,0,0,0,0,0,0,0,0,0,0,216.8417,465,28,97.2846,0,0,0,0,243.925,1021,13,215.142,38,46.8667,49,41,23.68,23.68,23.68
2022-11-29 20:10:00,2.2202,4.6352,0.4308,0.9535,120,64.2777,42.6461,120,73.8406,73.9463,73.7022,0.0591,120,26.7086,26.737,26.6759,0.0172,120,1002.6778,1002.942,1002.5575,0.0938,120,0,0,0,0,120,0,0,0,0,120,13.8877,14.2604,13.2775,0.2207,120,120,0,0,0,0,0,120,None,None,None,None,0,3.378,3.3824,3.376,0.0016,0.5671,0.5674,0.5668,0.0002,0.7384,0.7395,0.737,0.0006,-0.0001,-0.0001,-0.0001,0,0,0,0,0,0,0,0,0,0,0,0,0,218.5,481,24,103.6424,0,0,0,0,216.7583,912,15,154.0826,38,46.8667,49,41,23.68,23.68,23.68
2022-11-29 20:20:00,2.5536,4.8652,0.6792,0.9607,120,51.2944,32.3726,120,74.0816,74.2515,73.9158,0.083,120,26.6738,26.6942,26.6546,0.0093,120,1002.8559,1002.9786,1002.7223,0.0985,120,0,0,0,0,120,0,0,0,0,120,13.9737,14.2604,13.7689,0.2433,120,120,0,0,0,0,0,120,None,None,None,None,0,3.3809,3.383,3.3787,0.0016,0.5667,0.5669,0.5665,0.0001,0.7408,0.7425,0.7392,0.0008,-0.0001,-0.0001,-0.0001,0,0,0,0,0,0,0,0,0,0,0,0,0,254.7417,506,51,104.4211,0,0,0,0,179.5083,996,5,159.7189,38,46.7333,47,41,23.68,23.68,23.68
2022-11-29 20:30:00,1.765,4.4972,0.2836,0.8809,120,57.3766,50.5906,120,74.4303,74.5872,74.2515,0.0877,120,26.6979,26.7248,26.6515,0.0182,120,1003.09,1003.3265,1002.9237,0.1018,120,0,0,0,0,120,0,0,0,0,120,13.9287,14.2604,13.7689,0.2312,120,120,0,0,0,0,0,120,None,None,None,None,0,3.3848,3.3888,3.3821,0.0017,0.567,0.5673,0.5665,0.0002,0.7443,0.7459,0.7425,0.0009,-0.0001,-0.0001,-0.0001,0,0,0,0,0,0,0,0,0,0,0,0,0,169.025,466,8,95.7543,0,0,0,0,228.7833,1020,6,197.09,38,46.8667,49,41,23.68,23.68,23.63
2022-11-29 20:40:00,2.3486,4.396,0.5872,0.8636,120,60.9486,38.5859,120,74.6592,74.8009,74.4957,0.0831,120,26.7095,26.7248,26.682,0.0114,120,1003.1445,1003.3265,1003.1251,0.0496,120,0,0,0,0,120,0,0,0,0,120,13.9368,14.2604,13.2775,0.2426,120,120,0,0,0,0,0,120,None,None,None,None,0,3.3857,3.3888,3.3854,0.0008,0.5671,0.5673,0.5668,0.0001,0.7466,0.748,0.745,0.0008,-0.0001,-0.0001,-0.0001,0,0,0,0,0,0,0,0,0,0,0,0,0,232.4583,455,41,93.872,0,0,0,0,233.45,1022,36,198.9443,38,46.9333,47,43,23.68,23.68,23.63
2022-11-29 20:50:00,2.1629,4.488,0.6332,0.8473,120,58.599,35.8065,120,74.8945,75.0755,74.7703,0.0729,120,26.6609,26.6942,26.6179,0.0258,120,1003.2357,1003.5096,1003.1068,0.1037,120,0,0,0,0,120,0,0,0,0,120,13.9737,14.2604,13.7689,0.2433,120,120,0,0,0,0,0,120,None,None,None,None,0,3.3873,3.3918,3.3851,0.0017,0.5666,0.5669,0.5662,0.0003,0.7489,0.7508,0.7477,0.0007,-0.0001,-0.0001,-0.0001,0,0,0,0,0,0,0,0,0,0,0,0,0,212.275,465,46,92.0931,0,0,0,0,207.5083,1020,28,165.8618,38,46.75,47,39,23.68,23.68,23.68
2022-11-29 21:00:00,1.7041,3.8348,0.2652,0.9259,120,44.6788,56.459,120,75.2073,75.2892,75.0755,0.0557,120,26.6635,26.6912,26.621,0.0227,120,1003.453,1003.5096,1003.2899,0.0793,120,0,0,0,0,120,0,0,0,0,120,13.9655,14.2604,13.7689,0.2418,120,120,0,0,0,0,0,120,None,None,None,None,0,3.3909,3.3918,3.3882,0.0013,0.5666,0.5669,0.5662,0.0002,0.7521,0.7529,0.7508,0.0006,-0.0001,-0.0001,-0.0001,0,0,0,0,0,0,0,0,0,0,0,0,0,162.4,394,6,100.6374,0,0,0,0,306.0583,1013,17,297.908,38,46.8833,49,41,23.68,23.68,23.63
2022-11-29 21:10:00,2.0803,5.0768,0.5044,0.9099,120,54.7278,36.3859,120,75.3148,75.3807,75.2281,0.0388,120,26.6739,26.7003,26.6332,0.0151,120,1003.3775,1003.5096,1003.2899,0.0948,120,0,0,0,0,120,0,0,0,0,120,13.945,14.2604,13.7689,0.2366,120,120,0,0,0,0,0,120,None,None,None,None,0,3.3896,3.3918,3.3882,0.0016,0.5667,0.567,0.5663,0.0001,0.7531,0.7538,0.7523,0.0004,-0.0001,-0.0001,-0.0001,0,0,0,0,0,0,0,0,0,0,0,0,0,203.2917,529,32,98.9047,0,0,0,0,200.9083,1021,26,180.2354,38,46.9333,49,41,23.68,23.68,23.63
2022-11-29 21:20:00,2.0179,4.2488,0.5228,0.9465,120,53.3928,40.4535,120,75.5295,75.7164,75.3807,0.1042,120,26.6228,26.6393,26.6057,0.0072,120,1003.4216,1003.5096,1003.2899,0.0931,120,0,0,0,0,120,0,0,0,0,120,13.945,14.2604,13.7689,0.2366,120,120,0,0,0,0,0,120,None,None,None,None,0,3.3904,3.3918,3.3882,0.0016,0.5662,0.5664,0.5661,0.0001,0.7553,0.7572,0.7538,0.001,-0.0001,-0.0001,-0.0001,0,0,0,0,0,0,0,0,0,0,0,0,0,196.5083,439,34,102.8783,0,0,0,0,228.8,1014,1,215.4101,37.8,46.8167,49,41,23.68,23.68,23.63
2022-11-29 21:30:00,1.2332,2.3812,0.2836,0.4572,120,60.4172,46.9498,120,75.7098,75.808,75.6554,0.0324,120,26.6444,26.6607,26.624,0.0105,120,1003.5099,1003.6927,1003.2899,0.0861,120,0,0,0,0,120,0,0,0,0,120,13.9123,14.2604,13.2775,0.2332,120,120,0,0,0,0,0,120,None,None,None,None,0,3.3918,3.3949,3.3882,0.0014,0.5664,0.5666,0.5662,0.0001,0.7571,0.7581,0.7566,0.0003,-0.0001,-0.0001,-0.0001,0,0,0,0,0,0,0,0,0,0,0,0,0,111.2167,236,8,49.7008,0,0,0,0,258.8,997,13,228.2158,37,46.8833,49,41,23.68,23.68,23.63
2022-11-29 21:40:00,1.7333,3.8348,0.2284,0.8479,120,60.8306,44.3395,120,75.795,75.8995,75.6554,0.0581,120,26.6152,26.6424,26.5966,0.0121,120,1003.605,1003.8575,1003.473,0.0982,120,0,0,0,0,120,0,0,0,0,120,13.9287,14.2604,13.7689,0.2312,120,120,0,0,0,0,0,120,None,None,None,None,0,3.3934,3.3976,3.3912,0.0016,0.5662,0.5664,0.566,0.0001,0.758,0.759,0.7566,0.0006,-0.0001,-0.0001,-0.0001,0,0,0,0,0,0,0,0,0,0,0,0,0,165.575,394,2,92.1624,0,0,0,0,240.6,1021,8,206.9002,37,46.9667,49,43,23.68,23.68,23.63
2022-11-29 21:50:00,1.9779,4.2304,0.4032,0.8248,120,43.8154,42.6789,120,75.8878,75.9911,75.7164,0.0488,120,26.599,26.621,26.5691,0.0127,120,1003.6718,1003.8575,1003.4913,0.0503,120,0,0,0,0,120,0,0,0,0,120,13.8877,14.2604,13.7689,0.2113,120,120,0,0,0,0,0,120,None,None,None,None,0,3.3945,3.3976,3.3915,0.0008,0.566,0.5662,0.5657,0.0001,0.7589,0.7599,0.7572,0.0005,-0.0001,-0.0001,-0.0001,0,0,0,0,0,0,0,0,0,0,0,0,0,192.1667,437,21,89.6509,0,0,0,0,238.3083,1021,0,262.3589,37,46.9167,49,45,23.68,23.68,23.63
2022-11-29 22:00:00,1.6907,4.0924,0.5044,0.8036,120,38.2245,38.7697,120,75.9967,76.0521,75.8995,0.0358,120,26.5849,26.5966,26.5722,0.0059,120,1003.6987,1003.8759,1003.473,0.0711,120,0,0,0,0,120,0,0,0,0,120,13.8877,14.2604,13.2775,0.2297,120,120,0,0,0,0,0,120,None,None,None,None,0,3.395,3.3979,3.3912,0.0012,0.5658,0.566,0.5657,0.0001,0.76,0.7605,0.759,0.0004,-0.0001,-0.0001,-0.0001,0,0,0,0,0,0,0,0,0,0,0,0,0,160.9417,422,32,87.3486,0,0,0,0,202.1,1016,8,243.8977,37,46.8667,49,41,23.68,23.68,23.63
2022-11-29 22:10:00,1.8465,4.2488,0.6884,0.6667,120,43.462,37.0795,120,76.0038,76.0826,75.869,0.0408,120,26.5833,26.5996,26.5691,0.0062,120,1003.6274,1003.8575,1003.473,0.0988,120,0,0,0,0,120,0,0,0,0,120,13.8713,14.2604,13.2775,0.2197,120,120,0,0,0,0,0,120,None,None,None,None,0,3.3938,3.3976,3.3912,0.0016,0.5658,0.566,0.5657,0.0001,0.76,0.7608,0.7587,0.0004,-0.0001,-0.0001,-0.0001,0,0,0,0,0,0,0,0,0,0,0,0,0,177.875,439,52,72.4634,0,0,0,0,245.3917,1022,1,280.0575,37,46.8333,49,41,23.68,23.68,23.63
2022-11-29 22:20:00,1.5901,3.1448,0.302,0.6704,120,48.6241,42.3924,120,76.0069,76.0826,75.9301,0.0265,120,26.5703,26.5874,26.5508,0.0068,120,1003.58,1003.6927,1003.473,0.0968,120,0,0,0,0,120,0,0,0,0,120,13.8345,14.2604,13.2775,0.1795,120,120,0,0,0,0,0,120,None,None,None,None,0,3.393,3.3949,3.3912,0.0016,0.5657,0.5659,0.5655,0.0001,0.7601,0.7608,0.7593,0.0003,-0.0001,-0.0001,-0.0001,0,0,0,0,0,0,0,0,0,0,0,0,0,150.0083,319,10,72.8711,0,0,0,0,213.7083,992,18,211.1654,37,46.8167,49,41,23.68,23.68,23.63
2022-11-29 22:30:00,1.5987,3.1448,0.3572,0.6664,120,39.6939,38.911,120,75.958,76.0826,75.869,0.0459,120,26.5542,26.5874,26.5355,0.0125,120,1003.536,1003.6744,1003.4547,0.0876,120,0,0,0,0,120,0,0,0,0,120,13.8304,14.2604,13.2775,0.197,120,120,0,0,0,0,0,120,None,None,None,None,0,3.3923,3.3946,3.3909,0.0015,0.5655,0.5659,0.5654,0.0001,0.7596,0.7608,0.7587,0.0005,-0.0001,-0.0001,-0.0001,0,0,0,0,0,0,0,0,0,0,0,0,0,150.9417,319,16,72.4398,0,0,0,0,223.3167,1020,2,259.0976,37,46.95,49,41,23.68,23.68,23.63
2022-11-29 22:40:00,1.8209,3.9636,0.3204,0.7474,120,36.4184,36.7898,120,76.0178,76.0826,75.8995,0.0434,120,26.5499,26.5752,26.505,0.0178,120,1003.4487,1003.6744,1003.2716,0.0953,120,0,0,0,0,120,0,0,0,0,120,13.9164,14.2604,13.7689,0.2262,120,120,0,0,0,0,0,120,None,None,None,None,0,3.3908,3.3946,3.3879,0.0016,0.5655,0.5657,0.5651,0.0002,0.7602,0.7608,0.759,0.0004,-0.0001,-0.0001,-0.0001,0,0,0,0,0,0,0,0,0,0,0,0,0,175.1,408,12,81.2371,0,0,0,0,239.6083,1014,15,286.0275,37,46.85,49,41,23.68,23.68,23.63
2022-11-29 22:50:00,1.6608,4.12,0.2744,0.9034,120,28.7562,45.317,120,76.0921,76.1437,75.9911,0.0435,120,26.4974,26.5142,26.4837,0.0064,120,1003.2478,1003.473,1003.0885,0.0859,120,0,0,0,0,120,0,0,0,0,120,13.859,14.2604,13.2775,0.2112,120,120,0,0,0,0,0,120,None,None,None,None,0,3.3875,3.3912,3.3848,0.0014,0.565,0.5651,0.5648,0.0001,0.7609,0.7614,0.7599,0.0004,-0.0001,-0.0001,-0.0001,0,0,0,0,0,0,0,0,0,0,0,0,0,157.7,425,7,98.1945,0,0,0,0,305.2083,1022,5,349.5649,37,46.8667,47,41,23.67,23.68,23.63
2022-11-29 23:00:00,1.5222,3.3288,0.3664,0.6719,120,31.3126,36.557,120,76.0641,76.1132,76.0216,0.0251,120,26.4779,26.502,26.4348,0.0189,120,1003.22,1003.3082,1003.0885,0.0914,120,0,0,0,0,120,0,0,0,0,120,13.7935,14.2604,13.2775,0.1785,120,120,0,0,0,0,0,120,None,None,None,None,0,3.387,3.3885,3.3848,0.0015,0.5648,0.565,0.5644,0.0002,0.7606,0.7611,0.7602,0.0003,-0.0001,-0.0001,-0.0001,0,0,0,0,0,0,0,0,0,0,0,0,0,142.6333,339,17,73.0297,0,0,0,0,281.9,1015,3,342.2507,37,46.7667,49,41,23.68,23.68,23.63
2022-11-29 23:10:00,1.7333,3.2644,0.5688,0.6215,120,34.4018,30.4693,120,76.118,76.2047,76.0216,0.0449,120,26.4261,26.4409,26.4165,0.0055,120,1003.2031,1003.3082,1003.0885,0.0935,120,0,0,0,0,120,0,0,0,0,120,13.8017,14.2604,13.2775,0.2182,120,120,0,0,0,0,0,120,None,None,None,None,0,3.3867,3.3885,3.3848,0.0016,0.5643,0.5644,0.5642,0.0001,0.7612,0.762,0.7602,0.0004,-0.0001,-0.0001,-0.0001,0,0,0,0,0,0,0,0,0,0,0,0,0,165.575,332,39,67.5517,0,0,0,0,175.2167,1009,9,229.5856,37,46.9,49,41,23.68,23.68,23.63
2022-11-29 23:20:00,1.6791,3.2552,0.4308,0.6422,120,56.3447,45.4511,120,76.0984,76.2047,75.9301,0.0652,120,26.3816,26.4287,26.3402,0.0295,120,1003.0654,1003.3082,1002.9054,0.1045,120,0,0,0,0,120,0,0,0,0,120,13.8754,14.2604,13.2775,0.2224,120,120,0,0,0,0,0,120,None,None,None,None,0,3.3844,3.3885,3.3818,0.0017,0.5638,0.5643,0.5634,0.0003,0.761,0.762,0.7593,0.0007,-0.0001,-0.0001,-0.0001,0,0,0,0,0,0,0,0,0,0,0,0,0,159.6833,331,24,69.8051,0,0,0,0,217.025,1019,11,192.968,37,46.9333,49,41,23.68,23.68,23.63
2022-11-29 23:30:00,1.6091,3.6784,0.394,0.7738,120,45.6334,37.5806,120,75.94,76.1437,75.7775,0.0941,120,26.3778,26.3982,26.3494,0.0127,120,1002.9141,1003.1251,1002.7223,0.0485,120,0,0,0,0,120,0,0,0,0,120,13.8263,14.2604,13.2775,0.1931,120,120,0,0,0,0,0,120,None,None,None,None,0,3.3819,3.3854,3.3787,0.0008,0.5638,0.564,0.5635,0.0001,0.7594,0.7614,0.7578,0.0009,-0.0001,-0.0001,-0.0001,0,0,0,0,0,0,0,0,0,0,0,0,0,152.075,377,20,84.1052,0,0,0,0,189.65,1021,4,204.6757,37,46.8833,49,41,23.68,23.68,23.63
2022-11-29 23:40:00,1.1259,2.3904,0.2284,0.5118,120,69.5094,58.0158,120,75.7696,75.808,75.7164,0.0229,120,26.397,26.4165,26.383,0.006,120,1002.8878,1002.9237,1002.7223,0.0603,120,0,0,0,0,120,0,0,0,0,120,13.7935,14.2604,13.2775,0.1541,120,120,0,0,0,0,0,120,None,None,None,None,0,3.3815,3.3821,3.3787,0.001,0.564,0.5642,0.5638,0.0001,0.7577,0.7581,0.7572,0.0002,-0.0001,-0.0001,-0.0001,0,0,0,0,0,0,0,0,0,0,0,0,0,99.55,237,2,55.6254,0,0,0,0,278.8667,994,6,217.8832,37,46.9667,49,41,23.68,23.68,23.63
2022-11-29 23:50:00,1.7134,3.8716,0.348,0.7339,120,37.1881,40.1327,120,75.7899,75.8385,75.7164,0.0278,120,26.3713,26.3982,26.3402,0.0128,120,1002.7987,1002.9237,1002.7039,0.0926,120,0,0,0,0,120,0,0,0,0,120,13.8263,14.2604,13.2775,0.1708,120,120,0,0,0,0,0,120,None,None,None,None,0,3.38,3.3821,3.3784,0.0015,0.5637,0.564,0.5634,0.0001,0.7579,0.7584,0.7572,0.0003,-0.0001,-0.0001,-0.0001,0,0,0,0,0,0,0,0,0,0,0,0,0,163.4083,398,15,79.7695,0,0,0,0,249.2167,1021,0,298.5373,36.7,46.5833,47,43,23.67,23.68,23.63
