datetime,Anemometer;wind_speed;Avg (m/s),Anemometer;wind_speed;Max (m/s),Anemometer;wind_speed;Min (m/s),Anemometer;wind_speed;StdDev (m/s),Anemometer;wind_speed;Count (),Wind Vane TMR;wind_direction;Avg (°),Wind Vane TMR;wind_direction;StdDev (°),Wind Vane TMR;wind_direction;Count (),Hygro/Thermo;humidity;Avg (%),Hygro/Thermo;humidity;Max (%),Hygro/Thermo;humidity;Min (%),Hygro/Thermo;humidity;StdDev (%),Hygro/Thermo;humidity;Count (),Hygro/Thermo;temperature;Avg (°C),Hygro/Thermo;temperature;Max (°C),Hygro/Thermo;temperature;Min (°C),Hygro/Thermo;temperature;StdDev (°C),Hygro/Thermo;temperature;Count (),Barometer;air_pressure;Avg (hPa),Barometer;air_pressure;Max (hPa),Barometer;air_pressure;Min (hPa),Barometer;air_pressure;StdDev (hPa),Barometer;air_pressure;Count (),DHI (Diffuse Horizontal Irradiance);solar_irradiance;Avg (W/m²),DHI (Diffuse Horizontal Irradiance);solar_irradiance;Max (W/m²),DHI (Diffuse Horizontal Irradiance);solar_irradiance;Min (W/m²),DHI (Diffuse Horizontal Irradiance);solar_irradiance;StdDev (W/m²),DHI (Diffuse Horizontal Irradiance);solar_irradiance;Count (),GHI (Global Horizontal Irradiance);solar_irradiance;Avg (W/m²),GHI (Global Horizontal Irradiance);solar_irradiance;Max (W/m²),GHI (Global Horizontal Irradiance);solar_irradiance;Min (W/m²),GHI (Global Horizontal Irradiance);solar_irradiance;StdDev (W/m²),GHI (Global Horizontal Irradiance);solar_irradiance;Count (),DNI (Direct Normal Irradiance) Pyrheliometer;solar_DNI;Avg (W/m²),DNI (Direct Normal Irradiance) Pyrheliometer;solar_DNI;Max (W/m²),DNI (Direct Normal Irradiance) Pyrheliometer;solar_DNI;Min (W/m²),DNI (Direct Normal Irradiance) Pyrheliometer;solar_DNI;StdDev (W/m²),DNI (Direct Normal Irradiance) Pyrheliometer;solar_DNI;Count (),Precipitation;precipitation;Count (),Precipitation;precipitation;Sum (mm),GTI (Global Tilt Irradiance) PV Cell;voltage;Avg (W/m2),GTI (Global Tilt Irradiance) PV Cell;voltage;Max (W/m2),GTI (Global Tilt Irradiance) PV Cell;voltage;Min (W/m2),GTI (Global Tilt Irradiance) PV Cell;voltage;StdDev (W/m2),GTI (Global Tilt Irradiance) PV Cell;voltage;Count (),Theta;other;Avg (°),Theta;other;Max (°),Theta;other;Min (°),Theta;other;StdDev (°),Theta;other;Count (),A1;channel;Avg (V),A1;channel;Max (V),A1;channel;Min (V),A1;channel;StdDev (V),A2;channel;Avg (V),A2;channel;Max (V),A2;channel;Min (V),A2;channel;StdDev (V),A3;channel;Avg (V),A3;channel;Max (V),A3;channel;Min (V),A3;channel;StdDev (V),A4;channel;Avg (V),A4;channel;Max (V),A4;channel;Min (V),A4;channel;StdDev (V),A5;channel;Avg (V),A5;channel;Max (V),A5;channel;Min (V),A5;channel;StdDev (V),A6;channel;Avg (V),A6;channel;Max (V),A6;channel;Min (V),A6;channel;StdDev (V),A7;channel;Avg (V),A7;channel;Max (V),A7;channel;Min (V),A7;channel;StdDev (V),C1;channel;Avg (I),C1;channel;Max (I),C1;channel;Min (I),C1;channel;StdDev (I),C2;channel;Avg (I),C2;channel;Max (I),C2;channel;Min (I),C2;channel;StdDev (I),D1;channel;Avg (),D1;channel;Max (),D1;channel;Min (),D1;channel;StdDev (),T;channel;Avg (°C),I;channel;Avg (mA),I;channel;Max (mA),I;channel;Min (mA),V;channel;Avg (V),V;channel;Max (V),V;channel;Min (V)
2022-11-23 00:00:00,1.2392,2.5652,0.3664,0.4524,120,107.3465,42.1018,120,82.0116,82.1253,81.9422,0.0494,120,25.4477,25.4582,25.4399,0.0041,120,1005.6018,1005.8351,1005.4506,0.0897,120,0.026,0.7213,0,0.1198,120,0,0,0,0,120,13.4208,13.7689,12.2946,0.3147,120,120,0,0,0,0,0,120,None,None,None,None,0,3.4267,3.4306,3.4242,0.0015,0.5545,0.5546,0.5544,0,0.8201,0.8213,0.8194,0.0005,-0.0001,-0.0001,-0.0001,0,0,0,0,0,0,0,0,0,0,0,0,0,111.875,256,17,49.1772,0,0,0,0,329.2,995,104,146.1729,34,47.9667,49,45,23.63,23.68,23.63
2022-11-23 00:10:00,1.3939,2.9424,0.3204,0.539,120,88.6381,37.4462,120,81.7273,81.9422,81.5455,0.1109,120,25.3221,25.4491,25.1164,0.1052,120,1005.562,1005.652,1005.2675,0.0902,120,2.9837,4.5661,0,1.7887,120,0,0,0,0,120,12.9744,13.2775,12.2946,0.35,120,120,0,0,0,0,0,120,None,None,None,None,0,3.426,3.4275,3.4211,0.0015,0.5532,0.5545,0.5512,0.001,0.8173,0.8194,0.8155,0.0011,-0.0001,-0.0001,-0.0001,0,0,0.0001,0,0,0,0,0,0,0,0,0,0,128.6833,297,12,58.59,0,0,0,0,272.5083,872,65,134.0196,34,48.1167,49,45,23.63,23.68,23.63
2022-11-23 00:20:00,1.1299,3.4668,0.256,0.6876,120,96.8225,48.2325,120,82.2199,82.5526,81.8201,0.2586,120,25.0088,25.1195,24.9638,0.0419,120,1005.3887,1005.6337,1005.2492,0.0955,120,3.0699,4.085,2.163,0.4851,120,0,0,0,0,120,13.2734,13.7689,12.786,0.2064,120,120,0,0,0,0,0,120,None,None,None,None,0,3.4231,3.4272,3.4208,0.0016,0.5501,0.5512,0.5496,0.0004,0.8222,0.8255,0.8182,0.0026,-0.0001,-0.0001,-0.0001,0,0,0.0001,0,0,0,0,0,0,0,0,0,0,99.9917,354,5,74.7349,0,0,0,0,298.7667,1004,7,162.7138,34,48.4,51,47,23.63,23.68,23.63
2022-11-23 00:30:00,1.2882,3.6048,0.3664,0.5703,120,115.6159,38.5492,120,82.8216,83.0103,82.5526,0.1477,120,25.0463,25.1408,24.9883,0.0452,120,1005.3755,1005.4689,1005.0844,0.0943,120,3.7248,5.0465,2.4032,0.8922,120,0,0,0,0,120,13.4044,13.7689,12.786,0.2341,120,120,0,0,0,0,0,120,None,None,None,None,0,3.4229,3.4245,3.4181,0.0016,0.5505,0.5514,0.5499,0.0004,0.8282,0.8301,0.8255,0.0015,-0.0001,-0.0001,-0.0001,0,0,0.0001,0,0,0,0,0,0,0,0,0,0,117.2,369,17,61.9879,0,0,0,0,333.9917,882,27,118.0356,34,47.9167,49,43,23.63,23.68,23.63
2022-11-23 00:40:00,1.5481,3.2276,0.3848,0.7039,120,110.36,38.805,120,83.0546,83.1324,82.9493,0.0449,120,25.2287,25.3056,25.1317,0.0539,120,1005.2925,1005.4689,1005.0844,0.0778,120,4.758,6.4882,1.922,1.1372,120,0,0,0,0,120,13.47,13.7689,12.786,0.3075,120,120,0,0,0,0,0,120,None,None,None,None,0,3.4215,3.4245,3.4181,0.0013,0.5523,0.5531,0.5513,0.0005,0.8305,0.8313,0.8295,0.0004,-0.0001,-0.0001,-0.0001,0,0.0001,0.0001,0,0,0,0,0,0,0,0,0,0,145.45,328,19,76.5068,0,0,0,0,331.475,988,45,132.033,34,46.8167,47,41,23.63,23.68,23.63
2022-11-23 00:50:00,2.0669,4.442,0.716,0.7006,120,101.2648,25.8493,120,83.0643,83.1324,82.9798,0.0387,120,25.3201,25.3392,25.2995,0.009,120,1005.0558,1005.2858,1004.883,0.1096,120,3.5025,5.2866,1.6819,0.9616,120,0,0,0,0,120,13.4659,13.7689,12.786,0.2791,120,120,0,0,0,0,0,120,None,None,None,None,0,3.4176,3.4214,3.4147,0.0018,0.5532,0.5534,0.553,0.0001,0.8306,0.8313,0.8298,0.0004,-0.0001,-0.0001,-0.0001,0,0,0.0001,0,0,0,0,0,0,0,0,0,0,201.8333,460,55,76.1486,0,0,0,0,287.25,507,27,74.8434,34,46.8833,47,41,23.63,23.68,23.63
2022-11-23 01:00:00,1.8248,3.9452,0.4584,0.7311,120,115.9609,32.612,120,82.8885,83.0409,82.7052,0.0977,120,25.3071,25.3362,25.269,0.0195,120,1004.9013,1005.1027,1004.7182,0.049,120,3.3061,4.8063,1.4417,0.7399,120,0,0,0,0,120,13.4822,13.7689,13.2775,0.2433,120,120,0,0,0,0,0,120,None,None,None,None,0,3.415,3.4184,3.412,0.0008,0.5531,0.5534,0.5527,0.0002,0.8289,0.8304,0.8271,0.001,-0.0001,-0.0001,-0.0001,0,0,0.0001,0,0,0,0,0,0,0,0,0,0,175.525,406,27,79.4659,0,0,0,0,332.4667,678,123,94.6653,34,46.9333,47,45,23.63,23.68,23.63
2022-11-23 01:10:00,1.8485,3.3104,0.6332,0.6232,120,115.2804,33.6097,120,82.7194,82.8272,82.5526,0.0889,120,25.3515,25.4063,25.2995,0.035,120,1004.8326,1004.9196,1004.6999,0.0911,120,0.3864,1.922,0,0.4518,120,0,0,0,0,120,13.4945,14.2604,12.786,0.2611,120,120,0,0,0,0,0,120,None,None,None,None,0,3.4139,3.4153,3.4117,0.0015,0.5535,0.5541,0.553,0.0003,0.8272,0.8283,0.8255,0.0009,-0.0001,-0.0001,-0.0001,0,0,0,0,0,0,0,0,0,0,0,0,0,178.1,337,46,67.7433,0,0,0,0,329.175,725,39,99.3481,34,46.6667,47,41,23.64,23.68,23.63
2022-11-23 01:20:00,2.7479,5.1688,0.7436,1.0944,120,100.1846,30.2135,120,82.2802,82.5831,81.9727,0.1999,120,25.4602,25.5101,25.3972,0.0348,120,1004.7317,1004.9013,1004.5351,0.0716,120,0,0,0,0,120,0,0,0,0,120,13.4822,13.7689,13.2775,0.2433,120,120,0,0,0,0,0,120,None,None,None,None,0,3.4122,3.415,3.4089,0.0012,0.5546,0.5551,0.554,0.0003,0.8228,0.8258,0.8197,0.002,-0.0001,-0.0001,-0.0001,0,0,0,0,0,0,0,0,0,0,0,0,0,275.8583,539,58,118.958,0,0,0,0,293.2667,879,122,98.8539,34,46.85,47,41,23.64,23.68,23.63
2022-11-23 01:30:00,2.0086,4.1752,0.5136,0.8074,120,103.678,30.8936,120,81.5261,82.0032,81.1487,0.2591,120,25.5106,25.5406,25.4552,0.0247,120,1004.7397,1004.9196,1004.6815,0.0722,120,0,0,0,0,120,0,0,0,0,120,13.4126,13.7689,13.2775,0.2204,120,120,0,0,0,0,0,120,None,None,None,None,0,3.4123,3.4153,3.4114,0.0012,0.5551,0.5554,0.5545,0.0003,0.8153,0.82,0.8115,0.0026,-0.0001,-0.0001,-0.0001,0,0,0,0,0,0,0,0,0,0,0,0,0,195.5,431,33,87.7558,0,0,0,0,300.65,988,25,106.2719,33.2,46.8333,47,41,23.64,23.68,23.63
2022-11-23 01:40:00,2.175,4.4788,0.7252,0.8706,120,110.1793,36.3955,120,81.0055,81.1792,80.8435,0.1015,120,25.4277,25.4613,25.4033,0.0138,120,1004.7105,1004.9013,1004.5167,0.0429,120,0,0,0,0,120,0,0,0,0,120,13.4782,13.7689,13.2775,0.2426,120,120,0,0,0,0,0,120,None,None,None,None,0,3.4118,3.415,3.4086,0.0007,0.5543,0.5546,0.554,0.0001,0.8101,0.8118,0.8084,0.001,-0.0001,-0.0001,-0.0001,0,0,0,0,0,0,0,0,0,0,0,0,0,213.5833,464,56,94.625,0,0,0,0,317.6083,694,50,107.4087,33,46.7,49,41,23.64,23.68,23.63
2022-11-23 01:50:00,2.4721,4.7088,0.6516,0.8443,120,103.7594,28.834,120,80.5068,80.874,80.1111,0.1928,120,25.4919,25.5345,25.4491,0.0192,120,1004.702,1004.9013,1004.5167,0.0392,120,0,0,0,0,120,0,0,0,0,120,13.5396,13.7689,13.2775,0.2462,120,120,0,0,0,0,0,120,None,None,None,None,0,3.4117,3.415,3.4086,0.0007,0.5549,0.5554,0.5545,0.0002,0.8051,0.8087,0.8011,0.0019,-0.0001,-0.0001,-0.0001,0,0,0,0,0,0,0,0,0,0,0,0,0,245.8833,489,48,91.7758,0,0,0,0,299.3833,812,5,91.1524,33,46.85,47,41,23.63,23.68,23.63
2022-11-23 02:00:00,2.531,4.2764,0.6148,0.8526,120,108.3293,31.6291,120,79.6838,80.1111,79.1955,0.2629,120,25.5703,25.6078,25.5315,0.0226,120,1004.6301,1004.9013,1004.4984,0.0942,120,0,0,0,0,120,0,0,0,0,120,13.47,13.7689,12.786,0.2492,120,120,0,0,0,0,0,120,None,None,None,None,0,3.4105,3.415,3.4083,0.0016,0.5557,0.5561,0.5553,0.0002,0.7968,0.8011,0.792,0.0026,-0.0001,-0.0001,-0.0001,0,0,0,0,0,0,0,0,0,0,0,0,0,252.2833,442,44,92.6738,0,0,0,0,317.8417,1013,121,108.5102,33,46.8667,49,41,23.63,23.68,23.63
2022-11-23 02:10:00,2.6776,4.5708,1.1024,0.777,120,106.0608,29.4107,120,78.6625,79.1955,78.1274,0.29,120,25.5901,25.6078,25.565,0.0087,120,1004.5444,1004.7182,1004.5167,0.0525,120,0,0,0,0,120,0,0,0,0,120,13.3799,13.7689,12.786,0.2288,120,120,0,0,0,0,0,120,None,None,None,None,0,3.4091,3.412,3.4086,0.0009,0.5559,0.5561,0.5556,0.0001,0.7866,0.792,0.7813,0.0029,-0.0001,-0.0001,-0.0001,0,0,0,0,0,0,0,0,0,0,0,0,0,268.2167,474,97,84.4512,0,0,0,0,303.9833,705,29,88.4814,33,46.95,47,45,23.63,23.68,23.63
2022-11-23 02:20:00,2.9293,6.2728,0.5872,0.9814,120,105.0705,30.4771,120,77.8448,78.1884,77.517,0.1948,120,25.537,25.565,25.5101,0.0142,120,1004.5384,1004.7182,1004.4984,0.0469,120,0,0,0,0,120,0,0,0,0,120,13.3594,13.7689,12.786,0.1946,120,120,0,0,0,0,0,120,None,None,None,None,0,3.409,3.412,3.4083,0.0008,0.5554,0.5556,0.5551,0.0001,0.7784,0.7819,0.7752,0.0019,-0.0001,-0.0001,-0.0001,0,0,0,0,0,0,0,0,0,0,0,0,0,295.575,659,41,106.6759,0,0,0,0,308.6167,980,138,105.0116,33,46.7167,49,41,23.63,23.68,23.63
2022-11-23 02:30:00,2.4292,4.4236,0.8724,0.8036,120,104.983,28.827,120,77.2223,77.5475,76.8761,0.196,120,25.5118,25.5315,25.4613,0.0177,120,1004.6237,1004.7182,1004.5167,0.0906,120,0,0,0,0,120,0,0,0,0,120,13.3553,13.7689,12.786,0.2113,120,120,0,0,0,0,0,120,None,None,None,None,0,3.4104,3.412,3.4086,0.0015,0.5551,0.5553,0.5546,0.0002,0.7722,0.7755,0.7688,0.002,-0.0001,-0.0001,-0.0001,0,0,0,0,0,0,0,0,0,0,0,0,0,241.2167,458,72,87.3463,0,0,0,0,297.5833,542,8,84.8297,33,46.9167,49,41,23.63,23.68,23.63
2022-11-23 02:40:00,2.4211,3.9544,0.9276,0.6631,120,106.387,25.1517,120,76.8255,76.9372,76.6625,0.0823,120,25.4531,25.4765,25.4277,0.012,120,1004.7034,1004.883,1004.5167,0.0386,120,0,0,0,0,120,0,0,0,0,120,13.3348,13.7689,12.786,0.1708,120,120,0,0,0,0,0,120,None,None,None,None,0,3.4117,3.4147,3.4086,0.0006,0.5545,0.5548,0.5543,0.0001,0.7683,0.7694,0.7666,0.0008,-0.0001,-0.0001,-0.0001,0,0,0,0,0,0,0,0,0,0,0,0,0,240.3417,407,78,72.0782,0,0,0,0,301.7333,509,106,72.5229,33,46.9333,49,41,23.63,23.68,23.63
2022-11-23 02:50:00,2.2474,4.4604,0.6056,0.789,120,102.225,27.2802,120,76.528,76.693,76.4183,0.067,120,25.4381,25.4674,25.3972,0.0211,120,1004.6936,1004.9013,1004.5167,0.0528,120,0,0,0,0,120,0,0,0,0,120,13.3717,13.7689,12.786,0.2572,120,120,0,0,0,0,0,120,None,None,None,None,0,3.4116,3.415,3.4086,0.0009,0.5544,0.5547,0.554,0.0002,0.7653,0.7669,0.7642,0.0007,-0.0001,-0.0001,-0.0001,0,0,0,0,0,0,0,0,0,0,0,0,0,221.4583,462,43,85.7616,0,0,0,0,289.3833,549,28,79.8556,33,46.9333,47,45,23.63,23.68,23.63
2022-11-23 03:00:00,2.3624,4.4512,0.7896,0.7843,120,104.5825,26.4293,120,76.4407,76.5099,76.3268,0.0471,120,25.3942,25.4094,25.3728,0.0094,120,1004.7026,1004.9013,1004.5167,0.0439,120,0,0,0,0,120,0,0,0,0,120,13.384,13.7689,12.786,0.2224,120,120,0,0,0,0,0,120,None,None,None,None,0,3.4117,3.415,3.4086,0.0007,0.5539,0.5541,0.5537,0.0001,0.7644,0.7651,0.7633,0.0005,-0.0001,-0.0001,-0.0001,0,0,0,0,0,0,0,0,0,0,0,0,0,233.9583,461,63,85.2493,0,0,0,0,299.85,590,162,77.3535,33,46.8833,47,41,23.63,23.68,23.63
2022-11-23 03:10:00,1.9414,4.0004,0.6608,0.7253,120,111.1059,33.8144,120,76.2515,76.3268,76.1742,0.0362,120,25.3635,25.4063,25.3331,0.0194,120,1004.6974,1004.7365,1004.5167,0.0447,120,0,0,0,0,120,0,0,0,0,120,13.3348,13.7689,12.786,0.2033,120,120,0,0,0,0,0,120,None,None,None,None,0,3.4116,3.4123,3.4086,0.0007,0.5536,0.5541,0.5533,0.0002,0.7625,0.7633,0.7617,0.0004,-0.0001,-0.0001,-0.0001,0,0,0,0,0,0,0,0,0,0,0,0,0,188.1917,412,49,78.8379,0,0,0,0,326.5333,925,63,112.4108,33,46.6,49,41,23.63,23.68,23.63
2022-11-23 03:20:00,1.8862,4.7916,0.7068,0.8649,120,106.4743,26.8299,120,76.2714,76.4489,76.1437,0.0878,120,25.3782,25.4125,25.3301,0.0259,120,1004.7185,1004.9013,1004.5534,0.0501,120,0,0,0,0,120,0,0,0,0,120,13.3635,13.7689,12.786,0.2176,120,120,0,0,0,0,0,120,None,None,None,None,0,3.412,3.415,3.4092,0.0008,0.5538,0.5541,0.5533,0.0003,0.7627,0.7645,0.7614,0.0009,-0.0001,-0.0001,-0.0001,0,0,0,0,0,0,0,0,0,0,0,0,0,182.1917,498,54,94.011,0,0,0,0,304.875,599,75,79.6923,33,46.85,47,41,23.63,23.68,23.63
2022-11-23 03:30:00,1.347,2.2524,0.394,0.4426,120,112.8104,32.5826,120,76.2706,76.4794,76.1437,0.0883,120,25.328,25.385,25.2751,0.0321,120,1004.751,1004.9013,1004.6815,0.0789,120,0,0,0,0,120,0,0,0,0,120,13.2734,13.7689,12.786,0.1624,120,120,0,0,0,0,0,120,None,None,None,None,0,3.4125,3.415,3.4114,0.0013,0.5533,0.5538,0.5527,0.0003,0.7627,0.7648,0.7614,0.0009,-0.0001,-0.0001,-0.0001,0,0,0,0,0,0,0,0,0,0,0,0,0,123.5833,222,20,48.1131,0,0,0,0,323.025,579,101,93.8696,33,46.75,49,41,23.63,23.68,23.63
2022-11-23 03:40:00,1.3328,2.5928,0.486,0.4131,120,103.2141,28.5995,120,76.6231,76.8456,76.4489,0.1139,120,25.236,25.2812,25.1714,0.0313,120,1004.8334,1004.9196,1004.6815,0.0904,120,0,0,0,0,120,0,0,0,0,120,13.2693,13.7689,12.786,0.1422,120,120,0,0,0,0,0,120,None,None,None,None,0,3.4139,3.4153,3.4114,0.0015,0.5524,0.5528,0.5517,0.0003,0.7662,0.7685,0.7645,0.0011,-0.0001,-0.0001,-0.0001,0,0,0,0,0,0,0,0,0,0,0,0,0,122.0417,259,30,44.8996,0,0,0,0,297.675,797,32,89.9523,33,46.7667,49,41,23.63,23.68,23.63
2022-11-23 03:50:00,1.279,2.7768,0.4124,0.5021,120,113.0856,33.6332,120,77.0964,77.2729,76.8456,0.12,120,25.1503,25.1836,25.1164,0.0168,120,1004.9017,1005.1027,1004.6815,0.099,120,0,0,0,0,120,0,0,0,0,120,13.298,13.7689,12.786,0.1611,120,120,0,0,0,0,0,120,None,None,None,None,0,3.415,3.4184,3.4114,0.0017,0.5515,0.5518,0.5512,0.0002,0.771,0.7727,0.7685,0.0012,-0.0001,-0.0001,-0.0001,0,0,0,0,0,0,0,0,0,0,0,0,0,116.2,279,22,54.5762,0,0,0,0,322.9333,685,93,98.0734,33,46.9,47,41,23.63,23.68,23.63
2022-11-23 04:00:00,1.2248,2.418,0.4308,0.4413,120,123.5265,45.3412,120,77.4196,77.5475,77.2729,0.0937,120,25.101,25.1256,25.0829,0.0095,120,1004.9133,1005.0844,1004.6999,0.0602,120,0,0,0,0,120,0,0,0,0,120,13.3143,13.7689,12.786,0.182,120,120,0,0,0,0,0,120,None,None,None,None,0,3.4152,3.4181,3.4117,0.001,0.551,0.5513,0.5508,0.0001,0.7742,0.7755,0.7727,0.0009,-0.0001,-0.0001,-0.0001,0,0,0,0,0,0,0,0,0,0,0,0,0,110.3083,240,24,47.9711,0,0,0,0,371.9,1018,32,149.7526,33,46.8,47,41,23.63,23.68,23.63
2022-11-23 04:10:00,1.3815,2.786,0.4308,0.4699,120,110.1503,37.6578,120,77.7388,77.9138,77.5475,0.0963,120,25.1334,25.1805,25.0951,0.0266,120,1004.9631,1005.1027,1004.883,0.0909,120,0,0,0,0,120,0,0,0,0,120,13.4085,13.7689,13.2775,0.2182,120,120,0,0,0,0,0,120,None,None,None,None,0,3.4161,3.4184,3.4147,0.0015,0.5513,0.5518,0.551,0.0003,0.7774,0.7791,0.7755,0.001,-0.0001,-0.0001,-0.0001,0,0,0,0,0,0,0,0,0,0,0,0,0,127.3333,280,24,51.0731,0,0,0,0,317.975,839,14,115.4211,33,46.8833,49,41,23.63,23.68,23.63
2022-11-23 04:20:00,1.7157,3.568,0.5044,0.6931,120,95.953,36.0036,120,77.8525,77.9443,77.7612,0.0381,120,25.1973,25.211,25.1775,0.0069,120,1005.0371,1005.2858,1004.883,0.0889,120,0,0,0,0,120,0,0,0,0,120,13.4249,13.7689,13.2775,0.2262,120,120,0,0,0,0,0,120,None,None,None,None,0,3.4173,3.4214,3.4147,0.0015,0.552,0.5521,0.5518,0.0001,0.7785,0.7794,0.7776,0.0004,-0.0001,-0.0001,-0.0001,0,0,0,0,0,0,0,0,0,0,0,0,0,163.6583,365,32,75.3339,0,0,0,0,294.8917,1016,53,136.2813,33,46.7833,49,41,23.63,23.68,23.63
2022-11-23 04:30:00,1.991,3.5588,0.5596,0.6447,120,102.0358,31.7499,120,77.7746,77.9443,77.5781,0.1064,120,25.2257,25.2568,25.1866,0.022,120,1005.0855,1005.2675,1004.9013,0.0343,120,0,0,0,0,120,0,0,0,0,120,13.4863,13.7689,13.2775,0.244,120,120,0,0.0025,0.3052,0,0.0279,120,None,None,None,None,0,3.4181,3.4211,3.415,0.0006,0.5523,0.5526,0.5519,0.0002,0.7777,0.7794,0.7758,0.0011,-0.0001,-0.0001,-0.0001,0,0,0,0,0,0,0,0,0,0,0.0003,0,0,193.5833,364,38,70.0742,0,0,0,0,297.4083,861,65,100.5312,33,46.7833,49,39,23.64,23.68,23.63
2022-11-23 04:40:00,1.9645,4.2028,0.7068,0.6813,120,98.5333,24.0562,120,77.3581,77.6391,77.0287,0.1825,120,25.3039,25.3331,25.2538,0.0243,120,1005.1402,1005.2858,1005.0661,0.0873,120,0.5446,2.163,0,0.575,120,0.4243,1.8319,0,0.5094,120,13.4044,13.7689,10.3271,0.3633,120,120,0,0.9308,2.7467,0,0.7802,120,None,None,None,None,0,3.419,3.4214,3.4178,0.0015,0.553,0.5533,0.5525,0.0002,0.7736,0.7764,0.7703,0.0018,-0.0001,-0.0001,-0.0001,0,0,0,0,0,0,0,0,0,0.0009,0.0027,0,0.0008,190.7083,434,54,74.052,0,0,0,0,282.5583,607,156,71.649,33,46.8333,49,45,23.64,23.68,23.63
2022-11-23 04:50:00,1.4583,2.6756,0.5044,0.541,120,99.3569,36.0709,120,76.8886,77.0287,76.8151,0.0599,120,25.2813,25.327,25.2294,0.0272,120,1005.2561,1005.4689,1005.0661,0.0443,120,5.9675,13.2165,1.922,3.3791,120,5.9351,12.8223,1.8319,3.2574,120,13.4167,14.2604,12.786,0.2932,120,120,0,6.1749,11.597,2.4415,2.7561,120,89.28,89.78,88.77,0.36,64,3.4209,3.4245,3.4178,0.0007,0.5528,0.5533,0.5523,0.0003,0.7689,0.7703,0.7682,0.0006,-0.0001,-0.0001,-0.0001,0,0.0001,0.0002,0,0,0,0.0001,0,0,0.0062,0.0116,0.0024,0.0028,135.6833,268,32,58.807,0,0,0,0,293.025,876,79,115.212,33,46.75,47,41,23.64,23.68,23.63
2022-11-23 05:00:00,1.6942,3.3932,0.3756,0.6686,120,106.7635,34.3238,120,76.9664,77.1203,76.8456,0.0634,120,25.2362,25.2934,25.2049,0.0217,120,1005.3714,1005.4689,1005.2492,0.0917,120,18.96,23.3094,13.2165,2.8639,120,23.9972,35.904,13.1897,6.775,120,86.3446,174.0831,14.2604,58.4291,120,120,0,15.7196,19.5318,11.9022,2.2046,120,87.5,88.77,86.25,0.68,120,3.4229,3.4245,3.4208,0.0015,0.5524,0.5529,0.5521,0.0002,0.7697,0.7712,0.7685,0.0006,-0.0005,-0.0001,-0.0011,0.0004,0.0002,0.0003,0.0002,0,0.0002,0.0003,0.0001,0.0001,0.0157,0.0195,0.0119,0.0022,161.325,346,18,72.6724,0,0,0,0,315.6667,1000,92,116.5434,33,46.8833,47,41,23.64,23.68,23.63
2022-11-23 05:10:00,1.5816,2.4824,0.624,0.4213,120,101.8953,27.4958,120,76.9056,77.0287,76.7846,0.0695,120,25.4075,25.5284,25.2965,0.0694,120,1005.4547,1005.6337,1005.2675,0.0437,120,28.9405,33.8827,23.5496,2.8515,120,48.8613,64.8475,35.904,7.7669,120,218.0087,280.3029,175.0661,30.2208,120,120,0,23.3034,26.8563,19.2267,2.0424,120,85.17,86.25,83.98,0.68,120,3.4242,3.4272,3.4211,0.0007,0.5541,0.5553,0.553,0.0007,0.7691,0.7703,0.7678,0.0007,-0.0014,-0.0011,-0.0017,0.0002,0.0004,0.0004,0.0003,0,0.0004,0.0005,0.0003,0.0001,0.0233,0.0269,0.0192,0.002,149.0833,247,45,45.7949,0,0,0,0,294.1917,642,161,83.178,33,46.8667,47,41,23.64,23.68,23.63
2022-11-23 05:20:00,1.4333,3.3012,0.2744,0.6698,120,107.1905,44.6804,120,76.5712,76.8761,76.2658,0.2116,120,25.6956,25.8397,25.5315,0.0891,120,1005.6049,1005.8168,1005.4323,0.0669,120,39.1634,45.4173,33.8827,3.633,120,82.1612,101.1176,64.8475,10.7374,120,330.6828,371.7693,280.7944,27.0512,120,120,0,31.9605,39.9793,26.5511,3.8138,120,82.84,83.98,81.7,0.68,120,3.4267,3.4303,3.4239,0.0011,0.557,0.5584,0.5553,0.0009,0.7657,0.7688,0.7627,0.0021,-0.0021,-0.0017,-0.0023,0.0002,0.0005,0.0006,0.0004,0,0.0007,0.0008,0.0005,0.0001,0.032,0.04,0.0266,0.0038,132.9667,336,7,72.8082,0,0,0,0,346.6167,984,107,168.7561,33,46.9167,47,41,23.64,23.68,23.63
2022-11-23 05:30:00,1.5373,2.9608,0.3112,0.6323,120,103.3026,40.7285,120,75.9412,76.6015,75.5028,0.276,120,26.0381,26.2029,25.8489,0.0875,120,1005.7646,1005.8351,1005.6154,0.0842,120,49.947,55.5102,45.4173,2.9004,120,119.5247,142.5174,101.4838,12.1764,120,409.7124,461.2697,371.7693,27.3493,120,120,0,49.7884,63.1733,40.2844,6.3326,120,80.5,81.7,79.42,0.68,120,3.4294,3.4306,3.4269,0.0014,0.5604,0.562,0.5585,0.0009,0.7594,0.766,0.755,0.0028,-0.0025,-0.0023,-0.0029,0.0002,0.0006,0.0007,0.0006,0,0.001,0.0012,0.0008,0.0001,0.0498,0.0632,0.0403,0.0063,144.2667,299,11,68.7284,0,0,0,0,315.2583,988,88,136.193,33,46.7833,47,41,23.64,23.68,23.63
2022-11-23 05:40:00,1.8574,3.5312,0.4124,0.7745,120,105.3899,31.8618,120,75.1999,75.7775,74.8314,0.2714,120,26.3359,26.4196,26.1998,0.0659,120,1005.8486,1006.0182,1005.7985,0.0664,120,62.9414,69.9283,55.5102,4.0099,120,163.0707,184.2833,142.8836,11.1297,120,476.0793,497.1673,369.8018,19.8368,120,120,0,80.7698,97.0489,63.1733,8.9394,120,78.16,79.42,76.88,0.68,120,3.4308,3.4336,3.43,0.0011,0.5634,0.5642,0.562,0.0007,0.752,0.7578,0.7483,0.0027,-0.003,-0.0023,-0.0031,0.0001,0.0008,0.0009,0.0007,0.0001,0.0014,0.0015,0.0012,0.0001,0.0808,0.097,0.0632,0.0089,179.0667,361,22,84.1828,0,0,0,0,302.0083,648,32,93.2234,33,46.6667,47,41,23.65,23.68,23.63
2022-11-23 05:50:00,1.8988,3.6416,0.3112,0.7305,120,99.2827,38.3279,120,74.6752,74.9535,74.1905,0.217,120,26.4849,26.5691,26.4104,0.0574,120,1006.0471,1006.2197,1005.8168,0.1011,120,70.1445,77.8583,65.3622,3.8137,120,180,230.0792,89.7599,37.6097,120,433.62,559.6213,86.5501,139.6281,120,120,0,100.1872,131.2296,61.037,17.9415,120,75.82,76.88,74.6,0.68,120,3.4341,3.437,3.4303,0.0017,0.5648,0.5657,0.5641,0.0006,0.7468,0.7495,0.7419,0.0022,-0.0027,-0.0005,-0.0035,0.0009,0.0009,0.001,0.0008,0,0.0015,0.0019,0.0007,0.0003,0.1002,0.1312,0.061,0.0179,183.5667,373,11,79.3974,0,0,0,0,311.5,997,79,146.0617,33,46.8667,47,41,23.64,23.68,23.63
2022-11-23 06:00:00,1.4998,3.6784,0.3848,0.6325,120,102.0459,44.1405,120,74.1442,74.7093,73.5191,0.3427,120,26.8053,27.0513,26.56,0.1486,120,1006.1802,1006.3845,1005.9999,0.0681,120,79.3862,96.3614,72.3315,5.9841,120,253.6492,292.3625,218.3553,17.3232,120,586.2863,617.6474,492.2494,19.7017,120,120,0,150.9954,185.2474,129.0933,14.6404,120,73.48,74.6,72.32,0.69,120,3.4363,3.4397,3.4333,0.0011,0.5681,0.5705,0.5656,0.0015,0.7414,0.7471,0.7352,0.0034,-0.0036,-0.0031,-0.0038,0.0001,0.001,0.0012,0.0009,0.0001,0.0021,0.0024,0.0018,0.0001,0.151,0.1852,0.1291,0.0146,140.1917,377,19,68.7522,0,0,0,0,313.8333,895,55,143.9287,33.4,46.7333,49,41,23.64,23.68,23.63
2022-11-23 06:10:00,1.9902,4.5432,0.2744,0.839,120,97.06,43.3356,120,73.0046,73.6412,72.2068,0.3132,120,27.1457,27.3138,27.0482,0.0899,120,1006.2346,1006.4211,1006.0182,0.0781,120,96.9603,106.6945,90.5945,5.076,120,311.4928,332.2965,293.0948,9.4262,120,633.696,656.0055,587.6507,15.5799,120,120,0,204.8504,223.7007,186.4681,8.3992,120,71.14,72.32,70.03,0.69,120,3.4372,3.4404,3.4336,0.0013,0.5715,0.5731,0.5705,0.0009,0.73,0.7364,0.7221,0.0031,-0.0039,-0.0036,-0.0041,0.0001,0.0012,0.0014,0.0012,0.0001,0.0026,0.0028,0.0024,0.0001,0.2049,0.2237,0.1865,0.0084,193.5,471,7,91.1986,0,0,0,0,308.8083,1008,40,163.901,34,46.95,49,43,23.64,23.68,23.63
2022-11-23 06:20:00,2.4708,4.4052,0.808,0.8056,120,98.6237,31.8837,120,71.9265,72.2983,71.2302,0.2443,120,27.203,27.2985,27.149,0.0447,120,1006.3779,1006.6042,1006.1831,0.0909,120,102.4993,125.4386,92.9976,10.1362,120,306.4277,396.4106,129.6951,78.0975,120,545.6917,692.3961,28.5224,222.9827,120,120,0,212.831,284.1273,103.1526,49.3883,120,68.79,70.03,67.75,0.68,120,3.4396,3.4434,3.4364,0.0015,0.572,0.573,0.5715,0.0004,0.7193,0.723,0.7123,0.0024,-0.0034,-0.0002,-0.0043,0.0014,0.0013,0.0016,0.0012,0.0001,0.0026,0.0033,0.0011,0.0007,0.2128,0.2841,0.1032,0.0494,245.7417,456,65,87.5659,0,0,0,0,289.4917,1011,52,111.8702,34,46.6,47,41,23.64,23.68,23.63
2022-11-23 06:30:00,1.9778,3.7244,0.5044,0.7959,120,94.8482,40.754,120,71.5509,71.9626,71.2302,0.2128,120,26.9814,27.1459,26.8834,0.078,120,1006.5242,1006.6042,1006.3845,0.0896,120,144.5103,164.3677,116.5472,13.869,120,238.6343,463.8223,126.7635,116.1937,120,230.9788,709.6068,15.7364,257.8298,120,120,0,182.7499,345.4695,99.1852,82.0126,120,66.44,67.49,65.21,0.68,120,3.4421,3.4434,3.4397,0.0015,0.5698,0.5715,0.5688,0.0008,0.7155,0.7196,0.7123,0.0021,-0.0014,-0.0001,-0.0044,0.0016,0.0018,0.0021,0.0015,0.0002,0.002,0.0039,0.0011,0.001,0.1827,0.3455,0.0992,0.082,192.15,382,32,86.507,0,0,0,0,303.0667,1021,59,155.15,34,46.9167,49,41,23.64,23.68,23.63
2022-11-23 06:40:00,2.479,4.7824,0.7252,0.9836,120,103.3229,35.4113,120,71.7879,72.4204,71.2302,0.3535,120,27.0327,27.3534,26.9079,0.1157,120,1006.6219,1006.8056,1006.4028,0.0636,120,165.9153,177.3441,155.4764,6.0593,120,438.9463,530.1357,172.9256,104.4666,120,596.892,745.9974,45.7332,217.4164,120,120,0,335.4874,412.6103,140.9955,77.7323,120,64.1,65.21,62.92,0.69,120,3.4437,3.4468,3.44,0.0011,0.5703,0.5735,0.5691,0.0012,0.7179,0.7242,0.7123,0.0035,-0.0037,-0.0003,-0.0046,0.0013,0.0021,0.0023,0.002,0.0001,0.0037,0.0044,0.0014,0.0009,0.3355,0.4126,0.141,0.0777,246.6333,497,56,106.9128,0,0,0,0,312.1833,997,69,130.2131,34,46.8167,47,41,23.65,23.68,23.63
2022-11-23 06:50:00,1.797,4.0648,0.4308,0.7812,120,96.5884,53.1592,120,71.2625,72.3289,70.5893,0.4873,120,27.398,27.5396,27.3015,0.0773,120,1006.6546,1006.8239,1006.5859,0.0812,120,235.4811,277.7906,166.5299,36.1824,120,342.747,657.6315,182.4514,164.0015,120,215.7426,767.1431,18.6868,272.7517,120,120,0,283.3822,528.5806,151.3718,131.1175,120,61.76,62.92,60.64,0.69,120,3.4442,3.4471,3.4431,0.0014,0.574,0.5754,0.573,0.0008,0.7126,0.7233,0.7059,0.0049,-0.0013,-0.0001,-0.0048,0.0017,0.003,0.0035,0.0021,0.0005,0.0029,0.0055,0.0015,0.0014,0.2834,0.5286,0.1514,0.1311,172.5,419,24,84.9114,0,0,0,0,325.825,1014,29,191.0063,34,46.8,49,41,23.65,23.68,23.63
2022-11-23 07:00:00,2.407,5.6288,0.5228,1.0581,120,82.1038,31.483,120,70.7745,72.0237,70.1315,0.4315,120,27.4348,27.5701,27.2771,0.1165,120,1006.8014,1007.0071,1006.5859,0.0945,120,224.1789,246.5512,196.0874,16.5898,120,400.1295,685.4754,201.8691,170.4966,120,334.8749,786.3213,16.2278,300.0422,120,120,0,327.5246,555.4369,167.8518,136.6726,120,59.42,60.64,58.36,0.68,120,3.4467,3.4501,3.4431,0.0016,0.5744,0.5757,0.5728,0.0012,0.7077,0.7202,0.7013,0.0043,-0.0021,-0.0001,-0.0049,0.0019,0.0028,0.0031,0.0025,0.0002,0.0033,0.0057,0.0017,0.0014,0.3275,0.5554,0.1679,0.1367,238.8083,589,34,115.0109,0,0,0,0,243.4583,733,19,104.1807,34.8,46.6833,47,41,23.65,23.68,23.63
2022-11-23 07:10:00,1.9889,4.2028,0.3388,0.9168,120,98.1403,48.0493,120,70.7717,71.688,70.0095,0.4687,120,27.4595,27.6281,27.2802,0.1205,120,1006.8685,1007.0071,1006.7873,0.0913,120,188.9484,244.148,148.5071,30.3569,120,349.992,675.5834,153.509,209.5887,120,287.9407,796.1569,14.2604,329.9124,120,120,0,283.2448,553.3006,122.3792,169.6803,120,57.08,58.36,55.83,0.68,120,3.4478,3.4501,3.4465,0.0015,0.5746,0.5763,0.5728,0.0012,0.7077,0.7169,0.7001,0.0047,-0.0018,-0.0001,-0.0049,0.002,0.0024,0.0031,0.0019,0.0004,0.0029,0.0056,0.0013,0.0017,0.2832,0.5533,0.1224,0.1697,193.3583,434,14,99.6484,0,0,0,0,299.1917,993,11,156.3715,35,46.8167,49,41,23.66,23.68,23.63
2022-11-23 07:20:00,2.1488,3.9728,0.5228,0.7866,120,85.4151,49.6721,120,70.5611,71.0471,70.1315,0.2349,120,27.5174,27.6342,27.4084,0.0791,120,1006.9857,1007.2085,1006.8056,0.0709,120,262.2309,300.1386,185.9945,26.5372,120,622.9794,790.2569,197.1068,172.3367,120,591.5277,802.5491,25.079,269.491,120,120,0,529.8318,678.1213,163.274,145.9585,120,54.75,55.83,53.55,0.68,120,3.4498,3.4535,3.4468,0.0012,0.5752,0.5763,0.5741,0.0008,0.7056,0.7105,0.7013,0.0023,-0.0037,-0.0002,-0.005,0.0017,0.0033,0.0038,0.0024,0.0003,0.0052,0.0066,0.0016,0.0014,0.5298,0.6781,0.1633,0.146,210.7417,409,34,85.503,0,0,0,0,291.325,1021,25,187.2914,35,46.85,47,41,23.66,23.68,23.63
2022-11-23 07:30:00,2.2166,5.0308,0.4308,1.0136,120,83.6396,42.974,120,70.1356,71.1997,69.1549,0.5584,120,27.8121,27.9394,27.6281,0.1053,120,1007.0222,1007.2085,1006.9887,0.0419,120,250.7964,295.5732,227.8071,20.8522,120,445.5013,802.7143,238.5054,229.0905,120,305.181,826.6452,14.2604,345.7737,120,120,0,383.2133,699.4842,204.474,194.2128,120,52.42,53.55,51.29,0.68,120,3.4504,3.4535,3.4498,0.0007,0.5781,0.5794,0.5763,0.001,0.7014,0.712,0.6915,0.0056,-0.0019,-0.0001,-0.0051,0.0021,0.0032,0.0038,0.0029,0.0003,0.0037,0.0067,0.002,0.0019,0.3832,0.6995,0.2045,0.1942,218.1083,524,24,110.1778,0,0,0,0,290.8583,1012,31,186.9523,35.1,46.9333,47,45,23.66,23.68,23.63
2022-11-23 07:40:00,2.0744,4.1108,0.7068,0.9127,120,92.7182,37.9221,120,70.1862,70.864,69.4906,0.3121,120,27.7887,28.0157,27.5854,0.1573,120,1007.0228,1007.0986,1006.8239,0.0211,120,246.7513,289.3252,188.6378,30.648,120,493.8772,828.7263,195.6411,269.4604,120,372.0602,830.5801,14.2604,370.4352,120,120,0,425.4306,714.4383,168.4622,230.7808,120,50.1,51.29,49.02,0.68,120,3.4504,3.4516,3.4471,0.0004,0.5779,0.5802,0.5758,0.0016,0.7019,0.7086,0.6949,0.0031,-0.0023,-0.0001,-0.0052,0.0023,0.0031,0.0037,0.0024,0.0004,0.0041,0.0069,0.0016,0.0022,0.4254,0.7144,0.1685,0.2308,202.65,424,54,99.2117,0,0,0,0,282.1083,984,36,137.9387,36,46.9,49,41,23.66,23.68,23.63
2022-11-23 07:50:00,1.9695,3.1632,0.2744,0.6318,120,83.6216,44.0783,120,69.6443,70.101,69.0939,0.2702,120,27.7534,27.9852,27.5793,0.1117,120,1007.1316,1007.2451,1007.0071,0.0929,120,302.1713,360.2142,268.4189,29.7429,120,373.3174,930.9424,275.509,146.4033,120,104.4207,805.991,13.7689,174.1003,120,120,0,338.7046,826.7464,246.8947,133.0589,120,47.78,49.02,46.51,0.67,120,3.4522,3.4541,3.4501,0.0015,0.5775,0.5798,0.5758,0.0011,0.6964,0.701,0.6909,0.0027,-0.0006,-0.0001,-0.005,0.0011,0.0038,0.0046,0.0034,0.0004,0.0031,0.0078,0.0023,0.0012,0.3387,0.8267,0.2469,0.1331,191.25,321,7,68.6726,0,0,0,0,278.0167,971,11,164.9385,36,46.7167,47,41,23.66,23.68,23.63
2022-11-23 08:00:00,2.6385,5.5276,0.5044,1.0571,120,96.8689,31.4091,120,70.539,71.5354,69.1855,0.6599,120,27.825,28.15,27.5426,0.23,120,1007.1146,1007.2451,1007.0071,0.0978,120,257.1404,316.7197,214.1102,26.8797,120,827.3123,909.6939,360.5066,135.7297,120,767.032,878.2807,133.2662,181.9229,120,120,0,720.1376,798.059,310.0681,119.9359,120,45.46,46.51,44.27,0.67,120,3.4519,3.4541,3.4501,0.0016,0.5783,0.5815,0.5754,0.0023,0.7054,0.7154,0.6919,0.0066,-0.0048,-0.0008,-0.0055,0.0011,0.0033,0.004,0.0027,0.0003,0.0069,0.0076,0.003,0.0011,0.7201,0.7981,0.3101,0.1199,263.9667,578,32,114.8987,0,0,0,0,287.35,844,62,103.7517,36,46.8333,49,41,23.67,23.68,23.63
2022-11-23 08:10:00,2.9991,5.4632,1.1852,0.9705,120,94.57,28.2428,120,69.5235,70.0095,69.0024,0.2436,120,27.7608,28.0218,27.6464,0.1096,120,1007.2341,1007.4099,1007.0254,0.0644,120,261.6361,316.2394,206.4205,34.8422,120,489.7769,974.1741,231.545,257.6194,120,297.5998,884.6729,15.2449,340.7172,120,120,0,426.8064,849.9405,192.877,231.2851,120,43.16,44.27,42.03,0.67,120,3.4539,3.4568,3.4504,0.0011,0.5776,0.5802,0.5765,0.0011,0.6952,0.7001,0.69,0.0024,-0.0018,-0.0001,-0.0055,0.0021,0.0033,0.004,0.0026,0.0004,0.0041,0.0081,0.0019,0.0021,0.4268,0.8499,0.1929,0.2313,303.1583,571,106,105.4845,0,0,0,0,269.4667,549,16,82.3122,36.4,46.5167,47,41,23.67,23.68,23.63
2022-11-23 08:20:00,2.7561,5.224,0.6792,1.1261,120,91.5318,34.6463,120,69.526,70.1315,69.1244,0.2684,120,27.7208,27.9089,27.6495,0.0584,120,1007.2729,1007.4282,1007.0437,0.0835,120,261.2357,288.6039,240.5433,13.8132,120,818.1593,1007.1477,254.2593,265.6259,120,694.1575,908.7689,16.2278,330.9544,120,120,0,715.3081,889.3094,210.2725,236.581,120,40.88,42.03,39.8,0.67,120,3.4545,3.4571,3.4507,0.0014,0.5772,0.5791,0.5765,0.0006,0.6953,0.7013,0.6912,0.0027,-0.0043,-0.0001,-0.0056,0.0021,0.0033,0.0037,0.0031,0.0002,0.0068,0.0084,0.0021,0.0022,0.7153,0.8893,0.2103,0.2366,276.75,545,51,122.3988,0,0,0,0,271.625,910,25,119.0634,37,46.3667,49,41,23.67,23.68,23.63
2022-11-23 08:30:00,3.0796,5.8772,1.0564,1.0379,120,123.3074,34.3951,120,68.4688,69.216,67.5069,0.5797,120,28.0842,28.2507,27.8997,0.1152,120,1007.3173,1007.4099,1007.2085,0.0887,120,301.5686,331.6181,267.9378,13.7202,120,762.2453,1082.6194,326.4346,295.2617,120,559.3749,907.2929,18.1953,358.5185,120,120,0,677.455,971.7093,287.4844,265.393,120,38.6,39.8,37.59,0.66,120,3.4553,3.4568,3.4535,0.0015,0.5808,0.5825,0.579,0.0011,0.6847,0.6922,0.6751,0.0058,-0.0035,-0.0001,-0.0056,0.0022,0.0038,0.0042,0.0034,0.0002,0.0063,0.009,0.0027,0.0025,0.6775,0.9717,0.2875,0.2654,311.9083,616,92,112.815,0,0,0,0,354.4083,890,57,105.1125,37,46.5333,49,41,23.67,23.68,23.63
2022-11-23 08:40:00,2.6337,5.2148,0.8356,1.107,120,119.2309,42.8511,120,67.9133,69.3686,66.9271,0.6643,120,28.3625,28.504,28.0706,0.1388,120,1007.2652,1007.4282,1007.0437,0.0663,120,292.8836,338.3472,248.4732,24.8807,120,885.8306,1087.0156,272.5786,244.7732,120,698.5137,920.5704,22.1286,284.138,120,120,0,790.32,972.6249,237.7392,221.5713,120,36.34,37.35,35.15,0.65,120,3.4544,3.4571,3.4507,0.0011,0.5836,0.585,0.5807,0.0014,0.6791,0.6937,0.6693,0.0066,-0.0043,-0.0001,-0.0057,0.0018,0.0037,0.0043,0.0032,0.0003,0.0074,0.0091,0.0023,0.002,0.7903,0.9726,0.2377,0.2216,263.45,544,68,120.3247,0,0,0,0,339.8,601,85,120.3701,37,46.35,49,39,23.68,23.68,23.63
2022-11-23 08:50:00,2.5644,6.5304,0.5872,1.3494,120,99.2887,56.5479,120,67.1936,67.9342,66.1946,0.4507,120,28.3673,28.4918,28.2598,0.0662,120,1007.1882,1007.4282,1007.0437,0.0918,120,239.4802,288.8441,188.1575,27.945,120,846.507,1084.0852,241.0708,296.1748,120,690.0064,926.9642,21.1457,341.6651,120,120,0,760.8544,979.0338,206.6103,268.3139,120,34.1,35.15,32.98,0.65,120,3.4531,3.4571,3.4507,0.0015,0.5837,0.5849,0.5826,0.0007,0.6719,0.6793,0.6619,0.0045,-0.0043,-0.0001,-0.0058,0.0021,0.003,0.0037,0.0024,0.0004,0.0071,0.009,0.002,0.0025,0.7609,0.979,0.2066,0.2683,255.9083,687,41,146.6694,0,0,0,0,347.2333,1020,24,206.2747,37.6,46.75,47,41,23.68,23.68,23.63
2022-11-23 09:00:00,2.2936,5.1504,0.4308,0.9855,120,126.601,43.4435,120,66.9167,68.3004,65.981,0.5254,120,28.6,28.6657,28.3972,0.0638,120,1007.0812,1007.2634,1006.8789,0.063,120,201.9128,256.8843,163.6465,27.4581,120,816.8555,1075.6579,176.2233,326.0188,120,685.4657,941.2246,16.2278,357.2849,120,120,0,728.1691,965.3004,145.8785,295.9356,120,31.89,32.98,30.84,0.64,120,3.4514,3.4544,3.448,0.001,0.586,0.5867,0.584,0.0006,0.6692,0.683,0.6598,0.0053,-0.0043,-0.0001,-0.0058,0.0022,0.0026,0.0033,0.0021,0.0003,0.0068,0.009,0.0015,0.0027,0.7282,0.9653,0.1459,0.2959,226.475,537,24,107.1212,0,0,0,0,371.5,989,34,140.961,38,46.8,49,41,23.68,23.68,23.63
2022-11-23 09:10:00,2.5761,5.9692,0.762,0.9673,120,118.9985,47.6641,120,65.8851,66.744,64.5772,0.473,120,28.653,28.8031,28.5681,0.0701,120,1007.0753,1007.2817,1006.8606,0.045,120,178.4552,245.3496,132.6472,31.7578,120,924.4152,1076.3914,221.6531,231.6646,120,813.3639,926.9642,18.6868,269.1205,120,120,0,826.632,957.3656,187.994,209.2713,120,29.71,30.84,28.73,0.63,120,3.4513,3.4547,3.4477,0.0008,0.5865,0.588,0.5857,0.0007,0.6589,0.6674,0.6458,0.0047,-0.005,-0.0001,-0.0058,0.0017,0.0023,0.0031,0.0017,0.0004,0.0077,0.009,0.0018,0.0019,0.8266,0.9574,0.188,0.2093,257.1833,626,60,105.136,0,0,0,0,347.975,978,42,144.8554,38,46.6333,49,41,23.68,23.68,23.68
2022-11-23 09:20:00,2.9156,5.6748,0.8632,1.1158,120,92.0477,31.5504,120,64.8231,65.4317,64.0584,0.2884,120,28.5571,28.7054,28.4735,0.0575,120,1007.055,1007.2634,1006.8606,0.0779,120,170.1647,195.126,135.2906,20.8945,120,1017.4302,1069.0636,471.8824,97.2807,120,904.2161,944.175,235.0596,105.6838,120,120,0,915.2043,967.7419,332.6518,88.8509,120,27.56,28.73,26.43,0.62,120,3.4509,3.4544,3.4477,0.0013,0.5856,0.587,0.5847,0.0006,0.6482,0.6543,0.6406,0.0029,-0.0056,-0.0015,-0.0059,0.0007,0.0022,0.0025,0.0017,0.0003,0.0085,0.0089,0.0039,0.0008,0.9152,0.9677,0.3327,0.0889,294.0917,594,71,121.2821,0,0,0,0,260.8667,480,4,90.7914,38,46.95,47,45,23.68,23.68,23.63
2022-11-23 09:30:00,2.8646,7.5424,0.3112,1.1871,120,100.0141,45.2961,120,64.7786,65.6148,63.9058,0.4011,120,28.3812,28.5345,28.2415,0.0823,120,1007.0705,1007.2817,1006.8789,0.0646,120,161.3736,206.4205,138.415,17.195,120,961.3147,1076.3914,179.521,210.0495,120,837.5583,947.6184,22.6217,226.9705,120,120,0,861.5045,957.6708,151.0666,193.8156,120,25.47,26.43,24.41,0.6,120,3.4512,3.4547,3.448,0.0011,0.5838,0.5854,0.5824,0.0008,0.6478,0.6561,0.6391,0.004,-0.0052,-0.0001,-0.0059,0.0014,0.002,0.0026,0.0018,0.0002,0.008,0.009,0.0015,0.0018,0.8615,0.9577,0.1511,0.1938,288.5417,797,11,129.0351,0,0,0,0,301.6333,746,100,136.1652,38.9,46.9833,49,45,23.68,23.68,23.63
2022-11-23 09:40:00,2.9114,5.3896,0.6148,1.1293,120,125.3913,39.1655,120,64.2659,65.2486,63.2038,0.4724,120,28.7133,28.797,28.5345,0.0682,120,1007.092,1007.2817,1006.8789,0.0751,120,148.6075,180.7079,123.9968,19.1288,120,1062.1089,1090.6795,1040.4874,13.6924,120,941.057,951.0603,932.865,4.5606,120,120,0,950.4735,974.456,932.6457,10.9428,120,23.43,24.41,22.47,0.59,120,3.4515,3.4547,3.448,0.0013,0.5871,0.588,0.5854,0.0007,0.6427,0.6525,0.632,0.0047,-0.0058,-0.0058,-0.0059,0,0.0019,0.0023,0.0016,0.0002,0.0088,0.0091,0.0087,0.0001,0.9505,0.9745,0.9326,0.0109,293.6333,563,44,122.7458,0,0,0,0,369.4167,1000,96,131.8512,39,46.9333,49,41,23.68,23.68,23.68
2022-11-23 09:50:00,2.7693,5.2424,0.4216,1.0272,120,148.5626,43.811,120,63.5693,64.2109,63.0818,0.29,120,28.7771,28.9038,28.6932,0.0738,120,1006.9836,1007.1169,1006.8789,0.0967,120,144.4122,230.2102,109.3378,34.2379,120,944.3824,1113.395,209.563,268.5814,120,812.9499,950.0773,20.6542,291.6551,120,120,0,847.8983,1015.656,178.2281,247.2447,120,21.48,22.47,20.6,0.56,120,3.4497,3.4519,3.448,0.0016,0.5878,0.589,0.5869,0.0007,0.6357,0.6421,0.6308,0.0029,-0.005,-0.0001,-0.0059,0.0018,0.0018,0.0029,0.0014,0.0004,0.0079,0.0093,0.0017,0.0022,0.8479,1.0157,0.1782,0.2472,278.1833,547,23,111.6482,0,0,0,0,418.7,901,52,130.8387,39,46.8833,49,45,23.68,23.68,23.63
2022-11-23 10:00:00,2.2632,4.7456,0.5596,0.963,120,114.9678,51.9901,120,63.2165,64.5161,62.1967,0.7445,120,29.2016,29.3402,28.9099,0.1052,120,1006.832,1006.9155,1006.6958,0.0896,120,144.9509,244.6283,108.6173,34.2986,120,930.5305,1133.1777,202.6014,282.7343,120,785.4238,958.9285,16.7193,307.4158,120,120,0,835.7392,1032.4412,172.4296,258.3324,120,19.63,20.6,18.67,0.52,120,3.4472,3.4486,3.4449,0.0015,0.592,0.5934,0.5891,0.001,0.6322,0.6452,0.622,0.0074,-0.0049,-0.0001,-0.006,0.0019,0.0018,0.0031,0.0014,0.0004,0.0078,0.0094,0.0017,0.0024,0.8357,1.0324,0.1724,0.2583,223.175,493,38,104.6724,0,0,0,0,341.2417,870,53,151.6956,39,46.6,49,41,23.68,23.68,23.63
2022-11-23 10:10:00,2.9062,6.65,0.4492,1.404,120,132.0344,41.8947,120,62.5474,63.3259,61.8305,0.3329,120,29.0825,29.2517,28.8977,0.1294,120,1006.8868,1007.0986,1006.6958,0.0902,120,174.0416,242.9465,137.2134,25.929,120,1100.4188,1180.4394,408.8679,93.3089,120,919.723,955.9781,176.5404,96.6817,120,120,0,997.1694,1070.8945,367.4428,81.1157,120,17.91,18.67,17.08,0.48,120,3.4481,3.4516,3.4449,0.0015,0.5908,0.5925,0.589,0.0013,0.6255,0.6333,0.6183,0.0033,-0.0057,-0.0011,-0.0059,0.0006,0.0022,0.0031,0.0017,0.0003,0.0092,0.0098,0.0034,0.0008,0.9972,1.0709,0.3674,0.0811,293.0667,700,26,152.6055,0,0,0,0,375.225,717,147,119.7768,39.5,46.85,47,41,23.68,23.68,23.68
2022-11-23 10:20:00,2.9264,4.902,0.6608,0.864,120,116.0053,36.631,120,62.7692,64.0278,61.9221,0.6247,120,28.752,29.0442,28.4948,0.2136,120,1006.8992,1007.1169,1006.6958,0.0749,120,204.406,253.0394,172.2976,21.5649,120,845.0293,1197.6591,211.395,422.9306,120,630.4791,951.0603,14.7535,426.6509,120,120,0,762.7288,1087.0693,180.9748,388.997,120,16.38,17.08,15.69,0.42,120,3.4483,3.4519,3.4449,0.0012,0.5875,0.5904,0.5849,0.0021,0.6277,0.6403,0.6192,0.0062,-0.0039,-0.0001,-0.0059,0.0026,0.0026,0.0032,0.0022,0.0003,0.007,0.01,0.0018,0.0035,0.7627,1.0871,0.181,0.389,295.2583,510,49,93.9106,0,0,0,0,336.8917,748,156,108.5794,40,46.8333,47,41,23.68,23.68,23.68
2022-11-23 10:30:00,2.3698,4.764,0.486,1.0356,120,137.5768,52.7825,120,63.6087,64.6992,62.8681,0.4827,120,29.1,29.6301,28.5925,0.2518,120,1006.904,1007.1169,1006.6958,0.1051,120,191.6979,239.8228,176.1425,13.0946,120,1135.8802,1171.6471,659.0972,83.6099,120,920.9236,950.5688,464.7116,91.2643,120,120,0,1030.7296,1066.3167,663.1672,72.3368,120,15.08,15.69,14.55,0.34,120,3.4484,3.4519,3.4449,0.0018,0.591,0.5963,0.5859,0.0025,0.6361,0.647,0.6287,0.0048,-0.0057,-0.0029,-0.0059,0.0006,0.0024,0.003,0.0022,0.0002,0.0095,0.0098,0.0055,0.0007,1.0307,1.0663,0.6632,0.0723,234.7583,495,30,112.5607,0,0,0,0,387.1333,802,19,152.2131,40,46.9333,47,43,23.68,23.68,23.68
2022-11-23 10:40:00,2.8002,5.5552,0.9184,0.9788,120,130.5689,38.7773,120,62.0263,62.9902,61.1286,0.4807,120,29.4519,29.7064,29.2608,0.1625,120,1006.896,1007.1169,1006.6958,0.0802,120,152.7448,229.9701,130.0039,18.7469,120,1130.1588,1211.581,1050.012,19.1007,120,945.9049,954.5021,776.9771,21.1802,120,120,0,1021.9377,1084.3226,922.2694,18.3423,120,14.08,14.55,13.73,0.24,120,3.4483,3.4519,3.4449,0.0013,0.5945,0.5971,0.5926,0.0016,0.6203,0.6299,0.6113,0.0048,-0.0059,-0.0048,-0.0059,0.0001,0.0019,0.0029,0.0017,0.0002,0.0094,0.0101,0.0087,0.0002,1.0219,1.0843,0.9223,0.0183,281.5417,581,77,106.3952,0,0,0,0,368.8167,647,18,111.2665,40,46.9,49,41,23.68,23.68,23.68
2022-11-23 10:50:00,2.8075,6.0612,0.5044,1.1669,120,125.835,42.5059,120,61.9683,62.5324,60.9455,0.3627,120,29.3683,29.4867,29.1601,0.1013,120,1006.7997,1007.1169,1006.7141,0.0978,120,163.0377,241.7449,135.7717,25.018,120,1102.6872,1162.4874,516.5798,120.4719,120,910.7811,955.4866,290.137,128.7396,120,120,0,1002.0244,1058.3819,431.8369,113.0008,120,13.45,13.66,13.26,0.13,120,3.4467,3.4519,3.4452,0.0016,0.5937,0.5949,0.5916,0.001,0.6197,0.6253,0.6095,0.0036,-0.0057,-0.0018,-0.0059,0.0008,0.0021,0.0031,0.0017,0.0003,0.0092,0.0097,0.0043,0.001,1.002,1.0584,0.4318,0.113,282.3417,636,32,126.8421,0,0,0,0,360.7,848,5,126.5799,40,46.8833,49,41,23.68,23.68,23.68
2022-11-23 11:00:00,2.4027,5.4632,0.256,1.2085,120,110.6544,52.5666,120,62.1075,62.8376,61.1591,0.3885,120,29.1561,29.5264,28.9801,0.1657,120,1006.5976,1006.769,1006.3295,0.1059,120,167.7577,255.9228,109.8189,36.9876,120,934.179,1192.5294,215.7911,327.054,120,741.3048,969.747,20.6542,340.1112,120,120,0,844.0402,1125.2174,178.8385,302.7272,120,13.23,13.27,13.21,0.02,120,3.4433,3.4462,3.4388,0.0018,0.5916,0.5953,0.5898,0.0017,0.6211,0.6284,0.6116,0.0039,-0.0046,-0.0001,-0.006,0.0021,0.0021,0.0032,0.0014,0.0005,0.0078,0.0099,0.0018,0.0027,0.844,1.1252,0.1788,0.3027,238.3333,571,5,131.3599,0,0,0,0,353.9667,987,10,177.5593,40,46.7,49,41,23.68,23.68,23.63
2022-11-23 11:10:00,2.7724,5.7944,0.4584,1.0739,120,114.3919,40.2515,120,61.4401,62.1967,60.6098,0.4045,120,29.4188,29.621,29.2303,0.1283,120,1006.453,1006.7507,1006.3295,0.1087,120,126.74,165.5693,102.1291,21.4917,120,1109.4223,1158.4574,1030.5954,28.3431,120,949.5071,957.9455,900.9007,6.7682,120,120,0,1005.5238,1049.8367,942.7168,25.987,120,13.45,13.69,13.27,0.13,120,3.4409,3.4458,3.4388,0.0018,0.5942,0.5962,0.5923,0.0013,0.6144,0.622,0.6061,0.004,-0.0059,-0.0056,-0.0059,0,0.0016,0.0021,0.0013,0.0003,0.0092,0.0097,0.0086,0.0002,1.0055,1.0498,0.9427,0.026,278.5167,607,27,116.7241,0,0,0,0,336.1833,1021,81,130.1344,40.4,46.9167,49,41,23.68,23.68,23.68
2022-11-23 11:20:00,3.0472,6.3648,0.8816,1.0912,120,109.1519,35.2932,120,61.6278,62.1967,60.9149,0.3252,120,29.1954,29.2517,29.1388,0.0338,120,1006.4476,1006.5493,1006.3295,0.0976,120,154.4008,215.0717,109.578,33.3132,120,1091.1588,1182.2713,387.9844,123.4264,120,912.8998,964.3377,203.5885,126.0497,120,120,0,995.6893,1087.9849,390.6369,109.682,120,14.09,14.49,13.69,0.24,120,3.4408,3.4425,3.4388,0.0016,0.5919,0.5925,0.5914,0.0003,0.6163,0.622,0.6091,0.0033,-0.0057,-0.0013,-0.006,0.0008,0.002,0.0027,0.0014,0.0004,0.0091,0.0098,0.0032,0.001,0.9957,1.088,0.3906,0.1097,308.3917,669,73,118.6074,0,0,0,0,312.7083,661,60,102.1611,41,46.9667,49,41,23.68,23.68,23.68
2022-11-23 11:30:00,2.9045,5.9324,0.8448,1.2298,120,98.8182,48.02,120,62.038,63.0512,60.4266,0.6397,120,29.0916,29.3707,28.9251,0.1373,120,1006.3387,1006.531,1006.1464,0.062,120,169.2696,238.8614,113.4228,35.8124,120,979.0653,1188.4994,238.1393,290.1797,120,789.5012,961.3874,37.3735,303.6745,120,120,0,886.8323,1079.1345,203.5585,267.9514,120,15.1,15.76,14.49,0.34,120,3.439,3.4422,3.4358,0.001,0.5909,0.5937,0.5893,0.0014,0.6204,0.6305,0.6043,0.0064,-0.0049,-0.0002,-0.006,0.0019,0.0022,0.003,0.0014,0.0005,0.0082,0.0099,0.002,0.0024,0.8868,1.0791,0.2036,0.268,292.8833,622,69,133.6782,0,0,0,0,297.3333,833,10,146.9883,41,46.9333,49,45,23.68,23.68,23.68
2022-11-23 11:40:00,2.821,5.4448,0.3572,1.1241,120,106.46,40.7415,120,61.8656,62.5935,60.7013,0.4677,120,29.4322,29.5813,29.2914,0.1003,120,1006.2067,1006.531,1005.9816,0.1036,120,145.5877,158.3598,134.089,5.0518,120,1113.7943,1124.0192,1070.8956,8.261,120,950.7652,959.4199,910.7364,5.8027,120,120,0,1015.2338,1027.8634,996.7345,7.4526,120,16.4,17.16,15.76,0.42,120,3.4368,3.4422,3.433,0.0017,0.5943,0.5958,0.5929,0.001,0.6187,0.6259,0.607,0.0047,-0.0059,-0.0057,-0.006,0,0.0018,0.002,0.0017,0.0001,0.0093,0.0094,0.0089,0.0001,1.0152,1.0279,0.9967,0.0075,283.8083,569,16,122.1823,0,0,0,0,318.4167,905,68,131.2894,41,46.7833,47,41,23.68,23.68,23.63
2022-11-23 11:50:00,3.3398,5.6012,1.2128,0.9408,120,116.1977,35.1743,120,62.1103,62.7766,61.4948,0.2929,120,29.1974,29.3616,29.0106,0.1253,120,1006.0733,1006.3478,1005.7985,0.1043,120,181.0044,208.1024,158.1197,13.0969,120,1125.2219,1170.5474,704.527,56.9875,120,936.2009,953.0277,528.64,51.0126,120,120,0,1029.8496,1071.5049,618.305,49.2568,120,17.94,18.75,17.16,0.48,120,3.4346,3.4391,3.43,0.0017,0.592,0.5936,0.5901,0.0013,0.6211,0.6278,0.6149,0.0029,-0.0058,-0.0033,-0.0059,0.0003,0.0023,0.0026,0.002,0.0002,0.0094,0.0098,0.0059,0.0005,1.0298,1.0715,0.6183,0.0493,340.2,586,109,102.2636,0,0,0,0,337.2833,974,126,111.9309,41,46.7,47,41,23.68,23.68,23.68
2022-11-23 12:00:00,3.1029,5.4448,0.2284,1.1192,120,123.3296,39.3873,120,62.9976,64.4246,62.3798,0.5,120,28.9806,29.151,28.9312,0.0448,120,1006.0234,1006.1831,1005.9633,0.0733,120,160.4224,186.2346,123.5157,18.8359,120,1091.4611,1126.9496,777.4346,43.9784,120,934.3567,950.5688,656.9884,37.4937,120,120,0,995.7554,1029.0841,803.8575,34.4231,120,19.65,20.49,18.75,0.52,120,3.4337,3.4364,3.4327,0.0012,0.5898,0.5915,0.5893,0.0004,0.63,0.6442,0.6238,0.005,-0.0058,-0.0041,-0.0059,0.0002,0.002,0.0024,0.0016,0.0002,0.0091,0.0094,0.0065,0.0004,0.9958,1.0291,0.8039,0.0344,314.45,569,2,121.6507,0,0,0,0,354.0583,966,17,122.9158,41,46.65,47,41,23.68,23.68,23.68
2022-11-23 12:10:00,3.2118,5.5828,1.0196,1.0801,120,128.6481,33.1905,120,63.4266,64.4246,62.3493,0.6065,120,29.028,29.2273,28.8519,0.1163,120,1005.933,1006.1831,1005.6154,0.1065,120,168.1382,227.0866,132.6472,31.9986,120,954.2042,1145.2689,214.3253,253.0244,120,799.8446,945.1595,21.6371,276.5582,120,120,0,870.159,1047.0901,184.0266,233.771,120,21.51,22.56,20.49,0.55,120,3.4322,3.4364,3.4269,0.0018,0.5903,0.5923,0.5885,0.0012,0.6343,0.6442,0.6235,0.0061,-0.005,-0.0001,-0.0059,0.0017,0.0021,0.0029,0.0017,0.0004,0.0079,0.0095,0.0018,0.0021,0.8702,1.0471,0.184,0.2338,326.2833,584,88,117.406,0,0,0,0,366.125,674,60,96.7053,41,46.85,47,41,23.68,23.68,23.68
2022-11-23 12:20:00,3.274,5.9232,0.7528,1.0822,120,115.241,40.2689,120,63.0858,63.9973,61.8915,0.5812,120,29.0043,29.1571,28.7817,0.1105,120,1005.8199,1005.9999,1005.5971,0.0956,120,141.7528,170.615,128.5622,9.5212,120,1030.537,1084.4514,330.4646,103.9075,120,914.9815,952.0432,153.4289,113.623,120,120,0,938.4671,988.7997,255.1347,95.2595,120,23.46,24.51,22.56,0.58,120,3.4303,3.4333,3.4266,0.0016,0.59,0.5916,0.5878,0.0011,0.6309,0.64,0.6189,0.0058,-0.0057,-0.001,-0.0059,0.0007,0.0018,0.0022,0.0016,0.0001,0.0086,0.009,0.0028,0.0009,0.9385,0.9888,0.2551,0.0953,333.0417,621,59,117.632,0,0,0,0,339.7583,966,73,129.9853,41,46.7667,49,39,23.68,23.68,23.68
2022-11-23 12:30:00,2.8751,5.0124,0.762,0.9595,120,109.4192,38.3357,120,62.6621,63.3564,62.1357,0.288,120,28.9016,28.977,28.7634,0.0626,120,1005.6566,1005.7985,1005.5971,0.0814,120,162.1807,220.8386,123.7559,29.1859,120,887.4578,1113.7611,262.6867,274.8512,120,757.7624,972.6974,51.1424,314.7097,120,120,0,802.3774,1015.3508,227.9733,261.8951,120,25.5,26.53,24.51,0.61,120,3.4276,3.43,3.4266,0.0014,0.589,0.5898,0.5876,0.0006,0.6266,0.6336,0.6214,0.0029,-0.0047,-0.0003,-0.006,0.002,0.0021,0.0028,0.0016,0.0004,0.0074,0.0093,0.0022,0.0023,0.8024,1.0154,0.228,0.2619,289.6833,522,60,104.2931,0,0,0,0,321.5667,911,65,120.9497,41,46.9333,49,41,23.68,23.68,23.68
2022-11-23 12:40:00,2.8158,5.1044,0.4676,0.9819,120,122.9572,39.0477,120,62.566,63.2344,61.9221,0.3163,120,29.2679,29.505,28.9831,0.1575,120,1005.5202,1005.6154,1005.2309,0.095,120,133.6847,173.0181,107.1756,17.6721,120,978.2776,1042.6855,296.7587,131.4308,120,902.1672,941.7161,126.3825,145.27,120,120,0,890.5759,955.2293,255.4399,116.4784,120,27.59,28.6,26.53,0.62,120,3.4253,3.4269,3.4205,0.0016,0.5927,0.595,0.5898,0.0016,0.6257,0.6323,0.6192,0.0032,-0.0056,-0.0008,-0.0058,0.0009,0.0017,0.0022,0.0014,0.0002,0.0081,0.0087,0.0025,0.0011,0.8906,0.9552,0.2554,0.1165,283.2417,532,28,106.7278,0,0,0,0,347.35,638,8,112.2885,41,46.8333,49,41,23.68,23.68,23.68
2022-11-23 12:50:00,3.2424,6.2268,1.1116,1.2275,120,117.2636,38.4886,120,61.9793,62.7766,61.3117,0.3247,120,29.371,29.5203,29.1876,0.0778,120,1005.4271,1005.6154,1005.2309,0.0934,120,155.2859,201.374,110.0591,29.9965,120,1010.1486,1058.4394,967.946,28.6173,120,931.2833,945.651,901.3922,9.4686,120,120,0,921.013,970.4886,880.1538,28.8368,120,29.73,30.7,28.6,0.63,120,3.4238,3.4269,3.4205,0.0016,0.5937,0.5952,0.5919,0.0008,0.6198,0.6278,0.6131,0.0032,-0.0058,-0.0056,-0.0059,0.0001,0.002,0.0026,0.0014,0.0004,0.0084,0.0088,0.0081,0.0002,0.921,0.9705,0.8802,0.0288,329.6083,654,98,133.4261,0,0,0,0,333.3,547,125,108.389,41,46.9,49,41,23.68,23.68,23.68
2022-11-23 13:00:00,2.8577,4.9572,0.578,1.0792,120,132.601,34.7692,120,62.6278,63.509,61.8915,0.4904,120,29.1055,29.4592,28.9404,0.1213,120,1005.4067,1005.5971,1005.2309,0.0711,120,123.5579,180.7079,103.3307,21.3281,120,943.9977,1017.0396,227.8812,91.4737,120,913.2235,938.2743,83.1067,104.0281,120,120,0,853.8443,928.6782,174.2607,87.4215,120,31.92,33.09,30.94,0.64,120,3.4234,3.4266,3.4205,0.0012,0.5911,0.5946,0.5894,0.0012,0.6263,0.6351,0.6189,0.0049,-0.0057,-0.0005,-0.0058,0.0006,0.0016,0.0023,0.0013,0.0003,0.0079,0.0085,0.0019,0.0008,0.8538,0.9287,0.1743,0.0874,287.7917,516,40,117.3091,0,0,0,0,373.775,696,46,101.8293,41,46.85,47,41,23.68,23.68,23.68
2022-11-23 13:10:00,3.647,5.8588,0.7528,1.0635,120,109.3947,28.2211,120,62.082,63.2038,60.5792,0.8098,120,29.0625,29.5294,28.8061,0.2324,120,1005.3011,1005.4323,1005.0478,0.0927,120,116.0384,161.2433,104.5323,15.9626,120,811.705,948.1621,157.9052,251.8163,120,797.4185,928.9317,18.6868,302.7647,120,120,0,732.5765,866.4205,131.2296,229.3445,120,34.13,35.26,33.09,0.65,120,3.4217,3.4239,3.4175,0.0015,0.5906,0.5953,0.5881,0.0023,0.6208,0.632,0.6058,0.0081,-0.0049,-0.0001,-0.0058,0.0019,0.0015,0.002,0.0013,0.0002,0.0068,0.0079,0.0013,0.0021,0.7326,0.8664,0.1312,0.2293,373.5917,614,59,115.5982,0,0,0,0,311.475,519,129,80.8817,41,46.4833,47,41,23.68,23.68,23.63
2022-11-23 13:20:00,3.0987,5.2792,1.0012,0.9704,120,104.4452,44.2107,120,63.1792,64.333,62.1357,0.6722,120,29.1118,29.3738,28.7878,0.2098,120,1005.1425,1005.2492,1005.0295,0.0973,120,117.4763,132.4071,106.4543,8.108,120,889.1554,905.6639,829.4586,8.8193,120,906.4742,921.5549,823.2034,11.5665,120,120,0,800.8464,817.5909,727.2561,9.1783,120,36.37,37.45,35.26,0.66,120,3.419,3.4208,3.4172,0.0016,0.5911,0.5937,0.5879,0.0021,0.6318,0.6433,0.6214,0.0067,-0.0056,-0.0051,-0.0057,0.0001,0.0015,0.0017,0.0014,0.0001,0.0074,0.0075,0.0069,0.0001,0.8008,0.8176,0.7273,0.0092,313.9917,551,86,105.4767,0,0,0,0,305.4917,670,15,128.5777,41,46.7333,47,41,23.68,23.68,23.68
2022-11-23 13:30:00,3.3248,5.7668,0.4492,1.1558,120,106.4434,33.9476,120,63.0311,63.9973,61.9526,0.6216,120,29.0735,29.2822,28.8549,0.1477,120,1005.1773,1005.4323,1005.0295,0.0945,120,116.449,147.7866,104.0512,12.6236,120,823.8318,898.7023,342.9208,102.9533,120,857.1099,910.7364,248.3371,132.5979,120,120,0,740.5774,814.2338,337.2295,92.1322,120,38.63,39.66,37.45,0.66,120,3.4196,3.4239,3.4172,0.0016,0.5907,0.5928,0.5886,0.0015,0.6303,0.64,0.6195,0.0062,-0.0053,-0.0015,-0.0057,0.0008,0.0015,0.0019,0.0013,0.0002,0.0069,0.0075,0.0029,0.0009,0.7406,0.8142,0.3372,0.0921,338.5667,604,26,125.6282,0,0,0,0,319.025,1013,101,127.7609,41,46.65,49,39,23.68,23.68,23.68
2022-11-23 13:40:00,3.4208,6.2176,0.992,1.1982,120,99.1871,35.1141,120,62.7679,63.448,61.5864,0.4914,120,29.0873,29.209,28.9099,0.0686,120,1005.1132,1005.4323,1004.9013,0.0964,120,120.8685,131.9268,114.6244,3.9453,120,836.4197,875.2545,696.1008,17.7683,120,894.9097,916.6371,727.8021,19.0325,120,120,0,751.2029,787.0724,645.7717,15.5167,120,40.91,42.13,39.66,0.66,120,3.4186,3.4239,3.415,0.0016,0.5909,0.5921,0.5891,0.0007,0.6277,0.6345,0.6159,0.0049,-0.0056,-0.0045,-0.0057,0.0001,0.0015,0.0017,0.0015,0.0001,0.007,0.0073,0.0058,0.0001,0.7512,0.7871,0.6458,0.0155,349,653,85,130.2345,0,0,0,0,301.1083,1001,82,130.5208,41,46.7167,47,41,23.68,23.68,23.68
2022-11-23 13:50:00,2.5806,5.6288,0.3756,1.4217,120,122.3606,44.6361,120,62.933,63.5395,61.8305,0.4,120,29.0229,29.4134,28.8427,0.1867,120,1005.0291,1005.2309,1004.8463,0.0602,120,130.5167,165.8094,100.9276,12.8256,120,632.0592,848.1429,128.9616,271.0892,120,652.1574,900.4093,16.7193,348.4072,120,120,0,561.9297,755.9435,104.3733,247.4685,120,43.2,44.37,42.13,0.67,120,3.4172,3.4205,3.4141,0.001,0.5902,0.5941,0.5884,0.0019,0.6293,0.6354,0.6183,0.004,-0.004,-0.0001,-0.0056,0.0022,0.0017,0.0021,0.0013,0.0002,0.0053,0.0071,0.0011,0.0023,0.5619,0.7559,0.1044,0.2475,257.675,589,18,154.5276,0,0,0,0,358.175,822,45,134.3396,41,46.3833,47,41,23.68,23.68,23.68
2022-11-23 14:00:00,2.7516,4.8744,1.13,0.8793,120,110.5977,31.3384,120,61.3463,61.8,60.7013,0.2459,120,29.2531,29.4531,29.0991,0.1274,120,1004.9535,1005.0661,1004.8463,0.0928,120,93.8324,99.0047,90.1134,2.487,120,739.7777,760.581,610.7371,17.1085,120,870.6782,883.69,682.5604,20.2356,120,120,0,657.1398,678.7317,542.0087,17.7762,120,45.5,46.62,44.37,0.68,120,3.4159,3.4178,3.4141,0.0015,0.5925,0.5945,0.591,0.0013,0.6135,0.618,0.607,0.0025,-0.0054,-0.0042,-0.0055,0.0001,0.0012,0.0013,0.0011,0,0.0062,0.0063,0.0051,0.0001,0.6571,0.6787,0.542,0.0178,276.2583,507,100,95.5754,0,0,0,0,319.0167,705,134,92.4498,41,46.2667,49,41,23.68,23.68,23.68
2022-11-23 14:10:00,2.7825,5.592,0.762,1.1147,120,122.1899,43.6815,120,61.4165,62.5629,60.3961,0.543,120,29.665,29.8468,29.4531,0.1236,120,1004.915,1005.0661,1004.8463,0.085,120,97.0344,103.3307,92.2764,2.6631,120,707.0976,723.5786,688.7731,9.6514,120,857.5197,868.9365,841.3986,6.9563,120,120,0,625.7007,643.025,608.5391,9.8055,120,47.8,48.88,46.62,0.68,120,3.4153,3.4178,3.4141,0.0014,0.5967,0.5985,0.5945,0.0012,0.6142,0.6256,0.604,0.0054,-0.0053,-0.0052,-0.0054,0,0.0012,0.0013,0.0012,0,0.0059,0.006,0.0057,0.0001,0.6257,0.643,0.6085,0.0098,279.6167,585,60,121.1602,0,0,0,0,365.7167,974,186,139.6945,41,46.6167,49,41,23.68,23.68,23.68
2022-11-23 14:20:00,2.7167,5.3988,0.4676,1.1802,120,105.866,43.4795,120,61.1527,62.2883,59.8773,0.5982,120,29.4282,29.6942,29.0869,0.187,120,1004.9509,1005.0661,1004.8463,0.0932,120,101.5422,125.1976,89.1528,9.6272,120,659.5094,706.7251,316.9088,50.6208,120,822.2607,855.659,259.6487,80.1191,120,120,0,579.048,623.7983,254.5244,47.9689,120,50.12,51.39,48.88,0.67,120,3.4158,3.4178,3.4141,0.0016,0.5943,0.5969,0.5909,0.0019,0.6115,0.6229,0.5988,0.006,-0.0051,-0.0016,-0.0053,0.0005,0.0013,0.0016,0.0011,0.0001,0.0055,0.0059,0.0026,0.0004,0.579,0.6238,0.2545,0.048,272.4667,564,28,128.2864,0,0,0,0,329.9917,980,102,151.3771,41,46.7,47,41,23.68,23.68,23.63
2022-11-23 14:30:00,2.7298,5.6288,0.7988,0.9506,120,126.1659,38.957,120,61.5515,63.0512,60.2741,0.9709,120,29.3545,29.566,29.096,0.1358,120,1004.9507,1005.0661,1004.8463,0.0943,120,100.7852,112.7024,90.8346,8.5117,120,628.8932,656.8992,282.8367,43.8486,120,817.384,853.2001,316.2005,69.9379,120,120,0,547.2528,573.1376,230.4147,42.2121,120,52.45,53.66,51.39,0.68,120,3.4158,3.4178,3.4141,0.0016,0.5936,0.5957,0.591,0.0014,0.6155,0.6305,0.6027,0.0097,-0.0051,-0.002,-0.0053,0.0004,0.0013,0.0014,0.0012,0.0001,0.0052,0.0055,0.0024,0.0004,0.5473,0.5731,0.2304,0.0422,273.8917,589,64,103.3281,0,0,0,0,360.6417,703,119,111.6327,41,46.8667,47,41,23.68,23.68,23.63
2022-11-23 14:40:00,2.4663,5.1596,0.5044,1.0481,120,101.7943,39.7241,120,61.0238,61.9831,59.7552,0.6627,120,29.4631,29.6484,29.1876,0.1492,120,1004.9322,1005.0661,1004.6815,0.0951,120,107.0431,133.1283,90.5945,13.6184,120,596.6863,638.2137,290.5306,43.8119,120,801.0371,824.6777,325.0516,57.0541,120,120,0,515.7908,556.3524,286.2636,40.2487,120,54.78,55.93,53.66,0.68,120,3.4155,3.4178,3.4114,0.0016,0.5946,0.5965,0.5919,0.0015,0.6102,0.6198,0.5976,0.0066,-0.005,-0.002,-0.0051,0.0004,0.0014,0.0017,0.0012,0.0002,0.005,0.0053,0.0024,0.0004,0.5158,0.5564,0.2863,0.0402,245.25,538,32,113.9247,0,0,0,0,302.975,1016,44,131.1188,41,46.8833,49,41,23.68,23.68,23.68
2022-11-23 14:50:00,2.1625,4.2212,0.44,0.9543,120,122.1837,39.6977,120,61.2397,62.3493,60.3351,0.6077,120,29.6256,29.8651,29.331,0.1878,120,1004.9609,1005.0844,1004.6815,0.0981,120,98.3701,114.3843,87.4701,7.6774,120,545.0802,574.8319,299.3229,32.4883,120,776.8754,799.1073,312.7586,60.7211,120,120,0,464.7562,494.0947,258.797,28.6264,120,57.11,58.21,55.93,0.68,120,3.416,3.4181,3.4114,0.0016,0.5963,0.5987,0.5933,0.0019,0.6124,0.6235,0.6034,0.0061,-0.0048,-0.0019,-0.005,0.0004,0.0012,0.0015,0.0011,0.0001,0.0045,0.0048,0.0025,0.0003,0.4648,0.4941,0.2588,0.0286,212.2333,436,25,103.7317,0,0,0,0,353.1667,933,21,123.6421,41,46.6667,47,41,23.68,23.68,23.68
2022-11-23 15:00:00,2.1132,4.5708,0.4124,1.0043,120,102.9298,53.0656,120,61.3305,62.5324,60.4572,0.6228,120,29.6275,29.9963,29.5294,0.1206,120,1005.0099,1005.0844,1004.8463,0.0822,120,91.7658,97.3228,87.711,2.3569,120,510.7943,530.5018,490.2017,10.6062,120,778.1335,793.698,766.6516,7.278,120,120,0,428.2077,448.3169,407.1169,11.2466,120,59.44,60.49,58.21,0.68,120,3.4168,3.4181,3.4141,0.0014,0.5963,0.6,0.5953,0.0012,0.6133,0.6253,0.6046,0.0062,-0.0048,-0.0048,-0.0049,0,0.0012,0.0012,0.0011,0,0.0043,0.0044,0.0041,0.0001,0.4282,0.4483,0.4071,0.0112,206.8667,474,22,109.1683,0,0,0,0,321.0583,1000,36,173.7671,41,46.6667,49,39,23.68,23.68,23.68
2022-11-23 15:10:00,2.7035,4.9296,0.6608,1.0426,120,122.2499,38.9519,120,61.2069,62.5629,59.7552,0.7526,120,29.7215,30.1062,29.4226,0.2323,120,1005.0713,1005.2492,1004.883,0.0631,120,101.6563,113.6638,91.0748,7.1958,120,409.4506,489.8343,108.0792,121.1596,120,612.9232,766.1586,22.1286,234.9511,120,120,0,337.7941,406.5066,88.5037,100.1291,120,61.79,63.02,60.74,0.68,120,3.4179,3.4208,3.4147,0.0011,0.5972,0.6011,0.5942,0.0023,0.6121,0.6256,0.5976,0.0075,-0.0038,-0.0001,-0.0048,0.0015,0.0013,0.0014,0.0012,0.0001,0.0034,0.0041,0.0009,0.001,0.3378,0.4065,0.0885,0.1001,271.0333,513,49,113.3265,0,0,0,0,358.125,930,33,123.5492,41,46.7333,47,41,23.68,23.68,23.68
2022-11-23 15:20:00,2.9202,5.2608,0.6424,0.9713,120,106.4625,32.612,120,63.301,64.9129,61.1286,1.0501,120,28.8511,29.4043,28.562,0.2132,120,1005.1015,1005.2492,1005.0295,0.082,120,101.1497,110.2992,91.7961,6.1874,120,341.877,423.1561,124.9316,68.3414,120,528.0991,716.9836,58.0277,150.0683,120,120,0,276.0526,338.7555,101.6266,54.0471,120,64.13,65.31,63.02,0.68,120,3.4184,3.4208,3.4172,0.0014,0.5885,0.594,0.5856,0.0021,0.633,0.6491,0.6113,0.0105,-0.0033,-0.0004,-0.0044,0.0009,0.0013,0.0014,0.0012,0.0001,0.0028,0.0035,0.001,0.0006,0.2761,0.3388,0.1016,0.054,294.5833,549,47,105.5763,0,0,0,0,304.9333,589,79,94.1285,41,46.9167,47,41,23.68,23.73,23.63
2022-11-23 15:30:00,2.1415,4.35,0.44,0.7988,120,122.6562,34.6014,120,65.2331,65.7674,64.3941,0.2902,120,28.88,29.1418,28.562,0.1914,120,1005.1834,1005.2492,1005.0295,0.0843,120,98.8347,107.6559,92.7567,4.6223,120,393.1502,420.958,319.8403,18.8815,120,697.5425,724.3603,516.3455,25.3562,120,120,0,309.2135,333.8725,253.914,16.507,120,66.47,67.59,65.31,0.69,120,3.4197,3.4208,3.4172,0.0014,0.5888,0.5914,0.5856,0.0019,0.6523,0.6577,0.6439,0.0029,-0.0043,-0.0032,-0.0045,0.0002,0.0013,0.0014,0.0012,0.0001,0.0033,0.0035,0.0027,0.0002,0.3092,0.3339,0.2539,0.0165,209.95,450,25,86.8307,0,0,0,0,349.6167,726,73,101.0683,41,46.75,49,41,23.68,23.68,23.68
2022-11-23 15:40:00,2.7304,5.3528,0.7804,1.1022,120,109.6827,43.4556,120,64.7926,65.8284,63.8142,0.5924,120,28.9258,29.1876,28.6779,0.1886,120,1005.2042,1005.2675,1005.0295,0.0676,120,91.3753,94.9197,88.1913,1.6126,120,344.2797,368.5666,241.8031,17.4676,120,663.0948,687.9697,380.6204,33.8031,120,120,0,262.9602,286.5688,175.4814,15.2757,120,68.81,69.87,67.59,0.68,120,3.4201,3.4211,3.4172,0.0011,0.5893,0.5919,0.5868,0.0019,0.6479,0.6583,0.6381,0.0059,-0.0041,-0.0024,-0.0043,0.0002,0.0012,0.0012,0.0011,0,0.0029,0.0031,0.002,0.0001,0.263,0.2866,0.1755,0.0153,273.9583,559,62,119.8041,0,0,0,0,332.3917,997,29,147.1318,41,46.9,49,41,23.68,23.68,23.68
2022-11-23 15:50:00,2.4313,5.1412,0.5044,0.9847,120,121.5798,52.1746,120,65.3231,66.0421,64.5161,0.3588,120,28.8687,28.9862,28.7085,0.0861,120,1005.2226,1005.3041,1005.0478,0.0502,120,87.6466,94.1992,77.6181,4.3257,120,277.2158,327.533,92.3253,69.0491,120,555.6662,656.4969,28.0309,193.4199,120,120,0,204.9343,245.3688,75.6859,49.3027,120,71.15,72.41,69.87,0.68,120,3.4204,3.4217,3.4175,0.0008,0.5887,0.5899,0.5871,0.0009,0.6532,0.6604,0.6452,0.0036,-0.0034,-0.0002,-0.0041,0.0012,0.0011,0.0012,0.001,0.0001,0.0023,0.0027,0.0008,0.0006,0.2049,0.2454,0.0757,0.0493,241.45,536,32,107.038,0,0,0,0,346.0083,774,0,147.4929,41,46.8,47,41,23.68,23.68,23.68
2022-11-23 16:00:00,2.4484,4.718,0.4308,1.0895,120,114.9354,41.5098,120,65.7516,66.4998,64.9129,0.4773,120,28.7056,28.8305,28.5681,0.0791,120,1005.2626,1005.4323,1005.0478,0.072,120,73.0221,78.8197,69.4472,2.5499,120,249.2681,274.0432,230.8127,11.2982,120,585.5856,609.7809,564.0461,10.8674,120,120,0,172.7373,195.0133,155.034,10.8946,120,73.5,74.7,72.41,0.68,120,3.421,3.4239,3.4175,0.0012,0.5871,0.5883,0.5857,0.0008,0.6575,0.665,0.6491,0.0048,-0.0036,-0.0035,-0.0038,0.0001,0.0009,0.001,0.0009,0,0.0021,0.0023,0.0019,0.0001,0.1727,0.195,0.155,0.0109,243.3083,490,24,118.4225,0,0,0,0,344.025,986,25,139.0907,41,46.6333,49,41,23.68,23.68,23.68
2022-11-23 16:10:00,2.8013,4.994,0.4952,1.1231,120,122.5881,41.2396,120,65.5919,66.4693,65.096,0.3411,120,28.6641,28.8488,28.4094,0.133,120,1005.3394,1005.4323,1005.2126,0.0909,120,67.371,70.8898,64.4016,1.8353,120,206.7755,230.4454,187.9472,11.9238,120,538.3482,567.981,513.8866,13.7425,120,120,0,134.6604,154.7288,118.1066,10.562,120,75.84,76.98,74.7,0.69,120,3.4223,3.4239,3.4202,0.0015,0.5866,0.5885,0.5841,0.0013,0.6559,0.6647,0.651,0.0034,-0.0033,-0.0032,-0.0035,0.0001,0.0009,0.0009,0.0008,0,0.0017,0.0019,0.0016,0.0001,0.1347,0.1547,0.1181,0.0106,281.6583,520,31,122.0783,0,0,0,0,351.5333,838,39,122.5266,41,46.9167,47,43,23.68,23.68,23.68
2022-11-23 16:20:00,2.3896,4.488,0.5504,0.9922,120,154.6152,36.0218,120,66.5176,67.1407,65.4317,0.3758,120,28.4684,28.5955,28.3453,0.0811,120,1005.3769,1005.5971,1005.2126,0.0873,120,62.3687,64.8819,59.5953,1.3915,120,162.4173,187.2149,142.8836,14.1286,120,458.8923,512.4122,399.7986,35.8883,120,120,0,99.208,117.4963,85.757,9.5937,120,78.17,79.26,76.98,0.68,120,3.4229,3.4266,3.4202,0.0015,0.5847,0.586,0.5835,0.0008,0.6652,0.6714,0.6543,0.0038,-0.0028,-0.0025,-0.0032,0.0002,0.0008,0.0008,0.0008,0,0.0014,0.0016,0.0012,0.0001,0.0992,0.1175,0.0858,0.0096,236.9167,465,37,107.8463,0,0,0,0,441.7417,844,233,104.2788,41,46.65,47,41,23.68,23.68,23.63
2022-11-23 16:30:00,2.3153,4.5616,0.7712,0.6962,120,128.8425,34.75,120,66.8406,67.4154,66.4083,0.2385,120,28.4527,28.5864,28.2293,0.107,120,1005.4625,1005.6154,1005.3957,0.0858,120,55.9606,61.037,46.3787,3.5518,120,119.5491,145.4478,89.3938,17.3136,120,360.8602,435.2063,276.8595,55.0624,120,120,0,69.6763,85.4518,50.6607,10.3346,120,80.51,81.79,79.26,0.68,120,3.4244,3.4269,3.4233,0.0014,0.5845,0.5859,0.5823,0.0011,0.6684,0.6742,0.6641,0.0024,-0.0022,-0.0017,-0.0027,0.0003,0.0007,0.0008,0.0006,0,0.001,0.0012,0.0007,0.0001,0.0697,0.0855,0.0507,0.0103,228.8333,473,61,75.6769,0,0,0,0,364.5917,615,67,99.4192,41,46.8833,49,41,23.68,23.68,23.68
2022-11-23 16:40:00,2.2483,4.2212,0.6332,0.8727,120,149.105,37.0923,120,67.688,68.1173,67.0492,0.3026,120,28.1225,28.2293,27.9882,0.06,120,1005.5422,1005.7619,1005.3957,0.0885,120,36.466,46.1386,30.9992,4.8911,120,54.8178,89.0276,43.5978,14.3007,120,139.0938,275.8766,74.2556,59.0893,120,120,0,34.6945,50.3555,27.4667,6.7685,120,82.85,84.06,81.79,0.68,120,3.4257,3.4294,3.4233,0.0015,0.5812,0.5823,0.5799,0.0006,0.6769,0.6812,0.6705,0.003,-0.0009,-0.0005,-0.0017,0.0004,0.0005,0.0006,0.0004,0.0001,0.0005,0.0007,0.0004,0.0001,0.0347,0.0504,0.0275,0.0068,221.5583,436,46,94.8628,0,0,0,0,427.0333,925,71,116.7225,41,46.7333,49,41,23.68,23.68,23.68
2022-11-23 16:50:00,2.3778,3.8532,0.4952,0.8061,120,108.9734,34.9775,120,68.3363,68.7277,67.9342,0.2029,120,27.8025,27.9821,27.5518,0.1249,120,1005.5896,1005.7802,1005.3957,0.0537,120,28.6701,30.7591,25.7126,1.0619,120,43.7048,47.6279,37.3697,2.4581,120,166.0996,200.6381,119.0058,27.1793,120,120,0,24.486,27.1615,21.9733,0.9745,120,85.18,86.34,84.06,0.68,120,3.4265,3.4297,3.4233,0.0009,0.578,0.5798,0.5755,0.0013,0.6834,0.6873,0.6793,0.002,-0.001,-0.0007,-0.0012,0.0002,0.0004,0.0004,0.0003,0,0.0004,0.0004,0.0003,0,0.0245,0.0272,0.022,0.001,235.625,396,31,87.6242,0,0,0,0,317.0333,742,81,104.6395,41,46.9,47,43,23.68,23.68,23.68
2022-11-23 17:00:00,1.9123,3.5036,0.624,0.6246,120,133.3225,32.2452,120,69.3688,69.6738,68.7887,0.19,120,27.559,27.5884,27.5274,0.0138,120,1005.6226,1005.7985,1005.3957,0.0741,120,18.3311,25.4724,12.2551,3.8005,120,23.4384,37.0036,12.8223,7.9052,120,97.0198,158.3468,25.572,45.4794,120,120,0,16.2613,21.6681,11.597,2.9313,120,87.51,88.6,86.34,0.68,120,3.427,3.43,3.4233,0.0012,0.5756,0.5759,0.5753,0.0001,0.6937,0.6967,0.6879,0.0019,-0.0006,-0.0002,-0.001,0.0003,0.0002,0.0003,0.0002,0,0.0002,0.0003,0.0001,0.0001,0.0163,0.0217,0.0116,0.0029,185.0333,358,45,67.8904,0,0,0,0,375.0333,548,53,93.2972,41,46.7333,47,41,23.68,23.68,23.68
2022-11-23 17:10:00,2.0166,4.488,0.5044,0.8081,120,134.3341,36.8641,120,69.8617,70.2231,69.5822,0.2123,120,27.4489,27.561,27.3443,0.073,120,1005.7549,1005.9816,1005.5788,0.0729,120,7.3553,12.2551,3.1236,2.8274,120,7.4373,12.8223,3.2977,2.9238,120,14.814,25.572,13.7689,2.2895,120,120,0,7.5279,11.2919,3.9674,2.3098,120,89.33,89.86,88.6,0.38,68,3.4292,3.433,3.4263,0.0012,0.5745,0.5756,0.5734,0.0007,0.6986,0.7022,0.6958,0.0021,-0.0001,-0.0001,-0.0002,0,0.0001,0.0002,0,0,0.0001,0.0001,0,0,0.0075,0.0113,0.004,0.0023,196.3667,465,32,87.8359,0,0,0,0,382.7917,700,135,105.793,41,46.8833,49,41,23.68,23.68,23.68
2022-11-23 17:20:00,2.2768,3.8348,0.5964,0.7017,120,130.3675,34.664,120,70.498,70.7724,70.1315,0.191,120,27.2623,27.3504,27.1703,0.0475,120,1005.8121,1005.9816,1005.5788,0.0807,120,1.2055,3.3646,0,0.9969,120,1.1967,3.2977,0,1.0305,120,13.7526,14.2604,13.2775,0.1091,120,120,0,2.205,3.9674,0.6104,0.9052,120,None,None,None,None,0,3.4302,3.433,3.4263,0.0013,0.5726,0.5735,0.5717,0.0005,0.705,0.7077,0.7013,0.0019,-0.0001,-0.0001,-0.0001,0,0,0,0,0,0,0,0,0,0.0022,0.004,0.0006,0.0009,224.65,394,42,76.275,0,0,0,0,377.275,951,159,108.2403,41,46.6333,47,41,23.68,23.68,23.68
2022-11-23 17:30:00,1.5665,3.2184,0.4492,0.555,120,137.5411,38.8505,120,71.0262,71.1997,70.7724,0.1016,120,27.1375,27.1703,27.1032,0.0178,120,1005.9645,1006.1647,1005.7619,0.0592,120,0,0,0,0,120,0,0,0,0,120,13.7771,14.2604,13.2775,0.1558,120,120,0,0.0814,0.9156,0,0.1886,120,None,None,None,None,0,3.4327,3.4361,3.4294,0.001,0.5714,0.5717,0.571,0.0002,0.7103,0.712,0.7077,0.001,-0.0001,-0.0001,-0.0001,0,0,0,0,0,0,0,0,0,0.0001,0.0009,0,0.0002,147.4417,327,26,60.3275,0,0,0,0,390.5333,744,34,112.2228,40.4,46.75,49,41,23.68,23.68,23.68
2022-11-23 17:40:00,1.58,2.7676,0.4308,0.5235,120,120.2107,39.5673,120,71.353,71.6269,71.1386,0.1052,120,27.0842,27.1184,27.0391,0.0255,120,1005.9734,1006.1647,1005.7619,0.0869,120,0,0,0,0,120,0,0,0,0,120,13.7362,14.2604,13.2775,0.1772,120,120,0,0,0,0,0,120,None,None,None,None,0,3.4329,3.4361,3.4294,0.0014,0.5708,0.5712,0.5704,0.0003,0.7135,0.7163,0.7114,0.0011,-0.0001,-0.0001,-0.0001,0,0,0,0,0,0,0,0,0,0,0,0,0,148.9167,278,24,56.9022,0,0,0,0,339.875,746,21,115.3203,40,46.8333,47,41,23.68,23.68,23.63
2022-11-23 17:50:00,1.5109,2.74,0.3756,0.4537,120,106.5333,34.7374,120,71.7549,72.0542,71.5964,0.1077,120,27.0315,27.0605,26.9811,0.0226,120,1005.9645,1006.1464,1005.7619,0.0675,120,0,0,0,0,120,0,0,0,0,120,13.7853,14.2604,13.2775,0.1795,120,120,0,0,0,0,0,120,None,None,None,None,0,3.4327,3.4358,3.4294,0.0011,0.5703,0.5706,0.5698,0.0002,0.7175,0.7205,0.716,0.0011,-0.0001,-0.0001,-0.0001,0,0,0,0,0,0,0,0,0,0,0,0,0,141.4,275,18,49.3123,0,0,0,0,308.725,728,48,102.5731,40,46.9,47,41,23.68,23.68,23.68
2022-11-23 18:00:00,1.8993,4.0648,0.4584,0.6121,120,122.1664,31.5806,120,72.1989,72.4509,72.0237,0.1261,120,26.9656,27.0025,26.9384,0.0207,120,1006.0926,1006.1464,1005.945,0.0778,120,0,0,0,0,120,0,0,0,0,120,13.8304,14.2604,13.2775,0.1864,120,120,0,0,0,0,0,120,None,None,None,None,0,3.4349,3.4358,3.4324,0.0013,0.5697,0.57,0.5694,0.0002,0.722,0.7245,0.7202,0.0013,-0.0001,-0.0001,-0.0001,0,0,0,0,0,0,0,0,0,0,0,0,0,183.6167,419,27,66.53,0,0,0,0,347.025,583,50,90.8997,40,46.9,49,41,23.68,23.68,23.68
2022-11-23 18:10:00,1.481,3.3472,0.4308,0.62,120,115.3247,40.3834,120,72.5687,72.7561,72.3594,0.1132,120,26.9315,26.9445,26.9079,0.0076,120,1006.2207,1006.3478,1006.1281,0.0928,120,0,0,0,0,120,0,0,0,0,120,13.7976,14.2604,13.7689,0.1157,120,120,0,0,0,0,0,120,None,None,None,None,0,3.437,3.4391,3.4355,0.0015,0.5693,0.5694,0.5691,0.0001,0.7257,0.7276,0.7236,0.0011,-0.0001,-0.0001,-0.0001,0,0,0,0,0,0,0,0,0,0,0,0,0,138.15,341,24,67.3915,0,0,0,0,337.7917,721,99,121.4386,40,46.8167,49,41,23.68,23.68,23.68
2022-11-23 18:20:00,2.0912,4.304,0.3112,0.8254,120,109.9162,39.1627,120,72.8095,73.0003,72.6341,0.0904,120,26.873,26.9414,26.7858,0.046,120,1006.3421,1006.531,1006.3112,0.0609,120,0,0,0,0,120,0,0,0,0,120,13.8427,14.2604,13.7689,0.1762,120,120,0,0,0,0,0,120,None,None,None,None,0,3.439,3.4422,3.4385,0.001,0.5687,0.5694,0.5679,0.0005,0.7281,0.73,0.7263,0.0009,-0.0001,-0.0001,-0.0001,0,0,0,0,0,0,0,0,0,0,0,0,0,204.4833,445,11,89.7201,0,0,0,0,339.5167,1013,36,148.0004,40,46.7167,49,41,23.68,23.68,23.68
2022-11-23 18:30:00,1.3994,2.1972,0.5964,0.3743,120,112.4968,33.8655,120,73.2643,73.4886,73.0003,0.1183,120,26.7828,26.795,26.7705,0.0047,120,1006.3292,1006.5127,1006.1464,0.0493,120,0,0,0,0,120,0,0,0,0,120,13.8222,14.2604,13.2775,0.1661,120,120,0,0,0,0,0,120,None,None,None,None,0,3.4388,3.4419,3.4358,0.0008,0.5678,0.5679,0.5677,0.0001,0.7326,0.7349,0.73,0.0012,-0.0001,-0.0001,-0.0001,0,0,0,0,0,0,0,0,0,0,0,0,0,129.2833,216,42,40.6802,0,0,0,0,329.775,997,155,111.8053,40,46.7833,49,39,23.68,23.68,23.68
2022-11-23 18:40:00,1.6574,3.2184,0.2652,0.7268,120,100.3808,36.7277,120,73.6549,74.0684,73.3665,0.1756,120,26.7243,26.7736,26.6759,0.0305,120,1006.4086,1006.531,1006.1281,0.1003,120,0,0,0,0,120,0,0,0,0,120,13.8713,14.2604,13.7689,0.2004,120,120,0,0,0,0,0,120,None,None,None,None,0,3.4401,3.4422,3.4355,0.0017,0.5672,0.5677,0.5668,0.0003,0.7365,0.7407,0.7337,0.0018,-0.0001,-0.0001,-0.0001,0,0,0,0,0,0,0,0,0,0,0,0,0,157.325,327,6,79.0018,0,0,0,0,309.1167,996,26,140.9436,40,46.8833,47,41,23.68,23.68,23.63
2022-11-23 18:50:00,1.5522,3.292,0.3112,0.6863,120,104.1768,41.5539,120,74.2225,74.4957,74.0379,0.1271,120,26.6851,26.7156,26.6363,0.0203,120,1006.6155,1006.8789,1006.4943,0.0977,120,0,0,0,0,120,0,0,0,0,120,13.8836,14.2604,13.2775,0.2274,120,120,0,0,0,0,0,120,None,None,None,None,0,3.4436,3.448,3.4416,0.0016,0.5668,0.5672,0.5664,0.0002,0.7422,0.745,0.7404,0.0013,-0.0001,-0.0001,-0.0001,0,0,0,0,0,0,0,0,0,0,0,0,0,145.8917,335,11,74.5967,0,0,0,0,322.0667,979,45,146.0065,39.6,46.9,49,41,23.68,23.68,23.63
2022-11-23 19:00:00,1.8829,3.43,0.4492,0.6567,120,91.8747,35.3699,120,74.7831,75.2281,74.4346,0.231,120,26.5538,26.6454,26.4745,0.0522,120,1006.7513,1006.9155,1006.4943,0.0909,120,0,0,0,0,120,0,0,0,0,120,13.8795,14.2604,13.7689,0.2061,120,120,0,0,0,0,0,120,None,None,None,None,0,3.4459,3.4486,3.4416,0.0015,0.5655,0.5665,0.5647,0.0005,0.7478,0.7523,0.7443,0.0023,-0.0001,-0.0001,-0.0001,0,0,0,0,0,0,0,0,0,0,0,0,0,181.8417,350,26,71.3791,0,0,0,0,281.6,878,100,126.4743,39,46.7833,49,41,23.68,23.68,23.68
2022-11-23 19:10:00,1.8855,3.8992,0.5228,0.7944,120,99.4803,36.977,120,75.5989,75.8995,75.2281,0.2067,120,26.4357,26.4776,26.3982,0.0215,120,1006.8488,1007.062,1006.6774,0.0802,120,0,0,0,0,120,0,0,0,0,120,13.8467,14.2604,13.2775,0.1911,120,120,0,0,0,0,0,120,None,None,None,None,0,3.4475,3.451,3.4446,0.0013,0.5644,0.5648,0.564,0.0002,0.756,0.759,0.7523,0.0021,-0.0001,-0.0001,-0.0001,0,0,0,0,0,0,0,0,0,0,0,0,0,182.1167,401,34,86.3475,0,0,0,0,291.6333,770,48,112.1371,39,46.8333,47,41,23.68,23.68,23.68
2022-11-23 19:20:00,1.582,4.1016,0.3664,0.8456,120,100.4103,46.4553,120,76.0519,76.1742,75.869,0.0754,120,26.3992,26.4135,26.386,0.0061,120,1006.9251,1007.0803,1006.6774,0.0895,120,0,0,0,0,120,0,0,0,0,120,13.8836,14.2604,13.2775,0.2182,120,120,0,0,0,0,0,120,None,None,None,None,0,3.4488,3.4513,3.4446,0.0015,0.564,0.5641,0.5639,0.0001,0.7605,0.7617,0.7587,0.0008,-0.0001,-0.0001,-0.0001,0,0,0,0,0,0,0,0,0,0,0,0,0,149.1333,423,17,91.9086,0,0,0,0,316.8583,1020,8,170.0542,39,46.8167,47,41,23.68,23.68,23.68
2022-11-23 19:30:00,1.6671,3.0528,0.6148,0.5726,120,99.681,28.7541,120,75.9685,76.0826,75.869,0.049,120,26.3631,26.3952,26.3433,0.0133,120,1007.0295,1007.0803,1006.8606,0.0736,120,0,0,0,0,120,0,0,0,0,120,13.8754,14.2604,13.2775,0.2131,120,120,0,0,0,0,0,120,None,None,None,None,0,3.4505,3.4513,3.4477,0.0012,0.5636,0.5639,0.5634,0.0001,0.7597,0.7608,0.7587,0.0005,-0.0001,-0.0001,-0.0001,0,0,0,0,0,0,0,0,0,0,0,0,0,158.3833,309,44,62.2414,0,0,0,0,282.9583,534,59,82.8329,39,46.8833,47,41,23.68,23.68,23.68
2022-11-23 19:40:00,1.4673,3.2092,0.3388,0.6187,120,89.671,39.1261,120,75.8604,75.9911,75.7775,0.0513,120,26.3621,26.3738,26.3463,0.0059,120,1007.1372,1007.4282,1007.0437,0.0976,120,0,0,0,0,120,0,0,0,0,120,13.8713,14.2604,13.2775,0.2103,120,120,0,0,0,0,0,120,None,None,None,None,0,3.4523,3.4571,3.4507,0.0016,0.5636,0.5637,0.5635,0.0001,0.7586,0.7599,0.7578,0.0005,-0.0001,-0.0001,-0.0001,0,0,0,0,0,0,0,0,0,0,0,0,0,136.6667,326,14,67.2482,0,0,0,0,279.7583,1017,79,141.49,39,46.8667,47,41,23.68,23.68,23.63
2022-11-23 19:50:00,1.644,3.2736,0.6056,0.6684,120,90.2632,33.9324,120,76.0152,76.2047,75.808,0.1154,120,26.3481,26.3616,26.3311,0.0059,120,1007.268,1007.4282,1007.0437,0.0827,120,0,0,0,0,120,0,0,0,0,120,13.859,14.2604,13.2775,0.2112,120,120,0,0,0,0,0,120,None,None,None,None,0,3.4545,3.4571,3.4507,0.0014,0.5635,0.5636,0.5633,0.0001,0.7602,0.762,0.7581,0.0012,-0.0001,-0.0001,-0.0001,0,0,0,0,0,0,0,0,0,0,0,0,0,155.8667,333,43,72.6508,0,0,0,0,265.7167,963,23,115.1538,39,46.85,49,41,23.68,23.68,23.68
2022-11-23 20:00:00,1.1226,2.5744,0.4124,0.4521,120,101.186,43.8381,120,76.4229,76.7235,76.1742,0.1646,120,26.344,26.3585,26.3311,0.006,120,1007.3588,1007.4282,1007.2268,0.0804,120,0,0,0,0,120,0,0,0,0,120,13.8795,14.2604,13.2775,0.2249,120,120,0,0,0,0,0,120,None,None,None,None,0,3.456,3.4571,3.4538,0.0013,0.5634,0.5636,0.5633,0.0001,0.7642,0.7672,0.7617,0.0016,-0.0001,-0.0001,-0.0001,0,0,0,0,0,0,0,0,0,0,0,0,0,99.1917,257,22,49.1395,0,0,0,0,311.5667,989,17,150.8841,38.6,46.7667,49,41,23.68,23.68,23.68
2022-11-23 20:10:00,0.9579,2.1144,0,0.5349,120,94.5978,50.1875,120,76.9974,77.3034,76.7235,0.1752,120,26.3525,26.3677,26.3402,0.0069,120,1007.3975,1007.4282,1007.2268,0.0517,120,0,0,0,0,120,0,0,0,0,120,13.8795,14.2604,13.2775,0.2249,120,120,0,0,0,0,0,120,None,None,None,None,0,3.4566,3.4571,3.4538,0.0009,0.5635,0.5637,0.5634,0.0001,0.77,0.773,0.7672,0.0018,-0.0001,-0.0001,-0.0001,0,0,0,0,0,0,0,0,0,0,0,0,0,82.05,207,0,56.9034,0,0,0,0,291.725,827,10,153.4502,38,46.7833,49,41,23.68,23.68,23.63
2022-11-23 20:20:00,1.4039,3.1448,0,0.6945,120,93.3051,40.8313,120,77.5773,77.8527,77.2729,0.1656,120,26.3405,26.3616,26.3036,0.0161,120,1007.4197,1007.593,1007.2268,0.0679,120,0,0,0,0,120,0,0,0,0,120,13.9,14.2604,13.7689,0.2182,120,120,0,0,0,0,0,120,None,None,None,None,0,3.457,3.4599,3.4538,0.0011,0.5634,0.5636,0.563,0.0002,0.7758,0.7785,0.7727,0.0017,-0.0001,-0.0001,-0.0001,0,0,0,0,0,0,0,0,0,0,0,0,0,129.9583,319,0,75.1345,0,0,0,0,288.3583,986,26,142.8459,38,46.8667,47,41,23.68,23.68,23.68
2022-11-23 20:30:00,1.6591,3.2368,0.4492,0.5668,120,86.6231,27.5953,120,78.0992,78.3715,77.7917,0.1524,120,26.2666,26.3036,26.2426,0.0146,120,1007.4454,1007.593,1007.4099,0.0693,120,0,0,0,0,120,0,0,0,0,120,13.9082,14.2604,13.2775,0.2399,120,120,0,0,0,0,0,120,None,None,None,None,0,3.4574,3.4599,3.4568,0.0012,0.5627,0.563,0.5624,0.0001,0.781,0.7837,0.7779,0.0015,-0.0001,-0.0001,-0.0001,0,0,0,0,0,0,0,0,0,0,0,0,0,157.5083,329,26,61.6126,0,0,0,0,249.05,564,75,81.5147,38,46.7,47,41,23.68,23.68,23.68
2022-11-23 20:40:00,1.6763,3.6968,0.3756,0.7535,120,85.5275,39.9919,120,78.3771,78.4936,78.2495,0.0525,120,26.285,26.3097,26.267,0.0088,120,1007.4563,1007.593,1007.4099,0.0774,120,0,0,0,0,120,0,0,0,0,120,13.9614,14.2604,13.7689,0.2409,120,120,0,0,0,0,0,120,None,None,None,None,0,3.4576,3.4599,3.4568,0.0013,0.5628,0.5631,0.5627,0.0001,0.7838,0.7849,0.7825,0.0005,-0.0001,-0.0001,-0.0001,0,0,0,0,0,0,0,0,0,0,0,0,0,159.375,379,18,81.8989,0,0,0,0,263.4167,977,7,140.5625,38,46.9833,47,45,23.68,23.68,23.63
2022-11-23 20:50:00,1.4861,3.338,0.394,0.7496,120,90.7007,54.975,120,78.3703,78.4631,78.2495,0.046,120,26.3661,26.4226,26.3067,0.0336,120,1007.4445,1007.6113,1007.4099,0.0694,120,0,0,0,0,120,0,0,0,0,120,13.9942,14.2604,13.7689,0.2459,120,120,0,0,0,0,0,120,None,None,None,None,0,3.4574,3.4602,3.4568,0.0012,0.5637,0.5642,0.5631,0.0003,0.7837,0.7846,0.7825,0.0005,-0.0001,-0.0001,-0.0001,0,0,0,0,0,0,0,0,0,0,0,0,0,138.7083,340,20,81.4797,0,0,0,0,323.8333,1006,18,203.6381,38,46.8333,49,41,23.68,23.68,23.63
2022-11-23 21:00:00,1.7304,4.028,0.2836,0.8067,120,80.742,33.4927,120,78.1485,78.2189,77.9443,0.0601,120,26.4136,26.4318,26.3982,0.0068,120,1007.4323,1007.593,1007.4099,0.0579,120,0,0,0,0,120,0,0,0,0,120,13.9573,14.2604,13.2775,0.2483,120,120,0,0,0,0,0,120,None,None,None,None,0,3.4572,3.4599,3.4568,0.001,0.5641,0.5643,0.564,0.0001,0.7815,0.7822,0.7794,0.0006,-0.0001,-0.0001,-0.0001,0,0,0,0,0,0,0,0,0,0,0,0,0,165.2583,415,8,87.6853,0,0,0,0,235.3333,662,23,100.4114,38,46.8,47,41,23.68,23.68,23.68
2022-11-23 21:10:00,2.0285,4.4236,0.7068,0.7661,120,80.7964,37.9254,120,77.9509,78.0358,77.7612,0.0568,120,26.3798,26.4196,26.3494,0.0198,120,1007.4319,1007.6113,1007.4099,0.0577,120,0,0,0,0,120,0,0,0,0,120,13.9246,14.2604,13.7689,0.2296,120,120,0,0,0,0,0,120,None,None,None,None,0,3.4572,3.4602,3.4568,0.001,0.5638,0.5642,0.5635,0.0002,0.7795,0.7804,0.7776,0.0006,-0.0001,-0.0001,-0.0001,0,0,0,0,0,0,0,0,0,0,0,0,0,197.6667,458,54,83.2678,0,0,0,0,245.8167,900,36,127.2747,38,46.9333,49,41,23.68,23.68,23.63
2022-11-23 21:20:00,2.37,4.7732,0.5964,0.9735,120,76.5049,29.2419,120,77.7467,77.8527,77.6086,0.0662,120,26.4327,26.4562,26.4104,0.0149,120,1007.4131,1007.593,1007.2268,0.0464,120,0,0,0,0,120,0,0,0,0,120,13.941,14.7535,13.7689,0.2439,120,120,0,0,0,0,0,120,None,None,None,None,0,3.4569,3.4599,3.4538,0.0008,0.5643,0.5646,0.5641,0.0001,0.7775,0.7785,0.7761,0.0007,-0.0001,-0.0001,-0.0001,0,0,0,0,0,0,0,0,0,0,0,0,0,234.7833,496,42,105.82,0,0,0,0,235.175,995,37,126.7356,38,46.7833,49,41,23.68,23.68,23.63
2022-11-23 21:30:00,2.1441,4.6904,0.4308,0.864,120,76.0019,33.0847,120,77.5788,77.6696,77.4865,0.0464,120,26.4255,26.4531,26.4074,0.0116,120,1007.4421,1007.593,1007.2268,0.0705,120,0,0,0,0,120,0,0,0,0,120,13.8877,14.2604,13.2775,0.2297,120,120,0,0,0,0,0,120,None,None,None,None,0,3.4574,3.4599,3.4538,0.0012,0.5643,0.5645,0.5641,0.0001,0.7758,0.7767,0.7749,0.0005,-0.0001,-0.0001,-0.0001,0,0,0,0,0,0,0,0,0,0,0,0,0,210.2333,487,24,93.9089,0,0,0,0,232.7,851,35,118.1435,37.3,46.8833,49,41,23.68,23.68,23.63
2022-11-23 21:40:00,1.6302,3.614,0.44,0.7444,120,84.5013,48.4259,120,77.6233,77.6696,77.456,0.0356,120,26.4287,26.447,26.3921,0.0123,120,1007.4308,1007.593,1007.2085,0.0663,120,0,0,0,0,120,0,0,0,0,120,13.8672,14.2604,13.2775,0.2074,120,120,0,0,0,0,0,120,None,None,None,None,0,3.4572,3.4599,3.4535,0.0011,0.5643,0.5645,0.5639,0.0001,0.7762,0.7767,0.7746,0.0004,-0.0001,-0.0001,-0.0001,0,0,0,0,0,0,0,0,0,0,0,0,0,154.3667,370,25,80.9113,0,0,0,0,286.0083,989,18,183.25,37,46.8667,49,41,23.68,23.68,23.63
2022-11-23 21:50:00,1.8687,4.1292,0.6608,0.7457,120,84.6896,35.4212,120,77.5694,77.7306,77.3644,0.0846,120,26.3103,26.3921,26.2761,0.0301,120,1007.4081,1007.5747,1007.2085,0.0482,120,0,0,0,0,120,0,0,0,0,120,13.8795,14.2604,13.2775,0.2338,120,120,0,0,0,0,0,120,None,None,None,None,0,3.4568,3.4596,3.4535,0.0008,0.5631,0.5639,0.5628,0.0003,0.7757,0.7773,0.7736,0.0008,-0.0001,-0.0001,-0.0001,0,0,0,0,0,0,0,0,0,0,0,0,0,180.2917,426,49,81.0587,0,0,0,0,258.075,1021,14,136.4278,37,46.7667,49,41,23.68,23.68,23.63
2022-11-23 22:00:00,1.8537,4.0096,0.5412,0.83,120,81.5934,41.7748,120,77.5925,77.7001,77.4865,0.064,120,26.3348,26.3524,26.3036,0.0098,120,1007.38,1007.4099,1007.1902,0.0686,120,0,0,0,0,120,0,0,0,0,120,13.8959,14.2604,13.2775,0.2252,120,120,0,0,0,0,0,120,None,None,None,None,0,3.4563,3.4568,3.4532,0.0011,0.5634,0.5635,0.563,0.0001,0.7759,0.777,0.7749,0.0006,-0.0001,-0.0001,-0.0001,0,0,0,0,0,0,0,0,0,0,0,0,0,178.6583,413,36,90.2139,0,0,0,0,300.5667,1012,18,205.5359,37,46.9,49,41,23.68,23.68,23.63
2022-11-23 22:10:00,2.1252,5.0216,0.394,1.1574,120,77.903,48.7896,120,77.5941,77.7612,77.3339,0.1253,120,26.3479,26.386,26.2944,0.0246,120,1007.3156,1007.4099,1007.1902,0.0966,120,0,0,0,0,120,0,0,0,0,120,13.9737,14.2604,13.2775,0.2515,120,120,0,0,0,0,0,120,None,None,None,None,0,3.4553,3.4568,3.4532,0.0016,0.5635,0.5639,0.5629,0.0003,0.7759,0.7776,0.7733,0.0013,-0.0001,-0.0001,-0.0001,0,0,0,0,0,0,0,0,0,0,0,0,0,208.175,523,20,125.8019,0,0,0,0,274.3833,1004,52,193.4434,37,46.9167,49,41,23.68,23.68,23.63
2022-11-23 22:20:00,2.1074,4.9112,0.394,1.0657,120,78.1974,45.1079,120,77.4206,77.6086,77.2118,0.1078,120,26.3124,26.3311,26.2883,0.0104,120,1007.2903,1007.4099,1007.1902,0.0947,120,0,0,0,0,120,0,0,0,0,120,13.8508,14.2604,13.2775,0.2326,120,120,0,0,0,0,0,120,None,None,None,None,0,3.4548,3.4568,3.4532,0.0016,0.5631,0.5633,0.5629,0.0001,0.7742,0.7761,0.7721,0.0011,-0.0001,-0.0001,-0.0001,0,0,0,0,0,0,0,0,0,0,0,0,0,206.2417,511,20,115.8349,0,0,0,0,281.5833,1021,9,192.396,37,46.8333,47,41,23.67,23.68,23.63
2022-11-23 22:30:00,1.8171,4.902,0.4032,0.9316,120,93.9561,45.4027,120,77.0409,77.2423,76.9677,0.0861,120,26.3128,26.325,26.3006,0.0065,120,1007.3365,1007.4099,1007.1902,0.0919,120,0,0,0,0,120,0,0,0,0,120,13.8549,14.2604,13.2775,0.1981,120,120,0,0,0,0,0,120,None,None,None,None,0,3.4556,3.4568,3.4532,0.0015,0.5631,0.5633,0.563,0.0001,0.7704,0.7724,0.7697,0.0009,-0.0001,-0.0001,-0.0001,0,0,0,0,0,0,0,0,0,0,0,0,0,174.6833,510,21,101.2605,0,0,0,0,312.45,1008,31,182.8912,37,46.6333,47,41,23.68,23.68,23.63
2022-11-23 22:40:00,1.676,3.8624,0.4032,0.7871,120,73.2434,40.687,120,76.7998,76.9982,76.6015,0.0871,120,26.2935,26.3311,26.2609,0.025,120,1007.2138,1007.4099,1007.0254,0.0525,120,0,0,0,0,120,0,0,0,0,120,13.8795,14.2604,13.7689,0.2061,120,120,0,0,0,0,0,120,None,None,None,None,0,3.4536,3.4568,3.4504,0.0009,0.5629,0.5633,0.5626,0.0003,0.768,0.77,0.766,0.0009,-0.0001,-0.0001,-0.0001,0,0,0,0,0,0,0,0,0,0,0,0,0,159.35,397,21,85.5522,0,0,0,0,250.55,1015,36,171.8592,37,46.8333,49,41,23.67,23.68,23.63
2022-11-23 22:50:00,1.9368,4.81,0.4032,0.7533,120,76.134,33.1582,120,76.8738,76.9982,76.7846,0.059,120,26.3052,26.3341,26.2792,0.0156,120,1007.1134,1007.2268,1006.8239,0.0989,120,0,0,0,0,120,0,0,0,0,120,13.9491,14.2604,13.7689,0.2378,120,120,0,0,0,0,0,120,None,None,None,None,0,3.4519,3.4538,3.4471,0.0016,0.5631,0.5633,0.5628,0.0002,0.7687,0.77,0.7678,0.0006,-0.0001,-0.0001,-0.0001,0,0,0,0,0,0,0,0,0,0,0,0,0,187.7,500,21,81.8803,0,0,0,0,229.525,1005,22,119.7233,37,46.7,47,41,23.68,23.68,23.63
2022-11-23 23:00:00,1.278,2.8136,0.3848,0.578,120,91.7015,52.1767,120,77.0971,77.2118,76.9372,0.0791,120,26.3264,26.3433,26.3006,0.006,120,1006.984,1007.2085,1006.8239,0.0873,120,0,0,0,0,120,0,0,0,0,120,13.8467,14.2604,13.2775,0.2014,120,120,0,0,0,0,0,120,None,None,None,None,0,3.4497,3.4535,3.4471,0.0015,0.5633,0.5634,0.563,0.0001,0.771,0.7721,0.7694,0.0008,-0.0001,-0.0001,-0.0001,0,0,0,0,0,0,0,0,0,0,0,0,0,116.0917,283,19,62.8271,0,0,0,0,305.8583,934,39,181.312,37,46.9167,47,43,23.67,23.68,23.63
2022-11-23 23:10:00,1.4844,4.2028,0.2192,0.7556,120,86.5567,44.8294,120,77.2813,77.4255,76.9372,0.1299,120,26.2728,26.3036,26.2456,0.0143,120,1006.8426,1007.0254,1006.6408,0.08,120,0,0,0,0,120,0,0,0,0,120,13.8263,14.2604,13.2775,0.2131,120,120,0,0,0,0,0,120,None,None,None,None,0,3.4474,3.4504,3.444,0.0013,0.5627,0.563,0.5625,0.0001,0.7728,0.7743,0.7694,0.0013,-0.0001,-0.0001,-0.0001,0,0,0,0,0,0,0,0,0,0,0,0,0,138.525,434,1,82.1342,0,0,0,0,274.1333,952,26,153.0778,37,46.95,47,41,23.67,23.68,23.63
2022-11-23 23:20:00,1.4666,3.5312,0.2468,0.8266,120,73.4167,46.835,120,77.4033,77.4865,77.3339,0.0424,120,26.2924,26.3097,26.2761,0.0075,120,1006.783,1007.0437,1006.6225,0.0905,120,0,0,0,0,120,0,0,0,0,120,13.9328,14.2604,13.7689,0.2326,120,120,0,0,0,0,0,120,None,None,None,None,0,3.4464,3.4507,3.4437,0.0015,0.5629,0.5631,0.5628,0.0001,0.774,0.7749,0.7733,0.0004,-0.0001,-0.0001,-0.0001,0,0,0,0,0,0,0,0,0,0,0,0,0,136.5917,361,4,89.8481,0,0,0,0,265.525,1011,9,196.2148,36.2,46.8167,49,41,23.67,23.68,23.63
2022-11-23 23:30:00,2.0824,5.3896,0.4768,0.9178,120,79.9473,36.6469,120,77.4529,77.5781,77.2729,0.0723,120,26.2866,26.3097,26.2578,0.0151,120,1006.738,1006.8422,1006.6225,0.0928,120,0,0,0,0,120,0,0,0,0,120,13.8345,14.2604,13.2775,0.2378,120,120,0,0,0,0,0,120,None,None,None,None,0,3.4456,3.4474,3.4437,0.0015,0.5629,0.5631,0.5626,0.0001,0.7745,0.7758,0.7727,0.0007,-0.0001,-0.0001,-0.0001,0,0,0,0,0,0,0,0,0,0,0,0,0,203.525,563,29,99.7611,0,0,0,0,249.0833,1001,18,142.3822,36,46.9333,49,41,23.67,23.68,23.63
2022-11-23 23:40:00,1.5813,2.9148,0.6332,0.5128,120,64.134,36.4925,120,77.4613,77.517,77.3949,0.0303,120,26.2754,26.2944,26.2578,0.0074,120,1006.605,1006.8422,1006.4211,0.1122,120,0,0,0,0,120,0,0,0,0,120,13.7853,14.2604,13.2775,0.1904,120,120,0,0,0,0,0,120,None,None,None,None,0,3.4434,3.4474,3.4404,0.0019,0.5627,0.5629,0.5626,0.0001,0.7746,0.7752,0.7739,0.0003,-0.0001,-0.0001,-0.0001,0,0,0,0,0,0,0,0,0,0,0,0,0,149.0583,294,46,55.7365,0,0,0,0,233.5833,1010,0,187.6751,36,46.9,47,41,23.67,23.68,23.63
2022-11-23 23:50:00,1.7593,4.0464,0.4216,0.7338,120,76.4464,39.8103,120,77.633,77.8222,77.4865,0.1064,120,26.2319,26.2639,26.2059,0.0158,120,1006.4318,1006.6408,1006.238,0.0466,120,0,0,0,0,120,0,0,0,0,120,13.814,14.2604,13.2775,0.2207,120,120,0,0,0,0,0,120,None,None,None,None,0,3.4405,3.444,3.4373,0.0008,0.5623,0.5626,0.5621,0.0002,0.7763,0.7782,0.7749,0.0011,-0.0001,-0.0001,-0.0001,0,0,0,0,0,0,0,0,0,0,0,0,0,168.4,417,23,79.7576,0,0,0,0,238.5,814,4,132.6713,36,46.4833,47,41,23.67,23.68,23.63
