datetime,Anemometer;wind_speed;Avg (m/s),Anemometer;wind_speed;Max (m/s),Anemometer;wind_speed;Min (m/s),Anemometer;wind_speed;StdDev (m/s),Anemometer;wind_speed;Count (),Wind Vane TMR;wind_direction;Avg (°),Wind Vane TMR;wind_direction;StdDev (°),Wind Vane TMR;wind_direction;Count (),Hygro/Thermo;humidity;Avg (%),Hygro/Thermo;humidity;Max (%),Hygro/Thermo;humidity;Min (%),Hygro/Thermo;humidity;StdDev (%),Hygro/Thermo;humidity;Count (),Hygro/Thermo;temperature;Avg (°C),Hygro/Thermo;temperature;Max (°C),Hygro/Thermo;temperature;Min (°C),Hygro/Thermo;temperature;StdDev (°C),Hygro/Thermo;temperature;Count (),Barometer;air_pressure;Avg (hPa),Barometer;air_pressure;Max (hPa),Barometer;air_pressure;Min (hPa),Barometer;air_pressure;StdDev (hPa),Barometer;air_pressure;Count (),DHI (Diffuse Horizontal Irradiance);solar_irradiance;Avg (W/m²),DHI (Diffuse Horizontal Irradiance);solar_irradiance;Max (W/m²),DHI (Diffuse Horizontal Irradiance);solar_irradiance;Min (W/m²),DHI (Diffuse Horizontal Irradiance);solar_irradiance;StdDev (W/m²),DHI (Diffuse Horizontal Irradiance);solar_irradiance;Count (),GHI (Global Horizontal Irradiance);solar_irradiance;Avg (W/m²),GHI (Global Horizontal Irradiance);solar_irradiance;Max (W/m²),GHI (Global Horizontal Irradiance);solar_irradiance;Min (W/m²),GHI (Global Horizontal Irradiance);solar_irradiance;StdDev (W/m²),GHI (Global Horizontal Irradiance);solar_irradiance;Count (),DNI (Direct Normal Irradiance) Pyrheliometer;solar_DNI;Avg (W/m²),DNI (Direct Normal Irradiance) Pyrheliometer;solar_DNI;Max (W/m²),DNI (Direct Normal Irradiance) Pyrheliometer;solar_DNI;Min (W/m²),DNI (Direct Normal Irradiance) Pyrheliometer;solar_DNI;StdDev (W/m²),DNI (Direct Normal Irradiance) Pyrheliometer;solar_DNI;Count (),Precipitation;precipitation;Count (),Precipitation;precipitation;Sum (mm),GTI (Global Tilt Irradiance) PV Cell;voltage;Avg (W/m2),GTI (Global Tilt Irradiance) PV Cell;voltage;Max (W/m2),GTI (Global Tilt Irradiance) PV Cell;voltage;Min (W/m2),GTI (Global Tilt Irradiance) PV Cell;voltage;StdDev (W/m2),GTI (Global Tilt Irradiance) PV Cell;voltage;Count (),Theta;other;Avg (°),Theta;other;Max (°),Theta;other;Min (°),Theta;other;StdDev (°),Theta;other;Count (),A1;channel;Avg (V),A1;channel;Max (V),A1;channel;Min (V),A1;channel;StdDev (V),A2;channel;Avg (V),A2;channel;Max (V),A2;channel;Min (V),A2;channel;StdDev (V),A3;channel;Avg (V),A3;channel;Max (V),A3;channel;Min (V),A3;channel;StdDev (V),A4;channel;Avg (V),A4;channel;Max (V),A4;channel;Min (V),A4;channel;StdDev (V),A5;channel;Avg (V),A5;channel;Max (V),A5;channel;Min (V),A5;channel;StdDev (V),A6;channel;Avg (V),A6;channel;Max (V),A6;channel;Min (V),A6;channel;StdDev (V),A7;channel;Avg (V),A7;channel;Max (V),A7;channel;Min (V),A7;channel;StdDev (V),C1;channel;Avg (I),C1;channel;Max (I),C1;channel;Min (I),C1;channel;StdDev (I),C2;channel;Avg (I),C2;channel;Max (I),C2;channel;Min (I),C2;channel;StdDev (I),D1;channel;Avg (),D1;channel;Max (),D1;channel;Min (),D1;channel;StdDev (),T;channel;Avg (°C),I;channel;Avg (mA),I;channel;Max (mA),I;channel;Min (mA),V;channel;Avg (V),V;channel;Max (V),V;channel;Min (V)
2022-11-08 00:00:00,1.881,4.1108,0.3204,0.792,120,90.5905,44.2999,120,79.2563,79.5007,79.0735,0.098,120,26.2616,26.3189,26.1693,0.0364,120,1008.6001,1008.6917,1008.4719,0.0976,120,1.8724,5.0465,0,1.8362,120,0,0,0,0,120,13.1014,14.2604,12.2946,0.4069,120,120,0,0,0,0,0,120,None,None,None,None,0,3.4767,3.4782,3.4745,0.0016,0.5626,0.5632,0.5617,0.0004,0.7926,0.795,0.7907,0.001,-0.0001,-0.0001,-0.0001,0,0,0.0001,0,0,0,0,0,0,0,0,0,0,181.6333,424,12,86.0838,0,0,0,0,304.6167,1018,5,186.2539,36,44.2667,51,39,23.67,23.68,23.63
2022-11-08 00:10:00,1.5028,2.5008,0.67,0.4668,120,106.8576,33.0185,120,79.5462,79.8669,79.2566,0.1733,120,26.0778,26.2059,25.9862,0.0609,120,1008.5923,1008.6917,1008.4719,0.0996,120,5.525,6.4882,4.5661,0.5382,120,0,0,0,0,120,13.7689,14.2604,13.2775,0.2015,120,120,0,0,0,0,0,120,None,None,None,None,0,3.4765,3.4782,3.4745,0.0017,0.5608,0.5621,0.5599,0.0006,0.7955,0.7987,0.7926,0.0017,-0.0001,-0.0001,-0.0001,0,0.0001,0.0001,0.0001,0,0,0,0,0,0,0,0,0,140.5167,249,50,50.7356,0,0,0,0,306.6,673,36,97.0309,36,41.9833,49,39,23.68,23.68,23.63
2022-11-08 00:20:00,1.2422,2.5284,0.3572,0.5679,120,86.0081,51.6163,120,79.8369,79.989,79.6838,0.0684,120,26.0166,26.0625,25.9618,0.0184,120,1008.3853,1008.5086,1008.2888,0.0872,120,4.8762,6.248,3.3646,0.7003,120,0,0,0,0,120,13.8386,14.2604,13.2775,0.2409,120,120,0,0,0,0,0,120,None,None,None,None,0,3.4731,3.4751,3.4715,0.0015,0.5602,0.5606,0.5596,0.0002,0.7984,0.7999,0.7968,0.0007,-0.0001,-0.0001,-0.0001,0,0.0001,0.0001,0,0,0,0,0,0,0,0,0,0,112.2,252,16,61.7268,0,0,0,0,320.1083,1022,8,216.1431,35.6,41.6,47,39,23.68,23.68,23.63
2022-11-08 00:30:00,1.2578,3.2368,0.2836,0.7451,120,96.1962,53.3784,120,79.8621,79.9585,79.6838,0.0548,120,25.9786,26.032,25.9282,0.0193,120,1008.3059,1008.4902,1008.1057,0.0385,120,5.577,7.2094,3.8449,0.8224,120,0,0,0,0,120,13.7771,14.2604,13.2775,0.2112,120,120,0,0,0,0,0,120,None,None,None,None,0,3.4718,3.4748,3.4684,0.0006,0.5598,0.5603,0.5593,0.0002,0.7986,0.7996,0.7968,0.0005,-0.0001,-0.0001,-0.0001,0,0.0001,0.0001,0,0,0,0,0,0,0,0,0,0,113.8917,329,8,80.9845,0,0,0,0,342.9333,1021,33,208.7623,35,41.7167,47,39,23.68,23.68,23.63
2022-11-08 00:40:00,0.8652,2.7216,0,0.5436,120,101.1478,57.2384,120,79.7438,79.8669,79.6228,0.0566,120,25.9721,26.0106,25.9404,0.0151,120,1008.2611,1008.3254,1008.0874,0.0779,120,4.1192,5.2866,2.6433,0.7038,120,0,0,0,0,120,13.7485,14.2604,13.2775,0.2332,120,120,0,0,0,0,0,120,None,None,None,None,0,3.471,3.4721,3.4681,0.0013,0.5597,0.5601,0.5594,0.0001,0.7974,0.7987,0.7962,0.0006,-0.0001,-0.0001,-0.0001,0,0.0001,0.0001,0,0,0,0,0,0,0,0,0,0,71.4083,273,0,58.8188,0,0,0,0,341.175,1018,4,203.0481,35,41.7333,47,39,23.68,23.68,23.63
2022-11-08 00:50:00,1.397,2.7492,0.256,0.593,120,95.1367,41.8578,120,79.6467,79.8059,79.4092,0.0956,120,25.9599,26.0137,25.9038,0.0209,120,1008.2247,1008.3254,1008.0874,0.0928,120,3.5746,5.0465,0.9614,1.1364,120,0,0,0,0,120,13.7648,14.2604,13.2775,0.2064,120,120,0,0,0,0,0,120,None,None,None,None,0,3.4704,3.4721,3.4681,0.0015,0.5596,0.5601,0.559,0.0002,0.7965,0.7981,0.7941,0.001,-0.0001,-0.0001,-0.0001,0,0,0.0001,0,0,0,0,0,0,0,0,0,0,129.025,276,5,64.4546,0,0,0,0,299.6917,1013,18,154.9144,35,41.5833,49,39,23.68,23.68,23.63
2022-11-08 01:00:00,1.2298,2.924,0.302,0.5251,120,101.3295,36.8915,120,79.3489,79.5618,79.1345,0.1118,120,25.9031,25.9648,25.8367,0.0237,120,1008.1942,1008.3254,1008.0874,0.0943,120,0.1682,1.2016,0,0.303,120,0,0,0,0,120,13.6379,14.2604,13.2775,0.2446,120,120,0,0,0,0,0,120,None,None,None,None,0,3.4699,3.4721,3.4681,0.0016,0.559,0.5596,0.5584,0.0002,0.7935,0.7956,0.7913,0.0011,-0.0001,-0.0001,-0.0001,0,0,0,0,0,0,0,0,0,0,0,0,0,110.85,295,10,57.0793,0,0,0,0,288.8,757,4,109.7413,35,41.7333,47,39,23.68,23.68,23.63
2022-11-08 01:10:00,1.4624,2.9792,0.4584,0.5836,120,105.7211,33.9289,120,78.9911,79.1955,78.7988,0.0919,120,25.8261,25.9038,25.7573,0.0333,120,1008.0769,1008.2888,1007.8127,0.0885,120,0,0,0,0,120,0,0,0,0,120,13.7526,14.2604,13.2775,0.2291,120,120,0,0,0,0,0,120,None,None,None,None,0,3.4679,3.4715,3.4635,0.0015,0.5583,0.559,0.5576,0.0003,0.7899,0.792,0.788,0.0009,-0.0001,-0.0001,-0.0001,0,0,0,0,0,0,0,0,0,0,0,0,0,136.1333,301,27,63.4309,0,0,0,0,310.2333,760,85,106.3498,35,41.8667,47,39,23.68,23.68,23.63
2022-11-08 01:20:00,1.1459,2.2524,0.4216,0.4667,120,80.8644,40.2083,120,78.8069,79.0429,78.6462,0.0977,120,25.8332,25.8916,25.7787,0.0249,120,1007.9548,1008.124,1007.9043,0.0739,120,0,0,0,0,120,0,0,0,0,120,13.7362,14.2604,13.2775,0.2182,120,120,0,0,0,0,0,120,None,None,None,None,0,3.4659,3.4687,3.4651,0.0012,0.5583,0.5589,0.5578,0.0003,0.7881,0.7904,0.7865,0.001,-0.0001,-0.0001,-0.0001,0,0,0,0,0,0,0,0,0,0,0,0,0,101.7333,222,23,50.7273,0,0,0,0,253.1333,928,11,147.2114,35,41.6,47,39,23.68,23.68,23.63
2022-11-08 01:30:00,1.006,2.2432,0.2284,0.4375,120,91.0703,48.5174,120,78.8085,78.9514,78.7072,0.0655,120,25.8015,25.8489,25.7573,0.0207,120,1007.9252,1008.124,1007.7395,0.0516,120,0,0,0,0,120,0,0,0,0,120,13.6952,14.2604,13.2775,0.2175,120,120,0,0,0,0,0,120,None,None,None,None,0,3.4654,3.4687,3.4623,0.0009,0.558,0.5585,0.5576,0.0002,0.7881,0.7895,0.7871,0.0007,-0.0001,-0.0001,-0.0001,0,0,0,0,0,0,0,0,0,0,0,0,0,86.5167,221,2,47.5594,0,0,0,0,301.9333,1021,17,175.6902,35,41.7,47,39,23.68,23.68,23.63
2022-11-08 01:40:00,1.0751,2.7124,0.2468,0.5728,120,71.0663,45.7732,120,78.9638,79.104,78.8293,0.067,120,25.806,25.8672,25.739,0.0266,120,1007.8266,1007.9409,1007.7029,0.0927,120,0,0,0,0,120,0,0,0,0,120,13.687,14.2604,13.2775,0.2326,120,120,0,0,0,0,0,120,None,None,None,None,0,3.4638,3.4657,3.4617,0.0015,0.5581,0.5587,0.5574,0.0003,0.7896,0.791,0.7883,0.0007,-0.0001,-0.0001,-0.0001,0,0,0,0,0,0,0,0,0,0,0,0,0,94.0333,272,4,62.264,0,0,0,0,237.6917,1014,2,164.6776,35,41.4333,47,39,23.67,23.68,23.63
2022-11-08 01:50:00,1.3401,3.154,0.2652,0.6493,120,74.1749,35.7977,120,79.1757,79.3176,79.0124,0.094,120,25.7416,25.8122,25.681,0.0266,120,1007.8521,1007.9409,1007.7029,0.0884,120,0,0,0,0,120,0,0,0,0,120,13.7648,14.2604,13.2775,0.216,120,120,0,0,0,0,0,120,None,None,None,None,0,3.4642,3.4657,3.4617,0.0015,0.5574,0.5581,0.5568,0.0003,0.7918,0.7932,0.7901,0.0009,-0.0001,-0.0001,-0.0001,0,0,0,0,0,0,0,0,0,0,0,0,0,122.8417,320,6,70.5788,0,0,0,0,224.1917,777,22,114.2811,35,41.7167,47,39,23.67,23.68,23.63
2022-11-08 02:00:00,1.1622,2.6572,0.3572,0.5195,120,84.6894,46.8506,120,79.4025,79.5007,79.2261,0.0578,120,25.7518,25.8031,25.6871,0.023,120,1007.7953,1007.9226,1007.7212,0.0877,120,0,0,0,0,120,0,0,0,0,120,13.7198,14.2604,13.2775,0.25,120,120,0,0,0,0,0,120,None,None,None,None,0,3.4633,3.4654,3.462,0.0015,0.5575,0.558,0.5569,0.0002,0.794,0.795,0.7923,0.0006,-0.0001,-0.0001,-0.0001,0,0,0,0,0,0,0,0,0,0,0,0,0,103.5,266,16,56.4621,0,0,0,0,274.0083,1011,31,162.9098,35,41.8167,47,39,23.68,23.68,23.63
2022-11-08 02:10:00,0.8903,1.7464,0.4216,0.3233,120,76.3624,32.7759,120,79.4786,79.5923,79.3176,0.0683,120,25.7608,25.8061,25.7085,0.0214,120,1007.814,1007.9226,1007.7212,0.0895,120,0,0,0,0,120,0,0,0,0,120,13.7321,14.2604,13.2775,0.2031,120,120,0,0,0,0,0,120,None,None,None,None,0,3.4636,3.4654,3.462,0.0015,0.5576,0.5581,0.5571,0.0002,0.7948,0.7959,0.7932,0.0007,-0.0001,-0.0001,-0.0001,0,0,0,0,0,0,0,0,0,0,0,0,0,73.9417,167,23,35.1437,0,0,0,0,236.3667,980,42,128.7844,35,41.4667,47,41,23.68,23.68,23.63
2022-11-08 02:20:00,1.0211,1.9672,0.5688,0.277,120,101.4482,32.8567,120,79.6648,79.7754,79.5618,0.0478,120,25.7633,25.8061,25.7176,0.0179,120,1007.8401,1007.9226,1007.7029,0.0879,120,0,0,0,0,120,0,0,0,0,120,13.6911,14.2604,13.2775,0.2113,120,120,0,0,0,0,0,120,None,None,None,None,0,3.464,3.4654,3.4617,0.0015,0.5576,0.5581,0.5572,0.0002,0.7966,0.7978,0.7956,0.0005,-0.0001,-0.0001,-0.0001,0,0,0,0,0,0,0,0,0,0,0,0,0,88.1583,191,39,30.1063,0,0,0,0,289.3667,523,88,93.7888,35,41.5667,47,39,23.68,23.68,23.63
2022-11-08 02:30:00,0.635,1.682,0,0.3473,120,106.2545,52.3445,120,79.781,79.8669,79.7143,0.0365,120,25.7565,25.8122,25.6902,0.0232,120,1007.8834,1007.9226,1007.7212,0.0619,120,0,0,0,0,120,0,0,0,0,120,13.6215,14.2604,13.2775,0.235,120,120,0,0,0,0,0,120,None,None,None,None,0,3.4647,3.4654,3.462,0.001,0.5576,0.5581,0.5569,0.0002,0.7978,0.7987,0.7971,0.0004,-0.0001,-0.0001,-0.0001,0,0,0,0,0,0,0,0,0,0,0,0,0,47.15,160,0,36.2451,0,0,0,0,339.3583,992,11,183.7845,35,41.6667,47,39,23.67,23.68,23.63
2022-11-08 02:40:00,0.8059,1.5808,0.4032,0.2498,120,89.1692,37.8613,120,79.9298,80.0195,79.8059,0.0571,120,25.707,25.7634,25.6627,0.0177,120,1007.8106,1007.9409,1007.7029,0.0907,120,0,0,0,0,120,0,0,0,0,120,13.6747,14.2604,13.2775,0.2234,120,120,0,0,0,0,0,120,None,None,None,None,0,3.4635,3.4657,3.4617,0.0015,0.5571,0.5576,0.5566,0.0002,0.7993,0.8002,0.7981,0.0006,-0.0001,-0.0001,-0.0001,0,0,0,0,0,0,0,0,0,0,0,0,0,64.7667,149,21,27.1565,0,0,0,0,279.1917,1019,32,150.7267,35,41.6833,47,41,23.67,23.68,23.63
2022-11-08 02:50:00,0.7669,1.6452,0.2376,0.3044,120,72.6216,52.3811,120,80.0579,80.1721,79.9585,0.0489,120,25.7038,25.7634,25.6566,0.0209,120,1007.7613,1007.9409,1007.7029,0.0717,120,0,0,0,0,120,0,0,0,0,120,13.6624,14.2604,13.2775,0.2563,120,120,0,0,0,0,0,120,None,None,None,None,0,3.4627,3.4657,3.4617,0.0012,0.557,0.5576,0.5566,0.0002,0.8006,0.8017,0.7996,0.0005,-0.0001,-0.0001,-0.0001,0,0,0,0,0,0,0,0,0,0,0,0,0,60.5333,156,3,33.0835,0,0,0,0,269.0083,1005,15,194.6631,35,41.65,47,39,23.67,23.68,23.63
2022-11-08 03:00:00,0.7352,1.452,0.256,0.2773,120,89.0549,39.7787,120,80.1843,80.2942,80.05,0.0668,120,25.7342,25.7909,25.678,0.0269,120,1007.8036,1007.9409,1007.7029,0.0907,120,0,0,0,0,120,0,0,0,0,120,13.6993,14.2604,13.2775,0.2234,120,120,0,0,0,0,0,120,None,None,None,None,0,3.4634,3.4657,3.4617,0.0015,0.5573,0.5579,0.5568,0.0003,0.8018,0.8029,0.8005,0.0007,-0.0001,-0.0001,-0.0001,0,0,0,0,0,0,0,0,0,0,0,0,0,57.0917,135,5,30.1447,0,0,0,0,272.6667,966,2,142.6588,35,41.7167,47,39,23.67,23.68,23.63
2022-11-08 03:10:00,0.6205,1.912,0,0.3849,120,80.6815,54.4013,120,80.2629,80.3552,80.2026,0.0372,120,25.7729,25.8153,25.7207,0.0218,120,1007.8718,1007.9226,1007.7212,0.0722,120,0,0,0,0,120,0,0,0,0,120,13.6256,14.2604,13.2775,0.2332,120,120,0,0,0,0,0,120,None,None,None,None,0,3.4645,3.4654,3.462,0.0012,0.5577,0.5582,0.5572,0.0002,0.8026,0.8036,0.802,0.0004,-0.0001,-0.0001,-0.0001,0,0,0,0,0,0,0,0,0,0,0,0,0,45.3833,185,0,40.7899,0,0,0,0,313.975,1006,10,225.6564,35,41.5333,47,39,23.67,23.68,23.63
2022-11-08 03:20:00,1.2195,3.6784,0.3388,0.7363,120,75.6452,45.1298,120,80.267,80.3858,79.8975,0.1084,120,25.7368,25.7939,25.6474,0.0276,120,1007.9751,1008.1057,1007.7395,0.0984,120,0,0,0,0,120,0,0,0,0,120,13.4986,14.2604,12.2946,0.4022,120,120,0,0,0,0,0,120,None,None,None,None,0,3.4663,3.4684,3.4623,0.0016,0.5574,0.5579,0.5565,0.0003,0.8027,0.8039,0.799,0.0011,-0.0001,-0.0001,-0.0001,0,0,0,-0.0001,0,0,0,0,0,0,0,0,0,109.725,377,14,80.036,0,0,0,0,274.0167,993,35,193.4126,34.8,41.7,47,39,23.67,23.68,23.63
2022-11-08 03:30:00,1.0654,2.6756,0.2468,0.5526,120,111.2081,43.56,120,80.4537,81.1182,79.928,0.3138,120,25.3889,25.6932,25.1225,0.1733,120,1008.1268,1008.3071,1007.9043,0.0796,120,0,0,0,0,120,0,0,0,0,120,12.9949,13.7689,12.2946,0.347,120,120,0.4,0,0,0,0,120,None,None,None,None,0,3.4688,3.4718,3.4651,0.0013,0.5539,0.5569,0.5512,0.0017,0.8045,0.8112,0.7993,0.0031,-0.0001,-0.0001,-0.0001,0,0,0,-0.0001,0,0,0,0,0,0,0,0,0,92.975,268,4,60.065,0.0333,1,0,0.1803,324.35,1020,14,138.1583,34.2,41.7,47,41,23.67,23.68,23.63
2022-11-08 03:40:00,1.0257,1.958,0.3388,0.3542,120,142.6273,36.1167,120,81.5411,82.2474,81.0572,0.3532,120,24.9351,25.1378,24.7594,0.1172,120,1008.1881,1008.3071,1008.0874,0.0932,120,0,0,0,0,120,0,0,0,0,120,13.3471,13.7689,12.786,0.2044,120,120,0.2,0,0,0,0,120,None,None,None,None,0,3.4698,3.4718,3.4681,0.0016,0.5494,0.5514,0.5476,0.0012,0.8154,0.8225,0.8106,0.0035,-0.0001,-0.0001,-0.0001,0,0,0,0,0,0,0,0,0,0,0,0,0,88.6667,190,14,38.5034,0.0167,1,0,0.1286,405.7333,773,121,104.8162,34,41.6667,49,41,23.67,23.68,23.63
2022-11-08 03:50:00,0.5962,1.222,0,0.2918,120,148.8013,41.5245,120,82.7197,83.2545,82.2169,0.2584,120,24.8082,24.8387,24.7655,0.0178,120,1008.2276,1008.4719,1008.0691,0.0916,120,0.2162,0.7213,0,0.238,120,0,0,0,0,120,13.4659,13.7689,12.786,0.2483,120,120,0,0,0,0,0,120,None,None,None,None,0,3.4705,3.4745,3.4678,0.0015,0.5481,0.5484,0.5476,0.0002,0.8272,0.8325,0.8222,0.0026,-0.0001,-0.0001,-0.0001,0,0,0,0,0,0,0,0,0,0,0,0,0,42.7417,110,0,30.3848,0,0,0,0,426.325,885,86,121.1218,34,41.65,47,39,23.67,23.68,23.63
2022-11-08 04:00:00,0.2177,0.624,0,0.177,120,164.8527,53.8149,120,83.5889,84.0175,83.224,0.184,120,24.919,24.9822,24.8265,0.0387,120,1008.139,1008.2888,1007.9043,0.086,120,0.3683,0.7213,0,0.2134,120,0,0,0,0,120,13.5928,14.2604,13.2775,0.2532,120,120,0,0,0,0,0,120,None,None,None,None,0,3.469,3.4715,3.4651,0.0014,0.5492,0.5498,0.5483,0.0004,0.8359,0.8402,0.8322,0.0018,-0.0001,-0.0001,-0.0001,0,0,0,0,0,0,0,0,0,0,0,0,0,8.6333,45,0,10.7874,0,0,0,0,457.075,869,84,151.847,34,41.6833,47,39,23.67,23.68,23.63
2022-11-08 04:10:00,0.6476,1.7372,0,0.2876,120,87.389,37.3352,120,84.1879,84.4752,83.9259,0.1363,120,24.9383,24.9913,24.8509,0.0375,120,1008.2119,1008.2888,1007.886,0.0977,120,0.5366,1.4417,0,0.3128,120,0,0,0,0,120,13.4331,13.7689,12.786,0.2383,120,120,0,0,0,0,0,120,None,None,None,None,0,3.4702,3.4715,3.4648,0.0016,0.5494,0.5499,0.5485,0.0004,0.8419,0.8448,0.8393,0.0014,-0.0001,-0.0001,-0.0001,0,0,0,0,0,0,0,0,0,0,0,0,0,47.9417,166,0,30.5246,0,0,0,0,257.4333,771,2,116.5507,34,41.45,47,39,23.67,23.68,23.63
2022-11-08 04:20:00,0.8722,1.682,0,0.3884,120,98.7658,48.006,120,84.7512,85.0551,84.2921,0.1982,120,24.8059,24.857,24.7807,0.0139,120,1008.3052,1008.4719,1008.0874,0.0823,120,1.628,2.4032,1.2016,0.2963,120,0,0,0,0,120,13.3881,13.7689,12.786,0.2157,120,120,0.1,0,0,0,0,120,None,None,None,None,0,3.4718,3.4745,3.4681,0.0014,0.5481,0.5486,0.5478,0.0001,0.8475,0.8506,0.8429,0.002,-0.0001,-0.0001,-0.0001,0,0,0,0,0,0,0,0,0,0,0,0,0,73.5,160,0,39.0369,0.0083,1,0,0.0913,306.3083,1006,10,155.0553,34,41.6667,47,39,23.67,23.68,23.63
2022-11-08 04:30:00,0.8772,1.6636,0.302,0.2933,120,87.3356,40.6967,120,85.1858,85.3908,84.9635,0.1124,120,24.7481,24.7868,24.7166,0.0191,120,1008.4121,1008.655,1008.0874,0.1068,120,2.5032,3.1236,1.922,0.2616,120,0.0397,0.3661,0,0.1143,120,13.4495,13.7689,12.786,0.2439,120,120,0,0.0458,0.6104,0,0.1164,120,None,None,None,None,0,3.4735,3.4776,3.4681,0.0018,0.5475,0.5479,0.5472,0.0002,0.8519,0.8539,0.8496,0.0011,-0.0001,-0.0001,-0.0001,0,0,0,0,0,0,0,0,0,0,0.0006,0,0.0001,72.525,158,10,31.8758,0,0,0,0,268.05,937,1,138.7522,34,41.55,47,41,23.66,23.68,23.63
2022-11-08 04:40:00,0.9419,1.8936,0.2744,0.3279,120,98.8037,36.5434,120,85.5319,85.696,85.3298,0.0902,120,24.7121,24.7288,24.7014,0.0051,120,1008.4959,1008.6734,1008.4536,0.0707,120,4.4777,6.4882,2.4032,1.0323,120,1.7188,4.03,0.3661,1.0954,120,13.4495,13.7689,13.2775,0.2354,120,120,0,1.9328,4.2726,0,1.101,120,None,None,None,None,0,3.4749,3.4779,3.4742,0.0012,0.5471,0.5473,0.547,0.0001,0.8553,0.857,0.8533,0.0009,-0.0001,-0.0001,-0.0001,0,0.0001,0.0001,0,0,0,0,0,0,0.0019,0.0043,0,0.0011,79.5583,183,7,35.6429,0,0,0,0,289.5833,909,80,115.8641,34,41.5,47,39,23.66,23.68,23.63
2022-11-08 04:50:00,0.638,1.2312,0.302,0.2067,120,115.4214,33.1128,120,85.7878,85.9096,85.696,0.052,120,24.7099,24.7258,24.6953,0.0071,120,1008.564,1008.6734,1008.4353,0.0912,120,10.5734,16.1,6.4882,2.8366,120,8.057,13.1897,3.6639,2.7509,120,13.97,15.7364,13.2775,0.7422,120,120,0,7.5508,11.597,3.6622,2.1769,120,89.29,89.93,88.64,0.44,77,3.4761,3.4779,3.4739,0.0015,0.5471,0.5473,0.547,0.0001,0.8579,0.8591,0.857,0.0005,-0.0001,-0.0001,-0.0001,0,0.0001,0.0002,0.0001,0,0.0001,0.0001,0,0,0.0076,0.0116,0.0037,0.0022,46.5167,111,10,22.4645,0,0,0,0,334.7833,993,61,108.883,34,41.95,47,39,23.66,23.68,23.63
2022-11-08 05:00:00,0.8794,1.6452,0.3756,0.2581,120,99.8885,22.0094,120,85.9605,86.1232,85.757,0.0963,120,24.7527,24.8479,24.6983,0.0513,120,1008.6105,1008.8382,1008.4353,0.0788,120,22.8989,31.4795,16.1,4.3064,120,27.9967,43.964,13.5558,8.3666,120,136.1063,204.0799,15.2449,48.0621,120,120,0,16.9683,24.1096,11.597,3.6942,120,87.34,88.64,86.06,0.69,120,3.4768,3.4806,3.4739,0.0013,0.5475,0.5485,0.547,0.0005,0.8596,0.8612,0.8576,0.001,-0.0008,-0.0001,-0.0013,0.0003,0.0003,0.0004,0.0002,0.0001,0.0002,0.0004,0.0001,0.0001,0.017,0.0241,0.0116,0.0037,72.7583,156,18,28.0585,0,0,0,0,290.0333,1003,43,88.1271,34,41.5833,47,39,23.66,23.68,23.63
2022-11-08 05:10:00,0.5235,1.1484,0,0.251,120,88.2974,49.9597,120,85.9836,86.1538,85.6655,0.1387,120,25.1037,25.446,24.854,0.1653,120,1008.7078,1008.8565,1008.6184,0.0924,120,40.2188,43.9756,31.4795,3.7778,120,60.1516,76.2041,43.964,11.0458,120,231.8148,305.3819,121.4647,57.5933,120,120,0,31.4748,34.4859,24.4148,2.8901,120,84.96,86.06,83.74,0.7,120,3.4785,3.4809,3.477,0.0015,0.551,0.5545,0.5485,0.0016,0.8598,0.8615,0.8567,0.0014,-0.0014,-0.0008,-0.0019,0.0004,0.0005,0.0006,0.0004,0,0.0005,0.0006,0.0004,0.0001,0.0315,0.0345,0.0244,0.0029,35.4083,102,0,24.9111,0,0,0,0,325.3083,1005,12,210.9604,34,41.75,47,39,23.66,23.68,23.63
2022-11-08 05:20:00,0.7809,1.7096,0.2192,0.3902,120,109.7138,53.4349,120,85.3132,85.9401,84.6278,0.3307,120,25.7335,26.0076,25.4491,0.1786,120,1008.7017,1008.8565,1008.6184,0.0918,120,48.1468,52.6268,43.4953,2.595,120,93.3813,112.4754,76.9376,10.024,120,350.058,410.1257,265.5495,33.2433,120,120,0,40.6405,47.9141,33.8755,4.8707,120,82.58,83.74,81.41,0.7,120,3.4784,3.4809,3.477,0.0015,0.5573,0.5601,0.5545,0.0018,0.8531,0.8594,0.8463,0.0033,-0.0022,-0.0016,-0.0025,0.0002,0.0006,0.0007,0.0006,0,0.0008,0.0009,0.0006,0.0001,0.0406,0.0479,0.0339,0.0049,62.05,163,1,42.4155,0,0,0,0,358.45,1000,33,187.6965,34,41.6,47,39,23.67,23.68,23.63
2022-11-08 05:30:00,0.7551,1.544,0,0.3416,120,98.2354,51.3022,120,84.7517,85.2382,84.2616,0.2393,120,26.1532,26.4623,26.0015,0.1445,120,1008.8057,1009.003,1008.6184,0.0781,120,52.8086,58.874,50.2236,2.3703,120,123.6433,151.3097,64.114,21.1366,120,410.8148,488.8076,113.5965,86.5104,120,120,0,56.9043,72.6341,40.5896,8.998,120,80.19,81.41,79.08,0.7,120,3.4801,3.4834,3.477,0.0013,0.5615,0.5646,0.56,0.0014,0.8475,0.8524,0.8426,0.0024,-0.0026,-0.0007,-0.003,0.0005,0.0007,0.0007,0.0006,0,0.001,0.0013,0.0005,0.0002,0.0569,0.0726,0.0406,0.009,59.625,145,0,36.3949,0,0,0,0,332.5583,997,2,188.317,34,41.7333,47,41,23.67,23.68,23.63
2022-11-08 05:40:00,0.9905,1.7096,0.2192,0.3217,120,109.6973,38.4372,120,83.8239,84.9635,83.0714,0.5249,120,26.6047,26.7126,26.4501,0.0623,120,1008.9634,1009.2044,1008.8198,0.0901,120,67.327,80.2614,58.874,5.5486,120,152.4338,205.8992,69.2437,41.7012,120,406.4709,543.3935,59.0106,163.1847,120,120,0,83.8115,115.9703,50.6607,19.6301,120,77.8,79.08,76.49,0.69,120,3.4827,3.4867,3.4803,0.0015,0.5661,0.5671,0.5645,0.0006,0.8382,0.8496,0.8307,0.0052,-0.0025,-0.0004,-0.0034,0.001,0.0009,0.001,0.0007,0.0001,0.0013,0.0017,0.0006,0.0003,0.0838,0.116,0.0507,0.0196,84.8333,163,1,34.9649,0,0,0,0,322.525,686,149,113.6575,34,41.9,47,39,23.66,23.68,23.63
2022-11-08 05:50:00,0.7776,1.6912,0.2376,0.4122,120,102.535,49.1836,120,83.5086,84.4447,82.8578,0.4603,120,26.8349,27.0849,26.5874,0.1644,120,1009.1462,1009.2227,1008.8382,0.0935,120,98.3801,111.7409,80.7417,10.2263,120,162.8631,271.479,96.7215,56.6992,120,278.413,597.9778,21.1457,242.1388,120,120,0,110.7847,173.6503,79.6533,23.8246,120,75.4,76.49,74.16,0.7,120,3.4858,3.487,3.4806,0.0016,0.5684,0.5708,0.5659,0.0016,0.8351,0.8444,0.8286,0.0046,-0.0017,-0.0001,-0.0037,0.0015,0.0012,0.0014,0.001,0.0001,0.0014,0.0023,0.0008,0.0005,0.1108,0.1737,0.0797,0.0238,61.7,161,3,44.8041,0,0,0,0,329.8,1006,50,169.9643,34,41.6,47,39,23.66,23.68,23.63
2022-11-08 06:00:00,1.1837,2.5192,0.3572,0.489,120,87.6625,32.8995,120,82.4053,82.8578,82.0643,0.1715,120,26.8803,27.1032,26.6851,0.1311,120,1009.2322,1009.4058,1009.003,0.0632,120,120.1736,130.485,105.2528,8.2543,120,176.4675,325.3349,101.1176,72.8239,120,212.1977,628.9591,20.6542,216.7549,120,120,0,133.3328,225.5318,86.3674,43.3544,120,73.01,74.16,71.82,0.7,120,3.4872,3.4901,3.4834,0.0011,0.5688,0.571,0.5668,0.0013,0.8241,0.8286,0.8206,0.0017,-0.0013,-0.0001,-0.0039,0.0013,0.0015,0.0017,0.0013,0.0001,0.0015,0.0027,0.0008,0.0006,0.1333,0.2255,0.0864,0.0434,105.8333,251,16,53.1472,0,0,0,0,249.3583,529,1,95.5683,34,41.6833,47,39,23.66,23.68,23.63
2022-11-08 06:10:00,1.4045,2.6112,0.3296,0.5215,120,94.6899,40.4855,120,82.3028,82.8883,81.5455,0.3253,120,26.7616,26.9353,26.6698,0.0666,120,1009.4185,1009.6072,1009.1861,0.1106,120,129.956,133.6087,118.9504,2.7597,120,296.1022,374.7947,128.2293,90.3349,120,490.2624,673.7093,23.1131,246.7674,120,120,0,214.9393,274.9718,103.7629,60.6702,120,70.62,71.82,69.49,0.7,120,3.4903,3.4935,3.4864,0.0018,0.5676,0.5694,0.5667,0.0007,0.823,0.8289,0.8155,0.0033,-0.003,-0.0001,-0.0042,0.0015,0.0016,0.0017,0.0015,0,0.0025,0.0031,0.0011,0.0008,0.2149,0.275,0.1038,0.0607,129.8417,261,13,56.6812,0,0,0,0,306.3,1018,91,157.4388,34,41.6,49,39,23.66,23.68,23.63
2022-11-08 06:20:00,1.3785,3.1908,0.394,0.5984,120,80.5298,42.9347,120,81.2754,82.7357,80.1721,0.6604,120,27.338,27.5732,26.9506,0.1672,120,1009.6301,1009.7903,1009.3875,0.0968,120,95.8389,117.5087,86.5094,8.2736,120,360.0946,377.3601,212.8607,31.1609,120,664.0456,705.1805,293.0873,79.1513,120,120,0,266.6733,281.3807,165.1051,21.6783,120,68.22,69.49,67.15,0.7,120,3.4938,3.4965,3.4898,0.0016,0.5734,0.5757,0.5695,0.0017,0.8128,0.8274,0.8017,0.0066,-0.0041,-0.0018,-0.0044,0.0005,0.0012,0.0015,0.0011,0.0001,0.003,0.0031,0.0018,0.0003,0.2667,0.2814,0.1651,0.0217,127.0083,324,20,65.0445,0,0,0,0,284.9083,1009,48,189.8974,34,41.5,47,39,23.66,23.68,23.63
2022-11-08 06:30:00,1.9237,3.338,0.5044,0.6637,120,93.8731,38.4287,120,79.4148,80.6299,78.6157,0.5789,120,27.4968,27.6739,27.2436,0.1466,120,1009.7787,1009.9734,1009.5889,0.0573,120,128.5262,146.3449,91.5559,17.6288,120,319.2628,486.1717,144.7155,124.8544,120,430.7883,736.6532,28.0309,266.6261,120,120,0,247.8306,380.871,117.1911,94.4375,120,65.82,66.89,64.56,0.7,120,3.4963,3.4996,3.4931,0.001,0.575,0.5767,0.5724,0.0015,0.7941,0.8063,0.7862,0.0058,-0.0027,-0.0002,-0.0046,0.0017,0.0016,0.0019,0.0012,0.0002,0.0027,0.004,0.0012,0.001,0.2478,0.3809,0.1172,0.0944,186.275,340,32,72.1388,0,0,0,0,288.575,1013,2,141.2864,34,41.6167,47,39,23.66,23.68,23.63
2022-11-08 06:40:00,1.8911,3.292,0.6148,0.6089,120,89.2227,37.5868,120,78.7904,79.1955,78.3715,0.1845,120,27.1755,27.2588,27.1123,0.0423,120,1009.9493,1010.1749,1009.772,0.1208,120,180.4116,203.2969,144.6622,16.2613,120,343.9072,567.8715,162.6675,181.7268,120,338.4157,753.8656,14.7535,339.3262,120,120,0,282.4488,458.388,140.3851,142.9224,120,63.43,64.56,62.22,0.7,120,3.4992,3.5029,3.4962,0.002,0.5718,0.5726,0.5711,0.0004,0.7879,0.792,0.7837,0.0018,-0.0021,-0.0001,-0.0047,0.0021,0.0023,0.0026,0.0018,0.0002,0.0029,0.0047,0.0014,0.0015,0.2824,0.4584,0.1404,0.1429,182.725,335,44,66.1868,0,0,0,0,263.5333,846,4,118.6519,34,41.75,47,39,23.67,23.68,23.63
2022-11-08 06:50:00,1.8053,3.7796,0.5596,0.717,120,82.3239,32.9307,120,77.9684,79.0735,76.4183,0.7997,120,27.6933,27.973,27.2497,0.2533,120,1010.1787,1010.358,1009.9734,0.0751,120,185.2177,231.8929,148.9882,28.1863,120,564.9129,628.6891,330.4646,47.3732,120,725.9824,777.4702,354.0654,70.5673,120,120,0,469.6468,538.6517,269.7836,46.1236,120,61.03,62.22,59.88,0.7,120,3.503,3.506,3.4996,0.0013,0.5769,0.5797,0.5725,0.0025,0.7797,0.7907,0.7642,0.008,-0.0045,-0.0022,-0.0048,0.0004,0.0024,0.0029,0.0019,0.0004,0.0047,0.0052,0.0028,0.0004,0.4696,0.5387,0.2698,0.0461,173.4,388,38,77.9374,0,0,0,0,245.5583,981,42,115.7748,34,41.6833,47,41,23.67,23.68,23.63
2022-11-08 07:00:00,2.9006,5.96,0.9092,1.0355,120,99.0743,25.4877,120,75.9936,77.2423,75.0145,0.5063,120,27.7767,28.0096,27.6067,0.1085,120,1010.3409,1010.5228,1010.1566,0.0587,120,195.0962,227.0866,173.0181,17.7473,120,565.6427,661.6615,273.3109,75.0698,120,661.0458,759.7664,121.4647,138.45,120,120,0,483.4666,571.3065,243.5377,63.3681,120,58.64,59.88,57.55,0.7,120,3.5057,3.5087,3.5026,0.001,0.5778,0.5801,0.5761,0.0011,0.7599,0.7724,0.7501,0.0051,-0.0041,-0.0008,-0.0047,0.0009,0.0025,0.0029,0.0022,0.0002,0.0047,0.0055,0.0023,0.0006,0.4835,0.5713,0.2435,0.0634,292.4583,625,76,112.5516,0,0,0,0,289.6667,908,78,89.5922,34.8,41.6167,47,39,23.67,23.68,23.63
2022-11-08 07:10:00,2.2296,4.9572,0.4584,0.9364,120,82.3472,37.1361,120,75.5305,75.808,75.0755,0.1751,120,27.5222,27.6067,27.4236,0.0472,120,1010.3516,1010.5411,1010.1566,0.0416,120,195.6569,287.6433,153.0732,39.1867,120,307.9939,681.4454,157.9052,190.1912,120,192.9494,801.5662,13.7689,294.7201,120,120,0,263.6469,583.2087,132.4503,163.671,120,56.24,57.55,54.95,0.7,120,3.5059,3.509,3.5026,0.0007,0.5752,0.5761,0.5742,0.0005,0.7553,0.7581,0.7508,0.0018,-0.0012,-0.0001,-0.005,0.0018,0.0025,0.0037,0.0019,0.0005,0.0026,0.0057,0.0013,0.0016,0.2636,0.5832,0.1325,0.1637,219.5167,516,27,101.7834,0,0,0,0,272.5833,1018,30,166.0739,35,41.75,49,39,23.67,23.68,23.63
2022-11-08 07:20:00,1.9096,4.4236,0.4216,0.9942,120,94.7685,44.2621,120,75.5791,76.7846,74.5262,0.703,120,27.7654,27.9974,27.4236,0.1936,120,1010.4555,1010.5594,1010.3397,0.0846,120,207.638,307.1079,148.0268,61.575,120,681.5922,804.545,302.9868,108.5151,120,744.6365,813.8592,29.0139,188.9799,120,120,0,586.9727,692.465,265.2058,93.0775,120,53.85,54.95,52.62,0.7,120,3.5076,3.5093,3.5057,0.0014,0.5776,0.58,0.5742,0.0019,0.7558,0.7678,0.7453,0.007,-0.0046,-0.0002,-0.0051,0.0012,0.0026,0.0039,0.0019,0.0008,0.0057,0.0067,0.0025,0.0009,0.587,0.6925,0.2652,0.0931,184.7417,458,23,108.0678,0,0,0,0,300.175,1021,4,166.3269,35,41.6333,47,39,23.67,23.68,23.63
2022-11-08 07:30:00,2.327,4.6812,0.6516,0.9285,120,87.7871,41.8443,120,74.1379,74.7703,73.4886,0.3903,120,28.037,28.1744,27.9547,0.0616,120,1010.5206,1010.5594,1010.358,0.0592,120,126.6418,154.0346,110.5394,10.662,120,657.3875,709.2893,399.7083,40.7046,120,788.444,855.659,367.3429,66.3895,120,120,0,562.5223,609.4546,338.1451,36.1085,120,51.46,52.62,50.29,0.7,120,3.5087,3.5093,3.506,0.001,0.5804,0.5817,0.5796,0.0006,0.7414,0.7477,0.7349,0.0039,-0.0049,-0.0023,-0.0053,0.0004,0.0016,0.002,0.0014,0.0001,0.0055,0.0059,0.0033,0.0003,0.5625,0.6095,0.3381,0.0361,230.1083,486,48,100.9209,0,0,0,0,287.3583,953,2,163.0812,35,41.4833,47,39,23.67,23.68,23.63
2022-11-08 07:40:00,2.3005,4.534,0.3296,0.9028,120,87.8312,36.3478,120,72.925,73.8853,72.0237,0.4596,120,28.2686,28.4246,28.1744,0.0655,120,1010.5434,1010.7425,1010.3763,0.0558,120,124.1347,154.9953,103.3307,18.6705,120,712.0833,779.6327,667.1573,36.0085,120,831.8294,864.5102,792.7135,17.04,120,120,0,613.9739,678.1213,570.6961,35.3603,120,49.07,50.29,47.96,0.7,120,3.5091,3.5124,3.5063,0.0009,0.5827,0.5843,0.5817,0.0007,0.7292,0.7389,0.7202,0.0046,-0.0052,-0.0049,-0.0054,0.0001,0.0016,0.002,0.0013,0.0002,0.0059,0.0065,0.0056,0.0003,0.614,0.6781,0.5707,0.0354,227.2333,470,13,98.1344,0,0,0,0,270.3,1001,88,132.8646,35.8,43,47,39,23.67,23.68,23.63
2022-11-08 07:50:00,2.6902,5.04,0.716,0.9239,120,93.2976,35.9875,120,71.6811,72.2068,70.7419,0.3856,120,28.2127,28.4429,28.1164,0.0916,120,1010.5933,1010.7608,1010.5411,0.0752,120,146.569,168.2126,135.0504,8.4188,120,766.6234,804.1789,440.3745,59.8113,120,838.0418,889.5907,365.8685,81.7274,120,120,0,666.0436,703.4516,323.191,54.8999,120,46.68,47.96,45.38,0.69,120,3.5099,3.5127,3.509,0.0013,0.5821,0.5844,0.5812,0.0009,0.7168,0.7221,0.7074,0.0039,-0.0052,-0.0023,-0.0055,0.0005,0.0019,0.0021,0.0017,0.0001,0.0064,0.0067,0.0037,0.0005,0.666,0.7035,0.3232,0.0549,269.5917,525,55,100.4239,0,0,0,0,272.7167,807,32,110.4435,36,41.3333,47,39,23.68,23.68,23.63
2022-11-08 08:00:00,2.4945,5.6564,0.67,0.9832,120,73.8496,30.8801,120,71.279,72.0237,70.5588,0.3827,120,28.2699,28.3666,28.1713,0.0511,120,1010.6088,1010.7791,1010.5411,0.0775,120,200.8194,256.4031,150.1898,25.7672,120,758.6976,958.054,204.7995,223.1011,120,718.5939,891.0651,23.6046,279.2291,120,120,0,668.7546,858.4857,169.6829,201.8654,120,44.3,45.38,43.06,0.69,120,3.5101,3.513,3.509,0.0013,0.5827,0.5837,0.5817,0.0005,0.7128,0.7202,0.7056,0.0038,-0.0045,-0.0001,-0.0055,0.0017,0.0026,0.0033,0.0019,0.0003,0.0063,0.008,0.0017,0.0019,0.6688,0.8585,0.1697,0.2019,248.3167,592,50,106.8643,0,0,0,0,223.4083,906,29,111.6304,36,41.3833,47,39,23.67,23.68,23.63
2022-11-08 08:10:00,2.5407,5.0584,0.256,1.0428,120,78.1077,56.4928,120,71.4792,72.0847,70.9861,0.2944,120,28.1514,28.211,28.0645,0.0427,120,1010.7163,1010.7791,1010.5594,0.0805,120,256.756,287.6433,214.5906,21.9801,120,634.6238,994.3241,241.8031,302.8378,120,468.4488,910.2449,14.7535,377.5682,120,120,0,559.7451,896.6338,207.2207,274.902,120,41.92,43.06,40.75,0.69,120,3.5119,3.513,3.5093,0.0013,0.5815,0.5821,0.5806,0.0004,0.7148,0.7208,0.7099,0.0029,-0.0029,-0.0001,-0.0056,0.0023,0.0033,0.0037,0.0027,0.0003,0.0053,0.0083,0.002,0.0025,0.5597,0.8966,0.2072,0.2749,253.3333,527,5,113.3436,0,0,0,0,270.5667,1008,1,196.129,36.6,41.8667,47,39,23.67,23.68,23.63
2022-11-08 08:20:00,2.5335,4.4788,0.8816,0.8973,120,74.9136,34.3786,120,71.5534,72.7256,70.4978,0.5616,120,28.3601,28.5314,28.1835,0.1215,120,1010.6825,1010.7791,1010.5594,0.092,120,249.9454,307.5882,212.9087,26.0232,120,753.9928,1044.5174,258.2893,276.0007,120,607.0795,904.8356,19.6697,337.7179,120,120,0,678.7138,946.6842,223.0903,252.9348,120,39.55,40.75,38.44,0.69,120,3.5114,3.513,3.5093,0.0015,0.5836,0.5853,0.5818,0.0012,0.7155,0.7273,0.705,0.0056,-0.0038,-0.0001,-0.0056,0.0021,0.0032,0.0039,0.0027,0.0003,0.0063,0.0087,0.0022,0.0023,0.6787,0.9467,0.2231,0.2529,252.5583,464,73,97.5374,0,0,0,0,235.0667,976,60,137.1627,37,41.5167,47,39,23.67,23.68,23.63
2022-11-08 08:30:00,2.8079,5.3712,0.5044,1.0143,120,86.379,46.1857,120,71.2951,72.3899,70.5588,0.5525,120,28.4173,28.5437,28.208,0.1086,120,1010.6587,1010.7974,1010.5777,0.0891,120,180.0572,273.7055,133.3685,39.9647,120,924.2443,1015.5738,328.9988,98.7752,120,865.9778,900.4093,78.6819,127.9212,120,120,0,824.16,907.9257,295.4192,86.1458,120,37.19,38.44,36.14,0.68,120,3.511,3.5133,3.5096,0.0015,0.5842,0.5854,0.5821,0.0011,0.713,0.7239,0.7056,0.0055,-0.0054,-0.0005,-0.0056,0.0008,0.0023,0.0035,0.0017,0.0005,0.0077,0.0085,0.0027,0.0008,0.8242,0.9079,0.2954,0.0861,282.3833,561,32,110.246,0,0,0,0,266.2,784,56,141.2631,37,41.8167,47,39,23.68,23.68,23.63
2022-11-08 08:40:00,2.4375,5.5828,0.5228,1.0017,120,82.7418,45.4534,120,70.3185,71.2607,68.6666,0.7036,120,28.7044,28.9221,28.4979,0.1496,120,1010.5245,1010.6143,1010.4129,0.0883,120,190.7367,295.3323,134.089,47.3539,120,888.2333,1103.503,339.2569,169.2384,120,784.055,910.7364,148.5111,229.0124,120,120,0,796.4644,1002.8382,311.8992,154.1426,120,34.84,35.89,33.6,0.68,120,3.5087,3.5102,3.5069,0.0015,0.587,0.5892,0.585,0.0015,0.7032,0.7126,0.6867,0.007,-0.0049,-0.0009,-0.0057,0.0014,0.0024,0.0038,0.0017,0.0006,0.0074,0.0092,0.0028,0.0014,0.7965,1.0028,0.3119,0.1541,242.1167,584,34,108.8828,0,0,0,0,284.2417,1010,43,186.8803,37.5,41.4,47,39,23.68,23.73,23.63
2022-11-08 08:50:00,2.4864,4.6076,0.6608,1.0337,120,71.8293,49.1939,120,69.4238,70.6198,68.1173,0.615,120,28.8942,29.0228,28.7695,0.0668,120,1010.4543,1010.6143,1010.4129,0.0634,120,196.8063,272.7441,154.7551,30.1474,120,964.8899,1082.6194,329.3649,165.5156,120,843.9921,908.7689,82.1238,198.2705,120,120,0,868.366,981.1701,288.0947,151.704,120,32.5,33.6,31.32,0.68,120,3.5076,3.5102,3.5069,0.0011,0.5889,0.5902,0.5877,0.0007,0.6942,0.7062,0.6812,0.0062,-0.0052,-0.0005,-0.0056,0.0012,0.0025,0.0035,0.002,0.0004,0.008,0.009,0.0027,0.0014,0.8684,0.9812,0.2881,0.1517,247.4333,478,49,112.3608,0,0,0,0,277.025,1011,23,212.2031,38,41.6333,47,41,23.68,23.68,23.63
2022-11-08 09:00:00,2.7765,5.592,0.5596,1.1905,120,91.3222,43.1699,120,69.3632,70.5283,68.392,0.5369,120,28.7492,28.858,28.6627,0.0617,120,1010.4849,1010.6143,1010.2664,0.0785,120,270.8898,381.1213,192.0024,51.83,120,954.7476,1239.0588,284.6687,301.0721,120,730.5639,911.2278,16.2278,329.7051,120,120,0,867.0232,1138.9508,256.9658,274.8555,120,30.17,31.32,29.06,0.68,120,3.5081,3.5102,3.5044,0.0013,0.5875,0.5886,0.5866,0.0006,0.6936,0.7053,0.6839,0.0054,-0.0045,-0.0001,-0.0057,0.002,0.0034,0.0048,0.0024,0.0007,0.008,0.0103,0.0024,0.0025,0.867,1.139,0.257,0.2749,278.9667,585,38,129.3984,0,0,0,0,290.375,990,10,160.2241,38,41.7,47,39,23.68,23.68,23.63
2022-11-08 09:10:00,4.0489,6.3648,1.084,1.1306,120,95.9993,23.1802,120,69.6287,70.4978,68.9718,0.3313,120,28.3918,28.7085,28.0126,0.2013,120,1010.474,1010.6326,1010.4312,0.0634,120,275.2573,351.3236,175.9016,44.8901,120,1104.745,1195.461,538.928,102.0288,120,869.5389,927.9471,199.1621,119.4346,120,120,0,1012.5609,1093.4782,484.3287,95.6248,120,27.87,29.06,26.82,0.67,120,3.5079,3.5105,3.5072,0.0011,0.5839,0.5871,0.5801,0.002,0.6963,0.705,0.6897,0.0033,-0.0054,-0.0012,-0.0058,0.0007,0.0035,0.0045,0.0022,0.0006,0.0092,0.01,0.0045,0.0008,1.0126,1.0935,0.4843,0.0956,417.275,669,95,122.887,0,0,0,0,273.7833,542,88,68.2392,38.4,41.9833,47,41,23.68,23.68,23.63
2022-11-08 09:20:00,3.1079,6.0152,0.854,1.1607,120,89.6653,36.6179,120,70.9695,71.8406,69.7958,0.4645,120,28.2579,28.6535,27.9363,0.2404,120,1010.4263,1010.6143,1010.2481,0.0687,120,156.6217,225.4047,121.8339,28.7944,120,991.9584,1073.8271,219.455,167.7629,120,855.7904,920.5704,25.572,190.0419,120,120,0,893.203,972.6249,185.8577,156.1142,120,25.58,26.82,24.37,0.66,120,3.5071,3.5102,3.5041,0.0011,0.5826,0.5865,0.5794,0.0024,0.7097,0.7184,0.698,0.0046,-0.0053,-0.0002,-0.0057,0.0012,0.002,0.0029,0.0015,0.0004,0.0083,0.0089,0.0018,0.0014,0.8932,0.9726,0.1859,0.1561,314.9917,631,70,126.1629,0,0,0,0,268.3833,922,34,125.5651,39,41.8167,47,39,23.68,23.68,23.63
2022-11-08 09:30:00,3.0309,6.5212,0.7436,1.2412,120,62.8009,39.1114,120,70.1656,71.1692,69.216,0.4632,120,28.6359,28.7176,28.5284,0.0494,120,1010.4233,1010.4862,1010.2664,0.0682,120,169.2316,277.7906,132.1669,43.2869,120,1057.0652,1167.9832,790.2569,54.2508,120,893.5696,916.6371,514.8711,68.0765,120,120,0,953.8382,1063.8752,693.6857,53.8524,120,23.33,24.37,22.19,0.65,120,3.5071,3.5081,3.5044,0.0011,0.5864,0.5872,0.5853,0.0005,0.7017,0.7117,0.6922,0.0046,-0.0055,-0.0032,-0.0057,0.0004,0.0021,0.0035,0.0017,0.0006,0.0088,0.0097,0.0066,0.0005,0.9538,1.0639,0.6937,0.0539,306.6167,686,58,134.9182,0,0,0,0,202.6417,965,4,140.4226,39,41.9167,49,39,23.68,23.68,23.63
2022-11-08 09:40:00,2.7122,5.3528,0.4952,1.2377,120,91.3466,55.5327,120,70.0479,71.4438,68.7277,0.7683,120,28.9876,29.1784,28.6779,0.1395,120,1010.4509,1010.6326,1010.2664,0.0449,120,234.0193,278.752,180.7079,29.4709,120,1047.5793,1213.0468,284.6687,226.5438,120,807.1841,927.4557,20.6542,236.6777,120,120,0,955.7685,1104.4649,249.031,209.6575,120,21.12,22.19,20.06,0.64,120,3.5075,3.5105,3.5044,0.0007,0.5899,0.5918,0.5868,0.0014,0.7005,0.7144,0.6873,0.0077,-0.005,-0.0001,-0.0058,0.0015,0.003,0.0035,0.0023,0.0004,0.0087,0.0101,0.0024,0.0019,0.9558,1.1045,0.249,0.2097,271.975,559,31,134.5365,0,0,0,0,307.8083,909,33,185.2862,39,41.7667,47,39,23.68,23.73,23.63
2022-11-08 09:50:00,3.2491,6.4108,1.1668,1.2285,120,83.5531,31.8863,120,69.5558,70.7114,68.3004,0.6456,120,28.5191,28.8824,28.3666,0.1399,120,1010.4311,1010.6326,1010.2664,0.072,120,240.2311,334.9827,181.189,38.0747,120,985.669,1203.521,273.6771,325.3676,120,732.318,926.4728,14.7535,340.4891,120,120,0,895.9014,1099.2767,239.8755,300.2342,120,18.97,20.06,17.99,0.62,120,3.5072,3.5105,3.5044,0.0012,0.5852,0.5888,0.5837,0.0014,0.6956,0.7071,0.683,0.0065,-0.0045,-0.0001,-0.0057,0.0021,0.0031,0.0043,0.0023,0.0005,0.0082,0.01,0.0023,0.0027,0.8959,1.0993,0.2399,0.3002,330.3333,674,104,133.5355,0,0,0,0,240.775,506,58,91.862,39.5,41.4333,47,41,23.68,23.68,23.68
2022-11-08 10:00:00,2.2201,5.3988,0.4492,1.1183,120,87.6559,56.2335,120,70.1013,71.0776,67.5985,0.8124,120,29.0456,29.5325,28.4887,0.3491,120,1010.3314,1010.4862,1010.1016,0.0828,120,228.26,321.7661,153.7937,53.9222,120,947.2615,1256.2785,311.7803,304.139,120,693.4364,926.4728,35.4061,329.8793,120,120,0,861.652,1157.2619,274.6666,288.5101,120,16.9,17.99,15.8,0.59,120,3.5055,3.5081,3.5017,0.0014,0.5905,0.5953,0.5849,0.0035,0.701,0.7108,0.676,0.0081,-0.0043,-0.0002,-0.0057,0.002,0.0029,0.0041,0.002,0.0007,0.0079,0.0105,0.0026,0.0025,0.8617,1.1573,0.2747,0.2885,218.4917,564,26,121.5569,0,0,0,0,306.1917,986,3,205.5882,40,41.6,47,39,23.68,23.68,23.68
2022-11-08 10:10:00,2.8233,5.5,0.6608,1.1866,120,73.1214,43.7893,120,68.0949,68.9108,67.1712,0.491,120,29.0402,29.4348,28.8488,0.1671,120,1010.2466,1010.4862,1010.0833,0.1121,120,205.7556,300.8598,146.8252,49.67,120,1015.9067,1233.1969,301.8884,263.4064,120,773.3429,932.865,22.1286,285.9863,120,120,0,918.3833,1157.2619,261.2384,245.4899,120,14.93,15.8,13.97,0.55,120,3.5041,3.5081,3.5014,0.0019,0.5904,0.5944,0.5885,0.0017,0.6809,0.6891,0.6717,0.0049,-0.0048,-0.0001,-0.0058,0.0018,0.0026,0.0038,0.0019,0.0006,0.0085,0.0103,0.0025,0.0022,0.9184,1.1573,0.2612,0.2455,284.05,575,49,128.9796,0,0,0,0,279.6333,1020,66,209.3469,40,41.85,47,39,23.68,23.68,23.68
2022-11-08 10:20:00,3.3599,6.466,0.6608,1.2585,120,67.3264,42.3142,120,68.1547,68.9108,67.2323,0.3483,120,28.8516,28.9831,28.5711,0.1177,120,1010.1477,1010.303,1010.0833,0.0782,120,194.2911,282.5969,143.9417,40.5467,120,1052.4826,1248.5846,289.0648,249.6866,120,817.5807,939.7502,47.2092,253.3987,120,120,0,958.2532,1124.9123,247.8103,233,120,13.14,13.97,12.32,0.5,120,3.5025,3.5051,3.5014,0.0013,0.5885,0.5898,0.5857,0.0012,0.6815,0.6891,0.6723,0.0035,-0.0051,-0.0003,-0.0058,0.0016,0.0025,0.0036,0.0018,0.0005,0.0088,0.0104,0.0024,0.0021,0.9583,1.1249,0.2478,0.233,342.375,680,49,136.7958,0,0,0,0,227.6083,988,8,169.7414,40,41.4,47,39,23.68,23.73,23.68
2022-11-08 10:30:00,2.799,6.1716,0.5964,1.1473,120,72.7341,54.5105,120,68.7208,69.8569,68.1783,0.3797,120,28.8113,28.9984,28.5589,0.144,120,1010.0305,1010.1199,1009.7354,0.0953,120,143.8455,181.189,131.4457,8.6941,120,1110.9061,1142.3373,852.1741,36.7004,120,916.3011,934.8324,624.0412,35.3396,120,120,0,1014.7989,1045.5641,740.379,36.7478,120,11.58,12.32,10.94,0.41,120,3.5005,3.502,3.4956,0.0016,0.5881,0.59,0.5856,0.0014,0.6872,0.6986,0.6818,0.0038,-0.0057,-0.0039,-0.0058,0.0002,0.0018,0.0023,0.0017,0.0001,0.0093,0.0095,0.0071,0.0003,1.0148,1.0456,0.7404,0.0367,281.4167,648,42,124.7099,0,0,0,0,276.1833,993,18,207.4507,40,41.4833,47,39,23.68,23.68,23.68
2022-11-08 10:40:00,2.878,6.052,0.2744,1.2342,120,95.8748,42.2369,120,68.1773,69.2465,67.4154,0.4426,120,28.8499,28.9923,28.7085,0.0741,120,1009.9483,1010.1199,1009.7354,0.0752,120,132.4932,149.7087,122.3142,6.2467,120,1125.7929,1152.9616,1117.7911,7.7372,120,932.3078,941.7161,926.4728,2.9409,120,120,0,1025.7627,1053.8041,1015.9612,8.1846,120,10.37,10.94,9.95,0.29,120,3.4991,3.502,3.4956,0.0013,0.5885,0.5899,0.5871,0.0007,0.6818,0.6925,0.6742,0.0044,-0.0058,-0.0057,-0.0058,0,0.0017,0.0019,0.0016,0.0001,0.0094,0.0096,0.0093,0.0001,1.0258,1.0538,1.016,0.0082,290,635,7,134.1559,0,0,0,0,287.0833,965,63,134.3797,40.8,41.75,47,39,23.68,23.68,23.68
2022-11-08 10:50:00,2.9592,6.144,0.8632,1.1985,120,90.0189,35.7034,120,68.1433,69.3381,67.2018,0.5123,120,28.9584,29.0716,28.8031,0.0669,120,1009.8115,1009.9368,1009.7171,0.0971,120,143.3809,192.2425,122.3142,15.1482,120,1128.559,1157.3589,577.0312,65.6453,120,920.8171,940.2417,362.4251,64.7519,120,120,0,1029.3537,1056.2456,476.3939,58.3428,120,9.63,9.87,9.45,0.13,120,3.4969,3.4989,3.4953,0.0016,0.5896,0.5907,0.588,0.0007,0.6814,0.6934,0.672,0.0051,-0.0057,-0.0022,-0.0058,0.0004,0.0018,0.0024,0.0016,0.0002,0.0094,0.0096,0.0048,0.0005,1.0294,1.0562,0.4764,0.0583,298.825,645,71,130.2678,0,0,0,0,293.3667,1019,76,157.4609,41,41.6833,49,39,23.68,23.73,23.68
2022-11-08 11:00:00,2.9459,6.2268,0.6424,1.3461,120,113.4017,39.8701,120,68.2262,69.0939,66.9576,0.6312,120,28.8757,29.0899,28.7054,0.1005,120,1009.6857,1009.9368,1009.534,0.1039,120,138.9593,192.9638,117.2677,16.2625,120,1130.8396,1178.9748,959.1537,23.5467,120,927.7222,937.2913,617.6474,28.7824,120,120,0,1033.6695,1083.1019,731.2235,32.4996,120,9.49,9.63,9.44,0.06,120,3.4948,3.4989,3.4922,0.0017,0.5888,0.5909,0.587,0.001,0.6823,0.6909,0.6696,0.0063,-0.0058,-0.0038,-0.0058,0.0002,0.0018,0.0025,0.0015,0.0002,0.0094,0.0098,0.008,0.0002,1.0337,1.0831,0.7312,0.0325,297.3833,654,47,146.3139,0,0,0,0,331.8167,930,33,125.4113,41,41.4667,47,41,23.68,23.68,23.63
2022-11-08 11:10:00,2.485,4.7364,0.5964,1.0535,120,84.8143,46.6534,120,67.7811,69.3991,66.6219,0.8594,120,29.3528,29.5203,29.1021,0.1347,120,1009.5849,1009.7537,1009.3509,0.0887,120,129.93,197.0488,113.4228,17.9597,120,1119.8516,1176.4094,1030.9616,18.4984,120,929.0089,936.3068,745.506,17.6531,120,120,0,1025.7805,1088.9004,951.8723,15.2081,120,9.96,10.36,9.63,0.22,120,3.4931,3.4959,3.4892,0.0015,0.5935,0.5952,0.591,0.0014,0.6778,0.694,0.6662,0.0086,-0.0058,-0.0046,-0.0058,0.0001,0.0016,0.0025,0.0014,0.0002,0.0093,0.0098,0.0086,0.0002,1.0258,1.0889,0.9519,0.0152,247.2833,492,42,114.513,0,0,0,0,280.7417,928,70,164.3105,41,41.6,47,39,23.68,23.68,23.63
2022-11-08 11:20:00,2.9235,5.2516,0.8448,0.9541,120,72.933,38.8432,120,67.7412,68.7582,66.5304,0.5338,120,29.0183,29.1693,28.861,0.0882,120,1009.397,1009.7354,1009.1678,0.0862,120,204.2017,320.0843,129.2835,58.9461,120,936.5085,1232.0972,248.0312,337.7058,120,688.2811,936.3068,21.1457,351.7343,120,120,0,858.8417,1148.7167,211.7985,315.3852,120,10.96,11.55,10.36,0.36,120,3.4899,3.4956,3.4861,0.0014,0.5902,0.5917,0.5886,0.0009,0.6774,0.6876,0.6653,0.0053,-0.0043,-0.0001,-0.0058,0.0022,0.0026,0.0041,0.0016,0.0007,0.0078,0.0103,0.0021,0.0028,0.8588,1.1487,0.2118,0.3154,294.95,548,69,103.7016,0,0,0,0,240.85,1007,43,157.6572,41,41.5667,47,39,23.68,23.73,23.68
2022-11-08 11:30:00,2.8863,5.8128,0.578,1.1833,120,71.335,51.4985,120,68.2185,69.3075,66.8661,0.4735,120,28.9676,29.0625,28.8671,0.0437,120,1009.2296,1009.5706,1008.9846,0.1046,120,174.2719,274.426,112.7024,53.6293,120,1017.2928,1239.425,252.4286,246.1218,120,801.1068,934.8324,28.5224,260.6863,120,120,0,935.9874,1151.7685,220.3436,228.2744,120,12.38,13.25,11.55,0.46,120,3.4872,3.4928,3.4831,0.0017,0.5897,0.5906,0.5887,0.0004,0.6822,0.6931,0.6687,0.0047,-0.005,-0.0002,-0.0058,0.0016,0.0022,0.0035,0.0014,0.0007,0.0085,0.0103,0.0021,0.0021,0.936,1.1518,0.2203,0.2283,290.9,609,40,128.6238,0,0,0,0,268.55,1006,33,203.4187,41,41.7167,47,39,23.68,23.68,23.68
2022-11-08 11:40:00,3.0005,5.0492,0.67,0.9827,120,93.5868,37.084,120,67.6321,68.5141,66.7135,0.4589,120,28.9287,29.0716,28.7542,0.1031,120,1009.0245,1009.1861,1008.9846,0.0594,120,110.6156,123.2756,102.3693,5.1136,120,1084.0818,1098.3733,1070.5294,6.6482,120,932.2463,942.2092,923.5224,5.0851,120,120,0,995.7859,1013.5197,984.2219,7.2841,120,14.07,15.02,13.25,0.53,120,3.4837,3.4864,3.4831,0.001,0.5893,0.5907,0.5875,0.001,0.6763,0.6851,0.6671,0.0046,-0.0058,-0.0057,-0.0058,0,0.0014,0.0016,0.0013,0.0001,0.009,0.0091,0.0089,0.0001,0.9958,1.0135,0.9842,0.0073,303.3167,526,50,106.8196,0,0,0,0,277.3083,956,102,120.4745,41,41.75,47,39,23.68,23.73,23.68
2022-11-08 11:50:00,3.1038,5.1504,1.1576,0.9478,120,93.0198,33.2919,120,67.4657,68.2394,66.5304,0.4035,120,28.8513,29.0442,28.684,0.1106,120,1008.8888,1009.0213,1008.6184,0.1012,120,105.2849,122.7953,92.0362,8.3324,120,1075.6554,1097.6411,1055.5078,12.6918,120,937.5615,943.1921,929.4231,3.2569,120,120,0,990.6995,1012.299,971.099,12.097,120,15.97,16.94,15.02,0.58,120,3.4815,3.4837,3.477,0.0017,0.5885,0.5904,0.5868,0.0011,0.6747,0.6824,0.6653,0.004,-0.0058,-0.0058,-0.0059,0,0.0013,0.0016,0.0012,0.0001,0.009,0.0091,0.0088,0.0001,0.9907,1.0123,0.9711,0.0121,314.5417,537,103,103.0177,0,0,0,0,273.75,896,45,111.317,41,41.6,47,39,23.68,23.73,23.68
2022-11-08 12:00:00,2.5439,5.546,0.8448,0.9939,120,76.761,46.6445,120,66.6781,68.453,64.8518,1.17,120,29.2819,29.5203,29.0045,0.1643,120,1008.7315,1008.8198,1008.6001,0.0944,120,91.0769,103.5709,84.1063,4.2491,120,1048.6631,1055.8739,1043.0516,2.8565,120,935.3403,942.2092,922.5379,3.7995,120,120,0,964.3951,971.099,959.1968,2.7827,120,17.99,18.96,16.94,0.61,120,3.4789,3.4803,3.4767,0.0016,0.5928,0.5952,0.59,0.0016,0.6668,0.6845,0.6485,0.0117,-0.0058,-0.0057,-0.0058,0,0.0012,0.0013,0.0011,0.0001,0.0087,0.0088,0.0087,0,0.9644,0.9711,0.9592,0.0028,253.6833,580,69,108.0324,0,0,0,0,252.1083,1013,10,170.3213,41,41.75,47,39,23.68,23.68,23.68
2022-11-08 12:10:00,3.0561,5.7576,0.854,1.1046,120,77.1999,36.7735,120,65.4253,66.5304,64.2415,0.5887,120,29.0406,29.2639,28.9038,0.0949,120,1008.6145,1008.8198,1008.417,0.0724,120,118.2212,137.4535,96.3614,11.5273,120,1059.9961,1083.7191,1030.9616,15.8357,120,931.5824,937.2913,917.62,3.5555,120,120,0,972.5791,993.3775,947.5997,12.8669,120,20.11,21.29,18.96,0.63,120,3.4769,3.4803,3.4736,0.0012,0.5904,0.5926,0.589,0.0009,0.6543,0.6653,0.6424,0.0059,-0.0058,-0.0057,-0.0058,0,0.0015,0.0017,0.0012,0.0001,0.0088,0.009,0.0086,0.0001,0.9726,0.9934,0.9476,0.0129,309.3583,603,70,120.07,0,0,0,0,233.875,901,6,122.9624,41,41.6167,47,39,23.68,23.68,23.68
2022-11-08 12:20:00,2.5585,5.3436,0.5688,1.1658,120,92.2654,47.2046,120,64.9711,65.9505,64.2109,0.5001,120,29.1736,29.3524,29.0655,0.0796,120,1008.4869,1008.6184,1008.2339,0.0923,120,100.8172,125.9189,87.711,11.5227,120,1022.6479,1033.5258,929.4778,11.7044,120,926.3289,935.8153,809.4344,14.2349,120,120,0,940.0362,950.0412,823.0842,12.3632,120,22.3,23.45,21.29,0.64,120,3.4748,3.477,3.4706,0.0015,0.5917,0.5935,0.5907,0.0008,0.6497,0.6595,0.6421,0.005,-0.0057,-0.005,-0.0058,0.0001,0.0013,0.0016,0.0011,0.0001,0.0085,0.0086,0.0077,0.0001,0.94,0.95,0.8231,0.0124,255.275,558,39,126.7155,0,0,0,0,287.9083,963,39,151.9417,41,41.65,49,39,23.68,23.73,23.68
2022-11-08 12:30:00,2.0525,4.2672,0.2376,1.005,120,85.0645,56.0197,120,64.3554,65.2486,63.509,0.3795,120,29.6382,29.9475,29.3616,0.1511,120,1008.2763,1008.4536,1008.0508,0.0834,120,187.038,243.4276,110.7795,38.8298,120,801.6971,1149.2989,179.8872,368.693,120,626.5162,927.4557,17.2108,387.6685,120,120,0,732.2942,1065.096,151.3718,344.5633,120,24.53,25.65,23.45,0.66,120,3.4713,3.4742,3.4675,0.0014,0.5964,0.5995,0.5936,0.0015,0.6436,0.6525,0.6351,0.0038,-0.0039,-0.0001,-0.0058,0.0024,0.0024,0.0031,0.0014,0.0005,0.0067,0.0096,0.0015,0.0031,0.7323,1.0651,0.1514,0.3446,200.275,441,3,109.2441,0,0,0,0,295.2333,1008,9,198.1833,41,41.7333,47,39,23.68,23.68,23.68
2022-11-08 12:40:00,2.755,4.9388,0.7804,1.0115,120,71.3597,51.5556,120,64.3976,65.6148,63.1733,0.6968,120,29.6906,29.9963,29.5141,0.1505,120,1008.17,1008.2705,1008.0508,0.0937,120,138.2805,162.2047,115.1055,13.0162,120,858.7529,1056.9736,160.1032,318.9495,120,752.8407,935.8153,15.2449,336.4778,120,120,0,789.7732,975.0664,137.3333,297.3841,120,26.8,27.87,25.65,0.67,120,3.4695,3.4712,3.4675,0.0016,0.5969,0.6,0.5951,0.0015,0.644,0.6561,0.6317,0.007,-0.0047,-0.0001,-0.0058,0.0021,0.0018,0.0021,0.0015,0.0002,0.0072,0.0088,0.0013,0.0027,0.7898,0.9751,0.1373,0.2974,276.625,514,62,109.9409,0,0,0,0,275.0167,1013,3,210.3942,41,41.5833,47,39,23.68,23.73,23.68
2022-11-08 12:50:00,3.1828,5.3528,1.0196,1.1901,120,77.7124,41.3834,120,64.874,66.1946,64.1194,0.5803,120,29.2185,29.5111,28.9923,0.1577,120,1007.9957,1008.0874,1007.8494,0.0886,120,116.3788,173.2583,92.5165,20.3786,120,934.4293,1011.5438,488.7359,107.8311,120,870.5185,919.5875,312.7586,133.8597,120,120,0,856.8072,928.9834,414.7465,98.6183,120,29.09,30.12,27.87,0.67,120,3.4666,3.4681,3.4642,0.0015,0.5922,0.5951,0.5899,0.0016,0.6487,0.6619,0.6412,0.0058,-0.0054,-0.0019,-0.0057,0.0008,0.0015,0.0022,0.0012,0.0003,0.0078,0.0084,0.0041,0.0009,0.8568,0.929,0.4147,0.0986,323.1333,559,88,129.3633,0,0,0,0,255.8833,928,24,153.9549,41,41.6833,47,39,23.68,23.68,23.68
2022-11-08 13:00:00,3.0698,6.0704,0.4492,1.295,120,78.3226,39.8071,120,65.9497,66.9881,64.9434,0.4641,120,29.109,29.2242,28.9984,0.0642,120,1007.8582,1008.0691,1007.6846,0.0653,120,125.1039,183.111,87.9512,25.3591,120,905.1932,999.4538,291.2629,143.8808,120,850.9915,917.1286,127.3655,168.6811,120,120,0,829.7423,913.7242,261.5436,134.6723,120,31.41,32.64,30.37,0.67,120,3.4643,3.4678,3.4614,0.0011,0.5911,0.5922,0.59,0.0006,0.6595,0.6699,0.6494,0.0046,-0.0053,-0.0008,-0.0057,0.001,0.0016,0.0023,0.0011,0.0003,0.0075,0.0083,0.0024,0.0012,0.8297,0.9137,0.2615,0.1347,310.85,637,26,140.7647,0,0,0,0,266.3333,1010,34,180.023,41,41.6667,47,41,23.68,23.73,23.68
2022-11-08 13:10:00,2.8755,5.7484,0.67,1.1098,120,81.646,37.9436,120,66.7982,68.0563,65.7064,0.6141,120,29.1164,29.4836,28.9557,0.1352,120,1007.6875,1007.886,1007.5014,0.0686,120,134.8802,239.3417,85.7882,43.8336,120,886.0077,1041.5858,385.054,114.9646,120,841.8488,912.2108,179.4924,149.6902,120,120,0,814.1753,959.1968,366.2221,104.1322,120,33.74,34.92,32.64,0.68,120,3.4615,3.4648,3.4584,0.0011,0.5912,0.5948,0.5896,0.0014,0.668,0.6806,0.6571,0.0061,-0.0052,-0.0011,-0.0057,0.0009,0.0017,0.003,0.0011,0.0006,0.0074,0.0087,0.0032,0.001,0.8142,0.9592,0.3662,0.1041,289.725,602,50,120.6274,0,0,0,0,255.1833,941,25,140.7156,41,41.6167,47,39,23.68,23.73,23.68
2022-11-08 13:20:00,3.0369,5.592,0.624,1.079,120,81.4214,38.094,120,65.9444,67.6901,64.6077,0.861,120,29.5136,29.8315,29.1754,0.2251,120,1007.6344,1007.7029,1007.4831,0.0771,120,100.679,139.6165,85.0677,18.3663,120,860.8595,927.6459,382.4886,70.4313,120,875.6532,912.2108,317.6764,86.0755,120,120,0,788.5652,856.9597,330.5155,70.1993,120,36.09,37.22,34.92,0.69,120,3.4606,3.4617,3.4581,0.0013,0.5951,0.5983,0.5917,0.0022,0.6594,0.6769,0.6461,0.0086,-0.0054,-0.002,-0.0057,0.0005,0.0013,0.0018,0.0011,0.0002,0.0072,0.0077,0.0032,0.0006,0.7886,0.857,0.3305,0.0702,307.275,585,45,117.286,0,0,0,0,265.8917,980,37,156.3563,41,42.5833,47,41,23.68,23.68,23.68
2022-11-08 13:30:00,2.865,5.7208,0.5136,1.1777,120,84.4393,37.7885,120,65.9263,67.2628,64.8213,0.7124,120,29.2977,29.5294,28.9648,0.1738,120,1007.5724,1007.7029,1007.3366,0.0901,120,108.3147,157.1583,77.378,27.3242,120,763.4726,894.6723,190.5114,171.8067,120,779.1251,904.8356,68.8463,227.2152,120,120,0,699.0672,818.8116,163.8844,158.6664,120,38.45,39.52,37.22,0.69,120,3.4595,3.4617,3.4556,0.0015,0.593,0.5953,0.5897,0.0017,0.6593,0.6726,0.6482,0.0071,-0.0048,-0.0004,-0.0056,0.0014,0.0014,0.002,0.001,0.0003,0.0064,0.0075,0.0016,0.0014,0.6991,0.8188,0.1639,0.1587,288.5917,599,33,128.0069,0,0,0,0,278.4583,1016,5,167.7395,41,42.2,47,39,23.68,23.68,23.68
2022-11-08 13:40:00,2.9114,6.1072,0.5228,1.1268,120,90.4864,34.4744,120,66.8109,67.8426,65.7064,0.5425,120,28.8946,29.0564,28.8122,0.0591,120,1007.5185,1007.6846,1007.4831,0.0481,120,81.1444,84.5866,77.8583,1.4603,120,806.4843,818.8343,789.5246,7.9177,120,890.9101,897.9504,885.6558,2.4402,120,120,0,734.606,748.619,718.1005,8.3594,120,40.81,42.09,39.52,0.69,120,3.4586,3.4614,3.4581,0.0008,0.5889,0.5906,0.5881,0.0006,0.6681,0.6784,0.6571,0.0054,-0.0055,-0.0055,-0.0056,0,0.001,0.0011,0.001,0,0.0067,0.0068,0.0066,0.0001,0.7346,0.7486,0.7181,0.0084,293.6333,641,34,122.4798,0,0,0,0,274.4667,998,87,125.8983,41,44.2333,47,39,23.68,23.68,23.68
2022-11-08 13:50:00,2.9284,5.7208,0.8724,1.0244,120,92.1082,34.0499,120,66.4073,67.9952,65.0655,0.7575,120,29.0892,29.3219,28.6596,0.2212,120,1007.5018,1007.6662,1007.3183,0.0337,120,78.2848,84.3465,73.052,3.1626,120,774.195,790.2569,751.0552,11.2733,120,886.5333,893.0325,878.2807,3.0065,120,120,0,703.416,718.1005,681.4783,10.4981,120,43.19,44.4,42.09,0.69,120,3.4584,3.4611,3.4553,0.0006,0.5909,0.5932,0.5866,0.0022,0.6641,0.68,0.6507,0.0076,-0.0055,-0.0055,-0.0055,0,0.001,0.0011,0.0009,0,0.0064,0.0066,0.0063,0.0001,0.7034,0.7181,0.6815,0.0105,295.4833,599,72,111.3484,0,0,0,0,270.2917,935,15,113.0218,42,46.1667,49,41,23.68,23.73,23.68
2022-11-08 14:00:00,2.8541,6.1716,0.5228,1.1652,120,87.2054,52.4054,120,67.2437,68.3615,65.7674,0.6175,120,28.9885,29.4501,28.6505,0.2817,120,1007.4607,1007.5198,1007.3183,0.0747,120,77.2935,85.548,70.8898,3.2724,120,736.9201,755.0852,716.617,12.3942,120,876.563,885.6558,868.9365,4.0976,120,120,0,666.7837,684.5302,647.2976,11.6054,120,45.57,46.73,44.4,0.7,120,3.4577,3.4587,3.4553,0.0012,0.5899,0.5945,0.5865,0.0028,0.6724,0.6836,0.6577,0.0062,-0.0054,-0.0054,-0.0055,0,0.001,0.0011,0.0009,0,0.0061,0.0063,0.006,0.0001,0.6668,0.6845,0.6473,0.0116,287.4,648,34,126.6472,0,0,0,0,314.85,1014,0,211.1371,41.9,44.1333,47,41,23.68,23.73,23.68
2022-11-08 14:10:00,2.6974,5.224,0.5228,1.0533,120,107.9759,38.7834,120,66.3099,67.3849,65.4622,0.5336,120,29.3029,29.4317,29.1479,0.0871,120,1007.4575,1007.5198,1007.3183,0.0753,120,72.6677,76.8969,70.1685,1.3723,120,697.8285,717.7167,683.2773,8.9162,120,866.4411,874.3458,858.1179,3.6262,120,120,0,629.078,647.6028,614.6428,8.8352,120,47.95,49.05,46.73,0.7,120,3.4576,3.4587,3.4553,0.0013,0.593,0.5943,0.5915,0.0009,0.6631,0.6738,0.6546,0.0053,-0.0054,-0.0053,-0.0054,0,0.0009,0.001,0.0009,0,0.0058,0.006,0.0057,0.0001,0.6291,0.6476,0.6146,0.0088,270.375,545,34,114.4894,0,0,0,0,323.4333,950,76,128.7967,41,41.7,47,39,23.68,23.73,23.68
2022-11-08 14:20:00,2.5404,4.8376,0.486,0.9674,120,70.6668,44.5127,120,66.598,67.9647,65.6758,0.6786,120,29.5394,29.7095,29.2486,0.1149,120,1007.4422,1007.5198,1007.3183,0.0794,120,74.8084,83.385,69.9283,3.603,120,659.5522,686.2089,640.0456,12.5167,120,850.3728,860.5769,835.4963,4.9379,120,120,0,591.0723,617.0843,572.2221,12.1475,120,50.33,51.64,49.05,0.69,120,3.4574,3.4587,3.4553,0.0013,0.5954,0.5971,0.5925,0.0011,0.666,0.6796,0.6568,0.0068,-0.0053,-0.0052,-0.0053,0,0.0009,0.0011,0.0009,0,0.0055,0.0057,0.0053,0.0001,0.5911,0.6171,0.5722,0.0121,253.3,503,30,105.1502,0,0,0,0,251.4333,1012,8,189.7739,41,45.0167,49,41,23.68,23.68,23.68
2022-11-08 14:30:00,2.9034,6.2636,0.4308,1.2411,120,102.0214,45.9153,120,66.3058,67.4764,64.9739,0.737,120,29.1814,29.4806,28.9526,0.1564,120,1007.4543,1007.5198,1007.3183,0.0752,120,71.2198,81.9433,66.0835,3.7689,120,623.9595,647.0072,604.8751,12.6933,120,847.2953,855.1676,840.4141,3.8439,120,120,0,554.2746,579.8517,535.2947,12.874,120,52.73,53.97,51.64,0.7,120,3.4576,3.4587,3.4553,0.0013,0.5918,0.5948,0.5895,0.0016,0.6631,0.6748,0.6497,0.0074,-0.0053,-0.0052,-0.0053,0,0.0009,0.001,0.0008,0,0.0052,0.0054,0.005,0.0001,0.5543,0.5799,0.5353,0.0129,292.7583,658,24,134.9011,0,0,0,0,314.5083,1022,14,159.7744,41,41.75,47,39,23.68,23.73,23.68
2022-11-08 14:40:00,2.9735,5.5184,0.5964,1.2512,120,96.3435,36.6287,120,65.7801,66.9881,64.9739,0.5057,120,29.1273,29.3738,28.8244,0.2018,120,1007.4102,1007.6846,1007.3,0.0904,120,68.8829,71.8504,66.5638,1.326,120,584.2115,604.1417,568.97,9.8865,120,837.1894,845.8234,829.5956,3.4924,120,120,0,513.418,534.9895,495.3154,10.8727,120,55.12,56.3,53.97,0.7,120,3.4568,3.4614,3.455,0.0015,0.5913,0.5937,0.5882,0.002,0.6578,0.6699,0.6497,0.0051,-0.0052,-0.0051,-0.0052,0,0.0009,0.0009,0.0008,0,0.0049,0.005,0.0047,0.0001,0.5134,0.535,0.4953,0.0109,300.3833,577,42,135.9955,0,0,0,0,286.9583,941,27,121.5641,41,41.4833,47,39,23.68,23.68,23.63
2022-11-08 14:50:00,2.7277,4.7456,0.5688,1.1042,120,77.2252,44.5184,120,66.3961,67.6595,65.6453,0.5614,120,28.9716,29.2151,28.9038,0.0653,120,1007.4549,1007.5014,1007.3,0.0702,120,66.8684,69.9283,63.9205,1.48,120,541.5905,568.2377,519.1441,12.5199,120,821.8836,838.4483,811.4003,5.3385,120,120,0,470.6488,495.9258,449.8428,12.3153,120,57.51,58.64,56.3,0.7,120,3.4576,3.4584,3.455,0.0012,0.5897,0.5921,0.589,0.0006,0.664,0.6766,0.6565,0.0056,-0.0051,-0.005,-0.0052,0,0.0008,0.0009,0.0008,0,0.0045,0.0047,0.0043,0.0001,0.4706,0.4959,0.4498,0.0123,273.6667,493,39,120.0185,0,0,0,0,242.4083,861,4,144.5606,41,41.7167,47,39,23.68,23.68,23.68
2022-11-08 15:00:00,2.6562,5.6932,0.7804,1.0434,120,90.6607,40.6865,120,66.1578,66.6219,65.6148,0.2432,120,29.262,29.3341,29.1113,0.0403,120,1007.3637,1007.5014,1007.1352,0.0863,120,64.5154,67.285,62.2386,1.1632,120,496.7531,518.4118,478.8439,12.8188,120,801.2871,814.3522,791.2391,7.0415,120,120,0,426.7886,448.9273,408.3377,12.6844,120,59.9,60.97,58.64,0.69,120,3.4561,3.4584,3.4523,0.0014,0.5926,0.5933,0.5911,0.0004,0.6616,0.6662,0.6561,0.0024,-0.005,-0.0049,-0.0051,0,0.0008,0.0009,0.0008,0,0.0041,0.0043,0.004,0.0001,0.4268,0.4489,0.4083,0.0127,265.8917,596,62,113.418,0,0,0,0,286.6917,1018,49,153.9573,41,41.5667,47,39,23.68,23.68,23.68
2022-11-08 15:10:00,2.6955,5.0308,0.6056,1.0367,120,100.3861,41.2335,120,66.9022,67.7511,65.7369,0.5089,120,29.0572,29.1845,28.9007,0.0855,120,1007.3202,1007.5014,1007.1169,0.0798,120,66.0293,70.8898,61.2772,2.4258,120,457.4327,478.4778,433.4142,14.3505,120,783.8706,796.1569,767.6345,7.4346,120,120,0,386.8018,408.3377,362.2547,14.5898,120,62.3,63.57,61.23,0.69,120,3.4553,3.4584,3.4519,0.0013,0.5906,0.5918,0.589,0.0009,0.669,0.6775,0.6574,0.0051,-0.0049,-0.0048,-0.0049,0,0.0008,0.0009,0.0008,0,0.0038,0.004,0.0036,0.0001,0.3868,0.4083,0.3623,0.0146,270.1583,524,43,112.6882,0,0,0,0,297.725,790,85,125.0919,41,41.5,47,39,23.68,23.68,23.68
2022-11-08 15:20:00,2.1,5.4816,0.3388,1.1844,120,101.4121,57.6386,120,67.0621,68.5751,65.0349,1.051,120,29.4448,29.8132,29.0411,0.2639,120,1007.3197,1007.4831,1007.1352,0.0378,120,63.3739,68.4866,60.3157,2.2087,120,412.7051,433.4142,393.8463,11.3028,120,761.0982,768.6175,756.3245,2.891,120,120,0,341.8404,361.9495,321.6651,11.6883,120,64.69,65.9,63.57,0.7,120,3.4553,3.4581,3.4523,0.0006,0.5945,0.5981,0.5904,0.0026,0.6706,0.6858,0.6503,0.0105,-0.0047,-0.0047,-0.0048,0,0.0008,0.0009,0.0008,0,0.0034,0.0036,0.0033,0.0001,0.3418,0.3619,0.3217,0.0117,205.4333,573,14,128.7345,0,0,0,0,372.1333,991,23,219.5118,41,41.8,47,39,23.68,23.73,23.68
2022-11-08 15:30:00,3.3727,5.9232,0.7988,1.1927,120,92.289,35.9604,120,66.6662,67.6901,65.8895,0.4452,120,28.9112,29.2761,28.2629,0.3361,120,1007.3377,1007.5014,1007.1352,0.0541,120,60.0498,63.2,57.1921,1.334,120,365.9351,393.114,346.5846,13.7136,120,733.0803,757.7989,714.5247,9.657,120,120,0,294.7045,321.0547,274.3614,13.7449,120,67.09,68.24,65.9,0.7,120,3.4556,3.4584,3.4523,0.0009,0.5891,0.5928,0.5826,0.0034,0.6667,0.6769,0.6589,0.0045,-0.0045,-0.0044,-0.0047,0.0001,0.0008,0.0008,0.0007,0,0.003,0.0033,0.0029,0.0001,0.2947,0.3211,0.2744,0.0137,343.775,621,64,129.6383,0,0,0,0,280.175,993,29,132.6692,41,42.2833,47,41,23.68,23.73,23.68
2022-11-08 15:40:00,2.5197,5.4356,0.7988,1.0059,120,91.0143,40.0703,120,68.407,69.1549,67.5375,0.421,120,28.4746,28.7085,28.2293,0.1519,120,1007.2962,1007.5014,1007.1169,0.0959,120,58.5539,61.7583,54.0685,1.9411,120,323.012,349.5162,294.5606,16.6516,120,703.5788,730.7525,667.3155,17.1524,120,120,0,250.6561,275.8873,224.9214,15.4766,120,69.48,70.57,68.24,0.7,120,3.4549,3.4584,3.4519,0.0016,0.5847,0.5871,0.5823,0.0015,0.6841,0.6915,0.6754,0.0042,-0.0044,-0.0041,-0.0045,0.0001,0.0007,0.0008,0.0007,0,0.0027,0.0029,0.0025,0.0001,0.2507,0.2759,0.2249,0.0155,251.05,568,64,109.3321,0,0,0,0,271,790,3,123.417,41,46.1,49,41,23.68,23.68,23.68
2022-11-08 15:50:00,3.095,5.178,0.9552,0.9167,120,84.9638,32.7495,120,68.2053,69.0329,67.629,0.3041,120,28.4863,28.7085,28.269,0.1233,120,1007.2834,1007.3366,1007.1169,0.0696,120,54.1183,57.1921,51.1843,1.2627,120,275.9916,298.5906,254.9928,12.4304,120,665.3037,687.4782,633.8769,11.3283,120,120,0,204.6876,226.4473,184.0266,12.3257,120,71.88,73.16,70.57,0.69,120,3.4547,3.4556,3.4519,0.0012,0.5849,0.5871,0.5827,0.0012,0.6821,0.6903,0.6763,0.003,-0.0041,-0.0039,-0.0043,0.0001,0.0007,0.0007,0.0006,0,0.0023,0.0025,0.0021,0.0001,0.2047,0.2264,0.184,0.0123,313.5833,540,81,99.6438,0,0,0,0,248.2167,716,48,102.3011,41,44.3333,47,41,23.68,23.68,23.63
2022-11-08 16:00:00,2.3935,4.8836,0.2652,1.1108,120,74.9694,40.7505,120,69.0176,69.6127,68.3309,0.3055,120,28.3864,28.5284,28.272,0.0952,120,1007.3688,1007.5014,1007.2817,0.0833,120,49.7188,53.1071,46.1386,1.8358,120,233.1661,254.6267,211.0288,13.2369,120,627.6391,646.6613,605.846,13.7822,120,120,0,163.0401,183.1111,143.1318,12.0538,120,74.27,75.5,73.16,0.7,120,3.4561,3.4584,3.4547,0.0014,0.5839,0.5853,0.5827,0.0009,0.6902,0.6961,0.6833,0.0031,-0.0039,-0.0038,-0.004,0.0001,0.0006,0.0007,0.0006,0,0.0019,0.0021,0.0018,0.0001,0.163,0.1831,0.1431,0.0121,237.3333,508,6,120.7423,0,0,0,0,256.5917,969,41,171.6526,41,41.3667,47,39,23.68,23.68,23.68
2022-11-08 16:10:00,2.9498,5.2884,0.7988,1.0906,120,99.3481,29.0218,120,69.1079,70.2231,68.5446,0.4161,120,28.2795,28.5131,28.0584,0.1601,120,1007.5039,1007.6846,1007.3,0.0665,120,45.8338,48.0606,43.2543,1.1521,120,190.5697,211.0288,168.8956,13.0151,120,579.6968,608.3049,546.8353,20.7679,120,120,0,124.1976,142.5214,105.8992,11.2742,120,76.66,77.83,75.5,0.7,120,3.4584,3.4614,3.455,0.0011,0.5828,0.5851,0.5806,0.0016,0.6911,0.7022,0.6854,0.0042,-0.0036,-0.0034,-0.0038,0.0001,0.0006,0.0006,0.0005,0,0.0016,0.0018,0.0014,0.0001,0.1242,0.1425,0.1059,0.0113,297.8083,552,64,118.5404,0,0,0,0,284.0583,614,59,85.5229,41,41.6833,47,39,23.68,23.68,23.68
2022-11-08 16:20:00,2.7415,5.2516,0.9368,0.8968,120,102.7547,28.8815,120,69.877,70.4672,69.4296,0.2706,120,28.0195,28.0737,27.9699,0.0286,120,1007.5665,1007.6846,1007.4648,0.0922,120,42.5998,44.6961,40.3709,0.9475,120,147.2649,168.8956,122.3673,12.0663,120,509.6294,551.2601,371.2778,33.3463,120,120,0,88.7478,106.2044,75.3807,9.3882,120,79.05,80.15,77.83,0.7,120,3.4594,3.4614,3.4577,0.0015,0.5802,0.5807,0.5797,0.0003,0.6988,0.7047,0.6943,0.0027,-0.0032,-0.0023,-0.0034,0.0002,0.0005,0.0006,0.0005,0,0.0012,0.0014,0.001,0.0001,0.0887,0.1062,0.0754,0.0094,275.1583,548,79,97.4827,0,0,0,0,295.75,669,154,85.3097,41,41.65,47,39,23.68,23.68,23.68
2022-11-08 16:30:00,2.4341,4.5432,0.3388,0.9372,120,91.2927,36.6397,120,70.4187,70.9555,69.9179,0.22,120,28.0193,28.0706,27.9699,0.031,120,1007.6408,1007.8494,1007.4648,0.0626,120,40.2929,44.937,36.7661,2.508,120,111.0402,131.5258,93.7899,12.025,120,434.5544,479.4634,396.8482,27.1101,120,120,0,59.5594,75.0755,47.6089,8.8217,120,81.44,82.74,80.15,0.69,120,3.4607,3.4642,3.4577,0.001,0.5802,0.5807,0.5797,0.0003,0.7042,0.7096,0.6992,0.0022,-0.0027,-0.0025,-0.003,0.0002,0.0005,0.0006,0.0005,0,0.0009,0.0011,0.0008,0.0001,0.0596,0.0751,0.0476,0.0088,241.75,471,14,101.8715,0,0,0,0,280.45,1013,54,133.831,41,42.0833,47,39,23.68,23.73,23.68
2022-11-08 16:40:00,2.049,4.0188,0,0.9045,120,98.2874,44.8063,120,70.868,71.5049,70.2536,0.3589,120,27.9409,28.031,27.857,0.0504,120,1007.6487,1007.8494,1007.4648,0.0544,120,33.3682,37.9677,28.1157,2.1777,120,76.8122,93.7899,59.7179,9.0336,120,355.8116,396.3568,308.3323,25.7621,120,120,0,36.607,47.3037,27.1615,5.0261,120,83.82,85.06,82.74,0.69,120,3.4608,3.4642,3.4577,0.0009,0.5794,0.5803,0.5786,0.0005,0.7087,0.715,0.7025,0.0036,-0.0022,-0.0019,-0.0025,0.0002,0.0004,0.0005,0.0004,0,0.0006,0.0008,0.0005,0.0001,0.0366,0.0473,0.0272,0.005,200.0833,414,0,97.9022,0,0,0,0,316.375,974,37,168.5892,40.3,41.4833,47,39,23.68,23.68,23.63
2022-11-08 16:50:00,2.3081,4.2764,0.4584,0.8924,120,96.8671,36.9646,120,70.9805,71.5659,70.3757,0.2716,120,27.8195,28.0248,27.6373,0.1057,120,1007.7206,1007.8494,1007.6296,0.0849,120,23.812,27.8748,18.9843,2.3354,120,43.6712,59.7179,30.042,8.2843,120,242.3876,307.8408,184.4086,36.6291,120,120,0,22.6422,27.1615,18.6163,2.0722,120,86.2,87.38,85.06,0.7,120,3.462,3.4642,3.4605,0.0014,0.5782,0.5803,0.5764,0.0011,0.7098,0.7157,0.7038,0.0027,-0.0015,-0.0011,-0.0019,0.0002,0.0003,0.0004,0.0002,0,0.0004,0.0005,0.0003,0.0001,0.0226,0.0272,0.0186,0.0021,228.05,442,27,97.0015,0,0,0,0,295.5083,951,40,131.3707,40,41.8333,49,41,23.68,23.68,23.63
2022-11-08 17:00:00,2.1848,4.396,0.4768,0.8951,120,94.2299,35.929,120,71.6178,72.2068,71.1997,0.29,120,27.4592,27.6342,27.2893,0.1174,120,1007.8384,1008.0325,1007.6479,0.0567,120,14.0297,18.9843,8.8913,3.0437,120,16.5263,29.6759,8.4262,6.5703,120,48.393,183.4257,13.7689,58.6531,120,120,0,13.9241,18.6163,9.1555,2.8651,120,88.58,89.7,87.38,0.7,120,3.464,3.4672,3.4608,0.0009,0.5746,0.5763,0.5729,0.0012,0.7162,0.7221,0.712,0.0029,-0.0003,-0.0001,-0.0011,0.0004,0.0002,0.0002,0.0001,0,0.0001,0.0002,0.0001,0.0001,0.0139,0.0186,0.0092,0.0029,214.65,455,29,97.2973,0,0,0,0,291.625,1002,10,146.1355,40,41.6,47,39,23.68,23.73,23.68
2022-11-08 17:10:00,2.5111,4.6352,0.4676,1.0204,120,103.3159,33.4698,120,72.4825,72.9698,71.9626,0.3197,120,27.1122,27.2924,27.0086,0.0965,120,1007.9083,1008.0325,1007.8127,0.0911,120,3.957,8.6512,0.7213,2.216,120,3.8255,8.4262,0.7323,2.1682,120,13.7771,14.2604,13.2775,0.191,120,120,0,4.9109,9.1555,2.1363,2.0158,120,89.91,89.96,89.7,0.1,16,3.4651,3.4672,3.4635,0.0015,0.5711,0.5729,0.5701,0.001,0.7248,0.7297,0.7196,0.0032,-0.0001,-0.0001,-0.0001,0,0.0001,0.0001,0,0,0,0.0001,0,0,0.0049,0.0092,0.0021,0.002,250.1167,481,28,110.9182,0,0,0,0,303.7417,930,35,111.4002,40,41.4,47,39,23.68,23.68,23.63
2022-11-08 17:20:00,1.8455,3.9728,0.532,0.8243,120,88.2605,37.3745,120,73.295,73.5496,73.0003,0.1474,120,27.0596,27.1001,27.0055,0.0291,120,1008.0261,1008.2156,1007.831,0.0595,120,0.1521,0.7213,0,0.2244,120,0.1404,1.0996,0,0.2475,120,13.8017,14.2604,13.2775,0.1386,120,120,0,0.8494,2.1363,0,0.7653,120,None,None,None,None,0,3.4671,3.4703,3.4639,0.001,0.5706,0.571,0.5701,0.0003,0.733,0.7355,0.73,0.0015,-0.0001,-0.0001,-0.0001,0,0,0,0,0,0,0,0,0,0.0008,0.0021,0,0.0008,177.775,409,35,89.6,0,0,0,0,273.6833,1011,37,140.8053,40,41.35,47,39,23.68,23.68,23.68
2022-11-08 17:30:00,2.1165,3.7336,0.946,0.7058,120,104.0494,34.5023,120,73.6557,73.9769,73.3055,0.1712,120,27.0254,27.094,26.9658,0.035,120,1008.1079,1008.2156,1007.9958,0.0959,120,0,0,0,0,120,0,0,0,0,120,13.814,14.2604,13.2775,0.156,120,120,0,0,0,0,0,120,None,None,None,None,0,3.4685,3.4703,3.4666,0.0016,0.5703,0.5709,0.5697,0.0003,0.7366,0.7398,0.7331,0.0017,-0.0001,-0.0001,-0.0001,0,0,0,0,0,0,0,0,0,0,0,0,0,207.2333,383,80,76.7126,0,0,0,0,307.45,984,91,115.2807,40,41.5333,47,41,23.68,23.73,23.63
2022-11-08 17:40:00,1.9404,4.9664,0.4308,0.9402,120,95.4788,37.1599,120,74.0267,74.1905,73.8243,0.0931,120,26.9293,26.975,26.8407,0.0433,120,1008.2958,1008.417,1008.179,0.0938,120,0,0,0,0,120,0,0,0,0,120,13.8058,14.2604,13.2775,0.182,120,120,0,0,0,0,0,120,None,None,None,None,0,3.4716,3.4736,3.4696,0.0016,0.5693,0.5697,0.5684,0.0004,0.7403,0.7419,0.7382,0.0009,-0.0001,-0.0001,-0.0001,0,0,0,0,0,0,0,0,0,0,0,0,0,188.0833,517,24,102.1926,0,0,0,0,289.725,933,1,132.2744,40,41.9167,47,41,23.68,23.68,23.68
2022-11-08 17:50:00,2.3439,3.9636,0.8816,0.695,120,97.9438,31.3883,120,74.4385,74.7093,74.0989,0.1554,120,26.7632,26.8438,26.7095,0.0331,120,1008.4381,1008.6001,1008.1973,0.0969,120,0,0,0,0,120,0,0,0,0,120,13.8345,14.2604,13.2775,0.1795,120,120,0,0,0,0,0,120,None,None,None,None,0,3.474,3.4767,3.47,0.0016,0.5676,0.5684,0.5671,0.0003,0.7444,0.7471,0.741,0.0016,-0.0001,-0.0001,-0.0001,0,0,0,0,0,0,0,0,0,0,0,0,0,231.9417,408,73,75.5467,0,0,0,0,285.0333,1012,44,110.2497,40,41.8167,49,39,23.68,23.68,23.68
2022-11-08 18:00:00,2.0011,4.5156,0.3848,0.93,120,99.2059,36.8816,120,74.924,75.1366,74.6788,0.1352,120,26.7278,26.7736,26.7034,0.0184,120,1008.5688,1008.7832,1008.3804,0.0722,120,0,0,0,0,120,0,0,0,0,120,13.8713,14.2604,13.7689,0.2004,120,120,0,0,0,0,0,120,None,None,None,None,0,3.4761,3.4797,3.473,0.0012,0.5673,0.5677,0.567,0.0002,0.7492,0.7514,0.7468,0.0014,-0.0001,-0.0001,-0.0001,0,0,0,0,0,0,0,0,0,0,0,0,0,194.6833,468,19,101.0884,0,0,0,0,292.4083,857,51,118.3299,40,41.55,49,39,23.68,23.73,23.68
2022-11-08 18:10:00,1.9595,3.4944,0.5044,0.6924,120,101.7907,30.4178,120,75.0882,75.3502,74.9535,0.1001,120,26.7299,26.7797,26.6607,0.0411,120,1008.6778,1008.8015,1008.5452,0.0974,120,0,0,0,0,120,0,0,0,0,120,13.8386,14.2604,13.2775,0.1835,120,120,0,0,0,0,0,120,None,None,None,None,0,3.478,3.48,3.4758,0.0016,0.5673,0.5678,0.5666,0.0004,0.7509,0.7535,0.7495,0.001,-0.0001,-0.0001,-0.0001,0,0,0,0,0,0,0,0,0,0,0,0,0,190.1667,357,32,75.262,0,0,0,0,304.875,973,86,117.22,39.8,41.8,47,39,23.68,23.68,23.63
2022-11-08 18:20:00,1.952,4.0372,0.5504,0.7536,120,96.0971,29.6116,120,75.5051,75.6249,75.1976,0.1391,120,26.6726,26.7064,26.6363,0.0227,120,1008.8221,1008.9846,1008.5635,0.1068,120,0,0,0,0,120,0,0,0,0,120,13.9041,14.2604,13.2775,0.2294,120,120,0,0,0,0,0,120,None,None,None,None,0,3.4804,3.4831,3.4761,0.0018,0.5667,0.5671,0.5664,0.0002,0.7551,0.7562,0.752,0.0014,-0.0001,-0.0001,-0.0001,0,0,0,0,0,0,0,0,0,0,0,0,0,189.35,416,37,81.912,0,0,0,0,280.4333,949,14,102.5498,39,41.6833,47,39,23.68,23.68,23.68
2022-11-08 18:30:00,1.6121,3.3748,0.5872,0.5543,120,88.7966,34.6051,120,75.781,75.9606,75.5943,0.1072,120,26.6728,26.6973,26.6454,0.0118,120,1009.0008,1009.1494,1008.7466,0.099,120,0,0,0,0,120,0,0,0,0,120,13.9123,14.2604,13.7689,0.2243,120,120,0,0,0,0,0,120,None,None,None,None,0,3.4833,3.4858,3.4791,0.0016,0.5667,0.567,0.5665,0.0001,0.7578,0.7596,0.7559,0.0011,-0.0001,-0.0001,-0.0001,0,0,0,0,0,0,0,0,0,0,0,0,0,152.4,344,41,60.2484,0,0,0,0,277.3333,1012,89,145.4883,39,41.6833,47,39,23.68,23.73,23.63
2022-11-08 18:40:00,2.1131,3.6784,0.8264,0.6431,120,102.4685,30.3594,120,76.0699,76.2047,75.869,0.1132,120,26.6094,26.6576,26.5813,0.0181,120,1009.1362,1009.3326,1008.948,0.0929,120,0,0,0,0,120,0,0,0,0,120,13.9246,14.2604,13.7689,0.2296,120,120,0,0,0,0,0,120,None,None,None,None,0,3.4856,3.4889,3.4825,0.0015,0.5661,0.5666,0.5658,0.0002,0.7607,0.762,0.7587,0.0011,-0.0001,-0.0001,-0.0001,0,0,0,0,0,0,0,0,0,0,0,0,0,206.8583,377,67,69.9027,0,0,0,0,297.3417,892,43,99.4591,39,41.4333,47,39,23.68,23.68,23.68
2022-11-08 18:50:00,1.7387,3.1632,0.2836,0.6416,120,98.2699,45.2041,120,76.3184,76.4489,76.1742,0.0793,120,26.579,26.6179,26.5264,0.0267,120,1009.3059,1009.5157,1009.1128,0.0728,120,0,0,0,0,120,0,0,0,0,120,13.8631,14.2604,13.2775,0.2141,120,120,0,0,0,0,0,120,None,None,None,None,0,3.4884,3.4919,3.4852,0.0012,0.5658,0.5662,0.5653,0.0003,0.7632,0.7645,0.7617,0.0008,-0.0001,-0.0001,-0.0001,0,0,0,0,0,0,0,0,0,0,0,0,0,166.1583,321,8,69.7356,0,0,0,0,303.2083,911,38,148.0363,39,41.75,47,39,23.68,23.68,23.68
2022-11-08 19:00:00,1.7522,3.8808,0.4124,0.7042,120,98.3756,39.24,120,76.6218,76.8151,76.3878,0.1088,120,26.5264,26.5569,26.5111,0.0097,120,1009.5671,1009.6988,1009.2959,0.1062,120,0,0,0,0,120,0,0,0,0,120,13.9655,14.2604,13.7689,0.2418,120,120,0,0,0,0,0,120,None,None,None,None,0,3.4928,3.495,3.4883,0.0018,0.5653,0.5656,0.5651,0.0001,0.7662,0.7682,0.7639,0.0011,-0.0001,-0.0001,-0.0001,0,0,0,0,0,0,0,0,0,0,0,0,0,167.6333,399,22,76.541,0,0,0,0,296.7833,966,20,132.5525,39,41.7167,47,41,23.68,23.68,23.68
2022-11-08 19:10:00,1.8571,5.3344,0.4216,1.024,120,104.8735,47.5716,120,76.691,76.8151,76.5404,0.0566,120,26.5503,26.563,26.5325,0.0063,120,1009.6924,1009.8819,1009.4974,0.0747,120,0,0,0,0,120,0,0,0,0,120,14.0106,14.7535,13.7689,0.2549,120,120,0,0,0,0,0,120,None,None,None,None,0,3.4949,3.498,3.4916,0.0012,0.5655,0.5656,0.5653,0.0001,0.7669,0.7682,0.7654,0.0006,-0.0001,-0.0001,-0.0001,0,0,0,0,0,0,0,0,0,0,0,0,0,179.0333,557,23,111.3061,0,0,0,0,330.4333,1017,43,164.6825,39,41.55,47,39,23.68,23.68,23.63
2022-11-08 19:20:00,1.9765,3.7428,0.4216,0.7372,120,98.7736,30.9484,120,76.516,76.632,76.3268,0.0829,120,26.5348,26.5569,26.505,0.0115,120,1009.8271,1010.065,1009.6622,0.1011,120,0,0,0,0,120,0,0,0,0,120,13.9328,14.2604,13.7689,0.2326,120,120,0,0,0,0,0,120,None,None,None,None,0,3.4971,3.5011,3.4944,0.0017,0.5654,0.5656,0.5651,0.0001,0.7652,0.7663,0.7633,0.0008,-0.0001,-0.0001,-0.0001,0,0,0,0,0,0,0,0,0,0,0,0,0,192.0083,384,23,80.1273,0,0,0,0,286.6417,721,104,94.2282,38.8,41.6833,47,39,23.68,23.68,23.68
2022-11-08 19:30:00,2.1046,3.7796,0.3664,0.8396,120,96.5196,38.7428,120,76.368,76.4489,76.2352,0.0474,120,26.496,26.5142,26.4684,0.0103,120,1009.996,1010.065,1009.8453,0.0819,120,0,0,0,0,120,0,0,0,0,120,13.9368,14.2604,13.7689,0.2341,120,120,0,0,0,0,0,120,None,None,None,None,0,3.4999,3.5011,3.4974,0.0014,0.565,0.5651,0.5647,0.0001,0.7637,0.7645,0.7624,0.0005,-0.0001,-0.0001,-0.0001,0,0,0,0,0,0,0,0,0,0,0,0,0,205.9333,388,17,91.2574,0,0,0,0,298.7,899,46,137.442,38,41.5667,47,39,23.68,23.68,23.63
2022-11-08 19:40:00,2.212,4.5708,0.5504,0.9055,120,99.3164,33.4387,120,76.4829,76.5709,76.2963,0.0631,120,26.4847,26.5111,26.4592,0.0151,120,1010.1608,1010.4129,1010.0284,0.1002,120,0,0,0,0,120,0,0,0,0,120,13.945,14.2604,13.7689,0.2366,120,120,0,0,0,0,0,120,None,None,None,None,0,3.5027,3.5069,3.5005,0.0017,0.5648,0.5651,0.5646,0.0001,0.7648,0.7657,0.763,0.0006,-0.0001,-0.0001,-0.0001,0,0,0,0,0,0,0,0,0,0,0,0,0,217.6083,474,37,98.4283,0,0,0,0,286.5917,744,37,100.7361,38,41.75,47,39,23.68,23.68,23.68
2022-11-08 19:50:00,2.4351,4.4236,0.9368,0.8364,120,109.7171,35.6022,120,76.6523,76.7846,76.5099,0.0964,120,26.4955,26.5172,26.4776,0.0098,120,1010.2571,1010.4312,1010.0467,0.075,120,0,0,0,0,120,0,0,0,0,120,14.0352,14.7535,13.7689,0.2541,120,120,0,0,0,0,0,120,None,None,None,None,0,3.5043,3.5072,3.5008,0.0012,0.5649,0.5652,0.5648,0.0001,0.7665,0.7678,0.7651,0.001,-0.0001,-0.0001,-0.0001,0,0,0,0,0,0,0,0,0,0,0,0,0,241.8583,458,79,90.908,0,0,0,0,324.4333,1001,115,118.3261,38,41.8333,47,41,23.68,23.68,23.63
2022-11-08 20:00:00,2.5074,4.6076,0.9828,0.7543,120,104.6492,26.1488,120,76.7388,76.8456,76.632,0.054,120,26.5181,26.5447,26.4745,0.0184,120,1010.4544,1010.7608,1010.2115,0.0976,120,0,0,0,0,120,0,0,0,0,120,13.9655,14.2604,13.7689,0.2418,120,120,0,0,0,0,0,120,None,None,None,None,0,3.5076,3.5127,3.5035,0.0016,0.5652,0.5655,0.5647,0.0002,0.7674,0.7685,0.7663,0.0005,-0.0001,-0.0001,-0.0001,0,0,0,0,0,0,0,0,0,0,0,0,0,249.7167,478,84,81.9851,0,0,0,0,298.075,600,24,77.0916,38,41.5,47,39,23.68,23.68,23.68
2022-11-08 20:10:00,2.2007,3.798,0.6608,0.7505,120,103.5183,33.0364,120,76.7551,76.8456,76.632,0.0514,120,26.466,26.4806,26.4409,0.0093,120,1010.5664,1010.7791,1010.3946,0.0678,120,0,0,0,0,120,0,0,0,0,120,13.9655,14.2604,13.7689,0.2418,120,120,0,0,0,0,0,120,None,None,None,None,0,3.5094,3.513,3.5066,0.0011,0.5647,0.5648,0.5644,0.0001,0.7676,0.7685,0.7663,0.0005,-0.0001,-0.0001,-0.0001,0,0,0,0,0,0,0,0,0,0,0,0,0,216.3833,390,49,81.572,0,0,0,0,296.9083,602,33,96.3953,38,41.7667,47,39,23.68,23.68,23.68
2022-11-08 20:20:00,2.3649,4.5892,0.8632,0.8347,120,103.8906,31.2013,120,76.705,76.7846,76.632,0.0334,120,26.4505,26.505,26.4196,0.0225,120,1010.6426,1010.7791,1010.4129,0.0952,120,0,0,0,0,120,0,0,0,0,120,14.0065,14.2604,13.7689,0.2466,120,120,0,0,0,0,0,120,None,None,None,None,0,3.5107,3.513,3.5069,0.0016,0.5645,0.5651,0.5642,0.0002,0.767,0.7678,0.7663,0.0003,-0.0001,-0.0001,-0.0001,0,0,0,0,0,0,0,0,0,0,0,0,0,234.2333,476,71,90.7267,0,0,0,0,299.125,592,132,90.8876,37.9,41.55,47,39,23.68,23.68,23.63
2022-11-08 20:30:00,2.0478,3.3012,0.6056,0.6132,120,100.2103,26.857,120,76.6068,76.7235,76.5404,0.0401,120,26.5073,26.5294,26.4837,0.0113,120,1010.7369,1010.9256,1010.5594,0.0719,120,0,0,0,0,120,0,0,0,0,120,14.0229,14.2604,13.7689,0.2466,120,120,0,0,0,0,0,120,None,None,None,None,0,3.5123,3.5154,3.5093,0.0012,0.5651,0.5653,0.5648,0.0001,0.7661,0.7672,0.7654,0.0004,-0.0001,-0.0001,-0.0001,0,0,0,0,0,0,0,0,0,0,0,0,0,199.7583,336,43,66.652,0,0,0,0,285.8917,542,129,77.5414,37,41.5333,47,39,23.68,23.68,23.68
2022-11-08 20:40:00,1.9983,3.7152,0.5228,0.8122,120,103.6536,34.0845,120,76.7734,76.9372,76.632,0.092,120,26.48,26.4959,26.4654,0.0077,120,1010.7663,1010.9439,1010.5594,0.0614,120,0,0,0,0,120,0,0,0,0,120,13.9655,14.2604,13.2775,0.25,120,120,0,0,0,0,0,120,None,None,None,None,0,3.5128,3.5157,3.5093,0.001,0.5648,0.565,0.5646,0.0001,0.7677,0.7694,0.7663,0.0009,-0.0001,-0.0001,-0.0001,0,0,0,0,0,0,0,0,0,0,0,0,0,194.3833,381,34,88.2847,0,0,0,0,302.4333,806,102,105.3468,37,41.6667,47,39,23.68,23.68,23.68
2022-11-08 20:50:00,1.8116,3.9176,0.532,0.6539,120,108.2614,40.1595,120,77.0084,77.1508,76.9066,0.064,120,26.4999,26.5081,26.4928,0.0046,120,1010.8884,1011.127,1010.7425,0.086,120,0,0,0,0,120,0,0,0,0,120,13.9328,14.2604,13.7689,0.2326,120,120,0,0,0,0,0,120,None,None,None,None,0,3.5148,3.5188,3.5124,0.0014,0.565,0.5651,0.5649,0.0001,0.7701,0.7715,0.7691,0.0006,-0.0001,-0.0001,-0.0001,0,0,0,0,0,0,0,0,0,0,0,0,0,174.0833,403,35,71.0717,0,0,0,0,313.8917,767,85,117.7397,37,41.4833,47,39,23.68,23.68,23.63
2022-11-08 21:00:00,1.9027,3.7152,0.2928,0.8249,120,101.5118,42.4938,120,77.1358,77.2118,77.0287,0.0375,120,26.5051,26.5264,26.4837,0.0112,120,1010.9348,1010.9806,1010.7425,0.0344,120,0,0,0,0,120,0,0,0,0,120,13.9164,14.2604,13.7689,0.2262,120,120,0,0,0,0,0,120,None,None,None,None,0,3.5156,3.5163,3.5124,0.0006,0.5651,0.5653,0.5648,0.0001,0.7714,0.7721,0.7703,0.0004,-0.0001,-0.0001,-0.0001,0,0,0,0,0,0,0,0,0,0,0,0,0,183.9917,381,9,89.6657,0,0,0,0,320.05,993,87,148.5728,37,41.65,47,39,23.68,23.68,23.63
2022-11-08 21:10:00,1.7586,3.6508,0.302,0.7457,120,104.4985,39.7444,120,77.191,77.3034,77.0898,0.05,120,26.4831,26.5111,26.4348,0.0213,120,1010.9403,1011.127,1010.7425,0.0516,120,0,0,0,0,120,0,0,0,0,120,13.8918,14.2604,13.7689,0.2137,120,120,0,0,0,0,0,120,None,None,None,None,0,3.5157,3.5188,3.5124,0.0009,0.5648,0.5651,0.5644,0.0002,0.7719,0.773,0.7709,0.0005,-0.0001,-0.0001,-0.0001,0,0,0,0,0,0,0,0,0,0,0,0,0,168.325,374,10,81.0512,0,0,0,0,325.85,1022,68,151.7885,37,41.65,47,39,23.68,23.68,23.68
2022-11-08 21:20:00,1.8864,3.1816,0.4584,0.566,120,99.0074,27.0388,120,77.2871,77.3949,77.1813,0.0715,120,26.3919,26.4379,26.3555,0.025,120,1010.9548,1011.127,1010.7425,0.072,120,0,0,0,0,120,0,0,0,0,120,13.9573,14.2604,13.2775,0.2483,120,120,0,0,0,0,0,120,None,None,None,None,0,3.5159,3.5188,3.5124,0.0012,0.5639,0.5644,0.5635,0.0003,0.7729,0.7739,0.7718,0.0007,-0.0001,-0.0001,-0.0001,0,0,0,0,0,0,0,0,0,0,0,0,0,182.2167,323,27,61.517,0,0,0,0,287.8917,749,1,88.7419,37,41.55,47,39,23.68,23.68,23.63
2022-11-08 21:30:00,1.9542,3.154,0.9184,0.5052,120,105.2032,28.5941,120,77.4794,77.5781,77.3644,0.061,120,26.3747,26.4043,26.3463,0.0137,120,1010.9781,1011.1454,1010.9073,0.0795,120,0,0,0,0,120,0,0,0,0,120,13.9532,14.2604,13.2775,0.2473,120,120,0,0,0,0,0,120,None,None,None,None,0,3.5163,3.5191,3.5151,0.0013,0.5637,0.564,0.5635,0.0001,0.7748,0.7758,0.7736,0.0006,-0.0001,-0.0001,-0.0001,0,0,0,0,0,0,0,0,0,0,0,0,0,189.5833,320,77,54.913,0,0,0,0,301.9167,624,158,83.2592,37,41.6167,49,39,23.68,23.68,23.63
2022-11-08 21:40:00,1.6888,2.9516,0.716,0.4797,120,106.4993,31.0091,120,77.5361,77.6086,77.3949,0.0592,120,26.3873,26.4013,26.3463,0.0134,120,1010.9441,1011.127,1010.7608,0.0523,120,0,0,0,0,120,0,0,0,0,120,13.9164,14.2604,13.2775,0.235,120,120,0,0,0,0,0,120,None,None,None,None,0,3.5157,3.5188,3.5127,0.0009,0.5639,0.564,0.5635,0.0001,0.7754,0.7761,0.7739,0.0006,-0.0001,-0.0001,-0.0001,0,0,0,0,0,0,0,0,0,0,0,0,0,160.7417,298,55,52.14,0,0,0,0,310.9833,1003,0,107.6307,37,41.5167,47,39,23.68,23.68,23.63
2022-11-08 21:50:00,1.5859,3.6324,0.4124,0.6426,120,109.8133,36.3177,120,77.5536,77.6391,77.3949,0.0523,120,26.3128,26.3463,26.2975,0.0092,120,1010.9009,1011.127,1010.7242,0.084,120,0,0,0,0,120,0,0,0,0,120,13.8427,14.2604,13.2775,0.1874,120,120,0,0,0,0,0,120,None,None,None,None,0,3.515,3.5188,3.5121,0.0014,0.5631,0.5635,0.563,0.0001,0.7755,0.7764,0.7739,0.0005,-0.0001,-0.0001,-0.0001,0,0,0,0,0,0,0,0,0,0,0,0,0,149.55,372,22,69.8506,0,0,0,0,324.375,997,33,121.9598,36.6,41.4333,47,39,23.68,23.68,23.63
2022-11-08 22:00:00,2.0589,3.66,0.8724,0.5935,120,99.6324,28.5798,120,77.6399,77.7612,77.5475,0.0512,120,26.2763,26.3097,26.2456,0.0169,120,1010.8637,1010.9622,1010.7242,0.0901,120,0,0,0,0,120,0,0,0,0,120,13.9205,14.2604,13.2775,0.2366,120,120,0,0,0,0,0,120,None,None,None,None,0,3.5144,3.516,3.5121,0.0015,0.5628,0.5631,0.5625,0.0002,0.7764,0.7776,0.7755,0.0005,-0.0001,-0.0001,-0.0001,0,0,0,0,0,0,0,0,0,0,0,0,0,200.9667,375,72,64.5098,0,0,0,0,284.1,633,49,84.1516,36,41.5667,47,39,23.68,23.68,23.63
2022-11-08 22:10:00,1.9493,3.844,0.5504,0.7913,120,99.2158,30.6232,120,77.7718,77.8527,77.7306,0.0273,120,26.2399,26.2609,26.2243,0.0077,120,1010.7485,1010.9256,1010.7242,0.0344,120,0,0,0,0,120,0,0,0,0,120,13.9205,14.2604,13.7689,0.2279,120,120,0,0,0,0,0,120,None,None,None,None,0,3.5125,3.5154,3.5121,0.0006,0.5624,0.5626,0.5622,0.0001,0.7777,0.7785,0.7773,0.0003,-0.0001,-0.0001,-0.0001,0,0,0,0,0,0,0,0,0,0,0,0,0,189.05,395,37,86.0131,0,0,0,0,297.3167,990,52,117.5245,36,41.3833,47,39,23.68,23.68,23.63
2022-11-08 22:20:00,1.623,2.7676,0.4308,0.5436,120,96.6372,29.2976,120,77.7418,77.8222,77.6391,0.0381,120,26.2367,26.2578,26.212,0.0129,120,1010.6668,1010.7608,1010.5411,0.0941,120,0,0,0,0,120,0,0,0,0,120,13.8631,14.2604,13.2775,0.2323,120,120,0,0,0,0,0,120,None,None,None,None,0,3.5111,3.5127,3.509,0.0016,0.5624,0.5626,0.5621,0.0001,0.7774,0.7782,0.7764,0.0004,-0.0001,-0.0001,-0.0001,0,0,0,0,0,0,0,0,0,0,0,0,0,153.5833,278,24,59.0853,0,0,0,0,274.1417,540,1,85.5506,36,41.4333,49,39,23.68,23.68,23.63
2022-11-08 22:30:00,1.9381,4.028,0.4584,0.8095,120,99.1425,36.3442,120,77.7266,77.8222,77.6086,0.0481,120,26.1536,26.2182,26.0656,0.0488,120,1010.5449,1010.7242,1010.3763,0.024,120,0,0,0,0,120,0,0,0,0,120,13.8508,14.2604,13.2775,0.2145,120,120,0,0,0,0,0,120,None,None,None,None,0,3.5091,3.5121,3.5063,0.0004,0.5615,0.5622,0.5607,0.0005,0.7773,0.7782,0.7761,0.0005,-0.0001,-0.0001,-0.0001,0,0,0,0,0,0,0,0,0,0,0,0,0,187.8417,415,27,87.9934,0,0,0,0,305.4583,929,15,134.759,36,41.3833,47,39,23.68,23.68,23.63
2022-11-08 22:40:00,1.919,3.4024,0.5596,0.7336,120,103.418,38.0868,120,77.8476,77.9138,77.7917,0.0294,120,26.0657,26.0747,26.0533,0.0043,120,1010.5422,1010.7425,1010.3763,0.0333,120,0,0,0,0,120,0,0,0,0,120,13.859,14.2604,13.2775,0.2296,120,120,0,0,0,0,0,120,None,None,None,None,0,3.509,3.5124,3.5063,0.0006,0.5607,0.5607,0.5605,0,0.7785,0.7791,0.7779,0.0003,-0.0001,-0.0001,-0.0001,0,0,0,0,0,0,0,0,0,0,0,0,0,185.7583,347,38,79.7444,0,0,0,0,304.85,846,87,117.6025,36,41.6833,47,39,23.68,23.68,23.63
2022-11-08 22:50:00,1.7331,3.016,0.4124,0.6709,120,101.3733,28.6655,120,77.7647,77.8527,77.7001,0.0396,120,26.073,26.0839,26.0594,0.005,120,1010.4691,1010.5594,1010.358,0.0859,120,0,0,0,0,120,0,0,0,0,120,13.8386,14.2604,13.2775,0.2141,120,120,0,0,0,0,0,120,None,None,None,None,0,3.5078,3.5093,3.506,0.0014,0.5607,0.5608,0.5606,0.0001,0.7776,0.7785,0.777,0.0004,-0.0001,-0.0001,-0.0001,0,0,0,0,0,0,0,0,0,0,0,0,0,165.55,305,22,72.9187,0,0,0,0,297.9417,927,82,102.7648,36,41.6,47,39,23.68,23.68,23.63
2022-11-08 23:00:00,1.474,2.7124,0.4492,0.4765,120,108.4012,29.3095,120,77.7645,77.9138,77.6391,0.0615,120,26.036,26.0686,26.0045,0.0169,120,1010.388,1010.5411,1010.1749,0.0778,120,0,0,0,0,120,0,0,0,0,120,13.7853,14.2604,13.2775,0.1678,120,120,0,0,0,0,0,120,None,None,None,None,0,3.5065,3.509,3.5029,0.0013,0.5604,0.5607,0.5601,0.0002,0.7776,0.7791,0.7764,0.0006,-0.0001,-0.0001,-0.0001,0,0,0,0,0,0,0,0,0,0,0,0,0,137.3917,272,26,51.791,0,0,0,0,315.775,852,119,93.6741,36,41.5667,47,39,23.68,23.68,23.63
2022-11-08 23:10:00,1.509,2.4456,0.2744,0.4669,120,108.4564,29.3333,120,78.0567,78.2189,77.8832,0.1037,120,25.9885,26.0167,25.9679,0.0108,120,1010.3757,1010.5594,1010.358,0.019,120,0,0,0,0,120,0,0,0,0,120,13.8263,14.2604,13.2775,0.2033,120,120,0,0,0,0,0,120,None,None,None,None,0,3.5063,3.5093,3.506,0.0003,0.5599,0.5602,0.5597,0.0001,0.7806,0.7822,0.7788,0.001,-0.0001,-0.0001,-0.0001,0,0,0,0,0,0,0,0,0,0,0,0,0,141.2,243,7,50.7518,0,0,0,0,317.3583,876,160,96.2442,36,41.5,47,39,23.68,23.68,23.63
2022-11-08 23:20:00,1.2899,2.4364,0.5872,0.3946,120,102.4173,29.5684,120,78.4326,78.6462,78.2189,0.1178,120,25.9653,25.977,25.9496,0.0054,120,1010.2614,1010.3946,1010.1566,0.0939,120,0,0,0,0,120,0,0,0,0,120,13.8099,14.2604,13.2775,0.1867,120,120,0,0,0,0,0,120,None,None,None,None,0,3.5044,3.5066,3.5026,0.0016,0.5596,0.5598,0.5595,0.0001,0.7843,0.7865,0.7822,0.0012,-0.0001,-0.0001,-0.0001,0,0,0,0,0,0,0,0,0,0,0,0,0,117.3833,242,41,42.8864,0,0,0,0,293.8917,677,30,89.6486,36,41.5667,47,39,23.68,23.68,23.63
2022-11-08 23:30:00,1.3279,2.5284,0.6516,0.4565,120,103.7731,23.6759,120,78.7782,78.8598,78.6462,0.0677,120,25.9635,25.974,25.9465,0.0056,120,1010.1723,1010.3763,1009.9918,0.0521,120,0,0,0,0,120,0,0,0,0,120,13.7771,14.2604,13.2775,0.191,120,120,0,0,0,0,0,120,None,None,None,None,0,3.5029,3.5063,3.4999,0.0009,0.5596,0.5597,0.5595,0.0001,0.7878,0.7886,0.7865,0.0007,-0.0001,-0.0001,-0.0001,0,0,0,0,0,0,0,0,0,0,0,0,0,121.5083,252,48,49.6162,0,0,0,0,294.8333,508,100,68.2181,36,41.8333,47,39,23.68,23.68,23.63
2022-11-08 23:40:00,1.3759,2.4364,0.4032,0.4301,120,106.5166,31.6172,120,79.0111,79.1955,78.8293,0.0947,120,25.912,25.9496,25.8885,0.018,120,1010.0653,1010.1932,1009.9734,0.0869,120,0,0,0,0,120,0,0,0,0,120,13.7648,14.2604,13.2775,0.2341,120,120,0,0,0,0,0,120,None,None,None,None,0,3.5011,3.5032,3.4996,0.0014,0.5591,0.5595,0.5589,0.0002,0.7901,0.792,0.7883,0.0009,-0.0001,-0.0001,-0.0001,0,0,0,0,0,0,0,0,0,0,0,0,0,126.725,242,21,46.7532,0,0,0,0,307.3333,753,5,96.6421,36,41.6833,47,39,23.68,23.68,23.63
2022-11-08 23:50:00,1.1072,1.7188,0.4308,0.2484,120,104.0345,25.697,120,79.2151,79.2871,79.165,0.0349,120,25.8975,25.9069,25.8855,0.0047,120,1010.009,1010.1932,1009.9734,0.0522,120,0,0,0,0,120,0,0,0,0,120,13.7116,14.2604,13.2775,0.2224,120,120,0,0,0,0,0,120,None,None,None,None,0,3.5002,3.5032,3.4996,0.0009,0.559,0.5591,0.5588,0.0001,0.7922,0.7929,0.7917,0.0003,-0.0001,-0.0001,-0.0001,0,0,0,0,0,0,0,0,0,0,0,0,0,97.525,164,24,27.0045,0,0,0,0,304.1,1006,83,95.7802,35.1,41.8,47,39,23.68,23.68,23.63
