datetime,Anemometer;wind_speed;Avg (m/s),Anemometer;wind_speed;Max (m/s),Anemometer;wind_speed;Min (m/s),Anemometer;wind_speed;StdDev (m/s),Anemometer;wind_speed;Count (),Wind Vane TMR;wind_direction;Avg (°),Wind Vane TMR;wind_direction;StdDev (°),Wind Vane TMR;wind_direction;Count (),Hygro/Thermo;humidity;Avg (%),Hygro/Thermo;humidity;Max (%),Hygro/Thermo;humidity;Min (%),Hygro/Thermo;humidity;StdDev (%),Hygro/Thermo;humidity;Count (),Hygro/Thermo;temperature;Avg (°C),Hygro/Thermo;temperature;Max (°C),Hygro/Thermo;temperature;Min (°C),Hygro/Thermo;temperature;StdDev (°C),Hygro/Thermo;temperature;Count (),Barometer;air_pressure;Avg (hPa),Barometer;air_pressure;Max (hPa),Barometer;air_pressure;Min (hPa),Barometer;air_pressure;StdDev (hPa),Barometer;air_pressure;Count (),DHI (Diffuse Horizontal Irradiance);solar_irradiance;Avg (W/m²),DHI (Diffuse Horizontal Irradiance);solar_irradiance;Max (W/m²),DHI (Diffuse Horizontal Irradiance);solar_irradiance;Min (W/m²),DHI (Diffuse Horizontal Irradiance);solar_irradiance;StdDev (W/m²),DHI (Diffuse Horizontal Irradiance);solar_irradiance;Count (),GHI (Global Horizontal Irradiance);solar_irradiance;Avg (W/m²),GHI (Global Horizontal Irradiance);solar_irradiance;Max (W/m²),GHI (Global Horizontal Irradiance);solar_irradiance;Min (W/m²),GHI (Global Horizontal Irradiance);solar_irradiance;StdDev (W/m²),GHI (Global Horizontal Irradiance);solar_irradiance;Count (),DNI (Direct Normal Irradiance) Pyrheliometer;solar_DNI;Avg (W/m²),DNI (Direct Normal Irradiance) Pyrheliometer;solar_DNI;Max (W/m²),DNI (Direct Normal Irradiance) Pyrheliometer;solar_DNI;Min (W/m²),DNI (Direct Normal Irradiance) Pyrheliometer;solar_DNI;StdDev (W/m²),DNI (Direct Normal Irradiance) Pyrheliometer;solar_DNI;Count (),Precipitation;precipitation;Count (),Precipitation;precipitation;Sum (mm),GTI (Global Tilt Irradiance) PV Cell;voltage;Avg (W/m2),GTI (Global Tilt Irradiance) PV Cell;voltage;Max (W/m2),GTI (Global Tilt Irradiance) PV Cell;voltage;Min (W/m2),GTI (Global Tilt Irradiance) PV Cell;voltage;StdDev (W/m2),GTI (Global Tilt Irradiance) PV Cell;voltage;Count (),Theta;other;Avg (°),Theta;other;Max (°),Theta;other;Min (°),Theta;other;StdDev (°),Theta;other;Count (),A1;channel;Avg (V),A1;channel;Max (V),A1;channel;Min (V),A1;channel;StdDev (V),A2;channel;Avg (V),A2;channel;Max (V),A2;channel;Min (V),A2;channel;StdDev (V),A3;channel;Avg (V),A3;channel;Max (V),A3;channel;Min (V),A3;channel;StdDev (V),A4;channel;Avg (V),A4;channel;Max (V),A4;channel;Min (V),A4;channel;StdDev (V),A5;channel;Avg (V),A5;channel;Max (V),A5;channel;Min (V),A5;channel;StdDev (V),A6;channel;Avg (V),A6;channel;Max (V),A6;channel;Min (V),A6;channel;StdDev (V),A7;channel;Avg (V),A7;channel;Max (V),A7;channel;Min (V),A7;channel;StdDev (V),C1;channel;Avg (I),C1;channel;Max (I),C1;channel;Min (I),C1;channel;StdDev (I),C2;channel;Avg (I),C2;channel;Max (I),C2;channel;Min (I),C2;channel;StdDev (I),D1;channel;Avg (),D1;channel;Max (),D1;channel;Min (),D1;channel;StdDev (),T;channel;Avg (°C),I;channel;Avg (mA),I;channel;Max (mA),I;channel;Min (mA),V;channel;Avg (V),V;channel;Max (V),V;channel;Min (V)
2022-11-30 00:00:00,1.4326,2.8228,0.2284,0.5698,120,41.2871,45.3493,120,75.7444,75.8385,75.6554,0.0385,120,26.3578,26.3768,26.3372,0.0109,120,1002.7294,1002.9237,1002.5391,0.0795,120,0,0,0,0,120,0,0,0,0,120,13.8263,14.2604,13.2775,0.2033,120,120,0,0,0,0,0,120,None,None,None,None,0,3.3788,3.3821,3.3757,0.0013,0.5636,0.5638,0.5634,0.0001,0.7574,0.7584,0.7566,0.0004,-0.0001,-0.0001,-0.0001,0,0,0,0,0,0,0,0,0,0,0,0,0,132.8917,284,2,61.9399,0,0,0,0,232.4083,1018,1,256.6331,36.9,48.2167,53,47,23.67,23.68,23.63
2022-11-30 00:10:00,1.8373,3.7888,0.4124,0.7954,120,49.5825,40.7894,120,75.7304,75.8995,75.6249,0.0663,120,26.3691,26.3768,26.3585,0.0037,120,1002.5877,1002.7223,1002.5208,0.0829,120,0,0,0,0,120,0,0,0,0,120,13.814,14.2604,13.2775,0.2113,120,120,0,0,0,0,0,120,None,None,None,None,0,3.3765,3.3787,3.3753,0.0014,0.5637,0.5638,0.5636,0,0.7573,0.759,0.7562,0.0007,-0.0001,-0.0001,-0.0001,0,0,0,0,0,0,0,0,0,0,0,0,0,176.875,389,22,86.4588,0,0,0,0,205.3,1019,0,213.5519,37,48.0833,49,45,23.67,23.68,23.63
2022-11-30 00:20:00,1.6238,3.3012,0.302,0.7416,120,39.68,37.5639,120,76.0748,76.2658,75.8995,0.1121,120,26.3769,26.386,26.3646,0.0043,120,1002.5712,1002.7223,1002.5208,0.072,120,0,0,0,0,120,0,0,0,0,120,13.8345,14.2604,13.2775,0.1795,120,120,0,0,0,0,0,120,None,None,None,None,0,3.3762,3.3787,3.3753,0.0012,0.5638,0.5639,0.5636,0,0.7607,0.7627,0.759,0.0011,-0.0001,-0.0001,-0.0001,0,0,0,0,0,0,0,0,0,0,0,0,0,153.675,336,10,80.6076,0,0,0,0,210.5167,1020,0,251.9238,37,48.5,53,47,23.67,23.68,23.63
2022-11-30 00:30:00,1.4224,2.878,0.302,0.7456,120,44.6696,29.9913,120,76.3944,76.5709,76.2352,0.0984,120,26.3573,26.383,26.3311,0.0157,120,1002.5503,1002.7223,1002.5208,0.0497,120,0,0,0,0,120,0,0,0,0,120,13.8345,14.2604,13.2775,0.2107,120,120,0,0,0,0,0,120,None,None,None,None,0,3.3758,3.3787,3.3753,0.0008,0.5636,0.5638,0.5633,0.0002,0.7639,0.7657,0.7624,0.001,-0.0001,-0.0001,-0.0001,0,0,0,0,0,0,0,0,0,0,0,0,0,131.7833,290,10,81.0418,0,0,0,0,182.7667,1017,1,197.4552,37,48.1167,51,41,23.67,23.68,23.63
2022-11-30 00:40:00,1.3623,3.2552,0.348,0.7164,120,43.0946,46.4256,120,76.6765,76.7846,76.5709,0.0633,120,26.3307,26.3433,26.3189,0.005,120,1002.4946,1002.7039,1002.3377,0.0823,120,0,0,0,0,120,0,0,0,0,120,13.7689,14.2604,13.2775,0.1802,120,120,0,0,0,0,0,120,None,None,None,None,0,3.3749,3.3784,3.3723,0.0014,0.5633,0.5634,0.5632,0.0001,0.7668,0.7678,0.7657,0.0006,-0.0001,-0.0001,-0.0001,0,0,0,0,0,0,0,0,0,0,0,0,0,125.25,331,15,77.865,0,0,0,0,236.6083,1021,8,257.7807,36.1,46.7667,49,41,23.67,23.68,23.63
2022-11-30 00:50:00,1.4643,3.292,0.4952,0.6062,120,51.5992,45.1848,120,76.7828,76.8761,76.632,0.0519,120,26.2999,26.3311,26.267,0.0218,120,1002.3569,1002.5575,1002.1546,0.065,120,0,0,0,0,120,0,0,0,0,120,13.8058,14.2604,13.2775,0.2031,120,120,0,0,0,0,0,120,None,None,None,None,0,3.3726,3.376,3.3692,0.0011,0.563,0.5633,0.5627,0.0002,0.7678,0.7688,0.7663,0.0005,-0.0001,-0.0001,-0.0001,0,0,0,0,0,0,0,0,0,0,0,0,0,136.3417,335,31,65.8966,0,0,0,0,235.9167,1002,3,235.2294,36,46.9,47,41,23.67,23.68,23.63
2022-11-30 01:00:00,1.4821,3.0252,0.6332,0.4975,120,34.9088,33.9437,120,76.6236,76.8151,76.4489,0.1113,120,26.2705,26.2853,26.2548,0.0073,120,1002.2665,1002.356,1002.1546,0.0872,120,0,0,0,0,120,0,0,0,0,120,13.8263,14.2604,13.2775,0.1931,120,120,0,0,0,0,0,120,None,None,None,None,0,3.3711,3.3726,3.3692,0.0015,0.5627,0.5628,0.5625,0.0001,0.7662,0.7682,0.7645,0.0011,-0.0001,-0.0001,-0.0001,0,0,0,0,0,0,0,0,0,0,0,0,0,138.275,306,46,54.0729,0,0,0,0,226.9333,1013,4,285.2566,36,47,49,45,23.67,23.68,23.63
2022-11-30 01:10:00,1.4552,2.8964,0.2192,0.687,120,44.7018,48.4352,120,76.2945,76.5099,76.0521,0.1236,120,26.297,26.325,26.2609,0.0165,120,1002.1499,1002.356,1001.9532,0.0804,120,0,0,0,0,120,0,0,0,0,120,13.7648,14.2604,13.2775,0.1744,120,120,0,0,0,0,0,120,None,None,None,None,0,3.3692,3.3726,3.3659,0.0013,0.563,0.5633,0.5626,0.0002,0.7629,0.7651,0.7605,0.0012,-0.0001,-0.0001,-0.0001,0,0,0,0,0,0,0,0,0,0,0,0,0,135.35,292,1,74.6716,0,0,0,0,231.3417,1002,4,245.4041,36,47,49,45,23.67,23.68,23.63
2022-11-30 01:20:00,1.0139,2.786,0,0.7322,120,35.8649,53.1626,120,76.0666,76.1742,75.9911,0.0421,120,26.287,26.3097,26.267,0.0105,120,1002.1485,1002.3377,1001.9715,0.0618,120,0,0,0,0,120,0,0,0,0,120,13.7444,14.2604,13.2775,0.1668,120,120,0,0,0,0,0,120,None,None,None,None,0,3.3691,3.3723,3.3662,0.001,0.5629,0.5631,0.5627,0.0001,0.7607,0.7617,0.7599,0.0004,-0.0001,-0.0001,-0.0001,0,0,0,0,0,0,0,0,0,0,0,0,0,88.5167,280,0,78.132,0,0,0,0,253.75,1012,6,280.3948,36,46.85,49,41,23.67,23.68,23.63
2022-11-30 01:30:00,1.5017,3.5956,0.578,0.5339,120,26.9379,32.4382,120,76.2302,76.3268,76.1437,0.0434,120,26.2695,26.2822,26.2578,0.0054,120,1002.1647,1002.356,1001.9715,0.0457,120,0,0,0,0,120,0,0,0,0,120,13.8181,14.2604,13.2775,0.2055,120,120,0,0,0,0,0,120,None,None,None,None,0,3.3694,3.3726,3.3662,0.0008,0.5627,0.5628,0.5626,0.0001,0.7623,0.7633,0.7614,0.0004,-0.0001,-0.0001,-0.0001,0,0,0,0,0,0,0,0,0,0,0,0,0,140.4,368,40,58.0311,0,0,0,0,206.375,1021,1,294.2353,36,46.9667,49,41,23.67,23.68,23.63
2022-11-30 01:40:00,1.7361,2.8228,0.67,0.5372,120,33.2737,34.6868,120,76.4618,76.6015,76.2963,0.0875,120,26.2804,26.2944,26.2639,0.0079,120,1002.1802,1002.356,1001.9898,0.0544,120,0,0,0,0,120,0,0,0,0,120,13.8508,14.2604,13.2775,0.2145,120,120,0,0,0,0,0,120,None,None,None,None,0,3.3697,3.3726,3.3665,0.0009,0.5628,0.5629,0.5626,0.0001,0.7646,0.766,0.763,0.0009,-0.0001,-0.0001,-0.0001,0,0,0,0,0,0,0,0,0,0,0,0,0,165.8833,284,50,58.3873,0,0,0,0,163.3417,1016,0,208.135,36,46.9667,47,45,23.67,23.68,23.63
2022-11-30 01:50:00,2.034,4.0648,0.5596,0.8154,120,35.3005,35.411,120,76.7024,76.8456,76.3268,0.1196,120,26.249,26.2883,26.209,0.025,120,1002.1505,1002.356,1001.9532,0.0673,120,0,0,0,0,120,0,0,0,0,120,13.7812,14.2604,13.2775,0.162,120,120,0,0,0,0,0,120,None,None,None,None,0,3.3692,3.3726,3.3659,0.0011,0.5625,0.5629,0.5621,0.0003,0.767,0.7685,0.7633,0.0012,-0.0001,-0.0001,-0.0001,0,0,0,0,0,0,0,0,0,0,0,0,0,198.2583,419,38,88.6308,0,0,0,0,215.325,1019,8,271.2319,36,46.95,47,43,23.67,23.68,23.63
2022-11-30 02:00:00,2.186,4.4604,0.716,0.7526,120,35.5743,30.9021,120,76.8634,76.9372,76.7846,0.036,120,26.2691,26.2975,26.2273,0.0183,120,1002.1952,1002.356,1002.1363,0.0712,120,0,0,0,0,120,0,0,0,0,120,13.8058,14.2604,13.2775,0.1705,120,120,0,0,0,0,0,120,None,None,None,None,0,3.3699,3.3726,3.3689,0.0012,0.5627,0.563,0.5623,0.0002,0.7686,0.7694,0.7678,0.0004,-0.0001,-0.0001,-0.0001,0,0,0,0,0,0,0,0,0,0,0,0,0,214.7833,462,55,81.8023,0,0,0,0,204.8333,1021,11,262.351,36,46.9167,49,41,23.67,23.68,23.63
2022-11-30 02:10:00,1.6808,3.9268,0.4308,0.7207,120,33.0615,33.919,120,76.9227,76.9982,76.7846,0.0589,120,26.2917,26.3189,26.27,0.0148,120,1002.3287,1002.5391,1002.1546,0.056,120,0,0,0,0,120,0,0,0,0,120,13.7812,14.2604,13.2775,0.162,120,120,0,0,0,0,0,120,None,None,None,None,0,3.3721,3.3757,3.3692,0.0009,0.5629,0.5632,0.5627,0.0001,0.7692,0.77,0.7678,0.0006,-0.0001,-0.0001,-0.0001,0,0,0,0,0,0,0,0,0,0,0,0,0,159.8667,404,24,78.332,0,0,0,0,198.85,998,15,263.596,36,46.85,47,41,23.67,23.68,23.63
2022-11-30 02:20:00,1.8852,3.9912,0.5412,0.7438,120,29.5857,30.3194,120,77.0038,77.0898,76.9066,0.0409,120,26.304,26.3189,26.2944,0.0038,120,1002.3368,1002.5391,1002.1363,0.054,120,0,0,0,0,120,0,0,0,0,120,13.7935,14.2604,13.2775,0.1895,120,120,0,0,0,0,0,120,None,None,None,None,0,3.3723,3.3757,3.3689,0.0009,0.563,0.5632,0.5629,0,0.77,0.7709,0.7691,0.0004,-0.0001,-0.0001,-0.0001,0,0,0,0,0,0,0,0,0,0,0,0,0,182.0917,411,36,80.8464,0,0,0,0,218.975,1021,0,305.0148,36,46.8,49,39,23.66,23.68,23.63
2022-11-30 02:30:00,1.2989,2.3536,0.3204,0.4432,120,38.094,38.0588,120,77.1226,77.2118,77.0592,0.0521,120,26.321,26.3402,26.3006,0.0081,120,1002.3252,1002.5208,1002.1363,0.0648,120,0,0,0,0,120,0,0,0,0,120,13.7853,14.2604,13.2775,0.1678,120,120,0,0,0,0,0,120,None,None,None,None,0,3.3721,3.3753,3.3689,0.0011,0.5632,0.5634,0.563,0.0001,0.7712,0.7721,0.7706,0.0005,-0.0001,-0.0001,-0.0001,0,0,0,0,0,0,0,0,0,0,0,0,0,118.3583,233,12,48.1773,0,0,0,0,217.075,1021,0,262.3018,36,46.9667,49,45,23.67,23.68,23.63
2022-11-30 02:40:00,1.7445,3.2736,0.4676,0.706,120,33.5816,39.8645,120,77.3087,77.3949,77.1813,0.0648,120,26.3381,26.3494,26.328,0.0047,120,1002.237,1002.356,1002.1363,0.0916,120,0,0,0,0,120,0,0,0,0,120,13.7935,14.2604,13.2775,0.1785,120,120,0,0,0,0,0,120,None,None,None,None,0,3.3706,3.3726,3.3689,0.0015,0.5634,0.5635,0.5633,0.0001,0.7731,0.7739,0.7718,0.0006,-0.0001,-0.0001,-0.0001,0,0,0,0,0,0,0,0,0,0,0,0,0,166.7917,333,28,76.7393,0,0,0,0,224.7167,1022,4,287.4852,36,46.75,49,41,23.66,23.68,23.63
2022-11-30 02:50:00,1.7048,2.8136,0.3572,0.5834,120,34.4579,46.4706,120,77.4298,77.517,77.3034,0.064,120,26.2809,26.3372,26.2365,0.0326,120,1002.177,1002.356,1002.1363,0.0605,120,0,0,0,0,120,0,0,0,0,120,13.7607,14.2604,13.2775,0.191,120,120,0,0,0,0,0,120,None,None,None,None,0,3.3696,3.3726,3.3689,0.001,0.5628,0.5634,0.5624,0.0003,0.7743,0.7752,0.773,0.0006,-0.0001,-0.0001,-0.0001,0,0,0,0,0,0,0,0,0,0,0,0,0,162.4833,283,16,63.4147,0,0,0,0,217.2,1021,1,257.6501,36,46.9333,49,41,23.66,23.68,23.63
2022-11-30 03:00:00,1.6286,3.3748,0.5228,0.6006,120,45.6561,32.0966,120,77.5145,77.6086,77.456,0.0391,120,26.262,26.2761,26.2365,0.009,120,1002.1192,1002.1729,1001.9532,0.0787,120,0,0,0,0,120,0,0,0,0,120,13.7239,14.2604,13.2775,0.2014,120,120,0,0,0,0,0,120,None,None,None,None,0,3.3687,3.3695,3.3659,0.0013,0.5626,0.5628,0.5624,0.0001,0.7751,0.7761,0.7746,0.0004,-0.0001,-0.0001,-0.0001,0,0,0,0,0,0,0,0,0,0,0,0,0,154.1917,344,34,65.2826,0,0,0,0,174.6833,1016,0,187.3643,36,46.8,47,41,23.67,23.68,23.63
2022-11-30 03:10:00,1.7569,3.5036,0.7252,0.6963,120,46.1903,39.0504,120,77.4974,77.5475,77.456,0.0189,120,26.2612,26.2822,26.2517,0.0056,120,1002.0539,1002.1729,1001.7701,0.0975,120,0,0,0,0,120,0,0,0,0,120,13.814,14.2604,13.2775,0.2113,120,120,0,0,0,0,0,120,None,None,None,None,0,3.3676,3.3695,3.3628,0.0016,0.5626,0.5628,0.5625,0.0001,0.775,0.7755,0.7746,0.0002,-0.0001,-0.0001,-0.0001,0,0,0,0,0,0,0,0,0,0,0,0,0,168.1417,358,56,75.6871,0,0,0,0,205.0417,1019,20,215.8427,36,46.8667,49,41,23.66,23.68,23.63
2022-11-30 03:20:00,2.3295,5.0216,0.6056,0.9184,120,54.6527,27.092,120,77.4649,77.5475,77.3949,0.0423,120,26.2448,26.2731,26.2212,0.0152,120,1002.0267,1002.1729,1001.9532,0.0885,120,0,0,0,0,120,0,0,0,0,120,13.7812,14.2604,13.2775,0.1346,120,120,0,0,0,0,0,120,None,None,None,None,0,3.3671,3.3695,3.3659,0.0015,0.5625,0.5627,0.5622,0.0001,0.7746,0.7755,0.7739,0.0004,-0.0001,-0.0001,-0.0001,0,0,0,0,0,0,0,0,0,0,0,0,0,230.3833,523,43,99.8232,0,0,0,0,182.6833,1013,4,149.7007,36,46.9,47,41,23.66,23.68,23.63
2022-11-30 03:30:00,1.7955,3.7428,0.3664,0.737,120,54.0009,29.2428,120,77.3049,77.4865,77.1813,0.0819,120,26.2344,26.2578,26.2059,0.0144,120,1002.0934,1002.3377,1001.9532,0.0923,120,0,0,0,0,120,0,0,0,0,120,13.7116,14.2604,13.2775,0.2131,120,120,0,0,0,0,0,120,None,None,None,None,0,3.3682,3.3723,3.3659,0.0015,0.5623,0.5626,0.5621,0.0001,0.773,0.7749,0.7718,0.0008,-0.0001,-0.0001,-0.0001,0,0,0,0,0,0,0,0,0,0,0,0,0,172.3417,384,17,80.1111,0,0,0,0,179.1917,998,0,146.8684,36,46.7167,47,41,23.66,23.68,23.63
2022-11-30 03:40:00,2.1711,4.8468,0.3296,0.9,120,45.7307,42.648,120,77.1152,77.2423,76.9982,0.06,120,26.1871,26.2212,26.1571,0.0162,120,1002.1082,1002.1729,1001.9532,0.079,120,0,0,0,0,120,0,0,0,0,120,13.7239,14.2604,13.2775,0.2014,120,120,0,0,0,0,0,120,None,None,None,None,0,3.3685,3.3695,3.3659,0.0013,0.5619,0.5622,0.5616,0.0002,0.7712,0.7724,0.77,0.0006,-0.0001,-0.0001,-0.0001,0,0,0,0,0,0,0,0,0,0,0,0,0,213.1667,504,13,97.8225,0,0,0,0,238.5167,1020,2,261.8835,36,46.9167,49,41,23.66,23.68,23.63
2022-11-30 03:50:00,2.4447,4.212,0.5136,0.7954,120,32.5572,35.9421,120,76.9456,77.0592,76.8151,0.0702,120,26.1977,26.2182,26.1785,0.0091,120,1002.1278,1002.1729,1001.9532,0.058,120,0,0,0,0,120,0,0,0,0,120,13.7403,14.2604,13.2775,0.2141,120,120,0,0,0,0,0,120,None,None,None,None,0,3.3688,3.3695,3.3659,0.001,0.562,0.5622,0.5618,0.0001,0.7695,0.7706,0.7682,0.0007,-0.0001,-0.0001,-0.0001,0,0,0,0,0,0,0,0,0,0,0,0,0,242.9,435,33,86.4524,0,0,0,0,220.6167,1020,1,286.6824,35.3,46.75,47,41,23.66,23.68,23.63
2022-11-30 04:00:00,2.0422,4.8376,0.5688,0.7966,120,33.2791,36.0008,120,77.0452,77.3034,76.8456,0.098,120,26.1891,26.212,26.1724,0.0103,120,1002.1955,1002.356,1001.9532,0.0862,120,0,0,0,0,120,0,0,0,0,120,13.7648,14.2604,13.2775,0.2064,120,120,0,0,0,0,0,120,None,None,None,None,0,3.3699,3.3726,3.3659,0.0014,0.5619,0.5621,0.5617,0.0001,0.7705,0.773,0.7685,0.001,-0.0001,-0.0001,-0.0001,0,0,0,0,0,0,0,0,0,0,0,0,0,199.15,503,39,86.592,0,0,0,0,212.0083,1021,1,277.7427,35,47.0333,49,47,23.66,23.68,23.63
2022-11-30 04:10:00,2.1629,4.9112,0.6332,0.8196,120,45.1735,42.1946,120,77.2924,77.3949,77.2118,0.0545,120,26.2122,26.2304,26.1815,0.0147,120,1002.3742,1002.5391,1002.1363,0.0854,120,0,0,0,0,120,0,0,0,0,120,13.7812,14.2604,13.2775,0.196,120,120,0,0,0,0,0,120,None,None,None,None,0,3.3729,3.3757,3.3689,0.0014,0.5621,0.5623,0.5618,0.0001,0.7729,0.7739,0.7721,0.0005,-0.0001,-0.0001,-0.0001,0,0,0,0,0,0,0,0,0,0,0,0,0,212.2667,511,46,89.0884,0,0,0,0,211.1583,1002,4,228.5871,35,46.95,49,41,23.66,23.68,23.63
2022-11-30 04:20:00,2.086,4.0188,0.4308,0.9768,120,40.6117,39.1094,120,77.3723,77.4255,77.3034,0.0308,120,26.1996,26.2212,26.1846,0.008,120,1002.5396,1002.7223,1002.3377,0.0616,120,0,0,0,0,120,0,0,0,0,120,13.7362,14.2604,13.2775,0.1883,120,120,0,0,0,0,0,120,None,None,None,None,0,3.3757,3.3787,3.3723,0.001,0.562,0.5622,0.5618,0.0001,0.7737,0.7743,0.773,0.0003,-0.0001,-0.0001,-0.0001,0,0,0,0,0,0,0,0,0,0,0,0,0,203.9083,414,24,106.1728,0,0,0,0,203.1333,1016,2,238.2913,35,46.9,47,41,23.66,23.68,23.63
2022-11-30 04:30:00,2.0406,4.3132,0.8816,0.7245,120,47.8549,29.5,120,77.2281,77.3034,77.1203,0.051,120,26.2329,26.2456,26.212,0.0074,120,1002.6914,1002.9054,1002.5025,0.0851,120,0,0,0,0,120,0,0,0,0,120,13.7239,14.2604,13.2775,0.2014,120,120,0,0,0,0,0,120,None,None,None,None,0,3.3782,3.3818,3.375,0.0014,0.5623,0.5625,0.5621,0.0001,0.7723,0.773,0.7712,0.0005,-0.0001,-0.0001,-0.0001,0,0,0,0,0,0,0,0,0,0,0,0,0,198.975,446,73,78.7536,0,0,0,0,179.225,1021,11,177.9115,35,46.9167,47,43,23.66,23.68,23.63
2022-11-30 04:40:00,2.3124,5.0676,0.6148,0.929,120,44.8507,35.8517,120,77.1444,77.2118,77.0592,0.0279,120,26.1967,26.2273,26.1754,0.014,120,1002.8846,1003.0885,1002.6856,0.0537,120,0.008,0.2402,0,0.0433,120,0,0,0,0,120,13.728,14.2604,13.2775,0.1972,120,120,0,0.0661,0.6104,0,0.1323,120,None,None,None,None,0,3.3814,3.3848,3.3781,0.0009,0.562,0.5623,0.5617,0.0001,0.7714,0.7721,0.7706,0.0003,-0.0001,-0.0001,-0.0001,0,0,0,0,0,0,0,0,0,0.0001,0.0006,0,0.0001,228.525,528,44,100.9767,0,0,0,0,187.1417,1021,3,207.5146,35,46.9,47,41,23.66,23.68,23.63
2022-11-30 04:50:00,1.8057,3.0988,0.67,0.574,120,50.3929,32.8503,120,76.9219,77.0898,76.7541,0.0867,120,26.1972,26.2212,26.1754,0.0108,120,1003.0088,1003.0885,1002.8687,0.0889,120,1.7121,4.3252,0,1.2287,120,1.6516,4.3962,0,1.2683,120,13.7198,14.2604,13.2775,0.2244,120,120,0,2.1287,4.5778,0.3052,1.172,120,89.5,89.87,89.12,0.28,51,3.3835,3.3848,3.3811,0.0015,0.562,0.5622,0.5617,0.0001,0.7692,0.7709,0.7675,0.0009,-0.0001,-0.0001,-0.0001,0,0,0.0001,0,0,0,0,0,0,0.0021,0.0046,0.0003,0.0012,173.4417,314,50,62.3966,0,0,0,0,175.475,983,2,153.4925,35,46.9667,49,41,23.66,23.68,23.63
2022-11-30 05:00:00,1.8617,3.9452,0.5504,0.8673,120,35.0109,37.3751,120,76.5623,76.7846,76.4183,0.0953,120,26.2062,26.2243,26.1846,0.0104,120,1003.1675,1003.2716,1003.0519,0.0946,120,7.8339,11.0543,4.3252,2.1235,120,7.6235,10.9916,4.03,2.0644,120,13.7403,14.2604,13.2775,0.1599,120,120,0,7.7186,10.9867,4.2726,1.9408,120,87.86,89.12,86.62,0.67,120,3.3861,3.3879,3.3842,0.0016,0.5621,0.5622,0.5618,0.0001,0.7656,0.7678,0.7642,0.001,-0.0001,-0.0001,-0.0001,0,0.0001,0.0001,0.0001,0,0.0001,0.0001,0,0,0.0077,0.011,0.0043,0.0019,179.5333,406,37,94.2756,0,0,0,0,226.05,1022,4,287.572,35,46.85,47,41,23.66,23.68,23.63
2022-11-30 05:10:00,1.7076,3.6692,0.3204,0.751,120,41.2655,35.8691,120,76.3171,76.4489,76.1742,0.0656,120,26.2257,26.2609,26.1937,0.021,120,1003.2501,1003.4547,1003.0519,0.074,120,11.9871,12.7362,10.8134,0.4569,120,11.849,12.4562,10.6242,0.4541,120,13.7894,14.2604,13.2775,0.2151,120,120,0,11.8463,12.5126,10.6815,0.4493,120,85.55,86.62,84.37,0.67,120,3.3875,3.3909,3.3842,0.0012,0.5623,0.5626,0.5619,0.0002,0.7632,0.7645,0.7617,0.0007,-0.0001,-0.0001,-0.0001,0,0.0002,0.0002,0.0001,0,0.0001,0.0001,0.0001,0,0.0118,0.0125,0.0107,0.0004,162.7833,376,12,81.6277,0,0,0,0,198.875,1020,3,234.1413,35,46.9,47,39,23.66,23.68,23.63
2022-11-30 05:20:00,1.8297,4.8468,0.3296,0.9149,120,40.1321,47.9415,120,76.1839,76.2352,76.1132,0.0274,120,26.2921,26.3189,26.2578,0.0169,120,1003.3572,1003.4547,1003.235,0.09,120,11.5727,12.9764,9.8528,1.0992,120,11.3237,12.8223,9.5258,1.085,120,13.814,14.2604,13.2775,0.1802,120,120,0,11.9505,13.7333,10.0711,1.2511,120,83.24,84.37,82.11,0.68,120,3.3893,3.3909,3.3872,0.0015,0.5629,0.5632,0.5626,0.0002,0.7618,0.7624,0.7611,0.0003,-0.0001,-0.0001,-0.0001,0,0.0001,0.0002,0.0001,0,0.0001,0.0001,0.0001,0,0.012,0.0137,0.0101,0.0013,176.0583,504,13,99.4499,0,0,0,0,213.8167,1017,7,244.7695,35,46.7833,49,41,23.66,23.68,23.63
2022-11-30 05:30:00,2.0862,4.1292,0.3848,0.8943,120,32.3736,45.9499,120,76.2383,76.3268,76.1742,0.0284,120,26.3242,26.3463,26.3067,0.0089,120,1003.5154,1003.6378,1003.2716,0.0959,120,17.1837,22.348,12.7362,2.8618,120,16.8682,21.982,12.4562,2.8041,120,13.814,14.2604,13.2775,0.1685,120,120,0,18.9011,24.4148,13.7333,3.2154,120,80.92,82.11,79.85,0.68,120,3.3919,3.394,3.3879,0.0016,0.5632,0.5635,0.5631,0.0001,0.7624,0.7633,0.7617,0.0003,-0.0001,-0.0001,-0.0001,0,0.0002,0.0003,0.0002,0,0.0001,0.0002,0.0001,0,0.0189,0.0244,0.0137,0.0032,203.9333,426,19,97.2069,0,0,0,0,247.6333,1022,0,297.2585,35,46.8667,47,43,23.66,23.68,23.63
2022-11-30 05:40:00,2.3546,5.5368,0.7436,0.9231,120,25.5948,33.1707,120,76.3899,76.4794,76.2658,0.0668,120,26.3553,26.4287,26.3036,0.0399,120,1003.8311,1004.0223,1003.6195,0.1387,120,28.9225,33.1622,22.348,3.4364,120,28.3874,32.9736,21.982,3.4289,120,13.8631,14.2604,13.2775,0.2323,120,120,0,31.3578,36.0118,24.4148,3.5674,120,78.6,79.85,77.34,0.67,120,3.3972,3.4004,3.3937,0.0023,0.5635,0.5643,0.563,0.0004,0.7639,0.7648,0.7627,0.0007,-0.0001,-0.0001,-0.0001,0,0.0004,0.0004,0.0003,0,0.0002,0.0003,0.0002,0,0.0314,0.036,0.0244,0.0036,233.1083,579,58,100.3318,0,0,0,0,238.8417,1022,1,323.1129,35,46.95,49,45,23.66,23.68,23.63
2022-11-30 05:50:00,1.7071,3.154,0.4124,0.5797,120,39.8845,35.8944,120,76.2627,76.4489,76.1437,0.0622,120,26.442,26.4562,26.4226,0.0067,120,1004.1168,1004.3886,1003.8392,0.1074,120,41.3602,48.5409,33.1622,4.2064,120,41.1127,48.7275,32.9736,4.4231,120,13.8263,14.2604,13.2775,0.1931,120,120,0,44.2849,51.5763,36.0118,4.3955,120,76.28,77.34,75.07,0.68,120,3.4019,3.4065,3.3973,0.0018,0.5644,0.5646,0.5642,0.0001,0.7626,0.7645,0.7614,0.0006,-0.0001,-0.0001,-0.0001,0,0.0005,0.0006,0.0004,0.0001,0.0003,0.0004,0.0003,0,0.0443,0.0516,0.036,0.0044,162.725,320,22,63.0121,0,0,0,0,193.8167,1019,1,232.8242,35,46.8667,49,41,23.65,23.68,23.63
2022-11-30 06:00:00,2.1896,4.35,0.4768,0.6982,120,45.2987,35.4945,120,76.0903,76.2658,75.8995,0.0753,120,26.4504,26.4837,26.4226,0.0161,120,1004.362,1004.5717,1004.1688,0.1009,120,51.3107,56.2307,48.5409,2.5236,120,51.3497,56.4214,48.7275,2.6364,120,13.8508,14.2604,13.2775,0.1946,120,120,0,53.9059,58.9007,51.5763,2.6229,120,73.96,75.07,72.81,0.68,120,3.406,3.4095,3.4028,0.0017,0.5645,0.5648,0.5642,0.0002,0.7609,0.7627,0.759,0.0008,-0.0001,-0.0001,-0.0001,0,0.0007,0.0007,0.0006,0,0.0004,0.0005,0.0004,0,0.0539,0.0589,0.0516,0.0026,215.175,450,29,75.8882,0,0,0,0,197.325,1020,2,218.4614,35,46.8833,47,41,23.66,23.68,23.63
2022-11-30 06:10:00,2.0426,4.0832,0.3572,0.7446,120,45.2743,44.2641,120,75.8314,75.9911,75.7164,0.0874,120,26.4987,26.5294,26.4745,0.0095,120,1004.472,1004.59,1004.3703,0.0953,120,54.0902,60.0756,50.7039,2.3734,120,54.2073,60.084,50.9256,2.4071,120,13.8672,14.2604,13.7689,0.1974,120,120,0,57.1713,63.4785,54.0178,2.4223,120,71.64,72.81,70.54,0.68,120,3.4079,3.4098,3.4062,0.0016,0.565,0.5653,0.5647,0.0001,0.7583,0.7599,0.7572,0.0009,-0.0001,-0.0001,-0.0001,0,0.0007,0.0008,0.0006,0,0.0005,0.0005,0.0004,0,0.0572,0.0635,0.054,0.0024,199.2,421,16,80.9332,0,0,0,0,226.9333,1014,1,245.6191,35,46.8833,49,41,23.66,23.68,23.63
2022-11-30 06:20:00,1.6992,3.5772,0.2284,0.7574,120,44.4387,42.1832,120,75.6813,75.808,75.5028,0.0774,120,26.5817,26.6332,26.5233,0.0319,120,1004.5502,1004.7365,1004.3519,0.0518,120,77.684,93.478,60.3157,9.1559,120,77.777,93.7899,60.4514,9.1281,120,13.986,14.7535,13.7689,0.2533,120,120,0,81.0063,95.8281,63.4785,9.1395,120,69.32,70.54,68.28,0.67,120,3.4092,3.4123,3.4059,0.0009,0.5658,0.5663,0.5652,0.0003,0.7568,0.7581,0.755,0.0008,-0.0001,-0.0001,-0.0001,0,0.001,0.0012,0.0008,0.0001,0.0006,0.0008,0.0005,0.0001,0.081,0.0958,0.0635,0.0091,161.875,366,2,82.3288,0,0,0,0,210.4667,998,5,226.3191,35,46.9,47,41,23.65,23.68,23.63
2022-11-30 06:30:00,2.0828,4.3684,0.5044,0.8073,120,40.5573,38.3028,120,75.5013,75.6554,75.2586,0.1125,120,26.6592,26.7003,26.6118,0.0249,120,1004.5584,1004.7548,1004.3703,0.04,120,129.8779,167.4913,93.9583,23.826,120,130.067,168.1633,93.7899,23.7662,120,14.0474,14.2604,13.7689,0.2446,120,120,0,127.4148,161.1377,96.1333,21.103,120,66.99,68.03,65.76,0.67,120,3.4093,3.4126,3.4062,0.0007,0.5666,0.567,0.5661,0.0003,0.755,0.7566,0.7526,0.0011,-0.0001,-0.0001,-0.0001,0,0.0016,0.0021,0.0012,0.0003,0.0011,0.0014,0.0008,0.0002,0.1274,0.1611,0.0961,0.0211,203.5667,452,32,87.7553,0,0,0,0,199.0333,1017,8,226.8241,35,46.8333,47,41,23.65,23.68,23.63
2022-11-30 06:40:00,1.851,4.6444,0.4124,0.8263,120,44.4366,43.5697,120,75.2861,75.5943,74.9535,0.1851,120,26.7717,26.9262,26.682,0.0701,120,1004.526,1004.7548,1004.3703,0.0725,120,176.2344,183.111,167.9717,3.8398,120,177.066,184.2833,168.5294,4.0435,120,14.281,14.7535,13.7689,0.1736,120,120,0,168.2129,173.9555,161.4429,3.1206,120,64.67,65.76,63.5,0.68,120,3.4088,3.4126,3.4062,0.0012,0.5677,0.5693,0.5668,0.0007,0.7529,0.7559,0.7495,0.0019,-0.0001,-0.0001,-0.0001,0,0.0022,0.0023,0.0021,0,0.0015,0.0015,0.0014,0,0.1682,0.174,0.1614,0.0031,178.375,482,22,89.8164,0,0,0,0,254.6167,1019,1,274.8037,35,46.9333,49,43,23.66,23.68,23.63
2022-11-30 06:50:00,2.5614,4.396,0.7528,0.7785,120,32.8017,26.0295,120,74.4013,74.8619,74.16,0.184,120,26.9295,26.9475,26.917,0.0065,120,1004.6243,1004.9379,1004.3519,0.1057,120,188.2156,191.7622,182.8709,2.7071,120,189.1256,193.0768,183.1849,2.7886,120,14.2072,14.7535,13.7689,0.178,120,120,0,179.3369,183.1111,173.04,2.8971,120,62.35,63.5,61.24,0.68,120,3.4104,3.4156,3.4059,0.0018,0.5693,0.5695,0.5692,0.0001,0.744,0.7486,0.7416,0.0018,-0.0001,-0.0001,-0.0001,0,0.0024,0.0024,0.0023,0,0.0016,0.0016,0.0015,0,0.1793,0.1831,0.173,0.0029,255.5917,455,59,84.6143,0,0,0,0,158.45,1017,3,223.6282,35,46.8167,49,41,23.66,23.68,23.63
2022-11-30 07:00:00,1.8963,3.844,0.2928,0.6542,120,47.1976,38.7016,120,74.2111,74.3736,74.0074,0.0851,120,26.9856,27.0696,26.9262,0.0409,120,1004.7563,1004.9379,1004.5351,0.0706,120,194.7938,207.8622,181.6693,8.0346,120,195.9309,209.1969,183.1849,7.9519,120,14.2974,14.7535,13.7689,0.1933,120,120,0,188.6476,201.4222,175.7866,7.5226,120,60.03,61.24,58.98,0.67,120,3.4126,3.4156,3.4089,0.0012,0.5699,0.5707,0.5693,0.0004,0.7421,0.7437,0.7401,0.0009,-0.0001,-0.0001,-0.0001,0,0.0025,0.0026,0.0023,0.0001,0.0016,0.0017,0.0015,0.0001,0.1886,0.2014,0.1758,0.0075,183.2917,395,9,71.1076,0,0,0,0,193.95,984,6,202.5178,35,46.95,49,41,23.66,23.68,23.63
2022-11-30 07:10:00,1.7958,3.6968,0.3756,0.7446,120,36.5905,44.4954,120,74.0613,74.4041,73.8243,0.1674,120,27.1456,27.2344,27.0727,0.0333,120,1004.8825,1005.121,1004.7365,0.0997,120,218.714,227.3268,208.5835,6.1907,120,220.154,228.2473,209.9292,6.1549,120,14.6792,15.7364,13.7689,0.4068,120,120,0,213.4566,220.954,202.3377,5.7472,120,57.71,58.98,56.47,0.67,120,3.4147,3.4187,3.4123,0.0017,0.5715,0.5723,0.5707,0.0003,0.7406,0.744,0.7382,0.0017,-0.0001,-0.0001,-0.0001,0,0.0028,0.0029,0.0026,0.0001,0.0018,0.0019,0.0017,0.0001,0.2135,0.221,0.2023,0.0057,172.375,379,18,80.9383,0,0,0,0,237.2417,1021,0,278.3606,35,46.8333,49,41,23.66,23.68,23.63
2022-11-30 07:20:00,2.5131,4.9388,0.302,1.0804,120,28.456,43.6724,120,73.5844,74.0074,73.2749,0.1812,120,27.1787,27.2649,27.1032,0.0536,120,1005.0017,1005.1393,1004.9013,0.0901,120,215.2736,222.0402,206.9008,5.2529,120,216.524,223.8511,208.8307,5.3462,120,14.4287,19.1782,13.2775,0.9185,120,120,0,210.4633,217.2918,203.5585,4.927,120,55.4,56.47,54.22,0.67,120,3.4167,3.419,3.415,0.0015,0.5718,0.5726,0.571,0.0005,0.7358,0.7401,0.7327,0.0018,-0.0001,-0.0001,-0.0001,0,0.0027,0.0028,0.0026,0.0001,0.0018,0.0019,0.0017,0,0.2105,0.2173,0.2036,0.0049,250.3333,514,10,117.431,0,0,0,0,220.2583,1013,2,282.7588,35,46.9333,49,41,23.66,23.68,23.63
2022-11-30 07:30:00,2.2752,4.7732,0.624,0.9688,120,32.685,40.7579,120,73.7037,73.9769,73.5191,0.1111,120,27.2162,27.268,27.1306,0.0385,120,1005.2115,1005.3224,1005.0844,0.0953,120,196.1976,211.9472,189.5992,6.4962,120,197.8849,213.2269,191.611,6.2198,120,14.7322,16.7193,13.7689,0.7309,120,120,0,195.5092,206.3051,191.0459,4.211,120,53.1,54.22,51.97,0.67,120,3.4202,3.422,3.4181,0.0016,0.5722,0.5727,0.5713,0.0004,0.737,0.7398,0.7352,0.0011,-0.0001,-0.0001,-0.0001,0,0.0025,0.0027,0.0024,0.0001,0.0016,0.0018,0.0016,0.0001,0.1955,0.2063,0.191,0.0042,224.4833,496,45,105.3034,0,0,0,0,249.4083,1021,5,311.4873,35,46.8833,49,41,23.65,23.68,23.63
2022-11-30 07:40:00,2.4822,5.0584,0.44,1.0348,120,38.9235,42.3696,120,73.4326,73.7327,73.1529,0.1362,120,27.1945,27.2649,27.1459,0.0411,120,1005.251,1005.4872,1005.1027,0.0865,120,195.9132,223.4819,186.4756,8.8739,120,198.8374,227.515,187.9472,12.2129,120,17.2399,43.7657,13.7689,6.8088,120,120,0,200.443,225.837,190.4355,10.5749,120,50.8,51.97,49.73,0.67,120,3.4209,3.4248,3.4184,0.0014,0.5719,0.5726,0.5715,0.0004,0.7343,0.7373,0.7315,0.0014,-0.0001,-0.0001,-0.0003,0,0.0025,0.0028,0.0024,0.0001,0.0017,0.0019,0.0016,0.0001,0.2004,0.2258,0.1904,0.0106,246.975,527,25,112.4764,0,0,0,0,233.3583,1017,11,274.8469,35,46.7833,49,41,23.66,23.68,23.63
2022-11-30 07:50:00,2.0165,3.8992,0.5228,0.7598,120,29.4685,40.1955,120,73.1468,73.4275,72.6951,0.1915,120,27.2908,27.4572,27.1581,0.1009,120,1005.2568,1005.5055,1005.1027,0.0959,120,225.6067,237.6598,204.0173,9.1309,120,227.6555,241.0708,205.533,9.7133,120,15.7325,21.6371,14.2604,2.0354,120,120,0,224.8756,238.0444,199.591,11.0591,120,48.5,49.73,47.26,0.66,120,3.4209,3.4251,3.4184,0.0016,0.5729,0.5746,0.5716,0.001,0.7315,0.7343,0.727,0.0019,-0.0001,-0.0001,-0.0001,0,0.0029,0.003,0.0026,0.0001,0.0019,0.002,0.0017,0.0001,0.2249,0.238,0.1996,0.0111,196.3583,401,34,82.5875,0,0,0,0,227.7167,1021,3,295.3504,35,46.7667,47,41,23.66,23.68,23.63
2022-11-30 08:00:00,2.6915,4.7732,0.8632,0.7104,120,30.1063,28.6776,120,72.2584,72.8782,72.0237,0.1847,120,27.356,27.4694,27.2497,0.0753,120,1005.3479,1005.5055,1005.1027,0.0853,120,169.1755,203.0559,151.3913,15.3082,120,170.334,205.1669,152.7755,15.4907,120,14.2893,15.7364,13.7689,0.5534,120,120,0,166.6031,199.2859,149.5407,14.6388,120,46.22,47.26,45.03,0.66,120,3.4225,3.4251,3.4184,0.0014,0.5736,0.5747,0.5725,0.0008,0.7226,0.7288,0.7202,0.0018,-0.0001,-0.0001,-0.0001,0,0.0021,0.0026,0.0019,0.0002,0.0014,0.0017,0.0013,0.0001,0.1666,0.1993,0.1495,0.0146,269.7333,496,71,77.2165,0,0,0,0,166.3667,1015,1,244.5906,35.9,46.8667,49,41,23.66,23.68,23.63
2022-11-30 08:10:00,2.3738,4.212,0.7528,0.8498,120,48.7059,29.8085,120,72.4436,72.8172,72.0847,0.1715,120,27.2447,27.2954,27.2069,0.0244,120,1005.4086,1005.5055,1005.2858,0.0923,120,246.7314,344.8354,156.9181,65.7104,120,258.235,446.6038,157.9052,81.0238,120,26.1942,144.5762,13.7689,30.1417,120,120,0,252.7543,433.9732,154.1185,79.9894,120,43.95,45.03,42.82,0.66,120,3.4235,3.4251,3.4214,0.0015,0.5725,0.5729,0.5721,0.0002,0.7244,0.7282,0.7208,0.0017,-0.0002,-0.0001,-0.0009,0.0002,0.0031,0.0044,0.002,0.0008,0.0022,0.0037,0.0013,0.0007,0.2528,0.434,0.1541,0.08,235.1917,435,59,92.3708,0,0,0,0,186.3667,1004,1,184.3471,36,46.8667,49,41,23.66,23.68,23.63
2022-11-30 08:20:00,2.2522,4.2304,0.6884,0.8352,120,37.4057,46.5339,120,72.5799,72.8782,72.2678,0.1845,120,27.4648,27.6647,27.271,0.1142,120,1005.4129,1005.5055,1005.2858,0.0923,120,304.5643,334.2614,274.426,21.5974,120,307.1085,335.9604,277.3409,21.6311,120,14.97,19.1782,13.7689,0.8332,120,120,0,306.65,333.2621,279.5495,19.6354,120,41.69,42.82,40.63,0.66,120,3.4235,3.4251,3.4214,0.0015,0.5746,0.5766,0.5727,0.0011,0.7258,0.7288,0.7227,0.0018,-0.0001,-0.0001,-0.0001,0,0.0039,0.0042,0.0035,0.0003,0.0026,0.0028,0.0023,0.0002,0.3066,0.3333,0.2795,0.0196,221.975,437,52,90.7805,0,0,0,0,288.95,1019,4,316.1384,36,46.8333,49,41,23.66,23.68,23.63
2022-11-30 08:30:00,2.3631,4.5708,0.624,0.8816,120,35.8529,37.5364,120,71.8647,72.3899,71.1997,0.3434,120,27.7266,27.8021,27.6586,0.0369,120,1005.4799,1005.6703,1005.3041,0.0517,120,377.7327,487.0945,292.9299,75.7831,120,398.9878,593.1513,296.0264,92.1992,120,33.9478,150.97,14.2604,32.0243,120,120,0,390.1486,567.6443,297.2503,83.5066,120,39.45,40.63,38.45,0.65,120,3.4247,3.4278,3.4217,0.0009,0.5773,0.578,0.5766,0.0004,0.7186,0.7239,0.712,0.0034,-0.0002,-0.0001,-0.0009,0.0002,0.0048,0.0062,0.0037,0.001,0.0033,0.0049,0.0025,0.0008,0.3901,0.5676,0.2973,0.0835,234.0333,474,45,95.8291,0,0,0,0,276.2167,1015,16,318.6126,36,46.8333,49,41,23.66,23.68,23.63
2022-11-30 08:40:00,2.3489,4.5156,0.808,0.802,120,45.1613,38.2677,120,71.7531,72.2068,71.2607,0.2382,120,27.7475,27.9486,27.6037,0.1209,120,1005.4715,1005.5239,1005.3041,0.0645,120,472.354,509.2024,433.9874,25.117,120,487.5482,605.2413,441.8403,33.5425,120,23.3749,119.4973,14.7535,15.0027,120,120,0,469.367,576.4946,422.071,33.2392,120,37.21,38.21,36.05,0.64,120,3.4245,3.4254,3.4217,0.0011,0.5775,0.5795,0.576,0.0012,0.7175,0.7221,0.7126,0.0024,-0.0001,-0.0001,-0.0007,0.0001,0.006,0.0065,0.0055,0.0003,0.0041,0.005,0.0037,0.0003,0.4694,0.5765,0.4221,0.0332,232.4917,468,65,87.1692,0,0,0,0,202.7167,1011,0,224.8395,36,46.8833,47,41,23.66,23.68,23.63
2022-11-30 08:50:00,2.1763,5.5368,0.5412,1.0044,120,70.5984,41.4635,120,71.0784,71.9321,70.4672,0.4058,120,27.9694,28.0462,27.8875,0.0514,120,1005.4535,1005.5239,1005.3041,0.0775,120,418.5301,442.6386,396.9811,15.9249,120,430.184,476.6459,405.5702,20.3829,120,19.0065,50.1595,13.7689,7.6848,120,120,0,412.3203,453.1999,391.2473,17.6424,120,35.01,36.05,33.91,0.64,120,3.4242,3.4254,3.4217,0.0013,0.5797,0.5805,0.5789,0.0005,0.7108,0.7193,0.7047,0.0041,-0.0001,-0.0001,-0.0003,0,0.0053,0.0056,0.005,0.0002,0.0036,0.004,0.0034,0.0002,0.4123,0.4532,0.3912,0.0176,213.7333,579,36,109.1711,0,0,0,0,244.3833,993,21,174.9728,36,46.85,49,41,23.66,23.68,23.63
2022-11-30 09:00:00,2.0682,4.4512,0.3572,1.0138,120,65.7786,46.7223,120,70.9382,71.4743,70.2841,0.3063,120,28.029,28.1103,27.918,0.0429,120,1005.511,1005.707,1005.4872,0.0382,120,455.2364,489.7378,402.5079,28.1067,120,467.3551,501.9256,411.7983,29.0097,120,16.351,21.1457,15.2449,1.248,120,120,0,448.7442,481.8873,396.7406,27.2345,120,32.84,33.91,31.81,0.63,120,3.4252,3.4284,3.4248,0.0006,0.5803,0.5811,0.5792,0.0004,0.7094,0.7147,0.7028,0.0031,-0.0001,-0.0001,-0.0001,0,0.0058,0.0062,0.0051,0.0004,0.0039,0.0042,0.0034,0.0002,0.4487,0.4819,0.3967,0.0272,201.975,461,16,110.1944,0,0,0,0,246.9667,1022,10,196.2172,36,46.8,47,41,23.67,23.68,23.63
2022-11-30 09:10:00,1.5758,3.2552,0.3756,0.7646,120,67.7405,52.5038,120,70.4141,71.4438,69.3686,0.6781,120,28.4347,28.5772,28.0859,0.1498,120,1005.5368,1005.707,1005.3407,0.0697,120,503.0047,602.2,469.5528,38.3601,120,525.9741,706.7251,483.2401,53.3782,120,22.4243,142.1173,14.7535,18.1347,120,120,0,496.0758,643.025,462.0502,47.1268,120,30.7,31.81,29.74,0.62,120,3.4256,3.4284,3.4223,0.0012,0.5844,0.5858,0.5809,0.0015,0.7041,0.7144,0.6937,0.0068,-0.0001,-0.0001,-0.0009,0.0001,0.0064,0.0076,0.006,0.0005,0.0044,0.0059,0.004,0.0004,0.4961,0.643,0.4621,0.0471,148.4583,331,18,83.113,0,0,0,0,274.2417,1002,9,223.4657,36,46.9167,49,41,23.67,23.68,23.63
2022-11-30 09:20:00,2.2705,4.6536,0.5596,0.7834,120,41.3582,45.8677,120,68.8604,69.5822,68.392,0.3392,120,28.506,28.6199,28.4185,0.0682,120,1005.5235,1005.707,1005.4872,0.0379,120,566.4367,618.7811,468.5913,48.2594,120,595.8773,677.4154,484.7059,54.9479,120,23.4036,75.2385,15.2449,13.3828,120,120,0,552.6571,627.7657,455.6413,49.2586,120,28.6,29.74,27.49,0.6,120,3.4254,3.4284,3.4248,0.0006,0.5851,0.5862,0.5842,0.0007,0.6886,0.6958,0.6839,0.0034,-0.0001,-0.0001,-0.0005,0.0001,0.0072,0.0079,0.006,0.0006,0.005,0.0056,0.004,0.0005,0.5527,0.6278,0.4556,0.0493,223.9667,483,38,85.1477,0,0,0,0,229.9917,1019,1,259.4795,36,46.7,49,41,23.67,23.68,23.63
2022-11-30 09:30:00,2.3984,3.936,0.6056,0.812,120,62.5759,49.9833,120,68.5756,69.1855,67.8121,0.3625,120,28.358,28.5223,28.1835,0.1259,120,1005.5559,1005.7253,1005.5055,0.0729,120,435.1391,467.6299,398.663,24.498,120,453.3263,500.0936,412.898,27.6218,120,17.3427,29.9968,14.7535,3.0049,120,120,0,434.1436,476.3939,400.708,23.8442,120,26.55,27.49,25.52,0.59,120,3.4259,3.4288,3.4251,0.0012,0.5836,0.5852,0.5818,0.0013,0.6858,0.6919,0.6781,0.0036,-0.0001,-0.0001,-0.0002,0,0.0055,0.0059,0.0051,0.0003,0.0038,0.0042,0.0034,0.0002,0.4341,0.4764,0.4007,0.0238,237.875,405,43,88.2569,0,0,0,0,255.4,1015,8,222.408,36.9,46.75,47,43,23.67,23.68,23.63
2022-11-30 09:40:00,2.8203,5.2792,0.946,0.9869,120,50.5567,33.2094,120,68.9716,69.8874,68.0563,0.4805,120,28.0045,28.2415,27.8478,0.1324,120,1005.5881,1005.7253,1005.5055,0.0879,120,402.8463,431.1039,390.7331,11.5766,120,417.2268,445.1381,404.8379,11.7649,120,15.6627,18.6868,14.2604,0.7368,120,120,0,405.9191,433.0577,393.0784,11.2449,120,24.57,25.52,23.63,0.57,120,3.4265,3.4288,3.4251,0.0015,0.58,0.5824,0.5785,0.0013,0.6897,0.6989,0.6806,0.0048,-0.0001,-0.0001,-0.0001,0,0.0051,0.0055,0.005,0.0001,0.0035,0.0037,0.0034,0.0001,0.4059,0.4331,0.3931,0.0112,283.725,551,80,107.2684,0,0,0,0,169.075,950,8,140.4655,37,46.5333,47,41,23.67,23.68,23.63
2022-11-30 09:50:00,2.1589,4.3224,0.3388,0.7955,120,50.7808,40.4383,120,69.8958,70.6503,69.3075,0.2542,120,27.9822,28.0676,27.8478,0.054,120,1005.6377,1005.7253,1005.5055,0.0902,120,362.4353,425.8173,311.6732,37.9793,120,375.5615,441.8403,323.8703,39.6356,120,15.4701,16.2278,14.2604,0.5515,120,120,0,371.0542,430.0058,324.7169,35.8353,120,22.67,23.63,21.82,0.54,120,3.4273,3.4288,3.4251,0.0015,0.5798,0.5807,0.5785,0.0005,0.699,0.7065,0.6931,0.0025,-0.0001,-0.0001,-0.0001,0,0.0046,0.0054,0.004,0.0005,0.0031,0.0037,0.0027,0.0003,0.3711,0.43,0.3247,0.0358,211.8417,447,14,86.467,0,0,0,0,221.1917,1014,14,221.0402,37,46.9167,47,41,23.67,23.68,23.63
2022-11-30 10:00:00,2.2749,4.4328,0.8448,0.8064,120,64.759,40.2841,120,69.6743,70.1315,69.3991,0.1933,120,27.9353,28.0126,27.8326,0.0472,120,1005.6552,1005.7253,1005.5055,0.0845,120,301.8749,313.5961,293.1701,5.2406,120,312.0789,323.503,304.0864,5.617,120,14.6998,15.2449,14.2604,0.3242,120,120,0,312.3595,324.7169,305.1851,5.1711,120,20.88,21.82,19.94,0.5,120,3.4276,3.4288,3.4251,0.0014,0.5794,0.5801,0.5783,0.0005,0.6967,0.7013,0.694,0.0019,-0.0001,-0.0001,-0.0001,0,0.0038,0.004,0.0037,0.0001,0.0026,0.0027,0.0025,0,0.3124,0.3247,0.3052,0.0052,224.45,459,69,87.6542,0,0,0,0,253.5833,1017,19,215.1049,37,45.2167,47,41,23.67,23.68,23.63
2022-11-30 10:10:00,2.0719,3.844,0.3848,0.789,120,65.8034,45.6368,120,69.8414,70.2536,69.0329,0.2777,120,27.9565,28.0615,27.8448,0.071,120,1005.591,1005.7253,1005.5239,0.084,120,361.6684,499.3504,307.5882,48.5028,120,375.5035,552.1176,318.7407,54.4623,120,16.9825,56.0603,14.2604,6.3565,120,120,0,368.5237,534.6843,316.1718,50.0909,120,19.22,19.94,18.41,0.46,120,3.4265,3.4288,3.4254,0.0014,0.5796,0.5806,0.5785,0.0007,0.6984,0.7025,0.6903,0.0028,-0.0001,-0.0001,-0.0003,0,0.0046,0.0063,0.0039,0.0006,0.0031,0.0046,0.0027,0.0005,0.3685,0.5347,0.3162,0.0501,202.3833,395,19,85.7566,0,0,0,0,234.6917,1008,5,176.9588,37,45.3667,47,41,23.68,23.68,23.63
2022-11-30 10:20:00,2.2756,4.5708,0.6884,0.9231,120,58.5262,44.5297,120,69.6959,70.3452,69.0939,0.2781,120,28.0359,28.2812,27.9089,0.1281,120,1005.56,1005.7253,1005.3407,0.073,120,568.4193,624.7882,503.1953,33.786,120,628.136,892.108,550.6519,67.8973,120,51.0691,257.1898,15.2449,45.2623,120,120,0,595.2991,845.3627,524.9184,63.2623,120,17.73,18.41,17.06,0.41,120,3.426,3.4288,3.4223,0.0012,0.5804,0.5828,0.5791,0.0013,0.697,0.7035,0.6909,0.0028,-0.0003,-0.0001,-0.0016,0.0003,0.0072,0.0079,0.0064,0.0004,0.0052,0.0074,0.0046,0.0006,0.5953,0.8454,0.5249,0.0633,224.525,474,52,100.3421,0,0,0,0,233.4333,1018,21,209.6153,37,46.9833,49,45,23.67,23.68,23.63
2022-11-30 10:30:00,2.5471,4.3592,0.8172,0.8014,120,61.8114,35.7468,120,68.9772,69.5212,68.4225,0.2805,120,28.3667,28.5498,28.2812,0.0653,120,1005.5228,1005.7253,1005.3407,0.0525,120,709.4052,770.6528,609.6496,38.806,120,965.3997,1460.3457,638.581,170.5797,120,228.3847,664.8566,15.7364,139.2698,120,120,0,893.6023,1362.6515,603.6561,155.4605,120,16.47,17.06,15.95,0.33,120,3.4254,3.4288,3.4223,0.0009,0.5837,0.5855,0.5828,0.0006,0.6898,0.6952,0.6842,0.0028,-0.0014,-0.0001,-0.0041,0.0009,0.009,0.0098,0.0077,0.0005,0.008,0.0122,0.0053,0.0014,0.8936,1.3627,0.6037,0.1555,254.0333,451,66,87.1134,0,0,0,0,208.5167,1007,18,161.3939,37.3,46.95,49,45,23.68,23.68,23.63
2022-11-30 10:40:00,2.6143,4.3316,0.5872,0.9158,120,63.8801,41.538,120,68.4495,69.7348,67.6901,0.5651,120,28.5434,28.7054,28.4674,0.054,120,1005.4067,1005.5605,1005.1759,0.0852,120,539.0121,650.7409,480.6063,45.3638,120,784.5877,1422.976,502.2917,309.611,120,222.5985,880.7396,14.7535,303.734,120,120,0,716.3864,1310.1596,464.1865,286.052,120,15.48,15.95,15.13,0.24,120,3.4234,3.426,3.4196,0.0014,0.5854,0.587,0.5847,0.0005,0.6845,0.6973,0.6769,0.0057,-0.0014,-0.0001,-0.0055,0.0019,0.0068,0.0083,0.0061,0.0006,0.0065,0.0119,0.0042,0.0026,0.7164,1.3102,0.4642,0.2861,261.3417,448,41,99.5417,0,0,0,0,214.0083,865,1,150.5842,38,46.9,49,41,23.67,23.68,23.63
2022-11-30 10:50:00,2.4011,4.994,0.4032,1.1057,120,58.2661,46.1533,120,68.2684,69.5212,66.9881,0.7588,120,28.8503,29.0319,28.6657,0.1067,120,1005.2988,1005.3774,1005.1759,0.0863,120,501.7451,557.5032,460.6614,30.9911,120,746.1464,1429.2041,483.2401,311.1161,120,223.672,846.8079,14.7535,275.8868,120,120,0,678.6757,1304.3611,445.8754,282.5159,120,14.82,15.06,14.61,0.14,120,3.4216,3.423,3.4196,0.0014,0.5885,0.5903,0.5867,0.0011,0.6827,0.6952,0.6699,0.0076,-0.0014,-0.0001,-0.0053,0.0017,0.0064,0.0071,0.0059,0.0004,0.0062,0.0119,0.004,0.0026,0.6787,1.3044,0.4459,0.2825,238.1667,520,21,120.1848,0,0,0,0,246.65,1014,3,230.7514,38,46.9,49,41,23.68,23.68,23.63
2022-11-30 11:00:00,2.7178,5.7392,0.7436,1.136,120,48.5369,53.0815,120,67.7953,68.453,67.0797,0.3184,120,28.7604,28.8702,28.6657,0.0772,120,1005.1442,1005.3774,1004.9745,0.0853,120,514.7115,612.5331,460.4213,49.2021,120,782.2307,1192.1633,515.4802,199.1628,120,250.2394,696.3294,17.7038,185.0845,120,120,0,705.593,1096.8352,454.7258,185.7969,120,14.54,14.61,14.51,0.03,120,3.4191,3.423,3.4162,0.0014,0.5876,0.5887,0.5867,0.0008,0.678,0.6845,0.6708,0.0032,-0.0016,-0.0001,-0.0043,0.0011,0.0065,0.0078,0.0058,0.0006,0.0065,0.0099,0.0043,0.0017,0.7056,1.0968,0.4547,0.1858,272.5833,601,58,123.4749,0,0,0,0,257.2667,1015,9,256.3876,38,46.9333,49,41,23.68,23.68,23.63
2022-11-30 11:10:00,2.6782,5.7116,0.5228,1.0984,120,56.5497,45.398,120,66.8508,67.9037,65.7979,0.5586,120,28.8118,29.0167,28.6047,0.1211,120,1005.0191,1005.1943,1004.8097,0.0763,120,396.258,505.3575,294.852,71.2474,120,720.9769,1258.1104,312.8788,332.9382,120,314.4178,748.4563,14.2604,258.0572,120,120,0,654.7009,1156.0411,277.4133,306.0211,120,14.65,14.83,14.53,0.09,120,3.417,3.4199,3.4135,0.0013,0.5881,0.5902,0.586,0.0012,0.6685,0.679,0.658,0.0056,-0.002,-0.0001,-0.0046,0.0016,0.005,0.0064,0.0037,0.0009,0.006,0.0105,0.0026,0.0028,0.6547,1.156,0.2774,0.306,268.2833,598,34,119.393,0,0,0,0,246.5333,1015,11,226.7668,38,46.8,49,41,23.68,23.68,23.63
2022-11-30 11:20:00,2.8551,6.4108,0.6332,1.1776,120,53.6512,36.7279,120,66.9833,68.2089,65.8895,0.6282,120,28.6181,28.7756,28.4826,0.1002,120,1004.9318,1005.0111,1004.8097,0.0914,120,501.673,581.774,440.2354,38.0293,120,746.8669,1255.545,472.2497,258.9296,120,231.319,725.8347,21.1457,247.3478,120,120,0,679.3751,1145.3597,424.8177,236.9347,120,15.15,15.48,14.83,0.2,120,3.4155,3.4169,3.4135,0.0015,0.5862,0.5878,0.5848,0.001,0.6698,0.6821,0.6589,0.0063,-0.0014,-0.0001,-0.0045,0.0015,0.0064,0.0074,0.0056,0.0005,0.0062,0.0105,0.0039,0.0022,0.6794,1.1454,0.4248,0.2369,287.5083,674,46,127.9978,0,0,0,0,209.175,983,5,190.4288,38.4,46.8667,47,41,23.68,23.68,23.63
2022-11-30 11:30:00,2.7495,5.0308,0.4124,0.9404,120,46.5539,46.9936,120,67.0952,68.3004,66.3472,0.5741,120,28.39,28.5406,28.2873,0.0626,120,1004.8361,1005.0295,1004.6266,0.0629,120,542.5225,611.8118,469.3118,50.208,120,628.1208,763.5126,516.5798,60.7038,120,75.5504,177.525,24.5875,36.1382,120,120,0,571.7439,693.9909,466.628,56.8528,120,16,16.58,15.48,0.29,120,3.4139,3.4172,3.4104,0.001,0.5839,0.5854,0.5829,0.0006,0.671,0.683,0.6635,0.0057,-0.0005,-0.0002,-0.0011,0.0002,0.0069,0.0078,0.006,0.0006,0.0052,0.0064,0.0043,0.0005,0.5717,0.694,0.4666,0.0569,276.0333,524,22,102.2145,0,0,0,0,298.3833,1022,2,294.1081,39,46.7167,47,41,23.68,23.68,23.63
2022-11-30 11:40:00,2.6229,5.2056,0.8724,1.0104,120,42.1782,44.365,120,67.362,68.2089,66.6219,0.411,120,28.7529,28.8366,28.5559,0.069,120,1004.6806,1004.828,1004.4435,0.0878,120,557.6417,591.3866,510.4039,20.8152,120,592.7448,742.2629,538.1957,34.2758,120,24.5347,169.1653,14.7535,22.7765,120,120,0,543.8932,690.0235,493.4843,32.4627,120,17.16,17.83,16.58,0.37,120,3.4113,3.4138,3.4074,0.0015,0.5875,0.5884,0.5856,0.0007,0.6736,0.6821,0.6662,0.0041,-0.0002,-0.0001,-0.001,0.0001,0.0071,0.0075,0.0065,0.0003,0.0049,0.0062,0.0045,0.0003,0.5439,0.69,0.4935,0.0325,262.275,543,72,109.821,0,0,0,0,236.1833,1000,1,266.4387,39,46.85,47,41,23.68,23.68,23.63
2022-11-30 11:50:00,2.6253,5.5092,0.5688,1.0507,120,54.9612,41.6091,120,67.2246,67.6901,66.6829,0.2569,120,28.5604,28.7207,28.3514,0.1197,120,1004.5921,1004.6815,1004.4435,0.0838,120,566.8693,629.1142,512.8071,36.4885,120,601.6262,786.593,536.3637,52.9681,120,28.018,162.2801,14.2604,24.0599,120,120,0,555.7777,740.0738,494.705,50.1715,120,18.55,19.3,17.83,0.44,120,3.4099,3.4114,3.4074,0.0014,0.5856,0.5872,0.5835,0.0012,0.6722,0.6769,0.6668,0.0026,-0.0002,-0.0001,-0.001,0.0001,0.0072,0.008,0.0065,0.0005,0.005,0.0066,0.0045,0.0004,0.5558,0.7401,0.4947,0.0502,262.5333,576,39,114.2114,0,0,0,0,230.2083,1022,3,215.22,39,46.85,49,41,23.68,23.68,23.68
2022-11-30 12:00:00,3.204,5.0216,1.038,1.0001,120,45.6701,33.177,120,67.9563,68.6361,67.3238,0.3582,120,28.4237,28.4918,28.3483,0.0385,120,1004.4066,1004.4801,1004.2604,0.0813,120,630.3214,684.8646,592.8283,25.7475,120,692.9008,1000.5522,620.2617,82.798,120,54.5154,310.2997,15.7364,64.5449,120,120,0,641.6517,945.7686,572.5272,77.5564,120,20.14,20.92,19.3,0.49,120,3.4068,3.408,3.4043,0.0014,0.5842,0.5849,0.5835,0.0004,0.6796,0.6864,0.6732,0.0036,-0.0003,-0.0001,-0.0019,0.0004,0.008,0.0087,0.0075,0.0003,0.0058,0.0083,0.0052,0.0007,0.6417,0.9458,0.5725,0.0776,325.4333,523,90,108.7017,0,0,0,0,174.975,1003,0,186.0221,39,46.75,47,41,23.68,23.68,23.63
2022-11-30 12:10:00,3.475,6.9076,1.1668,1.2679,120,45.0556,26.0129,120,67.4792,68.4835,66.1336,0.6137,120,28.4837,28.6505,28.3636,0.1067,120,1004.243,1004.4618,1004.0773,0.0886,120,648.2359,721.8709,547.411,50.5611,120,858.9422,1254.0804,589.1212,201.6355,120,202.547,527.164,15.2449,162.6219,120,120,0,790.699,1146.8856,529.8013,189.5126,120,21.88,22.87,20.92,0.52,120,3.404,3.4077,3.4013,0.0015,0.5848,0.5865,0.5836,0.0011,0.6748,0.6848,0.6613,0.0061,-0.0013,-0.0001,-0.0033,0.001,0.0082,0.0092,0.007,0.0006,0.0072,0.0104,0.0049,0.0017,0.7907,1.1469,0.5298,0.1895,354.8917,728,104,137.8171,0,0,0,0,169.3,1018,34,176.2757,39,46.8667,47,41,23.68,23.68,23.63
2022-11-30 12:20:00,3.1302,6.8984,0.5044,1.4558,120,43.5919,49.0001,120,66.1506,67.2018,64.1499,0.8975,120,28.7681,29.154,28.4948,0.2495,120,1004.0303,1004.297,1003.8942,0.0921,120,526.5204,546.9299,500.552,13.8646,120,980.5461,1373.1501,610.7371,285.0004,120,460.3225,859.1009,59.9952,302.3005,120,120,0,891.0947,1255.8367,557.5732,260.8475,120,23.74,24.74,22.87,0.56,120,3.4005,3.405,3.3982,0.0015,0.5877,0.5915,0.5849,0.0025,0.6615,0.672,0.6415,0.009,-0.0029,-0.0004,-0.0053,0.0019,0.0067,0.0069,0.0064,0.0002,0.0082,0.0114,0.0051,0.0024,0.8911,1.2558,0.5576,0.2608,317.4083,727,32,158.2441,0,0,0,0,216.75,971,10,225.9951,39.1,46.9667,49,45,23.68,23.68,23.68
2022-11-30 12:30:00,2.7295,5.6288,0.486,1.1497,120,50.3681,49.4283,120,64.7448,65.8895,63.4175,0.626,120,29.0755,29.2212,28.8397,0.106,120,1003.9254,1004.1139,1003.7111,0.1005,120,530.7718,605.3236,474.3583,43.599,120,595.0316,954.3902,490.934,111.4367,120,63.1377,384.0638,14.7535,78.5108,120,120,0,543.204,862.7583,446.4858,103.0206,120,25.68,26.67,24.74,0.58,120,3.3988,3.4019,3.3952,0.0017,0.5907,0.5922,0.5884,0.0011,0.6474,0.6589,0.6342,0.0063,-0.0004,-0.0001,-0.0024,0.0005,0.0067,0.0077,0.006,0.0006,0.005,0.008,0.0041,0.0009,0.5432,0.8628,0.4465,0.103,273.8583,589,30,124.972,0,0,0,0,238.0583,1014,0,238.0114,40,46.9,49,41,23.68,23.68,23.63
2022-11-30 12:40:00,3.1006,6.236,0.3112,1.2919,120,55.5817,40.9223,120,65.2707,66.4083,63.8447,0.5268,120,28.751,28.8702,28.5375,0.0756,120,1003.7504,1003.9491,1003.5463,0.0877,120,587.213,636.563,516.4118,27.0508,120,691.7956,1135.377,593.1513,121.7501,120,108.3139,663.3822,15.7364,138.4593,120,120,0,630.2072,1052.2782,541.0932,110.7512,120,27.7,28.67,26.67,0.6,120,3.3958,3.3992,3.3924,0.0015,0.5875,0.5887,0.5854,0.0008,0.6527,0.6641,0.6384,0.0053,-0.0007,-0.0001,-0.0041,0.0009,0.0075,0.0081,0.0066,0.0003,0.0058,0.0095,0.0049,0.001,0.6302,1.0523,0.5411,0.1108,314.2,655,11,140.4224,0,0,0,0,206.15,1020,5,185.1715,40,46.7333,49,41,23.68,23.68,23.68
2022-11-30 12:50:00,3.0713,7.1008,0.7896,1.3175,120,44.1927,41.2555,120,66.8607,67.8732,65.157,0.647,120,28.4825,28.6352,28.3819,0.0727,120,1003.4977,1003.7477,1003.1617,0.1211,120,409.9073,512.8071,330.1764,42.496,120,598.3869,1136.1092,351.3481,234.0116,120,200.2029,671.2504,16.7193,207.5699,120,120,0,523.718,1009.8575,296.9451,215.0607,120,29.78,30.72,28.67,0.61,120,3.3916,3.3958,3.386,0.002,0.5848,0.5864,0.5838,0.0007,0.6686,0.6787,0.6516,0.0065,-0.0012,-0.0001,-0.0042,0.0013,0.0052,0.0065,0.0042,0.0005,0.005,0.0095,0.0029,0.0019,0.5237,1.0099,0.2969,0.2151,311.0083,749,63,143.2111,0,0,0,0,205.0917,1010,2,224.4737,40,46.8333,49,41,23.68,23.68,23.63
2022-11-30 13:00:00,2.7069,6.834,0.3296,1.3053,120,66.4376,47.8235,120,67.3409,68.0563,66.3472,0.4233,120,28.6611,28.7542,28.5314,0.0663,120,1003.3532,1003.5463,1003.1617,0.0711,120,474.7351,550.5346,377.9968,59.6834,120,604.8319,1182.6375,433.7803,181.6946,120,142.0484,721.9014,18.1953,166.2879,120,120,0,531.9987,1069.6738,375.3777,167.9923,120,31.91,33.04,30.95,0.62,120,3.3892,3.3924,3.386,0.0012,0.5866,0.5875,0.5853,0.0007,0.6734,0.6806,0.6635,0.0042,-0.0009,-0.0001,-0.0045,0.001,0.006,0.007,0.0048,0.0008,0.005,0.0099,0.0036,0.0015,0.532,1.0697,0.3754,0.168,271.4,720,13,141.8759,0,0,0,0,234.3917,1010,20,177.794,40,46.9167,47,41,23.68,23.68,23.68
2022-11-30 13:10:00,2.8414,5.7208,0.4676,1.2375,120,57.7769,37.0974,120,67.1158,68.5751,65.0655,1.1146,120,28.9803,29.27,28.6047,0.2072,120,1003.2788,1003.3815,1003.1617,0.0926,120,497.5839,569.0378,384.9661,65.3689,120,588.0156,1009.3457,393.114,163.09,120,102.3063,500.6091,14.2604,123.2004,120,120,0,530.9992,902.7375,359.2029,143.6864,120,34.07,35.17,33.04,0.64,120,3.388,3.3897,3.386,0.0015,0.5898,0.5927,0.586,0.0021,0.6712,0.6858,0.6507,0.0111,-0.0006,-0.0001,-0.0031,0.0008,0.0063,0.0072,0.0049,0.0008,0.0049,0.0084,0.0033,0.0014,0.531,0.9027,0.3592,0.1437,286.025,599,28,134.5148,0,0,0,0,193.2667,995,2,153.1102,40,46.8333,49,41,23.68,23.68,23.63
2022-11-30 13:20:00,3.1187,5.454,0.624,0.9452,120,51.4432,37.9334,120,66.9479,67.9037,65.7369,0.6634,120,28.36,28.6932,28.2141,0.1271,120,1003.2463,1003.3815,1003.1617,0.0865,120,462.3174,517.3732,385.9268,45.6363,120,485.3683,618.4298,393.8463,61.9973,120,31.7061,145.5607,14.7535,27.6596,120,120,0,449.3342,574.0532,359.508,59.6934,120,36.26,37.32,35.17,0.65,120,3.3874,3.3897,3.386,0.0014,0.5836,0.5869,0.5821,0.0013,0.6695,0.679,0.6574,0.0066,-0.0002,-0.0001,-0.0009,0.0002,0.0059,0.0066,0.0049,0.0006,0.004,0.0052,0.0033,0.0005,0.4493,0.5741,0.3595,0.0597,316.1667,570,45,102.7418,0,0,0,0,204.2083,997,13,189.5472,40,46.9667,47,45,23.68,23.68,23.68
2022-11-30 13:30:00,2.8374,5.5184,0.7436,1.0247,120,53.4147,35.5269,120,68.3663,69.1549,67.2628,0.5566,120,28.1971,28.3392,28.1134,0.0581,120,1003.2263,1003.3815,1003.1617,0.0778,120,432.4477,456.3354,384.2449,17.8284,120,451.3906,519.5102,393.8463,26.9524,120,28.6738,82.6152,14.2604,17.8307,120,120,0,414.5736,480.3613,361.3392,25.3374,120,38.47,39.49,37.32,0.65,120,3.3871,3.3897,3.386,0.0013,0.582,0.5834,0.5811,0.0006,0.6837,0.6915,0.6726,0.0056,-0.0002,-0.0001,-0.0005,0.0001,0.0055,0.0058,0.0049,0.0002,0.0038,0.0043,0.0033,0.0002,0.4146,0.4804,0.3613,0.0253,285.5917,577,58,111.3801,0,0,0,0,212.725,1022,0,200.5063,40,46.7833,49,41,23.68,23.68,23.68
2022-11-30 13:40:00,2.6889,5.4448,0.6976,0.9389,120,39.3183,36.5672,120,68.5141,69.1549,67.629,0.3983,120,28.3365,28.4124,28.2202,0.0628,120,1003.1936,1003.3815,1002.9969,0.0689,120,362.3853,395.0583,346.2772,13.4462,120,389.2698,562.7419,359.7743,39.2265,120,38.9881,210.9636,16.2278,37.7171,120,120,0,354.9735,507.5228,325.3273,36.4841,120,40.71,41.92,39.49,0.65,120,3.3866,3.3897,3.3833,0.0011,0.5834,0.5841,0.5822,0.0006,0.6851,0.6915,0.6763,0.004,-0.0002,-0.0001,-0.0013,0.0002,0.0046,0.005,0.0044,0.0002,0.0032,0.0047,0.003,0.0003,0.355,0.5075,0.3253,0.0365,269.45,569,53,102.0563,0,0,0,0,198.0917,1008,5,239.7289,40,46.7167,47,39,23.68,23.68,23.68
2022-11-30 13:50:00,3.0297,5.5828,0.9368,0.9899,120,52.5651,32.844,120,68.1906,68.6972,67.3849,0.3109,120,28.151,28.3758,28.0737,0.0897,120,1003.1631,1003.3631,1002.9969,0.0713,120,376.3909,403.2291,352.2843,12.8563,120,401.4301,502.6579,357.2089,26.4424,120,40.3037,138.184,15.2449,23.9913,120,120,0,365.3294,452.2843,324.4118,24.2325,120,42.97,44.12,41.92,0.66,120,3.3861,3.3894,3.3833,0.0012,0.5815,0.5838,0.5807,0.0009,0.6819,0.687,0.6738,0.0031,-0.0003,-0.0001,-0.0009,0.0001,0.0048,0.0051,0.0045,0.0002,0.0033,0.0042,0.003,0.0002,0.3653,0.4523,0.3244,0.0242,306.4917,584,79,107.5945,0,0,0,0,169.5333,965,7,128.7877,40,46.9833,47,45,23.68,23.68,23.63
2022-11-30 14:00:00,2.7459,5.27,0.394,0.9413,120,64.0529,34.5522,120,68.4599,69.216,67.9037,0.3307,120,28.0822,28.1561,27.9791,0.0551,120,1003.0107,1003.1983,1002.7955,0.0539,120,420.1902,438.0724,402.748,13.4589,120,491.3859,643.7095,408.5006,66.2682,120,102.384,290.137,16.7193,72.6359,120,120,0,450.0666,590.5332,372.9362,61.4676,120,45.23,46.34,44.12,0.67,120,3.3835,3.3866,3.3799,0.0009,0.5808,0.5816,0.5798,0.0006,0.6846,0.6922,0.679,0.0033,-0.0006,-0.0001,-0.0018,0.0005,0.0053,0.0056,0.0051,0.0002,0.0041,0.0054,0.0034,0.0006,0.4501,0.5905,0.3729,0.0615,275.6417,550,20,102.3159,0,0,0,0,217.8,1020,56,154.5042,40.7,46.8833,49,41,23.68,23.68,23.68
2022-11-30 14:10:00,2.6186,5.5,0.8816,0.9804,120,72.4675,48.7391,120,68.5408,69.4906,67.7206,0.3966,120,28.2437,28.4704,28.1042,0.1261,120,1002.9676,1003.1983,1002.7955,0.0744,120,413.3316,424.1354,389.2913,12.1704,120,439.673,474.0816,391.2821,22.1399,120,45.1189,75.7315,15.2449,13.2894,120,120,0,406.0488,433.9732,363.1703,19.4637,120,47.51,48.57,46.34,0.67,120,3.3828,3.3866,3.3799,0.0012,0.5824,0.5847,0.581,0.0013,0.6854,0.6949,0.6772,0.004,-0.0003,-0.0001,-0.0005,0.0001,0.0052,0.0054,0.0049,0.0002,0.0037,0.0039,0.0033,0.0002,0.406,0.434,0.3632,0.0195,261.8,575,73,106.5651,0,0,0,0,259.6083,1013,8,194.8466,40.8,46.65,47,41,23.68,23.68,23.68
2022-11-30 14:20:00,2.4907,4.9296,0.67,0.9745,120,50.7926,45.7126,120,68.2836,68.9718,67.7206,0.3398,120,28.291,28.3972,28.2141,0.0396,120,1002.9188,1003.0152,1002.7772,0.0973,120,378.9602,390.0118,362.6173,7.9589,120,402.1262,437.4442,380.2905,12.0595,120,43.5985,99.3345,19.1782,20.0329,120,120,0,375.4997,408.948,355.2355,11.8717,120,49.8,51.05,48.57,0.67,120,3.382,3.3836,3.3796,0.0016,0.5829,0.584,0.5821,0.0004,0.6828,0.6897,0.6772,0.0034,-0.0003,-0.0001,-0.0006,0.0001,0.0048,0.005,0.0046,0.0001,0.0034,0.0036,0.0032,0.0001,0.3755,0.4089,0.3552,0.0119,247.9,513,50,105.9244,0,0,0,0,254.65,1015,8,252.1364,41,46.7833,47,41,23.68,23.68,23.68
2022-11-30 14:30:00,2.8765,6.0796,0.5872,1.0777,120,53.985,33.6596,120,68.5171,69.3991,67.9952,0.3448,120,28.0629,28.211,27.9394,0.0821,120,1002.8149,1003.0152,1002.7772,0.0504,120,362.8358,370.3071,347.7189,5.6366,120,437.3679,630.1537,352.8127,71.5772,120,124.0051,409.1428,17.7038,103.791,120,120,0,406.2115,576.1895,329.9051,62.9237,120,52.1,53.29,51.05,0.67,120,3.3802,3.3836,3.3796,0.0008,0.5806,0.5821,0.5794,0.0008,0.6852,0.694,0.68,0.0034,-0.0008,-0.0001,-0.0025,0.0006,0.0046,0.0047,0.0044,0.0001,0.0036,0.0052,0.0029,0.0006,0.4062,0.5762,0.3299,0.0629,289.8417,638,41,117.1464,0,0,0,0,178.2417,902,5,134.0358,41,46.6333,49,41,23.68,23.68,23.63
2022-11-30 14:40:00,2.2967,4.4512,0.4124,0.9138,120,54.6773,38.378,120,68.4042,69.5212,67.2933,0.709,120,28.4316,28.6138,28.0737,0.1495,120,1002.8083,1002.9969,1002.6307,0.0463,120,343.2931,363.5787,306.6268,16.7099,120,426.4165,518.4118,313.9784,54.9223,120,141.0486,259.6487,16.2278,65.2113,120,120,0,392.2366,473.0369,290.231,49.8522,120,54.4,55.54,53.29,0.68,120,3.3801,3.3833,3.3772,0.0008,0.5843,0.5861,0.5807,0.0015,0.684,0.6952,0.6729,0.0071,-0.0009,-0.0001,-0.0016,0.0004,0.0044,0.0046,0.0039,0.0002,0.0036,0.0043,0.0026,0.0005,0.3922,0.473,0.2902,0.0499,226.8167,461,22,99.3303,0,0,0,0,205.5417,1022,7,189.8597,41,46.8833,49,41,23.68,23.68,23.63
2022-11-30 14:50:00,2.0549,4.2028,0.6056,0.7651,120,63.5612,50.0614,120,67.8594,68.453,67.2323,0.3196,120,28.5002,28.5742,28.3789,0.0537,120,1002.87,1003.0152,1002.6124,0.095,120,258.6323,305.9063,218.9165,27.1963,120,269.745,324.9688,222.0192,31.9377,120,28.5097,43.2743,14.7535,8.0495,120,120,0,246.9329,299.6918,200.2014,30.9764,120,56.7,57.79,55.54,0.68,120,3.3812,3.3836,3.3769,0.0016,0.585,0.5857,0.5838,0.0005,0.6786,0.6845,0.6723,0.0032,-0.0002,-0.0001,-0.0003,0.0001,0.0033,0.0039,0.0028,0.0003,0.0022,0.0027,0.0018,0.0003,0.2469,0.2997,0.2002,0.031,200.5333,434,43,83.1598,0,0,0,0,261.3417,986,0,220.4822,41,46.9833,49,45,23.68,23.68,23.68
2022-11-30 15:00:00,2.4613,4.8284,0.4768,1.0145,120,57.0475,38.1192,120,68.2783,69.0634,66.8966,0.6917,120,28.0533,28.3697,27.9577,0.1086,120,1002.8797,1003.0152,1002.649,0.0956,120,196.4419,218.4354,178.3047,13.3382,120,197.9826,221.2869,180.6194,13.0347,120,15.3143,16.7193,13.7689,0.7248,120,120,0,176.0664,199.8962,159.0014,13.1662,120,59.02,60.05,57.79,0.67,120,3.3813,3.3836,3.3775,0.0016,0.5805,0.5837,0.5796,0.0011,0.6828,0.6906,0.669,0.0069,-0.0001,-0.0001,-0.0001,0,0.0025,0.0028,0.0023,0.0002,0.0016,0.0018,0.0015,0.0001,0.1761,0.1999,0.159,0.0132,244.7083,502,29,110.2762,0,0,0,0,190.25,967,4,144.7979,41,46.8333,47,41,23.68,23.68,23.68
2022-11-30 15:10:00,2.2131,4.6536,0.3572,0.9028,120,48.1179,35.9725,120,69.0718,69.5212,68.453,0.2608,120,27.9665,28.034,27.8631,0.0357,120,1002.7477,1002.8321,1002.5941,0.0892,120,182.274,185.5142,180.2276,1.1163,120,193.2869,212.4934,184.6495,6.6481,120,33.9969,69.8292,14.2604,13.1445,120,120,0,169.4337,184.3318,162.3585,5.3049,120,61.34,62.56,60.3,0.67,120,3.3791,3.3805,3.3766,0.0015,0.5797,0.5803,0.5786,0.0004,0.6907,0.6952,0.6845,0.0026,-0.0002,-0.0001,-0.0004,0.0001,0.0023,0.0024,0.0023,0,0.0016,0.0018,0.0015,0.0001,0.1694,0.1843,0.1624,0.0053,217.725,483,16,98.1299,0,0,0,0,222.75,1008,0,234.4492,41,46.9167,49,41,23.68,23.68,23.68
2022-11-30 15:20:00,2.1293,5.9232,0.7344,1.0697,120,65.0583,47.8767,120,69.4617,70.0705,68.7887,0.3205,120,27.8466,28.1042,27.7838,0.0783,120,1002.6614,1002.8138,1002.5941,0.0765,120,201.5303,208.8236,185.0339,7.5194,120,277.3899,349.1489,197.8391,46.9772,120,174.9225,322.5927,28.0309,87.5148,120,120,0,235.7428,292.0621,171.514,36.9937,120,63.65,64.82,62.56,0.68,120,3.3777,3.3802,3.3766,0.0013,0.5785,0.581,0.5778,0.0008,0.6946,0.7007,0.6879,0.0032,-0.0011,-0.0002,-0.002,0.0005,0.0026,0.0027,0.0024,0.0001,0.0023,0.0029,0.0016,0.0004,0.2357,0.2921,0.1715,0.037,208.625,621,57,116.269,0,0,0,0,250.4167,990,0,208.9643,41,46.9,49,41,23.68,23.68,23.68
2022-11-30 15:30:00,2.5252,4.6904,0.8908,0.8103,120,56.2844,38.0722,120,68.8604,69.7348,68.3004,0.308,120,28.1332,28.1866,28.0493,0.039,120,1002.5962,1002.8138,1002.4293,0.0707,120,195.9493,208.3425,179.2661,7.5373,120,307.6489,424.988,241.437,49.4638,120,268.7827,577.3236,133.2662,122.6936,120,120,0,255.768,342.1125,198.0651,37.6374,120,65.97,67.09,64.82,0.68,120,3.3766,3.3802,3.3738,0.0012,0.5813,0.5819,0.5805,0.0004,0.6886,0.6973,0.683,0.0031,-0.0017,-0.0008,-0.0036,0.0008,0.0025,0.0026,0.0023,0.0001,0.0026,0.0035,0.002,0.0004,0.2558,0.3421,0.1981,0.0376,251.65,487,74,88.071,0,0,0,0,220.7417,994,14,203.8024,41,46.4167,49,41,23.68,23.68,23.68
2022-11-30 15:40:00,2.7944,5.1228,0.9736,1.0621,120,52.3938,31.9633,120,68.909,69.8569,68.3004,0.3572,120,28.0382,28.2476,27.7044,0.1817,120,1002.6052,1002.649,1002.4293,0.0557,120,148.1169,178.5457,121.1126,20.3736,120,158.5491,244.0012,120.9016,33.2422,120,37.9473,174.5746,13.7689,35.2067,120,120,0,134.0068,203.5585,102.8474,27.5059,120,68.29,69.35,67.09,0.68,120,3.3768,3.3775,3.3738,0.0009,0.5804,0.5825,0.577,0.0018,0.6891,0.6986,0.683,0.0036,-0.0002,-0.0001,-0.0011,0.0002,0.0019,0.0023,0.0015,0.0003,0.0013,0.002,0.001,0.0003,0.134,0.2036,0.1028,0.0275,280.9083,534,83,115.4412,0,0,0,0,195.425,1011,15,181.3831,41,46.9,49,41,23.68,23.68,23.68
2022-11-30 15:50:00,1.9597,5.1136,0.4124,1.0159,120,67.7754,48.0852,120,70.2783,70.8029,69.8264,0.2557,120,27.7641,27.8356,27.6983,0.0414,120,1002.6707,1002.8321,1002.5941,0.0828,120,131.1615,148.2669,118.2291,8.9267,120,154.0214,258.6567,118.7035,42.0391,120,76.12,314.7245,13.7689,92.8282,120,120,0,129.7978,205.9999,104.6785,30.4387,120,70.62,71.87,69.35,0.67,120,3.3778,3.3805,3.3766,0.0014,0.5776,0.5784,0.577,0.0004,0.7028,0.708,0.6983,0.0026,-0.0005,-0.0001,-0.002,0.0006,0.0017,0.0019,0.0015,0.0001,0.0013,0.0022,0.001,0.0003,0.1298,0.206,0.1047,0.0304,190.1833,533,22,110.4245,0,0,0,0,234.1417,998,12,172.0324,41,46.9333,49,41,23.68,23.68,23.68
2022-11-30 16:00:00,1.8871,3.8808,0.808,0.6011,120,63.302,34.9719,120,70.7038,71.1386,70.1621,0.3233,120,27.7152,27.8234,27.6464,0.0455,120,1002.7815,1002.9969,1002.6124,0.0698,120,99.7919,122.7953,81.2228,13.8144,120,99.8385,123.0996,81.3337,13.605,120,14.0351,14.2604,13.2775,0.254,120,120,0,89.9584,109.2563,74.7703,11.069,120,72.94,74.13,71.87,0.68,120,3.3797,3.3833,3.3769,0.0012,0.5772,0.5782,0.5765,0.0004,0.707,0.7114,0.7016,0.0032,-0.0001,-0.0001,-0.0001,0,0.0013,0.0016,0.001,0.0002,0.0008,0.001,0.0007,0.0001,0.09,0.1093,0.0748,0.0111,182.2917,399,65,65.3354,0,0,0,0,199.4583,974,17,131.4471,41,46.6833,49,41,23.68,23.68,23.63
2022-11-30 16:10:00,1.5908,3.43,0.6516,0.5195,120,57.4579,43.728,120,71.3332,71.688,70.7724,0.2052,120,27.5973,27.6495,27.5701,0.0145,120,1002.8716,1003.0152,1002.7955,0.0882,120,72.115,80.9819,56.7118,7.7454,120,72.4433,80.6014,57.1537,7.7151,120,13.9491,14.2604,13.7689,0.2378,120,120,0,67.1916,74.4652,53.1022,6.8978,120,75.26,76.39,74.13,0.68,120,3.3812,3.3836,3.3799,0.0015,0.576,0.5765,0.5757,0.0001,0.7133,0.7169,0.7077,0.0021,-0.0001,-0.0001,-0.0001,0,0.0009,0.001,0.0007,0.0001,0.0006,0.0007,0.0005,0.0001,0.0672,0.0745,0.0531,0.0069,150.0917,350,48,56.4668,0,0,0,0,263.2333,1019,11,246.6166,40.2,43.5,49,41,23.68,23.68,23.68
2022-11-30 16:20:00,2.0728,3.6048,0.486,0.7716,120,68.9067,38.6304,120,71.54,71.9321,71.1081,0.1828,120,27.4572,27.5976,27.3351,0.0747,120,1002.9139,1003.0152,1002.7955,0.0934,120,53.5075,58.874,45.4173,4.1921,120,53.789,58.6194,45.4298,4.272,120,13.7853,14.2604,13.2775,0.2008,120,120,0,51.0244,54.9333,43.9466,3.459,120,77.58,78.66,76.39,0.68,120,3.3819,3.3836,3.3799,0.0016,0.5746,0.576,0.5734,0.0008,0.7154,0.7193,0.7111,0.0018,-0.0001,-0.0001,-0.0001,0,0.0007,0.0007,0.0006,0.0001,0.0004,0.0005,0.0004,0,0.051,0.0549,0.0439,0.0035,202.4833,369,30,83.8714,0,0,0,0,250.3417,995,57,186.1351,40,45.75,49,41,23.68,23.68,23.68
2022-11-30 16:30:00,1.801,3.5772,0.7528,0.5553,120,62.9232,33.5001,120,72.0725,72.3289,71.8101,0.1304,120,27.3155,27.3443,27.2741,0.0191,120,1003.001,1003.1983,1002.9786,0.0366,120,37.2531,45.1772,30.5189,4.1268,120,37.0613,45.0636,30.7755,4.0874,120,13.8222,14.2604,13.2775,0.189,120,120,0,36.0652,43.9466,29.6029,4.0622,120,79.9,81.17,78.66,0.67,120,3.3834,3.3866,3.383,0.0006,0.5732,0.5734,0.5727,0.0002,0.7207,0.7233,0.7181,0.0013,-0.0001,-0.0001,-0.0001,0,0.0005,0.0006,0.0004,0.0001,0.0003,0.0004,0.0003,0,0.0361,0.0439,0.0296,0.0041,172.9333,366,59,60.3549,0,0,0,0,233.0333,1017,3,192.3405,40,46.55,49,41,23.68,23.68,23.63
2022-11-30 16:40:00,1.8215,3.5956,0.5964,0.6029,120,63.2308,39.3351,120,72.5298,72.8782,72.2068,0.1646,120,27.2467,27.2771,27.2253,0.013,120,1003.0061,1003.1983,1002.7955,0.0508,120,23.9022,32.2008,15.3795,5.2741,120,23.7712,32.2401,15.3878,5.3478,120,13.814,14.2604,13.2775,0.1802,120,120,0,23.2449,31.1289,14.6489,5.2211,120,82.22,83.42,81.17,0.67,120,3.3834,3.3866,3.3799,0.0008,0.5725,0.5728,0.5723,0.0001,0.7253,0.7288,0.7221,0.0016,-0.0001,-0.0001,-0.0001,0,0.0003,0.0004,0.0002,0.0001,0.0002,0.0003,0.0001,0,0.0232,0.0311,0.0146,0.0052,175.1583,368,42,65.5326,0,0,0,0,223.75,1010,7,183.6941,40,46.8833,47,41,23.68,23.68,23.68
2022-11-30 16:50:00,1.9616,5.0216,0.578,0.9253,120,70.9982,38.5831,120,72.7147,73.0003,72.512,0.0999,120,27.2089,27.268,27.1123,0.0503,120,1003.0467,1003.1983,1002.9786,0.0848,120,10.7295,15.3795,7.9299,1.9606,120,10.53,15.0216,7.6939,2.0542,120,13.7935,14.2604,13.2775,0.1895,120,120,0,10.2568,14.6489,7.6296,1.9504,120,84.53,85.68,83.42,0.68,120,3.3841,3.3866,3.383,0.0014,0.5721,0.5727,0.5711,0.0005,0.7271,0.73,0.7251,0.001,-0.0001,-0.0001,-0.0001,0,0.0001,0.0002,0.0001,0,0.0001,0.0001,0.0001,0,0.0103,0.0146,0.0076,0.002,190.3917,523,40,100.5764,0,0,0,0,237.1833,991,7,156.9775,40,46.8,49,41,23.68,23.68,23.68
2022-11-30 17:00:00,1.8168,4.166,0.578,0.8891,120,86.4786,50.5075,120,72.9748,73.2444,72.7256,0.1439,120,27.0871,27.1245,27.0513,0.0231,120,1003.038,1003.18,1002.9786,0.0807,120,6.2339,7.9299,4.3252,0.9517,120,5.981,7.6939,4.03,0.9955,120,13.7976,14.2604,13.2775,0.1835,120,120,0,6.0147,7.6296,4.2726,0.8708,120,86.84,87.93,85.68,0.67,120,3.384,3.3863,3.383,0.0013,0.5709,0.5713,0.5705,0.0002,0.7297,0.7324,0.7273,0.0014,-0.0001,-0.0001,-0.0001,0,0.0001,0.0001,0.0001,0,0.0001,0.0001,0,0,0.006,0.0076,0.0043,0.0009,174.65,430,40,96.6416,0,0,0,0,275.8417,1004,12,164.0534,40,46.8167,49,41,23.68,23.68,23.68
2022-11-30 17:10:00,1.9544,5.0308,0.3204,0.8301,120,68.9887,34.9119,120,72.9975,73.1529,72.8172,0.086,120,27.0589,27.0971,27.036,0.0152,120,1003.0451,1003.18,1002.9603,0.0854,120,2.9717,4.5661,1.6819,0.7813,120,2.7814,4.03,1.0996,0.822,120,13.8099,14.2604,13.2775,0.1635,120,120,0,3.1129,4.2726,1.8311,0.6756,120,89.02,89.92,87.93,0.6,107,3.3841,3.3863,3.3827,0.0014,0.5706,0.571,0.5704,0.0001,0.73,0.7315,0.7282,0.0009,-0.0001,-0.0001,-0.0001,0,0,0.0001,0,0,0,0,0,0,0.0031,0.0043,0.0018,0.0007,189.6083,524,12,90.2281,0,0,0,0,233.2333,1021,13,169.361,40,46.6167,47,41,23.68,23.68,23.68
2022-11-30 17:20:00,1.5035,2.9792,0.4492,0.518,120,57.6578,31.162,120,73.1956,73.3665,73.0613,0.054,120,27.0458,27.0605,27.0299,0.0051,120,1003.2344,1003.3815,1002.9786,0.0951,120,0.3925,1.6819,0,0.508,120,0.2808,1.0996,0,0.3513,120,13.8467,14.2604,13.2775,0.1911,120,120,0,0.6333,2.1363,0,0.6634,120,None,None,None,None,0,3.3872,3.3897,3.383,0.0016,0.5705,0.5706,0.5703,0.0001,0.732,0.7337,0.7306,0.0005,-0.0001,-0.0001,-0.0001,0,0,0,0,0,0,0,0,0,0.0006,0.0021,0,0.0007,140.6,301,26,56.3018,0,0,0,0,211.1667,1017,31,184.4734,40,46.6333,49,41,23.68,23.68,23.63
2022-11-30 17:30:00,1.1522,2.4364,0.2836,0.4625,120,78.2806,53.3906,120,73.4837,73.5801,73.3665,0.0607,120,27.0957,27.1551,27.0391,0.0338,120,1003.3279,1003.3631,1003.1434,0.0644,120,0,0,0,0,120,0,0,0,0,120,13.8672,14.2604,13.2775,0.217,120,120,0,0,0,0,0,120,None,None,None,None,0,3.3888,3.3894,3.3857,0.0011,0.571,0.5716,0.5704,0.0003,0.7348,0.7358,0.7337,0.0006,-0.0001,-0.0001,-0.0001,0,0,0,0,0,0,0,0,0,0,0,0,0,102.4083,242,8,50.2751,0,0,0,0,298.9917,1017,17,216.0971,40,46.8,47,41,23.68,23.68,23.68
2022-11-30 17:40:00,1.8019,4.304,0.6056,0.6986,120,75.7679,46.4611,120,73.3337,73.5191,73.0613,0.104,120,27.0793,27.1551,26.9933,0.0581,120,1003.3709,1003.5463,1003.3448,0.0543,120,0,0,0,0,120,0,0,0,0,120,13.8754,14.2604,13.7689,0.2033,120,120,0,0,0,0,0,120,None,None,None,None,0,3.3895,3.3924,3.3891,0.0009,0.5708,0.5716,0.5699,0.0006,0.7333,0.7352,0.7306,0.001,-0.0001,-0.0001,-0.0001,0,0,0,0,0,0,0,0,0,0,0,0,0,173.0333,445,43,75.9314,0,0,0,0,258.4417,993,7,176.6725,40,46.8,49,41,23.68,23.68,23.63
2022-11-30 17:50:00,1.6266,3.8072,0.44,0.7335,120,73.9291,37.1033,120,73.1424,73.3665,72.9392,0.1276,120,26.9775,26.9994,26.9536,0.0098,120,1003.4024,1003.5463,1003.3448,0.0808,120,0,0,0,0,120,0,0,0,0,120,13.8263,14.2604,13.7689,0.1584,120,120,0,0,0,0,0,120,None,None,None,None,0,3.39,3.3924,3.3891,0.0013,0.5698,0.57,0.5695,0.0001,0.7314,0.7337,0.7294,0.0013,-0.0001,-0.0001,-0.0001,0,0,0,0,0,0,0,0,0,0,0,0,0,153.975,391,25,79.7305,0,0,0,0,223.4167,840,18,120.7854,40,46.85,49,41,23.68,23.68,23.68
2022-11-30 18:00:00,1.6831,3.6876,0.4124,0.7214,120,72.5979,39.8151,120,72.924,73.0613,72.7866,0.0779,120,26.937,26.9719,26.9018,0.0154,120,1003.5685,1003.7294,1003.3448,0.1016,120,0,0,0,0,120,0,0,0,0,120,13.8508,14.2604,13.2775,0.1946,120,120,0,0,0,0,0,120,None,None,None,None,0,3.3928,3.3955,3.3891,0.0017,0.5694,0.5697,0.569,0.0001,0.7292,0.7306,0.7279,0.0008,-0.0001,-0.0001,-0.0001,0,0,0,0,0,0,0,0,0,0,0,0,0,160.1167,378,22,78.4082,0,0,0,0,234.0167,942,16,147.1857,39.9,46.9167,49,41,23.68,23.68,23.68
2022-11-30 18:10:00,1.716,3.1908,0.624,0.6397,120,66.8729,29.5577,120,72.9527,73.0613,72.7866,0.0641,120,26.985,27.0055,26.9506,0.0125,120,1003.7315,1003.9125,1003.5279,0.0655,120,0,0,0,0,120,0,0,0,0,120,13.8795,14.2604,13.2775,0.2157,120,120,0,0,0,0,0,120,None,None,None,None,0,3.3955,3.3985,3.3921,0.0011,0.5698,0.5701,0.5695,0.0001,0.7295,0.7306,0.7279,0.0006,-0.0001,-0.0001,-0.0001,0,0,0,0,0,0,0,0,0,0,0,0,0,163.6917,324,45,69.5354,0,0,0,0,234.4,1018,8,177.4908,39,46.8667,49,41,23.68,23.68,23.68
2022-11-30 18:20:00,1.8239,3.3748,0.5872,0.5495,120,69.1535,29.3707,120,73.1518,73.3055,73.0308,0.0637,120,26.9703,26.9933,26.9231,0.0198,120,1003.941,1004.0956,1003.7111,0.0984,120,0,0,0,0,120,0,0,0,0,120,13.8386,14.2604,13.2775,0.1943,120,120,0,0,0,0,0,120,None,None,None,None,0,3.399,3.4016,3.3952,0.0016,0.5697,0.5699,0.5692,0.0002,0.7315,0.7331,0.7303,0.0006,-0.0001,-0.0001,-0.0001,0,0,0,0,0,0,0,0,0,0,0,0,0,175.425,344,41,59.7265,0,0,0,0,209.0417,957,24,109.4293,39,46.9167,47,45,23.68,23.68,23.68
2022-11-30 18:30:00,1.1891,3.5496,0.2744,0.7128,120,79.5794,56.8871,120,73.5051,73.6412,73.3055,0.0713,120,26.9949,27.0452,26.9231,0.0407,120,1004.0849,1004.2787,1003.8942,0.0579,120,0,0,0,0,120,0,0,0,0,120,13.8836,14.2604,13.7689,0.2087,120,120,0,0,0,0,0,120,None,None,None,None,0,3.4014,3.4046,3.3982,0.001,0.5699,0.5705,0.5692,0.0004,0.7351,0.7364,0.7331,0.0007,-0.0001,-0.0001,-0.0001,0,0,0,0,0,0,0,0,0,0,0,0,0,106.425,363,7,77.4815,0,0,0,0,293.525,1018,7,212.416,39,46.7667,49,41,23.68,23.68,23.63
2022-11-30 18:40:00,1.8333,3.66,0.3112,0.6961,120,74.378,31.9359,120,73.6066,73.7632,73.4275,0.0971,120,27.0002,27.036,26.9811,0.0148,120,1004.2376,1004.4435,1004.059,0.0822,120,0,0,0,0,120,0,0,0,0,120,13.8631,14.2604,13.2775,0.2044,120,120,0,0,0,0,0,120,None,None,None,None,0,3.404,3.4074,3.401,0.0014,0.57,0.5704,0.5698,0.0001,0.7361,0.7376,0.7343,0.001,-0.0001,-0.0001,-0.0001,0,0,0,0,0,0,0,0,0,0,0,0,0,176.4417,375,11,75.6589,0,0,0,0,228.5,967,15,128.3839,39,46.9167,49,41,23.68,23.68,23.68
2022-11-30 18:50:00,1.8205,4.0372,0.4032,0.7768,120,81.6372,37.2508,120,73.7925,73.8853,73.6412,0.0477,120,26.9855,27.0055,26.9689,0.0075,120,1004.3744,1004.4618,1004.2604,0.0852,120,0,0,0,0,120,0,0,0,0,120,13.8795,14.2604,13.2775,0.2249,120,120,0,0,0,0,0,120,None,None,None,None,0,3.4062,3.4077,3.4043,0.0014,0.5699,0.5701,0.5697,0.0001,0.7379,0.7389,0.7364,0.0005,-0.0001,-0.0001,-0.0001,0,0,0,0,0,0,0,0,0,0,0,0,0,175.0583,416,21,84.4341,0,0,0,0,259.4667,1021,75,149.8266,39,46.8,49,41,23.68,23.68,23.68
2022-11-30 19:00:00,1.6398,4.0188,0.5412,0.7056,120,76.0998,50.7567,120,73.9471,74.0989,73.7938,0.0746,120,26.9724,26.9964,26.9597,0.007,120,1004.4728,1004.6632,1004.3336,0.0769,120,0,0,0,0,120,0,0,0,0,120,13.8877,14.2604,13.2775,0.2207,120,120,0,0,0,0,0,120,None,None,None,None,0,3.4079,3.4111,3.4056,0.0013,0.5697,0.57,0.5696,0.0001,0.7395,0.741,0.7379,0.0007,-0.0001,-0.0001,-0.0001,0,0,0,0,0,0,0,0,0,0,0,0,0,155.4083,414,36,76.695,0,0,0,0,300.625,1013,40,224.0081,39,46.9,49,41,23.68,23.68,23.68
2022-11-30 19:10:00,1.4574,4.0004,0.2468,0.8188,120,80.1909,55.8432,120,74.2012,74.3126,74.0074,0.0994,120,27.0193,27.0727,26.9811,0.0313,120,1004.5614,1004.8097,1004.4252,0.0947,120,0,0,0,0,120,0,0,0,0,120,13.8713,14.2604,13.2775,0.2103,120,120,0,0,0,0,0,120,None,None,None,None,0,3.4094,3.4135,3.4071,0.0016,0.5702,0.5707,0.5698,0.0003,0.742,0.7431,0.7401,0.001,-0.0001,-0.0001,-0.0001,0,0,0,0,0,0,0,0,0,0,0,0,0,135.5917,412,4,88.9969,0,0,0,0,310.4083,996,40,216.6751,39,46.8,49,39,23.68,23.68,23.68
2022-11-30 19:20:00,1.7388,3.522,0.4768,0.7091,120,72.4976,32.478,120,74.3324,74.4652,74.16,0.0767,120,27.0149,27.0727,26.9384,0.0401,120,1004.7674,1005.0111,1004.6083,0.1039,120,0,0,0,0,120,0,0,0,0,120,13.8918,14.2604,13.2775,0.223,120,120,0,0,0,0,0,120,None,None,None,None,0,3.4128,3.4169,3.4101,0.0017,0.5702,0.5707,0.5694,0.0004,0.7433,0.7447,0.7416,0.0008,-0.0001,-0.0001,-0.0001,0,0,0,0,0,0,0,0,0,0,0,0,0,166.175,360,29,77.0728,0,0,0,0,231.2167,1010,34,143.8185,39,46.9667,47,45,23.68,23.68,23.68
2022-11-30 19:30:00,1.3022,2.74,0.3848,0.5984,120,76.1307,51.0573,120,74.5145,74.5872,74.4346,0.0304,120,26.9613,26.9903,26.9384,0.0128,120,1005.0549,1005.1943,1004.8097,0.0902,120,0,0,0,0,120,0,0,0,0,120,13.9082,14.2604,13.7689,0.2224,120,120,0,0,0,0,0,120,None,None,None,None,0,3.4176,3.4199,3.4135,0.0015,0.5696,0.5699,0.5694,0.0001,0.7451,0.7459,0.7443,0.0003,-0.0001,-0.0001,-0.0001,0,0,0,0,0,0,0,0,0,0,0,0,0,118.7167,275,19,65.0416,0,0,0,0,284.15,1005,14,209.2284,38.8,46.95,47,45,23.68,23.68,23.68
2022-11-30 19:40:00,1.6956,4.7088,0.2836,0.9056,120,82.6755,50.8075,120,74.3522,74.5262,74.1905,0.065,120,26.9658,26.9994,26.9475,0.0126,120,1005.1808,1005.3774,1004.9928,0.074,120,0,0,0,0,120,0,0,0,0,120,13.9164,14.2604,13.7689,0.2262,120,120,0,0,0,0,0,120,None,None,None,None,0,3.4197,3.423,3.4165,0.0012,0.5697,0.57,0.5695,0.0001,0.7435,0.7453,0.7419,0.0006,-0.0001,-0.0001,-0.0001,0,0,0,0,0,0,0,0,0,0,0,0,0,161.4833,489,8,98.4343,0,0,0,0,285.9417,1004,47,182.6998,38,46.8833,49,41,23.68,23.68,23.63
2022-11-30 19:50:00,1.8929,3.6968,0.4584,0.8217,120,81.7754,46.4213,120,74.3767,74.4957,74.0989,0.0977,120,26.9604,26.9811,26.9445,0.0083,120,1005.3203,1005.5605,1005.1576,0.0862,120,0,0,0,0,120,0,0,0,0,120,13.9287,14.2604,13.7689,0.2312,120,120,0,0,0,0,0,120,None,None,None,None,0,3.422,3.426,3.4193,0.0014,0.5696,0.5698,0.5694,0.0001,0.7438,0.745,0.741,0.001,-0.0001,-0.0001,-0.0001,0,0,0,0,0,0,0,0,0,0,0,0,0,182.925,379,27,89.319,0,0,0,0,290.125,1022,33,195.0064,38,46.8667,47,41,23.68,23.68,23.63
2022-11-30 20:00:00,1.2704,3.016,0.3112,0.6297,120,74.4712,45.9031,120,74.1651,74.3431,73.7938,0.1574,120,26.9679,27.0055,26.9323,0.0209,120,1005.4274,1005.5605,1005.3407,0.0875,120,0,0,0,0,120,0,0,0,0,120,13.9164,14.2604,13.7689,0.2262,120,120,0,0,0,0,0,120,None,None,None,None,0,3.4238,3.426,3.4223,0.0015,0.5697,0.5701,0.5693,0.0002,0.7417,0.7434,0.7379,0.0016,-0.0001,-0.0001,-0.0001,0,0,0,0,0,0,0,0,0,0,0,0,0,115.2583,305,11,68.4444,0,0,0,0,261.8333,964,8,179.5553,38,46.8667,49,41,23.68,23.68,23.63
2022-11-30 20:10:00,1.5787,3.0896,0.3112,0.6978,120,76.4129,44.8475,120,73.8276,74.0379,73.7022,0.0895,120,26.9557,26.9719,26.9384,0.0069,120,1005.5075,1005.5605,1005.3407,0.0729,120,0,0,0,0,120,0,0,0,0,120,13.9,14.2604,13.7689,0.2182,120,120,0,0,0,0,0,120,None,None,None,None,0,3.4251,3.426,3.4223,0.0012,0.5696,0.5697,0.5694,0.0001,0.7383,0.7404,0.737,0.0009,-0.0001,-0.0001,-0.0001,0,0,0,0,0,0,0,0,0,0,0,0,0,148.775,313,11,75.8488,0,0,0,0,252.8917,977,37,163.284,38,46.8,49,41,23.68,23.68,23.68
2022-11-30 20:20:00,1.1941,3.384,0.3572,0.5965,120,83.0817,49.3078,120,73.5613,73.7327,73.4275,0.0857,120,26.9818,26.9994,26.9597,0.0068,120,1005.5061,1005.5605,1005.3407,0.0702,120,0,0,0,0,120,0,0,0,0,120,13.8672,14.2604,13.7689,0.1974,120,120,0,0,0,0,0,120,None,None,None,None,0,3.4251,3.426,3.4223,0.0012,0.5698,0.57,0.5696,0.0001,0.7356,0.7373,0.7343,0.0009,-0.0001,-0.0001,-0.0001,0,0,0,0,0,0,0,0,0,0,0,0,0,106.9667,345,16,64.839,0,0,0,0,297.9833,1010,39,196.1051,38,46.7667,49,41,23.68,23.68,23.63
2022-11-30 20:30:00,1.5068,3.246,0.5504,0.5661,120,87.888,45.3355,120,73.3988,73.4581,73.3055,0.0325,120,26.9439,26.9872,26.914,0.0207,120,1005.575,1005.7436,1005.3407,0.0913,120,0,0,0,0,120,0,0,0,0,120,13.9164,14.2604,13.7689,0.2262,120,120,0,0,0,0,0,120,None,None,None,None,0,3.4262,3.4291,3.4223,0.0015,0.5694,0.5699,0.5691,0.0002,0.734,0.7346,0.7331,0.0003,-0.0001,-0.0001,-0.0001,0,0,0,0,0,0,0,0,0,0,0,0,0,140.9583,330,37,61.5318,0,0,0,0,288.425,921,29,162.6032,38,46.9333,47,41,23.68,23.68,23.63
2022-11-30 20:40:00,1.612,3.2828,0.6332,0.6131,120,72.8195,34.2098,120,73.336,73.4581,73.2139,0.0573,120,26.9026,26.9292,26.8712,0.0188,120,1005.7196,1005.9084,1005.5055,0.0556,120,0,0,0,0,120,0,0,0,0,120,13.9205,14.2604,13.7689,0.2279,120,120,0,0,0,0,0,120,None,None,None,None,0,3.4287,3.4318,3.4251,0.0009,0.569,0.5693,0.5687,0.0002,0.7334,0.7346,0.7321,0.0006,-0.0001,-0.0001,-0.0001,0,0,0,0,0,0,0,0,0,0,0,0,0,152.3917,334,46,66.6411,0,0,0,0,217.3917,714,6,107.4301,38,46.9167,49,41,23.68,23.68,23.63
2022-11-30 20:50:00,1.4284,3.0712,0.3296,0.6791,120,81.4389,42.1917,120,73.3281,73.3665,73.2444,0.0295,120,26.9215,26.9567,26.8804,0.0235,120,1005.8237,1005.9267,1005.6887,0.0963,120,0,0,0,0,120,0,0,0,0,120,13.8959,14.2604,13.7689,0.216,120,120,0,0,0,0,0,120,None,None,None,None,0,3.4304,3.4321,3.4281,0.0016,0.5692,0.5696,0.5688,0.0002,0.7333,0.7337,0.7324,0.0003,-0.0001,-0.0001,-0.0001,0,0,0,0,0,0,0,0,0,0,0,0,0,132.4333,311,13,73.8157,0,0,0,0,266.6417,1015,0,166.3543,38,46.8833,49,41,23.68,23.68,23.63
2022-11-30 21:00:00,1.5504,3.062,0.2652,0.539,120,80.831,30.8911,120,73.3159,73.397,73.2139,0.0376,120,26.909,26.9506,26.8682,0.0258,120,1005.9166,1006.0915,1005.8901,0.0357,120,0,0,0,0,120,0,0,0,0,120,13.8713,14.2604,13.7689,0.2004,120,120,0,0,0,0,0,120,None,None,None,None,0,3.4319,3.4349,3.4315,0.0006,0.5691,0.5695,0.5687,0.0003,0.7332,0.734,0.7321,0.0004,-0.0001,-0.0001,-0.0001,0,0,0,0,0,0,0,0,0,0,0,0,0,145.6917,310,6,58.5865,0,0,0,0,242.65,921,77,110.3279,38,46.7833,47,41,23.68,23.68,23.63
2022-11-30 21:10:00,1.3211,3.2276,0,0.6843,120,78.0205,45.0231,120,73.3291,73.4275,73.2139,0.0567,120,26.8791,26.9079,26.856,0.0142,120,1005.9284,1006.0915,1005.7253,0.0623,120,0,0,0,0,120,0,0,0,0,120,13.8631,14.2604,13.2775,0.2141,120,120,0,0,0,0,0,120,None,None,None,None,0,3.4321,3.4349,3.4288,0.001,0.5688,0.5691,0.5686,0.0001,0.7333,0.7343,0.7321,0.0006,-0.0001,-0.0001,-0.0001,0,0,0,0,0,0,0,0,0,0,0,0,0,120.9583,328,0,74.0333,0,0,0,0,262.3917,976,17,164.6116,38,46.8667,49,41,23.68,23.68,23.63
2022-11-30 21:20:00,1.1206,2.6756,0.2468,0.5549,120,80.0632,44.6564,120,73.4601,73.5496,73.3055,0.062,120,26.8433,26.8621,26.8255,0.0075,120,1006.0703,1006.1098,1005.8901,0.0588,120,0,0,0,0,120,0,0,0,0,120,13.8386,14.2604,13.2775,0.1943,120,120,0,0,0,0,0,120,None,None,None,None,0,3.4345,3.4352,3.4315,0.001,0.5684,0.5686,0.5683,0.0001,0.7346,0.7355,0.7331,0.0006,-0.0001,-0.0001,-0.0001,0,0,0,0,0,0,0,0,0,0,0,0,0,98.9833,268,4,60.3193,0,0,0,0,279.3167,1021,37,183.0132,38,46.8833,47,41,23.68,23.68,23.63
2022-11-30 21:30:00,1.0826,2.1972,0,0.5008,120,76.5767,55.1978,120,73.3935,73.4886,73.2444,0.0644,120,26.853,26.8682,26.8438,0.0054,120,1006.0663,1006.2746,1005.8901,0.0659,120,0,0,0,0,120,0,0,0,0,120,13.8508,14.2604,13.2775,0.2238,120,120,0,0,0,0,0,120,None,None,None,None,0,3.4344,3.4379,3.4315,0.0011,0.5685,0.5687,0.5684,0.0001,0.7339,0.7349,0.7324,0.0006,-0.0001,-0.0001,-0.0001,0,0,0,0,0,0,0,0,0,0,0,0,0,95.0417,216,0,54.0609,0,0,0,0,300.4417,1012,40,223.3021,37.5,46.9,49,41,23.68,23.68,23.63
2022-11-30 21:40:00,1.1909,2.3812,0.2468,0.5048,120,74.8828,59.0759,120,73.2292,73.2749,73.1529,0.0317,120,26.8587,26.8834,26.8407,0.0101,120,1006.0186,1006.1098,1005.8718,0.0895,120,0,0,0,0,120,0,0,0,0,120,13.8713,14.2604,13.2775,0.2103,120,120,0,0,0,0,0,120,None,None,None,None,0,3.4336,3.4352,3.4312,0.0015,0.5686,0.5688,0.5684,0.0001,0.7323,0.7327,0.7315,0.0003,-0.0001,-0.0001,-0.0001,0,0,0,0,0,0,0,0,0,0,0,0,0,106.625,236,4,54.8702,0,0,0,0,312.3917,1008,3,238.8389,37,46.95,49,41,23.68,23.68,23.63
2022-11-30 21:50:00,1.3262,2.7952,0.4124,0.5086,120,69.1558,31.4871,120,73.1984,73.2444,73.1223,0.0409,120,26.8723,26.8834,26.8621,0.0049,120,1005.9668,1006.0915,1005.8901,0.0869,120,0,0,0,0,120,0,0,0,0,120,13.8754,14.2604,13.2775,0.2131,120,120,0,0,0,0,0,120,None,None,None,None,0,3.4328,3.4349,3.4315,0.0014,0.5687,0.5688,0.5686,0.0001,0.732,0.7324,0.7312,0.0004,-0.0001,-0.0001,-0.0001,0,0,0,0,0,0,0,0,0,0,0,0,0,121.325,281,22,55.2778,0,0,0,0,210.1083,858,24,111.4785,37,46.85,49,41,23.68,23.68,23.63
2022-11-30 22:00:00,1.119,3.154,0.4216,0.6411,120,76.4206,41.0211,120,73.3713,73.5191,73.2139,0.0758,120,26.8804,26.8957,26.8651,0.0079,120,1005.9662,1006.1098,1005.8718,0.091,120,0,0,0,0,120,0,0,0,0,120,13.8427,14.2604,13.2775,0.1874,120,120,0,0,0,0,0,120,None,None,None,None,0,3.4328,3.4352,3.4312,0.0015,0.5688,0.569,0.5686,0.0001,0.7337,0.7352,0.7321,0.0008,-0.0001,-0.0001,-0.0001,0,0,0,0,0,0,0,0,0,0,0,0,0,98.8083,320,23,69.6795,0,0,0,0,260.7583,987,22,174.9473,37,46.7,49,41,23.68,23.68,23.63
2022-11-30 22:10:00,1.4616,3.0896,0.5872,0.5298,120,81.3561,33.0403,120,73.6847,73.8853,73.4886,0.1177,120,26.8551,26.8865,26.8194,0.0185,120,1005.8634,1006.0915,1005.6887,0.0846,120,0,0,0,0,120,0,0,0,0,120,13.8672,14.2604,13.7689,0.1974,120,120,0,0,0,0,0,120,None,None,None,None,0,3.4311,3.4349,3.4281,0.0014,0.5685,0.5689,0.5682,0.0002,0.7368,0.7389,0.7349,0.0012,-0.0001,-0.0001,-0.0001,0,0,0,0,0,0,0,0,0,0,0,0,0,136.0417,313,41,57.5881,0,0,0,0,242.9083,849,54,109.2782,37,47,49,45,23.68,23.68,23.63
2022-11-30 22:20:00,1.7867,3.1632,0.7344,0.5197,120,69.9537,31.1652,120,74.0829,74.3431,73.8548,0.1202,120,26.8061,26.8285,26.7736,0.0137,120,1005.743,1005.9084,1005.6887,0.0804,120,0,0,0,0,120,0,0,0,0,120,13.8508,14.2604,13.7689,0.1839,120,120,0,0,0,0,0,120,None,None,None,None,0,3.429,3.4318,3.4281,0.0013,0.5681,0.5683,0.5677,0.0001,0.7408,0.7434,0.7385,0.0012,-0.0001,-0.0001,-0.0001,0,0,0,0,0,0,0,0,0,0,0,0,0,171.3833,321,57,56.4939,0,0,0,0,208.9167,764,71,100.9658,37,46.9,47,41,23.68,23.68,23.63
2022-11-30 22:30:00,1.4568,2.786,0.4952,0.4761,120,73.495,33.5162,120,74.5249,74.6788,74.3431,0.107,120,26.8028,26.8255,26.7797,0.0121,120,1005.6973,1005.7253,1005.5239,0.0276,120,0,0,0,0,120,0,0,0,0,120,13.814,14.2604,13.2775,0.1802,120,120,0,0,0,0,0,120,None,None,None,None,0,3.4283,3.4288,3.4254,0.0005,0.568,0.5683,0.5678,0.0001,0.7452,0.7468,0.7434,0.0011,-0.0001,-0.0001,-0.0001,0,0,0,0,0,0,0,0,0,0,0,0,0,135.5167,280,31,51.7448,0,0,0,0,227.8167,959,4,130.1527,37,46.7833,47,41,23.68,23.68,23.63
2022-11-30 22:40:00,1.3389,2.28,0.2836,0.4191,120,66.321,28.013,120,74.9034,75.1366,74.6788,0.1215,120,26.7999,26.8163,26.7858,0.0058,120,1005.6896,1005.9084,1005.5055,0.0875,120,0,0,0,0,120,0,0,0,0,120,13.8222,14.2604,13.2775,0.1994,120,120,0,0,0,0,0,120,None,None,None,None,0,3.4282,3.4318,3.4251,0.0015,0.568,0.5682,0.5679,0.0001,0.749,0.7514,0.7468,0.0012,-0.0001,-0.0001,-0.0001,0,0,0,0,0,0,0,0,0,0,0,0,0,122.7083,225,8,45.5595,0,0,0,0,208.95,1021,27,132.4067,37,46.95,49,41,23.68,23.68,23.63
2022-11-30 22:50:00,1.4384,3.1632,0.5136,0.5976,120,69.0393,36.2026,120,75.2904,75.5028,75.1061,0.1064,120,26.8076,26.8194,26.7858,0.0067,120,1005.6767,1005.9084,1005.5055,0.1029,120,0,0,0,0,120,0,0,0,0,120,13.8836,14.2604,13.2775,0.2182,120,120,0,0,0,0,0,120,None,None,None,None,0,3.4279,3.4318,3.4251,0.0017,0.5681,0.5682,0.5679,0.0001,0.7529,0.755,0.7511,0.0011,-0.0001,-0.0001,-0.0001,0,0,0,0,0,0,0,0,0,0,0,0,0,133.5167,321,33,64.9575,0,0,0,0,224.925,983,8,146.5538,37,46.9667,49,43,23.68,23.68,23.63
2022-11-30 23:00:00,1.863,3.6048,0.578,0.7553,120,59.0489,25.7262,120,75.6722,75.8995,75.4418,0.1155,120,26.8073,26.8194,26.7858,0.0074,120,1005.5261,1005.707,1005.3407,0.0573,120,0,0,0,0,120,0,0,0,0,120,13.9041,14.2604,13.7689,0.2204,120,120,0,0,0,0,0,120,None,None,None,None,0,3.4254,3.4284,3.4223,0.001,0.5681,0.5682,0.5679,0.0001,0.7567,0.759,0.7544,0.0012,-0.0001,-0.0001,-0.0001,0,0,0,0,0,0,0,0,0,0,0,0,0,179.675,369,40,82.1025,0,0,0,0,193.5,1013,13,144.6237,37,46.9167,49,41,23.68,23.68,23.63
2022-11-30 23:10:00,1.8368,3.3656,0.578,0.6238,120,64.4953,28.6773,120,76.0318,76.2047,75.808,0.104,120,26.7534,26.795,26.7003,0.0275,120,1005.4543,1005.6887,1005.3224,0.0901,120,0,0,0,0,120,0,0,0,0,120,13.859,14.2604,13.2775,0.2013,120,120,0,0,0,0,0,120,None,None,None,None,0,3.4242,3.4281,3.422,0.0015,0.5675,0.5679,0.567,0.0003,0.7603,0.762,0.7581,0.001,-0.0001,-0.0001,-0.0001,0,0,0,0,0,0,0,0,0,0,0,0,0,176.825,343,40,67.8013,0,0,0,0,208.2917,927,35,131.6459,37,46.9833,47,45,23.68,23.68,23.63
2022-11-30 23:20:00,1.5588,3.4116,0.4952,0.7028,120,76.1221,33.6141,120,76.1526,76.3268,75.808,0.1368,120,26.6773,26.7126,26.5874,0.036,120,1005.3475,1005.5239,1005.3041,0.0493,120,0,0,0,0,120,0,0,0,0,120,13.7894,14.2604,13.2775,0.2054,120,120,0,0,0,0,0,120,None,None,None,None,0,3.4225,3.4254,3.4217,0.0008,0.5668,0.5671,0.5659,0.0004,0.7615,0.7633,0.7581,0.0014,-0.0001,-0.0001,-0.0001,0,0,0,0,0,0,0,0,0,0,0,0,0,146.6083,348,31,76.3862,0,0,0,0,223.625,617,51,100.7321,37,46.9,47,41,23.68,23.68,23.63
2022-11-30 23:30:00,1.5359,3.154,0.4032,0.6769,120,67.1765,36.2182,120,75.7904,76.1437,75.3807,0.217,120,26.6191,26.6607,26.5661,0.0299,120,1005.419,1005.5239,1005.3041,0.0918,120,0,0,0,0,120,0,0,0,0,120,13.47,13.7689,13.2775,0.2409,120,120,0,0,0,0,0,120,None,None,None,None,0,3.4237,3.4254,3.4217,0.0015,0.5662,0.5666,0.5657,0.0003,0.7579,0.7614,0.7538,0.0022,-0.0001,-0.0001,-0.0001,0,-0.0001,0,-0.0001,0,0,0,0,0,0,0,0,0,144.125,320,21,73.5763,0,0,0,0,222.15,971,45,151.4452,37,46.9167,47,41,23.68,23.68,23.63
2022-11-30 23:40:00,1.3776,2.6664,0.4032,0.5598,120,71.5758,32.8621,120,75.2935,75.4112,75.1976,0.0509,120,26.6489,26.6637,26.6179,0.0102,120,1005.3175,1005.5239,1005.121,0.1188,120,0,0,0,0,120,0,0,0,0,120,13.8918,14.2604,13.2775,0.2488,120,120,0,0,0,0,0,120,None,None,None,None,0,3.422,3.4254,3.4187,0.002,0.5665,0.5666,0.5662,0.0001,0.7529,0.7541,0.752,0.0005,-0.0001,-0.0001,-0.0001,0,0,0,-0.0001,0,0,0,0,0,0,0,0,0,126.9083,267,21,60.847,0,0,0,0,224.2667,934,33,130.8122,37,47,49,43,23.68,23.68,23.63
2022-11-30 23:50:00,0.9775,2.7308,0.3388,0.4688,120,71.9945,43.2941,120,75.4039,75.5333,75.2586,0.0756,120,26.581,26.624,26.5447,0.0268,120,1005.1329,1005.3407,1004.9562,0.0488,120,0,0,0,0,120,0,0,0,0,120,13.8959,14.2604,13.2775,0.2252,120,120,0,0,0,0,0,120,None,None,None,None,0,3.4189,3.4223,3.4159,0.0008,0.5658,0.5662,0.5655,0.0003,0.754,0.7553,0.7526,0.0008,-0.0001,-0.0001,-0.0001,0,0,0,0,0,0,0,0,0,0,0,0,0,83.425,274,14,50.9563,0,0,0,0,268.4417,1022,35,199.8336,37,46.5333,49,41,23.68,23.68,23.63
