datetime,Anemometer;wind_speed;Avg (m/s),Anemometer;wind_speed;Max (m/s),Anemometer;wind_speed;Min (m/s),Anemometer;wind_speed;StdDev (m/s),Anemometer;wind_speed;Count (),Wind Vane TMR;wind_direction;Avg (°),Wind Vane TMR;wind_direction;StdDev (°),Wind Vane TMR;wind_direction;Count (),Hygro/Thermo;humidity;Avg (%),Hygro/Thermo;humidity;Max (%),Hygro/Thermo;humidity;Min (%),Hygro/Thermo;humidity;StdDev (%),Hygro/Thermo;humidity;Count (),Hygro/Thermo;temperature;Avg (°C),Hygro/Thermo;temperature;Max (°C),Hygro/Thermo;temperature;Min (°C),Hygro/Thermo;temperature;StdDev (°C),Hygro/Thermo;temperature;Count (),Barometer;air_pressure;Avg (hPa),Barometer;air_pressure;Max (hPa),Barometer;air_pressure;Min (hPa),Barometer;air_pressure;StdDev (hPa),Barometer;air_pressure;Count (),DHI (Diffuse Horizontal Irradiance);solar_irradiance;Avg (W/m²),DHI (Diffuse Horizontal Irradiance);solar_irradiance;Max (W/m²),DHI (Diffuse Horizontal Irradiance);solar_irradiance;Min (W/m²),DHI (Diffuse Horizontal Irradiance);solar_irradiance;StdDev (W/m²),DHI (Diffuse Horizontal Irradiance);solar_irradiance;Count (),GHI (Global Horizontal Irradiance);solar_irradiance;Avg (W/m²),GHI (Global Horizontal Irradiance);solar_irradiance;Max (W/m²),GHI (Global Horizontal Irradiance);solar_irradiance;Min (W/m²),GHI (Global Horizontal Irradiance);solar_irradiance;StdDev (W/m²),GHI (Global Horizontal Irradiance);solar_irradiance;Count (),DNI (Direct Normal Irradiance) Pyrheliometer;solar_DNI;Avg (W/m²),DNI (Direct Normal Irradiance) Pyrheliometer;solar_DNI;Max (W/m²),DNI (Direct Normal Irradiance) Pyrheliometer;solar_DNI;Min (W/m²),DNI (Direct Normal Irradiance) Pyrheliometer;solar_DNI;StdDev (W/m²),DNI (Direct Normal Irradiance) Pyrheliometer;solar_DNI;Count (),Precipitation;precipitation;Count (),Precipitation;precipitation;Sum (mm),GTI (Global Tilt Irradiance) PV Cell;voltage;Avg (W/m2),GTI (Global Tilt Irradiance) PV Cell;voltage;Max (W/m2),GTI (Global Tilt Irradiance) PV Cell;voltage;Min (W/m2),GTI (Global Tilt Irradiance) PV Cell;voltage;StdDev (W/m2),GTI (Global Tilt Irradiance) PV Cell;voltage;Count (),Theta;other;Avg (°),Theta;other;Max (°),Theta;other;Min (°),Theta;other;StdDev (°),Theta;other;Count (),A1;channel;Avg (V),A1;channel;Max (V),A1;channel;Min (V),A1;channel;StdDev (V),A2;channel;Avg (V),A2;channel;Max (V),A2;channel;Min (V),A2;channel;StdDev (V),A3;channel;Avg (V),A3;channel;Max (V),A3;channel;Min (V),A3;channel;StdDev (V),A4;channel;Avg (V),A4;channel;Max (V),A4;channel;Min (V),A4;channel;StdDev (V),A5;channel;Avg (V),A5;channel;Max (V),A5;channel;Min (V),A5;channel;StdDev (V),A6;channel;Avg (V),A6;channel;Max (V),A6;channel;Min (V),A6;channel;StdDev (V),A7;channel;Avg (V),A7;channel;Max (V),A7;channel;Min (V),A7;channel;StdDev (V),C1;channel;Avg (I),C1;channel;Max (I),C1;channel;Min (I),C1;channel;StdDev (I),C2;channel;Avg (I),C2;channel;Max (I),C2;channel;Min (I),C2;channel;StdDev (I),D1;channel;Avg (),D1;channel;Max (),D1;channel;Min (),D1;channel;StdDev (),T;channel;Avg (°C),I;channel;Avg (mA),I;channel;Max (mA),I;channel;Min (mA),V;channel;Avg (V),V;channel;Max (V),V;channel;Min (V)
2022-11-22 00:00:00,1.8347,4.0924,0.4124,0.6738,120,103.2372,31.9775,120,74.3955,74.6178,74.1905,0.1332,120,25.8202,25.8794,25.7848,0.0278,120,1006.578,1006.6408,1006.4028,0.0769,120,0,0,0,0,120,0,0,0,0,120,13.6747,14.2604,13.2775,0.2234,120,120,0,0,0,0,0,120,None,None,None,None,0,3.443,3.444,3.44,0.0013,0.5582,0.5588,0.5578,0.0003,0.744,0.7462,0.7419,0.0013,-0.0001,-0.0001,-0.0001,0,0,0,0,0,0,0,0,0,0,0,0,0,176.6,422,22,73.2372,0,0,0,0,295.3583,616,47,93.6329,35,47.9333,51,47,23.66,23.68,23.63
2022-11-22 00:10:00,1.3602,2.326,0.3664,0.4679,120,104.3013,32.2951,120,74.7215,74.8009,74.6178,0.0615,120,25.7885,25.8,25.7756,0.005,120,1006.4667,1006.6408,1006.2197,0.091,120,0,0,0,0,120,0,0,0,0,120,13.6092,14.2604,13.2775,0.2398,120,120,0,0,0,0,0,120,None,None,None,None,0,3.4411,3.444,3.437,0.0015,0.5579,0.558,0.5578,0.0001,0.7472,0.748,0.7462,0.0006,-0.0001,-0.0001,-0.0001,0,0,0,0,0,0,0,0,0,0,0,0,0,125.025,230,17,50.8611,0,0,0,0,303.9167,1001,21,110.9938,35,48.1167,49,47,23.65,23.68,23.63
2022-11-22 00:20:00,1.5833,2.6204,0.6516,0.4894,120,102.4395,35.5732,120,74.9143,75.1061,74.7703,0.0926,120,25.7811,25.7939,25.7726,0.0049,120,1006.3805,1006.6408,1006.2197,0.0935,120,0,0,0,0,120,0,0,0,0,120,13.7034,14.2604,13.2775,0.2008,120,120,0,0,0,0,0,120,None,None,None,None,0,3.4397,3.444,3.437,0.0016,0.5578,0.5579,0.5577,0.0001,0.7491,0.7511,0.7477,0.0009,-0.0001,-0.0001,-0.0001,0,0,0,0,0,0,0,0,0,0,0,0,0,149.275,262,48,53.2001,0,0,0,0,300.7167,880,19,113.5039,35,48.4333,53,47,23.65,23.68,23.63
2022-11-22 00:30:00,1.5196,2.9056,0.6884,0.4817,120,100.5079,25.8425,120,75.2297,75.3807,75.0755,0.0844,120,25.7651,25.7878,25.7298,0.0161,120,1006.2581,1006.4394,1006.2197,0.0658,120,0,0,0,0,120,0,0,0,0,120,13.6092,13.7689,13.2775,0.2312,120,120,0,0,0,0,0,120,None,None,None,None,0,3.4376,3.4407,3.437,0.0011,0.5576,0.5579,0.5573,0.0002,0.7523,0.7538,0.7508,0.0008,-0.0001,-0.0001,-0.0001,0,0,0,0,0,0,0,0,0,0,0,0,0,142.35,293,52,52.3564,0,0,0,0,293.3333,992,98,95.2479,35,47.4,51,45,23.65,23.68,23.63
2022-11-22 00:40:00,1.6228,3.1172,0.394,0.6186,120,107.6256,40.3129,120,75.4964,75.5638,75.3502,0.0588,120,25.7203,25.7359,25.7024,0.0069,120,1006.2328,1006.4211,1006.0366,0.027,120,0,0,0,0,120,0,0,0,0,120,13.6256,14.2604,13.2775,0.2417,120,120,0,0,0,0,0,120,None,None,None,None,0,3.4372,3.4404,3.4339,0.0004,0.5572,0.5574,0.557,0.0001,0.755,0.7556,0.7535,0.0006,-0.0001,-0.0001,-0.0001,0,0,0,0,0,0,0,0,0,0,0,0,0,153.5667,316,20,67.2407,0,0,0,0,331.8667,979,18,146.7865,35,46.9,49,41,23.66,23.68,23.63
2022-11-22 00:50:00,1.4162,2.4548,0.4124,0.4993,120,105.7416,27.7937,120,75.5155,75.5638,75.4723,0.0184,120,25.6961,25.7176,25.6566,0.0169,120,1006.2249,1006.4211,1006.0366,0.0388,120,0,0,0,0,120,0,0,0,0,120,13.5273,13.7689,13.2775,0.2467,120,120,0,0,0,0,0,120,None,None,None,None,0,3.4371,3.4404,3.4339,0.0006,0.557,0.5572,0.5566,0.0002,0.7552,0.7556,0.7547,0.0002,-0.0001,-0.0001,-0.0001,0,0,0,0,0,0,0,0,0,0,0,0,0,131.1083,244,22,54.2715,0,0,0,0,303.6667,630,168,81.4942,35,46.7833,49,41,23.66,23.68,23.63
2022-11-22 01:00:00,1.4903,2.786,0.5228,0.4312,120,113.4508,28.0531,120,75.5839,75.6554,75.5028,0.03,120,25.6304,25.6597,25.6108,0.012,120,1006.2455,1006.4211,1006.0366,0.0836,120,0,0,0,0,120,0,0,0,0,120,13.5928,13.7689,13.2775,0.2366,120,120,0,0,0,0,0,120,None,None,None,None,0,3.4374,3.4404,3.4339,0.0014,0.5563,0.5566,0.5561,0.0001,0.7558,0.7566,0.755,0.0003,-0.0001,-0.0001,-0.0001,0,0,0,0,0,0,0,0,0,0,0,0,0,139.1583,280,34,46.8748,0,0,0,0,323.3667,599,168,80.7384,35,46.8167,47,41,23.65,23.68,23.63
2022-11-22 01:10:00,1.3007,2.4456,0.532,0.4754,120,118.3305,34.9728,120,75.6686,75.808,75.5943,0.0481,120,25.6155,25.6261,25.6047,0.0049,120,1006.1689,1006.238,1006.0182,0.0857,120,0,0,0,0,120,0,0,0,0,120,13.6256,14.2604,13.2775,0.2332,120,120,0,0,0,0,0,120,None,None,None,None,0,3.4361,3.4373,3.4336,0.0014,0.5562,0.5563,0.5561,0.0001,0.7567,0.7581,0.7559,0.0005,-0.0001,-0.0001,-0.0001,0,0,0,0,0,0,0,0,0,0,0,0,0,118.55,243,35,51.6728,0,0,0,0,336.95,753,14,104.8948,35,46.8833,49,41,23.66,23.68,23.63
2022-11-22 01:20:00,1.3968,2.8228,0.4216,0.504,120,100.1479,26.9615,120,75.7065,75.808,75.5638,0.0567,120,25.6131,25.6352,25.5773,0.0164,120,1006.1156,1006.238,1006.0182,0.0913,120,0,0,0,0,120,0,0,0,0,120,13.5928,13.7689,13.2775,0.2366,120,120,0,0,0,0,0,120,None,None,None,None,0,3.4353,3.4373,3.4336,0.0015,0.5561,0.5564,0.5558,0.0002,0.7571,0.7581,0.7556,0.0006,-0.0001,-0.0001,-0.0001,0,0,0,0,0,0,0,0,0,0,0,0,0,129,284,23,54.7854,0,0,0,0,286.4917,587,55,79.0777,35,46.8333,47,41,23.65,23.68,23.63
2022-11-22 01:30:00,1.3722,2.694,0.4676,0.4338,120,100.2712,30.037,120,75.6195,75.6859,75.5638,0.0255,120,25.5407,25.5773,25.5223,0.0153,120,1006.1133,1006.238,1005.8351,0.0941,120,0,0,0,0,120,0,0,0,0,120,13.5764,13.7689,13.2775,0.2409,120,120,0,0,0,0,0,120,None,None,None,None,0,3.4352,3.4373,3.4306,0.0016,0.5554,0.5558,0.5552,0.0001,0.7562,0.7569,0.7556,0.0003,-0.0001,-0.0001,-0.0001,0,0,0,0,0,0,0,0,0,0,0,0,0,126.325,270,28,47.1486,0,0,0,0,291.7167,982,66,103.8755,35,46.7833,47,41,23.65,23.68,23.63
2022-11-22 01:40:00,1.0832,2.5376,0.3572,0.4984,120,97.5027,44.2429,120,75.488,75.5943,75.4112,0.0505,120,25.5162,25.5376,25.4826,0.0135,120,1006.0778,1006.238,1005.8535,0.0854,120,0,0,0,0,120,0,0,0,0,120,13.5273,13.7689,13.2775,0.2467,120,120,0,0,0,0,0,120,None,None,None,None,0,3.4346,3.4373,3.4309,0.0014,0.5552,0.5554,0.5548,0.0001,0.7549,0.7559,0.7541,0.0005,-0.0001,-0.0001,-0.0001,0,0,0,0,0,0,0,0,0,0,0,0,0,94.9167,253,16,54.1732,0,0,0,0,302.6333,930,27,146.3982,35,46.85,47,41,23.65,23.68,23.63
2022-11-22 01:50:00,1.1536,2.786,0.2192,0.5644,120,99.181,39.3466,120,75.5336,75.5943,75.4418,0.0389,120,25.4777,25.4979,25.446,0.0114,120,1006.0399,1006.2197,1005.8535,0.0382,120,0,0,0,0,120,0,0,0,0,120,13.5642,14.2604,13.2775,0.2515,120,120,0,0,0,0,0,120,None,None,None,None,0,3.434,3.437,3.4309,0.0006,0.5548,0.555,0.5545,0.0001,0.7553,0.7559,0.7544,0.0004,-0.0001,-0.0001,-0.0001,0,0,0,0,0,0,0,0,0,0,0,0,0,102.5667,280,1,61.3459,0,0,0,0,297.7167,909,53,129.3309,35,46.7,49,41,23.65,23.68,23.63
2022-11-22 02:00:00,1.0694,2.5652,0.2468,0.4529,120,91.9733,47.3416,120,75.6188,75.6859,75.5638,0.0267,120,25.4042,25.4521,25.3484,0.0294,120,1006.0518,1006.238,1006.0182,0.0535,120,0,0,0,0,120,0,0,0,0,120,13.4782,13.7689,13.2775,0.2426,120,120,0,0,0,0,0,120,None,None,None,None,0,3.4342,3.4373,3.4336,0.0009,0.554,0.5545,0.5535,0.0003,0.7562,0.7569,0.7556,0.0003,-0.0001,-0.0001,-0.0001,0,0,0,0,0,0,0,0,0,0,0,0,0,93.4167,256,4,49.225,0,0,0,0,290.75,983,65,155.4591,35,46.6667,47,41,23.65,23.68,23.63
2022-11-22 02:10:00,1.3678,2.4732,0.624,0.4395,120,103.4368,30.1041,120,75.7833,75.869,75.6859,0.0593,120,25.3236,25.3575,25.3056,0.0127,120,1006.05,1006.238,1006.0182,0.0503,120,0,0,0,0,120,0,0,0,0,120,13.4904,13.7689,13.2775,0.2446,120,120,0,0,0,0,0,120,None,None,None,None,0,3.4342,3.4373,3.4336,0.0008,0.5532,0.5536,0.5531,0.0001,0.7578,0.7587,0.7569,0.0006,-0.0001,-0.0001,-0.0001,0,0,0,0,0,0,0,0,0,0,0,0,0,125.85,246,45,47.7743,0,0,0,0,302.5,1018,38,106.0953,35,46.7,49,41,23.65,23.68,23.63
2022-11-22 02:20:00,1.1501,2.602,0.3848,0.5028,120,114.6972,38.5111,120,75.8255,75.869,75.7775,0.0219,120,25.3097,25.3239,25.2965,0.0057,120,1006.0219,1006.2197,1005.8351,0.0576,120,0,0,0,0,120,0,0,0,0,120,13.4904,13.7689,13.2775,0.2446,120,120,0,0,0,0,0,120,None,None,None,None,0,3.4337,3.437,3.4306,0.001,0.5531,0.5532,0.553,0.0001,0.7583,0.7587,0.7578,0.0002,-0.0001,-0.0001,-0.0001,0,0,0,0,0,0,0,0,0,0,0,0,0,102.1833,260,19,54.656,0,0,0,0,338.975,850,101,120.7899,35,46.8167,47,41,23.65,23.68,23.63
2022-11-22 02:30:00,1.4528,2.8964,0.5964,0.5011,120,113.527,30.9404,120,75.7932,75.9301,75.6554,0.0764,120,25.3299,25.3514,25.2995,0.0132,120,1006.0656,1006.2197,1005.8535,0.0771,120,0,0,0,0,120,0,0,0,0,120,13.5232,14.2604,13.2775,0.2549,120,120,0,0,0,0,0,120,None,None,None,None,0,3.4344,3.437,3.4309,0.0013,0.5533,0.5535,0.553,0.0001,0.7579,0.7593,0.7566,0.0008,-0.0001,-0.0001,-0.0001,0,0,0,0,0,0,0,0,0,0,0,0,0,135.0917,292,42,54.4621,0,0,0,0,323.875,681,67,90.8957,35,46.8667,49,41,23.65,23.68,23.63
2022-11-22 02:40:00,0.9336,1.7464,0.3388,0.3428,120,98.52,38.9334,120,75.6294,75.7164,75.5638,0.0425,120,25.307,25.3362,25.2568,0.0216,120,1006.0714,1006.238,1006.0182,0.0747,120,0,0,0,0,120,0,0,0,0,120,13.3962,13.7689,13.2775,0.2113,120,120,0,0,0,0,0,120,None,None,None,None,0,3.4345,3.4373,3.4336,0.0012,0.5531,0.5534,0.5526,0.0002,0.7563,0.7572,0.7556,0.0004,-0.0001,-0.0001,-0.0001,0,0,0,0,0,0,0,0,0,0,0,0,0,78.65,167,14,37.2569,0,0,0,0,295.95,998,77,129.4556,35,46.8667,47,41,23.64,23.68,23.63
2022-11-22 02:50:00,0.8217,1.36,0.2284,0.2847,120,100.3484,41.8953,120,75.7541,75.9301,75.5943,0.0948,120,25.1988,25.2568,25.15,0.0301,120,1006.0804,1006.238,1006.0182,0.0793,120,0,0,0,0,120,0,0,0,0,120,13.302,13.7689,10.3271,0.3177,120,120,0,0,0,0,0,120,None,None,None,None,0,3.4347,3.4373,3.4336,0.0013,0.552,0.5526,0.5515,0.0003,0.7575,0.7593,0.7559,0.0009,-0.0001,-0.0001,-0.0001,0,0,0,0,0,0,0,0,0,0,0,0,0,66.4917,125,2,30.9407,0,0,0,0,301.6833,904,0,140.2939,35,46.8,49,41,23.64,23.68,23.63
2022-11-22 03:00:00,0.6472,1.6912,0,0.2785,120,88.304,37.0186,120,76.0862,76.2963,75.8995,0.106,120,25.1061,25.1561,25.0554,0.0278,120,1006.0852,1006.238,1005.8535,0.0853,120,0,0,0,0,120,0,0,0,0,120,13.3594,13.7689,12.786,0.1946,120,120,0,0,0,0,0,120,None,None,None,None,0,3.4348,3.4373,3.4309,0.0014,0.5511,0.5516,0.5505,0.0003,0.7609,0.763,0.759,0.0011,-0.0001,-0.0001,-0.0001,0,0,0,0,0,0,0,0,0,0,0,0,0,47.7167,161,0,29.8917,0,0,0,0,273.025,1013,50,145.6768,35,47.0167,49,47,23.64,23.68,23.63
2022-11-22 03:10:00,0.4355,0.9828,0,0.2154,120,80.7438,48.0287,120,76.415,76.6015,76.2658,0.0996,120,24.9752,25.0584,24.8814,0.05,120,1006.1702,1006.4028,1006.0182,0.0848,120,0,0,0,0,120,0,0,0,0,120,13.3061,13.7689,12.786,0.1721,120,120,0,0,0,0,0,120,None,None,None,None,0,3.4362,3.44,3.4336,0.0014,0.5497,0.5506,0.5488,0.0005,0.7642,0.766,0.7627,0.001,-0.0001,-0.0001,-0.0001,0,0,0,0,0,0,0,0,0,0,0,0,0,26.6,84,0,19.8004,0,0,0,0,303.6083,1004,35,216.9009,34.5,46.7833,47,41,23.65,23.68,23.63
2022-11-22 03:20:00,0.3367,0.854,0,0.1779,120,90.0646,59.6873,120,76.8665,77.1203,76.6015,0.1376,120,24.7814,24.8814,24.68,0.0573,120,1006.1872,1006.4028,1005.9999,0.0785,120,0,0,0,0,120,0,0,0,0,120,13.2693,13.7689,12.786,0.1684,120,120,0,0,0,0,0,120,None,None,None,None,0,3.4365,3.44,3.4333,0.0013,0.5478,0.5488,0.5468,0.0006,0.7687,0.7712,0.766,0.0014,-0.0001,-0.0001,-0.0001,0,0,0,0,0,0,0,0,0,0,0,0,0,16.8167,70,0,14.4838,0,0,0,0,317.65,1015,22,215.2466,34,46.95,47,41,23.64,23.68,23.63
2022-11-22 03:30:00,0.3521,1.1024,0,0.2359,120,108.3023,71.5733,120,77.4275,77.6391,77.0898,0.1447,120,24.6206,24.6831,24.5671,0.031,120,1006.2456,1006.4211,1006.0366,0.0788,120,0,0,0,0,120,0,0,0,0,120,13.3389,13.7689,12.786,0.1864,120,120,0,0,0,0,0,120,None,None,None,None,0,3.4374,3.4404,3.4339,0.0013,0.5462,0.5468,0.5457,0.0003,0.7743,0.7764,0.7709,0.0014,-0.0001,-0.0001,-0.0001,0,0,0,0,0,0,0,0,0,0,0,0,0,19.4417,97,0,20.6201,0,0,0,0,401.1,1019,3,244.789,34,42.4167,47,39,23.66,23.68,23.63
2022-11-22 03:40:00,0.2191,0.5964,0,0.1972,120,146.5292,72.8073,120,77.8736,78.1579,77.6696,0.1408,120,24.5084,24.5793,24.4328,0.0414,120,1006.3013,1006.4211,1006.1831,0.0936,120,0,0,0,0,120,0,0,0,0,120,13.298,13.7689,12.786,0.1611,120,120,0,0,0,0,0,120,None,None,None,None,0,3.4384,3.4404,3.4364,0.0016,0.5451,0.5458,0.5443,0.0004,0.7787,0.7816,0.7767,0.0014,-0.0001,-0.0001,-0.0001,0,0,0,0,0,0,0,0,0,0,0,0,0,10.3083,42,0,11.7701,0,0,0,0,428.1417,979,20,203.8265,34,41.6167,47,41,23.66,23.68,23.63
2022-11-22 03:50:00,0.1655,0.486,0,0.1756,120,229.072,71.4148,120,78.3174,78.5241,78.1579,0.1059,120,24.3432,24.4359,24.2009,0.0697,120,1006.5288,1006.769,1006.3662,0.0919,120,0,0,0,0,120,0,0,0,0,120,13.2611,13.7689,12.786,0.1904,120,120,0,0,0,0,0,120,None,None,None,None,0,3.4421,3.4462,3.4394,0.0015,0.5434,0.5444,0.542,0.0007,0.7832,0.7852,0.7816,0.0011,-0.0001,-0.0001,-0.0001,0,0,0,0,0,0,0,0,0,0,0,0,0,6.7667,30,0,8.6352,0,0,0,0,587.1333,886,233,202.4089,33.4,41.45,47,39,23.66,23.68,23.63
2022-11-22 04:00:00,0.1748,0.7252,0,0.198,120,275.2886,35.5631,120,78.8784,79.2261,78.5241,0.2087,120,24.0254,24.1948,23.8591,0.0949,120,1006.5732,1006.7873,1006.3845,0.0656,120,0,0,0,0,120,0,0,0,0,120,13.2734,13.7689,12.786,0.1494,120,120,0,0,0,0,0,120,None,None,None,None,0,3.4429,3.4465,3.4397,0.0011,0.5403,0.542,0.5386,0.0009,0.7888,0.7923,0.7852,0.0021,-0.0001,-0.0001,-0.0001,0,0,0,0,0,0,0,0,0,0,0,0,0,7.3917,56,0,12.8294,0,0,0,0,767.0083,956,1,123.6489,33,41.4667,47,39,23.66,23.68,23.63
2022-11-22 04:10:00,0.3633,0.808,0,0.1958,120,268.723,34.3752,120,79.6525,80.05,79.2261,0.2544,120,23.6641,23.856,23.4654,0.1094,120,1006.5758,1006.769,1006.3845,0.0506,120,0,0,0,0,120,0,0,0,0,120,13.2283,13.7689,12.786,0.2055,120,120,0,0,0,0,0,120,None,None,None,None,0,3.4429,3.4462,3.4397,0.0008,0.5366,0.5386,0.5346,0.0011,0.7965,0.8005,0.7923,0.0025,-0.0001,-0.0001,-0.0001,0,0,0,0,0,0,0,0,0,0,0,0,0,19.9,65,0,16.0966,0,0,0,0,746.775,1004,24,125.9778,33,41.4,47,39,23.66,23.68,23.63
2022-11-22 04:20:00,0.3764,1.1668,0,0.3135,120,303.1685,42.5738,120,80.6045,81.1182,80.05,0.3116,120,23.3318,23.4654,23.1999,0.0729,120,1006.6526,1006.7873,1006.4028,0.092,120,0,0,0,0,120,0,0,0,0,120,13.1669,13.7689,12.786,0.2157,120,120,0,0,0,0,0,120,None,None,None,None,0,3.4442,3.4465,3.44,0.0015,0.5333,0.5346,0.532,0.0007,0.806,0.8112,0.8005,0.0031,-0.0001,-0.0001,-0.0001,0,0,0,0,0,0,0,0,0,0,0,0,0,24.55,104,0,27.098,0,0,0,0,771.3167,997,34,221.9744,33,41.5333,47,39,23.65,23.68,23.63
2022-11-22 04:30:00,0.2245,0.6424,0,0.1711,120,266.6142,49.019,120,81.564,82.0338,81.0572,0.289,120,23.0826,23.1968,22.9923,0.0579,120,1006.7048,1006.7873,1006.5676,0.0861,120,0,0,0,0,120,0,0,0,0,120,13.1956,13.7689,12.786,0.1946,120,120,0,0.0636,0.6104,0,0.1365,120,None,None,None,None,0,3.4451,3.4465,3.4428,0.0014,0.5308,0.532,0.5299,0.0006,0.8156,0.8203,0.8106,0.0029,-0.0001,-0.0001,-0.0001,0,0,0,0,0,0,0,0,0,0.0001,0.0006,0,0.0001,8.8,47,0,10.1936,0,0,0,0,732.3833,1004,59,159.2279,33,41.5167,47,39,23.65,23.68,23.63
2022-11-22 04:40:00,0.2849,0.7804,0,0.2525,120,276.3765,44.0081,120,82.4549,82.8578,82.0338,0.2418,120,22.9398,23.0015,22.8703,0.0351,120,1006.8166,1006.9704,1006.5859,0.0876,120,0.7188,2.6433,0,0.8614,120,0.7845,2.9304,0,0.8526,120,13.2693,13.7689,12.786,0.2112,120,120,0,1.7218,3.6622,0.3052,0.9818,120,None,None,None,None,0,3.4469,3.4495,3.4431,0.0015,0.5294,0.53,0.5287,0.0003,0.8245,0.8286,0.8203,0.0024,-0.0001,-0.0001,-0.0001,0,0,0,0,0,0,0,0,0,0.0017,0.0037,0.0003,0.001,16.325,62,0,19.0634,0,0,0,0,770.7083,1009,208,132.9319,33,41.4833,47,39,23.65,23.68,23.63
2022-11-22 04:50:00,0.398,1.1944,0,0.2701,120,274.6609,59.5476,120,83.2761,83.5902,82.8272,0.2129,120,22.8228,22.8764,22.7879,0.0219,120,1006.9388,1007.1535,1006.7507,0.065,120,7.3393,13.4567,2.6433,3.2291,120,7.248,13.1897,2.9304,3.088,120,13.4249,14.2604,12.786,0.2892,120,120,0,7.416,12.5126,3.6622,2.5713,120,89.38,90,88.74,0.43,77,3.449,3.4526,3.4458,0.0011,0.5282,0.5288,0.5279,0.0002,0.8328,0.8359,0.8283,0.0021,-0.0001,-0.0001,-0.0001,0,0.0001,0.0002,0,0,0.0001,0.0001,0,0,0.0074,0.0125,0.0037,0.0026,24.625,107,0,23.9832,0,0,0,0,697.2833,1012,80,216.147,33,41.75,47,39,23.65,23.68,23.63
2022-11-22 05:00:00,0.2351,0.8724,0,0.2428,120,275.1159,42.7367,120,83.9793,84.3226,83.6207,0.2073,120,22.8071,22.9038,22.7726,0.0338,120,1006.9541,1007.1718,1006.7324,0.0521,120,19.7249,24.511,13.4567,3.2953,120,25.5268,38.102,13.1897,8.1136,120,89.6434,169.1653,13.7689,58.4737,120,120,0,17.4464,21.6681,12.5126,2.6972,120,87.46,88.74,86.21,0.68,120,3.4492,3.4529,3.4455,0.0009,0.5281,0.529,0.5277,0.0003,0.8398,0.8432,0.8362,0.0021,-0.0006,-0.0001,-0.001,0.0004,0.0003,0.0003,0.0002,0,0.0002,0.0003,0.0001,0.0001,0.0174,0.0217,0.0125,0.0027,12.2417,72,0,18.2803,0,0,0,0,736.5833,1001,4,180.4322,33,41.7,47,39,23.65,23.68,23.63
2022-11-22 05:10:00,0.3447,0.9736,0,0.2122,120,263.7644,36.8368,120,84.3951,84.5363,84.2311,0.0842,120,23.1537,23.3616,22.9069,0.1477,120,1006.9909,1007.1535,1006.769,0.0904,120,30.1741,38.689,24.9913,3.453,120,48.1652,66.3133,37.7359,6.9699,120,183.9627,245.8798,132.7747,30.2557,120,120,0,26.101,32.3496,21.6681,2.7282,120,85.13,86.21,83.93,0.68,120,3.4498,3.4526,3.4462,0.0015,0.5315,0.5336,0.5291,0.0015,0.844,0.8454,0.8423,0.0008,-0.0011,-0.0008,-0.0015,0.0002,0.0004,0.0005,0.0003,0,0.0004,0.0006,0.0003,0.0001,0.0261,0.0323,0.0217,0.0027,19.0167,83,0,16.8159,0,0,0,0,743.475,950,324,108.254,33,41.6667,47,39,23.65,23.68,23.63
2022-11-22 05:20:00,0.4201,1.038,0,0.2609,120,273.1357,50.3173,120,84.4704,84.7499,84.2006,0.1246,120,23.5643,23.8682,23.3677,0.1483,120,1007.1358,1007.3366,1006.9338,0.0577,120,45.1951,56.7118,38.689,4.1966,120,87.4705,112.1092,59.7179,13.0448,120,313.4752,362.4251,177.0335,45.1073,120,120,0,38.4432,51.8815,32.3496,4.9547,120,82.79,83.93,81.65,0.69,120,3.4523,3.4556,3.4489,0.001,0.5356,0.5387,0.5337,0.0015,0.8447,0.8475,0.842,0.0012,-0.0019,-0.0011,-0.0022,0.0003,0.0006,0.0007,0.0005,0.0001,0.0007,0.0009,0.0005,0.0001,0.0384,0.0519,0.0323,0.005,26.075,90,0,23.8842,0,0,0,0,715.175,1005,19,199.4458,33,41.6833,47,39,23.65,23.68,23.63
2022-11-22 05:30:00,0.5623,1.1116,0,0.2262,120,289.9646,39.013,120,83.9997,84.5668,83.6207,0.2884,120,24.0327,24.1307,23.8713,0.0692,120,1007.1863,1007.355,1007.1169,0.0744,120,68.8368,73.052,56.7118,3.9907,120,82.8206,126.7635,69.2437,18.7302,120,94.7128,382.0964,14.7535,133.4951,120,120,0,61.4948,65.0044,52.4918,2.5278,120,80.46,81.65,79.37,0.68,120,3.4531,3.4559,3.4519,0.0012,0.5403,0.5413,0.5387,0.0007,0.84,0.8457,0.8362,0.0029,-0.0006,-0.0001,-0.0024,0.0008,0.0009,0.0009,0.0007,0.0001,0.0007,0.0011,0.0006,0.0002,0.0615,0.065,0.0525,0.0025,38.4833,98,0,24.1991,0,0,0,0,792.0667,1012,37,157.3226,33,41.7833,47,41,23.65,23.68,23.63
2022-11-22 05:40:00,0.5278,1.2864,0,0.2233,120,238.458,38.946,120,84.5726,85.2077,84.109,0.2936,120,23.8484,23.9445,23.7919,0.0397,120,1007.3186,1007.5198,1007.1352,0.0792,120,95.4725,151.3913,72.0913,23.0176,120,123.4082,268.1813,72.1741,66.7767,120,136.7087,500.1176,15.7364,193.2495,120,120,0,93.9334,178.2281,61.9526,36.6239,120,78.11,79.37,76.83,0.68,120,3.4553,3.4587,3.4523,0.0013,0.5385,0.5394,0.5379,0.0004,0.8457,0.8521,0.8411,0.0029,-0.0008,-0.0001,-0.0031,0.0012,0.0012,0.0019,0.0009,0.0003,0.001,0.0022,0.0006,0.0006,0.0939,0.1782,0.062,0.0366,35.1167,117,0,23.1445,0,0,0,0,668.6917,936,256,116.1369,33,41.7833,47,41,23.65,23.68,23.63
2022-11-22 05:50:00,0.5249,1.13,0,0.2878,120,277.8453,50.8095,120,85.0164,85.6044,83.8954,0.5249,120,24.4345,25.0371,23.8438,0.3793,120,1007.4032,1007.5198,1007.3183,0.0825,120,128.6063,168.4528,99.726,26.8049,120,236.6222,295.2929,114.6735,63.0393,120,421.2646,560.1128,23.1131,194.7383,120,120,0,158.6149,201.4222,96.7437,35.6162,120,75.77,76.83,74.55,0.68,120,3.4567,3.4587,3.4553,0.0014,0.5443,0.5504,0.5384,0.0038,0.8502,0.856,0.839,0.0052,-0.0026,-0.0001,-0.0035,0.0012,0.0016,0.0021,0.0013,0.0003,0.002,0.0025,0.001,0.0005,0.1586,0.2014,0.0967,0.0356,35.5583,100,0,29.2241,0,0,0,0,750.7667,992,34,173.745,33,41.6333,47,39,23.65,23.68,23.63
2022-11-22 06:00:00,0.6948,1.4796,0.2284,0.2649,120,288.8373,48.5845,120,83.9249,84.7194,83.1935,0.45,120,25.0027,25.1744,24.9211,0.0605,120,1007.5575,1007.7029,1007.3183,0.0911,120,102.5654,112.7024,86.5094,6.0865,120,215.8767,300.0564,114.6735,77.4554,120,361.979,608.3049,23.1131,253.3365,120,120,0,144.6145,191.0459,93.0814,38.1612,120,73.42,74.55,72.26,0.69,120,3.4593,3.4617,3.4553,0.0015,0.55,0.5517,0.5492,0.0006,0.8392,0.8472,0.8319,0.0045,-0.0022,-0.0001,-0.0038,0.0016,0.0013,0.0014,0.0011,0.0001,0.0018,0.0025,0.001,0.0006,0.1446,0.191,0.0931,0.0382,52.7,138,2,28.7968,0,0,0,0,754.275,1016,1,206.8301,33,41.6667,47,41,23.65,23.68,23.63
2022-11-22 06:10:00,0.6689,1.5992,0,0.3499,120,289.4857,50.6834,120,83.8494,84.8415,83.3155,0.4396,120,25.6349,26.0198,25.1897,0.2337,120,1007.5726,1007.7029,1007.4831,0.0876,120,87.2621,97.8032,76.6567,7.2861,120,239.2327,329.7323,104.4154,75.511,120,439.4515,650.1047,28.0309,233.5149,120,120,0,153.8692,212.714,79.0429,42.4558,120,71.08,72.26,69.97,0.69,120,3.4595,3.4617,3.4581,0.0015,0.5564,0.5602,0.5519,0.0023,0.8385,0.8484,0.8332,0.0044,-0.0027,-0.0002,-0.004,0.0014,0.0011,0.0012,0.001,0.0001,0.002,0.0027,0.0009,0.0006,0.1539,0.2127,0.079,0.0425,50.45,151,0,37.089,0,0,0,0,788.0167,1020,5,172.9523,33,41.4667,47,39,23.65,23.68,23.63
2022-11-22 06:20:00,0.6466,1.3416,0,0.2535,120,267.2249,42.7119,120,82.9152,83.4376,82.5526,0.2268,120,25.9431,26.1205,25.6566,0.137,120,1007.6708,1007.7029,1007.5014,0.0555,120,113.9798,250.8764,81.9433,46.5295,120,140.4718,515.4802,85.3637,88.5242,120,74.0137,654.5295,14.2604,119.6588,120,120,0,115.6524,411.0843,68.9718,74.6124,120,68.73,69.97,67.68,0.68,120,3.4612,3.4617,3.4584,0.0009,0.5594,0.5612,0.5566,0.0014,0.8292,0.8344,0.8255,0.0023,-0.0005,-0.0001,-0.0041,0.0007,0.0014,0.0032,0.001,0.0006,0.0012,0.0043,0.0007,0.0007,0.1157,0.4111,0.069,0.0746,47.6417,123,0,27.1426,0,0,0,0,730.925,998,42,154.3774,33,41.65,47,39,23.66,23.68,23.63
2022-11-22 06:30:00,0.9494,2.9332,0,0.6156,120,217.4734,69.8032,120,83.5251,84.7194,82.5526,0.6618,120,26.0681,26.7583,25.5834,0.396,120,1007.8047,1007.9043,1007.6846,0.0893,120,248.6318,294.852,210.5055,30.3784,120,488.0336,572.2677,231.9112,102.1921,120,556.5718,696.8208,42.7828,210.7222,120,120,0,387.0408,458.9984,194.4029,76.9013,120,66.38,67.43,65.14,0.68,120,3.4634,3.4651,3.4614,0.0015,0.5607,0.5676,0.5558,0.004,0.8353,0.8472,0.8255,0.0066,-0.0035,-0.0003,-0.0043,0.0013,0.0032,0.0037,0.0027,0.0004,0.0041,0.0048,0.0019,0.0009,0.387,0.459,0.1944,0.0769,81.325,296,0,65.5756,0,0,0,0,582.8583,1012,39,206.1928,33,41.5,47,39,23.65,23.68,23.63
2022-11-22 06:40:00,1.7822,3.9544,0.348,0.8204,120,94.4569,45.9466,120,81.6134,82.4915,79.928,0.7766,120,27.3285,27.7288,26.7614,0.311,120,1007.884,1008.0874,1007.6846,0.0744,120,196.9405,239.1016,133.3685,36.1544,120,505.43,567.5054,147.2797,73.5489,120,653.0752,738.1292,30.4882,154.9809,120,120,0,392.5672,440.6873,117.1911,56.7803,120,64.03,65.14,62.85,0.69,120,3.4647,3.4681,3.4614,0.0012,0.5733,0.5773,0.5676,0.0031,0.8161,0.8249,0.7993,0.0078,-0.0041,-0.0002,-0.0046,0.001,0.0025,0.003,0.0017,0.0005,0.0042,0.0047,0.0012,0.0006,0.3926,0.4407,0.1172,0.0568,170.8917,407,15,89.1695,0,0,0,0,298.0417,966,46,156.5568,33,41.5333,47,39,23.66,23.68,23.63
2022-11-22 06:50:00,1.4321,3.8808,0.2652,0.79,120,65.9776,55.8275,120,78.7029,79.8975,77.7306,0.4854,120,27.457,27.7227,27.3077,0.1301,120,1007.9687,1008.1057,1007.8677,0.0965,120,173.6211,228.2882,129.7638,34.5086,120,180.0091,230.4454,135.9232,32.1571,120,20.5186,60.9781,14.2604,8.7593,120,120,0,156.4633,214.2399,108.3407,36.4009,120,61.69,62.85,60.56,0.69,120,3.4661,3.4684,3.4645,0.0016,0.5746,0.5772,0.5731,0.0013,0.787,0.799,0.7773,0.0049,-0.0001,-0.0001,-0.0004,0.0001,0.0022,0.0029,0.0016,0.0004,0.0015,0.0019,0.0011,0.0003,0.1565,0.2142,0.1083,0.0364,132.8417,399,6,85.8726,0,0,0,0,279.525,1021,7,231.2259,33,41.3833,47,39,23.66,23.68,23.63
2022-11-22 07:00:00,1.6012,3.6232,0.44,0.7269,120,73.2421,42.2749,120,76.338,77.6696,74.984,0.6865,120,27.3488,27.4328,27.271,0.0481,120,1008.0313,1008.1057,1007.886,0.0873,120,223.7303,247.0315,202.5756,13.2116,120,278.4585,622.4598,208.8307,109.0571,120,108.9901,714.0332,14.2604,185.4777,120,120,0,252.6551,524.0028,196.234,86.191,120,59.35,60.56,58.28,0.68,120,3.4672,3.4684,3.4648,0.0015,0.5735,0.5743,0.5727,0.0005,0.7634,0.7767,0.7498,0.0069,-0.0007,-0.0001,-0.0044,0.0012,0.0028,0.0031,0.0026,0.0002,0.0023,0.0052,0.0017,0.0009,0.2527,0.524,0.1962,0.0862,151.2167,371,25,79.0081,0,0,0,0,251.8917,948,31,172.2474,33.2,41.9,47,39,23.66,23.68,23.63
2022-11-22 07:10:00,1.9923,3.5128,0.6516,0.7263,120,71.9105,40.4576,120,74.5951,74.8924,74.3431,0.1265,120,27.1611,27.3656,27.0727,0.0881,120,1008.0773,1008.1057,1007.886,0.0509,120,298.2683,360.9354,241.5047,36.2492,120,305.4659,384.6867,243.2689,42.4475,120,23.0308,56.0603,14.2604,11.8063,120,120,0,284.346,350.9629,229.4992,36.2626,120,57,58.28,55.75,0.68,120,3.468,3.4684,3.4648,0.0008,0.5716,0.5737,0.5707,0.0009,0.746,0.7489,0.7434,0.0013,-0.0001,-0.0001,-0.0003,0.0001,0.0038,0.0046,0.0031,0.0005,0.0025,0.0032,0.002,0.0004,0.2843,0.351,0.2295,0.0363,193.725,359,48,78.9464,0,0,0,0,231.8333,1014,10,148.5279,34,41.45,47,39,23.66,23.68,23.63
2022-11-22 07:20:00,1.9302,3.8624,0.6332,0.7537,120,103.1344,41.1908,120,73.384,74.7093,72.3899,0.6207,120,27.3153,27.4053,27.1825,0.0615,120,1008.1932,1008.3071,1008.0691,0.0952,120,368.0144,379.9197,358.7724,6.5203,120,386.98,483.9736,368.9328,20.893,120,39.2751,184.9017,15.7364,30.7857,120,120,0,352.1455,440.6873,336.314,18.3296,120,54.66,55.75,53.47,0.68,120,3.4699,3.4718,3.4678,0.0016,0.5732,0.574,0.5718,0.0006,0.7338,0.7471,0.7239,0.0062,-0.0002,-0.0001,-0.0011,0.0002,0.0047,0.0048,0.0046,0.0001,0.0032,0.004,0.0031,0.0002,0.3521,0.4407,0.3363,0.0183,186.9833,397,46,81.9249,0,0,0,0,311.0833,1012,57,141.2688,34,41.55,47,39,23.66,23.68,23.63
2022-11-22 07:30:00,1.7443,4.0832,0.6056,0.7736,120,85.1799,46.6769,120,71.7912,72.573,70.5283,0.6974,120,27.4916,27.6128,27.3504,0.0948,120,1008.2585,1008.4719,1008.0691,0.0816,120,372.8905,401.7866,335.9441,23.9511,120,381.173,409.2341,341.4562,23.9288,120,20.7439,44.2588,14.7535,5.9365,120,120,0,348.7833,373.2414,314.3406,20.5019,120,52.33,53.47,51.2,0.68,120,3.471,3.4745,3.4678,0.0014,0.5749,0.5761,0.5735,0.0009,0.7179,0.7257,0.7053,0.007,-0.0001,-0.0001,-0.0003,0,0.0047,0.0051,0.0043,0.0003,0.0032,0.0034,0.0028,0.0002,0.3488,0.3732,0.3143,0.0205,166.775,421,43,84.0912,0,0,0,0,289.5333,992,72,181.193,34,41.55,47,39,23.66,23.68,23.63
2022-11-22 07:40:00,1.7926,3.6508,0.624,0.6694,120,77.2709,46.9069,120,70.5265,70.9555,70.0705,0.2256,120,27.4012,27.4908,27.3626,0.0335,120,1008.2394,1008.3254,1008.0874,0.0896,120,363.1562,377.7567,344.1142,8.5533,120,368.7531,382.1224,348.4166,8.0821,120,16.5764,24.5875,14.7535,1.7451,120,120,0,348.2136,358.8977,322.5807,8.1763,120,50,51.2,48.93,0.68,120,3.4707,3.4721,3.4681,0.0015,0.574,0.5749,0.5736,0.0003,0.7053,0.7096,0.7007,0.0023,-0.0001,-0.0001,-0.0002,0,0.0046,0.0048,0.0044,0.0001,0.0031,0.0032,0.0029,0.0001,0.3482,0.3589,0.3226,0.0082,172.025,374,45,72.7619,0,0,0,0,260.3333,1018,17,176.8515,34.1,41.4167,47,39,23.66,23.68,23.63
2022-11-22 07:50:00,2.148,3.6324,0.7988,0.7167,120,90.9005,31.8642,120,69.5568,70.6198,68.9413,0.3702,120,27.5189,27.5549,27.4663,0.0213,120,1008.3593,1008.5086,1008.1057,0.0937,120,364.6201,384.9661,342.9126,15.4984,120,369.0951,389.8163,347.6843,15.6662,120,15.3105,17.7038,14.2604,0.5405,120,120,0,350.8077,368.3584,332.0414,13.3211,120,47.68,48.93,46.42,0.67,120,3.4727,3.4751,3.4684,0.0016,0.5752,0.5756,0.5747,0.0002,0.6956,0.7062,0.6894,0.0037,-0.0001,-0.0001,-0.0001,0,0.0046,0.0049,0.0044,0.0002,0.0031,0.0032,0.0029,0.0001,0.3508,0.3684,0.332,0.0133,210.65,372,64,77.8969,0,0,0,0,269.8833,934,44,110.0817,35,41.7333,47,39,23.66,23.68,23.63
2022-11-22 08:00:00,2.0292,3.9728,0.532,0.8872,120,78.3923,40.462,120,68.9461,69.4296,68.453,0.2492,120,27.5175,27.5915,27.4511,0.0382,120,1008.4236,1008.5086,1008.2888,0.088,120,360.2546,380.4,351.3236,8.4232,120,364.2895,384.3205,355.3782,8.9862,120,14.7529,15.7364,13.7689,0.4328,120,120,0,346.1689,362.8651,337.8399,7.4081,120,45.36,46.42,44.16,0.67,120,3.4737,3.4751,3.4715,0.0015,0.5752,0.5759,0.5745,0.0004,0.6895,0.6943,0.6845,0.0025,-0.0001,-0.0001,-0.0001,0,0.0046,0.0048,0.0045,0.0001,0.003,0.0032,0.003,0.0001,0.3462,0.3629,0.3378,0.0074,197.7417,409,35,96.4359,0,0,0,0,255.925,1016,7,160.0581,35,41.7167,47,39,23.66,23.68,23.63
2022-11-22 08:10:00,1.8895,3.5864,0.5136,0.7368,120,76.6036,40.6963,120,68.8691,69.3075,68.3309,0.2538,120,27.6157,27.6952,27.5152,0.0397,120,1008.4095,1008.5086,1008.3071,0.0888,120,376.451,408.7559,349.8811,20.956,120,381.2218,415.4622,354.6447,21.0567,120,15.294,16.2278,14.2604,0.5386,120,120,0,364.1036,396.7406,339.671,19.7997,120,43.06,44.16,41.92,0.67,120,3.4735,3.4751,3.4718,0.0015,0.5762,0.5769,0.5752,0.0004,0.6887,0.6931,0.6833,0.0025,-0.0001,-0.0001,-0.0001,0,0.0048,0.0052,0.0044,0.0003,0.0032,0.0035,0.003,0.0002,0.3641,0.3967,0.3397,0.0198,182.55,367,33,80.0842,0,0,0,0,241.3333,991,29,145.5548,35.2,44.9167,47,39,23.66,23.68,23.63
2022-11-22 08:20:00,2.033,3.384,0.7528,0.5993,120,76.3717,31.5185,120,68.4131,68.6972,68.0563,0.1432,120,27.6159,27.6861,27.5762,0.0232,120,1008.4172,1008.5086,1008.2888,0.0898,120,390.5428,466.4283,355.1685,39.03,120,398.2519,475.1801,359.7743,40.6802,120,16.2693,24.5875,14.2604,2.467,120,120,0,381.9468,456.2517,345.1643,39.5581,120,40.77,41.92,39.69,0.67,120,3.4736,3.4751,3.4715,0.0015,0.5762,0.5769,0.5758,0.0002,0.6841,0.687,0.6806,0.0014,-0.0001,-0.0001,-0.0002,0,0.005,0.0059,0.0045,0.0005,0.0033,0.004,0.003,0.0003,0.3819,0.4563,0.3452,0.0396,198.15,345,59,65.1367,0,0,0,0,220.9917,600,25,93.6389,36,46.6167,47,41,23.66,23.68,23.63
2022-11-22 08:30:00,1.9363,3.8532,0.5596,0.7618,120,79.1931,43.682,120,68.3905,68.8803,67.9647,0.1955,120,27.668,27.7838,27.5945,0.0628,120,1008.4693,1008.6734,1008.3071,0.07,120,427.197,475.5598,311.6732,55.1621,120,435.3101,489.8343,320.2065,56.5437,120,16.5642,26.5549,14.2604,2.2129,120,120,0,418.5842,466.628,313.1199,51.208,120,38.49,39.69,37.47,0.66,120,3.4745,3.4779,3.4718,0.0012,0.5767,0.5778,0.5759,0.0006,0.6839,0.6888,0.6796,0.002,-0.0001,-0.0001,-0.0002,0,0.0054,0.006,0.004,0.0007,0.0036,0.0041,0.0027,0.0005,0.4186,0.4666,0.3131,0.0512,187.6417,396,38,82.8015,0,0,0,0,270.6667,972,40,173.4438,36,46.7,49,41,23.66,23.68,23.63
2022-11-22 08:40:00,1.3265,2.878,0.2652,0.5937,120,93.6711,44.4318,120,68.3821,68.8192,68.0258,0.1795,120,27.8073,27.9028,27.7654,0.0346,120,1008.5237,1008.71,1008.3071,0.0601,120,327.9278,346.9976,299.4181,13.8375,120,335.6517,353.9124,308.8487,13.435,120,14.995,15.7364,14.2604,0.3187,120,120,0,332.6721,352.4888,303.354,14.9386,120,36.22,37.23,35.03,0.65,120,3.4754,3.4785,3.4718,0.001,0.5781,0.579,0.5776,0.0003,0.6838,0.6882,0.6803,0.0018,-0.0001,-0.0001,-0.0001,0,0.0042,0.0044,0.0038,0.0002,0.0028,0.0029,0.0026,0.0001,0.3327,0.3525,0.3034,0.0149,121.3583,290,6,64.5281,0,0,0,0,298.4417,954,26,159.8105,36.7,46.55,49,41,23.67,23.68,23.63
2022-11-22 08:50:00,1.5607,3.3932,0.3572,0.7646,120,115.9882,61.7044,120,68.3889,68.9108,67.8121,0.3544,120,28.0683,28.1591,27.9089,0.0684,120,1008.4631,1008.6917,1008.3254,0.08,120,284.8735,309.2701,224.4433,21.9382,120,292.6583,316.5426,230.4454,22.5513,120,14.8228,15.7364,14.2604,0.3999,120,120,0,286.2229,309.1525,227.6681,21.0734,120,33.98,35.03,32.85,0.65,120,3.4744,3.4782,3.4721,0.0013,0.5807,0.5816,0.5791,0.0007,0.6839,0.6891,0.6781,0.0035,-0.0001,-0.0001,-0.0001,0,0.0036,0.0039,0.0029,0.0003,0.0024,0.0026,0.0019,0.0002,0.2862,0.3092,0.2277,0.0211,146.8167,346,16,83.1066,0,0,0,0,347.3083,1021,29,185.1262,37,46.7,49,41,23.67,23.68,23.63
2022-11-22 09:00:00,2.4505,3.9268,0.7068,0.6205,120,100.5929,30.1529,120,68.1033,68.9413,67.3849,0.3912,120,27.5742,27.9608,27.3077,0.2172,120,1008.3955,1008.5269,1008.3071,0.0856,120,181.9616,223.722,119.911,33.2363,120,186.3382,229.7131,124.5654,34.1218,120,13.9001,14.7535,13.2775,0.3234,120,120,0,186.9742,227.0577,130.0088,31.8989,120,31.76,32.85,30.7,0.65,120,3.4733,3.4754,3.4718,0.0014,0.5757,0.5796,0.5731,0.0022,0.681,0.6894,0.6738,0.0039,-0.0001,-0.0001,-0.0001,0,0.0023,0.0028,0.0015,0.0004,0.0016,0.0019,0.001,0.0003,0.187,0.2271,0.13,0.0319,243.5333,404,54,67.4403,0,0,0,0,300.8417,994,121,112.922,37,46.95,49,41,23.67,23.68,23.63
2022-11-22 09:10:00,2.5511,4.9756,0.5136,1.0937,120,81.7645,38.9941,120,69.6354,71.9016,68.4225,0.9783,120,26.785,27.3168,26.1174,0.4151,120,1008.563,1008.71,1008.3254,0.0943,120,130.8251,179.5063,104.5323,18.5202,120,132.3812,182.0852,111.3757,17.7292,120,12.5112,14.2604,9.3442,1.0587,120,120,0,143.6354,192.877,121.1585,18.5404,120,29.57,30.7,28.58,0.63,120,3.4761,3.4785,3.4721,0.0016,0.5678,0.5732,0.5612,0.0042,0.6964,0.719,0.6842,0.0098,-0.0001,-0.0001,-0.0001,0,0.0017,0.0023,0.0013,0.0002,0.0011,0.0015,0.0009,0.0001,0.1436,0.1929,0.1212,0.0185,254.4667,518,33,118.8755,0,0,0,0,249.1,1010,27,134.6489,37,46.8167,49,41,23.68,23.68,23.63
2022-11-22 09:20:00,1.3525,2.602,0.5688,0.3888,120,119.8835,31.8991,120,73.9769,75.7164,71.9626,1.2208,120,25.9291,26.1144,25.8183,0.0867,120,1008.6428,1008.7283,1008.4902,0.0911,120,266.4723,300.3787,181.6693,35.9553,120,269.1925,302.2545,183.9172,36.4465,120,14.2938,15.2449,12.786,0.5172,120,120,0.2,274.9362,304.2695,194.7081,33.3608,120,27.41,28.58,26.28,0.62,120,3.4774,3.4788,3.4748,0.0015,0.5593,0.5611,0.5582,0.0009,0.7398,0.7572,0.7196,0.0122,-0.0001,-0.0001,-0.0001,0,0.0034,0.0038,0.0023,0.0005,0.0022,0.0025,0.0015,0.0003,0.2749,0.3043,0.1947,0.0334,124.1833,260,39,42.2603,0.0167,1,0,0.1286,344.1333,843,134,97.3219,37,46.8,49,41,23.67,23.68,23.63
2022-11-22 09:30:00,1.1923,2.4824,0.2928,0.5495,120,161.0876,43.1059,120,76.9328,78.3105,75.7164,0.646,120,25.9233,26.0167,25.8519,0.0411,120,1008.6317,1008.7283,1008.4902,0.0937,120,349.9696,416.2055,298.2165,41.0186,120,354.7914,424.2545,300.0564,42.5614,120,14.8639,15.7364,14.2604,0.3576,120,120,0,351.0315,408.6428,303.354,36.341,120,25.31,26.28,24.25,0.61,120,3.4772,3.4788,3.4748,0.0016,0.5592,0.5602,0.5585,0.0004,0.7693,0.7831,0.7572,0.0065,-0.0001,-0.0001,-0.0001,0,0.0044,0.0053,0.0038,0.0005,0.003,0.0035,0.0025,0.0004,0.351,0.4086,0.3034,0.0363,106.7667,247,9,59.7334,0,0,0,0,451.3833,748,73,124.4148,37,46.85,49,41,23.67,23.68,23.63
2022-11-22 09:40:00,1.1712,1.9488,0.3756,0.3369,120,130.0395,34.8319,120,78.7014,79.4397,77.9138,0.4695,120,26.3337,26.737,25.9557,0.221,120,1008.5171,1008.71,1008.3254,0.0318,120,583.6965,759.1181,417.1661,128.7638,120,618.3814,898.3361,425.3541,160.8502,120,36.7549,140.1515,14.7535,30.3879,120,120,0,582.7789,835.2916,409.5584,145.3094,120,23.27,24.25,22.3,0.59,120,3.4753,3.4785,3.4721,0.0005,0.5633,0.5674,0.5596,0.0022,0.787,0.7944,0.7791,0.0047,-0.0002,-0.0001,-0.0009,0.0002,0.0074,0.0096,0.0053,0.0016,0.0052,0.0075,0.0035,0.0013,0.5828,0.8353,0.4096,0.1453,104.475,189,18,36.6156,0,0,0,0,368.6,578,169,98.5746,37,46.7833,47,41,23.67,23.68,23.63
2022-11-22 09:50:00,1.1838,2.4916,0.2192,0.5775,120,148.2108,57.7734,120,78.8235,80.4163,76.693,1.1447,120,27.4127,27.7746,26.7431,0.3007,120,1008.4886,1008.71,1008.3254,0.0667,120,665.5939,749.0252,542.8449,74.2107,120,748.1492,958.4202,546.988,144.592,120,86.9018,207.5218,15.7364,64.0492,120,120,0,697.7345,885.9523,514.8473,129.9465,120,21.31,22.3,20.42,0.56,120,3.4748,3.4785,3.4721,0.0011,0.5741,0.5777,0.5674,0.003,0.7882,0.8042,0.7669,0.0114,-0.0005,-0.0001,-0.0013,0.0004,0.0085,0.0095,0.0069,0.0009,0.0062,0.008,0.0046,0.0012,0.6977,0.886,0.5148,0.1299,105.85,248,1,62.7745,0,0,0,0,423.1167,892,97,165.0385,37,46.8667,47,41,23.68,23.68,23.63
2022-11-22 10:00:00,0.9235,2.8504,0,0.6631,120,131.9619,63.0532,120,78.1365,79.5007,75.8995,0.9939,120,27.9252,28.1652,27.5518,0.1856,120,1008.33,1008.5269,1008.1423,0.0672,120,607.032,652.4236,544.5268,26.7092,120,627.3422,696.467,550.6519,31.4249,120,30.1693,85.0741,16.7193,11.9335,120,120,0,596.9802,659.505,518.2043,32.1823,120,19.44,20.42,18.48,0.52,120,3.4722,3.4754,3.469,0.0011,0.5793,0.5817,0.5755,0.0019,0.7814,0.795,0.759,0.0099,-0.0002,-0.0001,-0.0005,0.0001,0.0077,0.0083,0.0069,0.0003,0.0052,0.0058,0.0046,0.0003,0.597,0.6595,0.5182,0.0322,77.7417,287,0,71.8333,0,0,0,0,397.6917,1021,84,182.268,38,46.9167,49,45,23.68,23.68,23.63
2022-11-22 10:10:00,1.7395,3.8256,0.3756,0.7474,120,119.7828,45.4723,120,76.2782,78.28,75.1671,0.7587,120,28.1902,28.3544,28.0767,0.092,120,1008.1774,1008.3621,1007.9409,0.1099,120,622.057,711.2976,487.5756,62.4181,120,970.8677,1354.0984,669.7215,180.3663,120,349.3122,820.253,56.0603,204.2592,120,120,0,896.0946,1257.3626,635.3954,163.8307,120,17.72,18.48,16.88,0.48,120,3.4696,3.4727,3.4657,0.0018,0.5819,0.5835,0.5808,0.0009,0.7628,0.7828,0.7517,0.0076,-0.0022,-0.0003,-0.0051,0.0013,0.0079,0.009,0.0062,0.0008,0.0081,0.0113,0.0056,0.0015,0.8961,1.2574,0.6354,0.1638,166.25,393,18,81.2419,0,0,0,0,339.5,638,13,129.8517,38,46.55,47,41,23.68,23.68,23.63
2022-11-22 10:20:00,1.4666,2.9056,0.2376,0.6566,120,58.5249,53.9487,120,74.1704,76.2963,72.6341,0.8976,120,28.2979,28.4094,28.1713,0.0707,120,1007.9469,1008.1606,1007.7578,0.0928,120,559.47,675.252,482.2882,52.181,120,974.6994,1311.9664,536.3637,227.3115,120,397.1438,784.8453,25.079,222.8836,120,120,0,895.1969,1205.4811,487.991,211.6621,120,16.17,16.88,15.48,0.42,120,3.4658,3.4693,3.4626,0.0015,0.583,0.5841,0.5817,0.0007,0.7417,0.763,0.7263,0.009,-0.0025,-0.0002,-0.0049,0.0014,0.0071,0.0086,0.0061,0.0007,0.0081,0.0109,0.0045,0.0019,0.8952,1.2055,0.488,0.2117,136.5917,293,3,71.3657,0,0,0,0,299.425,1022,5,277.1591,38,46.7,47,41,23.68,23.68,23.63
2022-11-22 10:30:00,2.3443,5.0032,0.6792,0.8947,120,87.2818,40.6866,120,71.883,73.0003,70.8029,0.5111,120,28.3585,28.4185,28.2812,0.0395,120,1007.7981,1007.9775,1007.593,0.0589,120,597.546,705.7709,414.0425,74.0709,120,679.9985,1120.3553,434.88,158.8304,120,64.1622,399.7986,14.2604,92.2549,120,120,0,643.7625,1025.7271,424.8177,138.6713,120,14.87,15.48,14.34,0.34,120,3.4633,3.4663,3.4599,0.001,0.5836,0.5842,0.5828,0.0004,0.7188,0.73,0.708,0.0051,-0.0004,-0.0001,-0.0025,0.0006,0.0076,0.009,0.0053,0.0009,0.0057,0.0093,0.0036,0.0013,0.6438,1.0257,0.4248,0.1387,231.9917,521,51,97.2454,0,0,0,0,288.2333,1015,71,167.9937,38,46.7667,49,41,23.68,23.68,23.63
2022-11-22 10:40:00,3.6284,7.5976,0.8172,1.4562,120,82.4289,39.5843,120,70.0771,72.4204,68.4225,0.9778,120,27.4637,28.4002,26.1419,0.7852,120,1007.8628,1007.9958,1007.593,0.1031,120,299.4779,408.9961,175.1811,61.121,120,314.6191,429.018,183.1849,63.6495,120,13.7323,33.4402,11.8015,2.8909,120,120,0,316.3956,419.3243,185.2474,63.1875,120,13.86,14.34,13.51,0.24,120,3.4644,3.4666,3.4599,0.0017,0.5746,0.584,0.5614,0.0078,0.7008,0.7242,0.6842,0.0098,-0.0001,-0.0001,-0.0002,0,0.0038,0.0052,0.0022,0.0008,0.0026,0.0036,0.0015,0.0005,0.3164,0.4193,0.1852,0.0632,371.5667,803,66,158.2863,0,0,0,0,265.625,1010,51,153.5995,38,46.55,47,41,23.68,23.68,23.63
2022-11-22 10:50:00,2.9359,5.4356,0.8816,1.0822,120,82.0721,32.2311,120,74.529,77.1508,72.1458,1.3422,120,25.413,26.1327,24.6312,0.4419,120,1008.0287,1008.179,1007.7761,0.0996,120,158.7843,223.722,126.1591,28.4777,120,165.2964,230.8127,136.6555,27.8393,120,12.4374,14.2604,10.8186,0.7365,120,120,0.6,173.808,242.9273,143.1318,30.0567,120,13.23,13.44,13.04,0.12,120,3.4671,3.4696,3.4629,0.0017,0.5541,0.5613,0.5463,0.0044,0.7453,0.7715,0.7215,0.0134,-0.0001,-0.0001,-0.0001,0,0.002,0.0028,0.0016,0.0004,0.0014,0.0019,0.0011,0.0002,0.1738,0.2429,0.1431,0.0301,296.2917,568,73,117.6312,0.05,1,0,0.2189,242.7583,878,30,108.7451,38,46.4,49,41,23.68,23.68,23.63
2022-11-22 11:00:00,1.5387,3.798,0.2468,0.7464,120,91.8774,45.5297,120,79.3522,81.1182,76.9982,1.2418,120,24.3134,24.6281,24.1703,0.1072,120,1007.9235,1008.1606,1007.593,0.1352,120,319.7375,449.6071,225.1638,67.676,120,331.3377,468.952,232.2773,71.1576,120,14.3635,15.2449,12.786,0.6213,120,120,0.4,339.9024,468.4591,244.7584,67.1893,120,13.02,13.07,13,0.02,120,3.4654,3.4693,3.4599,0.0023,0.5431,0.5463,0.5417,0.0011,0.7935,0.8112,0.77,0.0124,-0.0001,-0.0001,-0.0001,0,0.0041,0.0057,0.0029,0.0009,0.0028,0.0039,0.0019,0.0006,0.3399,0.4685,0.2448,0.0672,144.425,390,4,81.1286,0.0333,1,0,0.1803,301.9417,998,40,172.7358,38,46.7167,49,39,23.68,23.68,23.63
2022-11-22 11:10:00,1.0526,2.5376,0.3664,0.3936,120,99.7424,49.3795,120,82.2451,84.2616,80.9961,0.6539,120,24.3153,24.564,24.1734,0.0938,120,1007.5947,1007.7944,1007.4099,0.1384,120,529.8506,600.2772,451.2898,38.1675,120,551.5711,623.9256,471.1501,39.6221,120,16.2691,19.6697,14.2604,1.301,120,120,0,540.7117,604.2665,470.5954,33.9963,120,13.26,13.51,13.07,0.13,120,3.4599,3.4632,3.4568,0.0023,0.5432,0.5456,0.5417,0.0009,0.8225,0.8426,0.81,0.0065,-0.0001,-0.0001,-0.0001,0,0.0067,0.0076,0.0057,0.0005,0.0046,0.0052,0.0039,0.0003,0.5407,0.6043,0.4706,0.034,91.5917,253,17,42.7851,0,0,0,0,295.2833,992,11,156.0495,38,46.7667,49,41,23.68,23.68,23.63
2022-11-22 11:20:00,0.6885,1.8844,0.2192,0.3459,120,70.3492,74.4412,120,83.7555,84.5973,83.1019,0.4369,120,25.2747,25.8855,24.5793,0.3632,120,1007.3992,1007.6113,1007.2268,0.0642,120,514.2689,602.2,452.7315,53.6585,120,524.6796,624.6591,461.2581,56.0696,120,16.2116,19.1782,14.7535,0.9602,120,120,0,508.0976,604.2665,445.265,55.4733,120,13.92,14.33,13.51,0.25,120,3.4567,3.4602,3.4538,0.0011,0.5527,0.5588,0.5458,0.0036,0.8376,0.846,0.831,0.0044,-0.0001,-0.0001,-0.0001,0,0.0065,0.0076,0.0057,0.0007,0.0044,0.0052,0.0038,0.0005,0.5081,0.6043,0.4453,0.0555,52.0083,182,1,37.5988,0,0,0,0,355.4917,1009,4,279.9601,38,46.5,47,41,23.68,23.68,23.63
2022-11-22 11:30:00,1.4221,2.8596,0.4124,0.6004,120,117.332,43.5888,120,83.094,84.2616,81.7286,0.633,120,25.9364,26.0839,25.7665,0.0937,120,1007.293,1007.4282,1007.062,0.0781,120,632.7003,720.6693,493.3425,57.4173,120,934.0385,1460.3457,500.4598,240.6859,120,230.8272,631.418,14.2604,174.6595,120,120,0,867.9388,1350.7492,478.8354,217.988,120,14.95,15.62,14.33,0.35,120,3.4549,3.4571,3.451,0.0013,0.5594,0.5608,0.5577,0.0009,0.8309,0.8426,0.8173,0.0063,-0.0014,-0.0001,-0.0039,0.0011,0.008,0.0092,0.0063,0.0007,0.0078,0.0122,0.0042,0.002,0.8679,1.3507,0.4788,0.218,131.75,288,22,65.2557,0,0,0,0,341.675,998,77,134.6779,38,46.8167,49,41,23.68,23.68,23.63
2022-11-22 11:40:00,1.2323,2.4272,0.4584,0.4182,120,88.9778,45.8634,120,83.2535,84.5363,81.7591,0.5791,120,26.3848,26.6973,26.0839,0.2244,120,1007.0933,1007.2634,1006.8606,0.1301,120,591.0177,703.848,520.2567,55.486,120,689.3898,1188.4994,528.3037,188.8817,120,92.2825,414.0606,15.7364,116.1063,120,120,0,650.558,1100.1923,505.6917,171.6339,120,16.28,17.04,15.62,0.42,120,3.4516,3.4544,3.4477,0.0022,0.5638,0.567,0.5608,0.0022,0.8325,0.8454,0.8176,0.0058,-0.0006,-0.0001,-0.0026,0.0007,0.0075,0.0089,0.0066,0.0007,0.0057,0.0099,0.0044,0.0016,0.6506,1.1002,0.5057,0.1716,111.125,241,27,45.4591,0,0,0,0,286.3583,1018,32,167.4276,38,46.8833,49,41,23.68,23.68,23.63
2022-11-22 11:50:00,1.377,2.7308,0.302,0.6003,120,117.0343,53.4199,120,83.0027,84.0785,81.7591,0.6433,120,26.8481,27.1032,26.5661,0.2059,120,1006.8561,1007.062,1006.6774,0.0787,120,412.6127,550.5346,235.4968,110.3734,120,422.5788,622.4598,232.6447,123.9843,120,27.4975,138.6755,13.7689,27.0823,120,120,0,404.917,598.7732,224.311,115.54,120,17.83,18.65,17.04,0.49,120,3.4476,3.451,3.4446,0.0013,0.5685,0.571,0.5657,0.0021,0.83,0.8408,0.8176,0.0064,-0.0002,-0.0001,-0.0009,0.0002,0.0052,0.007,0.003,0.0014,0.0035,0.0052,0.0019,0.001,0.4049,0.5988,0.2243,0.1155,126.85,274,10,65.2482,0,0,0,0,380.2667,1013,21,191.821,38,46.8,47,41,23.68,23.68,23.63
2022-11-22 12:00:00,2.8428,5.4816,0.946,1.0932,120,130.2497,38.064,120,82.1879,83.1629,81.576,0.4439,120,26.8996,27.1642,26.505,0.2132,120,1006.7379,1006.8972,1006.6591,0.0884,120,558.5268,742.2968,281.6354,144.7252,120,620.9521,966.4802,284.3025,201.7139,120,60.5068,210.4721,14.2604,56.751,120,120,0,583.4376,906.7049,265.511,190.1039,120,19.57,20.41,18.65,0.53,120,3.4456,3.4483,3.4443,0.0015,0.569,0.5716,0.5651,0.0021,0.8219,0.8316,0.8158,0.0044,-0.0004,-0.0001,-0.0013,0.0004,0.0071,0.0094,0.0036,0.0018,0.0052,0.0081,0.0024,0.0017,0.5834,0.9067,0.2655,0.1901,286.175,573,80,118.8262,0,0,0,0,371.4083,712,89,109.0814,38,46.5167,49,41,23.68,23.68,23.63
2022-11-22 12:10:00,2.6751,5.9784,0.7252,1.112,120,120.4561,34.6614,120,82.2741,83.0103,81.5455,0.387,120,26.5668,26.7431,26.4348,0.1145,120,1006.5542,1006.8789,1006.3112,0.0974,120,624.9346,737.2504,573.3638,49.4668,120,687.6159,947.7959,601.2113,103.0326,120,52.401,205.5543,19.1782,52.7951,120,120,0,645.0977,892.9716,557.5732,97.6526,120,21.44,22.5,20.41,0.56,120,3.4426,3.448,3.4385,0.0016,0.5657,0.5674,0.5644,0.0011,0.8227,0.8301,0.8155,0.0039,-0.0003,-0.0001,-0.0013,0.0003,0.0079,0.0094,0.0073,0.0006,0.0057,0.0079,0.005,0.0009,0.6451,0.893,0.5576,0.0977,267.95,627,56,120.8697,0,0,0,0,353.2,966,151,115.4618,38,46.7833,49,41,23.68,23.68,23.63
2022-11-22 12:20:00,2.0188,4.9664,0.44,0.9812,120,105.7567,46.959,120,81.5279,82.6746,80.5078,0.5477,120,26.9275,27.271,26.7278,0.1571,120,1006.3413,1006.5127,1006.1098,0.0837,120,651.5121,722.8323,571.6811,53.8907,120,788.117,989.5618,601.9436,130.047,120,129.3447,270.4673,21.6371,80.9086,120,120,0,726.3838,919.8279,557.8783,120.1402,120,23.41,24.46,22.5,0.59,120,3.439,3.4419,3.4352,0.0014,0.5693,0.5727,0.5673,0.0016,0.8153,0.8267,0.8051,0.0055,-0.0008,-0.0001,-0.0017,0.0005,0.0083,0.0092,0.0073,0.0007,0.0066,0.0082,0.005,0.0011,0.7264,0.9198,0.5579,0.1201,196.6083,517,25,106.6505,0,0,0,0,320.2583,989,54,148.0009,38,46.6,49,41,23.68,23.68,23.63
2022-11-22 12:30:00,3.1851,6.0612,0.8816,1.1147,120,98.1159,36.4694,120,79.6078,81.2403,77.1203,1.121,120,27.4287,27.619,27.1551,0.1202,120,1006.3805,1006.5127,1006.2929,0.0929,120,597.558,705.0496,475.3197,65.4367,120,646.0912,867.5606,487.2701,102.0779,120,47.2007,195.7203,14.2604,44.8806,120,120,0,608.1957,819.422,458.9984,95.0047,120,25.45,26.49,24.46,0.61,120,3.4397,3.4419,3.4382,0.0015,0.5743,0.5762,0.5716,0.0012,0.7961,0.8124,0.7712,0.0112,-0.0003,-0.0001,-0.0012,0.0003,0.0076,0.009,0.006,0.0008,0.0054,0.0072,0.0041,0.0008,0.6082,0.8194,0.459,0.095,323.3833,636,73,121.164,0,0,0,0,297.4333,982,96,127.1493,38,46.6333,49,41,23.68,23.68,23.63
2022-11-22 12:40:00,3.3881,6.9904,1.13,1.2295,120,123.0426,35.926,120,78.1236,78.8598,77.517,0.3419,120,26.8687,27.1429,26.6363,0.1649,120,1006.4257,1006.6774,1006.1098,0.0975,120,543.3737,585.3787,462.8236,22.4159,120,560.8188,605.6074,472.982,24.7307,120,17.363,25.079,15.2449,1.924,120,120,0,544.8927,577.105,469.0695,19.1027,120,27.56,28.57,26.49,0.62,120,3.4404,3.4446,3.4352,0.0016,0.5687,0.5714,0.5664,0.0016,0.7812,0.7886,0.7752,0.0034,-0.0001,-0.0001,-0.0002,0,0.0069,0.0074,0.0059,0.0003,0.0047,0.005,0.0039,0.0002,0.5449,0.5771,0.4691,0.0191,345.4417,737,100,133.6376,0,0,0,0,355.7917,944,120,111.5312,38,46.8667,49,41,23.68,23.68,23.63
2022-11-22 12:50:00,3.4167,6.1716,1.038,1.2855,120,127.1445,31.5738,120,78.2912,79.165,77.2423,0.4687,120,26.1669,26.6668,25.5895,0.3309,120,1006.4284,1006.6958,1006.2929,0.0931,120,428.8331,457.0567,399.8646,13.7284,120,443.5075,467.4862,418.0264,13.3979,120,14.2243,16.2278,11.31,1.1427,120,120,0,438.1873,464.1865,413.5258,12.8116,120,29.71,30.69,28.57,0.63,120,3.4405,3.4449,3.4382,0.0016,0.5617,0.5667,0.5559,0.0033,0.7829,0.7917,0.7724,0.0047,-0.0001,-0.0001,-0.0001,0,0.0054,0.0058,0.0051,0.0002,0.0037,0.0039,0.0035,0.0001,0.4382,0.4642,0.4135,0.0128,348.5583,648,90,139.7259,0,0,0,0,363.275,644,158,90.8487,38,46.65,47,41,23.68,23.68,23.63
2022-11-22 13:00:00,2.8637,4.7732,1.2588,0.7344,120,126.481,30.3331,120,80.1505,80.874,78.8903,0.4247,120,25.5361,25.5803,25.501,0.0168,120,1006.436,1006.6958,1006.2746,0.0934,120,450.4064,483.7307,421.7323,20.3812,120,460.8765,495.6963,433.4142,20.4641,120,15.1134,19.1782,13.2775,1.3685,120,120,0,453.1261,487.0754,427.8695,19.3897,120,31.91,33.08,30.93,0.64,120,3.4406,3.4449,3.4379,0.0016,0.5554,0.5558,0.555,0.0002,0.8015,0.8087,0.7889,0.0042,-0.0001,-0.0001,-0.0001,0,0.0057,0.0061,0.0054,0.0003,0.0038,0.0041,0.0036,0.0002,0.4531,0.4871,0.4279,0.0194,288.45,496,114,79.8301,0,0,0,0,359.725,677,125,88.0039,38,46.8,49,41,23.68,23.68,23.63
2022-11-22 13:10:00,2.7806,4.902,0.992,0.7534,120,123.5244,33.4772,120,81.4536,82.4305,80.5994,0.4699,120,25.4302,25.5498,25.3667,0.0482,120,1006.3636,1006.5127,1006.2746,0.0903,120,500.2532,568.3173,380.4,53.891,120,528.9936,652.1357,387.6182,70.8959,120,33.3126,95.8927,14.2604,22.9087,120,120,0,501.854,614.6428,372.9362,64.4539,120,34.13,35.26,33.08,0.65,120,3.4394,3.4419,3.4379,0.0015,0.5543,0.5555,0.5537,0.0005,0.8145,0.8243,0.806,0.0047,-0.0002,-0.0001,-0.0006,0.0001,0.0064,0.0072,0.0048,0.0007,0.0044,0.0054,0.0032,0.0006,0.5019,0.6146,0.3729,0.0645,279.4083,510,85,81.8952,0,0,0,0,352.5333,684,136,96.2453,38,46.5667,47,41,23.68,23.68,23.63
2022-11-22 13:20:00,2.1877,4.166,0.486,0.8847,120,120.1246,39.4812,120,82.1612,82.9798,81.2098,0.4167,120,25.626,25.858,25.5223,0.1092,120,1006.2964,1006.3295,1006.0915,0.0327,120,427.4114,510.885,347.9591,47.0821,120,437.9754,526.4718,355.7443,49.9851,120,17.0109,29.5053,14.7535,3.0821,120,120,0,420.6442,500.1984,346.6903,44.6036,120,36.37,37.46,35.26,0.66,120,3.4383,3.4388,3.4349,0.0005,0.5563,0.5586,0.5552,0.0011,0.8216,0.8298,0.8121,0.0042,-0.0001,-0.0001,-0.0002,0,0.0054,0.0065,0.0044,0.0006,0.0036,0.0044,0.003,0.0004,0.4206,0.5002,0.3467,0.0446,214.9667,430,30,96.1595,0,0,0,0,347.7167,873,142,117.378,38,46.5667,49,41,23.68,23.68,23.63
2022-11-22 13:30:00,1.3644,2.602,0.2744,0.5027,120,116.4013,48.2499,120,82.0772,82.7967,81.576,0.2955,120,26.092,26.2456,25.8611,0.1141,120,1006.2206,1006.3295,1006.0915,0.0952,120,368.0525,428.7008,343.3937,24.3268,120,376.05,438.5438,350.9808,24.92,120,15.4538,16.7193,14.7535,0.391,120,120,0,366.1077,425.428,340.8918,23.7829,120,38.64,39.67,37.46,0.66,120,3.437,3.4388,3.4349,0.0016,0.5609,0.5625,0.5586,0.0011,0.8208,0.828,0.8158,0.003,-0.0001,-0.0001,-0.0001,0,0.0047,0.0054,0.0044,0.0003,0.0031,0.0037,0.0029,0.0002,0.3661,0.4254,0.3409,0.0238,125.4833,260,7,54.6438,0,0,0,0,330.6583,748,2,136.9453,38,46.75,47,41,23.68,23.68,23.63
2022-11-22 13:40:00,1.6897,3.7244,0.302,0.841,120,100.9498,54.3228,120,81.6156,82.8272,80.5078,0.671,120,26.5609,26.7034,26.2517,0.1476,120,1006.1167,1006.3112,1005.9084,0.0717,120,468.9077,489.2575,417.6472,17.9802,120,479.5491,498.6279,424.2545,18.6378,120,18.2196,22.6217,16.2278,1.5602,120,120,0,466.2211,483.108,424.5125,16.6036,120,40.92,42.15,39.67,0.66,120,3.4353,3.4385,3.4318,0.0012,0.5656,0.567,0.5625,0.0015,0.8162,0.8283,0.8051,0.0067,-0.0001,-0.0001,-0.0001,0,0.006,0.0062,0.0053,0.0002,0.004,0.0042,0.0035,0.0002,0.4662,0.4831,0.4245,0.0166,160.8417,382,10,91.4153,0,0,0,0,322.45,1017,19,184.2589,38,46.8,49,41,23.68,23.68,23.63
2022-11-22 13:50:00,2.9115,6.374,0.67,1.2849,120,110.3564,42.9546,120,80.3046,81.1792,79.4702,0.4821,120,26.5396,26.6881,26.1358,0.1625,120,1006.1502,1006.3112,1005.9267,0.0935,120,246.1466,413.8024,115.5858,81.1394,120,249.4818,421.3241,117.6038,82.3863,120,13.884,17.2108,11.8015,1.1956,120,120,0,258.3341,421.7658,122.6844,81.549,120,43.22,44.4,42.15,0.67,120,3.4358,3.4385,3.4321,0.0016,0.5654,0.5669,0.5614,0.0016,0.803,0.8118,0.7947,0.0048,-0.0001,-0.0001,-0.0001,0,0.0031,0.0053,0.0015,0.001,0.0021,0.0035,0.001,0.0007,0.2583,0.4218,0.1227,0.0815,293.6417,670,50,139.6577,0,0,0,0,328.6333,970,27,141.3806,38,46.5,49,41,23.68,23.68,23.63
2022-11-22 14:00:00,3.7064,7.2388,0.7712,1.3263,120,105.8457,31.7219,120,79.7672,80.5078,78.6767,0.5208,120,25.307,26.1266,24.4725,0.4509,120,1006.3166,1006.5127,1006.1098,0.0813,120,94.6394,133.8488,73.5331,17.5925,120,94.9414,131.8932,74.7395,16.9233,120,11.9745,13.2775,9.8356,0.8617,120,120,0.1,101.8835,140.3851,80.874,17.2443,120,45.52,46.65,44.4,0.68,120,3.4386,3.4419,3.4352,0.0014,0.5531,0.5613,0.5447,0.0045,0.7977,0.8051,0.7868,0.0052,-0.0001,-0.0001,-0.0001,0,0.0012,0.0017,0.0009,0.0002,0.0008,0.0011,0.0006,0.0001,0.1019,0.1404,0.0809,0.0172,380.0417,764,61,144.1587,0.0083,1,0,0.0913,305.5167,649,83,93.8635,38,46.7833,47,41,23.68,23.68,23.63
2022-11-22 14:10:00,2.1809,6.052,0.624,0.9497,120,74.0198,28.1739,120,82.0345,83.5292,79.8975,0.9513,120,24.0209,24.4572,23.8652,0.1599,120,1006.2816,1006.5127,1006.0915,0.0722,120,159.6555,176.863,135.0504,12.1632,120,158.5094,175.8571,132.2593,12.295,120,13.6256,14.2604,12.2946,0.3948,120,120,0.2,163.9658,181.8903,141.3007,11.8139,120,47.83,48.91,46.65,0.68,120,3.438,3.4419,3.4349,0.0012,0.5402,0.5446,0.5386,0.0016,0.8203,0.8353,0.799,0.0095,-0.0001,-0.0001,-0.0001,0,0.002,0.0022,0.0017,0.0002,0.0013,0.0015,0.0011,0.0001,0.164,0.1819,0.1413,0.0118,214.2333,635,45,103.2295,0.0167,1,0,0.1286,212.3917,480,54,81.8909,38,46.7167,47,41,23.68,23.68,23.63
2022-11-22 14:20:00,1.7218,4.304,0.2744,0.7567,120,114.791,38.7793,120,84.037,84.8109,83.0103,0.3991,120,23.9913,24.0757,23.8957,0.0568,120,1006.0942,1006.2929,1005.9084,0.0702,120,191.5837,226.8465,151.8717,23.5347,120,190.4506,225.3169,149.8451,23.3139,120,13.8918,14.2604,12.786,0.3504,120,120,0,196.1679,233.7718,153.2029,24.901,120,50.16,51.43,48.91,0.68,120,3.4349,3.4382,3.4318,0.0012,0.5399,0.5408,0.539,0.0006,0.8404,0.8481,0.8301,0.004,-0.0001,-0.0001,-0.0001,0,0.0024,0.0029,0.0019,0.0003,0.0016,0.0019,0.0012,0.0002,0.1962,0.2338,0.1532,0.0249,164.325,445,7,82.2509,0,0,0,0,338.8667,929,103,122.8228,38,46.85,49,45,23.68,23.68,23.63
2022-11-22 14:30:00,2.6318,4.8376,0.4584,0.9126,120,132.0114,35.5358,120,85.1217,85.7265,84.5363,0.3744,120,24.0965,24.1673,24.0544,0.0347,120,1006.0623,1006.1281,1005.9084,0.0768,120,192.0763,231.1717,174.9409,16.882,120,188.918,229.3469,169.6291,17.7621,120,13.9451,14.7535,13.2775,0.2976,120,120,0.1,190.199,233.7718,169.9881,19.4485,120,52.49,53.7,51.43,0.68,120,3.4344,3.4355,3.4318,0.0013,0.541,0.5417,0.5405,0.0003,0.8512,0.8573,0.8454,0.0037,-0.0001,-0.0001,-0.0001,0,0.0024,0.0029,0.0022,0.0002,0.0016,0.0019,0.0014,0.0001,0.1902,0.2338,0.17,0.0194,263.2417,503,27,99.193,0.0083,1,0,0.0913,377.1667,871,125,106.2984,38,46.5333,47,41,23.68,23.68,23.63
2022-11-22 14:40:00,2.4386,4.4144,0.5044,1.0098,120,116.5163,36.8687,120,85.7616,86.3063,85.3603,0.2229,120,24.1463,24.207,24.0086,0.0476,120,1006.0352,1006.1281,1005.9084,0.0893,120,184.0222,234.5362,145.3835,35.2199,120,181.6028,232.2773,142.8836,35.2661,120,13.6789,14.7535,12.786,0.408,120,120,0,181.3359,235.9081,140.3851,37.5662,120,54.82,55.98,53.7,0.68,120,3.4339,3.4355,3.4318,0.0015,0.5415,0.5421,0.5401,0.0005,0.8576,0.8631,0.8536,0.0022,-0.0001,-0.0001,-0.0001,0,0.0023,0.003,0.0018,0.0004,0.0015,0.0019,0.0012,0.0003,0.1813,0.2359,0.1404,0.0376,242.2417,457,32,109.7605,0,0,0,0,338.9167,962,156,115.6218,38,46.35,47,39,23.68,23.68,23.63
2022-11-22 14:50:00,1.4366,2.8964,0.3572,0.5825,120,116.1026,33.9833,120,86.8569,87.4355,85.9401,0.3824,120,24.1304,24.3565,23.975,0.1273,120,1005.9081,1006.1098,1005.7253,0.0566,120,274.3663,366.9433,160.0417,76.2271,120,271.8883,362.7047,157.1717,75.0643,120,14.7855,18.6868,13.7689,1.0236,120,120,0,269.3335,358.5925,154.4237,74.5401,120,57.15,58.26,55.98,0.68,120,3.4318,3.4352,3.4288,0.0009,0.5413,0.5436,0.5397,0.0013,0.8686,0.8744,0.8594,0.0038,-0.0001,-0.0001,-0.0001,0,0.0035,0.0047,0.002,0.001,0.0023,0.003,0.0013,0.0006,0.2693,0.3586,0.1544,0.0745,133.325,292,16,63.3148,0,0,0,0,334.85,779,98,100.9353,38,46.9,49,41,23.68,23.68,23.63
2022-11-22 15:00:00,1.7689,4.0188,0.2284,0.8151,120,143.9258,42.3639,120,87.1703,87.7407,86.3674,0.3382,120,24.5947,24.8814,24.3474,0.191,120,1005.7785,1005.9267,1005.707,0.0854,120,351.4755,388.0898,310.9528,24.8703,120,346.0749,393.4802,304.4526,26.612,120,18.9247,37.865,14.2604,5.9157,120,120,0,333.8038,376.9036,293.8932,24.6704,120,59.49,60.54,58.26,0.68,120,3.4296,3.4321,3.4284,0.0014,0.546,0.5488,0.5435,0.0019,0.8717,0.8774,0.8637,0.0034,-0.0001,-0.0001,-0.0002,0,0.0045,0.0049,0.0039,0.0003,0.0029,0.0033,0.0025,0.0002,0.3338,0.3769,0.2939,0.0247,169.4417,414,2,88.603,0,0,0,0,424.9417,1000,87,140.3803,38,46.65,49,41,23.67,23.68,23.63
2022-11-22 15:10:00,1.6659,3.2736,0.4584,0.5879,120,115.7145,34.9051,120,86.8936,87.5271,86.3674,0.2805,120,24.9589,25.031,24.8357,0.0612,120,1005.7816,1005.9267,1005.6887,0.0921,120,233.1962,341.9512,161.0032,60.1539,120,225.8297,342.1885,154.6074,60.2007,120,14.4738,33.4402,13.2775,2.1133,120,120,0,220.7607,331.1258,153.8133,58.2296,120,61.84,63.08,60.79,0.68,120,3.4297,3.4321,3.4281,0.0015,0.5496,0.5503,0.5484,0.0006,0.8689,0.8753,0.8637,0.0028,-0.0001,-0.0001,-0.0002,0,0.003,0.0043,0.002,0.0008,0.0019,0.0029,0.0013,0.0005,0.2208,0.3311,0.1538,0.0582,158.25,333,27,63.9073,0,0,0,0,336.125,940,99,111.3532,38,46.4833,49,41,23.68,23.68,23.63
2022-11-22 15:20:00,2.0199,4.2396,0.3296,0.8078,120,138.2148,36.3485,120,86.9429,87.2829,86.5505,0.2134,120,25.02,25.0676,24.9516,0.0292,120,1005.8918,1006.0915,1005.707,0.0596,120,128.7624,161.2433,94.4394,21.3379,120,121.8847,154.6074,88.2953,21.0343,120,13.7403,14.2604,13.2775,0.2572,120,120,0,120.866,153.8133,86.0622,21.3721,120,64.18,65.37,63.08,0.69,120,3.4315,3.4349,3.4284,0.001,0.5502,0.5507,0.5495,0.0003,0.8694,0.8728,0.8655,0.0021,-0.0001,-0.0001,-0.0001,0,0.0016,0.002,0.0012,0.0003,0.001,0.0013,0.0007,0.0002,0.1209,0.1538,0.0861,0.0214,196.7333,438,13,87.8095,0,0,0,0,392.625,630,131,103.3006,38,46.8333,47,41,23.68,23.68,23.63
2022-11-22 15:30:00,2.381,4.626,0.4768,0.8009,120,147.2581,27.082,120,87.198,87.405,86.9167,0.1266,120,24.8942,24.9547,24.7807,0.0511,120,1005.9424,1006.1098,1005.7253,0.0774,120,127.2306,152.8331,110.0591,14.1042,120,120.2147,145.0816,102.9496,13.8453,120,13.6461,14.2604,12.786,0.3729,120,120,0,122.7302,144.6577,105.8992,12.9807,120,66.53,67.65,65.37,0.69,120,3.4324,3.4352,3.4288,0.0013,0.5489,0.5495,0.5478,0.0005,0.872,0.8741,0.8692,0.0013,-0.0001,-0.0001,-0.0001,0,0.0016,0.0019,0.0014,0.0002,0.001,0.0012,0.0009,0.0001,0.1227,0.1447,0.1059,0.013,235.9833,480,29,87.0538,0,0,0,0,417.0583,626,114,78.9664,37.8,46.6333,49,41,23.67,23.68,23.63
2022-11-22 15:40:00,1.9568,4.4144,0.5136,0.8611,120,143.9144,34.8541,120,87.568,88.0764,86.9472,0.3292,120,24.6529,24.7838,24.5427,0.0776,120,1005.9352,1006.1098,1005.8901,0.0654,120,95.3063,136.7323,54.789,28.992,120,92.0104,132.9916,51.6579,28.7423,120,13.6338,14.2604,12.786,0.3658,120,120,0,95.6603,139.1644,53.1022,30.4145,120,68.87,69.94,67.65,0.68,120,3.4323,3.4352,3.4315,0.0011,0.5465,0.5478,0.5454,0.0008,0.8757,0.8808,0.8695,0.0033,-0.0001,-0.0001,-0.0001,0,0.0012,0.0017,0.0007,0.0004,0.0008,0.0011,0.0004,0.0002,0.0957,0.1392,0.0531,0.0304,189.875,457,33,93.5986,0,0,0,0,407.575,731,111,101.5075,37,46.7167,47,41,23.68,23.68,23.63
2022-11-22 15:50:00,1.7495,3.4024,0.5964,0.6114,120,121.8105,30.4803,120,87.5711,87.8323,87.1609,0.1998,120,24.5757,24.68,24.5427,0.0372,120,1005.9281,1006.0915,1005.8718,0.0608,120,75.7496,95.4,52.6268,16.7829,120,73.057,94.5234,48.7275,17.9029,120,13.6624,14.2604,13.2775,0.2313,120,120,0,75.0628,96.1333,51.2711,17.6699,120,71.22,72.48,69.94,0.68,120,3.4321,3.4349,3.4312,0.001,0.5458,0.5468,0.5454,0.0004,0.8757,0.8783,0.8716,0.002,-0.0001,-0.0001,-0.0001,0,0.001,0.0012,0.0007,0.0002,0.0006,0.0008,0.0004,0.0001,0.0751,0.0961,0.0513,0.0177,167.3417,347,42,66.461,0,0,0,0,345.9583,520,178,86.529,37,46.8667,49,41,23.67,23.68,23.63
2022-11-22 16:00:00,1.1933,2.6664,0.2376,0.6391,120,84.057,49.7081,120,87.8346,88.1375,87.466,0.1918,120,24.6006,24.7197,24.5579,0.0399,120,1005.896,1006.0915,1005.6887,0.0554,120,81.1204,96.1213,54.3087,13.379,120,79.1966,94.1573,53.8559,12.9119,120,13.9819,14.2604,13.2775,0.2527,120,120,0,80.1441,95.5229,53.1022,13.7838,120,73.57,74.77,72.48,0.68,120,3.4316,3.4349,3.4281,0.0009,0.546,0.5472,0.5456,0.0004,0.8783,0.8814,0.8747,0.0019,-0.0001,-0.0001,-0.0001,0,0.001,0.0012,0.0007,0.0002,0.0007,0.0008,0.0004,0.0001,0.0801,0.0955,0.0531,0.0138,106.8833,267,3,69.4654,0,0,0,0,296.1,1021,22,197.1352,37,46.4667,47,41,23.67,23.68,23.63
2022-11-22 16:10:00,0.5352,1.498,0,0.3249,120,89.9976,76.2228,120,87.8239,88.0459,87.4355,0.1355,120,24.8454,24.9242,24.7258,0.0568,120,1005.914,1006.0915,1005.6887,0.0882,120,35.4167,54.0685,30.0378,6.6206,120,34.9882,52.7575,29.3097,6.4378,120,13.8099,14.2604,13.2775,0.2595,120,120,0,35.2692,52.4918,30.2133,6.1568,120,75.91,77.05,74.77,0.69,120,3.4319,3.4349,3.4281,0.0015,0.5484,0.5492,0.5473,0.0006,0.8782,0.8805,0.8744,0.0014,-0.0001,-0.0001,-0.0001,0,0.0004,0.0007,0.0004,0.0001,0.0003,0.0004,0.0002,0.0001,0.0353,0.0525,0.0302,0.0062,37.25,140,0,32.6253,0,0,0,0,373.275,1002,35,248.9079,37,45.9333,49,39,23.67,23.68,23.63
2022-11-22 16:20:00,0.6254,1.6912,0,0.3854,120,7.0978,72.4928,120,87.7247,88.1069,87.3745,0.2162,120,24.8851,24.9333,24.8357,0.0298,120,1006.0219,1006.2746,1005.8901,0.091,120,22.0499,29.7976,17.3016,3.3922,120,22.901,30.4082,18.3181,3.4343,120,13.3471,14.2604,12.786,0.294,120,120,0,23.9316,31.1289,19.837,3.0363,120,78.25,79.34,77.05,0.68,120,3.4337,3.4379,3.4315,0.0015,0.5488,0.5493,0.5484,0.0003,0.8772,0.8811,0.8737,0.0022,-0.0001,-0.0001,-0.0001,0,0.0003,0.0004,0.0002,0,0.0002,0.0003,0.0002,0,0.0239,0.0311,0.0198,0.003,47.05,161,0,39.1736,0,0,0,0,443.625,1015,8,361.706,37,45.6333,47,39,23.67,23.68,23.63
2022-11-22 16:30:00,0.9403,1.9948,0.2652,0.5055,120,23.803,63.1156,120,87.4887,87.9543,86.9778,0.261,120,24.6113,24.8814,24.4755,0.1037,120,1006.008,1006.2563,1005.8718,0.0918,120,28.4119,33.4024,23.7898,2.9375,120,24.9191,28.2101,22.3481,1.698,120,13.3758,13.7689,12.786,0.3466,120,120,0,26.6045,29.6029,24.1096,1.7895,120,80.59,81.87,79.34,0.68,120,3.4335,3.4376,3.4312,0.0015,0.5461,0.5488,0.5448,0.001,0.8749,0.8795,0.8698,0.0026,-0.0001,-0.0001,-0.0001,0,0.0004,0.0004,0.0003,0,0.0002,0.0002,0.0002,0,0.0266,0.0296,0.0241,0.0018,79.3833,194,6,54.9416,0,0,0,0,424.6333,1020,2,373.7762,37,45.6667,47,41,23.68,23.68,23.63
2022-11-22 16:40:00,1.9985,6.3188,0.2376,1.4062,120,135.3935,43.4481,120,87.9269,88.5952,87.4966,0.2442,120,24.4316,24.4999,24.2497,0.075,120,1006.1589,1006.4577,1005.8901,0.1143,120,12.6259,26.1929,6.4882,5.3982,120,10.9513,21.982,5.4958,4.3979,120,13.2939,13.7689,12.2946,0.3872,120,120,2,12.1947,23.8044,7.3244,4.3807,120,82.93,84.15,81.87,0.68,120,3.436,3.441,3.4315,0.0019,0.5443,0.545,0.5425,0.0008,0.8793,0.886,0.875,0.0024,-0.0001,-0.0001,-0.0001,0,0.0002,0.0003,0.0001,0.0001,0.0001,0.0002,0,0,0.0122,0.0238,0.0073,0.0044,194.4,664,3,152.8424,0.1667,1,0,0.3742,395.6833,954,123,132.313,37,46,49,41,23.67,23.68,23.63
2022-11-22 16:50:00,2.7719,5.5368,0.9276,1.0989,120,130.2679,34.6198,120,88.6354,89.2972,87.8323,0.3411,120,23.9449,24.2497,23.7431,0.1545,120,1006.131,1006.2746,1005.8901,0.094,120,17.7644,25.2315,12.9764,3.6499,120,17.1124,24.1801,12.8223,3.6975,120,13.4126,13.7689,12.786,0.2917,120,120,0.1,17.0649,24.1096,12.8178,3.5539,120,85.27,86.42,84.15,0.68,120,3.4355,3.4379,3.4315,0.0016,0.5394,0.5425,0.5374,0.0015,0.8864,0.893,0.8783,0.0034,-0.0001,-0.0001,-0.0001,0,0.0002,0.0003,0.0002,0,0.0001,0.0002,0.0001,0,0.0171,0.0241,0.0128,0.0036,278.4667,579,78,119.4428,0.0083,1,0,0.0913,371.65,719,116,101.3723,37,46.35,47,41,23.67,23.68,23.63
2022-11-22 17:00:00,1.549,4.7272,0.394,0.8947,120,136.578,44.1748,120,89.2435,89.6939,88.8394,0.2268,120,23.6617,23.7492,23.5905,0.0557,120,1005.9311,1006.0915,1005.8718,0.0796,120,21.0005,27.6346,12.9764,4.7119,120,20.0342,26.3782,12.09,4.6757,120,13.5191,14.2604,12.786,0.2627,120,120,0,19.8319,25.9407,11.9022,4.7426,120,87.6,88.69,86.42,0.68,120,3.4322,3.4349,3.4312,0.0013,0.5366,0.5375,0.5359,0.0006,0.8924,0.8969,0.8884,0.0023,-0.0001,-0.0001,-0.0001,0,0.0003,0.0004,0.0002,0.0001,0.0002,0.0002,0.0001,0,0.0198,0.0259,0.0119,0.0047,145.5417,491,20,97.249,0,0,0,0,392.6167,736,140,127.0249,37,46.4833,49,39,23.67,23.68,23.63
2022-11-22 17:10:00,1.3138,2.3076,0.6056,0.3781,120,130.4715,43.2496,120,89.4943,89.7244,89.2666,0.1166,120,23.6104,23.6851,23.4867,0.0585,120,1005.9291,1006.0732,1005.8535,0.0813,120,7.2672,12.7362,3.6047,2.7763,120,6.555,12.09,3.2977,2.7213,120,13.3962,13.7689,12.786,0.2384,120,120,0,6.6861,11.597,3.357,2.6307,120,89.42,89.95,88.69,0.38,68,3.4322,3.4346,3.4309,0.0014,0.5361,0.5369,0.5349,0.0006,0.8949,0.8972,0.8927,0.0012,-0.0001,-0.0001,-0.0001,0,0.0001,0.0002,0,0,0.0001,0.0001,0,0,0.0067,0.0116,0.0034,0.0026,119.9833,228,43,41.0977,0,0,0,0,373.025,658,108,122.0881,37,46.5333,47,39,23.67,23.68,23.63
2022-11-22 17:20:00,0.866,2.2432,0,0.4074,120,89.9181,46.6202,120,89.8785,90.1517,89.5718,0.1407,120,23.478,23.5234,23.4532,0.0144,120,1005.9409,1006.0732,1005.707,0.0906,120,2.5172,4.085,0.9614,0.793,120,1.7248,3.2977,0.3661,0.919,120,13.4618,13.7689,12.786,0.2632,120,120,0,1.9379,3.6622,0,0.9721,120,None,None,None,None,0,3.4323,3.4346,3.4284,0.0015,0.5348,0.5352,0.5345,0.0001,0.8988,0.9015,0.8957,0.0014,-0.0001,-0.0001,-0.0001,0,0,0.0001,0,0,0,0,0,0,0.0019,0.0037,0,0.001,71.4917,221,0,43.9207,0,0,0,0,301.9917,985,12,179.3804,36,46.6333,49,41,23.67,23.68,23.63
2022-11-22 17:30:00,0.9689,1.8752,0.3296,0.331,120,92.2761,35.0504,120,90.1318,90.3348,89.9686,0.0849,120,23.5796,23.618,23.5203,0.0251,120,1006.0211,1006.0915,1005.8535,0.0761,120,0.9353,1.4417,0.4803,0.2449,120,0.0702,0.3661,0,0.1447,120,13.5519,13.7689,13.2775,0.2451,120,120,0,0.0051,0.3052,0,0.0392,120,None,None,None,None,0,3.4337,3.4349,3.4309,0.0013,0.5358,0.5362,0.5352,0.0003,0.9013,0.9033,0.8997,0.0008,-0.0001,-0.0001,-0.0001,0,0,0,0,0,0,0,0,0,0,0.0003,0,0,82.4917,181,13,35.9738,0,0,0,0,266.35,614,74,102.1601,36,46.6333,47,41,23.67,23.68,23.63
2022-11-22 17:40:00,1.0892,1.82,0.3112,0.3506,120,115.958,32.4806,120,90.3114,90.5179,90.0296,0.1509,120,23.6454,23.7156,23.6088,0.0285,120,1006.0096,1006.2563,1005.8535,0.112,120,1.2716,1.922,0.4803,0.3374,120,0.0031,0.3661,0,0.0334,120,13.6051,13.7689,13.2775,0.2326,120,120,0,0,0,0,0,120,None,None,None,None,0,3.4335,3.4376,3.4309,0.0019,0.5364,0.5372,0.5361,0.0003,0.9031,0.9052,0.9003,0.0015,-0.0001,-0.0001,-0.0001,0,0,0,0,0,0,0,0,0,0,0,0,0,95.5667,175,11,38.111,0,0,0,0,344.1667,1005,169,119.3425,36,46.4833,47,41,23.67,23.68,23.63
2022-11-22 17:50:00,2.8448,6.9536,0.7252,1.5572,120,152.6997,30.2657,120,90.3882,90.6705,89.5108,0.3163,120,23.7718,23.8316,23.6638,0.0463,120,1006.0341,1006.2563,1005.8535,0.11,120,0.7528,2.8835,0,0.768,120,0.0092,0.3661,0,0.0574,120,13.3962,13.7689,12.786,0.2777,120,120,0.1,0,0,0,0,120,None,None,None,None,0,3.4339,3.4376,3.4309,0.0018,0.5377,0.5383,0.5366,0.0005,0.9039,0.9067,0.8951,0.0032,-0.0001,-0.0001,-0.0001,0,0,0,0,0,0,0,0,0,0,0,0,0,286.3917,733,56,169.2608,0.0083,1,0,0.0913,432.5833,653,159,86.8658,36,46.7833,49,41,23.67,23.68,23.63
2022-11-22 18:00:00,2.8319,5.6104,0.9736,1.0185,120,151.6313,39.4148,120,90.6234,90.8841,90.0296,0.2099,120,23.6904,23.7523,23.6424,0.0371,120,1006.0135,1006.238,1005.6703,0.1061,120,0.058,0.4803,0,0.1206,120,0,0,0,0,120,13.5068,14.2604,13.2775,0.2622,120,120,0,0,0,0,0,120,None,None,None,None,0,3.4336,3.4373,3.4278,0.0018,0.5369,0.5375,0.5364,0.0004,0.9062,0.9088,0.9003,0.0021,-0.0001,-0.0001,-0.0001,0,0,0,0,0,0,0,0,0,0,0,0,0,284.9917,587,83,110.7058,0,0,0,0,428.1917,730,67,113.1094,36,46.4333,49,41,23.67,23.68,23.63
2022-11-22 18:10:00,2.5316,5.1688,0.9,0.9505,120,159.6445,32.0484,120,90.7608,90.9452,90.5179,0.1042,120,23.5984,23.676,23.4959,0.0509,120,1006.2029,1006.4394,1006.0182,0.1456,120,0.018,0.4803,0,0.0773,120,0,0,0,0,120,13.4331,13.7689,13.2775,0.2296,120,120,0.8,0,0,0,0,120,None,None,None,None,0,3.4367,3.4407,3.4336,0.0024,0.536,0.5368,0.535,0.0005,0.9076,0.9095,0.9052,0.001,-0.0001,-0.0001,-0.0001,0,0,0,0,0,0,0,0,0,0,0,0,0,252.35,539,75,103.3185,0.0667,1,0,0.2505,455.2667,816,241,92.7409,36,46.8167,47,41,23.66,23.68,23.63
2022-11-22 18:20:00,1.587,3.2644,0.3756,0.6532,120,155.5737,43.5735,120,91.23,91.4335,90.8841,0.1348,120,23.5031,23.5508,23.4684,0.0182,120,1006.4359,1006.6408,1006.2197,0.0972,120,0.002,0.2402,0,0.0219,120,0,0,0,0,120,13.5437,13.7689,13.2775,0.2459,120,120,0.2,0,0,0,0,120,None,None,None,None,0,3.4406,3.444,3.437,0.0016,0.535,0.5355,0.5347,0.0002,0.9123,0.9143,0.9088,0.0013,-0.0001,-0.0001,-0.0001,0,0,0,0,0,0,0,0,0,0,0,0,0,149.675,332,18,71.0013,0.0167,1,0,0.1286,440.025,994,49,132.0723,35.9,46.8833,47,43,23.66,23.68,23.63
2022-11-22 18:30:00,1.9281,4.1384,0.44,0.8066,120,147.0982,38.2112,120,91.2585,91.464,90.9452,0.1396,120,23.5193,23.5722,23.4471,0.0402,120,1006.5931,1006.8056,1006.4211,0.0693,120,0.4585,0.9614,0,0.2752,120,0,0,0,0,120,13.4782,13.7689,12.786,0.2508,120,120,0.1,0,0,0,0,120,None,None,None,None,0,3.4432,3.4468,3.4404,0.0012,0.5352,0.5357,0.5345,0.0004,0.9126,0.9146,0.9095,0.0014,-0.0001,-0.0001,-0.0001,0,0,0,0,0,0,0,0,0,0,0,0,0,186.75,427,25,87.677,0.0083,1,0,0.0913,418.8167,891,9,114.5492,35,46.8,49,41,23.66,23.68,23.63
2022-11-22 18:40:00,2.2089,4.3132,0.9184,0.7666,120,147.7687,44.1762,120,91.3106,91.525,91.1588,0.0763,120,23.4943,23.5142,23.4593,0.0122,120,1006.5668,1006.8056,1006.4028,0.0877,120,1.2857,2.4032,0.2402,0.5673,120,0.0092,0.3661,0,0.0574,120,13.4986,13.7689,13.2775,0.2455,120,120,0,0,0,0,0,120,None,None,None,None,0,3.4428,3.4468,3.44,0.0015,0.5349,0.5351,0.5346,0.0001,0.9131,0.9153,0.9116,0.0008,-0.0001,-0.0001,-0.0001,0,0,0,0,0,0,0,0,0,0,0,0,0,217.2667,446,77,83.3284,0,0,0,0,413.6583,625,147,123.3097,35,46.8,49,41,23.65,23.68,23.63
2022-11-22 18:50:00,2.4122,4.3316,0.7988,0.7741,120,145.6738,28.6699,120,91.3849,91.5555,91.1588,0.0987,120,23.559,23.6485,23.5051,0.039,120,1006.5943,1006.8056,1006.4028,0.0646,120,2.7155,4.5661,0.2402,1.133,120,0.1526,0.3661,0,0.1813,120,13.515,14.2604,13.2775,0.2547,120,120,0,0,0,0,0,120,None,None,None,None,0,3.4432,3.4468,3.44,0.0011,0.5356,0.5365,0.5351,0.0004,0.9138,0.9156,0.9116,0.001,-0.0001,-0.0001,-0.0001,0,0,0.0001,0,0,0,0,0,0,0,0,0,0,239.3667,448,64,84.1359,0,0,0,0,414.4083,661,172,83.0091,35,46.9333,47,41,23.65,23.68,23.63
2022-11-22 19:00:00,1.7179,3.4576,0.4216,0.6924,120,153.5648,41.9886,120,91.61,91.7692,91.464,0.0918,120,23.6906,23.7339,23.6424,0.0247,120,1006.7107,1006.9887,1006.4211,0.1192,120,0.062,0.2402,0,0.1056,120,0,0,0,0,120,13.4863,13.7689,13.2775,0.244,120,120,0,0,0,0,0,120,None,None,None,None,0,3.4452,3.4498,3.4404,0.002,0.5369,0.5373,0.5364,0.0003,0.9161,0.9177,0.9146,0.0009,-0.0001,-0.0001,-0.0001,0,0,0,0,0,0,0,0,0,0,0,0,0,163.9,353,23,75.2557,0,0,0,0,441.05,1011,35,131.0852,35,46.6,49,41,23.65,23.68,23.63
2022-11-22 19:10:00,1.1395,2.326,0.3296,0.4207,120,85.8479,46.9467,120,91.7496,91.8607,91.586,0.0653,120,23.7723,23.8163,23.7339,0.0267,120,1006.9417,1007.1902,1006.769,0.0954,120,0.1141,0.4803,0,0.1356,120,0,0,0,0,120,13.5027,13.7689,13.2775,0.2459,120,120,0,0,0,0,0,120,None,None,None,None,0,3.449,3.4532,3.4462,0.0016,0.5377,0.5382,0.5373,0.0003,0.9175,0.9186,0.9159,0.0007,-0.0001,-0.0001,-0.0001,0,0,0,0,0,0,0,0,0,0,0,0,0,101.0333,230,13,45.7246,0,0,0,0,305.1833,1020,14,200.165,35,46.95,47,45,23.65,23.68,23.63
2022-11-22 19:20:00,1.2012,2.51,0.256,0.618,120,107.2154,46.9168,120,91.9324,92.0438,91.7386,0.0754,120,23.8985,23.9811,23.8133,0.0533,120,1006.975,1007.0986,1006.7873,0.0548,120,0.018,0.2402,0,0.0635,120,0,0,0,0,120,13.5519,13.7689,13.2775,0.2451,120,120,0,0,0,0,0,120,None,None,None,None,0,3.4496,3.4516,3.4465,0.0009,0.539,0.5398,0.5381,0.0005,0.9193,0.9204,0.9174,0.0008,-0.0001,-0.0001,-0.0001,0,0,0,0,0,0,0,0,0,0,0,0,0,107.7417,250,5,67.1687,0,0,0,0,329.2583,1017,13,158.3742,35,46.9333,49,41,23.64,23.68,23.63
2022-11-22 19:30:00,1.5536,3.4208,0.5044,0.5242,120,140.3039,36.2955,120,91.8424,91.9523,91.7081,0.0589,120,23.9891,24.0117,23.9689,0.0116,120,1006.8189,1007.0071,1006.5859,0.1089,120,0.7329,2.163,0,0.5658,120,0,0,0,0,120,13.4863,13.7689,13.2775,0.244,120,120,0,0,0,0,0,120,None,None,None,None,0,3.447,3.4501,3.4431,0.0018,0.5399,0.5401,0.5397,0.0001,0.9184,0.9195,0.9171,0.0006,-0.0001,-0.0001,-0.0001,0,0,0,0,0,0,0,0,0,0,0,0,0,146.0417,349,32,56.9799,0,0,0,0,398.2917,652,176,103.3058,35,46.8667,49,41,23.64,23.68,23.63
2022-11-22 19:40:00,1.3516,2.556,0.532,0.4433,120,125.4872,33.9947,120,91.7521,91.9523,91.586,0.0909,120,24.0304,24.0544,23.9811,0.0202,120,1006.8026,1006.9887,1006.5859,0.0671,120,1.7881,2.4032,1.2016,0.2985,120,0,0,0,0,120,13.4536,13.7689,13.2775,0.2366,120,120,0,0,0,0,0,120,None,None,None,None,0,3.4467,3.4498,3.4431,0.0011,0.5403,0.5405,0.5398,0.0002,0.9175,0.9195,0.9159,0.0009,-0.0001,-0.0001,-0.0001,0,0,0,0,0,0,0,0,0,0,0,0,0,124.0833,255,35,48.1804,0,0,0,0,357.1917,670,65,99.2214,35,46.9,49,43,23.64,23.68,23.63
2022-11-22 19:50:00,1.5865,2.5192,0.762,0.3844,120,134.4713,36.7618,120,91.5883,91.7081,91.4945,0.0594,120,24.0616,24.1032,24.03,0.0194,120,1006.9091,1006.9887,1006.769,0.0962,120,3.3541,4.3252,1.922,0.6515,120,0.0244,0.3661,0,0.0917,120,13.4945,13.7689,13.2775,0.2451,120,120,0,0,0,0,0,120,None,None,None,None,0,3.4485,3.4498,3.4462,0.0016,0.5406,0.541,0.5403,0.0002,0.9159,0.9171,0.9149,0.0006,-0.0001,-0.0001,-0.0001,0,0,0.0001,0,0,0,0,0,0,0,0,0,0,149.625,251,60,41.7795,0,0,0,0,389.375,900,94,113.538,34.2,46.75,47,41,23.64,23.68,23.63
2022-11-22 20:00:00,1.6711,2.8504,0.7712,0.4061,120,105.6105,29.0029,120,91.5995,91.7386,91.4945,0.052,120,24.2118,24.3199,24.1002,0.0667,120,1006.885,1006.9887,1006.769,0.0995,120,4.1572,4.8063,3.8449,0.2866,120,0.1617,0.3661,0,0.1826,120,13.5314,13.7689,13.2775,0.2466,120,120,0,0,0,0,0,120,None,None,None,None,0,3.4481,3.4498,3.4462,0.0017,0.5421,0.5432,0.541,0.0007,0.916,0.9174,0.9149,0.0005,-0.0001,-0.0001,-0.0001,0,0.0001,0.0001,0,0,0,0,0,0,0,0,0,0,158.8167,287,61,44.1382,0,0,0,0,305.9,673,187,86.5947,34,46.9,47,41,23.64,23.68,23.63
2022-11-22 20:10:00,1.2867,4.166,0.4032,0.6473,120,108.8584,32.4369,120,91.5952,91.7386,91.4335,0.0738,120,24.3651,24.3931,24.3107,0.0186,120,1006.816,1006.9887,1006.5859,0.0868,120,3.0218,4.5661,2.163,0.5552,120,0,0,0,0,120,13.5273,13.7689,13.2775,0.2467,120,120,0,0,0,0,0,120,None,None,None,None,0,3.4469,3.4498,3.4431,0.0014,0.5436,0.5439,0.5431,0.0002,0.916,0.9174,0.9143,0.0007,-0.0001,-0.0001,-0.0001,0,0,0.0001,0,0,0,0,0,0,0,0,0,0,117.0333,430,21,70.3616,0,0,0,0,310.7583,608,122,92.9632,34,46.9,49,41,23.64,23.68,23.63
2022-11-22 20:20:00,1.4376,2.8504,0.2376,0.5237,120,95.307,47.762,120,91.3579,91.7997,90.6705,0.2667,120,24.3737,24.4389,24.2619,0.0568,120,1006.9971,1007.1718,1006.9521,0.0586,120,3.6948,4.5661,3.1236,0.3455,120,0,0,0,0,120,13.4863,13.7689,12.786,0.2522,120,120,0,0,0,0,0,120,None,None,None,None,0,3.45,3.4529,3.4492,0.001,0.5437,0.5444,0.5426,0.0006,0.9136,0.918,0.9067,0.0027,-0.0001,-0.0001,-0.0001,0,0,0.0001,0,0,0,0,0,0,0,0,0,0,133.4333,287,3,56.9208,0,0,0,0,296.7583,917,26,155.4684,34,46.9667,49,41,23.64,23.68,23.63
2022-11-22 20:30:00,1.1883,2.8136,0.5228,0.4426,120,105.1082,34.8868,120,91.0024,91.2198,90.5789,0.1495,120,24.1083,24.2589,24.0452,0.0507,120,1007.1555,1007.355,1006.9521,0.0827,120,4.1673,5.0465,3.3646,0.4232,120,0,0,0,0,120,13.3553,13.7689,13.2775,0.1802,120,120,0,0,0,0,0,120,None,None,None,None,0,3.4526,3.4559,3.4492,0.0014,0.5411,0.5426,0.5404,0.0005,0.91,0.9122,0.9058,0.0015,-0.0001,-0.0001,-0.0001,0,0.0001,0.0001,0,0,0,0,0,0,0,0,0,0,106.3417,283,34,48.1043,0,0,0,0,299.5417,632,9,100.8635,34,46.8667,47,41,23.64,23.68,23.63
2022-11-22 20:40:00,1.1731,2.4364,0.486,0.4419,120,114.4581,36.7156,120,91.0682,91.1893,90.8841,0.0684,120,24.0631,24.1185,24.0361,0.0203,120,1007.1537,1007.355,1006.9521,0.0803,120,4.1914,5.2866,3.3646,0.4743,120,0,0,0,0,120,13.3881,13.7689,13.2775,0.2061,120,120,0,0,0,0,0,120,None,None,None,None,0,3.4526,3.4559,3.4492,0.0013,0.5406,0.5412,0.5404,0.0002,0.9107,0.9119,0.9088,0.0007,-0.0001,-0.0001,-0.0001,0,0.0001,0.0001,0,0,0,0,0,0,0,0,0,0,104.6833,242,30,48.031,0,0,0,0,331.925,972,35,117.0879,34,46.9,49,41,23.64,23.68,23.63
2022-11-22 20:50:00,1.2337,2.326,0.578,0.3837,120,129.4929,23.4135,120,91.0517,91.1893,90.9146,0.0645,120,24.1881,24.2558,24.1124,0.0406,120,1007.0429,1007.3366,1006.9521,0.0964,120,3.4444,4.8063,2.163,0.6574,120,0,0,0,0,120,13.4208,13.7689,13.2775,0.2243,120,120,0,0,0,0,0,120,None,None,None,None,0,3.4507,3.4556,3.4492,0.0016,0.5419,0.5426,0.5411,0.0004,0.9105,0.9119,0.9091,0.0006,-0.0001,-0.0001,-0.0001,0,0,0.0001,0,0,0,0,0,0,0,0,0,0,111.275,230,40,41.7044,0,0,0,0,368.2,559,240,67.0226,34,46.8667,47,41,23.63,23.68,23.63
2022-11-22 21:00:00,1.1883,1.9948,0.5228,0.3832,120,124.703,39.3391,120,90.9093,91.0062,90.8231,0.0442,120,24.3129,24.4053,24.2466,0.044,120,1006.999,1007.1718,1006.9521,0.0737,120,3.957,5.0465,2.8835,0.5241,120,0,0,0,0,120,13.5683,14.2604,13.2775,0.2508,120,120,0,0,0,0,0,120,None,None,None,None,0,3.45,3.4529,3.4492,0.0012,0.5431,0.5441,0.5425,0.0004,0.9091,0.9101,0.9082,0.0004,-0.0001,-0.0001,-0.0001,0,0.0001,0.0001,0,0,0,0,0,0,0,0,0,0,106.3417,194,34,41.6576,0,0,0,0,363.4833,961,8,130.1764,34,46.9333,49,41,23.64,23.68,23.63
2022-11-22 21:10:00,0.9804,1.82,0.4492,0.2875,120,134.623,35.6644,120,90.7379,90.9146,90.6095,0.0733,120,24.5021,24.5946,24.4023,0.0528,120,1007.0504,1007.1718,1006.9521,0.0958,120,3.4945,4.3252,2.4032,0.3003,120,0,0,0,0,120,13.5723,13.7689,13.2775,0.2418,120,120,0,0,0,0,0,120,None,None,None,None,0,3.4508,3.4529,3.4492,0.0016,0.545,0.546,0.544,0.0005,0.9074,0.9091,0.9061,0.0007,-0.0001,-0.0001,-0.0001,0,0,0.0001,0,0,0,0,0,0,0,0,0,0,83.7417,175,26,31.2543,0,0,0,0,383.175,680,54,102.6076,34,46.7167,49,39,23.63,23.68,23.63
2022-11-22 21:20:00,0.8289,1.82,0.2836,0.388,120,174.0841,36.1698,120,90.5731,90.6705,90.4263,0.0626,120,24.6792,24.7502,24.5854,0.0517,120,1007.0925,1007.355,1006.9521,0.0989,120,2.2587,3.1236,1.4417,0.4719,120,0,0,0,0,120,13.4782,13.7689,13.2775,0.2426,120,120,0,0,0,0,0,120,None,None,None,None,0,3.4515,3.4559,3.4492,0.0016,0.5468,0.5475,0.5458,0.0005,0.9057,0.9067,0.9043,0.0006,-0.0001,-0.0001,-0.0001,0,0,0,0,0,0,0,0,0,0,0,0,0,67.275,175,8,42.1713,0,0,0,0,493.6833,745,162,103.6952,34,46.8333,49,41,23.64,23.68,23.63
2022-11-22 21:30:00,0.8623,1.3508,0.4308,0.2076,120,187.5907,17.7609,120,90.3083,90.4569,90.2738,0.0352,120,24.7042,24.7502,24.6678,0.0244,120,1007.2033,1007.355,1006.9521,0.1006,120,0.7189,1.4417,0.2402,0.2744,120,0,0,0,0,120,13.4331,13.7689,13.2775,0.2296,120,120,0,0,0,0,0,120,None,None,None,None,0,3.4534,3.4559,3.4492,0.0017,0.547,0.5475,0.5467,0.0002,0.9031,0.9046,0.9027,0.0004,-0.0001,-0.0001,-0.0001,0,0,0,0,0,0,0,0,0,0,0,0,0,70.9,124,24,22.5684,0,0,0,0,532.75,674,430,50.8263,34,46.8167,47,41,23.64,23.68,23.63
2022-11-22 21:40:00,1.281,2.0776,0.4584,0.3905,120,154.2104,26.5154,120,90.2697,90.3653,90.1822,0.0463,120,24.6671,24.6861,24.6434,0.0111,120,1007.0096,1007.1718,1006.769,0.09,120,0.7089,1.4417,0,0.3538,120,0,0,0,0,120,13.5027,13.7689,13.2775,0.2459,120,120,0,0,0,0,0,120,None,None,None,None,0,3.4502,3.4529,3.4462,0.0015,0.5467,0.5469,0.5464,0.0001,0.9027,0.9037,0.9018,0.0005,-0.0001,-0.0001,-0.0001,0,0,0,0,0,0,0,0,0,0,0,0,0,116.4167,203,27,42.4505,0,0,0,0,437.45,621,213,75.9435,34,46.9333,49,41,23.64,23.68,23.63
2022-11-22 21:50:00,0.8141,2.1604,0,0.5119,120,140.1955,59.5253,120,90.2028,90.2738,90.1212,0.0341,120,24.7304,24.796,24.677,0.0339,120,1006.9828,1007.1718,1006.9521,0.0631,120,0.4085,0.9614,0,0.3202,120,0,0,0,0,120,13.4454,13.7689,12.786,0.2426,120,120,0,0,0,0,0,120,None,None,None,None,0,3.4497,3.4529,3.4492,0.0011,0.5473,0.548,0.5468,0.0003,0.902,0.9027,0.9012,0.0003,-0.0001,-0.0001,-0.0001,0,0,0,0,0,0,0,0,0,0,0,0,0,67.7583,212,0,52.6004,0,0,0,0,408.9583,820,67,168.5542,34,46.8833,47,41,23.64,23.68,23.63
2022-11-22 22:00:00,1.2186,3.936,0.2376,0.6378,120,90.9587,55.4309,120,89.6916,90.2127,89.2666,0.2196,120,24.7115,24.8082,24.6037,0.0665,120,1006.9785,1007.1718,1006.769,0.061,120,1.2155,3.6047,0,1.2007,120,0,0,0,0,120,13.3307,13.7689,12.786,0.1779,120,120,0,0,0,0,0,120,None,None,None,None,0,3.4496,3.4529,3.4462,0.001,0.5471,0.5481,0.546,0.0007,0.8969,0.9021,0.8927,0.0022,-0.0001,-0.0001,-0.0001,0,0,0,0,0,0,0,0,0,0,0,0,0,109.625,405,3,69.3257,0,0,0,0,312.0167,1013,6,205.7931,34,46.8333,47,41,23.63,23.68,23.63
2022-11-22 22:10:00,2.779,6.3464,0.9644,1.0015,120,100.3297,33.438,120,89.5555,89.8465,89.3582,0.1136,120,24.7355,24.9303,24.5824,0.1155,120,1006.8307,1007.1718,1006.5676,0.1032,120,4.1532,5.7669,2.4032,0.8718,120,0,0,0,0,120,13.6256,13.7689,13.2775,0.2243,120,120,0,0,0,0,0,120,None,None,None,None,0,3.4472,3.4529,3.4428,0.0017,0.5474,0.5493,0.5458,0.0012,0.8956,0.8985,0.8936,0.0011,-0.0001,-0.0001,-0.0001,0,0.0001,0.0001,0,0,0,0,0,0,0,0,0,0,279.2417,667,82,108.857,0,0,0,0,286.5833,594,25,98.0781,34,46.7833,47,41,23.64,23.68,23.63
2022-11-22 22:20:00,2.8374,5.3344,1.084,0.9547,120,108.2472,24.7002,120,89.2555,89.4498,88.9309,0.1386,120,25.0377,25.1225,24.9272,0.0549,120,1006.6938,1006.7873,1006.5676,0.0905,120,0.6928,2.4032,0,0.7106,120,0,0,0,0,120,13.5887,13.7689,13.2775,0.2378,120,120,0,0,0,0,0,120,None,None,None,None,0,3.4449,3.4465,3.4428,0.0015,0.5504,0.5512,0.5493,0.0006,0.8926,0.8945,0.8893,0.0014,-0.0001,-0.0001,-0.0001,0,0,0,0,0,0,0,0,0,0,0,0,0,285.5917,557,95,103.7737,0,0,0,0,308.5,628,112,72.3205,34,46.6667,49,41,23.64,23.68,23.63
2022-11-22 22:30:00,2.6722,4.7732,1.1852,0.8671,120,104.2322,29.9016,120,88.6987,88.992,88.229,0.2476,120,25.187,25.2477,25.1103,0.0442,120,1006.6739,1006.7873,1006.5676,0.093,120,0,0,0,0,120,0,0,0,0,120,13.5723,13.7689,13.2775,0.2418,120,120,0,0,0,0,0,120,None,None,None,None,0,3.4446,3.4465,3.4428,0.0016,0.5519,0.5525,0.5511,0.0004,0.887,0.8899,0.8823,0.0025,-0.0001,-0.0001,-0.0001,0,0,0,0,0,0,0,0,0,0,0,0,0,267.6333,496,106,94.2491,0,0,0,0,297.4417,534,69,86.4635,34,46.8333,49,41,23.64,23.68,23.63
2022-11-22 22:40:00,2.3509,5.0032,0.7528,0.7839,120,103.0883,32.2623,120,87.9068,88.229,87.5881,0.2009,120,25.2497,25.3056,25.2141,0.0224,120,1006.5432,1006.769,1006.3662,0.0923,120,0,0,0,0,120,0,0,0,0,120,13.5478,14.2604,13.2775,0.2615,120,120,0,0,0,0,0,120,None,None,None,None,0,3.4424,3.4462,3.4394,0.0015,0.5525,0.5531,0.5521,0.0002,0.8791,0.8823,0.8759,0.002,-0.0001,-0.0001,-0.0001,0,0,0,0,0,0,0,0,0,0,0,0,0,232.7083,521,59,85.2085,0,0,0,0,301.775,982,20,109.3407,34,46.85,47,41,23.64,23.68,23.63
2022-11-22 22:50:00,2.7518,5.9416,0.8908,1.067,120,100.0329,26.468,120,86.9256,87.5576,86.4589,0.2765,120,25.3162,25.385,25.2904,0.0218,120,1006.2781,1006.5859,1005.9999,0.1078,120,0,0,0,0,120,0,0,0,0,120,13.5764,14.2604,13.2775,0.2492,120,120,0,0,0,0,0,120,None,None,None,None,0,3.438,3.4431,3.4333,0.0018,0.5532,0.5538,0.5529,0.0002,0.8693,0.8756,0.8646,0.0028,-0.0001,-0.0001,-0.0001,0,0,0,0,0,0,0,0,0,0,0,0,0,276.2833,623,74,115.9785,0,0,0,0,287.4833,678,136,79.1032,34,46.6833,49,41,23.63,23.68,23.63
2022-11-22 23:00:00,2.3143,5.4264,0.6148,1.0829,120,108.3565,32.4356,120,85.7789,86.4284,85.1466,0.3421,120,25.407,25.4369,25.3789,0.0191,120,1006.2139,1006.4028,1006.1831,0.0524,120,0,0,0,0,120,0,0,0,0,120,13.5109,14.2604,13.2775,0.2546,120,120,0,0,0,0,0,120,None,None,None,None,0,3.4369,3.44,3.4364,0.0009,0.5541,0.5544,0.5538,0.0002,0.8578,0.8643,0.8515,0.0034,-0.0001,-0.0001,-0.0001,0,0,0,0,0,0,0,0,0,0,0,0,0,228.7333,567,44,117.7019,0,0,0,0,311.3583,643,70,94.6291,34,46.8167,47,41,23.63,23.68,23.63
2022-11-22 23:10:00,1.8205,3.7152,0.5044,0.6766,120,98.1458,28.3678,120,84.7138,85.1772,84.2311,0.2779,120,25.4149,25.4308,25.4033,0.0056,120,1006.204,1006.4028,1005.9999,0.0495,120,0,0,0,0,120,0,0,0,0,120,13.4904,13.7689,12.786,0.2527,120,120,0,0,0,0,0,120,None,None,None,None,0,3.4367,3.44,3.4333,0.0008,0.5542,0.5543,0.554,0.0001,0.8471,0.8518,0.8423,0.0028,-0.0001,-0.0001,-0.0001,0,0,0,0,0,0,0,0,0,0,0,0,0,175.05,381,32,73.5394,0,0,0,0,283.1333,892,31,94.7948,34,46.85,49,41,23.64,23.68,23.63
2022-11-22 23:20:00,1.5592,3.7336,0.3112,0.8099,120,106.9246,40.7309,120,83.767,84.2311,83.4376,0.2335,120,25.3855,25.4277,25.3575,0.0241,120,1006.1869,1006.3845,1005.9816,0.0904,120,0,0,0,0,120,0,0,0,0,120,13.4249,13.7689,12.786,0.2516,120,120,0,0,0,0,0,120,None,None,None,None,0,3.4364,3.4397,3.433,0.0015,0.5539,0.5543,0.5536,0.0002,0.8377,0.8423,0.8344,0.0023,-0.0001,-0.0001,-0.0001,0,0,0,0,0,0,0,0,0,0,0,0,0,146.65,383,11,88.034,0,0,0,0,329.3,1018,12,152.7193,34,46.85,49,41,23.63,23.68,23.63
2022-11-22 23:30:00,2.1341,3.844,0.9,0.6758,120,105.2527,24.8222,120,83.2036,83.4681,82.8578,0.1614,120,25.3896,25.4399,25.3484,0.0282,120,1006.0312,1006.2014,1005.9816,0.0649,120,0,0,0,0,120,0,0,0,0,120,13.5191,13.7689,13.2775,0.2467,120,120,0,0,0,0,0,120,None,None,None,None,0,3.4339,3.4367,3.433,0.0011,0.5539,0.5544,0.5535,0.0003,0.832,0.8347,0.8286,0.0016,-0.0001,-0.0001,-0.0001,0,0,0,0,0,0,0,0,0,0,0,0,0,209.1417,395,75,73.4546,0,0,0,0,298.3833,487,2,72.2845,34,46.85,49,41,23.63,23.68,23.63
2022-11-22 23:40:00,1.7368,2.8688,0.3756,0.5169,120,109.3162,31.2121,120,82.6322,82.8578,82.4305,0.1276,120,25.4552,25.4765,25.4338,0.0115,120,1005.871,1006.0182,1005.6154,0.0917,120,0,0,0,0,120,0,0,0,0,120,13.4536,13.7689,13.2775,0.2366,120,120,0,0,0,0,0,120,None,None,None,None,0,3.4312,3.4336,3.4269,0.0015,0.5545,0.5548,0.5543,0.0001,0.8263,0.8286,0.8243,0.0013,-0.0001,-0.0001,-0.0001,0,0,0,0,0,0,0,0,0,0,0,0,0,165.9583,289,18,56.1861,0,0,0,0,318.05,750,158,95.6554,34,46.9333,49,41,23.63,23.68,23.63
2022-11-22 23:50:00,1.6431,3.2,0.5044,0.5874,120,126.028,36.482,120,82.2359,82.4305,82.0948,0.1023,120,25.4586,25.4735,25.443,0.0083,120,1005.681,1005.8351,1005.4506,0.1113,120,0,0,0,0,120,0,0,0,0,120,13.3962,13.7689,13.2775,0.2113,120,120,0,0,0,0,0,120,None,None,None,None,0,3.428,3.4306,3.4242,0.0019,0.5546,0.5547,0.5544,0.0001,0.8224,0.8243,0.8209,0.001,-0.0001,-0.0001,-0.0001,0,0,0,0,0,0,0,0,0,0,0,0,0,155.7667,325,32,63.8506,0,0,0,0,365.0667,806,158,109.0127,34,46.45,49,41,23.64,23.68,23.63
