datetime,Anemometer;wind_speed;Avg (m/s),Anemometer;wind_speed;Max (m/s),Anemometer;wind_speed;Min (m/s),Anemometer;wind_speed;StdDev (m/s),Anemometer;wind_speed;Count (),Wind Vane TMR;wind_direction;Avg (°),Wind Vane TMR;wind_direction;StdDev (°),Wind Vane TMR;wind_direction;Count (),Hygro/Thermo;humidity;Avg (%),Hygro/Thermo;humidity;Max (%),Hygro/Thermo;humidity;Min (%),Hygro/Thermo;humidity;StdDev (%),Hygro/Thermo;humidity;Count (),Hygro/Thermo;temperature;Avg (°C),Hygro/Thermo;temperature;Max (°C),Hygro/Thermo;temperature;Min (°C),Hygro/Thermo;temperature;StdDev (°C),Hygro/Thermo;temperature;Count (),Barometer;air_pressure;Avg (hPa),Barometer;air_pressure;Max (hPa),Barometer;air_pressure;Min (hPa),Barometer;air_pressure;StdDev (hPa),Barometer;air_pressure;Count (),DHI (Diffuse Horizontal Irradiance);solar_irradiance;Avg (W/m²),DHI (Diffuse Horizontal Irradiance);solar_irradiance;Max (W/m²),DHI (Diffuse Horizontal Irradiance);solar_irradiance;Min (W/m²),DHI (Diffuse Horizontal Irradiance);solar_irradiance;StdDev (W/m²),DHI (Diffuse Horizontal Irradiance);solar_irradiance;Count (),GHI (Global Horizontal Irradiance);solar_irradiance;Avg (W/m²),GHI (Global Horizontal Irradiance);solar_irradiance;Max (W/m²),GHI (Global Horizontal Irradiance);solar_irradiance;Min (W/m²),GHI (Global Horizontal Irradiance);solar_irradiance;StdDev (W/m²),GHI (Global Horizontal Irradiance);solar_irradiance;Count (),DNI (Direct Normal Irradiance) Pyrheliometer;solar_DNI;Avg (W/m²),DNI (Direct Normal Irradiance) Pyrheliometer;solar_DNI;Max (W/m²),DNI (Direct Normal Irradiance) Pyrheliometer;solar_DNI;Min (W/m²),DNI (Direct Normal Irradiance) Pyrheliometer;solar_DNI;StdDev (W/m²),DNI (Direct Normal Irradiance) Pyrheliometer;solar_DNI;Count (),Precipitation;precipitation;Count (),Precipitation;precipitation;Sum (mm),GTI (Global Tilt Irradiance) PV Cell;voltage;Avg (W/m2),GTI (Global Tilt Irradiance) PV Cell;voltage;Max (W/m2),GTI (Global Tilt Irradiance) PV Cell;voltage;Min (W/m2),GTI (Global Tilt Irradiance) PV Cell;voltage;StdDev (W/m2),GTI (Global Tilt Irradiance) PV Cell;voltage;Count (),Theta;other;Avg (°),Theta;other;Max (°),Theta;other;Min (°),Theta;other;StdDev (°),Theta;other;Count (),A1;channel;Avg (V),A1;channel;Max (V),A1;channel;Min (V),A1;channel;StdDev (V),A2;channel;Avg (V),A2;channel;Max (V),A2;channel;Min (V),A2;channel;StdDev (V),A3;channel;Avg (V),A3;channel;Max (V),A3;channel;Min (V),A3;channel;StdDev (V),A4;channel;Avg (V),A4;channel;Max (V),A4;channel;Min (V),A4;channel;StdDev (V),A5;channel;Avg (V),A5;channel;Max (V),A5;channel;Min (V),A5;channel;StdDev (V),A6;channel;Avg (V),A6;channel;Max (V),A6;channel;Min (V),A6;channel;StdDev (V),A7;channel;Avg (V),A7;channel;Max (V),A7;channel;Min (V),A7;channel;StdDev (V),C1;channel;Avg (I),C1;channel;Max (I),C1;channel;Min (I),C1;channel;StdDev (I),C2;channel;Avg (I),C2;channel;Max (I),C2;channel;Min (I),C2;channel;StdDev (I),D1;channel;Avg (),D1;channel;Max (),D1;channel;Min (),D1;channel;StdDev (),T;channel;Avg (°C),I;channel;Avg (mA),I;channel;Max (mA),I;channel;Min (mA),V;channel;Avg (V),V;channel;Max (V),V;channel;Min (V)
2022-11-24 00:00:00,1.5194,3.4392,0.44,0.6989,120,69.835,49.4386,120,77.8199,77.9138,77.6391,0.0565,120,26.1823,26.2243,26.1358,0.0272,120,1006.3573,1006.4577,1006.238,0.0955,120,0,0,0,0,120,0,0,0,0,120,13.7935,14.2604,13.2775,0.2193,120,120,0,0,0,0,0,120,None,None,None,None,0,3.4393,3.441,3.4373,0.0016,0.5618,0.5622,0.5614,0.0003,0.7782,0.7791,0.7764,0.0006,-0.0001,-0.0001,-0.0001,0,0,0,0,0,0,0,0,0,0,0,0,0,142.325,351,25,75.9715,0,0,0,0,294.9,1019,5,238.8086,36,48.2333,53,47,23.66,23.68,23.63
2022-11-24 00:10:00,1.7253,3.5956,0.3296,0.6608,120,69.7125,38.8261,120,77.8385,77.9443,77.7612,0.042,120,26.124,26.1449,26.1083,0.0082,120,1006.2787,1006.4577,1006.238,0.0715,120,0,0,0,0,120,0,0,0,0,120,13.8058,14.2604,13.2775,0.2222,120,120,0,0,0,0,0,120,None,None,None,None,0,3.438,3.441,3.4373,0.0012,0.5612,0.5615,0.5611,0.0001,0.7784,0.7794,0.7776,0.0004,-0.0001,-0.0001,-0.0001,0,0,0,0,0,0,0,0,0,0,0,0,0,164.7083,368,13,71.8298,0,0,0,0,223.175,887,10,143.8537,36,48.0833,53,45,23.67,23.68,23.63
2022-11-24 00:20:00,1.586,3.0528,0.44,0.6691,120,73.8037,31.7788,120,77.7983,77.8832,77.7612,0.0257,120,26.1352,26.1632,26.1113,0.0131,120,1006.2398,1006.4394,1006.0549,0.0519,120,0,0,0,0,120,0,0,0,0,120,13.8427,14.2604,13.2775,0.2266,120,120,0,0,0,0,0,120,None,None,None,None,0,3.4373,3.4407,3.4342,0.0009,0.5614,0.5616,0.5611,0.0001,0.778,0.7788,0.7776,0.0003,-0.0001,-0.0001,-0.0001,0,0,0,0,0,0,0,0,0,0,0,0,0,149.5667,309,25,72.7255,0,0,0,0,226.4417,915,13,123.7507,36,48.6167,53,47,23.66,23.68,23.63
2022-11-24 00:30:00,2.2852,4.994,0.6148,0.8168,120,74.8966,29.1089,120,77.7383,77.8222,77.5781,0.0725,120,26.1685,26.1907,26.1449,0.0105,120,1006.1383,1006.2563,1005.8535,0.0992,120,0,0,0,0,120,0,0,0,0,120,13.8099,14.2604,13.2775,0.2515,120,120,0,0,0,0,0,120,None,None,None,None,0,3.4356,3.4376,3.4309,0.0017,0.5617,0.5619,0.5615,0.0001,0.7774,0.7782,0.7758,0.0007,-0.0001,-0.0001,-0.0001,0,0,0,0,0,0,0,0,0,0,0,0,0,225.5667,520,44,88.7821,0,0,0,0,222.0417,984,51,107.0758,36,48,53,43,23.66,23.68,23.63
2022-11-24 00:40:00,1.9015,3.9912,0.67,0.718,120,70.9366,28.4726,120,77.5732,77.7001,77.456,0.077,120,26.1368,26.1571,26.1083,0.0144,120,1005.9828,1006.238,1005.8535,0.0991,120,0,0,0,0,120,0,0,0,0,120,13.7321,14.2604,13.2775,0.2129,120,120,0,0,0,0,0,120,None,None,None,None,0,3.433,3.4373,3.4309,0.0017,0.5614,0.5616,0.5611,0.0001,0.7757,0.777,0.7746,0.0008,-0.0001,-0.0001,-0.0001,0,0,0,0,0,0,0,0,0,0,0,0,0,183.8583,411,50,78.0452,0,0,0,0,204.675,612,31,85.7524,36,46.9167,47,41,23.66,23.68,23.63
2022-11-24 00:50:00,1.4321,3.6876,0.2652,0.8089,120,69.4778,49.1539,120,77.4102,77.4865,77.3339,0.0347,120,26.0724,26.1174,26.0167,0.0275,120,1005.9165,1006.0732,1005.8535,0.085,120,0,0,0,0,120,0,0,0,0,120,13.687,14.2604,13.2775,0.1946,120,120,0,0,0,0,0,120,None,None,None,None,0,3.4319,3.4346,3.4309,0.0014,0.5607,0.5612,0.5602,0.0003,0.7741,0.7749,0.7733,0.0003,-0.0001,-0.0001,-0.0001,0,0,0,0,0,0,0,0,0,0,0,0,0,132.8333,378,6,87.9287,0,0,0,0,272.7667,1017,1,214.3619,36,46.8,49,41,23.67,23.68,23.63
2022-11-24 01:00:00,1.733,3.4392,0.5504,0.7385,120,76.3978,43.0392,120,77.4753,77.5781,77.3644,0.0707,120,25.988,26.0198,25.9618,0.014,120,1005.8681,1006.0732,1005.6703,0.0716,120,0,0,0,0,120,0,0,0,0,120,13.7566,14.2604,13.2775,0.1853,120,120,0,0,0,0,0,120,None,None,None,None,0,3.4311,3.4346,3.4278,0.0012,0.5599,0.5602,0.5596,0.0001,0.7748,0.7758,0.7736,0.0007,-0.0001,-0.0001,-0.0001,0,0,0,0,0,0,0,0,0,0,0,0,0,165.5417,351,37,80.2677,0,0,0,0,251.3333,997,35,162.4538,36,46.8833,47,41,23.67,23.68,23.63
2022-11-24 01:10:00,1.6776,2.8504,0.6884,0.5271,120,69.1632,35.5363,120,77.5389,77.6086,77.4255,0.0516,120,25.9811,26.0076,25.9618,0.013,120,1005.8112,1005.8901,1005.652,0.087,120,0,0,0,0,120,0,0,0,0,120,13.7648,14.2604,13.2775,0.1857,120,120,0,0,0,0,0,120,None,None,None,None,0,3.4302,3.4315,3.4275,0.0014,0.5598,0.5601,0.5596,0.0001,0.7754,0.7761,0.7743,0.0005,-0.0001,-0.0001,-0.0001,0,0,0,0,0,0,0,0,0,0,0,0,0,159.5167,287,52,57.2911,0,0,0,0,241.1833,1020,4,178.8223,36,46.8333,49,41,23.67,23.68,23.63
2022-11-24 01:20:00,1.8409,3.8348,0.3756,0.8186,120,57.9996,35.1702,120,77.6335,77.7612,77.517,0.0681,120,25.961,25.977,25.9282,0.0114,120,1005.7266,1005.8718,1005.4872,0.0882,120,0,0,0,0,120,0,0,0,0,120,13.728,14.2604,13.2775,0.1867,120,120,0,0,0,0,0,120,None,None,None,None,0,3.4288,3.4312,3.4248,0.0015,0.5596,0.5598,0.5593,0.0001,0.7763,0.7776,0.7752,0.0007,-0.0001,-0.0001,-0.0001,0,0,0,0,0,0,0,0,0,0,0,0,0,177.2667,394,18,88.9824,0,0,0,0,221.975,1019,23,201.5577,36,46.8667,49,41,23.66,23.68,23.63
2022-11-24 01:30:00,1.5477,3.1816,0.3664,0.5765,120,62.4138,35.1133,120,77.5773,77.6391,77.517,0.0355,120,25.8894,25.9374,25.8367,0.0282,120,1005.7181,1005.8718,1005.4689,0.1016,120,0,0,0,0,120,0,0,0,0,120,13.7116,14.2604,13.2775,0.2131,120,120,0,0,0,0,0,120,None,None,None,None,0,3.4286,3.4312,3.4245,0.0017,0.5589,0.5594,0.5584,0.0003,0.7758,0.7764,0.7752,0.0004,-0.0001,-0.0001,-0.0001,0,0,0,0,0,0,0,0,0,0,0,0,0,145.4,323,17,62.6654,0,0,0,0,212.225,1017,14,162.3777,36,46.85,49,41,23.66,23.68,23.63
2022-11-24 01:40:00,1.3162,2.8872,0.2468,0.6008,120,76.5315,41.38,120,77.504,77.6086,77.3949,0.0656,120,25.8186,25.8458,25.7726,0.0196,120,1005.5168,1005.6887,1005.3041,0.0882,120,0,0,0,0,120,0,0,0,0,120,13.6133,14.2604,13.2775,0.2466,120,120,0,0,0,0,0,120,None,None,None,None,0,3.4253,3.4281,3.4217,0.0015,0.5582,0.5585,0.5577,0.0002,0.775,0.7761,0.7739,0.0007,-0.0001,-0.0001,-0.0001,0,0,0,0,0,0,0,0,0,0,0,0,0,120.2417,291,4,65.307,0,0,0,0,244.8583,978,5,149.242,36,46.9333,49,41,23.66,23.68,23.63
2022-11-24 01:50:00,1.5645,3.3104,0.4584,0.5385,120,72.7324,33.8392,120,77.4405,77.5781,77.3644,0.0558,120,25.7389,25.7726,25.7146,0.0132,120,1005.3873,1005.5055,1005.2858,0.0939,120,0,0,0,0,120,0,0,0,0,120,13.6788,13.7689,13.2775,0.191,120,120,0,0,0,0,0,120,None,None,None,None,0,3.4231,3.4251,3.4214,0.0016,0.5574,0.5577,0.5572,0.0001,0.7744,0.7758,0.7736,0.0006,-0.0001,-0.0001,-0.0001,0,0,0,0,0,0,0,0,0,0,0,0,0,147.225,337,27,58.537,0,0,0,0,233.1333,914,60,136.3758,36,46.8333,49,41,23.66,23.68,23.63
2022-11-24 02:00:00,1.2661,3.1724,0.3204,0.6044,120,65.6256,38.4109,120,77.4789,77.6391,77.3949,0.0684,120,25.7773,25.797,25.7359,0.0157,120,1005.3789,1005.5055,1005.1027,0.0963,120,0,0,0,0,120,0,0,0,0,120,13.6624,14.2604,13.2775,0.2313,120,120,0,0,0,0,0,120,None,None,None,None,0,3.423,3.4251,3.4184,0.0016,0.5578,0.558,0.5574,0.0002,0.7748,0.7764,0.7739,0.0007,-0.0001,-0.0001,-0.0001,0,0,0,0,0,0,0,0,0,0,0,0,0,114.7917,322,12,65.6936,0,0,0,0,224.1417,986,9,166.523,35.9,46.9,49,41,23.66,23.68,23.63
2022-11-24 02:10:00,1.0491,2.5192,0.2192,0.5057,120,80.0376,45.6202,120,77.4275,77.5781,77.3949,0.0344,120,25.7352,25.7848,25.6749,0.03,120,1005.4134,1005.5055,1005.2858,0.0926,120,0,0,0,0,120,0,0,0,0,120,13.5969,14.2604,13.2775,0.2439,120,120,0,0,0,0,0,120,None,None,None,None,0,3.4236,3.4251,3.4214,0.0015,0.5574,0.5578,0.5567,0.0003,0.7743,0.7758,0.7739,0.0003,-0.0001,-0.0001,-0.0001,0,0,0,0,0,0,0,0,0,0,0,0,0,91.2083,251,1,54.9634,0,0,0,0,263.575,1022,2,168.5307,35.1,46.9333,49,41,23.66,23.68,23.63
2022-11-24 02:20:00,1.3855,3.0068,0.578,0.5129,120,66.1769,27.1378,120,77.7248,77.8222,77.5781,0.0635,120,25.6888,25.7024,25.6688,0.0089,120,1005.336,1005.5055,1005.1027,0.0901,120,0,0,0,0,120,0,0,0,0,120,13.6911,14.2604,13.2775,0.2297,120,120,0,0,0,0,0,120,None,None,None,None,0,3.4223,3.4251,3.4184,0.0015,0.5569,0.557,0.5567,0.0001,0.7772,0.7782,0.7758,0.0006,-0.0001,-0.0001,-0.0001,0,0,0,0,0,0,0,0,0,0,0,0,0,127.7667,304,40,55.7449,0,0,0,0,213.4583,981,35,141.5224,35,46.8,49,41,23.66,23.68,23.63
2022-11-24 02:30:00,1.6854,3.5404,0.7068,0.5322,120,67.2391,27.9192,120,77.8609,77.9443,77.7917,0.0373,120,25.689,25.7115,25.6719,0.0091,120,1005.3066,1005.4872,1005.1027,0.0743,120,0,0,0,0,120,0,0,0,0,120,13.6665,14.2604,13.2775,0.2103,120,120,0,0,0,0,0,120,None,None,None,None,0,3.4218,3.4248,3.4184,0.0012,0.5569,0.5571,0.5567,0.0001,0.7786,0.7794,0.7779,0.0004,-0.0001,-0.0001,-0.0001,0,0,0,0,0,0,0,0,0,0,0,0,0,160.375,362,54,57.8438,0,0,0,0,209.8583,1001,49,126.4664,35,46.8667,49,41,23.66,23.68,23.63
2022-11-24 02:40:00,1.5507,3.0344,0.394,0.6171,120,71.1829,33.6571,120,77.9667,78.0358,77.9138,0.0282,120,25.6809,25.7024,25.6566,0.0108,120,1005.3119,1005.5055,1005.1027,0.0998,120,0,0,0,0,120,0,0,0,0,120,13.6624,14.2604,13.2775,0.2563,120,120,0,0,0,0,0,120,None,None,None,None,0,3.4219,3.4251,3.4184,0.0017,0.5568,0.557,0.5566,0.0001,0.7797,0.7804,0.7791,0.0003,-0.0001,-0.0001,-0.0001,0,0,0,0,0,0,0,0,0,0,0,0,0,145.7333,307,20,67.0714,0,0,0,0,212.9,822,30,110.1486,35,46.7667,47,39,23.65,23.68,23.63
2022-11-24 02:50:00,1.6021,2.9976,0.44,0.5808,120,66.1249,35.3701,120,78.151,78.3715,78.0053,0.1206,120,25.6903,25.7482,25.6597,0.0224,120,1005.2452,1005.3224,1005.1027,0.0779,120,0,0,0,0,120,0,0,0,0,120,13.7566,14.2604,13.2775,0.196,120,120,0,0,0,0,0,120,None,None,None,None,0,3.4208,3.422,3.4184,0.0013,0.5569,0.5575,0.5566,0.0002,0.7815,0.7837,0.7801,0.0012,-0.0001,-0.0001,-0.0001,0,0,0,0,0,0,0,0,0,0,0,0,0,151.3167,303,25,63.135,0,0,0,0,248.8583,1020,2,199.5456,35,46.9,47,45,23.65,23.68,23.63
2022-11-24 03:00:00,1.2363,3.3472,0.3756,0.6034,120,72.2823,40.2669,120,78.2881,78.4326,78.1579,0.0724,120,25.742,25.7634,25.7207,0.0129,120,1005.2142,1005.4872,1005.1027,0.09,120,0,0,0,0,120,0,0,0,0,120,13.6543,14.2604,13.2775,0.2527,120,120,0,0,0,0,0,120,None,None,None,None,0,3.4202,3.4248,3.4184,0.0015,0.5574,0.5576,0.5572,0.0001,0.7829,0.7843,0.7816,0.0007,-0.0001,-0.0001,-0.0001,0,0,0,0,0,0,0,0,0,0,0,0,0,111.55,341,18,65.5903,0,0,0,0,257.775,1020,2,184.8894,35,46.6,47,41,23.66,23.68,23.63
2022-11-24 03:10:00,1.1917,3.2368,0,0.6392,120,59.8604,45.0724,120,78.5244,78.7072,78.4021,0.0706,120,25.7102,25.7298,25.6841,0.0131,120,1005.1605,1005.3041,1005.1027,0.0785,120,0,0,0,0,120,0,0,0,0,120,13.6993,14.2604,13.2775,0.2492,120,120,0,0,0,0,0,120,None,None,None,None,0,3.4193,3.4217,3.4184,0.0013,0.5571,0.5573,0.5568,0.0001,0.7852,0.7871,0.784,0.0007,-0.0001,-0.0001,-0.0001,0,0,0,0,0,0,0,0,0,0,0,0,0,106.8917,329,0,69.1515,0,0,0,0,237.95,980,29,196.957,35,46.8667,49,41,23.65,23.68,23.63
2022-11-24 03:20:00,1.5169,3.0344,0.5044,0.5544,120,68.6436,35.6695,120,78.7673,78.8598,78.7072,0.0377,120,25.7353,25.7665,25.6902,0.0216,120,1005.2394,1005.3041,1005.1027,0.0805,120,0,0,0,0,120,0,0,0,0,120,13.7403,14.2604,13.2775,0.2234,120,120,0,0,0,0,0,120,None,None,None,None,0,3.4207,3.4217,3.4184,0.0013,0.5574,0.5577,0.5569,0.0002,0.7877,0.7886,0.7871,0.0004,-0.0001,-0.0001,-0.0001,0,0,0,0,0,0,0,0,0,0,0,0,0,142.0583,307,32,60.2557,0,0,0,0,231.025,1007,33,156.7241,35,46.6833,49,41,23.65,23.68,23.63
2022-11-24 03:30:00,1.6026,3.0252,0.4952,0.4917,120,65.4453,36.0705,120,78.8181,78.8598,78.7378,0.0336,120,25.7795,25.797,25.7543,0.0093,120,1005.2857,1005.4872,1005.1027,0.0694,120,0,0,0,0,120,0,0,0,0,120,13.6747,14.2604,13.2775,0.2323,120,120,0,0,0,0,0,120,None,None,None,None,0,3.4214,3.4248,3.4184,0.0012,0.5578,0.558,0.5575,0.0001,0.7882,0.7886,0.7874,0.0003,-0.0001,-0.0001,-0.0001,0,0,0,0,0,0,0,0,0,0,0,0,0,151.3667,306,31,53.4442,0,0,0,0,210.1667,1019,15,139.5244,35,46.8333,47,41,23.65,23.68,23.63
2022-11-24 03:40:00,1.2367,2.5836,0.4216,0.4474,120,60.1551,26.853,120,78.9488,79.0735,78.7988,0.0874,120,25.7658,25.7787,25.7451,0.0076,120,1005.3082,1005.4872,1005.1027,0.0828,120,0,0,0,0,120,0,0,0,0,120,13.642,14.2604,13.2775,0.2508,120,120,0,0,0,0,0,120,None,None,None,None,0,3.4218,3.4248,3.4184,0.0014,0.5577,0.5578,0.5575,0.0001,0.7895,0.7907,0.788,0.0009,-0.0001,-0.0001,-0.0001,0,0,0,0,0,0,0,0,0,0,0,0,0,111.6,258,23,48.6269,0,0,0,0,188.8917,997,1,123.1515,35,46.8833,49,41,23.65,23.68,23.63
2022-11-24 03:50:00,1.2962,2.4548,0.2836,0.4986,120,52.5886,47.1883,120,79.0269,79.0735,78.9819,0.0259,120,25.7421,25.7787,25.6993,0.0215,120,1005.3986,1005.5055,1005.2675,0.094,120,0,0,0,0,120,0,0,0,0,120,13.5642,14.2604,13.2775,0.2515,120,120,0,0,0,0,0,120,None,None,None,None,0,3.4233,3.4251,3.4211,0.0016,0.5574,0.5578,0.557,0.0002,0.7903,0.7907,0.7898,0.0003,-0.0001,-0.0001,-0.0001,0,0,0,0,0,0,0,0,0,0,0,0,0,118.0667,244,8,54.2006,0,0,0,0,231.5167,1006,8,224.3481,35,46.85,47,41,23.65,23.68,23.63
2022-11-24 04:00:00,1.026,1.82,0.394,0.3453,120,70.5171,37.8669,120,79.1289,79.2261,79.0429,0.0446,120,25.6832,25.7085,25.6688,0.0088,120,1005.4106,1005.4872,1005.2675,0.0899,120,0,0,0,0,120,0,0,0,0,120,13.5027,14.2604,13.2775,0.254,120,120,0,0,0,0,0,120,None,None,None,None,0,3.4235,3.4248,3.4211,0.0015,0.5568,0.5571,0.5567,0.0001,0.7913,0.7923,0.7904,0.0004,-0.0001,-0.0001,-0.0001,0,0,0,0,0,0,0,0,0,0,0,0,0,88.7,175,20,37.5347,0,0,0,0,224.9,975,7,144.5621,35,46.9,47,43,23.65,23.68,23.63
2022-11-24 04:10:00,1.0705,2.7308,0,0.6181,120,57.7673,45.5686,120,79.1765,79.2871,79.104,0.0369,120,25.6463,25.6688,25.6017,0.0177,120,1005.4654,1005.5055,1005.2675,0.0426,120,0,0,0,0,120,0,0,0,0,120,13.5437,13.7689,12.786,0.254,120,120,0,0,0,0,0,120,None,None,None,None,0,3.4244,3.4251,3.4211,0.0007,0.5565,0.5567,0.556,0.0002,0.7918,0.7929,0.791,0.0004,-0.0001,-0.0001,-0.0001,0,0,0,0,0,0,0,0,0,0,0,0,0,93.725,274,0,66.8847,0,0,0,0,228.4083,987,5,195.3304,35,46.7833,49,41,23.65,23.68,23.63
2022-11-24 04:20:00,0.7276,1.5164,0,0.3267,120,66.5784,41.1544,120,79.2581,79.4397,79.104,0.0954,120,25.5348,25.6047,25.4826,0.0346,120,1005.4442,1005.6703,1005.2675,0.0924,120,0,0,0,0,120,0,0,0,0,120,13.4372,13.7689,13.2775,0.2312,120,120,0,0,0,0,0,120,None,None,None,None,0,3.4241,3.4278,3.4211,0.0015,0.5554,0.5561,0.5548,0.0003,0.7926,0.7944,0.791,0.001,-0.0001,-0.0001,-0.0001,0,0,0,0,0,0,0,0,0,0,0,0,0,56.6417,142,0,34.7705,0,0,0,0,209.875,961,6,140.4875,35,46.75,49,41,23.64,23.68,23.63
2022-11-24 04:30:00,0.921,1.682,0.3848,0.2796,120,64.5615,23.6683,120,79.489,79.6838,79.4092,0.0683,120,25.4478,25.4918,25.3972,0.031,120,1005.5986,1005.6703,1005.4506,0.0829,120,0,0,0,0,120,0,0,0,0,120,13.556,14.2604,13.2775,0.2683,120,120,0,0.0254,0.3052,0,0.0847,120,None,None,None,None,0,3.4266,3.4278,3.4242,0.0014,0.5545,0.5549,0.554,0.0003,0.7949,0.7968,0.7941,0.0007,-0.0001,-0.0001,-0.0001,0,0,0,0,0,0,0,0,0,0,0.0003,0,0.0001,77.2833,160,19,30.3913,0,0,0,0,190.5583,891,30,90.261,35,46.9,49,41,23.65,23.68,23.63
2022-11-24 04:40:00,0.7898,1.406,0,0.3362,120,64.4132,49.2083,120,79.7932,79.928,79.6838,0.0481,120,25.417,25.4308,25.3941,0.0077,120,1005.6265,1005.8535,1005.4689,0.0765,120,0.6709,2.6433,0,0.7117,120,0.6105,2.5642,0,0.6905,120,13.5232,13.7689,13.2775,0.2468,120,120,0,1.4852,3.357,0,0.921,120,None,None,None,None,0,3.4271,3.4309,3.4245,0.0013,0.5542,0.5543,0.5539,0.0001,0.7979,0.7993,0.7968,0.0005,-0.0001,-0.0001,-0.0001,0,0,0,0,0,0,0,0,0,0.0015,0.0034,0,0.0009,63.2167,130,0,36.1524,0,0,0,0,271.9833,978,10,222.391,35,46.9,49,41,23.65,23.68,23.63
2022-11-24 04:50:00,0.6653,1.5808,0,0.2837,120,72.1845,47.0441,120,79.9778,80.1416,79.8364,0.0987,120,25.3992,25.4247,25.385,0.0096,120,1005.6357,1005.6703,1005.4689,0.0586,120,7.4314,13.6976,2.6433,3.2302,120,7.0801,13.1897,2.5642,3.0837,120,13.7444,14.2604,13.2775,0.3362,120,120,0,7.327,12.5126,3.357,2.5102,120,89.33,89.83,88.83,0.36,65,3.4273,3.4278,3.4245,0.001,0.554,0.5543,0.5538,0.0001,0.7998,0.8014,0.7984,0.001,-0.0001,-0.0001,-0.0001,0,0.0001,0.0002,0,0,0.0001,0.0001,0,0,0.0073,0.0125,0.0034,0.0025,49.875,149,0,30.0676,0,0,0,0,236.7,901,21,154.0096,35,46.8,47,41,23.65,23.68,23.63
2022-11-24 05:00:00,0.6187,2.1972,0,0.4257,120,79.8216,45.2507,120,80.2502,80.3858,80.1111,0.0665,120,25.426,25.4735,25.3911,0.0247,120,1005.643,1005.8535,1005.4506,0.0752,120,21.9517,29.7976,13.6976,4.2809,120,23.1423,29.6759,13.5558,4.4806,120,26.7968,73.7641,14.2604,17.2141,120,120,0,19.5802,25.0252,12.8178,3.2717,120,87.54,88.58,86.31,0.67,120,3.4274,3.4309,3.4242,0.0013,0.5543,0.5547,0.5539,0.0003,0.8025,0.8039,0.8011,0.0007,-0.0002,-0.0001,-0.0005,0.0001,0.0003,0.0004,0.0002,0.0001,0.0002,0.0002,0.0001,0,0.0196,0.025,0.0128,0.0033,46.5167,216,0,43.6059,0,0,0,0,255.9,851,18,155.0179,35,46.7667,47,39,23.65,23.68,23.63
2022-11-24 05:10:00,1.07,2.0316,0.394,0.3815,120,65.4281,34.6088,120,80.548,80.7215,80.3552,0.0988,120,25.6356,25.8763,25.4704,0.1287,120,1005.6598,1005.8535,1005.4689,0.049,120,42.0551,53.8276,30.0378,6.4772,120,60.2799,79.1357,29.6759,12.9438,120,201.5471,260.6316,18.6868,58.6629,120,120,0,34.6817,45.4726,25.0252,5.5158,120,85.21,86.31,84.04,0.68,120,3.4277,3.4309,3.4245,0.0008,0.5564,0.5588,0.5547,0.0013,0.8055,0.8072,0.8036,0.001,-0.0013,-0.0001,-0.0016,0.0004,0.0005,0.0007,0.0004,0.0001,0.0005,0.0007,0.0002,0.0001,0.0347,0.0455,0.025,0.0055,93.475,198,20,41.4627,0,0,0,0,239.5667,1003,24,185.6732,35,46.8667,47,41,23.65,23.68,23.63
2022-11-24 05:20:00,0.8594,1.82,0.2284,0.3747,120,78.148,58.5022,120,80.211,80.6299,79.3481,0.318,120,26.2155,26.5172,25.8794,0.1992,120,1005.8039,1006.0366,1005.6337,0.087,120,55.1736,61.037,51.1843,3.3429,120,90.728,100.3854,57.5198,9.5388,120,278.9825,344.2314,25.572,73.4425,120,120,0,46.2152,52.4918,42.1155,3.4211,120,82.88,84.04,81.76,0.68,120,3.4301,3.4339,3.4272,0.0015,0.5622,0.5652,0.5588,0.002,0.8021,0.8063,0.7935,0.0032,-0.0017,-0.0002,-0.0021,0.0005,0.0007,0.0008,0.0006,0,0.0008,0.0008,0.0005,0.0001,0.0462,0.0525,0.0421,0.0034,70.5833,175,2,40.73,0,0,0,0,311.25,995,0,230.9066,35,46.7333,49,41,23.65,23.68,23.63
2022-11-24 05:30:00,1.0346,1.9948,0.4584,0.3226,120,72.0144,39.043,120,79.3115,79.6533,79.1345,0.1233,120,26.5382,26.6424,26.4898,0.0384,120,1005.9365,1006.0549,1005.652,0.0962,120,69.5317,87.711,55.2701,10.933,120,108.958,169.6291,57.5198,35.2442,120,242.9163,451.9256,24.5875,171.1944,120,120,0,61.5355,88.1985,43.9466,13.0468,120,80.55,81.76,79.49,0.68,120,3.4323,3.4342,3.4275,0.0016,0.5654,0.5664,0.5649,0.0004,0.7931,0.7965,0.7913,0.0012,-0.0015,-0.0002,-0.0028,0.0011,0.0009,0.0011,0.0007,0.0001,0.0009,0.0014,0.0005,0.0003,0.0615,0.0882,0.0439,0.013,89.6333,194,27,35.0646,0,0,0,0,242.8,1017,0,167.0436,35,46.9,49,41,23.65,23.68,23.63
2022-11-24 05:40:00,1.378,3.0528,0.2836,0.6872,120,56.8962,37.4393,120,78.6114,79.5312,78.0663,0.4856,120,26.777,26.859,26.6332,0.0608,120,1005.9871,1006.0549,1005.8351,0.0838,120,80.029,87.711,73.7732,4.467,120,135.703,198.2053,84.6315,36.9778,120,280.0563,525.1982,26.5549,173.5729,120,120,0,79.7754,106.5096,61.3422,12.6102,120,78.21,79.49,76.96,0.68,120,3.4331,3.4342,3.4306,0.0014,0.5678,0.5686,0.5663,0.0006,0.7861,0.7953,0.7807,0.0049,-0.0017,-0.0002,-0.0033,0.0011,0.001,0.0011,0.0009,0.0001,0.0011,0.0017,0.0007,0.0003,0.0798,0.1065,0.0613,0.0126,126.9583,309,8,74.6951,0,0,0,0,188.4333,1002,6,150.6194,35,46.5,47,41,23.65,23.68,23.63
2022-11-24 05:50:00,1.724,3.3288,0.7344,0.5303,120,56.9747,20.7372,120,78.0803,78.3105,77.7917,0.123,120,26.7152,26.7492,26.679,0.02,120,1005.954,1006.0549,1005.8351,0.0912,120,88.5277,95.6409,80.2614,4.5628,120,170.9568,249.1309,90.4934,48.6737,120,336.5921,575.3577,37.865,187.1887,120,120,0,104.9023,146.1837,68.6666,21.5904,120,75.87,76.96,74.67,0.68,120,3.4326,3.4342,3.4306,0.0015,0.5672,0.5675,0.5668,0.0002,0.7808,0.7831,0.7779,0.0012,-0.0021,-0.0002,-0.0036,0.0012,0.0011,0.0012,0.001,0.0001,0.0014,0.0021,0.0008,0.0004,0.1049,0.1462,0.0687,0.0216,164.5667,339,57,57.6381,0,0,0,0,169.75,946,36,90.8704,35,46.8667,49,41,23.65,23.68,23.63
2022-11-24 06:00:00,1.4334,2.8688,0.4216,0.5605,120,66.4518,41.1509,120,77.7418,78.3105,77.1813,0.3386,120,27.0051,27.2893,26.7339,0.1638,120,1006.0816,1006.2563,1005.8535,0.0937,120,87.2961,94.1992,79.0598,4.2158,120,250.4954,287.2329,131.1597,29.2543,120,551.769,616.1731,153.4289,97.9155,120,120,0,151.3489,177.6177,93.0814,15.2184,120,73.53,74.67,72.39,0.69,120,3.4347,3.4376,3.4309,0.0016,0.57,0.5729,0.5673,0.0016,0.7774,0.7831,0.7718,0.0034,-0.0034,-0.001,-0.0038,0.0006,0.0011,0.0012,0.001,0.0001,0.0021,0.0024,0.0011,0.0002,0.1513,0.1776,0.0931,0.0152,132.9833,289,23,60.9223,0,0,0,0,231.5667,1004,42,175.0582,35,46.9667,49,41,23.66,23.68,23.63
2022-11-24 06:10:00,1.2626,3.0804,0.3572,0.5634,120,80.9676,42.469,120,76.65,77.3339,76.0826,0.2749,120,27.4538,27.7746,27.2893,0.1363,120,1006.2256,1006.4394,1006.0366,0.0618,120,103.807,126.8803,93.478,6.8332,120,261.114,358.3085,112.8415,81.101,120,466.9982,658.9558,28.5224,238.2481,120,120,0,171.2877,244.1481,85.4518,47.8406,120,71.2,72.39,70.11,0.68,120,3.4371,3.4407,3.4339,0.001,0.5745,0.5777,0.5729,0.0014,0.7665,0.7733,0.7608,0.0027,-0.0029,-0.0002,-0.0041,0.0015,0.0013,0.0016,0.0012,0.0001,0.0022,0.003,0.0009,0.0007,0.1713,0.2441,0.0855,0.0478,114.4083,312,16,61.2344,0,0,0,0,259.3833,1009,52,154.843,35,46.8333,49,41,23.65,23.68,23.63
2022-11-24 06:20:00,1.3973,3.4944,0,0.756,120,72.5704,56.0947,120,74.9952,76.632,74.0989,0.8588,120,27.9151,28.1042,27.7502,0.1079,120,1006.381,1006.6408,1006.2014,0.1004,120,154.9916,169.4134,128.322,9.8347,120,266.634,423.8884,158.6375,89.3942,120,302.0584,684.5279,25.079,247.7956,120,120,0,198.4364,306.4058,127.2622,55.7773,120,68.85,70.11,67.58,0.68,120,3.4397,3.444,3.4367,0.0017,0.5792,0.581,0.5775,0.0011,0.75,0.7663,0.741,0.0086,-0.0019,-0.0002,-0.0042,0.0015,0.002,0.0022,0.0016,0.0001,0.0022,0.0035,0.0013,0.0007,0.1984,0.3064,0.1273,0.0558,129.2417,357,0,81.8421,0,0,0,0,279.6167,1014,1,224.2477,35,46.6167,49,41,23.65,23.68,23.63
2022-11-24 06:30:00,1.6333,4.4144,0.4032,0.8372,120,70.7141,41.7679,120,74.2203,74.8314,73.336,0.3738,120,27.5466,27.7532,27.3015,0.1788,120,1006.4284,1006.6225,1006.2197,0.0435,120,169.2456,212.6685,151.6315,15.8166,120,272.3554,527.5714,160.4694,127.7063,120,248.2928,723.3758,14.7535,282.7878,120,120,0,215.687,406.5066,133.6711,91.5025,120,66.51,67.58,65.29,0.68,120,3.4405,3.4437,3.437,0.0007,0.5755,0.5775,0.573,0.0018,0.7422,0.7483,0.7334,0.0037,-0.0015,-0.0001,-0.0045,0.0018,0.0021,0.0027,0.0019,0.0002,0.0023,0.0044,0.0013,0.0011,0.2157,0.4065,0.1337,0.0915,154.7083,457,21,91.0039,0,0,0,0,254.7583,1018,14,196.6773,35,46.95,47,41,23.65,23.68,23.63
2022-11-24 06:40:00,1.9802,3.7152,0.5228,0.7107,120,93.3907,44.6341,120,74.2579,74.984,73.7327,0.3199,120,27.4309,27.5304,27.3138,0.0673,120,1006.5221,1006.6408,1006.4211,0.0976,120,183.1812,224.2031,156.437,23.0811,120,246.7523,539.6615,157.539,128.5072,120,150.9328,720.4254,13.7689,244.0034,120,120,0,202.9252,417.4932,135.5022,95.0251,120,64.17,65.29,63.01,0.69,120,3.442,3.444,3.4404,0.0016,0.5743,0.5753,0.5731,0.0007,0.7426,0.7498,0.7373,0.0032,-0.0009,-0.0001,-0.0045,0.0015,0.0023,0.0028,0.002,0.0003,0.0021,0.0045,0.0013,0.0011,0.2029,0.4175,0.1355,0.095,192.4167,381,34,77.2552,0,0,0,0,289.35,916,8,145.2141,35,46.85,47,41,23.66,23.68,23.63
2022-11-24 06:50:00,1.7954,3.5128,0.3388,0.7788,120,71.6566,50.4262,120,74.4486,75.1366,73.9158,0.3469,120,27.3092,27.4328,27.2008,0.0718,120,1006.6492,1006.8239,1006.4394,0.0665,120,216.8736,259.7677,181.189,25.0992,120,288.1856,632.7191,183.1849,150.2298,120,153.9163,763.2082,14.2604,263.1047,120,120,0,247.9832,513.0161,157.7807,117.036,120,61.83,63.01,60.73,0.68,120,3.4442,3.4471,3.4407,0.0011,0.5731,0.5743,0.572,0.0007,0.7445,0.7514,0.7392,0.0035,-0.001,-0.0001,-0.0047,0.0016,0.0028,0.0033,0.0023,0.0003,0.0024,0.0053,0.0015,0.0013,0.248,0.513,0.1578,0.117,172.325,359,14,84.6538,0,0,0,0,277.7167,981,15,208.6379,35.4,46.7333,47,41,23.66,23.68,23.63
2022-11-24 07:00:00,1.5461,3.2184,0.4216,0.6546,120,87.0834,39.7909,120,74.7604,75.869,74.1295,0.407,120,27.3336,27.6983,27.2344,0.1163,120,1006.7502,1006.8422,1006.6225,0.0916,120,232.6816,272.2638,185.9945,24.4808,120,475.9617,689.1393,188.6795,219.0412,120,454.6305,781.4035,14.2604,366.8028,120,120,0,398.9812,570.6961,165.4103,173.8051,120,59.5,60.73,58.46,0.68,120,3.4458,3.4474,3.4437,0.0015,0.5733,0.577,0.5723,0.0012,0.7476,0.7587,0.7413,0.0041,-0.0028,-0.0001,-0.0048,0.0023,0.003,0.0035,0.0024,0.0003,0.004,0.0057,0.0016,0.0018,0.399,0.5707,0.1654,0.1738,145.225,327,23,71.1557,0,0,0,0,255.0417,617,36,116.1631,36,46.8833,47,41,23.66,23.68,23.63
2022-11-24 07:10:00,2.7918,5.6104,0.7896,1.0116,120,97.7495,32.9261,120,73.8812,75.2586,73.2444,0.5537,120,27.8217,27.9791,27.6556,0.1069,120,1006.8035,1007.0071,1006.6042,0.0738,120,217.8669,241.0244,200.8937,13.5498,120,552.7465,687.3073,234.4754,180.4809,120,584.4709,806.484,16.7193,323.2748,120,120,0,464.3213,574.6635,206.3051,146.5123,120,57.16,58.2,55.93,0.68,120,3.4467,3.4501,3.4434,0.0012,0.5782,0.5798,0.5766,0.0011,0.7388,0.7526,0.7324,0.0055,-0.0036,-0.0001,-0.005,0.002,0.0028,0.0031,0.0026,0.0002,0.0046,0.0057,0.002,0.0015,0.4643,0.5747,0.2063,0.1465,280.625,587,63,109.9576,0,0,0,0,284.6667,935,54,109.5751,36,46.95,49,41,23.66,23.68,23.63
2022-11-24 07:20:00,2.5509,4.8836,0.7804,0.9813,120,85.8377,34.7766,120,73.6557,74.0379,73.2749,0.1782,120,27.5599,27.6647,27.4877,0.0575,120,1006.8816,1007.0437,1006.8056,0.0892,120,253.0573,313.5961,203.2969,23.9697,120,374.0166,766.0768,213.2269,165.611,120,202.752,828.6126,14.7535,270.899,120,120,0,318.275,643.025,184.637,137.2406,120,54.83,55.93,53.66,0.68,120,3.448,3.4507,3.4468,0.0015,0.5756,0.5766,0.5749,0.0006,0.7366,0.7404,0.7327,0.0018,-0.0013,-0.0001,-0.0051,0.0017,0.0032,0.004,0.0026,0.0003,0.0031,0.0064,0.0018,0.0014,0.3183,0.643,0.1846,0.1372,254.45,508,62,106.668,0,0,0,0,273.9417,1015,60,151.4186,36,46.8667,49,41,23.66,23.68,23.63
2022-11-24 07:30:00,1.9655,3.4852,0.4032,0.7325,120,72.0361,54.1263,120,73.9222,74.4041,73.4581,0.2537,120,27.6543,27.8051,27.5182,0.0931,120,1006.9739,1007.2268,1006.8239,0.0964,120,303.7012,334.0213,263.6126,17.5605,120,478.8957,845.9448,297.1248,207.9534,120,273.2988,827.6297,14.7535,310.4255,120,120,0,421.7963,731.2235,253.914,173.4742,120,52.51,53.66,51.39,0.68,120,3.4496,3.4538,3.4471,0.0016,0.5765,0.578,0.5752,0.0009,0.7392,0.744,0.7346,0.0025,-0.0017,-0.0001,-0.0051,0.0019,0.0039,0.0042,0.0033,0.0002,0.004,0.007,0.0025,0.0017,0.4218,0.7312,0.2539,0.1735,190.8167,356,21,79.625,0,0,0,0,291.65,1005,10,227.2898,36,46.7667,49,41,23.67,23.68,23.63
2022-11-24 07:40:00,1.9063,4.5708,0.256,0.9796,120,72.2257,54.9328,120,73.5288,74.221,72.512,0.4039,120,27.9464,28.0584,27.7929,0.0744,120,1007.1323,1007.2451,1007.0254,0.0953,120,262.5013,298.937,229.7299,20.2087,120,551.5741,861.6987,256.8247,253.7564,120,430.6245,840.4141,14.7535,376.9455,120,120,0,476.633,739.1583,221.5644,216.018,120,50.19,51.39,49.13,0.67,120,3.4522,3.4541,3.4504,0.0016,0.5795,0.5806,0.5779,0.0007,0.7353,0.7422,0.7251,0.004,-0.0027,-0.0001,-0.0052,0.0023,0.0033,0.0038,0.0029,0.0003,0.0046,0.0072,0.0021,0.0021,0.4766,0.7392,0.2216,0.216,184.3833,474,5,106.4816,0,0,0,0,284.85,984,0,227.0896,36.5,46.7167,47,41,23.67,23.68,23.63
2022-11-24 07:50:00,2.0411,4.4236,0.4952,0.9177,120,109.099,53.9195,120,72.7724,73.7327,72.2373,0.3876,120,28.2686,28.4582,28.0584,0.0915,120,1007.1842,1007.2451,1007.0071,0.0812,120,248.4735,295.5732,197.289,28.1425,120,555.0973,865.3625,253.527,252.4286,120,435.9764,869.428,15.7364,379.3914,120,120,0,479.5984,756.859,215.7659,218.3627,120,47.87,49.13,46.63,0.67,120,3.4531,3.4541,3.4501,0.0014,0.5827,0.5846,0.5806,0.0009,0.7277,0.7373,0.7224,0.0039,-0.0027,-0.0001,-0.0054,0.0024,0.0032,0.0038,0.0025,0.0004,0.0046,0.0072,0.0021,0.0021,0.4796,0.7569,0.2158,0.2184,199.0333,458,31,99.754,0,0,0,0,360.2833,1011,51,191.7672,37,46.7167,49,41,23.67,23.68,23.63
2022-11-24 08:00:00,2.35,5.2792,0.348,0.9938,120,92.2514,44.5416,120,71.7699,72.4815,71.1386,0.3503,120,28.426,28.507,28.3697,0.0382,120,1007.2799,1007.4099,1007.0254,0.1102,120,295.6731,335.9441,240.3031,31.8082,120,797.9296,950.7263,320.5726,195.2455,120,677.2002,865.0032,27.0464,277.3757,120,120,0,708.1464,840.4797,288.7051,170.6789,120,45.56,46.63,44.39,0.67,120,3.4547,3.4568,3.4504,0.0018,0.5843,0.5851,0.5837,0.0004,0.7177,0.7248,0.7114,0.0035,-0.0042,-0.0002,-0.0054,0.0017,0.0038,0.0043,0.0031,0.0004,0.0066,0.0079,0.0027,0.0016,0.7081,0.8405,0.2887,0.1707,232.6083,551,15,108.027,0,0,0,0,273.1083,990,2,141.5848,37,46.85,49,41,23.67,23.68,23.63
2022-11-24 08:10:00,2.5257,5.1688,0.4216,1.0812,120,70.0347,42.4166,120,71.378,72.6035,70.1926,0.6935,120,28.5183,28.7603,28.3331,0.1448,120,1007.2964,1007.4282,1007.2268,0.0815,120,277.8246,338.8276,219.8772,39.4981,120,846.3269,1014.8415,297.491,178.2158,120,735.8792,898.4418,29.0139,236.2848,120,120,0,748.352,904.2634,263.0695,157.2873,120,43.27,44.39,42.15,0.67,120,3.4549,3.4571,3.4538,0.0014,0.5852,0.5876,0.5833,0.0014,0.7138,0.726,0.7019,0.0069,-0.0046,-0.0002,-0.0056,0.0015,0.0035,0.0043,0.0028,0.0005,0.007,0.0085,0.0025,0.0015,0.7484,0.9043,0.2631,0.1573,251.7083,539,23,117.5213,0,0,0,0,260.6167,1020,12,208.6027,37,46.9667,47,45,23.67,23.68,23.63
2022-11-24 08:20:00,2.67,4.7732,0.808,0.8806,120,86.985,43.5603,120,71.0435,72.0237,70.4062,0.401,120,28.2199,28.446,27.9089,0.1795,120,1007.4067,1007.6113,1007.2268,0.0626,120,289.7616,353.0055,223.4819,41.5826,120,509.6158,959.886,242.5366,254.5055,120,274.0363,895.4915,14.2604,337.0586,120,120,0,447.6226,871.9138,207.2207,227.2403,120,40.98,42.15,39.93,0.67,120,3.4568,3.4602,3.4538,0.001,0.5822,0.5845,0.5791,0.0018,0.7104,0.7202,0.7041,0.004,-0.0017,-0.0001,-0.0056,0.0021,0.0037,0.0045,0.0028,0.0005,0.0042,0.008,0.002,0.0021,0.4476,0.8719,0.2072,0.2272,267.3917,496,65,95.7213,0,0,0,0,293.3167,976,71,175.0462,37.7,46.9,49,41,23.68,23.68,23.63
2022-11-24 08:30:00,1.5641,4.0096,0.2744,0.9054,120,83.7427,64.0098,120,72.0161,73.0308,70.6198,0.6866,120,28.3642,28.7725,27.9089,0.3214,120,1007.3067,1007.593,1007.0437,0.0909,120,327.261,372.4701,272.5039,29.6554,120,742.9285,1093.2437,297.491,272.9883,120,504.0152,919.5875,15.7364,323.9276,120,120,0,666.8905,980.2545,257.8814,247.2212,120,38.71,39.93,37.48,0.66,120,3.4551,3.4599,3.4507,0.0015,0.5836,0.5877,0.5791,0.0032,0.7202,0.7303,0.7062,0.0069,-0.0031,-0.0001,-0.0057,0.002,0.0042,0.0047,0.0035,0.0004,0.0062,0.0091,0.0025,0.0023,0.6669,0.9803,0.2579,0.2472,147.1833,413,7,98.4158,0,0,0,0,315.8917,1020,1,222.4669,38,46.6,49,41,23.68,23.68,23.63
2022-11-24 08:40:00,2.3879,4.258,0.5228,0.8838,120,75.7669,52.2763,120,71.2063,72.0542,70.4978,0.3739,120,28.4815,28.6688,28.3789,0.085,120,1007.2988,1007.4465,1007.2451,0.0718,120,329.5198,391.4543,289.085,25.9739,120,535.7745,1123.2869,300.7887,282.6946,120,245.2112,898.4418,14.2604,319.5969,120,120,0,484.7204,1021.7597,268.5629,258.8771,120,36.46,37.48,35.29,0.65,120,3.455,3.4574,3.4541,0.0012,0.5848,0.5867,0.5838,0.0008,0.7121,0.7205,0.705,0.0037,-0.0015,-0.0001,-0.0056,0.002,0.0042,0.005,0.0037,0.0003,0.0045,0.0094,0.0025,0.0024,0.4847,1.0218,0.2686,0.2589,236.725,440,34,96.0651,0,0,0,0,290.225,1022,1,214.2929,38,46.7167,49,41,23.68,23.68,23.63
2022-11-24 08:50:00,2.9518,5.04,1.0656,0.8446,120,71.4715,25.4632,120,71.4036,72.8172,70.6198,0.4555,120,28.1457,28.4674,27.9241,0.1581,120,1007.355,1007.4465,1007.2451,0.083,120,327.9118,394.0976,294.3717,26.9505,120,776.8298,1123.2869,303.3529,332.5597,120,511.6416,893.0325,14.2604,380.3907,120,120,0,694.3724,1017.4871,269.7836,299.4362,120,34.23,35.29,33.13,0.65,120,3.4559,3.4574,3.4541,0.0014,0.5815,0.5847,0.5792,0.0016,0.714,0.7282,0.7062,0.0046,-0.0032,-0.0001,-0.0055,0.0024,0.0042,0.005,0.0037,0.0003,0.0065,0.0094,0.0025,0.0028,0.6944,1.0175,0.2698,0.2994,298.025,525,93,91.8037,0,0,0,0,208.0583,703,58,81.2393,38,46.3833,49,39,23.68,23.68,23.63
2022-11-24 09:00:00,2.3335,5.3896,0.348,1.0081,120,78.155,43.5904,120,72.3889,73.7022,71.1692,0.5924,120,28.3391,28.5375,27.9577,0.147,120,1007.4012,1007.4648,1007.2451,0.0698,120,335.6715,411.1591,287.4024,33.7774,120,930.3871,1229.1669,302.2545,336.1014,120,656.8086,919.5875,16.7193,359.7489,120,120,0,839.0479,1131.9315,271.6147,305.3151,120,32.02,33.13,30.99,0.64,120,3.4567,3.4577,3.4541,0.0012,0.5834,0.5854,0.5796,0.0015,0.7239,0.737,0.7117,0.0059,-0.0041,-0.0001,-0.0057,0.0022,0.0043,0.0052,0.0037,0.0004,0.0077,0.0102,0.0025,0.0028,0.839,1.1319,0.2716,0.3053,230.8167,563,15,109.5769,0,0,0,0,265.075,1011,7,174.3016,38.9,46.65,47,41,23.68,23.68,23.63
2022-11-24 09:10:00,2.9508,5.2884,1.0012,1.0847,120,86.6316,32.8634,120,71.6483,72.4204,70.7724,0.432,120,28.4091,28.5192,28.2232,0.0758,120,1007.3504,1007.4648,1007.0803,0.0874,120,302.1393,404.6709,218.4354,62.4035,120,838.7674,1177.1429,307.383,317.2955,120,582.4424,917.62,17.2108,387.1012,120,120,0,759.2929,1081.576,276.8029,286.4906,120,29.85,30.99,28.88,0.63,120,3.4558,3.4577,3.4513,0.0015,0.5841,0.5852,0.5822,0.0008,0.7165,0.7242,0.7077,0.0043,-0.0036,-0.0001,-0.0057,0.0024,0.0038,0.0051,0.0028,0.0008,0.007,0.0098,0.0026,0.0026,0.7593,1.0816,0.2768,0.2865,297.9167,552,86,117.903,0,0,0,0,256.9083,791,37,105.6773,39,46.45,47,41,23.68,23.68,23.63
2022-11-24 09:20:00,3.116,5.132,1.1484,0.9414,120,82.3352,43.4203,120,71.3665,71.9016,70.5893,0.2818,120,28.2956,28.4613,28.1683,0.0795,120,1007.3243,1007.4648,1007.1169,0.0812,120,197.5193,237.1795,174.7008,17.3862,120,1038.2979,1087.7491,620.9952,66.8066,120,894.0039,923.5224,423.8962,79.8311,120,120,0,923.5918,975.6767,497.1465,73.2672,120,27.7,28.65,26.59,0.61,120,3.4554,3.4577,3.4519,0.0014,0.583,0.5846,0.5817,0.0008,0.7137,0.719,0.7059,0.0028,-0.0055,-0.0026,-0.0057,0.0005,0.0025,0.003,0.0022,0.0002,0.0086,0.0091,0.0052,0.0006,0.9236,0.9757,0.4971,0.0733,315.8667,535,102,102.3299,0,0,0,0,271.825,1016,44,174.1317,39,46.3667,47,41,23.68,23.68,23.68
2022-11-24 09:30:00,2.8749,5.7484,0.6608,0.9787,120,94.2131,47.7495,120,70.4014,71.9321,69.5517,0.5869,120,28.5358,28.6749,28.3941,0.0857,120,1007.3223,1007.4831,1007.2634,0.0738,120,193.4741,241.2646,157.8795,23.54,120,954.8208,1119.2557,238.8727,276.5914,120,796.1237,930.4061,18.6868,301.7464,120,120,0,850.9705,999.7864,200.2014,251.0939,120,25.62,26.59,24.59,0.6,120,3.4554,3.4581,3.4544,0.0012,0.5854,0.5867,0.5839,0.0009,0.704,0.7193,0.6955,0.0059,-0.0049,-0.0001,-0.0058,0.0019,0.0025,0.0031,0.002,0.0003,0.008,0.0093,0.002,0.0023,0.851,0.9998,0.2002,0.2511,289.6583,602,49,106.3853,0,0,0,0,300.5833,1016,26,169.5195,39,46.8,47,41,23.68,23.68,23.63
2022-11-24 09:40:00,2.2571,4.0372,0.5964,0.7598,120,72.2775,53.2707,120,70.466,70.9861,69.7043,0.3703,120,28.7003,28.9587,28.4765,0.1118,120,1007.2904,1007.4648,1007.0803,0.0549,120,237.1092,312.3945,187.1961,36.9661,120,995.7687,1197.2929,239.605,286.8611,120,779.2932,940.7332,17.2108,304.587,120,120,0,889.1186,1078.2189,196.5392,263.6832,120,23.59,24.59,22.65,0.58,120,3.4548,3.4577,3.4513,0.0009,0.587,0.5896,0.5848,0.0011,0.7047,0.7099,0.697,0.0037,-0.0048,-0.0001,-0.0058,0.0019,0.003,0.004,0.0024,0.0005,0.0083,0.01,0.002,0.0024,0.8891,1.0782,0.1965,0.2637,222.5083,416,42,82.5832,0,0,0,0,283.3917,1021,31,221.9597,39.8,46.7167,49,39,23.68,23.68,23.68
2022-11-24 09:50:00,2.4529,4.6352,0.3756,1.0178,120,93.1813,43.3561,120,69.8452,71.4743,68.9108,0.646,120,28.8773,29.035,28.6901,0.1242,120,1007.2524,1007.4648,1007.0803,0.0887,120,214.8612,275.3874,178.5457,28.5883,120,1057.8925,1177.509,304.0864,183.6688,120,853.2085,936.7999,55.0773,202.0631,120,120,0,953.2889,1066.6219,266.1214,167.0703,120,21.65,22.65,20.79,0.55,120,3.4542,3.4577,3.4513,0.0015,0.5888,0.5904,0.5869,0.0012,0.6985,0.7147,0.6891,0.0065,-0.0053,-0.0003,-0.0058,0.0013,0.0027,0.0035,0.0023,0.0004,0.0088,0.0098,0.0025,0.0015,0.9533,1.0666,0.2661,0.1671,243.7917,481,18,110.6275,0,0,0,0,295.95,990,22,156.7781,40,46.5833,47,41,23.68,23.68,23.68
2022-11-24 10:00:00,2.486,5.1688,0.5964,1.0321,120,93.7355,39.4433,120,69.5494,70.5283,68.1783,0.4599,120,28.9508,29.2059,28.8,0.1361,120,1007.1525,1007.3183,1006.9155,0.0843,120,219.1625,295.0921,161.0032,39.2139,120,1006.0972,1211.9472,315.443,235.5725,120,787.4482,952.0432,57.5363,258.3051,120,120,0,899.2889,1104.1597,265.2058,221.3669,120,19.81,20.79,18.87,0.52,120,3.4525,3.4553,3.4486,0.0014,0.5895,0.5921,0.588,0.0014,0.6955,0.7053,0.6818,0.0046,-0.0049,-0.0004,-0.0059,0.0016,0.0028,0.0037,0.002,0.0005,0.0084,0.0101,0.0026,0.002,0.8993,1.1042,0.2652,0.2214,247.3917,539,42,112.1827,0,0,0,0,281.2167,937,44,127.5899,40,46.8667,47,41,23.68,23.68,23.68
2022-11-24 10:10:00,2.244,4.5156,0.7344,0.8441,120,103.6638,51.6522,120,69.0746,70.1926,67.9952,0.659,120,29.0874,29.3524,28.8824,0.1598,120,1006.9559,1007.1352,1006.7324,0.089,120,248.5957,346.5173,193.4441,36.8656,120,1096.2667,1232.8307,483.9736,195.2371,120,836.0175,941.7161,122.4476,218.1223,120,120,0,987.373,1107.8219,417.7984,175.3217,120,18.11,18.87,17.29,0.47,120,3.4493,3.4523,3.4455,0.0015,0.5909,0.5935,0.5888,0.0016,0.6907,0.7019,0.68,0.0066,-0.0052,-0.0008,-0.0058,0.0014,0.0032,0.0044,0.0025,0.0005,0.0091,0.0103,0.004,0.0016,0.9874,1.1078,0.4178,0.1753,221.0917,468,57,91.7465,0,0,0,0,329.575,1012,41,171.0415,40,46.8,47,41,23.68,23.68,23.63
2022-11-24 10:20:00,2.524,4.9848,0.4768,0.9707,120,74.5592,39.8182,120,68.733,70.3146,67.6901,0.5754,120,29.0561,29.2792,28.8519,0.1474,120,1006.8052,1006.9338,1006.7141,0.0912,120,259.0068,332.5795,200.8937,40.2374,120,998.721,1284.1224,305.9184,297.0959,120,727.8266,939.2588,23.6046,308.1485,120,120,0,902.0229,1175.2678,263.9851,272.4616,120,16.58,17.29,15.91,0.42,120,3.4468,3.4489,3.4452,0.0015,0.5906,0.5928,0.5885,0.0015,0.6873,0.7031,0.6769,0.0058,-0.0045,-0.0001,-0.0058,0.0019,0.0033,0.0042,0.0026,0.0005,0.0083,0.0107,0.0025,0.0025,0.902,1.1753,0.264,0.2725,251.5167,519,29,105.5147,0,0,0,0,238.05,998,30,149.4598,40.8,46.65,49,41,23.68,23.68,23.68
2022-11-24 10:30:00,2.7354,6.3832,0.854,1.1577,120,54.9785,46.1969,120,69.2831,70.2841,68.0258,0.5028,120,29.0189,29.1021,28.861,0.0674,120,1006.769,1006.9521,1006.5493,0.0694,120,247.0357,336.6646,217.4748,31.4188,120,1077.4872,1247.8511,313.9784,243.2868,120,811.6222,940.7332,51.1424,249.8756,120,120,0,978.3675,1167.9434,272.5303,221.7622,120,15.29,15.91,14.78,0.34,120,3.4462,3.4492,3.4425,0.0012,0.5902,0.591,0.5886,0.0007,0.6928,0.7028,0.6803,0.005,-0.005,-0.0003,-0.0058,0.0016,0.0031,0.0043,0.0028,0.0004,0.009,0.0104,0.0026,0.002,0.9784,1.1679,0.2725,0.2218,274.5,671,70,125.8396,0,0,0,0,249.6833,997,4,239.2358,41,46.6667,47,41,23.68,23.68,23.68
2022-11-24 10:40:00,2.5816,4.3132,0.7712,0.8373,120,80.34,48.3652,120,69.7907,70.6198,68.7887,0.4813,120,28.8293,28.9068,28.7725,0.0373,120,1006.7225,1006.769,1006.5493,0.0647,120,249.0002,346.2772,201.374,42.8927,120,982.2191,1255.1789,292.7287,351.8434,120,710.3898,940.7332,15.7364,368.3175,120,120,0,888.6812,1154.8204,256.0503,321.7049,120,14.29,14.78,13.88,0.24,120,3.4454,3.4462,3.4425,0.0011,0.5883,0.5891,0.5877,0.0004,0.6979,0.7062,0.6879,0.0048,-0.0044,-0.0001,-0.0058,0.0023,0.0032,0.0044,0.0026,0.0005,0.0082,0.0105,0.0024,0.0029,0.8887,1.1548,0.2561,0.3217,257.7833,446,61,91.0078,0,0,0,0,288.0333,994,20,195.3358,41,46.8833,49,41,23.68,23.68,23.68
2022-11-24 10:50:00,2.6452,5.4908,0.6792,1.201,120,95.8731,44.1021,120,70.4057,71.3218,69.0634,0.5803,120,29.024,29.2212,28.8885,0.1164,120,1006.6123,1006.769,1006.5493,0.0825,120,356.7201,463.3047,216.9937,61.9985,120,936.3345,1412.3517,364.1705,366.4569,120,557.8832,939.7502,16.2278,370.9033,120,120,0,860.594,1314.127,320.7495,341.0167,120,13.66,13.88,13.47,0.13,120,3.4435,3.4462,3.4425,0.0014,0.5902,0.5922,0.5889,0.0012,0.7041,0.7132,0.6906,0.0058,-0.0035,-0.0001,-0.0058,0.0023,0.0045,0.0059,0.0028,0.0008,0.0078,0.0118,0.003,0.0031,0.8606,1.3141,0.3207,0.341,264.6917,574,51,130.5463,0,0,0,0,296.7083,1002,15,161.4823,41,46.95,49,41,23.68,23.68,23.68
2022-11-24 11:00:00,2.9679,6.9812,0.5136,1.4006,120,93.4325,45.1386,120,70.3243,71.7795,68.6361,0.7511,120,28.9581,29.1907,28.8427,0.0984,120,1006.5969,1006.7873,1006.5493,0.071,120,215.7402,309.9913,147.7866,51.7867,120,1068.9721,1259.9424,344.0204,225.0925,120,824.2235,943.1921,47.2092,249.4947,120,120,0,966.1601,1143.5285,302.1332,208.4541,120,13.44,13.47,13.42,0.02,120,3.4433,3.4465,3.4425,0.0012,0.5896,0.5919,0.5884,0.001,0.7032,0.7178,0.6864,0.0075,-0.0051,-0.0003,-0.0059,0.0015,0.0027,0.0039,0.0019,0.0007,0.0089,0.0105,0.0029,0.0019,0.9662,1.1435,0.3021,0.2085,299.7667,736,33,152.2399,0,0,0,0,303.1167,982,40,166.2017,41,46.75,47,39,23.68,23.68,23.68
2022-11-24 11:10:00,3.2471,5.8864,1.1116,1.1961,120,92.6671,37.9595,120,69.5479,70.7114,68.5141,0.4847,120,28.792,29.0381,28.562,0.1708,120,1006.5102,1006.769,1006.3662,0.0904,120,166.8966,198.7307,148.0268,13.1358,120,1109.6086,1137.9412,821.7647,39.1377,120,913.6129,935.8153,706.6565,36.6827,120,120,0,1005.1754,1043.4278,839.8694,28.3996,120,13.64,13.87,13.47,0.12,120,3.4418,3.4462,3.4394,0.0015,0.5879,0.5904,0.5856,0.0017,0.6955,0.7071,0.6851,0.0048,-0.0057,-0.0044,-0.0058,0.0002,0.0021,0.0025,0.0019,0.0002,0.0092,0.0095,0.0068,0.0003,1.0052,1.0434,0.8399,0.0284,330.125,617,98,130.0121,0,0,0,0,278.8417,902,78,123.0034,41.4,46.8,47,41,23.68,23.68,23.68
2022-11-24 11:20:00,3.1554,5.9876,1.2864,1.1722,120,76.2955,32.3606,120,69.6654,70.8945,68.7582,0.6112,120,28.7238,28.916,28.4979,0.1228,120,1006.3913,1006.5676,1006.1831,0.0538,120,157.0502,206.6606,133.3685,16.3591,120,1105.8074,1165.7851,571.1693,65.8358,120,920.2967,946.1424,401.2746,64.0785,120,120,0,997.4899,1058.3819,457.7776,62.4322,120,14.26,14.65,13.87,0.24,120,3.4399,3.4428,3.4364,0.0009,0.5872,0.5892,0.585,0.0012,0.6967,0.7089,0.6876,0.0061,-0.0057,-0.0025,-0.0059,0.0004,0.002,0.0026,0.0017,0.0002,0.0092,0.0097,0.0048,0.0005,0.9975,1.0584,0.4578,0.0624,320.15,628,117,127.4103,0,0,0,0,230.45,981,16,117.5034,42,46.8667,47,41,23.68,23.68,23.68
2022-11-24 11:30:00,3.3964,6.1256,0.9368,1.0891,120,106.794,38.8483,120,70.1565,71.3523,69.3075,0.5453,120,28.5059,28.7756,28.3514,0.1362,120,1006.2879,1006.5676,1005.9999,0.1398,120,134.8402,161.2433,118.7094,11.9884,120,1096.5872,1120.3553,1072.3613,9.8,120,939.1924,948.6014,914.6697,5.6272,120,120,0,989.8602,1013.2145,977.813,9.015,120,15.25,15.88,14.75,0.33,120,3.4381,3.4428,3.4333,0.0023,0.5851,0.5878,0.5835,0.0014,0.7016,0.7135,0.6931,0.0055,-0.0058,-0.0057,-0.0059,0,0.0017,0.002,0.0015,0.0002,0.0091,0.0093,0.0089,0.0001,0.9899,1.0132,0.9778,0.009,346.35,643,79,118.3798,0,0,0,0,321.7,896,31,128.3925,42,46.8333,47,41,23.68,23.68,23.68
2022-11-24 11:40:00,3.1138,6.19,0.394,1.1571,120,75.2814,33.274,120,69.6705,70.2231,68.9108,0.2986,120,28.6297,28.7451,28.5589,0.0504,120,1006.0105,1006.2014,1005.8168,0.1298,120,145.1412,190.3205,129.7638,15.8375,120,1081.908,1152.2293,383.5882,97.4423,120,922.4809,951.5517,204.0799,94.1155,120,120,0,979.2754,1035.493,336.314,86.6104,120,16.53,17.26,15.88,0.41,120,3.4335,3.4367,3.4303,0.0022,0.5863,0.5875,0.5856,0.0005,0.6967,0.7022,0.6891,0.003,-0.0057,-0.0013,-0.0059,0.0006,0.0018,0.0024,0.0016,0.0002,0.009,0.0096,0.0032,0.0008,0.9793,1.0355,0.3363,0.0866,315.625,650,20,125.7769,0,0,0,0,227.3417,745,47,107.5722,42,46.8667,47,39,23.68,23.68,23.68
2022-11-24 11:50:00,2.9531,5.4356,0.578,1.0528,120,96.4303,44.4609,120,69.8869,70.6198,69.0329,0.325,120,28.6593,28.8885,28.504,0.1144,120,1005.8272,1006.0182,1005.6154,0.0996,120,115.5498,137.4535,103.0898,10.5731,120,1064.7528,1090.3133,1051.1116,11.7838,120,941.5038,948.6014,932.3735,3.6926,120,120,0,961.7578,986.3582,949.1256,10.3777,120,18.04,18.83,17.26,0.47,120,3.4305,3.4336,3.4269,0.0017,0.5866,0.5889,0.585,0.0011,0.6989,0.7062,0.6903,0.0033,-0.0058,-0.0058,-0.0059,0,0.0015,0.0017,0.0013,0.0001,0.0089,0.0091,0.0088,0.0001,0.9618,0.9864,0.9491,0.0104,298.1667,568,40,114.4321,0,0,0,0,309.6083,1017,4,172.559,42,46.8667,47,41,23.68,23.68,23.63
2022-11-24 12:00:00,2.8416,5.868,0.762,1.2212,120,79.9309,39.0099,120,69.0703,69.5212,68.2699,0.2754,120,28.8409,28.9282,28.7512,0.0441,120,1005.6954,1005.8351,1005.6154,0.0888,120,104.1394,113.6638,98.0441,3.1951,120,1042.8624,1050.7455,1034.9916,4.263,120,941.7045,947.6184,930.4061,3.811,120,120,0,944.0214,950.9568,935.3923,3.6992,120,19.74,20.55,18.83,0.52,120,3.4283,3.4306,3.4269,0.0015,0.5884,0.5893,0.5875,0.0004,0.6907,0.6952,0.6827,0.0028,-0.0058,-0.0058,-0.0059,0,0.0013,0.0014,0.0012,0,0.0087,0.0088,0.0086,0,0.944,0.951,0.9354,0.0037,286.0417,615,60,132.7438,0,0,0,0,247.6417,908,16,133.8413,42,47,49,45,23.68,23.68,23.68
2022-11-24 12:10:00,3.2193,5.5184,0.67,1.1397,120,80.2001,34.2629,120,68.6242,69.5517,67.4764,0.5149,120,28.7882,29.0442,28.5498,0.1861,120,1005.5889,1005.8168,1005.4323,0.0813,120,104.5339,112.4622,98.7646,2.9745,120,1027.5237,1047.8139,997.988,10.2071,120,938.4917,948.6014,912.2108,6.7687,120,120,0,931.0841,948.8205,909.1464,8.9099,120,21.58,22.6,20.55,0.55,120,3.4265,3.4303,3.4239,0.0014,0.5879,0.5904,0.5855,0.0019,0.6862,0.6955,0.6748,0.0051,-0.0058,-0.0057,-0.0059,0,0.0013,0.0014,0.0013,0,0.0086,0.0087,0.0083,0.0001,0.9311,0.9488,0.9091,0.0089,327.1,577,50,123.8802,0,0,0,0,238.0167,739,35,106.0832,42,46.85,49,41,23.68,23.68,23.68
2022-11-24 12:20:00,2.1977,4.6352,0.5688,1.0057,120,85.5514,48.1088,120,69.1621,70.6503,67.4459,0.9387,120,29.1104,29.4379,28.5894,0.3165,120,1005.4854,1005.652,1005.2309,0.101,120,98.5604,117.5087,92.0362,4.4903,120,1002.58,1018.5054,836.7863,21.3722,120,931.103,942.2092,687.4782,25.9899,120,120,0,908.7827,922.5745,708.3346,19.615,120,23.52,24.54,22.6,0.58,120,3.4248,3.4275,3.4205,0.0017,0.5911,0.5944,0.5859,0.0032,0.6916,0.7065,0.6745,0.0094,-0.0058,-0.0043,-0.0058,0.0002,0.0013,0.0015,0.0012,0.0001,0.0084,0.0085,0.007,0.0002,0.9088,0.9226,0.7083,0.0196,216.0583,481,39,109.3168,0,0,0,0,283.85,1017,9,176.2286,42,46.9333,49,43,23.68,23.68,23.68
2022-11-24 12:30:00,2.4407,6.4292,0.3388,1.1778,120,82.2202,48.29,120,68.1453,68.8803,67.3238,0.3604,120,29.182,29.2914,29.096,0.0495,120,1005.4563,1005.6337,1005.2492,0.0782,120,104.7162,111.0205,99.0047,2.3164,120,992.2454,1006.4142,976.7383,8.7392,120,929.2918,939.2588,919.5875,5.1607,120,120,0,897.2137,912.5034,881.9849,8.4953,120,25.54,26.55,24.54,0.6,120,3.4243,3.4272,3.4208,0.0013,0.5918,0.5929,0.591,0.0005,0.6815,0.6888,0.6732,0.0036,-0.0058,-0.0057,-0.0058,0,0.0013,0.0014,0.0013,0,0.0083,0.0084,0.0081,0.0001,0.8972,0.9125,0.882,0.0085,242.4667,676,14,128.0222,0,0,0,0,283.5083,964,14,180.771,42,46.9833,47,45,23.68,23.68,23.68
2022-11-24 12:40:00,2.8664,5.7852,1.0012,0.9762,120,87.4723,38.882,120,68.396,69.6127,67.629,0.5284,120,28.9793,29.1815,28.8122,0.1152,120,1005.4021,1005.4689,1005.2492,0.0824,120,130.9332,200.1724,102.3693,26.2828,120,978.2318,1056.9736,750.6891,42.4062,120,902.5728,929.4231,585.6832,61.2931,120,120,0,884.6375,959.8071,650.9598,39.2426,120,27.62,28.6,26.55,0.62,120,3.4234,3.4245,3.4208,0.0014,0.5898,0.5918,0.5881,0.0011,0.684,0.6961,0.6763,0.0053,-0.0056,-0.0036,-0.0058,0.0004,0.0017,0.0025,0.0013,0.0003,0.0081,0.0088,0.0063,0.0004,0.8846,0.9598,0.651,0.0392,288.7417,606,86,106.113,0,0,0,0,267.5667,984,12,134.7609,42,46.8833,49,41,23.68,23.68,23.68
2022-11-24 12:50:00,2.4619,5.5552,0.486,1.0629,120,79.3181,52.01,120,69.5054,70.3452,68.4835,0.5021,120,29.092,29.2486,28.858,0.1144,120,1005.2843,1005.4506,1005.0478,0.0958,120,162.0084,225.6449,134.089,22.5002,120,944.6938,1047.0816,379.1921,131.0884,120,850.3604,925.4882,166.7064,162.5934,120,120,0,853.206,945.4634,337.8399,124.5383,120,29.76,30.94,28.6,0.63,120,3.4214,3.4242,3.4175,0.0016,0.5909,0.5925,0.5886,0.0011,0.6951,0.7035,0.6848,0.005,-0.0053,-0.001,-0.0057,0.001,0.0021,0.0029,0.0017,0.0003,0.0079,0.0087,0.0032,0.0011,0.8532,0.9455,0.3378,0.1245,244.7667,581,30,115.5357,0,0,0,0,281.6583,1017,10,202.8286,42,46.9167,47,41,23.68,23.68,23.68
2022-11-24 13:00:00,2.4793,5.9876,0.3664,1.3611,120,95.7647,52.0013,120,69.1877,70.3757,67.1102,0.9766,120,29.5203,29.8193,29.2608,0.1635,120,1005.1212,1005.2675,1005.0661,0.0845,120,176.1983,251.8378,144.6622,31.1513,120,952.0548,1046.3493,391.2821,108.1774,120,859.9006,918.1131,178.0164,145.1486,120,120,0,856.7766,948.8205,352.1836,99.4862,120,31.93,33.08,30.94,0.64,120,3.4187,3.4211,3.4178,0.0014,0.5952,0.5982,0.5926,0.0016,0.6919,0.7038,0.6711,0.0098,-0.0053,-0.0011,-0.0057,0.0009,0.0022,0.0032,0.0018,0.0004,0.0079,0.0087,0.0033,0.0009,0.8568,0.9488,0.3522,0.0995,246.6583,628,17,147.941,0,0,0,0,295.4833,842,5,161.0661,42,46.8,49,41,23.68,23.68,23.68
2022-11-24 13:10:00,2.8688,6.0336,0.5504,1.0849,120,101.1897,35.0783,120,68.3747,69.1549,67.1407,0.3675,120,29.2427,29.4531,29.1144,0.0727,120,1005.0198,1005.0844,1004.883,0.0838,120,177.538,209.3039,143.2205,20.5941,120,937.5801,1010.8115,329.7323,127.869,120,865.7279,918.6046,121.9562,153.9834,120,120,0,842.8831,911.8931,270.0888,117.1078,120,34.14,35.24,33.08,0.65,120,3.417,3.4181,3.4147,0.0014,0.5924,0.5945,0.5911,0.0007,0.6837,0.6915,0.6714,0.0037,-0.0054,-0.0008,-0.0057,0.001,0.0023,0.0027,0.0018,0.0003,0.0078,0.0084,0.0027,0.0011,0.8429,0.9119,0.2701,0.1171,289,633,37,117.9194,0,0,0,0,288.9917,558,1,100.8048,42,46.7667,47,41,23.68,23.68,23.68
2022-11-24 13:20:00,3.247,7.0732,1.1116,1.0438,120,91.6454,38.9824,120,68.5497,69.5822,67.5375,0.5151,120,28.9254,29.1174,28.8183,0.0749,120,1004.8901,1005.0844,1004.6815,0.065,120,193.2058,247.9929,162.4449,27.3499,120,956.0085,1001.2857,793.5546,28.3223,120,893.8606,904.8356,718.951,21.763,120,120,0,857.092,903.9582,672.9331,29.1418,120,36.37,37.43,35.24,0.66,120,3.4148,3.4181,3.4114,0.0011,0.5893,0.5912,0.5882,0.0008,0.6855,0.6958,0.6754,0.0052,-0.0055,-0.0045,-0.0056,0.0001,0.0025,0.0032,0.0021,0.0003,0.008,0.0083,0.0066,0.0002,0.8571,0.904,0.6729,0.0291,330.1083,746,98,113.4619,0,0,0,0,274.3667,980,41,129.5463,42,46.8167,49,41,23.68,23.68,23.68
2022-11-24 13:30:00,2.6765,6.1256,0.6792,1.1922,120,107.8109,55.299,120,69.0397,70.1926,67.4764,0.7331,120,29.2075,29.4012,28.8519,0.1525,120,1004.7662,1004.9013,1004.6815,0.0886,120,187.9572,260.248,159.0811,27.3592,120,874.1465,1011.1777,263.419,142.3746,120,828.633,907.786,70.8137,177.1186,120,120,0,779.0536,911.5879,217.597,129.8689,120,38.62,39.63,37.43,0.66,120,3.4128,3.415,3.4114,0.0015,0.5921,0.594,0.5885,0.0015,0.6904,0.7019,0.6748,0.0073,-0.0051,-0.0004,-0.0056,0.0011,0.0024,0.0033,0.002,0.0003,0.0073,0.0084,0.0022,0.0012,0.7791,0.9116,0.2176,0.1299,268.1,643,51,129.5882,0,0,0,0,343.375,927,7,176.1603,42,46.8667,47,45,23.68,23.68,23.68
2022-11-24 13:40:00,3.0125,5.3252,1.1852,0.9116,120,75.2761,31.8451,120,68.4016,69.5822,67.1712,0.6221,120,29.0816,29.2578,28.9038,0.0923,120,1004.6814,1004.7365,1004.4984,0.0605,120,211.0503,283.5575,158.1197,38.8835,120,750.8481,968.3121,216.8908,232.1347,120,670.5901,887.6233,19.1782,307.3562,120,120,0,668.0324,892.9716,180.0592,211.1454,120,40.89,42.1,39.88,0.66,120,3.4114,3.4123,3.4083,0.001,0.5908,0.5926,0.589,0.0009,0.684,0.6958,0.6717,0.0062,-0.0042,-0.0001,-0.0055,0.0019,0.0027,0.0036,0.002,0.0005,0.0063,0.0081,0.0018,0.0019,0.668,0.893,0.1801,0.2111,304.6167,556,106,99.0851,0,0,0,0,225.7333,989,30,115.0016,42,46.8333,47,41,23.68,23.68,23.68
2022-11-24 13:50:00,3.1292,6.6132,0.3296,1.3483,120,62.94,35.3224,120,68.9042,69.8569,67.6595,0.5357,120,29.0119,29.1632,28.8397,0.0893,120,1004.6855,1004.9013,1004.4984,0.0644,120,172.6959,200.6535,158.1197,11.8608,120,840.9199,889.1765,641.1453,29.2321,120,866.4451,881.7225,594.5359,27.792,120,120,0,742.6145,794.0916,504.7761,32.6048,120,43.18,44.33,42.1,0.67,120,3.4114,3.415,3.4083,0.0011,0.5901,0.5916,0.5884,0.0009,0.689,0.6986,0.6766,0.0054,-0.0054,-0.0037,-0.0055,0.0002,0.0022,0.0025,0.002,0.0002,0.007,0.0074,0.0053,0.0002,0.7426,0.7941,0.5048,0.0326,317.3,696,13,146.5542,0,0,0,0,193.0667,725,13,112.626,42,46.9167,49,45,23.68,23.68,23.68
2022-11-24 14:00:00,2.7042,6.1992,0.4952,1.2813,120,80.4196,49.1752,120,68.8915,70.3146,67.6595,0.7778,120,29.1394,29.3921,28.8366,0.1639,120,1004.5497,1004.6999,1004.3153,0.079,120,203.5308,252.078,166.0496,22.7576,120,602.362,859.5006,173.2929,262.4995,120,538.0776,867.4621,16.2278,346.4863,120,120,0,529.8598,760.5213,137.3333,237.4788,120,45.47,46.57,44.33,0.67,120,3.4092,3.4117,3.4053,0.0013,0.5914,0.5939,0.5884,0.0016,0.6889,0.7031,0.6766,0.0078,-0.0033,-0.0001,-0.0054,0.0022,0.0026,0.0032,0.0021,0.0003,0.005,0.0072,0.0014,0.0022,0.5299,0.7605,0.1373,0.2375,271.1083,651,31,139.2736,0,0,0,0,280.0333,1020,32,188.2687,42,46.8167,47,41,23.68,23.68,23.68
2022-11-24 14:10:00,2.9436,4.9572,0.8632,0.9626,120,87.0105,35.847,120,69.3782,70.1315,68.453,0.3708,120,28.8682,28.9709,28.8183,0.0346,120,1004.5062,1004.7182,1004.3153,0.0738,120,192.7953,228.2882,142.7402,31.0034,120,759.0121,858.0348,315.0768,112.6433,120,796.6647,865.9861,145.0693,153.967,120,120,0,669.1641,766.625,267.037,103.9004,120,47.77,48.82,46.57,0.67,120,3.4084,3.412,3.4053,0.0012,0.5887,0.5897,0.5882,0.0003,0.6938,0.7013,0.6845,0.0037,-0.0049,-0.0009,-0.0054,0.001,0.0024,0.0029,0.0018,0.0004,0.0063,0.0071,0.0026,0.0009,0.6692,0.7666,0.267,0.1039,297.1333,516,71,104.6345,0,0,0,0,260.3583,1012,9,126.0577,42,46.9667,49,43,23.68,23.68,23.68
2022-11-24 14:20:00,2.2832,5.0768,0.5596,0.9611,120,98.8447,42.6815,120,69.5708,71.3828,67.4764,1.1054,120,29.4499,29.7491,28.8702,0.3017,120,1004.4559,1004.5167,1004.3153,0.0875,120,191.6699,240.5433,142.9803,28.9278,120,694.635,809.3085,224.5834,152.0742,120,738.0265,861.0683,53.6014,227.3978,120,120,0,609.7446,716.2694,190.1303,135.2037,120,50.09,51.33,48.82,0.67,120,3.4076,3.4086,3.4053,0.0015,0.5945,0.5975,0.5887,0.003,0.6957,0.7138,0.6748,0.0111,-0.0046,-0.0003,-0.0053,0.0014,0.0024,0.0031,0.0018,0.0004,0.0058,0.0067,0.0019,0.0013,0.6097,0.7163,0.1901,0.1352,225.35,529,38,104.4701,0,0,0,0,295.425,999,37,136.0842,42,46.8,47,41,23.68,23.68,23.68
2022-11-24 14:30:00,2.2469,4.764,0.348,1.1444,120,89.8794,44.6093,120,68.2653,69.0939,67.6595,0.3311,120,29.273,29.4989,29.1571,0.0872,120,1004.3905,1004.5351,1004.1322,0.0951,120,176.9513,208.3425,164.3677,11.6792,120,511.7193,743.7287,171.8271,217.7768,120,520.7186,836.9723,15.2449,333.1565,120,120,0,441.1756,650.0443,142.2163,193.3528,120,52.41,53.6,51.33,0.68,120,3.4065,3.4089,3.4022,0.0016,0.5927,0.595,0.5916,0.0009,0.6827,0.6909,0.6766,0.0033,-0.0032,-0.0001,-0.0052,0.0021,0.0022,0.0026,0.0021,0.0001,0.0043,0.0062,0.0014,0.0018,0.4412,0.65,0.1422,0.1934,221.4,495,15,124.3883,0,0,0,0,293.175,978,21,164.3807,42,46.8167,49,41,23.68,23.68,23.68
2022-11-24 14:40:00,2.8371,5.546,0.946,1.1277,120,102.0673,40.3508,120,68.2923,69.0939,67.4459,0.4857,120,29.0988,29.2944,28.9007,0.1522,120,1004.3503,1004.5167,1004.1505,0.074,120,157.3205,203.2969,125.9189,28.995,120,579.1281,725.4094,137.7551,162.1036,120,694.0674,841.8901,22.6217,243.5596,120,120,0,497.7035,629.902,109.8666,142.9411,120,54.73,55.87,53.6,0.68,120,3.4058,3.4086,3.4025,0.0012,0.591,0.5929,0.589,0.0015,0.6829,0.6909,0.6745,0.0049,-0.0043,-0.0001,-0.0052,0.0015,0.002,0.0026,0.0016,0.0004,0.0048,0.006,0.0011,0.0014,0.4977,0.6299,0.1099,0.1429,285.5583,580,80,122.575,0,0,0,0,300.075,790,27,123.3065,42,46.7,49,41,23.68,23.68,23.68
2022-11-24 14:50:00,2.9735,4.8836,0.716,0.8803,120,98.2314,33.8642,120,68.7849,69.6432,68.4225,0.2625,120,28.9575,29.0411,28.9068,0.0461,120,1004.2822,1004.5167,1004.1322,0.0864,120,140.9158,168.9331,121.1126,15.4998,120,575.614,636.7491,202.2353,85.6865,120,757.3771,811.4003,65.4044,155.5977,120,120,0,487.4238,544.145,169.0725,74.3457,120,57.06,58.14,55.87,0.68,120,3.4047,3.4086,3.4022,0.0014,0.5896,0.5904,0.5891,0.0005,0.6878,0.6964,0.6842,0.0026,-0.0047,-0.0004,-0.005,0.001,0.0018,0.0021,0.0015,0.0002,0.0048,0.0053,0.0017,0.0007,0.4874,0.5441,0.1691,0.0743,300.3833,508,55,95.6882,0,0,0,0,293.4083,983,5,118.1132,42,46.85,47,41,23.68,23.73,23.68
2022-11-24 15:00:00,2.7599,5.454,0.532,1.193,120,105.4393,41.1708,120,69.098,70.1315,67.8732,0.6363,120,28.9408,29.1266,28.7634,0.1045,120,1004.2936,1004.5167,1004.1322,0.0799,120,141.1761,160.2819,122.074,12.3193,120,559.9914,573,539.6615,8.7363,120,778.285,791.2391,754.3571,8.4988,120,120,0,471.1626,483.4132,452.2843,8.4643,120,59.4,60.67,58.14,0.68,120,3.4049,3.4086,3.4022,0.0013,0.5894,0.5913,0.5876,0.001,0.691,0.7013,0.6787,0.0064,-0.0048,-0.0047,-0.0049,0.0001,0.0018,0.002,0.0015,0.0002,0.0047,0.0048,0.0045,0.0001,0.4712,0.4834,0.4523,0.0085,277.1667,570,35,129.6691,0,0,0,0,310.8917,750,82,122.3567,42,46.8167,49,41,23.68,23.68,23.68
2022-11-24 15:10:00,2.6406,5.316,0.8816,1.0211,120,89.8036,36.7997,120,68.9571,69.7348,68.453,0.2956,120,29.0736,29.1998,28.9129,0.0826,120,1004.3092,1004.4984,1004.1505,0.0462,120,162.1646,205.4591,139.8567,20.3002,120,387.6089,564.2077,174.0252,136.4208,120,449.262,776.9771,30.4882,283.7856,120,120,0,324.1345,472.1213,146.4889,112.241,120,61.73,62.95,60.67,0.68,120,3.4052,3.4083,3.4025,0.0008,0.5907,0.592,0.5891,0.0008,0.6896,0.6973,0.6845,0.003,-0.0028,-0.0002,-0.0048,0.0018,0.0021,0.0026,0.0018,0.0003,0.0032,0.0047,0.0014,0.0011,0.3241,0.4721,0.1465,0.1122,264.2,555,73,110.986,0,0,0,0,263.1583,725,7,111.7908,42,46.8167,49,41,23.68,23.68,23.68
2022-11-24 15:20:00,2.6203,5.362,0.5412,1.1376,120,96.3237,44.1463,120,69.4774,70.2841,68.8803,0.394,120,28.6212,28.9129,28.33,0.1841,120,1004.2941,1004.4984,1004.1322,0.0664,120,155.3661,201.374,116.5472,28.3759,120,255.4292,532.6999,146.1813,122.78,120,231.8107,739.1122,14.2604,280.3022,120,120,0,210.2293,445.8754,114.4444,98.6057,120,64.07,65.23,62.95,0.68,120,3.4049,3.4083,3.4022,0.0011,0.5862,0.5891,0.5833,0.0018,0.6948,0.7028,0.6888,0.0039,-0.0014,-0.0001,-0.0046,0.0017,0.002,0.0026,0.0015,0.0004,0.0021,0.0044,0.0012,0.001,0.2102,0.4459,0.1144,0.0986,261.9917,560,36,123.6499,0,0,0,0,307.7,1006,7,166.7042,42,46.7667,49,41,23.68,23.68,23.68
2022-11-24 15:30:00,2.7508,4.6352,1.084,0.9143,120,101.1811,30.9247,120,70.348,70.7114,69.9484,0.1752,120,28.4067,28.4887,28.33,0.0488,120,1004.3312,1004.5167,1004.3153,0.0479,120,111.6389,131.4457,98.7646,10.5233,120,336.5585,433.4142,129.3277,95.9541,120,541.0692,733.7029,29.9968,236.5185,120,120,0,263.1306,340.8918,102.8474,74.012,120,66.41,67.51,65.23,0.68,120,3.4055,3.4086,3.4053,0.0008,0.5841,0.5849,0.5833,0.0005,0.7035,0.7071,0.6995,0.0018,-0.0034,-0.0002,-0.0046,0.0015,0.0014,0.0017,0.0013,0.0001,0.0028,0.0036,0.0011,0.0008,0.2631,0.3409,0.1028,0.074,276.175,481,95,99.3755,0,0,0,0,294.6083,940,29,104.6379,42,46.85,49,41,23.68,23.68,23.68
2022-11-24 15:40:00,2.6864,5.408,0.7896,1.1055,120,98.388,43.1239,120,70.8052,71.8711,69.7958,0.5402,120,28.4613,28.6901,28.2873,0.1472,120,1004.4227,1004.5167,1004.3153,0.0919,120,114.5686,124.237,102.3693,5.5195,120,356.266,396.7767,168.1633,46.251,120,632.3108,691.903,162.7715,106.8484,120,120,0,276.5104,310.9836,133.9763,35.8188,120,68.75,69.79,67.51,0.68,120,3.407,3.4086,3.4053,0.0015,0.5846,0.5869,0.5829,0.0015,0.7081,0.7187,0.698,0.0054,-0.0039,-0.001,-0.0043,0.0007,0.0015,0.0016,0.0013,0.0001,0.003,0.0033,0.0014,0.0004,0.2765,0.311,0.134,0.0358,269.175,565,63,120.1646,0,0,0,0,296.7,887,5,136.8333,42,46.6167,49,41,23.68,23.68,23.63
2022-11-24 15:50:00,2.5071,5.1412,0.5964,1.0184,120,80.9135,35.7138,120,70.0982,70.8945,69.4906,0.3256,120,28.6106,28.6932,28.5131,0.0458,120,1004.4823,1004.6999,1004.3153,0.0903,120,94.4452,107.8961,73.5331,10.3222,120,255.2765,334.1285,76.2041,96.2003,120,467.6169,643.2195,19.1782,241.5155,120,120,0,189.0215,252.9984,60.1215,70.0942,120,71.09,72.33,70.04,0.68,120,3.408,3.4117,3.4053,0.0015,0.5861,0.5869,0.5851,0.0005,0.701,0.7089,0.6949,0.0033,-0.0029,-0.0001,-0.004,0.0015,0.0012,0.0014,0.0009,0.0001,0.0021,0.0028,0.0006,0.0008,0.189,0.253,0.0601,0.0701,249.6833,536,42,110.6969,0,0,0,0,262.4583,1000,64,152.8062,42,46.8333,47,43,23.68,23.68,23.68
2022-11-24 16:00:00,2.0315,4.2672,0.256,1.1093,120,107.1592,51.7261,120,69.9756,70.8335,69.1244,0.464,120,28.57,28.7359,28.4429,0.0949,120,1004.496,1004.5351,1004.3153,0.0524,120,74.2577,80.9819,69.9283,2.6862,120,206.3632,273.3109,76.2041,68.6967,120,444.4592,629.942,19.6697,217.8929,120,120,0,143.9507,191.0459,60.1215,44.4471,120,73.43,74.61,72.33,0.68,120,3.4083,3.4089,3.4053,0.0009,0.5857,0.5874,0.5844,0.0009,0.6998,0.7083,0.6912,0.0046,-0.0028,-0.0001,-0.0039,0.0014,0.0009,0.001,0.0009,0,0.0017,0.0023,0.0006,0.0006,0.144,0.191,0.0601,0.0444,197.9917,441,5,120.5724,0,0,0,0,342.375,941,27,170.5466,42,46.9667,49,41,23.68,23.68,23.63
2022-11-24 16:10:00,2.2131,4.4788,0.578,0.8342,120,104.7928,31.4559,120,70.6771,71.4743,69.5822,0.486,120,28.4322,28.5772,28.3605,0.0643,120,1004.498,1004.5351,1004.3153,0.0431,120,72.898,80.9819,67.7654,3.5227,120,195.3783,242.1693,76.5714,54.3636,120,465.9367,588.1421,39.8324,189.2955,120,120,0,129.3222,163.8844,59.2059,33.1306,120,75.76,76.88,74.61,0.68,120,3.4083,3.4089,3.4053,0.0007,0.5843,0.5858,0.5836,0.0006,0.7068,0.7147,0.6958,0.0049,-0.0029,-0.0002,-0.0037,0.0012,0.0009,0.001,0.0009,0,0.0016,0.002,0.0006,0.0005,0.1293,0.1639,0.0592,0.0331,217.7333,464,40,90.6767,0,0,0,0,298.1,576,30,90.8506,42,46.9833,49,41,23.68,23.68,23.68
2022-11-24 16:20:00,2.3816,4.2488,0.8264,0.7727,120,95.1248,28.3258,120,71.1859,71.9016,70.5893,0.4228,120,28.3741,28.5864,28.211,0.1352,120,1004.5061,1004.6999,1004.4801,0.0204,120,75.7355,92.0362,59.8354,9.9094,120,161.9166,200.7695,101.8499,27.9965,120,398.9429,530.6075,133.2662,101.6979,120,120,0,104.0401,130.6192,75.0755,17.7766,120,78.1,79.16,76.88,0.68,120,3.4084,3.4117,3.408,0.0003,0.5837,0.5859,0.5821,0.0014,0.7119,0.719,0.7059,0.0042,-0.0025,-0.0008,-0.0033,0.0006,0.001,0.0012,0.0008,0.0001,0.0013,0.0017,0.0008,0.0002,0.104,0.1306,0.0751,0.0178,236.0417,439,67,83.9927,0,0,0,0,268.7,448,17,81.5434,42,46.9167,49,41,23.68,23.68,23.68
2022-11-24 16:30:00,1.5381,3.9912,0.2376,0.7863,120,93.768,54.3063,120,72.204,73.0613,71.4743,0.4483,120,28.4448,28.6261,28.1866,0.1677,120,1004.5576,1004.6999,1004.4801,0.0854,120,50.0972,60.3157,41.5724,6.1659,120,116.9052,148.3794,53.4898,25.2156,120,372.3182,450.9426,62.9455,98.1564,120,120,0,64.4042,84.8415,39.0637,13.2569,120,80.44,81.69,79.16,0.68,120,3.4093,3.4117,3.408,0.0014,0.5845,0.5863,0.5819,0.0017,0.722,0.7306,0.7147,0.0045,-0.0023,-0.0004,-0.0028,0.0006,0.0006,0.0008,0.0005,0.0001,0.001,0.0012,0.0004,0.0002,0.0644,0.0848,0.0391,0.0133,144.3583,411,3,85.4635,0,0,0,0,309.95,934,36,178.8235,42,46.8333,49,41,23.68,23.68,23.68
2022-11-24 16:40:00,2.4113,3.8072,0.8908,0.7313,120,90.6856,33.8748,120,71.8446,72.573,71.0776,0.482,120,28.1678,28.5681,27.9699,0.1978,120,1004.5296,1004.6999,1004.4801,0.0689,120,39.4217,43.0142,34.6039,2.5138,120,85.8555,99.6519,69.976,8.5593,120,342.6202,380.1289,289.6455,23.5431,120,120,0,40.5845,49.7452,31.7392,5.2076,120,82.77,83.96,81.69,0.68,120,3.4088,3.4117,3.408,0.0011,0.5817,0.5857,0.5797,0.002,0.7184,0.7257,0.7108,0.0048,-0.0021,-0.0018,-0.0024,0.0001,0.0005,0.0005,0.0004,0,0.0007,0.0008,0.0006,0.0001,0.0406,0.0497,0.0317,0.0052,239.275,391,74,79.4865,0,0,0,0,270.2083,787,81,110.5939,42,46.9333,47,41,23.68,23.68,23.68
2022-11-24 16:50:00,1.9332,3.8992,0.5596,0.851,120,93.1104,46.7763,120,72.7187,73.0003,72.4204,0.165,120,28.0166,28.1072,27.8539,0.0675,120,1004.5795,1004.6999,1004.4801,0.0952,120,30.5605,35.5646,23.7898,3.4594,120,54.5706,69.6098,39.2017,9.771,120,245.1824,302.923,192.2768,35.5201,120,120,0,26.8868,32.0444,21.6681,3.3186,120,85.1,86.23,83.96,0.68,120,3.4097,3.4117,3.408,0.0016,0.5802,0.5811,0.5785,0.0007,0.7272,0.73,0.7242,0.0017,-0.0015,-0.0012,-0.0019,0.0002,0.0004,0.0005,0.0003,0,0.0005,0.0006,0.0003,0.0001,0.0269,0.032,0.0217,0.0033,187.3,401,38,92.4977,0,0,0,0,298.3583,996,24,168.7982,42,46.95,49,41,23.68,23.68,23.68
2022-11-24 17:00:00,1.7295,4.1292,0.3204,0.8346,120,89.8493,48.2261,120,73.3075,73.7938,72.7866,0.2493,120,27.7374,27.8478,27.6128,0.0637,120,1004.6774,1004.8647,1004.4801,0.0598,120,18.4032,24.2709,13.2165,3.0039,120,24.7574,39.2017,13.922,8.2087,120,114.6821,192.2768,26.0635,59.2555,120,120,0,17.1311,21.6681,12.8178,2.3712,120,87.42,88.5,86.23,0.68,120,3.4113,3.4144,3.408,0.001,0.5774,0.5785,0.5761,0.0006,0.7331,0.7379,0.7279,0.0025,-0.0007,-0.0002,-0.0012,0.0004,0.0002,0.0003,0.0002,0,0.0002,0.0003,0.0001,0.0001,0.0171,0.0217,0.0128,0.0024,165.1583,426,12,90.7207,0,0,0,0,277.5333,767,4,147.3451,42,46.9833,47,45,23.68,23.68,23.68
2022-11-24 17:10:00,2.1699,4.8928,0.9184,0.8739,120,95.2002,26.3467,120,73.8802,74.3126,73.5191,0.2598,120,27.431,27.6281,27.2497,0.1171,120,1004.7552,1004.883,1004.4984,0.0899,120,8.4286,13.2165,4.085,2.6356,120,8.3929,13.922,3.6639,2.8406,120,14.7156,25.572,13.2775,2.2748,120,120,0,8.7893,12.8178,4.5778,2.3102,120,89.23,89.75,88.5,0.38,67,3.4126,3.4147,3.4083,0.0015,0.5743,0.5763,0.5725,0.0012,0.7388,0.7431,0.7352,0.0026,-0.0001,-0.0001,-0.0002,0,0.0001,0.0002,0.0001,0,0.0001,0.0001,0,0,0.0088,0.0128,0.0046,0.0023,213.0333,509,77,94.9866,0,0,0,0,268.4667,461,35,76.092,42,46.9167,49,41,23.68,23.68,23.68
2022-11-24 17:20:00,1.9243,3.844,0.256,0.8833,120,98.3068,44.439,120,74.8576,75.4418,74.2515,0.3638,120,27.1223,27.2466,27.0757,0.0436,120,1004.8498,1005.0478,1004.6815,0.069,120,1.4078,4.3252,0,1.2625,120,1.3158,3.6639,0,1.2105,120,13.7935,14.2604,13.2775,0.2,120,120,0,2.4033,4.883,0.6104,1.0897,120,None,None,None,None,0,3.4142,3.4175,3.4114,0.0012,0.5712,0.5725,0.5708,0.0004,0.7486,0.7544,0.7425,0.0036,-0.0001,-0.0001,-0.0001,0,0,0.0001,0,0,0,0,0,0,0.0024,0.0049,0.0006,0.0011,186.3417,395,5,96.0157,0,0,0,0,297.875,954,16,142.9239,41.1,46.9833,49,41,23.68,23.68,23.68
2022-11-24 17:30:00,1.4847,3.6968,0.4032,0.6228,120,96.4856,34.0643,120,75.4532,75.7469,75.2586,0.1134,120,27.0942,27.152,27.0055,0.0467,120,1005.0076,1005.0661,1004.8463,0.0792,120,0,0,0,0,120,0,0,0,0,120,13.8099,14.2604,13.2775,0.1635,120,120,0,0.0763,0.6104,0,0.1736,120,None,None,None,None,0,3.4168,3.4178,3.4141,0.0013,0.5709,0.5715,0.5701,0.0005,0.7545,0.7575,0.7526,0.0011,-0.0001,-0.0001,-0.0001,0,0,0,0,0,0,0,0,0,0.0001,0.0006,0,0.0002,138.55,379,21,67.6937,0,0,0,0,285.65,965,7,121.9266,41,46.8667,47,41,23.68,23.68,23.68
2022-11-24 17:40:00,1.7641,3.4484,0.6608,0.6794,120,95.5794,32.1105,120,75.9756,76.2352,75.6859,0.1865,120,26.9501,27.0177,26.9018,0.0331,120,1005.0964,1005.2492,1005.0295,0.0796,120,0,0,0,0,120,0,0,0,0,120,13.8263,14.2604,13.2775,0.2131,120,120,0,0,0,0,0,120,None,None,None,None,0,3.4183,3.4208,3.4172,0.0013,0.5695,0.5702,0.569,0.0003,0.7598,0.7624,0.7569,0.0019,-0.0001,-0.0001,-0.0001,0,0,0,0,0,0,0,0,0,0,0,0,0,168.925,352,49,73.8512,0,0,0,0,293.1917,1018,79,135.5785,41,46.8667,49,41,23.68,23.68,23.63
2022-11-24 17:50:00,2.2225,4.6352,0.5964,1.0246,120,101.0503,36.5688,120,76.4473,76.8456,76.1437,0.2062,120,26.8316,26.9018,26.7766,0.0434,120,1005.2457,1005.414,1005.0295,0.0837,120,0,0,0,0,120,0,0,0,0,120,13.8877,14.2604,13.2775,0.2297,120,120,0,0,0,0,0,120,None,None,None,None,0,3.4208,3.4236,3.4172,0.0014,0.5683,0.569,0.5678,0.0004,0.7645,0.7685,0.7614,0.0021,-0.0001,-0.0001,-0.0001,0,0,0,0,0,0,0,0,0,0,0,0,0,218.75,481,42,111.3701,0,0,0,0,306.675,944,39,128.9599,41,46.9,47,41,23.68,23.68,23.68
2022-11-24 18:00:00,1.8608,3.43,0.3296,0.8161,120,100.0945,39.2946,120,76.8985,77.0287,76.7846,0.063,120,26.8401,26.8712,26.798,0.0167,120,1005.3629,1005.6154,1005.2126,0.0949,120,0,0,0,0,120,0,0,0,0,120,13.9082,14.2604,13.2775,0.2313,120,120,0,0,0,0,0,120,None,None,None,None,0,3.4227,3.4269,3.4202,0.0016,0.5684,0.5687,0.568,0.0002,0.769,0.7703,0.7678,0.0006,-0.0001,-0.0001,-0.0001,0,0,0,0,0,0,0,0,0,0,0,0,0,179.4333,350,13,88.7044,0,0,0,0,299.8083,761,69,123.4175,41,46.8167,47,41,23.68,23.68,23.68
2022-11-24 18:10:00,2.4661,4.7916,0.3388,0.9419,120,95.3039,31.2556,120,77.267,77.5475,76.9677,0.1573,120,26.788,26.8194,26.7675,0.0117,120,1005.4209,1005.6154,1005.2309,0.0595,120,0,0,0,0,120,0,0,0,0,120,13.9409,14.2604,13.7689,0.2354,120,120,0,0,0,0,0,120,None,None,None,None,0,3.4237,3.4269,3.4205,0.001,0.5679,0.5682,0.5677,0.0001,0.7727,0.7755,0.7697,0.0016,-0.0001,-0.0001,-0.0001,0,0,0,0,0,0,0,0,0,0,0,0,0,245.2333,498,14,102.3798,0,0,0,0,273.5917,732,54,94.141,41,46.8167,47,41,23.68,23.68,23.68
2022-11-24 18:20:00,1.508,2.8596,0.6332,0.5107,120,92.9252,33.7461,120,77.6788,77.8527,77.517,0.0841,120,26.8042,26.8224,26.7827,0.0087,120,1005.5196,1005.6154,1005.3957,0.0878,120,0,0,0,0,120,0,0,0,0,120,13.9205,14.2604,13.7689,0.2279,120,120,0,0,0,0,0,120,None,None,None,None,0,3.4253,3.4269,3.4233,0.0015,0.568,0.5682,0.5678,0.0001,0.7768,0.7785,0.7752,0.0008,-0.0001,-0.0001,-0.0001,0,0,0,0,0,0,0,0,0,0,0,0,0,141.0917,288,46,55.5144,0,0,0,0,267.2917,702,20,100.1918,41,46.95,49,45,23.68,23.68,23.68
2022-11-24 18:30:00,1.5997,3.2,0.4492,0.591,120,102.556,40.7315,120,78.0808,78.341,77.8222,0.1282,120,26.794,26.8133,26.7766,0.0091,120,1005.7173,1005.9633,1005.5788,0.0957,120,0,0,0,0,120,0,0,0,0,120,13.9901,14.2604,13.7689,0.2455,120,120,0,0,0,0,0,120,None,None,None,None,0,3.4286,3.4327,3.4263,0.0016,0.5679,0.5681,0.5678,0.0001,0.7808,0.7834,0.7782,0.0013,-0.0001,-0.0001,-0.0001,0,0,0,0,0,0,0,0,0,0,0,0,0,151.0583,325,26,64.2342,0,0,0,0,314.6583,982,47,142.355,40,46.8833,49,41,23.68,23.68,23.68
2022-11-24 18:40:00,1.9177,4.4052,0.854,0.717,120,97.0766,33.1721,120,78.3224,78.4631,78.2189,0.0611,120,26.8023,26.8285,26.7614,0.0191,120,1005.7498,1005.7985,1005.5788,0.0589,120,0,0,0,0,120,0,0,0,0,120,14.0351,14.2604,13.7689,0.2459,120,120,0,0,0,0,0,120,None,None,None,None,0,3.4292,3.43,3.4263,0.001,0.568,0.5683,0.5676,0.0002,0.7832,0.7846,0.7822,0.0006,-0.0001,-0.0001,-0.0001,0,0,0,0,0,0,0,0,0,0,0,0,0,185.6167,456,70,77.9339,0,0,0,0,284.9417,1017,57,114.6761,40,46.9667,47,45,23.68,23.68,23.68
2022-11-24 18:50:00,1.8695,4.0372,0.4032,0.7392,120,88.632,38.8654,120,78.5516,78.6462,78.4326,0.0477,120,26.8079,26.8438,26.7644,0.0244,120,1005.8208,1005.9633,1005.7436,0.0867,120,0,0,0,0,120,0,0,0,0,120,13.9655,14.2604,13.7689,0.2418,120,120,0,0,0,0,0,120,None,None,None,None,0,3.4303,3.4327,3.4291,0.0014,0.5681,0.5684,0.5676,0.0002,0.7855,0.7865,0.7843,0.0005,-0.0001,-0.0001,-0.0001,0,0,0,0,0,0,0,0,0,0,0,0,0,180.375,416,21,80.3432,0,0,0,0,272.65,1007,30,141.1126,40,46.8667,49,41,23.68,23.68,23.68
2022-11-24 19:00:00,2.0407,3.7796,0.7436,0.6887,120,94.413,29.449,120,78.6388,78.8598,78.4326,0.1221,120,26.7626,26.8316,26.7339,0.0254,120,1005.9296,1006.1464,1005.7436,0.0923,120,0,0,0,0,120,0,0,0,0,120,13.9655,14.2604,13.7689,0.2418,120,120,0,0,0,0,0,120,None,None,None,None,0,3.4322,3.4358,3.4291,0.0015,0.5676,0.5683,0.5673,0.0003,0.7864,0.7886,0.7843,0.0012,-0.0001,-0.0001,-0.0001,0,0,0,0,0,0,0,0,0,0,0,0,0,198.9917,388,58,74.8577,0,0,0,0,278.875,1012,73,109.0318,40,46.9667,47,45,23.68,23.68,23.68
2022-11-24 19:10:00,1.7508,3.8348,0.4584,0.7994,120,102.8658,51.1285,120,78.9221,79.1345,78.7683,0.1052,120,26.7533,26.7797,26.7309,0.011,120,1006.1226,1006.3295,1005.945,0.0915,120,0,0,0,0,120,0,0,0,0,120,14.0843,14.2604,13.7689,0.2366,120,120,0,0,0,0,0,120,None,None,None,None,0,3.4354,3.4388,3.4324,0.0015,0.5675,0.5678,0.5673,0.0001,0.7892,0.7913,0.7877,0.0011,-0.0001,-0.0001,-0.0001,0,0,0,0,0,0,0,0,0,0,0,0,0,167.4833,394,27,86.894,0,0,0,0,323.8667,1017,19,172.3734,40,46.8,49,41,23.68,23.68,23.63
2022-11-24 19:20:00,2.5301,5.9968,0.624,1.1955,120,79.0416,39.3119,120,79.0913,79.2261,78.9209,0.0804,120,26.7886,26.8316,26.7522,0.0233,120,1006.2616,1006.3295,1006.1281,0.0852,120,0,0,0,0,120,0,0,0,0,120,14.0597,14.2604,13.7689,0.2426,120,120,0,0,0,0,0,120,None,None,None,None,0,3.4377,3.4388,3.4355,0.0014,0.5679,0.5683,0.5675,0.0002,0.7909,0.7923,0.7892,0.0008,-0.0001,-0.0001,-0.0001,0,0,0,0,0,0,0,0,0,0,0,0,0,252.1833,629,45,129.948,0,0,0,0,267.7,1013,8,173.5418,40,46.75,49,41,23.68,23.68,23.68
2022-11-24 19:30:00,2.2754,5.2332,0.302,1.0937,120,87.8563,33.7869,120,79.2057,79.3176,79.0735,0.0572,120,26.7661,26.7888,26.7522,0.0079,120,1006.5041,1006.7141,1006.2929,0.0937,120,0,0,0,0,120,0,0,0,0,120,13.9737,14.7535,13.2775,0.2595,120,120,0,0,0,0,0,120,None,None,None,None,0,3.4417,3.4452,3.4382,0.0016,0.5677,0.5679,0.5675,0.0001,0.7921,0.7932,0.7907,0.0006,-0.0001,-0.0001,-0.0001,0,0,0,0,0,0,0,0,0,0,0,0,0,224.5,546,10,118.8784,0,0,0,0,255.925,705,27,102.6205,39.4,46.95,49,43,23.68,23.68,23.68
2022-11-24 19:40:00,2.1185,5.0768,0.532,1.0269,120,94.6251,39.0914,120,79.3687,79.5007,79.2566,0.0611,120,26.7705,26.7797,26.7553,0.0054,120,1006.6626,1006.8789,1006.4943,0.077,120,0,0,0,0,120,0,0,0,0,120,14.0188,14.2604,13.7689,0.2467,120,120,0,0,0,0,0,120,None,None,None,None,0,3.4444,3.448,3.4416,0.0013,0.5677,0.5678,0.5675,0.0001,0.7937,0.795,0.7926,0.0006,-0.0001,-0.0001,-0.0001,0,0,0,0,0,0,0,0,0,0,0,0,0,207.45,529,35,111.6192,0,0,0,0,302.3,999,131,155.8444,39,46.8167,49,41,23.68,23.68,23.68
2022-11-24 19:50:00,2.2779,4.5248,0.7988,0.9661,120,91.0853,38.7174,120,79.6726,79.928,79.4702,0.1278,120,26.7485,26.7736,26.7278,0.0137,120,1006.7943,1007.062,1006.5127,0.1063,120,0,0,0,0,120,0,0,0,0,120,14.0433,14.2604,13.7689,0.2451,120,120,0,0,0,0,0,120,None,None,None,None,0,3.4466,3.451,3.4419,0.0018,0.5675,0.5677,0.5673,0.0001,0.7967,0.7993,0.7947,0.0013,-0.0001,-0.0001,-0.0001,0,0,0,0,0,0,0,0,0,0,0,0,0,224.775,469,64,105.0141,0,0,0,0,281.55,996,0,139.6343,39,46.65,49,41,23.68,23.68,23.63
2022-11-24 20:00:00,1.9347,4.3408,0.3388,0.9385,120,96.7493,36.9964,120,80.1063,80.2637,79.928,0.0836,120,26.7833,26.8163,26.74,0.0209,120,1007.0437,1007.2817,1006.8606,0.1177,120,0,0,0,0,120,0,0,0,0,120,14.0966,14.7535,13.7689,0.2413,120,120,0,0,0,0,0,120,None,None,None,None,0,3.4507,3.4547,3.4477,0.002,0.5678,0.5682,0.5674,0.0002,0.8011,0.8026,0.7993,0.0008,-0.0001,-0.0001,-0.0001,0,0,0,0,0,0,0,0,0,0,0,0,0,187.4667,449,14,102.0077,0,0,0,0,286.7583,941,67,120.7256,39,46.9167,47,41,23.68,23.68,23.68
2022-11-24 20:10:00,2.2955,5.27,0.5596,0.9917,120,100.6776,26.6012,120,80.2146,80.3858,79.928,0.1025,120,26.7714,26.8163,26.7034,0.0413,120,1007.1554,1007.2817,1006.8789,0.0986,120,0,0,0,0,120,0,0,0,0,120,14.0638,14.2604,13.7689,0.2418,120,120,0,0,0,0,0,120,None,None,None,None,0,3.4526,3.4547,3.448,0.0016,0.5677,0.5682,0.567,0.0004,0.8021,0.8039,0.7993,0.001,-0.0001,-0.0001,-0.0001,0,0,0,0,0,0,0,0,0,0,0,0,0,226.6833,550,38,107.7924,0,0,0,0,285.9333,494,102,76.7003,39,46.8333,47,41,23.68,23.68,23.63
2022-11-24 20:20:00,2.559,5.8864,0.762,1.0099,120,97.3959,34.9552,120,80.3278,80.5078,80.1111,0.1181,120,26.7161,26.7553,26.6637,0.0291,120,1007.243,1007.4282,1007.0437,0.0611,120,0,0,0,0,120,0,0,0,0,120,14.0065,14.2604,13.7689,0.2466,120,120,0,0,0,0,0,120,None,None,None,None,0,3.454,3.4571,3.4507,0.001,0.5672,0.5675,0.5666,0.0003,0.8033,0.8051,0.8011,0.0012,-0.0001,-0.0001,-0.0001,0,0,0,0,0,0,0,0,0,0,0,0,0,255.325,617,60,109.7665,0,0,0,0,304.2583,1019,85,143.1327,39,46.9167,49,41,23.68,23.68,23.68
2022-11-24 20:30:00,2.2229,5.3896,0.5504,1.0741,120,101.586,42.6372,120,80.1785,80.3552,79.928,0.1206,120,26.6643,26.6851,26.6271,0.0131,120,1007.3037,1007.4282,1007.062,0.0914,120,0,0,0,0,120,0,0,0,0,120,13.9614,14.2604,13.2775,0.2492,120,120,0,0,0,0,0,120,None,None,None,None,0,3.4551,3.4571,3.451,0.0015,0.5666,0.5668,0.5663,0.0001,0.8018,0.8036,0.7993,0.0012,-0.0001,-0.0001,-0.0001,0,0,0,0,0,0,0,0,0,0,0,0,0,218.7917,563,37,116.7463,0,0,0,0,325.35,1017,25,163.9218,39,46.7333,49,41,23.68,23.68,23.63
2022-11-24 20:40:00,1.8823,4.7824,0.5044,0.8445,120,86.6782,38.2987,120,79.974,80.0806,79.8364,0.0763,120,26.6473,26.679,26.6179,0.0174,120,1007.3066,1007.4465,1007.062,0.0872,120,0,0,0,0,120,0,0,0,0,120,13.9041,14.2604,13.7689,0.2204,120,120,0,0,0,0,0,120,None,None,None,None,0,3.4551,3.4574,3.451,0.0015,0.5665,0.5668,0.5662,0.0002,0.7997,0.8008,0.7984,0.0008,-0.0001,-0.0001,-0.0001,0,0,0,0,0,0,0,0,0,0,0,0,0,181.7667,497,32,91.7966,0,0,0,0,260.95,959,9,130.3067,38.2,46.8667,49,41,23.68,23.68,23.68
2022-11-24 20:50:00,1.7746,3.844,0.5412,0.7691,120,91.7357,40.3176,120,79.8265,79.8975,79.7449,0.0356,120,26.6522,26.6698,26.6363,0.0073,120,1007.2938,1007.4465,1007.2268,0.0765,120,0,0,0,0,120,0,0,0,0,120,13.986,14.2604,13.7689,0.2451,120,120,0,0,0,0,0,120,None,None,None,None,0,3.4549,3.4574,3.4538,0.0013,0.5665,0.5667,0.5664,0.0001,0.7983,0.799,0.7974,0.0004,-0.0001,-0.0001,-0.0001,0,0,0,0,0,0,0,0,0,0,0,0,0,170.0667,395,36,83.5974,0,0,0,0,291.9333,1021,43,158.9233,38,46.9,49,41,23.68,23.68,23.68
2022-11-24 21:00:00,2.0268,4.2948,0.4124,0.9486,120,91.9569,44.8148,120,80.063,80.2332,79.8669,0.0922,120,26.6335,26.6454,26.621,0.0047,120,1007.2816,1007.4282,1007.0254,0.0831,120,0,0,0,0,120,0,0,0,0,120,14.0474,14.2604,13.7689,0.2446,120,120,0,0,0,0,0,120,None,None,None,None,0,3.4547,3.4571,3.4504,0.0014,0.5663,0.5665,0.5662,0.0001,0.8006,0.8023,0.7987,0.0009,-0.0001,-0.0001,-0.0001,0,0,0,0,0,0,0,0,0,0,0,0,0,197.4833,444,22,103.1102,0,0,0,0,284.2917,1008,29,147.7974,38,47,49,41,23.68,23.68,23.63
2022-11-24 21:10:00,2.2254,5.04,0.2744,0.9289,120,86.2418,51.8744,120,80.4188,80.6909,80.2026,0.1371,120,26.6284,26.6576,26.6027,0.0138,120,1007.261,1007.4282,1007.0437,0.0588,120,0,0,0,0,120,0,0,0,0,120,14.0106,14.2604,13.7689,0.2467,120,120,0,0,0,0,0,120,None,None,None,None,0,3.4543,3.4571,3.4507,0.001,0.5663,0.5666,0.566,0.0001,0.8042,0.8069,0.802,0.0014,-0.0001,-0.0001,-0.0001,0,0,0,0,0,0,0,0,0,0,0,0,0,219.0667,525,7,100.9629,0,0,0,0,298.45,1018,16,194.0532,38,46.9,49,43,23.68,23.68,23.68
2022-11-24 21:20:00,1.8089,3.844,0.3296,0.834,120,86.0869,51.1412,120,80.7624,80.9046,80.6299,0.0805,120,26.6461,26.6698,26.6088,0.0171,120,1007.3608,1007.4282,1007.2268,0.0801,120,0,0,0,0,120,0,0,0,0,120,13.9409,14.2604,13.7689,0.2354,120,120,0,0,0,0,0,120,None,None,None,None,0,3.456,3.4571,3.4538,0.0013,0.5665,0.5667,0.5661,0.0002,0.8076,0.809,0.8063,0.0008,-0.0001,-0.0001,-0.0001,0,0,0,0,0,0,0,0,0,0,0,0,0,173.7917,395,13,90.6515,0,0,0,0,313.35,1020,30,200.8776,38,46.75,49,39,23.68,23.68,23.68
2022-11-24 21:30:00,1.9069,3.7888,0.3848,0.8405,120,91.1192,38.3205,120,81.137,81.4234,80.9046,0.1299,120,26.5673,26.6088,26.5203,0.0269,120,1007.3606,1007.4282,1007.2268,0.0804,120,0,0,0,0,120,0,0,0,0,120,13.9164,14.2604,13.2775,0.235,120,120,0,0,0,0,0,120,None,None,None,None,0,3.456,3.4571,3.4538,0.0013,0.5657,0.5661,0.5652,0.0003,0.8114,0.8142,0.809,0.0013,-0.0001,-0.0001,-0.0001,0,0,0,0,0,0,0,0,0,0,0,0,0,184.4417,389,19,91.3611,0,0,0,0,278.6917,818,6,129.4439,38,46.9,47,41,23.68,23.68,23.68
2022-11-24 21:40:00,1.7685,4.3224,0.4308,0.862,120,94.0807,43.1209,120,81.5938,81.7896,81.3929,0.0888,120,26.5555,26.5783,26.5203,0.0138,120,1007.3469,1007.4282,1007.062,0.0884,120,0,0,0,0,120,0,0,0,0,120,14.0474,14.2604,13.7689,0.2446,120,120,0,0,0,0,0,120,None,None,None,None,0,3.4558,3.4571,3.451,0.0015,0.5655,0.5658,0.5652,0.0001,0.8159,0.8179,0.8139,0.0009,-0.0001,-0.0001,-0.0001,0,0,0,0,0,0,0,0,0,0,0,0,0,169.4,447,24,93.6934,0,0,0,0,302.15,968,46,161.4197,38,46.8333,49,41,23.68,23.68,23.63
2022-11-24 21:50:00,1.9887,4.3316,0.44,0.8536,120,85.8298,36.502,120,81.8789,82.0338,81.698,0.0908,120,26.602,26.6363,26.5691,0.0182,120,1007.2942,1007.4282,1007.2268,0.0858,120,0,0,0,0,120,0,0,0,0,120,14.0556,14.2604,13.7689,0.2433,120,120,0,0,0,0,0,120,None,None,None,None,0,3.4549,3.4571,3.4538,0.0014,0.566,0.5664,0.5657,0.0002,0.8188,0.8203,0.817,0.0009,-0.0001,-0.0001,-0.0001,0,0,0,0,0,0,0,0,0,0,0,0,0,193.3417,448,25,92.785,0,0,0,0,269.35,953,34,140.1046,38,46.8333,49,41,23.68,23.68,23.63
2022-11-24 22:00:00,2.3058,5.4724,0.486,0.898,120,83.1677,46.5441,120,81.9371,82.0338,81.7896,0.0557,120,26.5959,26.624,26.5752,0.0113,120,1007.3211,1007.4282,1007.2085,0.0905,120,0,0,0,0,120,0,0,0,0,120,14.0392,14.7535,13.7689,0.2537,120,120,0,0,0,0,0,120,None,None,None,None,0,3.4554,3.4571,3.4535,0.0015,0.566,0.5662,0.5657,0.0001,0.8194,0.8203,0.8179,0.0006,-0.0001,-0.0001,-0.0001,0,0,0,0,0,0,0,0,0,0,0,0,0,227.8,572,30,97.6039,0,0,0,0,283.625,995,72,178.2814,38,46.9833,49,45,23.68,23.68,23.63
2022-11-24 22:10:00,2.2301,4.8468,0.4216,0.8787,120,80.2969,41.2448,120,81.8679,82.0643,81.7591,0.0941,120,26.6476,26.679,26.6179,0.0131,120,1007.3847,1007.4282,1007.2085,0.0644,120,0,0,0,0,120,0,0,0,0,120,14.0433,14.2604,13.7689,0.2451,120,120,0,0,0,0,0,120,None,None,None,None,0,3.4564,3.4571,3.4535,0.0011,0.5665,0.5668,0.5662,0.0001,0.8187,0.8206,0.8176,0.0009,-0.0001,-0.0001,-0.0001,0,0,0,0,0,0,0,0,0,0,0,0,0,219.575,504,23,95.5102,0,0,0,0,243.4667,935,8,135.6649,37.7,46.7667,47,41,23.68,23.68,23.63
2022-11-24 22:20:00,1.9279,4.0096,0.6056,0.8133,120,96.2133,37.0574,120,81.5889,81.7896,81.4234,0.1093,120,26.6833,26.6973,26.6607,0.0097,120,1007.374,1007.5381,1007.2085,0.0757,120,0,0,0,0,120,0,0,0,0,120,14.0351,14.2604,13.7689,0.2459,120,120,0,0,0,0,0,120,None,None,None,None,0,3.4562,3.459,3.4535,0.0013,0.5668,0.567,0.5666,0.0001,0.8159,0.8179,0.8142,0.0011,-0.0001,-0.0001,-0.0001,0,0,0,0,0,0,0,0,0,0,0,0,0,186.7333,413,43,88.4041,0,0,0,0,283.575,881,58,116.9417,37,46.7667,49,41,23.68,23.68,23.63
2022-11-24 22:30:00,2.2256,5.2148,0.7252,1.0373,120,82.7703,36.652,120,81.4168,81.5149,81.3013,0.0516,120,26.7006,26.74,26.6607,0.026,120,1007.3035,1007.4099,1007.2085,0.095,120,0,0,0,0,120,0,0,0,0,120,14.0638,14.2604,13.7689,0.2418,120,120,0,0,0,0,0,120,None,None,None,None,0,3.4551,3.4568,3.4535,0.0016,0.567,0.5674,0.5666,0.0003,0.8142,0.8151,0.813,0.0005,-0.0001,-0.0001,-0.0001,0,0,0,0,0,0,0,0,0,0,0,0,0,219.0917,544,56,112.7537,0,0,0,0,268.9,1001,43,161.0382,37,46.8333,49,41,23.68,23.68,23.63
2022-11-24 22:40:00,1.9971,4.12,0.5596,0.901,120,84.274,46.8218,120,81.063,81.3318,80.9046,0.1026,120,26.6784,26.74,26.6393,0.0318,120,1007.1187,1007.2451,1007.0254,0.091,120,0,0,0,0,120,0,0,0,0,120,13.8877,14.2604,13.2775,0.2384,120,120,0,0,0,0,0,120,None,None,None,None,0,3.452,3.4541,3.4504,0.0015,0.5668,0.5674,0.5664,0.0003,0.8106,0.8133,0.809,0.001,-0.0001,-0.0001,-0.0001,0,0,0,0,0,0,0,0,0,0,0,0,0,194.25,425,38,97.9354,0,0,0,0,305.7333,1020,13,198.8178,37,46.7667,47,41,23.68,23.68,23.63
2022-11-24 22:50:00,2.3367,4.7732,0.5044,0.962,120,67.1663,41.2745,120,80.8237,80.9961,80.7215,0.0782,120,26.6226,26.6515,26.5996,0.0138,120,1007.0109,1007.062,1006.8239,0.0637,120,0,0,0,0,120,0,0,0,0,120,13.9164,14.2604,13.2775,0.235,120,120,0,0,0,0,0,120,None,None,None,None,0,3.4502,3.451,3.4471,0.0011,0.5662,0.5665,0.566,0.0001,0.8082,0.81,0.8072,0.0008,-0.0001,-0.0001,-0.0001,0,0,0,0,0,0,0,0,0,0,0,0,0,231.1583,496,32,104.5637,0,0,0,0,239.3417,996,11,187.0405,37,46.8667,49,41,23.68,23.68,23.63
2022-11-24 23:00:00,2.1616,4.3868,0.5688,0.999,120,82.0881,47.3809,120,80.6001,80.813,80.3247,0.1343,120,26.6385,26.6637,26.6057,0.0134,120,1006.8886,1007.0437,1006.8239,0.0885,120,0,0,0,0,120,0,0,0,0,120,13.9942,14.2604,13.7689,0.2459,120,120,0,0,0,0,0,120,None,None,None,None,0,3.4481,3.4507,3.4471,0.0015,0.5664,0.5666,0.5661,0.0001,0.806,0.8081,0.8032,0.0013,-0.0001,-0.0001,-0.0001,0,0,0,0,0,0,0,0,0,0,0,0,0,212.1333,454,39,108.5847,0,0,0,0,277.2583,1010,22,174.8186,37,46.8667,49,41,23.68,23.68,23.63
2022-11-24 23:10:00,2.1684,5.2976,0.532,0.9639,120,93.8934,44.1822,120,80.255,80.3858,80.1416,0.0561,120,26.5239,26.6088,26.4623,0.0481,120,1006.8447,1007.0437,1006.6408,0.0751,120,0,0,0,0,120,0,0,0,0,120,13.8427,14.2604,13.2775,0.1979,120,120,0,0,0,0,0,120,None,None,None,None,0,3.4474,3.4507,3.444,0.0013,0.5652,0.5661,0.5646,0.0005,0.8026,0.8039,0.8014,0.0006,-0.0001,-0.0001,-0.0001,0,0,0,0,0,0,0,0,0,0,0,0,0,212.8667,553,35,104.7684,0,0,0,0,299.6167,1019,53,161.8925,37,46.85,47,41,23.68,23.68,23.63
2022-11-24 23:20:00,1.9219,4.1936,0.3572,0.9585,120,103.1349,50.4782,120,80.035,80.3552,79.7754,0.177,120,26.453,26.4928,26.3982,0.0299,120,1006.7801,1006.8606,1006.6225,0.0825,120,0,0,0,0,120,0,0,0,0,120,13.8263,14.2604,13.2775,0.1708,120,120,0,0,0,0,0,120,None,None,None,None,0,3.4463,3.4477,3.4437,0.0014,0.5645,0.5649,0.564,0.0003,0.8004,0.8036,0.7978,0.0018,-0.0001,-0.0001,-0.0001,0,0,0,0,0,0,0,0,0,0,0,0,0,186.075,433,16,104.1899,0,0,0,0,317.9417,888,32,159.1983,37,46.9833,49,41,23.67,23.68,23.63
2022-11-24 23:30:00,2.342,5.5828,0.716,0.8887,120,100.1627,40.0075,120,79.8023,79.928,79.6533,0.0781,120,26.4258,26.4623,26.3921,0.0208,120,1006.6616,1006.8422,1006.6225,0.0512,120,0,0,0,0,120,0,0,0,0,120,13.8836,14.2604,13.2775,0.2361,120,120,0,0,0,0,0,120,None,None,None,None,0,3.4444,3.4474,3.4437,0.0009,0.5643,0.5646,0.5639,0.0002,0.798,0.7993,0.7965,0.0008,-0.0001,-0.0001,-0.0001,0,0,0,0,0,0,0,0,0,0,0,0,0,231.7417,584,55,96.5973,0,0,0,0,309.125,984,47,144.2647,37,46.9333,47,41,23.68,23.68,23.63
2022-11-24 23:40:00,1.7559,4.1108,0.4768,0.7668,120,73.9363,41.3227,120,79.5991,79.7143,79.5312,0.0459,120,26.4661,26.4806,26.447,0.0083,120,1006.5943,1006.6591,1006.4394,0.085,120,0,0,0,0,120,0,0,0,0,120,13.9164,14.2604,13.7689,0.2262,120,120,0,0,0,0,0,120,None,None,None,None,0,3.4432,3.4443,3.4407,0.0014,0.5647,0.5648,0.5645,0.0001,0.796,0.7971,0.7953,0.0005,-0.0001,-0.0001,-0.0001,0,0,0,0,0,0,0,0,0,0,0,0,0,168.0333,424,29,83.3505,0,0,0,0,270.05,1018,54,194.9385,37,46.85,49,39,23.68,23.68,23.63
2022-11-24 23:50:00,2.2985,4.534,0.4492,0.9531,120,77.3901,44.088,120,79.6632,79.7754,79.5618,0.048,120,26.4476,26.4654,26.4257,0.0084,120,1006.4357,1006.6591,1006.238,0.0944,120,0,0,0,0,120,0,0,0,0,120,13.9614,14.2604,13.7689,0.2409,120,120,0,0,0,0,0,120,None,None,None,None,0,3.4406,3.4443,3.4373,0.0016,0.5645,0.5646,0.5643,0.0001,0.7966,0.7978,0.7956,0.0005,-0.0001,-0.0001,-0.0001,0,0,0,0,0,0,0,0,0,0,0,0,0,227.0083,470,26,103.5933,0,0,0,0,286.8667,1013,28,203.4241,37,46.5833,47,43,23.67,23.68,23.63
