datetime,Anemometer;wind_speed;Avg (m/s),Anemometer;wind_speed;Max (m/s),Anemometer;wind_speed;Min (m/s),Anemometer;wind_speed;StdDev (m/s),Anemometer;wind_speed;Count (),Wind Vane TMR;wind_direction;Avg (°),Wind Vane TMR;wind_direction;StdDev (°),Wind Vane TMR;wind_direction;Count (),Hygro/Thermo;humidity;Avg (%),Hygro/Thermo;humidity;Max (%),Hygro/Thermo;humidity;Min (%),Hygro/Thermo;humidity;StdDev (%),Hygro/Thermo;humidity;Count (),Hygro/Thermo;temperature;Avg (°C),Hygro/Thermo;temperature;Max (°C),Hygro/Thermo;temperature;Min (°C),Hygro/Thermo;temperature;StdDev (°C),Hygro/Thermo;temperature;Count (),Barometer;air_pressure;Avg (hPa),Barometer;air_pressure;Max (hPa),Barometer;air_pressure;Min (hPa),Barometer;air_pressure;StdDev (hPa),Barometer;air_pressure;Count (),DHI (Diffuse Horizontal Irradiance);solar_irradiance;Avg (W/m²),DHI (Diffuse Horizontal Irradiance);solar_irradiance;Max (W/m²),DHI (Diffuse Horizontal Irradiance);solar_irradiance;Min (W/m²),DHI (Diffuse Horizontal Irradiance);solar_irradiance;StdDev (W/m²),DHI (Diffuse Horizontal Irradiance);solar_irradiance;Count (),GHI (Global Horizontal Irradiance);solar_irradiance;Avg (W/m²),GHI (Global Horizontal Irradiance);solar_irradiance;Max (W/m²),GHI (Global Horizontal Irradiance);solar_irradiance;Min (W/m²),GHI (Global Horizontal Irradiance);solar_irradiance;StdDev (W/m²),GHI (Global Horizontal Irradiance);solar_irradiance;Count (),DNI (Direct Normal Irradiance) Pyrheliometer;solar_DNI;Avg (W/m²),DNI (Direct Normal Irradiance) Pyrheliometer;solar_DNI;Max (W/m²),DNI (Direct Normal Irradiance) Pyrheliometer;solar_DNI;Min (W/m²),DNI (Direct Normal Irradiance) Pyrheliometer;solar_DNI;StdDev (W/m²),DNI (Direct Normal Irradiance) Pyrheliometer;solar_DNI;Count (),Precipitation;precipitation;Count (),Precipitation;precipitation;Sum (mm),GTI (Global Tilt Irradiance) PV Cell;voltage;Avg (W/m2),GTI (Global Tilt Irradiance) PV Cell;voltage;Max (W/m2),GTI (Global Tilt Irradiance) PV Cell;voltage;Min (W/m2),GTI (Global Tilt Irradiance) PV Cell;voltage;StdDev (W/m2),GTI (Global Tilt Irradiance) PV Cell;voltage;Count (),Theta;other;Avg (°),Theta;other;Max (°),Theta;other;Min (°),Theta;other;StdDev (°),Theta;other;Count (),A1;channel;Avg (V),A1;channel;Max (V),A1;channel;Min (V),A1;channel;StdDev (V),A2;channel;Avg (V),A2;channel;Max (V),A2;channel;Min (V),A2;channel;StdDev (V),A3;channel;Avg (V),A3;channel;Max (V),A3;channel;Min (V),A3;channel;StdDev (V),A4;channel;Avg (V),A4;channel;Max (V),A4;channel;Min (V),A4;channel;StdDev (V),A5;channel;Avg (V),A5;channel;Max (V),A5;channel;Min (V),A5;channel;StdDev (V),A6;channel;Avg (V),A6;channel;Max (V),A6;channel;Min (V),A6;channel;StdDev (V),A7;channel;Avg (V),A7;channel;Max (V),A7;channel;Min (V),A7;channel;StdDev (V),C1;channel;Avg (I),C1;channel;Max (I),C1;channel;Min (I),C1;channel;StdDev (I),C2;channel;Avg (I),C2;channel;Max (I),C2;channel;Min (I),C2;channel;StdDev (I),D1;channel;Avg (),D1;channel;Max (),D1;channel;Min (),D1;channel;StdDev (),T;channel;Avg (°C),I;channel;Avg (mA),I;channel;Max (mA),I;channel;Min (mA),V;channel;Avg (V),V;channel;Max (V),V;channel;Min (V)
2022-11-05 00:00:00,1.5892,3.6416,0.2928,0.9244,120,54.3837,47.2218,120,80.5101,80.6604,80.3247,0.0768,120,26.2492,26.2975,26.209,0.0209,120,1007.4578,1007.5564,1007.3733,0.0806,120,0,0,0,0,120,0,0,0,0,120,13.8058,14.2604,13.2775,0.2031,120,120,0,0,0,0,0,120,None,None,None,None,0,3.4576,3.4593,3.4562,0.0013,0.5625,0.563,0.5621,0.0002,0.8051,0.8066,0.8032,0.0008,-0.0001,-0.0001,-0.0001,0,0,0,0,0,0,0,0,0,0,0,0,0,149.9167,373,9,100.4796,0,0,0,0,241.6583,1021,1,234.606,35.8,44.65,51,41,23.67,23.68,23.63
2022-11-05 00:10:00,1.5058,3.6324,0,0.6798,120,57.4633,45.3809,120,80.2438,80.3858,80.0195,0.0962,120,26.2714,26.3067,26.2182,0.0155,120,1007.3585,1007.4099,1007.1902,0.0673,120,0,0,0,0,120,0,0,0,0,120,13.8222,14.2604,13.2775,0.2532,120,120,0,0,0,0,0,120,None,None,None,None,0,3.456,3.4568,3.4532,0.0011,0.5627,0.5631,0.5622,0.0001,0.8024,0.8039,0.8002,0.001,-0.0001,-0.0001,-0.0001,0,0,0,0,0,0,0,0,0,0,0,0,0,141.225,372,0,73.0927,0,0,0,0,206.75,1010,5,174.6833,35.6,42.1167,49,39,23.68,23.68,23.63
2022-11-05 00:20:00,1.5977,3.8256,0.394,0.7256,120,50.6181,43.9667,120,80.0612,80.1721,79.928,0.0604,120,26.2316,26.2822,26.1876,0.0192,120,1007.1792,1007.3916,1006.9887,0.073,120,0,0,0,0,120,0,0,0,0,120,13.773,14.2604,13.2775,0.2064,120,120,0,0,0,0,0,120,None,None,None,None,0,3.453,3.4565,3.4498,0.0012,0.5623,0.5628,0.5619,0.0002,0.8006,0.8017,0.7993,0.0006,-0.0001,-0.0001,-0.0001,0,0,0,0,0,0,0,0,0,0,0,0,0,150.8333,393,20,78.8714,0,0,0,0,197.275,994,17,185.0546,35,41.4833,47,41,23.68,23.68,23.63
2022-11-05 00:30:00,1.1445,2.418,0.3204,0.4938,120,61.6286,42.7019,120,79.7863,79.9585,79.6533,0.081,120,26.2556,26.2914,26.2059,0.0157,120,1007.0693,1007.2085,1006.9887,0.0893,120,0,0,0,0,120,0,0,0,0,120,13.6747,14.2604,13.2775,0.2323,120,120,0,0,0,0,0,120,None,None,None,None,0,3.4512,3.4535,3.4498,0.0015,0.5626,0.5629,0.5621,0.0002,0.7979,0.7996,0.7965,0.0008,-0.0001,-0.0001,-0.0001,0,0,0,0,0,0,0,0,0,0,0,0,0,101.575,240,12,53.674,0,0,0,0,223.3917,989,14,177.5259,35,41.85,47,39,23.68,23.68,23.63
2022-11-05 00:40:00,1.3003,2.5928,0.348,0.5347,120,47.834,52.4194,120,79.6747,79.7449,79.5923,0.0276,120,26.197,26.2456,26.1388,0.027,120,1007.006,1007.1902,1006.8056,0.0428,120,0,0,0,0,120,0,0,0,0,120,13.6952,14.2604,13.2775,0.2175,120,120,0,0,0,0,0,120,None,None,None,None,0,3.4501,3.4532,3.4468,0.0007,0.562,0.5625,0.5614,0.0003,0.7967,0.7974,0.7959,0.0003,-0.0001,-0.0001,-0.0001,0,0,0,0,0,0,0,0,0,0,0,0,0,118.5083,259,15,58.1198,0,0,0,0,261.7833,1014,4,267.2646,35,41.95,47,41,23.67,23.68,23.63
2022-11-05 00:50:00,1.4568,4.3408,0.4308,0.7478,120,36.257,45.7815,120,79.7627,79.928,79.6533,0.0471,120,26.137,26.1754,26.0961,0.0153,120,1006.8777,1007.0254,1006.6225,0.1102,120,0,0,0,0,120,0,0,0,0,120,13.7526,14.2604,13.2775,0.1904,120,120,0,0,0,0,0,120,None,None,None,None,0,3.448,3.4504,3.4437,0.0018,0.5614,0.5617,0.561,0.0001,0.7976,0.7993,0.7965,0.0005,-0.0001,-0.0001,-0.0001,0,0,0,0,0,0,0,0,0,0,0,0,0,135.525,449,24,81.2809,0,0,0,0,221.9833,1022,16,265.8373,35,41.5667,47,39,23.68,23.68,23.63
2022-11-05 01:00:00,1.6673,4.442,0.4308,0.7827,120,38.6427,34.2477,120,79.9923,80.1111,79.8669,0.0568,120,26.1344,26.1785,26.0991,0.0174,120,1006.7568,1006.8422,1006.6042,0.0872,120,0,0,0,0,120,0,0,0,0,120,13.773,14.2604,13.2775,0.1857,120,120,0,0,0,0,0,120,None,None,None,None,0,3.4459,3.4474,3.4434,0.0015,0.5613,0.5618,0.561,0.0002,0.7999,0.8011,0.7987,0.0006,-0.0001,-0.0001,-0.0001,0,0,0,0,0,0,0,0,0,0,0,0,0,158.4,460,24,85.0805,0,0,0,0,188.725,1016,2,234.3443,35,41.5667,47,39,23.68,23.68,23.63
2022-11-05 01:10:00,1.6102,3.522,0.3112,0.5836,120,38.3005,41.1495,120,80.2174,80.3552,80.0195,0.0745,120,26.165,26.2212,26.1235,0.0195,120,1006.7142,1006.8422,1006.6042,0.0937,120,0,0,0,0,120,0,0,0,0,120,13.7771,14.2604,13.2775,0.2013,120,120,0,0,0,0,0,120,None,None,None,None,0,3.4452,3.4474,3.4434,0.0016,0.5616,0.5622,0.5612,0.0002,0.8022,0.8036,0.8002,0.0007,-0.0001,-0.0001,-0.0001,0,0,0,0,0,0,0,0,0,0,0,0,0,152.2,360,11,63.4387,0,0,0,0,196.3083,1011,15,230.5176,35,41.7,47,41,23.68,23.68,23.63
2022-11-05 01:20:00,1.6613,3.6876,0.4584,0.6319,120,43.7404,34.2528,120,80.3649,80.5078,80.2942,0.048,120,26.1716,26.2212,26.1052,0.0231,120,1006.621,1006.8239,1006.4211,0.0513,120,0,0,0,0,120,0,0,0,0,120,13.7444,14.2604,13.2775,0.1785,120,120,0,0,0,0,0,120,None,None,None,None,0,3.4437,3.4471,3.4404,0.0009,0.5617,0.5622,0.5611,0.0002,0.8036,0.8051,0.8029,0.0005,-0.0001,-0.0001,-0.0001,0,0,0,0,0,0,0,0,0,0,0,0,0,157.75,378,27,68.6871,0,0,0,0,179.575,1020,2,196.9716,35,41.7167,47,41,23.67,23.68,23.63
2022-11-05 01:30:00,1.1357,2.142,0,0.4961,120,42.027,50.2406,120,80.5427,80.6604,80.4163,0.0554,120,26.1203,26.1632,26.0808,0.0175,120,1006.5249,1006.6408,1006.4028,0.0995,120,0,0,0,0,120,0,0,0,0,120,13.7198,14.2604,13.2775,0.2244,120,120,0,0,0,0,0,120,None,None,None,None,0,3.4421,3.444,3.44,0.0017,0.5612,0.5616,0.5608,0.0002,0.8054,0.8066,0.8042,0.0006,-0.0001,-0.0001,-0.0001,0,0,0,0,0,0,0,0,0,0,0,0,0,101,210,0,53.117,0,0,0,0,260.375,1020,2,284.3184,35,41.55,47,39,23.67,23.68,23.63
2022-11-05 01:40:00,1.5185,2.8044,0.6976,0.4559,120,39.966,30.2957,120,80.6581,80.7215,80.5078,0.0478,120,26.1325,26.1632,26.0961,0.0147,120,1006.5609,1006.6408,1006.4211,0.0923,120,0,0,0,0,120,0,0,0,0,120,13.7485,14.2604,13.2775,0.1953,120,120,0,0,0,0,0,120,None,None,None,None,0,3.4427,3.444,3.4404,0.0015,0.5613,0.5616,0.561,0.0001,0.8066,0.8072,0.8051,0.0005,-0.0001,-0.0001,-0.0001,0,0,0,0,0,0,0,0,0,0,0,0,0,142.225,282,53,49.5544,0,0,0,0,190.2333,1021,5,228.9854,35,41.7167,47,41,23.67,23.68,23.63
2022-11-05 01:50:00,1.3278,3.2828,0.2744,0.6382,120,48.6618,37.5726,120,80.4982,80.6909,80.0806,0.1835,120,26.0995,26.1449,26.0106,0.0331,120,1006.4748,1006.6408,1006.238,0.0853,120,0,0,0,0,120,0,0,0,0,120,13.6829,14.2604,13.2775,0.2355,120,120,0,0,0,0,0,120,None,None,None,None,0,3.4412,3.444,3.4373,0.0014,0.561,0.5615,0.5601,0.0003,0.805,0.8069,0.8008,0.0018,-0.0001,-0.0001,-0.0001,0,0,0,0,0,0,0,0,0,0,0,0,0,121.5,334,7,69.3671,0,0,0,0,196.475,1005,3,194.0463,35,41.5833,47,41,23.67,23.68,23.63
2022-11-05 02:00:00,1.5602,2.7768,0.67,0.45,120,31.0813,28.5452,120,80.2594,80.3552,80.05,0.0633,120,25.9973,26.0381,25.9648,0.0149,120,1006.3686,1006.4577,1006.2197,0.0902,120,0,0,0,0,120,0,0,0,0,120,13.6584,14.2604,13.2775,0.2249,120,120,0,0,0,0,0,120,None,None,None,None,0,3.4395,3.441,3.437,0.0015,0.56,0.5604,0.5596,0.0001,0.8026,0.8036,0.8005,0.0006,-0.0001,-0.0001,-0.0001,0,0,0,0,0,0,0,0,0,0,0,0,0,146.7583,279,50,48.9132,0,0,0,0,169.5333,1022,1,236.0171,35,41.7333,47,39,23.67,23.68,23.63
2022-11-05 02:10:00,1.2998,2.4732,0.394,0.4255,120,31.5412,31.8287,120,79.8016,80.1111,79.5618,0.1475,120,26.0322,26.0686,25.9954,0.0149,120,1006.2679,1006.4394,1006.2197,0.0692,120,0,0,0,0,120,0,0,0,0,120,13.7034,14.2604,13.2775,0.2008,120,120,0,0,0,0,0,120,None,None,None,None,0,3.4378,3.4407,3.437,0.0012,0.5603,0.5607,0.5599,0.0001,0.798,0.8011,0.7956,0.0015,-0.0001,-0.0001,-0.0001,0,0,0,0,0,0,0,0,0,0,0,0,0,118.4583,246,20,46.2525,0,0,0,0,166.5583,1013,1,224.8556,35,41.7167,47,39,23.67,23.68,23.63
2022-11-05 02:20:00,1.1889,2.3628,0.5504,0.3673,120,34.6013,43.9773,120,79.443,79.5923,79.3176,0.0916,120,26.0683,26.1144,26.0137,0.0221,120,1006.2508,1006.4394,1006.2197,0.0512,120,0,0,0,0,120,0,0,0,0,120,13.7075,14.2604,13.2775,0.2071,120,120,0,0,0,0,0,120,None,None,None,None,0,3.4375,3.4407,3.437,0.0009,0.5607,0.5611,0.5601,0.0002,0.7944,0.7959,0.7932,0.0009,-0.0001,-0.0001,-0.0001,0,0,0,0,0,0,0,0,0,0,0,0,0,106.4,234,37,39.9229,0,0,0,0,233.025,1014,0,281.3587,35,41.7333,47,39,23.67,23.68,23.63
2022-11-05 02:30:00,1.3944,2.2892,0.2744,0.4715,120,34.7114,34.4626,120,79.2413,79.4092,79.1345,0.0613,120,26.1098,26.1419,26.0778,0.0144,120,1006.2734,1006.4394,1006.2197,0.0782,120,0,0,0,0,120,0,0,0,0,120,13.7566,14.2604,13.2775,0.174,120,120,0,0,0,0,0,120,None,None,None,None,0,3.4379,3.4407,3.437,0.0013,0.5611,0.5614,0.5608,0.0001,0.7924,0.7941,0.7913,0.0006,-0.0001,-0.0001,-0.0001,0,0,0,0,0,0,0,0,0,0,0,0,0,128.7417,226,7,51.2553,0,0,0,0,184.2083,1022,4,237.2553,35,41.7667,47,39,23.67,23.68,23.63
2022-11-05 02:40:00,0.9136,2.3168,0,0.5482,120,31.6307,56.5365,120,79.1431,79.1955,79.0735,0.0386,120,26.1016,26.1388,26.0625,0.0145,120,1006.381,1006.4394,1006.2197,0.0797,120,0,0,0,0,120,0,0,0,0,120,13.7321,14.2604,13.2775,0.2561,120,120,0,0,0,0,0,120,None,None,None,None,0,3.4397,3.4407,3.437,0.0013,0.561,0.5614,0.5606,0.0001,0.7914,0.792,0.7907,0.0004,-0.0001,-0.0001,-0.0001,0,0,0,0,0,0,0,0,0,0,0,0,0,77.8083,229,0,57.5534,0,0,0,0,291.7667,1009,1,308.2631,35,41.45,47,39,23.67,23.68,23.63
2022-11-05 02:50:00,1.2253,2.6664,0.532,0.5464,120,46.2844,28.0208,120,79.162,79.2261,79.0735,0.0327,120,26.1039,26.151,26.0656,0.0172,120,1006.4362,1006.6225,1006.2197,0.0682,120,0,0,0,0,120,0,0,0,0,120,13.7321,14.2604,13.2775,0.2031,120,120,0,0,0,0,0,120,None,None,None,None,0,3.4406,3.4437,3.437,0.0011,0.561,0.5615,0.5607,0.0002,0.7916,0.7923,0.7907,0.0003,-0.0001,-0.0001,-0.0001,0,0,0,0,0,0,0,0,0,0,0,0,0,110.3583,267,35,59.3954,0,0,0,0,179.5583,1018,17,182.1198,35,41.6667,47,39,23.67,23.68,23.63
2022-11-05 03:00:00,0.8445,1.8568,0,0.4144,120,62.3744,42.9325,120,79.2052,79.2566,79.1345,0.0293,120,26.1386,26.1907,26.0991,0.0173,120,1006.5246,1006.6408,1006.4028,0.0956,120,0,0,0,0,120,0,0,0,0,120,13.6747,14.2604,13.2775,0.2141,120,120,0,0,0,0,0,120,None,None,None,None,0,3.4421,3.444,3.44,0.0016,0.5614,0.5619,0.561,0.0002,0.7921,0.7926,0.7913,0.0003,-0.0001,-0.0001,-0.0001,0,0,0,0,0,0,0,0,0,0,0,0,0,69.5417,179,0,44.0006,0,0,0,0,212.625,928,22,156.0797,35,41.6667,47,39,23.67,23.68,23.63
2022-11-05 03:10:00,1.0901,3.1356,0,0.7012,120,43.169,52.5275,120,79.1754,79.3481,79.0124,0.0678,120,26.1439,26.1846,26.1022,0.0165,120,1006.5888,1006.7873,1006.4211,0.0759,120,0,0,0,0,120,0,0,0,0,120,13.7444,14.2604,13.2775,0.2193,120,120,0,0,0,0,0,120,None,None,None,None,0,3.4431,3.4465,3.4404,0.0013,0.5614,0.5618,0.561,0.0002,0.7918,0.7935,0.7901,0.0007,-0.0001,-0.0001,-0.0001,0,0,0,0,0,0,0,0,0,0,0,0,0,96.2333,318,0,75.3985,0,0,0,0,274.5417,1005,10,289.4845,34.3,41.7,47,41,23.67,23.68,23.63
2022-11-05 03:20:00,0.2897,1.176,0,0.2695,120,168.9494,73.309,120,79.1782,79.2566,79.0735,0.0366,120,26.1634,26.2059,26.1174,0.0184,120,1006.6216,1006.8056,1006.4394,0.0452,120,0,0,0,0,120,0,0,0,0,120,13.6174,14.2604,13.2775,0.2532,120,120,0,0,0,0,0,120,None,None,None,None,0,3.4437,3.4468,3.4407,0.0008,0.5616,0.5621,0.5612,0.0002,0.7918,0.7926,0.7907,0.0004,-0.0001,-0.0001,-0.0001,0,0,0,0,0,0,0,0,0,0,0,0,0,16.0833,105,0,22.4142,0,0,0,0,469.325,882,9,205.0369,34,41.8167,47,39,23.67,23.68,23.63
2022-11-05 03:30:00,0.7889,1.6728,0,0.2812,120,293.0275,58.035,120,79.0976,79.3481,78.9209,0.1137,120,25.9634,26.1846,25.6444,0.158,120,1006.7261,1007.0071,1006.5859,0.1014,120,0,0,0,0,120,0,0,0,0,120,13.3921,13.7689,12.786,0.2274,120,120,0,0,0,0,0,120,None,None,None,None,0,3.4454,3.4501,3.4431,0.0017,0.5596,0.5618,0.5564,0.0016,0.791,0.7935,0.7892,0.0011,-0.0001,-0.0001,-0.0001,0,0,0,0,0,0,0,0,0,0,0,0,0,63.1167,159,0,30.0971,0,0,0,0,733.4167,1008,18,237.5283,34,41.5333,47,39,23.67,23.68,23.63
2022-11-05 03:40:00,0.8778,1.5624,0,0.3831,120,275.6044,42.0145,120,79.9239,80.6604,79.2871,0.4116,120,25.3571,25.6566,25.1164,0.1601,120,1006.9451,1007.0071,1006.7873,0.087,120,0,0,0,0,120,0,0,0,0,120,13.2816,13.7689,12.786,0.1857,120,120,0,0,0,0,0,120,None,None,None,None,0,3.4491,3.4501,3.4465,0.0015,0.5536,0.5566,0.5512,0.0016,0.7992,0.8066,0.7929,0.0041,-0.0001,-0.0001,-0.0001,0,0,0,0,0,0,0,0,0,0,0,0,0,73.5417,147,0,39.6455,0,0,0,0,760.3,1007,98,150.1365,34,41.6667,47,41,23.67,23.68,23.63
2022-11-05 03:50:00,0.7857,1.498,0,0.2899,120,241.3847,36.5964,120,81.2281,81.7286,80.6604,0.2946,120,25.0161,25.1439,24.8357,0.0833,120,1006.9829,1007.1902,1006.7873,0.065,120,0,0,0,0,120,0,0,0,0,120,13.3512,13.7689,13.2775,0.1762,120,120,0,0,0,0,0,120,None,None,None,None,0,3.4497,3.4532,3.4465,0.0011,0.5502,0.5514,0.5484,0.0008,0.8123,0.8173,0.8066,0.0029,-0.0001,-0.0001,-0.0001,0,0,0,0,0,0,0,0,0,0,0,0,0,62.9583,140,0,30.5915,0,0,0,0,673.425,1007,65,121.9923,34,41.8833,47,39,23.67,23.68,23.63
2022-11-05 04:00:00,0.6899,1.6636,0,0.379,120,219.8004,34.9914,120,82.3102,82.7967,81.7896,0.3152,120,24.7467,24.8662,24.6617,0.0518,120,1007.0426,1007.1902,1006.7873,0.0989,120,0,0,0,0,120,0,0,0,0,120,13.302,13.7689,12.786,0.1668,120,120,0,0,0,0,0,120,None,None,None,None,0,3.4507,3.4532,3.4465,0.0016,0.5475,0.5487,0.5466,0.0005,0.8231,0.828,0.8179,0.0032,-0.0001,-0.0001,-0.0001,0,0,0,0,0,0,0,0,0,0,0,0,0,52.7333,158,0,40.2988,0,0,0,0,623.4083,925,241,103.2478,34,41.5833,47,41,23.67,23.68,23.63
2022-11-05 04:10:00,0.5543,1.314,0,0.3092,120,224.26,38.386,120,83.1299,83.6207,82.7662,0.2369,120,24.5835,24.6983,24.4816,0.0644,120,1007.257,1007.3916,1006.9887,0.1066,120,0,0,0,0,120,0,0,0,0,120,13.298,13.7689,12.786,0.1336,120,120,0,0,0,0,0,120,None,None,None,None,0,3.4543,3.4565,3.4498,0.0018,0.5458,0.547,0.5448,0.0006,0.8313,0.8362,0.8277,0.0024,-0.0001,-0.0001,-0.0001,0,0,0,0,0,0,0,0,0,0,0,0,0,38.7583,120,0,31.5659,0,0,0,0,630,869,78,117.4875,34,41.45,47,39,23.67,23.68,23.63
2022-11-05 04:20:00,0.8334,1.5256,0,0.3985,120,233.1224,30.9798,120,83.9424,84.3226,83.5902,0.2001,120,24.4278,24.5061,24.3229,0.0501,120,1007.3458,1007.5198,1007.1535,0.0659,120,0,0,0,0,120,0,0,0,0,120,13.3635,13.7689,12.786,0.208,120,120,0,0,0,0,0,120,None,None,None,None,0,3.4558,3.4587,3.4526,0.0011,0.5443,0.5451,0.5432,0.0005,0.8394,0.8432,0.8359,0.002,-0.0001,-0.0001,-0.0001,0,0,0,0,0,0,0,0,0,0,0,0,0,68.7083,143,0,41.5173,0,0,0,0,654.9667,981,35,103.9492,34,41.7,47,39,23.67,23.68,23.63
2022-11-05 04:30:00,0.7018,1.5808,0,0.3119,120,238.3003,32.0554,120,84.6372,84.933,84.2616,0.1759,120,24.3374,24.3687,24.2863,0.0161,120,1007.3643,1007.5198,1007.1718,0.0422,120,0,0,0,0,120,0,0,0,0,120,13.4044,13.7689,12.786,0.2426,120,120,0,0.0051,0.3052,0,0.0392,120,None,None,None,None,0,3.4561,3.4587,3.4529,0.0007,0.5434,0.5437,0.5429,0.0002,0.8464,0.8493,0.8426,0.0018,-0.0001,-0.0001,-0.0001,0,0,0,0,0,0,0,0,0,0,0.0003,0,0,54.2167,149,0,32.3947,0,0,0,0,671.7583,915,107,100.5054,34,41.4167,47,39,23.66,23.68,23.63
2022-11-05 04:40:00,0.8469,1.682,0.2284,0.3438,120,246.1646,22.7384,120,85.2054,85.5739,84.872,0.2017,120,24.2445,24.3229,24.1795,0.0324,120,1007.4577,1007.5381,1007.355,0.0799,120,0.703,1.2016,0,0.3165,120,0.5706,1.0996,0,0.2801,120,13.4372,13.7689,13.2775,0.2312,120,120,0,0.9156,1.5259,0,0.4715,120,None,None,None,None,0,3.4576,3.459,3.4559,0.0013,0.5424,0.5432,0.5418,0.0003,0.8521,0.8557,0.8487,0.002,-0.0001,-0.0001,-0.0001,0,0,0,0,0,0,0,0,0,0.0009,0.0015,0,0.0005,69.2333,160,2,37.37,0,0,0,0,698.2,920,483,66.0234,34,41.5833,47,39,23.66,23.68,23.63
2022-11-05 04:50:00,0.5683,1.2496,0,0.3072,120,231.5935,37.6417,120,85.742,86.0317,85.5129,0.1412,120,24.2283,24.265,24.1887,0.0166,120,1007.5495,1007.7395,1007.355,0.0698,120,4.4055,9.6118,0.9614,2.8502,120,4.5064,9.5258,0.7323,2.882,120,13.4454,13.7689,12.786,0.2426,120,120,0,4.6236,9.1555,1.5259,2.5713,120,89.25,89.76,88.72,0.37,64,3.4592,3.4623,3.4559,0.0012,0.5423,0.5426,0.5419,0.0002,0.8574,0.8603,0.8551,0.0014,-0.0001,-0.0001,-0.0001,0,0.0001,0.0001,0,0,0,0.0001,0,0,0.0046,0.0092,0.0015,0.0026,40.6583,113,0,30.6299,0,0,0,0,648.725,859,132,115.2063,34,41.4833,47,39,23.66,23.68,23.63
2022-11-05 05:00:00,0.6034,1.5072,0,0.3171,120,234.5856,40.8725,120,86.1446,86.3369,86.0012,0.0839,120,24.2545,24.2863,24.2192,0.0143,120,1007.6762,1007.886,1007.5198,0.088,120,14.1298,21.3866,9.3717,3.6216,120,14.5937,21.982,9.5258,3.7133,120,13.4904,14.2604,12.786,0.2606,120,120,0,13.7104,20.1422,8.8504,3.3427,120,87.42,88.72,86.13,0.69,120,3.4613,3.4648,3.4587,0.0015,0.5425,0.5429,0.5422,0.0001,0.8614,0.8634,0.86,0.0008,-0.0001,-0.0001,-0.0001,0,0.0002,0.0003,0.0001,0,0.0001,0.0002,0.0001,0,0.0137,0.0201,0.0089,0.0033,43.7083,141,0,32.9125,0,0,0,0,664.5333,1018,200,125.9392,34,41.6333,47,41,23.66,23.68,23.63
2022-11-05 05:10:00,0.4331,1.2864,0,0.3545,120,272.0267,62.5196,120,86.4915,86.642,86.2453,0.1065,120,24.3047,24.3931,24.2192,0.0471,120,1007.8042,1008.0874,1007.6846,0.0977,120,36.0575,45.4173,21.6276,7.7554,120,44.8465,70.3433,21.982,16.1026,120,91.5613,221.7821,13.2775,79.4231,120,120,0,31.1823,37.2326,20.4474,5.1553,120,85.02,86.13,83.8,0.7,120,3.4634,3.4681,3.4614,0.0016,0.5431,0.5439,0.5422,0.0005,0.8649,0.8664,0.8625,0.0011,-0.0006,-0.0001,-0.0014,0.0005,0.0005,0.0006,0.0003,0.0001,0.0004,0.0006,0.0002,0.0001,0.0312,0.0372,0.0204,0.0052,30.525,117,0,31.5206,0,0,0,0,681.6833,1002,18,224.4012,34,41.7167,47,39,23.66,23.68,23.63
2022-11-05 05:20:00,0.5783,1.36,0,0.261,120,283.1171,50.5847,120,86.5614,86.8252,86.3674,0.1311,120,24.5813,24.7685,24.3687,0.1093,120,1007.8751,1008.0874,1007.7029,0.0569,120,58.0192,68.2465,45.4173,7.4664,120,73.4294,103.3157,56.054,12.5247,120,126.6113,256.6984,21.6371,91.515,120,120,0,49.6231,60.7318,36.9274,7.1433,120,82.63,83.8,81.46,0.7,120,3.4646,3.4681,3.4617,0.0009,0.5458,0.5477,0.5437,0.0011,0.8656,0.8683,0.8637,0.0013,-0.0008,-0.0001,-0.0016,0.0006,0.0007,0.0009,0.0006,0.0001,0.0006,0.0009,0.0005,0.0001,0.0496,0.0607,0.0369,0.0071,40.6083,125,0,27.298,0,0,0,0,731.85,1008,0,206.838,34,41.5833,49,39,23.66,23.68,23.63
2022-11-05 05:30:00,0.3857,1.0564,0,0.2362,120,263.3074,47.3091,120,86.4488,86.6115,86.2758,0.0864,120,24.9123,25.1134,24.7227,0.0938,120,1007.8761,1008.0874,1007.6846,0.0571,120,90.8346,108.6173,61.9984,16.517,120,97.8327,126.7635,64.8475,19.5235,120,52.6386,214.8985,16.2278,52.3891,120,120,0,78.4224,93.0814,51.8815,14.7397,120,80.23,81.46,79.12,0.7,120,3.4646,3.4681,3.4614,0.001,0.5491,0.5511,0.5472,0.0009,0.8645,0.8661,0.8628,0.0009,-0.0003,-0.0001,-0.0013,0.0003,0.0012,0.0014,0.0008,0.0002,0.0008,0.0011,0.0005,0.0002,0.0784,0.0931,0.0519,0.0147,22.3333,92,0,21.1991,0,0,0,0,700.9167,988,0,188.4165,34,41.6167,47,39,23.66,23.68,23.63
2022-11-05 05:40:00,0.2459,0.6792,0,0.1757,120,207.9966,54.7544,120,86.583,86.9472,86.1843,0.2023,120,25.3162,25.678,25.0554,0.1859,120,1007.983,1008.1057,1007.8677,0.0973,120,85.9745,108.1362,73.5331,10.2606,120,103.496,168.1633,75.8379,26.7403,120,86.742,379.6374,13.7689,117.2161,120,120,0,78.5623,101.6266,61.9526,12.4869,120,77.83,79.12,76.52,0.7,120,3.4664,3.4684,3.4645,0.0016,0.5532,0.5568,0.5505,0.0019,0.8658,0.8695,0.8618,0.002,-0.0005,-0.0001,-0.0024,0.0007,0.0011,0.0014,0.0009,0.0001,0.0009,0.0014,0.0006,0.0002,0.0786,0.1016,0.062,0.0125,9.9917,51,0,11.8076,0,0,0,0,585.7833,962,26,158.4202,34,41.7833,47,39,23.66,23.68,23.63
2022-11-05 05:50:00,0.5222,0.854,0,0.1728,120,260.3782,48.9295,120,85.7957,86.0927,85.5129,0.1487,120,25.5502,25.6963,25.4125,0.0817,120,1008.1332,1008.2888,1008.0691,0.0825,120,80.3114,86.7496,73.2921,4.7393,120,82.9824,141.0516,74.7395,8.0695,120,19.617,205.5543,13.7689,21.1793,120,120,0,67.6366,100.4059,61.3422,5.636,120,75.42,76.52,74.18,0.7,120,3.4689,3.4715,3.4678,0.0014,0.5555,0.557,0.5541,0.0008,0.858,0.8609,0.8551,0.0015,-0.0001,-0.0001,-0.0013,0.0001,0.001,0.0011,0.0009,0.0001,0.0007,0.0012,0.0006,0.0001,0.0676,0.1004,0.0613,0.0056,34.125,70,0,18.309,0,0,0,0,700.85,1001,5,174.7279,34,41.75,47,39,23.66,23.68,23.63
2022-11-05 06:00:00,0.4535,1.0656,0,0.2211,120,259.1292,46.0967,120,86.0716,86.3063,85.8791,0.1109,120,25.3771,25.4308,25.3087,0.0245,120,1008.2778,1008.4719,1008.0691,0.0868,120,62.3727,74.2535,55.5102,5.3618,120,69.9276,134.8235,58.2521,16.1549,120,33.0911,250.796,13.7689,52.1656,120,120,0,53.9796,90.64,46.0829,9.3879,120,73.02,74.18,71.83,0.7,120,3.4713,3.4745,3.4678,0.0014,0.5538,0.5543,0.5531,0.0002,0.8607,0.8631,0.8588,0.0011,-0.0002,-0.0001,-0.0016,0.0003,0.0008,0.0009,0.0007,0.0001,0.0006,0.0011,0.0005,0.0001,0.054,0.0906,0.0461,0.0094,28.375,93,0,20.7052,0,0,0,0,712.3083,1005,61,158.6972,34,41.6833,47,39,23.66,23.68,23.63
2022-11-05 06:10:00,0.3941,1.0012,0,0.2759,120,225.0495,41.1811,120,86.2573,86.6726,86.0317,0.1808,120,25.3744,25.4735,25.2812,0.0544,120,1008.4429,1008.6367,1008.2522,0.0541,120,79.7006,85.7882,68.9669,4.3538,120,98.7119,183.551,70.7095,32.3348,120,61.7279,293.5804,13.7689,82.8314,120,120,0,78.0943,133.0607,57.3748,21.5261,120,70.62,71.83,69.48,0.7,120,3.474,3.4773,3.4709,0.0009,0.5537,0.5547,0.5528,0.0005,0.8626,0.8667,0.8603,0.0018,-0.0004,-0.0001,-0.0018,0.0005,0.001,0.0011,0.0009,0.0001,0.0008,0.0015,0.0006,0.0003,0.0781,0.1331,0.0574,0.0215,24.7667,86,0,23.9831,0,0,0,0,641.8833,1014,321,118.6518,34,41.55,47,39,23.66,23.68,23.63
2022-11-05 06:20:00,0.4191,0.9644,0,0.1884,120,241.8851,38.2876,120,86.1009,86.3063,85.8791,0.1046,120,25.4753,25.5193,25.4247,0.0197,120,1008.5118,1008.655,1008.4353,0.09,120,78.459,91.5559,72.3315,6.5734,120,103.4564,196.0072,74.006,43.2166,120,69.1041,259.6487,13.2775,88.346,120,120,0,82.5704,149.2355,61.037,31.2952,120,68.21,69.48,67.14,0.7,120,3.4752,3.4776,3.4739,0.0015,0.5547,0.5552,0.5543,0.0002,0.861,0.8631,0.8588,0.001,-0.0004,-0.0001,-0.0016,0.0005,0.001,0.0012,0.0009,0.0001,0.0009,0.0016,0.0006,0.0004,0.0826,0.1492,0.061,0.0313,23.675,82,0,18.7859,0,0,0,0,683.5083,1011,226,115.1234,34,41.8667,47,39,23.66,23.68,23.63
2022-11-05 06:30:00,0.4119,0.8908,0,0.2307,120,253.3627,51.7953,120,86.0101,86.2758,85.757,0.1298,120,25.5837,25.6444,25.4887,0.0372,120,1008.6254,1008.8382,1008.4353,0.0832,120,80.6818,96.8425,71.1299,8.5749,120,90.7953,141.4178,73.6399,20.1702,120,31.452,127.3655,13.7689,28.7591,120,120,0,72.4865,114.4444,58.2903,16.4491,120,65.8,66.88,64.53,0.7,120,3.4771,3.4806,3.4739,0.0014,0.5558,0.5564,0.5549,0.0004,0.8601,0.8628,0.8576,0.0013,-0.0002,-0.0001,-0.0008,0.0002,0.001,0.0012,0.0009,0.0001,0.0008,0.0012,0.0006,0.0002,0.0725,0.1144,0.0583,0.0164,25.375,74,0,19.664,0,0,0,0,679.025,951,1,182.7842,34,41.7833,47,41,23.66,23.68,23.63
2022-11-05 06:40:00,0.2798,0.7896,0,0.2171,120,213.8408,58.1868,120,86.0243,86.2453,85.757,0.1241,120,25.8173,26.0167,25.6017,0.1082,120,1008.7896,1008.8565,1008.6184,0.0843,120,108.8093,125.1976,94.9197,9.5707,120,151.414,304.8187,97.4538,57.232,120,95.9912,380.1289,14.2604,108.4112,120,120,0,124.5766,247.8103,80.2637,45.9208,120,63.4,64.53,62.18,0.7,120,3.4798,3.4809,3.477,0.0014,0.5582,0.5602,0.556,0.0011,0.8602,0.8625,0.8576,0.0012,-0.0006,-0.0001,-0.0024,0.0007,0.0014,0.0016,0.0012,0.0001,0.0013,0.0025,0.0008,0.0005,0.1246,0.2478,0.0803,0.0459,14.0583,63,0,16.3267,0,0,0,0,603.9333,1007,41,174.9217,34,41.6333,47,39,23.66,23.68,23.63
2022-11-05 06:50:00,0.7464,1.2864,0.3112,0.2456,120,222.1155,35.8788,120,85.4841,85.9401,85.2992,0.1468,120,26.0999,26.3128,25.9954,0.0698,120,1008.844,1009.0213,1008.8198,0.0287,120,125.3982,146.3449,99.9661,16.2047,120,287.4193,474.8139,104.0492,159.3138,120,311.3607,643.2195,14.2604,272.2688,120,120,0,236.343,386.6695,86.3674,129.0842,120,60.99,62.18,59.84,0.7,120,3.4807,3.4837,3.4803,0.0005,0.561,0.5631,0.5599,0.0007,0.8548,0.8594,0.853,0.0015,-0.0019,-0.0001,-0.004,0.0017,0.0016,0.0019,0.0013,0.0002,0.0024,0.004,0.0009,0.0013,0.2363,0.3867,0.0864,0.1291,58.3083,117,11,26.6965,0,0,0,0,629.1917,903,355,102.6615,34,41.7,47,39,23.66,23.68,23.63
2022-11-05 07:00:00,0.5272,1.1576,0,0.292,120,160.0152,56.5802,120,85.5421,86.0317,84.8415,0.3304,120,26.8524,27.7624,26.3036,0.4356,120,1008.9686,1009.0396,1008.8198,0.0861,120,194.8118,237.4197,110.2992,41.2581,120,493.8436,645.5414,116.5054,193.4158,120,530.0743,727.3107,14.7535,266.0787,120,120,0,419.5812,547.8072,97.9644,163.3404,120,58.58,59.84,57.49,0.7,120,3.4828,3.484,3.4803,0.0014,0.5685,0.5776,0.563,0.0044,0.8554,0.8603,0.8484,0.0033,-0.0033,-0.0001,-0.0045,0.0017,0.0025,0.003,0.0014,0.0005,0.0041,0.0054,0.001,0.0016,0.4196,0.5478,0.098,0.1633,36.7583,103,0,28.1168,0,0,0,0,469.5917,955,62,169.7118,34,41.6333,47,39,23.66,23.68,23.63
2022-11-05 07:10:00,0.6399,1.774,0.2192,0.3002,120,157.5719,53.98,120,83.5266,85.6044,80.7215,1.3746,120,28.7324,29.1693,27.7929,0.4102,120,1009.0753,1009.2227,1008.9846,0.0817,120,185.3479,209.0638,156.9181,16.2617,120,444.0297,643.3433,171.0936,170.6242,120,429.522,724.8518,21.1457,272.3544,120,120,0,376.1228,548.4176,143.437,144.4348,120,56.18,57.49,54.88,0.7,120,3.4846,3.487,3.4831,0.0014,0.5873,0.5917,0.5779,0.0041,0.8353,0.856,0.8072,0.0137,-0.0027,-0.0001,-0.0045,0.0017,0.0024,0.0027,0.002,0.0002,0.0037,0.0054,0.0014,0.0014,0.3761,0.5484,0.1434,0.1444,46.725,170,1,32.626,0,0,0,0,450.8083,1011,33,164.4444,34,41.5,47,39,23.66,23.68,23.63
2022-11-05 07:20:00,1.7387,3.2,0.854,0.5561,120,33.2387,48.4485,120,80.6169,81.3623,79.928,0.3854,120,28.2341,29.1296,27.5426,0.506,120,1009.1093,1009.2227,1009.0213,0.0921,120,221.5175,289.5654,182.8709,28.3921,120,301.1367,748.491,191.611,150.1802,120,126.3613,775.5027,13.7689,209.8497,120,120,0,263.7486,651.265,162.9688,132.9577,120,53.77,54.88,52.54,0.7,120,3.4852,3.487,3.4837,0.0015,0.5823,0.5913,0.5754,0.0051,0.8062,0.8136,0.7993,0.0039,-0.0008,-0.0001,-0.0048,0.0013,0.0028,0.0037,0.0023,0.0004,0.0025,0.0062,0.0016,0.0013,0.2637,0.6513,0.163,0.133,166.1667,325,70,60.4452,0,0,0,0,296.9167,1021,0,334.9874,34,41.75,47,39,23.66,23.68,23.63
2022-11-05 07:30:00,2.2748,4.2028,0.854,0.8808,120,43.6698,45.5344,120,80.888,81.3318,80.4163,0.228,120,27.504,27.7929,27.3534,0.1219,120,1009.1391,1009.241,1009.0213,0.0929,120,319.7735,356.8504,283.3173,26.2285,120,562.4247,886.9784,286.8667,238.9264,120,365.0936,804.0251,14.2604,326.5716,120,120,0,509.9719,796.2279,264.5955,211.7714,120,51.37,52.54,50.2,0.7,120,3.4857,3.4874,3.4837,0.0015,0.575,0.5779,0.5735,0.0012,0.8089,0.8133,0.8042,0.0023,-0.0023,-0.0001,-0.005,0.002,0.0041,0.0045,0.0036,0.0003,0.0047,0.0074,0.0024,0.002,0.51,0.7962,0.2646,0.2118,224.4333,434,70,95.7351,0,0,0,0,240.9583,1020,5,267.6015,34,41.5667,49,39,23.66,23.68,23.63
2022-11-05 07:40:00,2.0126,3.6324,0.5412,0.7327,120,64.1861,39.1677,120,79.0394,80.5383,77.7001,0.7447,120,28.0631,28.2537,27.799,0.1357,120,1009.256,1009.4241,1009.0396,0.0798,120,359.8581,393.8567,326.8126,18.1333,120,635.4725,958.7863,388.7167,190.0318,120,389.6486,808.4499,37.865,266.3828,120,120,0,582.9086,873.7449,362.8651,169.4915,120,48.97,50.2,47.85,0.7,120,3.4876,3.4904,3.484,0.0013,0.5806,0.5825,0.578,0.0014,0.7904,0.8054,0.777,0.0074,-0.0024,-0.0002,-0.005,0.0017,0.0046,0.005,0.0042,0.0002,0.0053,0.008,0.0032,0.0016,0.5829,0.8737,0.3629,0.1695,195.9333,372,36,79.6427,0,0,0,0,219.6917,1021,7,170.3479,34.6,41.6,47,39,23.67,23.68,23.63
2022-11-05 07:50:00,1.6219,3.8348,0.2284,0.8186,120,84.8536,62.7018,120,77.1482,78.0358,76.3878,0.5189,120,28.4064,28.6261,28.2293,0.1057,120,1009.3728,1009.6072,1009.2227,0.0861,120,321.2995,398.663,297.7354,25.0618,120,617.664,894.3061,357.2089,135.5826,120,401.2747,732.2285,57.5363,179.7251,120,120,0,563.9261,819.1168,337.5347,121.7562,120,46.57,47.85,45.26,0.7,120,3.4895,3.4935,3.487,0.0014,0.5841,0.5863,0.5823,0.0011,0.7715,0.7804,0.7639,0.0052,-0.0025,-0.0004,-0.0045,0.0011,0.0041,0.0051,0.0038,0.0003,0.0051,0.0075,0.003,0.0011,0.5639,0.8191,0.3375,0.1218,153.4667,394,2,88.9824,0,0,0,0,313.5417,1019,2,223.614,35,41.6667,47,39,23.67,23.68,23.63
2022-11-05 08:00:00,2.2036,5.0492,0.4676,1.0435,120,58.2601,41.7085,120,75.0687,76.8151,73.1834,0.8595,120,28.7329,28.8275,28.562,0.0599,120,1009.4432,1009.6255,1009.241,0.0638,120,309.2202,339.3079,280.9142,16.2801,120,639.5301,960.2521,297.1248,256.341,120,425.7232,848.2823,15.2449,335.7061,120,120,0,578.9336,867.336,269.4784,231.0762,120,44.17,45.26,42.92,0.7,120,3.4907,3.4938,3.4874,0.0011,0.5873,0.5883,0.5856,0.0006,0.7507,0.7682,0.7318,0.0086,-0.0026,-0.0001,-0.0053,0.0021,0.0039,0.0043,0.0036,0.0002,0.0053,0.008,0.0025,0.0021,0.5789,0.8673,0.2695,0.2311,216.7,526,28,113.4198,0,0,0,0,241.0917,1013,7,219.6858,35,41.6667,47,41,23.67,23.68,23.63
2022-11-05 08:10:00,2.455,4.4788,0.6332,0.9644,120,57.4787,39.4087,120,73.7846,75.0145,72.1763,0.8866,120,28.4651,28.6749,28.2965,0.1226,120,1009.4264,1009.6255,1009.241,0.0643,120,235.4711,287.4024,197.0488,22.924,120,598.7838,962.4502,202.9688,322.1308,120,454.7656,862.5443,13.7689,391.8465,120,120,0,505.1881,866.1153,94.6074,303.372,120,41.78,42.92,40.59,0.7,120,3.4904,3.4938,3.4874,0.0011,0.5847,0.5867,0.583,0.0012,0.7378,0.7501,0.7218,0.0089,-0.0028,-0.0001,-0.0054,0.0024,0.003,0.0037,0.0025,0.0003,0.005,0.008,0.0017,0.0027,0.5052,0.8661,0.0946,0.3034,244.0167,464,46,104.8309,0,0,0,0,201.8417,1017,16,166.7302,35,41.6333,47,41,23.67,23.68,23.63
2022-11-05 08:20:00,2.0406,4.304,0.3848,0.7507,120,79.9006,51.2222,120,73.6114,74.4041,72.8477,0.4129,120,28.4368,28.6688,28.2293,0.1671,120,1009.4172,1009.6072,1009.241,0.0681,120,210.8201,296.0535,167.7315,44.9087,120,889.1798,979.6699,204.7995,96.5667,120,814.1425,853.2001,32.9471,118.773,120,120,0,796.0346,882.9005,170.5985,90.7908,120,39.39,40.59,38.27,0.7,120,3.4903,3.4935,3.4874,0.0011,0.5844,0.5867,0.5823,0.0017,0.7361,0.744,0.7285,0.0041,-0.0051,-0.0002,-0.0053,0.0007,0.0027,0.0038,0.0021,0.0006,0.0074,0.0082,0.0017,0.0008,0.796,0.8829,0.1706,0.0908,198.9833,445,19,81.5992,0,0,0,0,289.9667,981,9,201.2188,35.6,41.65,47,39,23.68,23.68,23.63
2022-11-05 08:30:00,2.5085,4.4696,0.8632,0.8072,120,60.5721,38.909,120,72.6473,73.3665,71.8406,0.4118,120,28.4832,28.684,28.3514,0.1114,120,1009.4116,1009.6438,1009.241,0.0807,120,170.5853,259.0472,131.4457,40.3221,120,766.3517,941.5678,194.9076,248.4815,120,693.1782,868.4451,18.1953,315.8902,120,120,0,684.8608,843.5316,162.6637,225.2276,120,37.01,38.27,35.95,0.69,120,3.4902,3.4941,3.4874,0.0013,0.5848,0.5868,0.5835,0.0011,0.7265,0.7337,0.7184,0.0041,-0.0043,-0.0001,-0.0054,0.002,0.0022,0.0033,0.0017,0.0005,0.0064,0.0078,0.0016,0.0021,0.6849,0.8435,0.1627,0.2252,249.8333,463,71,87.7346,0,0,0,0,239.6833,1019,5,208.5692,36,41.7833,47,41,23.68,23.68,23.63
2022-11-05 08:40:00,2.5162,5.4632,0.5872,1.0554,120,93.9743,39.588,120,71.809,73.0308,70.7114,0.5829,120,28.692,28.861,28.5345,0.104,120,1009.4923,1009.6622,1009.4424,0.076,120,212.7084,267.4575,132.8874,35.4847,120,887.9646,1060.2713,270.0132,197.2172,120,761.9424,885.1644,57.0432,226.276,120,120,0,803.1912,967.4367,241.7066,181.1781,120,34.64,35.69,33.39,0.69,120,3.4915,3.4944,3.4907,0.0013,0.5869,0.5886,0.5854,0.001,0.7181,0.7303,0.7071,0.0058,-0.0047,-0.0004,-0.0055,0.0014,0.0027,0.0034,0.0017,0.0005,0.0074,0.0088,0.0022,0.0016,0.8032,0.9674,0.2417,0.1812,250.675,571,41,114.7199,0,0,0,0,284.6,978,51,139.551,36,41.6667,47,39,23.68,23.68,23.63
2022-11-05 08:50:00,2.6426,5.9692,0.44,1.1209,120,94.7184,38.5889,120,71.7574,72.4815,70.8945,0.4275,120,28.5631,28.7054,28.4613,0.0663,120,1009.4618,1009.6622,1009.2776,0.0679,120,223.7263,304.7047,188.1575,30.998,120,865.7169,1048.9136,267.8151,244.5347,120,707.3368,886.1489,20.6542,299.3221,120,120,0,785.4829,958.5864,234.3822,225.0036,120,32.27,33.39,31.09,0.69,120,3.491,3.4944,3.488,0.0011,0.5856,0.587,0.5846,0.0007,0.7176,0.7248,0.7089,0.0043,-0.0044,-0.0001,-0.0055,0.0019,0.0028,0.0039,0.0024,0.0004,0.0072,0.0087,0.0022,0.002,0.7855,0.9586,0.2344,0.225,264.4083,626,25,121.8421,0,0,0,0,279.7583,815,12,122.2858,36.3,41.6667,47,41,23.68,23.68,23.63
2022-11-05 09:00:00,2.7929,4.9848,0.6516,0.8848,120,79.9434,38.8987,120,71.9741,73.1834,70.6198,0.6511,120,28.5726,28.7542,28.4429,0.1023,120,1009.4266,1009.4974,1009.2593,0.0789,120,275.3414,322.2465,191.0409,33.2886,120,914.1448,1139.7731,265.9832,286.2813,120,681.4456,895.4915,18.6868,304.9249,120,120,0,832.9646,1058.0767,231.6355,266.2482,120,29.93,31.09,28.8,0.69,120,3.4904,3.4916,3.4877,0.0013,0.5857,0.5875,0.5844,0.001,0.7197,0.7318,0.7062,0.0065,-0.0042,-0.0001,-0.0056,0.0019,0.0035,0.0041,0.0024,0.0004,0.0076,0.0095,0.0022,0.0024,0.833,1.0581,0.2316,0.2662,280.75,519,48,96.1737,0,0,0,0,260.2667,1020,20,166.5118,37,41.7167,47,39,23.68,23.68,23.63
2022-11-05 09:10:00,2.5536,5.6012,0.4768,1.0454,120,90.0727,38.7681,120,72.2849,73.336,71.5659,0.4794,120,28.7609,29.1418,28.6322,0.1466,120,1009.406,1009.6438,1009.2776,0.0932,120,256.6879,346.2772,198.0102,40.8518,120,1045.5459,1185.569,374.4286,166.5993,120,825.2848,895,30.4882,192.8503,120,120,0,953.6551,1097.4456,339.3658,157.5726,120,27.59,28.8,26.54,0.68,120,3.4901,3.4941,3.488,0.0016,0.5876,0.5914,0.5863,0.0015,0.7228,0.7334,0.7157,0.0048,-0.0051,-0.0002,-0.0056,0.0012,0.0033,0.0044,0.0025,0.0005,0.0087,0.0099,0.0031,0.0014,0.9537,1.0974,0.3394,0.1576,254.7417,586,29,113.6309,0,0,0,0,270.8917,1002,54,129.4851,37,41.45,47,39,23.68,23.68,23.63
2022-11-05 09:20:00,2.547,5.9324,0.44,1.3172,120,85.2635,55.4296,120,71.6361,72.9698,70.1926,0.7569,120,29.0158,29.2456,28.8061,0.1526,120,1009.3704,1009.4974,1009.2593,0.0934,120,316.5955,386.648,266.2559,28.9833,120,1055.0654,1214.8788,341.8223,243.389,120,758.3485,903.3597,23.1131,257.8892,120,120,0,966.1728,1140.4767,300.6073,223.6728,120,25.28,26.54,24.04,0.67,120,3.4895,3.4916,3.4877,0.0016,0.5902,0.5925,0.5881,0.0015,0.7164,0.7297,0.7019,0.0076,-0.0047,-0.0001,-0.0056,0.0016,0.004,0.0049,0.0034,0.0004,0.0088,0.0101,0.0028,0.002,0.9662,1.1405,0.3006,0.2237,254.0167,622,25,143.1748,0,0,0,0,297.8083,1000,39,194.0552,37,41.3667,47,39,23.68,23.68,23.63
2022-11-05 09:30:00,2.491,5.96,0.302,1.3303,120,76.6978,49.6385,120,70.8317,72.8782,69.2465,0.8673,120,29.2609,29.4562,28.9129,0.1548,120,1009.2952,1009.479,1009.1128,0.0584,120,280.0974,342.4323,235.4968,28.4051,120,805.6446,1220.0072,265.617,367.4224,120,532.3978,914.1782,14.2604,379.7693,120,120,0,735.8394,1136.8145,234.3822,345.9976,120,22.99,24.04,21.83,0.66,120,3.4883,3.4913,3.4852,0.001,0.5926,0.5946,0.5891,0.0015,0.7083,0.7288,0.6925,0.0087,-0.0033,-0.0001,-0.0057,0.0024,0.0036,0.0043,0.003,0.0004,0.0067,0.0102,0.0022,0.0031,0.7358,1.1368,0.2344,0.346,247.9333,625,10,144.6004,0,0,0,0,275.1,994,22,199.7621,37.9,41.5167,47,39,23.68,23.68,23.68
2022-11-05 09:40:00,3.0541,5.6564,0.5228,0.9987,120,44.9978,34.8036,120,70.7587,71.6269,69.6432,0.5268,120,28.6253,28.8977,28.4857,0.0929,120,1009.2361,1009.4974,1009.0945,0.0932,120,248.1632,328.2543,189.1189,40.2611,120,949.8413,1185.9352,323.8703,284.951,120,700.2309,896.9675,53.6014,308.7932,120,120,0,866.863,1094.6989,281.3807,267.2846,120,20.74,21.83,19.66,0.65,120,3.4873,3.4916,3.4849,0.0016,0.5863,0.589,0.5849,0.0009,0.7076,0.7163,0.6964,0.0053,-0.0043,-0.0003,-0.0056,0.0019,0.0032,0.0042,0.0024,0.0005,0.0079,0.0099,0.0027,0.0024,0.8669,1.0947,0.2814,0.2673,309.1417,592,34,108.5566,0,0,0,0,171.7417,1017,7,172.2964,38,41.65,49,39,23.68,23.68,23.63
2022-11-05 09:50:00,2.1271,4.764,0.348,1.1295,120,98.9616,52.6262,120,71.5636,72.6341,70.101,0.5977,120,29.0116,29.4775,28.6291,0.3247,120,1009.1604,1009.3326,1008.9297,0.0922,120,218.9002,303.022,168.9331,36.8571,120,1044.343,1184.8367,310.6807,217.1632,120,809.5404,923.5224,40.3239,233.2635,120,120,0,962.2181,1109.0426,278.634,202.2782,120,18.54,19.66,17.54,0.63,120,3.486,3.4889,3.4822,0.0015,0.5901,0.5948,0.5863,0.0032,0.7156,0.7263,0.701,0.006,-0.005,-0.0003,-0.0057,0.0014,0.0028,0.0038,0.0021,0.0005,0.0087,0.0099,0.0026,0.0018,0.9622,1.109,0.2786,0.2023,208.3833,495,15,122.776,0,0,0,0,335.2833,1019,64,191.9125,38,41.5833,47,39,23.68,23.68,23.63
2022-11-05 10:00:00,2.8228,5.5552,0.5228,1.1672,120,96.6982,49.3071,120,70.0242,70.925,69.1244,0.4087,120,29.195,29.4562,28.8824,0.1512,120,1009.0991,1009.1494,1008.9297,0.0653,120,249.9374,341.4709,153.5535,63.4792,120,861.2503,1250.7827,302.6206,337.5115,120,593.2448,908.2775,15.7364,372.0075,120,120,0,794.9919,1156.6515,270.394,316.9355,120,16.41,17.54,15.28,0.61,120,3.485,3.4858,3.4822,0.0011,0.5919,0.5946,0.5888,0.0015,0.7002,0.7093,0.6912,0.0041,-0.0037,-0.0001,-0.0056,0.0023,0.0032,0.0043,0.0019,0.0008,0.0072,0.0104,0.0025,0.0028,0.795,1.1567,0.2704,0.3169,284,581,34,126.8725,0,0,0,0,318.2417,1010,18,180.059,38.9,41.4667,47,39,23.68,23.68,23.63
2022-11-05 10:10:00,2.9009,5.5644,0.8632,1.0378,120,72.4965,55.5654,120,70.7399,71.5964,69.9789,0.4354,120,28.8824,28.9892,28.7909,0.0505,120,1008.9535,1009.1494,1008.7466,0.0604,120,305.3092,399.6244,243.9079,39.5766,120,954.4637,1277.527,333.0288,345.8589,120,624.8402,906.8015,21.1457,356.932,120,120,0,872.8879,1178.3196,290.5362,323.9299,120,14.38,15.28,13.37,0.57,120,3.4826,3.4858,3.4791,0.001,0.5888,0.5899,0.5879,0.0005,0.7074,0.716,0.6998,0.0044,-0.0039,-0.0001,-0.0056,0.0022,0.0039,0.0051,0.0031,0.0005,0.008,0.0106,0.0028,0.0029,0.8729,1.1783,0.2905,0.3239,292.4917,582,71,112.8095,0,0,0,0,270.075,958,2,202.8578,39,41.5,47,39,23.68,23.68,23.63
2022-11-05 10:20:00,3.0383,6.328,0.8724,1.0645,120,62.3253,39.0403,120,70.72,71.5354,69.7958,0.4694,120,29.0253,29.1357,28.7664,0.1123,120,1008.8716,1008.9846,1008.7466,0.0943,120,326.3858,400.1047,257.6047,37.8271,120,793.063,1322.9568,295.2929,411.5048,120,445.5862,911.2278,14.2604,392.9702,120,120,0,729.1965,1247.5967,257.271,389.0018,120,12.5,13.37,11.63,0.52,120,3.4812,3.4831,3.4791,0.0016,0.5903,0.5914,0.5877,0.0011,0.7072,0.7154,0.698,0.0047,-0.0028,-0.0001,-0.0057,0.0024,0.0041,0.0051,0.0033,0.0005,0.0066,0.011,0.0025,0.0034,0.7292,1.2476,0.2573,0.389,307.425,665,72,115.7064,0,0,0,0,206.4833,958,18,151.7301,39,41.4333,47,39,23.68,23.68,23.68
2022-11-05 10:30:00,3.4278,6.5948,0.7436,1.2088,120,83.9326,38.0078,120,71.3525,72.4815,70.3452,0.5684,120,28.7584,29.0014,28.4002,0.1679,120,1008.7761,1008.9846,1008.5635,0.085,120,401.867,515.9307,337.3858,55.5733,120,756.2582,1411.2521,359.7743,403.0443,120,328.6829,905.8186,14.7535,390.1094,120,120,0,697.8769,1316.8737,320.7495,377.6542,120,10.85,11.63,10.17,0.44,120,3.4796,3.4831,3.4761,0.0014,0.5876,0.59,0.584,0.0017,0.7135,0.7248,0.7035,0.0057,-0.002,-0.0001,-0.0056,0.0024,0.0051,0.0066,0.0043,0.0007,0.0063,0.0118,0.003,0.0034,0.6979,1.3169,0.3207,0.3777,349.7583,694,58,131.3916,0,0,0,0,267.1083,1005,4,149.3857,39,41.4667,47,39,23.68,23.73,23.63
2022-11-05 10:40:00,3.9199,7.3308,1.1668,1.374,120,95.6798,40.1697,120,71.8932,72.7256,70.8029,0.5363,120,28.5162,28.7207,28.3026,0.1425,120,1008.6543,1008.7832,1008.5635,0.0973,120,348.9363,555.5811,269.3795,71.7661,120,1103.5818,1439.096,319.8403,311.4293,120,712.2133,901.3922,25.079,301.3211,120,120,0,1032.9854,1357.1581,296.0295,293.2935,120,9.55,10.17,9.1,0.31,120,3.4776,3.4797,3.4761,0.0016,0.5852,0.5872,0.583,0.0014,0.7189,0.7273,0.708,0.0054,-0.0044,-0.0002,-0.0056,0.0019,0.0044,0.0071,0.0034,0.0009,0.0092,0.012,0.0027,0.0026,1.033,1.3572,0.296,0.2933,403.25,774,104,149.3495,0,0,0,0,284.7083,950,0,131.3274,39.6,41.65,47,39,23.68,23.68,23.68
2022-11-05 10:50:00,2.9248,5.9876,0.8264,1.1964,120,92.0489,44.2226,120,71.113,72.1152,69.9179,0.5714,120,28.7852,28.9526,28.6291,0.1152,120,1008.5708,1008.7832,1008.3804,0.0855,120,207.6621,351.3236,128.5622,78.63,120,987.5711,1262.5066,349.1489,257.7667,120,739.0632,911.7193,59.5021,295.574,120,120,0,911.1504,1172.216,318.3081,239.3753,120,8.76,9.01,8.56,0.14,120,3.4762,3.4797,3.473,0.0014,0.5878,0.5895,0.5863,0.0011,0.7111,0.7212,0.6992,0.0057,-0.0046,-0.0004,-0.0057,0.0018,0.0026,0.0045,0.0016,0.001,0.0082,0.0105,0.0029,0.0021,0.9112,1.1722,0.3183,0.2394,295.0917,628,67,130.0414,0,0,0,0,286.8667,959,16,151.6408,40,41.5333,47,39,23.68,23.68,23.68
2022-11-05 11:00:00,2.6888,6.512,0.6056,1.2592,120,83.1823,52.0455,120,70.0771,71.0166,68.6056,0.6569,120,29.1827,29.3585,28.9526,0.1231,120,1008.367,1008.5818,1008.1973,0.0962,120,147.7805,256.163,125.6787,30.501,120,1060.4205,1159.9232,437.8103,130.8449,120,861.2324,910.2449,187.8521,143.2088,120,120,0,978.4234,1092.2575,418.4088,128.7819,120,8.61,8.76,8.55,0.06,120,3.4728,3.4764,3.47,0.0016,0.5918,0.5936,0.5895,0.0012,0.7008,0.7102,0.6861,0.0066,-0.0053,-0.0012,-0.0056,0.0009,0.0019,0.0033,0.0016,0.0004,0.0088,0.0097,0.0036,0.0011,0.9784,1.0923,0.4184,0.1288,269.4333,685,43,136.8708,0,0,0,0,281.025,970,15,181.359,40,41.4333,47,39,23.68,23.73,23.68
2022-11-05 11:10:00,2.6561,6.5304,0.3112,1.1396,120,91.185,53.008,120,69.9314,71.2607,68.0563,0.8797,120,29.375,29.6973,29.0808,0.2086,120,1008.2844,1008.4353,1008.1973,0.0907,120,208.8335,258.326,169.6543,28.1461,120,1092.029,1203.521,285.0348,199.3814,120,832.649,901.8837,41.3084,198.2907,120,120,0,1013.4968,1122.4708,256.0503,188.4763,120,9.13,9.57,8.76,0.25,120,3.4714,3.4739,3.47,0.0015,0.5938,0.597,0.5908,0.0021,0.6993,0.7126,0.6806,0.0088,-0.0052,-0.0003,-0.0056,0.0012,0.0027,0.0033,0.0022,0.0004,0.0091,0.01,0.0024,0.0017,1.0135,1.1225,0.2561,0.1885,265.875,687,11,123.8669,0,0,0,0,304.0167,986,6,183.1552,40,41.45,47,39,23.68,23.73,23.63
2022-11-05 11:20:00,2.7414,6.4108,0.532,1.4212,120,73.8511,51.0329,120,70.7406,71.5354,69.6127,0.4983,120,29.2175,29.3371,28.9862,0.0746,120,1008.2031,1008.417,1008.0142,0.084,120,334.8185,483.9709,222.2803,55.4478,120,639.0966,1325.1549,291.9964,348.8725,120,284.478,902.3767,14.7535,334.0547,120,120,0,586.6242,1275.3685,259.1021,331.2199,120,10.23,10.86,9.57,0.39,120,3.4701,3.4736,3.4669,0.0014,0.5922,0.5934,0.5899,0.0008,0.7074,0.7154,0.6961,0.005,-0.0018,-0.0001,-0.0056,0.0021,0.0043,0.0061,0.0028,0.0007,0.0053,0.011,0.0024,0.0029,0.5866,1.2754,0.2591,0.3312,275.15,674,35,154.4785,0,0,0,0,275.4333,1020,0,206.5394,40,41.4167,47,41,23.68,23.73,23.68
2022-11-05 11:30:00,2.4303,4.764,0.6148,1.1236,120,65.1774,52.7329,120,71.6633,72.7256,70.4672,0.4983,120,28.8838,28.9923,28.8,0.0441,120,1008.0844,1008.2339,1007.831,0.0924,120,337.3938,468.3512,236.6984,66.8499,120,656.5601,1396.964,250.5966,437.4555,120,301.9969,895.4915,14.7535,382.7947,120,120,0,604.7166,1308.9389,225.837,409.9929,120,11.74,12.67,10.86,0.49,120,3.4681,3.4706,3.4639,0.0015,0.5888,0.5899,0.588,0.0004,0.7166,0.7273,0.7047,0.005,-0.0019,-0.0001,-0.0056,0.0024,0.0043,0.0059,0.003,0.0008,0.0055,0.0116,0.0021,0.0036,0.6047,1.3089,0.2258,0.41,241.3417,495,44,122.1283,0,0,0,0,269.1,1019,20,229.6532,40,41.7167,49,41,23.68,23.73,23.68
2022-11-05 11:40:00,2.4359,5.5092,0.4308,1.1321,120,91.9693,48.9588,120,72.0834,72.6951,71.0471,0.3683,120,29.0465,29.1144,28.9679,0.0429,120,1007.9212,1008.0691,1007.831,0.0927,120,376.5972,487.5756,242.4661,68.3227,120,792.7668,1396.2305,254.9928,427.572,120,398.5168,881.7225,14.2604,399.622,120,120,0,741.9457,1311.0752,230.1096,402.446,120,13.53,14.52,12.67,0.55,120,3.4654,3.4678,3.4639,0.0015,0.5905,0.5911,0.5897,0.0004,0.7208,0.727,0.7105,0.0037,-0.0025,-0.0001,-0.0055,0.0025,0.0048,0.0062,0.0031,0.0009,0.0066,0.0116,0.0021,0.0036,0.7419,1.3111,0.2301,0.4024,241.95,576,24,123.0509,0,0,0,0,304.0417,978,9,174.9205,40.4,44.6667,49,41,23.68,23.68,23.68
2022-11-05 11:50:00,2.7923,5.8496,1.0932,1.0578,120,80.3275,46.5388,120,71.9095,73.1834,70.4367,0.7407,120,29.1869,29.3341,28.916,0.1263,120,1007.7616,1007.8677,1007.6296,0.096,120,257.2807,372.2299,213.6299,37.1573,120,931.2572,1254.8127,263.419,366.1373,120,649.6575,897.9504,15.2449,363.2934,120,120,0,866.8808,1177.4041,237.1288,344.7476,120,15.5,16.51,14.52,0.6,120,3.4627,3.4645,3.4605,0.0016,0.5919,0.5933,0.5892,0.0013,0.7191,0.7318,0.7044,0.0074,-0.004,-0.0001,-0.0056,0.0023,0.0033,0.0047,0.0027,0.0005,0.0078,0.0105,0.0022,0.0031,0.8669,1.1774,0.2371,0.3447,280.6833,613,96,114.9791,0,0,0,0,277.3417,1019,27,190.0255,41,46.4333,49,41,23.68,23.68,23.63
2022-11-05 12:00:00,2.7139,6.8248,0.8172,1.2533,120,56.0973,50.4843,120,71.8871,72.7256,71.0166,0.4549,120,29.0222,29.151,28.9221,0.0665,120,1007.5898,1007.6846,1007.4648,0.0893,120,233.4646,312.3945,162.2047,32.1255,120,723.8437,1199.8571,236.6747,377.8106,120,480.1485,892.5411,15.7364,380.3463,120,120,0,670.2653,1127.0485,208.4414,357.2024,120,17.59,18.59,16.51,0.62,120,3.4598,3.4614,3.4577,0.0015,0.5902,0.5915,0.5892,0.0007,0.7189,0.7273,0.7102,0.0045,-0.003,-0.0001,-0.0055,0.0024,0.003,0.004,0.0021,0.0004,0.006,0.01,0.002,0.0031,0.6703,1.127,0.2084,0.3572,272.1667,719,66,136.2303,0,0,0,0,280.2083,1007,4,259.8029,41,46.4333,47,41,23.68,23.68,23.63
2022-11-05 12:10:00,3.4892,6.098,0.5688,1.3318,120,51.7584,32.76,120,71.4573,72.2983,70.4672,0.4616,120,28.7931,28.9801,28.6932,0.0801,120,1007.4024,1007.6662,1007.2817,0.0955,120,170.6393,246.0709,143.9417,26.9491,120,1006.4361,1120.7215,337.425,150.344,120,831.6655,891.0651,89.009,164.6474,120,120,0,932.0455,1044.9538,289.9258,141.928,120,19.77,20.98,18.59,0.64,120,3.4567,3.4611,3.4547,0.0016,0.5879,0.5898,0.5869,0.0008,0.7146,0.723,0.7047,0.0046,-0.0052,-0.0006,-0.0055,0.001,0.0022,0.0031,0.0018,0.0003,0.0084,0.0093,0.0028,0.0013,0.932,1.045,0.2899,0.1419,356.4333,640,39,144.7661,0,0,0,0,176.2083,1002,10,151.7336,41,46.4,49,41,23.68,23.68,23.68
2022-11-05 12:20:00,2.9103,5.8404,1.0104,1.0385,120,65.3625,37.9995,120,71.2427,72.2068,70.1315,0.4871,120,29.1205,29.3707,28.9221,0.145,120,1007.2584,1007.4831,1007.1169,0.0961,120,266.7185,331.8591,210.9866,33.5107,120,874.4426,1172.3794,301.1549,316.5945,120,612.5012,889.0993,17.2108,338.6908,120,120,0,810.4114,1087.0693,273.4458,294.9029,120,22,23.17,20.98,0.66,120,3.4543,3.4581,3.4519,0.0016,0.5912,0.5937,0.5892,0.0014,0.7124,0.7221,0.7013,0.0049,-0.0038,-0.0001,-0.0055,0.0021,0.0034,0.0042,0.0027,0.0004,0.0073,0.0098,0.0025,0.0026,0.8104,1.0871,0.2734,0.2949,293.5083,612,87,112.8837,0,0,0,0,211.975,1021,2,153.1573,41,46.2833,47,41,23.68,23.68,23.63
2022-11-05 12:30:00,4.0265,8.628,1.2312,1.3745,120,48.8139,30.2157,120,70.455,71.688,69.5517,0.6054,120,28.9148,29.328,28.6932,0.1916,120,1007.0785,1007.3183,1006.9338,0.0916,120,243.2629,342.9126,190.5606,37.6437,120,962.7496,1186.3013,251.3289,283.7252,120,735.8095,899.4264,15.7364,295.0639,120,120,0,884.6604,1103.2441,220.3436,267.1878,120,24.27,25.41,23.17,0.67,120,3.4513,3.4553,3.4489,0.0015,0.5891,0.5933,0.5869,0.0019,0.7046,0.7169,0.6955,0.0061,-0.0046,-0.0001,-0.0056,0.0018,0.0031,0.0044,0.0024,0.0005,0.008,0.0099,0.0021,0.0024,0.8847,1.1032,0.2203,0.2672,414.8333,915,111,149.4049,0,0,0,0,162.5917,1016,0,143.418,41,46.4667,49,41,23.68,23.68,23.68
2022-11-05 12:40:00,3.8262,6.8432,1.268,1.2421,120,53.2017,42.0276,120,71.0677,71.8101,70.2841,0.3346,120,28.7068,28.8214,28.6322,0.0549,120,1006.9639,1007.1535,1006.7324,0.1246,120,263.5165,374.6331,162.9252,57.2746,120,1019.0117,1199.1248,473.3481,157.8294,120,790.9724,894.0171,179.4924,176.2957,120,120,0,939.6827,1117.5878,422.6814,148.3479,120,26.57,27.66,25.41,0.68,120,3.4494,3.4526,3.4455,0.0021,0.5871,0.5882,0.5863,0.0006,0.7107,0.7181,0.7028,0.0033,-0.0049,-0.0011,-0.0055,0.0011,0.0033,0.0048,0.0021,0.0007,0.0085,0.01,0.0039,0.0013,0.9397,1.1176,0.4227,0.1483,393.0667,721,115,135.014,0,0,0,0,206.875,1018,1,189.829,41.3,46.4667,49,39,23.68,23.68,23.68
2022-11-05 12:50:00,3.1883,7.432,0.3388,1.54,120,54.1629,44.4795,120,71.0982,72.2373,69.8874,0.6398,120,28.8391,29.0472,28.6627,0.1173,120,1006.7356,1006.9521,1006.531,0.0843,120,172.2934,216.7535,143.7016,17.4417,120,944.8434,997.2557,535.2641,60.722,120,825.0186,863.5272,444.5488,63.7368,120,120,0,868.4347,918.6071,487.6858,60.964,120,28.89,29.94,27.66,0.68,120,3.4456,3.4492,3.4422,0.0014,0.5884,0.5905,0.5866,0.0012,0.711,0.7224,0.6989,0.0064,-0.0051,-0.0028,-0.0054,0.0004,0.0022,0.0028,0.0018,0.0002,0.0079,0.0083,0.0045,0.0005,0.8684,0.9186,0.4877,0.061,323.7333,785,14,167.392,0,0,0,0,243.3,1005,9,229.098,42,46.3833,49,39,23.68,23.73,23.68
2022-11-05 13:00:00,3.2558,6.2544,0.8724,1.2878,120,65.4372,39.168,120,70.6778,71.5354,69.7348,0.4719,120,28.8241,29.0716,28.6566,0.1298,120,1006.5883,1006.769,1006.5493,0.0717,120,194.2251,239.5827,166.7701,18.816,120,843.4447,1009.3457,241.8031,211.6687,120,709.5619,868.9365,45.7332,243.896,120,120,0,772.5659,931.4249,207.2207,202.3414,120,31.24,32.48,30.19,0.68,120,3.4431,3.4462,3.4425,0.0012,0.5882,0.5907,0.5866,0.0013,0.7068,0.7154,0.6973,0.0047,-0.0044,-0.0003,-0.0054,0.0015,0.0025,0.003,0.0021,0.0002,0.007,0.0084,0.002,0.0018,0.7726,0.9314,0.2072,0.2023,331.0667,657,72,139.9787,0,0,0,0,210.025,996,2,152.8509,42,46.5167,47,41,23.68,23.68,23.63
2022-11-05 13:10:00,2.773,6.4384,0.8356,1.1247,120,80.7834,44.8749,120,69.3622,70.6198,68.2089,0.6766,120,29.0815,29.2273,28.9282,0.1086,120,1006.5494,1006.7507,1006.3478,0.0476,120,150.9024,229.2496,117.0276,35.2616,120,858.7773,1002.018,224.5834,170.019,120,796.177,879.7551,30.4882,211.2316,120,120,0,791.1135,930.5094,194.4029,158.6198,120,33.6,34.79,32.48,0.69,120,3.4425,3.4458,3.4391,0.0008,0.5908,0.5923,0.5893,0.0011,0.6936,0.7062,0.6821,0.0068,-0.0049,-0.0002,-0.0055,0.0013,0.0019,0.0029,0.0015,0.0004,0.0072,0.0083,0.0019,0.0014,0.7911,0.9305,0.1944,0.1586,278.5917,677,68,122.248,0,0,0,0,252.5917,985,22,148.7101,42,46.4167,49,41,23.68,23.68,23.63
2022-11-05 13:20:00,3.3021,6.6408,0.4676,1.2173,120,78.8385,37.0646,120,67.8719,69.0024,66.2862,0.5435,120,29.0095,29.2364,28.8183,0.1599,120,1006.4353,1006.5676,1006.3478,0.0927,120,123.5179,130.9654,116.0661,3.9059,120,862.9172,877.4526,843.0144,9.8493,120,856.0731,867.4621,844.8405,6.0249,120,120,0,792.3114,806.299,773.9494,9.5633,120,35.96,37.1,34.79,0.69,120,3.4406,3.4428,3.4391,0.0015,0.5901,0.5924,0.5882,0.0016,0.6787,0.69,0.6629,0.0054,-0.0053,-0.0052,-0.0054,0,0.0016,0.0017,0.0015,0.0001,0.0072,0.0073,0.007,0.0001,0.7923,0.8063,0.7739,0.0096,336.1,699,28,132.318,0,0,0,0,245.9667,1021,27,142.5559,42,45.7833,47,39,23.68,23.68,23.68
2022-11-05 13:30:00,3.1759,5.7024,0.6424,1.3199,120,75.2762,45.4806,120,69.1509,70.864,67.9342,0.823,120,28.8271,29.0258,28.6535,0.1335,120,1006.2912,1006.3845,1006.1464,0.0906,120,169.8363,212.1874,129.2835,22.7833,120,816.9013,906.03,246.9328,134.7568,120,771.8185,848.2823,74.747,170.8165,120,120,0,752.5661,835.5968,222.4799,125.2183,120,38.34,39.42,37.1,0.69,120,3.4382,3.4397,3.4358,0.0015,0.5883,0.5903,0.5865,0.0013,0.6915,0.7086,0.6793,0.0082,-0.0048,-0.0005,-0.0053,0.0011,0.0022,0.0027,0.0016,0.0003,0.0068,0.0075,0.0021,0.0011,0.7526,0.8356,0.2225,0.1252,322.3833,597,47,143.4682,0,0,0,0,273.5833,988,0,193.7825,41,45.6333,49,41,23.68,23.68,23.63
2022-11-05 13:40:00,3.2235,6.4384,0.716,1.2679,120,70.5362,41.343,120,69.3139,69.9789,68.0868,0.5224,120,29.042,29.2029,28.861,0.1056,120,1006.1171,1006.3662,1005.9816,0.0938,120,135.4289,189.8394,117.0276,18.4959,120,801.6726,896.1381,537.096,37.7773,120,822.4736,875.3287,442.583,56.3018,120,120,0,735.3613,825.8309,475.7836,37.005,120,40.73,42.01,39.42,0.69,120,3.4353,3.4394,3.433,0.0016,0.5904,0.592,0.5886,0.0011,0.6931,0.6998,0.6809,0.0052,-0.0051,-0.0027,-0.0054,0.0003,0.0017,0.0024,0.0015,0.0002,0.0067,0.0075,0.0045,0.0003,0.7354,0.8258,0.4758,0.037,327.5583,677,55,137.8149,0,0,0,0,261.4,1004,39,196.5732,41.1,46.3667,47,41,23.68,23.68,23.68
2022-11-05 13:50:00,3.0856,5.9048,0.6424,1.215,120,74.1186,44.1872,120,69.7757,70.6503,68.6361,0.496,120,28.8609,28.9526,28.7481,0.0543,120,1005.9156,1006.1831,1005.7802,0.1102,120,165.607,254.0008,123.5157,43.6502,120,659.7109,867.9268,244.0012,215.4278,120,631.2617,834.5134,24.096,317.1231,120,120,0,603.6917,802.942,221.8696,198.0827,120,43.11,44.34,42.01,0.7,120,3.4319,3.4364,3.4297,0.0018,0.5886,0.5895,0.5875,0.0005,0.6978,0.7065,0.6864,0.005,-0.0039,-0.0001,-0.0052,0.002,0.0021,0.0032,0.0016,0.0006,0.0055,0.0072,0.002,0.0018,0.6037,0.8029,0.2219,0.1981,312.5667,619,47,132.0647,0,0,0,0,258.575,962,2,177.6575,41.7,46.4167,49,41,23.68,23.68,23.68
2022-11-05 14:00:00,2.7796,6.3004,0.4308,1.2947,120,92.5447,46.2166,120,70.3462,70.9555,69.5822,0.3652,120,28.8836,29.0014,28.8092,0.0424,120,1005.8493,1005.9999,1005.7802,0.0842,120,174.4321,250.8764,131.9268,30.4241,120,624.3777,837.1525,216.8908,197.3838,120,601.6455,834.0219,29.0139,286.3532,120,120,0,570.4265,766.9301,188.9096,182.2396,120,45.51,46.68,44.34,0.7,120,3.4308,3.4333,3.4297,0.0014,0.5888,0.59,0.5881,0.0004,0.7035,0.7096,0.6958,0.0037,-0.0037,-0.0002,-0.0052,0.0018,0.0022,0.0032,0.0017,0.0004,0.0052,0.007,0.0018,0.0016,0.5704,0.7669,0.1889,0.1822,279.3083,662,24,140.7261,0,0,0,0,294.1917,963,45,158.9227,41.8,46.65,47,41,23.68,23.68,23.63
2022-11-05 14:10:00,3.0813,5.5184,0.6976,1.2536,120,58.1123,43.4528,120,70.3818,71.8406,68.9718,0.8085,120,28.9292,29.2975,28.681,0.1823,120,1005.7981,1005.9816,1005.5971,0.0267,120,130.1422,160.2819,117.2677,11.3281,120,670.6256,741.1633,248.7647,100.1399,120,755.988,818.777,132.7747,146.7966,120,120,0,605.7822,674.7642,221.5644,93.1774,120,47.9,49.01,46.68,0.7,120,3.43,3.433,3.4266,0.0004,0.5893,0.593,0.5868,0.0018,0.7038,0.7184,0.6897,0.0081,-0.0047,-0.0008,-0.0051,0.0009,0.0017,0.002,0.0015,0.0001,0.0056,0.0062,0.0021,0.0008,0.6058,0.6748,0.2216,0.0932,312.1,577,53,136.2561,0,0,0,0,226.5167,1012,2,196.8484,41.1,46.8167,49,41,23.68,23.68,23.68
2022-11-05 14:20:00,3.1292,7.248,0.624,1.4806,120,74.5229,43.4815,120,69.7762,70.6809,68.3004,0.6825,120,29.0046,29.328,28.8183,0.1756,120,1005.7881,1005.8168,1005.5971,0.041,120,172.6158,203.0559,133.6087,22.2988,120,489.5174,746.2929,139.9532,228.7533,120,462.4248,811.4003,15.7364,330.1069,120,120,0,440.6059,681.7835,115.6651,210.5132,120,50.3,51.61,49.01,0.7,120,3.4298,3.4303,3.4266,0.0007,0.59,0.5933,0.5882,0.0018,0.6978,0.7068,0.683,0.0068,-0.0029,-0.0001,-0.005,0.002,0.0022,0.0026,0.0017,0.0003,0.0041,0.0062,0.0012,0.0019,0.4406,0.6818,0.1157,0.2105,317.3,765,45,160.931,0,0,0,0,251.85,980,56,172.4045,41,46.6167,49,41,23.68,23.68,23.68
2022-11-05 14:30:00,3.2563,6.4292,0.256,1.5893,120,100.3884,47.702,120,69.9553,71.1386,69.216,0.4643,120,28.9184,29.0442,28.7451,0.0881,120,1005.7361,1005.8168,1005.414,0.0959,120,129.4353,163.8866,108.8575,17.7091,120,580.5936,686.2089,169.6291,132.0272,120,694.6658,801.0748,39.8324,216.6534,120,120,0,516.7089,617.9998,143.437,120.7677,120,52.71,53.96,51.61,0.7,120,3.4289,3.4303,3.4236,0.0016,0.5892,0.5904,0.5875,0.0009,0.6996,0.7114,0.6922,0.0046,-0.0043,-0.0002,-0.005,0.0013,0.0016,0.0021,0.0014,0.0002,0.0048,0.0057,0.0014,0.0011,0.5167,0.618,0.1434,0.1208,331.1167,676,5,172.7509,0,0,0,0,328.4667,1001,61,176.7618,41,46.3333,47,39,23.68,23.68,23.68
2022-11-05 14:40:00,3.5168,6.1164,1.1484,1.2784,120,79.3542,29.1947,120,70.0563,71.1386,69.4601,0.4089,120,28.6377,28.739,28.5375,0.069,120,1005.5972,1005.6337,1005.414,0.0444,120,132.4311,169.1732,111.5008,15.7977,120,578.1695,642.2437,177.6891,84.6961,120,734.2645,787.7973,50.1595,143.0212,120,120,0,510.8061,576.1895,152.8977,74.0312,120,55.11,56.3,53.96,0.7,120,3.4266,3.4272,3.4236,0.0007,0.5864,0.5874,0.5854,0.0007,0.7006,0.7114,0.6946,0.0041,-0.0046,-0.0003,-0.0049,0.0009,0.0017,0.0021,0.0014,0.0002,0.0048,0.0053,0.0015,0.0007,0.5108,0.5762,0.1529,0.074,359.4333,642,102,138.9536,0,0,0,0,227.75,511,3,85.7793,41,46.65,49,41,23.68,23.68,23.68
2022-11-05 14:50:00,2.7032,5.546,0.67,1.0447,120,75.0733,48.0594,120,70.5008,71.1997,69.7043,0.3622,120,28.9258,29.1632,28.6199,0.1759,120,1005.5786,1005.6154,1005.414,0.0631,120,120.9246,167.4913,104.7724,12.8349,120,529.6408,592.0516,209.9292,56.5622,120,713.4468,773.5353,141.6258,111.4657,120,120,0,462.8005,515.7628,171.514,52.0497,120,57.51,58.65,56.3,0.7,120,3.4263,3.4269,3.4236,0.0011,0.5893,0.5916,0.5862,0.0018,0.705,0.712,0.697,0.0036,-0.0044,-0.0009,-0.0048,0.0007,0.0015,0.0021,0.0013,0.0002,0.0044,0.0049,0.0017,0.0005,0.4628,0.5158,0.1715,0.052,271,580,50,113.5495,0,0,0,0,264.9917,981,7,193.2959,41,46.5667,47,41,23.68,23.68,23.68
2022-11-05 15:00:00,3.139,7.2112,1.0656,1.3069,120,87.0141,43.3972,120,69.9609,70.7114,69.0024,0.4329,120,28.9322,29.1479,28.8244,0.087,120,1005.5574,1005.7802,1005.3957,0.0816,120,111.3165,120.152,104.5323,3.8922,120,500.5756,525.7395,326.8007,28.906,120,728.8757,755.8315,348.1647,54.2383,120,120,0,433.2967,457.4725,274.6666,27.0864,120,59.92,60.99,58.65,0.7,120,3.426,3.4297,3.4233,0.0014,0.5893,0.5915,0.5882,0.0009,0.6996,0.7071,0.69,0.0043,-0.0045,-0.0022,-0.0047,0.0003,0.0014,0.0015,0.0013,0,0.0042,0.0044,0.0027,0.0002,0.4333,0.4575,0.2747,0.0271,318.375,761,93,142.0536,0,0,0,0,271.2167,1001,1,153.4125,41,46.4667,49,39,23.68,23.68,23.68
2022-11-05 15:10:00,2.9833,6.2268,0.808,1.1664,120,85.9784,43.8772,120,70.0557,71.0471,69.1244,0.5354,120,28.7995,28.9862,28.6779,0.0832,120,1005.5031,1005.6337,1005.414,0.0922,120,123.624,135.5307,112.2213,4.9672,120,383.8262,500.4598,148.0132,118.0609,120,532.8445,735.6703,49.6681,239.4506,120,120,0,326.6879,434.2784,122.6844,102.0698,120,62.33,63.6,61.25,0.7,120,3.4251,3.4272,3.4236,0.0015,0.588,0.5899,0.5868,0.0008,0.7006,0.7105,0.6912,0.0054,-0.0033,-0.0003,-0.0046,0.0015,0.0016,0.0017,0.0014,0.0001,0.0032,0.0042,0.0012,0.001,0.3267,0.4343,0.1227,0.1021,301.45,654,65,126.7878,0,0,0,0,269.0333,991,11,153.4869,41,46.4833,47,41,23.68,23.68,23.63
2022-11-05 15:20:00,2.3497,5.822,0.5596,1.2921,120,73.0935,52.4936,120,70.4975,71.4133,69.0329,0.6602,120,28.9503,29.1601,28.7939,0.1065,120,1005.538,1005.6154,1005.3957,0.0887,120,131.7142,140.337,120.152,5.465,120,370.9421,478.1116,139.2197,114.5597,120,530.9677,715.0161,37.865,246.8645,120,120,0,311.5889,405.591,114.4444,97.1113,120,64.73,65.95,63.6,0.7,120,3.4256,3.4269,3.4233,0.0015,0.5895,0.5916,0.5879,0.0011,0.705,0.7141,0.6903,0.0066,-0.0033,-0.0002,-0.0044,0.0015,0.0017,0.0018,0.0015,0.0001,0.0031,0.004,0.0012,0.001,0.3116,0.4056,0.1144,0.0971,232.575,610,38,140.4511,0,0,0,0,283.2917,994,27,211.6348,41,46.45,49,39,23.68,23.68,23.68
2022-11-05 15:30:00,3.2496,6.5304,0.9368,1.3224,120,79.8605,33.3118,120,70.3742,71.2912,69.5212,0.4654,120,28.653,29.0381,28.1866,0.2906,120,1005.6061,1005.7985,1005.414,0.0321,120,125.5504,142.0189,113.9039,8.5075,120,247.4301,414.3625,127.1297,112.7666,120,299.0258,683.5433,15.2449,269.4273,120,120,0,206.1398,345.7747,106.8148,93.2476,120,67.14,68.29,65.95,0.7,120,3.4268,3.43,3.4236,0.0005,0.5865,0.5904,0.5819,0.0029,0.7037,0.7129,0.6952,0.0047,-0.0019,-0.0001,-0.0042,0.0017,0.0016,0.0018,0.0014,0.0001,0.0021,0.0035,0.0011,0.0009,0.2061,0.3458,0.1068,0.0932,330.3917,687,79,143.7395,0,0,0,0,239.5917,843,23,111.3619,41,46.5833,47,41,23.68,23.68,23.68
2022-11-05 15:40:00,2.8477,6.1532,0.762,1.2582,120,79.9162,44.1298,120,71.8881,72.7256,70.4367,0.577,120,28.0757,28.2629,27.976,0.0768,120,1005.6105,1005.7985,1005.414,0.045,120,153.1933,164.3677,136.252,6.9176,120,280.2445,400.0744,134.4574,94.0725,120,350.8285,668.3,14.2604,252.5541,120,120,0,230.9768,324.7169,112.0029,73.1235,120,69.54,70.64,68.29,0.7,120,3.4268,3.43,3.4236,0.0007,0.5808,0.5826,0.5798,0.0008,0.7189,0.7273,0.7044,0.0058,-0.0022,-0.0001,-0.0041,0.0016,0.0019,0.0021,0.0017,0.0001,0.0023,0.0033,0.0011,0.0008,0.231,0.3247,0.112,0.0731,286.7083,646,60,136.7605,0,0,0,0,258.6083,985,21,161.9813,41,46.6167,47,41,23.68,23.68,23.63
2022-11-05 15:50:00,2.7491,6.5764,0.5688,1.2323,120,91.788,45.2178,120,72.6107,73.0613,71.9932,0.2718,120,28.2927,28.3514,28.2019,0.0303,120,1005.5641,1005.6337,1005.414,0.0788,120,147.2478,161.9646,129.5236,9.6555,120,183.8988,361.6062,131.8932,74.911,120,121.8822,611.2552,14.2604,204.284,120,120,0,155.975,287.7895,112.0029,55.8788,120,71.95,73.24,70.64,0.7,120,3.4261,3.4272,3.4236,0.0013,0.5829,0.5835,0.582,0.0003,0.7261,0.7306,0.7199,0.0027,-0.0008,-0.0001,-0.0038,0.0013,0.0019,0.0021,0.0016,0.0001,0.0015,0.003,0.0011,0.0006,0.156,0.2878,0.112,0.0559,275.9917,692,39,133.9456,0,0,0,0,289.175,1002,27,156.4412,41,46.4833,49,41,23.68,23.68,23.63
2022-11-05 16:00:00,2.6381,5.9692,0.4584,1.3704,120,90.6895,46.2963,120,73.4944,74.7703,72.2983,0.7419,120,27.8166,28.1988,27.6403,0.1538,120,1005.6124,1005.7985,1005.414,0.0594,120,113.2429,141.0583,93.478,15.5601,120,113.2903,138.8535,93.0576,15.0393,120,17.8139,29.9968,14.2604,2.4538,120,120,0,98.8647,125.1259,79.9585,14.8568,120,74.35,75.58,73.24,0.7,120,3.4269,3.43,3.4236,0.001,0.5782,0.582,0.5764,0.0015,0.7349,0.7477,0.723,0.0074,-0.0001,-0.0001,-0.0002,0,0.0014,0.0018,0.0012,0.0002,0.0009,0.0012,0.0008,0.0001,0.0989,0.1251,0.08,0.0149,263.925,626,27,148.9582,0,0,0,0,287.6167,1002,9,160.0477,41,46.6,49,41,23.68,23.68,23.68
2022-11-05 16:10:00,2.0515,4.304,0.5872,0.9288,120,91.0966,58.046,120,74.3052,74.7398,73.3665,0.3362,120,27.9413,28.1042,27.7868,0.1061,120,1005.7294,1005.8168,1005.5971,0.0821,120,90.5423,124.9575,69.4472,20.2287,120,141.1192,253.527,72.5414,60.0049,120,210.202,497.1673,20.6542,186.217,120,120,0,109.0503,194.0977,59.2059,43.2788,120,76.75,77.92,75.58,0.7,120,3.4288,3.4303,3.4266,0.0014,0.5794,0.581,0.5779,0.0011,0.7431,0.7474,0.7337,0.0034,-0.0013,-0.0001,-0.0031,0.0012,0.0011,0.0016,0.0009,0.0003,0.0012,0.0021,0.0006,0.0005,0.1091,0.1941,0.0592,0.0433,200.1667,445,41,100.9585,0,0,0,0,332.1333,1011,10,212.5505,41,46.7,49,41,23.68,23.68,23.68
2022-11-05 16:20:00,2.2698,5.0768,0.5228,0.9607,120,79.467,41.6718,120,73.6902,74.0989,73.2139,0.2225,120,27.9627,28.0615,27.9241,0.028,120,1005.857,1005.9999,1005.5971,0.0997,120,85.3777,100.6874,78.5795,6.7559,120,169.76,193.8091,135.5558,18.4834,120,415.6626,475.0387,262.1076,59.9488,120,120,0,119.2002,141.3007,99.4903,13.7122,120,79.15,80.26,77.92,0.7,120,3.4309,3.4333,3.4266,0.0017,0.5796,0.5806,0.5792,0.0003,0.7369,0.741,0.7321,0.0022,-0.0026,-0.0016,-0.0029,0.0004,0.0011,0.0013,0.001,0.0001,0.0014,0.0016,0.0011,0.0002,0.1192,0.1413,0.0995,0.0137,223.8917,529,34,104.4269,0,0,0,0,281.5833,1012,37,192.9335,41,46.55,49,39,23.68,23.68,23.63
2022-11-05 16:30:00,2.2232,4.5156,0.3664,0.9955,120,84.0683,52.2816,120,73.2983,73.7632,72.7256,0.2395,120,28.0189,28.0676,27.8784,0.0467,120,1005.9902,1006.1831,1005.7802,0.0806,120,69.4757,87.9512,54.0685,9.6098,120,83.4833,144.7155,64.114,17.5249,120,105.1665,322.1012,24.096,98.2114,120,120,0,67.334,104.9837,51.5763,11.1996,120,81.55,82.86,80.26,0.7,120,3.4332,3.4364,3.4297,0.0013,0.5802,0.5807,0.5788,0.0005,0.733,0.7376,0.7273,0.0024,-0.0007,-0.0001,-0.002,0.0006,0.0009,0.0011,0.0007,0.0001,0.0007,0.0012,0.0005,0.0001,0.0673,0.105,0.0516,0.0112,218.825,468,17,108.2107,0,0,0,0,292.175,986,42,186.0139,41,46.45,49,41,23.68,23.73,23.63
2022-11-05 16:40:00,2.179,4.4144,0.3388,0.9261,120,77.5827,47.6189,120,73.6061,74.1295,73.0308,0.2883,120,27.7013,27.8906,27.5549,0.0801,120,1006.1554,1006.3478,1005.9633,0.0735,120,40.5031,54.5488,27.1543,6.5212,120,41.2592,61.5498,27.4778,7.111,120,22.9977,64.9114,16.2278,8.095,120,120,0,38.0311,50.9659,25.3304,5.715,120,83.95,85.19,82.86,0.7,120,3.4359,3.4391,3.4327,0.0012,0.577,0.5789,0.5756,0.0008,0.7361,0.7413,0.7303,0.0029,-0.0001,-0.0001,-0.0004,0.0001,0.0005,0.0007,0.0003,0.0001,0.0003,0.0005,0.0002,0.0001,0.038,0.051,0.0253,0.0057,214.025,457,14,100.661,0,0,0,0,268.8833,961,4,186.1122,41,46.4667,49,41,23.68,23.68,23.63
2022-11-05 16:50:00,2.1005,4.5708,0,0.9877,120,85.0728,48.4371,120,74.5287,75.1671,73.9158,0.3583,120,27.4797,27.5762,27.4114,0.0381,120,1006.3297,1006.5127,1006.1464,0.0552,120,24.7092,34.8441,12.2551,6.9075,120,24.91,35.1717,12.4562,7.2688,120,21.3996,34.9146,13.7689,6.0756,120,120,0,23.1356,32.6548,12.2074,6.3508,120,86.34,87.52,85.19,0.7,120,3.4388,3.4419,3.4358,0.0009,0.5748,0.5758,0.5741,0.0004,0.7453,0.7517,0.7392,0.0036,-0.0001,-0.0001,-0.0002,0,0.0003,0.0004,0.0002,0.0001,0.0002,0.0003,0.0001,0.0001,0.0231,0.0327,0.0122,0.0064,205.6833,474,0,106.9722,0,0,0,0,287.9167,1020,67,179.1422,41,46.3167,47,41,23.68,23.68,23.68
2022-11-05 17:00:00,2.3683,5.6196,0.7436,1.0381,120,82.0253,35.7213,120,75.2612,75.8385,74.6483,0.3132,120,27.3125,27.4694,27.1642,0.0846,120,1006.3587,1006.5493,1006.3112,0.0541,120,8.2905,12.7362,4.8063,2.1945,120,8.1426,12.4562,4.3962,2.2766,120,14.0106,14.7535,13.7689,0.2549,120,120,0,8.1535,11.9022,4.883,1.9909,120,88.73,89.85,87.52,0.7,120,3.4393,3.4425,3.4385,0.0009,0.5731,0.5747,0.5716,0.0008,0.7526,0.7584,0.7465,0.0031,-0.0001,-0.0001,-0.0001,0,0.0001,0.0002,0.0001,0,0.0001,0.0001,0,0,0.0082,0.0119,0.0049,0.002,234.6,588,58,112.8329,0,0,0,0,258.6667,943,42,139.7094,41,46.45,49,41,23.68,23.68,23.68
2022-11-05 17:10:00,1.7255,5.0676,0.4308,0.8289,120,84.1887,55.8301,120,76.1533,76.4489,75.6859,0.196,120,27.1689,27.2191,27.1215,0.0218,120,1006.3627,1006.5493,1006.3295,0.0652,120,2.1467,4.8063,0.2402,1.3489,120,2.0516,4.3962,0,1.3572,120,13.814,14.2604,13.2775,0.1685,120,120,0,2.9425,5.1882,1.2207,1.1411,120,89.85,89.85,89.85,0,3,3.4394,3.4425,3.4388,0.0011,0.5717,0.5722,0.5712,0.0002,0.7615,0.7645,0.7569,0.002,-0.0001,-0.0001,-0.0001,0,0,0.0001,0,0,0,0,0,0,0.0029,0.0052,0.0012,0.0011,164.725,528,24,90.1014,0,0,0,0,302.7917,1007,8,204.1542,41,46.5167,47,41,23.68,23.73,23.63
2022-11-05 17:20:00,2.1801,4.0556,0.762,0.8022,120,93.1652,45.999,120,76.499,76.8151,76.2963,0.121,120,27.111,27.2191,26.9842,0.057,120,1006.3536,1006.531,1006.1464,0.0651,120,0.02,0.4803,0,0.0736,120,0.0092,0.3661,0,0.0574,120,13.8549,14.2604,13.2775,0.2267,120,120,0,0.1882,1.2207,0,0.3431,120,None,None,None,None,0,3.4392,3.4422,3.4358,0.0011,0.5711,0.5722,0.5698,0.0006,0.765,0.7682,0.763,0.0012,-0.0001,-0.0001,-0.0001,0,0,0,0,0,0,0,0,0,0.0002,0.0012,0,0.0003,214.1417,418,60,87.1918,0,0,0,0,310.8083,986,19,181.6601,41,46.5667,47,41,23.68,23.73,23.63
2022-11-05 17:30:00,1.9129,4.2212,0.5044,0.7484,120,88.4194,43.3186,120,77.0539,77.3644,76.693,0.1822,120,26.9533,27.036,26.8834,0.0327,120,1006.5003,1006.7324,1006.3112,0.0715,120,0,0,0,0,120,0,0,0,0,120,13.8508,14.2604,13.2775,0.1946,120,120,0,0,0,0,0,120,None,None,None,None,0,3.4417,3.4455,3.4385,0.0012,0.5695,0.5704,0.5688,0.0003,0.7705,0.7736,0.7669,0.0018,-0.0001,-0.0001,-0.0001,0,0,0,0,0,0,0,0,0,0,0,0,0,185.1,436,32,81.3431,0,0,0,0,300.125,1021,74,187.3115,40,46.5167,47,41,23.68,23.68,23.63
2022-11-05 17:40:00,2.282,4.6996,0.5964,0.9399,120,93.1651,43.4956,120,77.4537,77.7001,77.2118,0.141,120,26.9148,26.9658,26.856,0.0228,120,1006.6535,1006.8789,1006.5127,0.0924,120,0,0,0,0,120,0,0,0,0,120,13.9287,14.2604,13.7689,0.2312,120,120,0,0,0,0,0,120,None,None,None,None,0,3.4442,3.448,3.4419,0.0015,0.5692,0.5697,0.5686,0.0002,0.7745,0.777,0.7721,0.0014,-0.0001,-0.0001,-0.0001,0,0,0,0,0,0,0,0,0,0,0,0,0,225.2167,488,42,102.1596,0,0,0,0,282.675,783,14,134.3191,40,46.3167,49,41,23.68,23.68,23.68
2022-11-05 17:50:00,2.105,5.5276,0.7436,0.9382,120,84.9651,40.4909,120,77.7434,78.0663,77.4865,0.1369,120,26.8797,26.9597,26.795,0.0367,120,1006.8386,1007.1169,1006.6958,0.0927,120,0,0,0,0,120,0,0,0,0,120,13.9573,14.2604,13.7689,0.2399,120,120,0,0,0,0,0,120,None,None,None,None,0,3.4473,3.4519,3.4449,0.0015,0.5688,0.5696,0.5679,0.0004,0.7774,0.7807,0.7749,0.0014,-0.0001,-0.0001,-0.0001,0,0,0,0,0,0,0,0,0,0,0,0,0,205.9833,578,58,101.9799,0,0,0,0,265.5583,920,47,141.0683,40,46.3333,47,41,23.68,23.68,23.68
2022-11-05 18:00:00,2.0363,4.7088,0.5412,0.8659,120,92.8924,38.0398,120,78.0933,78.2495,77.9138,0.0775,120,26.8894,26.9536,26.8194,0.0274,120,1006.9974,1007.2634,1006.6958,0.1086,120,0,0,0,0,120,0,0,0,0,120,13.9778,14.2604,13.2775,0.2522,120,120,0,0,0,0,0,120,None,None,None,None,0,3.45,3.4544,3.4449,0.0018,0.5689,0.5695,0.5682,0.0003,0.7809,0.7825,0.7791,0.0008,-0.0001,-0.0001,-0.0001,0,0,0,0,0,0,0,0,0,0,0,0,0,198.5083,489,36,94.1203,0,0,0,0,289.1917,977,43,147.5503,39.8,42.15,49,39,23.68,23.68,23.68
2022-11-05 18:10:00,1.9371,4.0096,0.5136,0.8036,120,93.3127,38.757,120,78.414,78.7683,78.0969,0.1794,120,26.8632,26.9201,26.8041,0.0233,120,1007.1966,1007.3,1007.062,0.0932,120,0,0,0,0,120,0,0,0,0,120,13.9491,14.2604,13.7689,0.2378,120,120,0,0,0,0,0,120,None,None,None,None,0,3.4533,3.455,3.451,0.0016,0.5686,0.5692,0.568,0.0002,0.7841,0.7877,0.781,0.0018,-0.0001,-0.0001,-0.0001,0,0,0,0,0,0,0,0,0,0,0,0,0,187.7333,413,33,87.3432,0,0,0,0,267.9083,578,9,111.3854,39,41.5333,47,39,23.68,23.73,23.63
2022-11-05 18:20:00,1.9021,4.4052,0.5044,0.8728,120,90.5372,48.2829,120,78.7645,79.0429,78.4936,0.1156,120,26.8465,26.9201,26.7461,0.0411,120,1007.2532,1007.4465,1007.0803,0.081,120,0,0,0,0,120,0,0,0,0,120,13.9573,14.2604,13.2775,0.2483,120,120,0,0,0,0,0,120,None,None,None,None,0,3.4542,3.4574,3.4513,0.0013,0.5685,0.5692,0.5675,0.0004,0.7876,0.7904,0.7849,0.0012,-0.0001,-0.0001,-0.0001,0,0,0,0,0,0,0,0,0,0,0,0,0,183.925,456,32,94.8706,0,0,0,0,319.475,1015,76,190.9065,39,41.65,47,39,23.68,23.68,23.63
2022-11-05 18:30:00,1.8777,4.0556,0.486,0.7234,120,93.441,37.7345,120,79.2093,79.5007,78.8903,0.1447,120,26.808,26.8865,26.7522,0.0249,120,1007.3392,1007.4465,1007.2451,0.0818,120,0,0,0,0,120,0,0,0,0,120,14.0065,14.2604,13.7689,0.2466,120,120,0,0,0,0,0,120,None,None,None,None,0,3.4557,3.4574,3.4541,0.0014,0.5681,0.5689,0.5675,0.0003,0.7921,0.795,0.7889,0.0014,-0.0001,-0.0001,-0.0001,0,0,0,0,0,0,0,0,0,0,0,0,0,181.275,418,30,78.6315,0,0,0,0,271.4417,668,32,110.8447,39,41.6,47,39,23.68,23.68,23.68
2022-11-05 18:40:00,2.0806,4.7548,0.4676,0.9703,120,100.611,36.0655,120,79.4575,79.6533,79.1955,0.1009,120,26.8526,26.9414,26.7705,0.0459,120,1007.4732,1007.6296,1007.2634,0.0927,120,0,0,0,0,120,0,0,0,0,120,14.0392,14.2604,13.7689,0.2455,120,120,0,0,0,0,0,120,None,None,None,None,0,3.4579,3.4605,3.4544,0.0015,0.5685,0.5694,0.5677,0.0005,0.7946,0.7965,0.792,0.001,-0.0001,-0.0001,-0.0001,0,0,0,0,0,0,0,0,0,0,0,0,0,203.325,494,28,105.4723,0,0,0,0,294.6417,886,0,114.1186,39,41.55,47,39,23.68,23.68,23.68
2022-11-05 18:50:00,2.1023,4.764,0.44,0.8566,120,97.1088,41.4689,120,79.7601,79.928,79.6228,0.0618,120,26.794,26.859,26.7461,0.0252,120,1007.5703,1007.6296,1007.4099,0.072,120,0,0,0,0,120,0,0,0,0,120,14.0433,14.2604,13.7689,0.2451,120,120,0,0,0,0,0,120,None,None,None,None,0,3.4595,3.4605,3.4568,0.0012,0.5679,0.5686,0.5675,0.0003,0.7976,0.7993,0.7962,0.0006,-0.0001,-0.0001,-0.0001,0,0,0,0,0,0,0,0,0,0,0,0,0,205.6833,495,25,93.1128,0,0,0,0,310.3917,988,22,159.4139,38.5,41.4833,47,39,23.68,23.68,23.68
2022-11-05 19:00:00,2.4905,5.1688,0.7252,0.8894,120,99.3206,33.6976,120,79.8715,80.1416,79.6533,0.1265,120,26.6926,26.8133,26.621,0.0462,120,1007.7021,1007.8127,1007.593,0.0927,120,0,0,0,0,120,0,0,0,0,120,14.0024,14.2604,13.2775,0.2546,120,120,0,0,0,0,0,120,None,None,None,None,0,3.4617,3.4635,3.4599,0.0015,0.5669,0.5681,0.5662,0.0005,0.7987,0.8014,0.7965,0.0013,-0.0001,-0.0001,-0.0001,0,0,0,0,0,0,0,0,0,0,0,0,0,247.875,539,56,96.6792,0,0,0,0,308.225,994,76,136.7054,38,41.4833,47,39,23.68,23.68,23.63
2022-11-05 19:10:00,2.476,4.5984,0.7896,0.7997,120,96.2237,23.2375,120,79.9984,80.1416,79.8364,0.0593,120,26.6544,26.7064,26.5752,0.0243,120,1007.7668,1007.9592,1007.593,0.0674,120,0,0,0,0,120,0,0,0,0,120,14.0433,14.2604,13.7689,0.2451,120,120,0,0,0,0,0,120,None,None,None,None,0,3.4628,3.466,3.4599,0.0011,0.5665,0.5671,0.5657,0.0002,0.8,0.8014,0.7984,0.0006,-0.0001,-0.0001,-0.0001,0,0,0,0,0,0,0,0,0,0,0,0,0,246.3083,477,63,86.9222,0,0,0,0,280.7917,1013,116,91.9073,38,41.6333,47,39,23.68,23.68,23.68
2022-11-05 19:20:00,1.9859,4.3132,0.4676,0.8913,120,99.5185,48.6287,120,80.0663,80.2026,79.8669,0.0731,120,26.6489,26.7095,26.5813,0.0257,120,1007.8356,1007.9775,1007.7578,0.0891,120,0,0,0,0,120,0,0,0,0,120,14.031,14.2604,13.7689,0.2462,120,120,0,0,0,0,0,120,None,None,None,None,0,3.4639,3.4663,3.4626,0.0015,0.5665,0.5671,0.5658,0.0003,0.8007,0.802,0.7987,0.0007,-0.0001,-0.0001,-0.0001,0,0,0,0,0,0,0,0,0,0,0,0,0,193.0333,446,28,96.8856,0,0,0,0,315.8917,1011,69,166.6956,38,41.6667,47,41,23.68,23.68,23.63
2022-11-05 19:30:00,2.5299,5.454,0.4676,1.0876,120,97.7134,36.7001,120,79.9875,80.1416,79.8364,0.0808,120,26.6667,26.7309,26.6088,0.0284,120,1007.981,1008.179,1007.7578,0.0835,120,0,0,0,0,120,0,0,0,0,120,14.0638,14.2604,13.7689,0.2418,120,120,0,0,0,0,0,120,None,None,None,None,0,3.4664,3.4696,3.4626,0.0014,0.5667,0.5673,0.5661,0.0003,0.7999,0.8014,0.7984,0.0008,-0.0001,-0.0001,-0.0001,0,0,0,0,0,0,0,0,0,0,0,0,0,252.1667,570,28,118.2164,0,0,0,0,297.075,1004,26,133.1705,38,41.4333,47,39,23.68,23.68,23.63
2022-11-05 19:40:00,3.084,5.6748,0.7344,1.1571,120,103.3126,26.1085,120,79.9181,80.05,79.8059,0.0563,120,26.6439,26.7034,26.5966,0.0222,120,1008.0866,1008.179,1007.9409,0.0897,120,0,0,0,0,120,0,0,0,0,120,14.0106,14.2604,13.2775,0.2548,120,120,0,0,0,0,0,120,None,None,None,None,0,3.4681,3.4696,3.4657,0.0015,0.5664,0.567,0.566,0.0002,0.7992,0.8005,0.7981,0.0006,-0.0001,-0.0001,-0.0001,0,0,0,0,0,0,0,0,0,0,0,0,0,312.3917,594,57,125.7703,0,0,0,0,295.8917,686,82,78.2591,38,41.6167,47,39,23.68,23.68,23.68
2022-11-05 19:50:00,2.2785,4.9664,0.486,1.0904,120,107.6994,35.5793,120,79.9509,80.05,79.8059,0.0499,120,26.6173,26.6729,26.563,0.0239,120,1008.1681,1008.3438,1007.9409,0.0787,120,0,0,0,0,120,0,0,0,0,120,13.9041,14.2604,13.7689,0.2204,120,120,0,0,0,0,0,120,None,None,None,None,0,3.4695,3.4724,3.4657,0.0013,0.5662,0.5667,0.5656,0.0002,0.7995,0.8005,0.7981,0.0005,-0.0001,-0.0001,-0.0001,0,0,0,0,0,0,0,0,0,0,0,0,0,224.8417,517,30,118.5191,0,0,0,0,314.875,803,120,107.5775,38,41.5333,47,39,23.68,23.68,23.63
2022-11-05 20:00:00,2.2546,5.1228,0.624,0.9063,120,95.1641,41.7424,120,80.0679,80.2026,79.928,0.0645,120,26.622,26.6729,26.5661,0.0237,120,1008.2611,1008.5086,1008.124,0.1032,120,0,0,0,0,120,0,0,0,0,120,14.0188,14.2604,13.7689,0.2467,120,120,0,0,0,0,0,120,None,None,None,None,0,3.471,3.4751,3.4687,0.0017,0.5662,0.5667,0.5657,0.0002,0.8007,0.802,0.7993,0.0006,-0.0001,-0.0001,-0.0001,0,0,0,0,0,0,0,0,0,0,0,0,0,222.2417,534,45,98.5138,0,0,0,0,298.6917,1013,53,150.2543,37.6,44.9,49,39,23.68,23.68,23.68
2022-11-05 20:10:00,2.1606,4.0556,0.5504,0.8382,120,98.7618,32.5675,120,80.2355,80.3858,80.0195,0.0854,120,26.5901,26.6546,26.5355,0.023,120,1008.3848,1008.5269,1008.1423,0.0841,120,0,0,0,0,120,0,0,0,0,120,14.0433,14.2604,13.7689,0.2451,120,120,0,0,0,0,0,120,None,None,None,None,0,3.4731,3.4754,3.469,0.0014,0.5659,0.5665,0.5654,0.0002,0.8024,0.8039,0.8002,0.0009,-0.0001,-0.0001,-0.0001,0,0,0,0,0,0,0,0,0,0,0,0,0,212.0167,418,37,91.1052,0,0,0,0,284.9667,657,51,96.6115,38,46.5667,49,41,23.68,23.68,23.63
2022-11-05 20:20:00,2.1218,4.4512,0.3756,1.0391,120,96.78,40.8226,120,80.4539,80.5994,80.2637,0.0892,120,26.5759,26.6424,26.5172,0.0251,120,1008.4481,1008.5269,1008.3071,0.085,120,0,0,0,0,120,0,0,0,0,120,14.0433,14.2604,13.7689,0.2451,120,120,0,0,0,0,0,120,None,None,None,None,0,3.4741,3.4754,3.4718,0.0014,0.5658,0.5664,0.5652,0.0003,0.8045,0.806,0.8026,0.0009,-0.0001,-0.0001,-0.0001,0,0,0,0,0,0,0,0,0,0,0,0,0,207.8083,461,18,112.942,0,0,0,0,300.1,957,7,146.0371,38,46.2667,49,39,23.68,23.68,23.63
2022-11-05 20:30:00,2.5178,4.6628,0.8448,0.8221,120,95.5024,29.1451,120,80.5483,80.6909,80.4163,0.0591,120,26.5939,26.6485,26.5355,0.0228,120,1008.4912,1008.6734,1008.3071,0.0547,120,0,0,0,0,120,0,0,0,0,120,14.0229,14.2604,13.7689,0.2466,120,120,0,0,0,0,0,120,None,None,None,None,0,3.4749,3.4779,3.4718,0.0009,0.5659,0.5665,0.5654,0.0002,0.8055,0.8069,0.8042,0.0006,-0.0001,-0.0001,-0.0001,0,0,0,0,0,0,0,0,0,0,0,0,0,250.85,484,69,89.3636,0,0,0,0,276.925,809,27,93.9073,38,46.35,49,39,23.68,23.68,23.63
2022-11-05 20:40:00,2.728,5.7024,0.5044,1.1422,120,102.3778,38.2123,120,80.6124,80.7215,80.4773,0.0503,120,26.5564,26.624,26.4898,0.0272,120,1008.4956,1008.6917,1008.3254,0.055,120,0,0,0,0,120,0,0,0,0,120,13.9901,14.2604,13.7689,0.2455,120,120,0,0,0,0,0,120,None,None,None,None,0,3.4749,3.4782,3.4721,0.0009,0.5656,0.5662,0.5649,0.0003,0.8061,0.8072,0.8048,0.0005,-0.0001,-0.0001,-0.0001,0,0,0,0,0,0,0,0,0,0,0,0,0,273.6917,597,32,124.1499,0,0,0,0,326.9,991,54,153.1721,38,46.4,47,39,23.68,23.68,23.63
2022-11-05 20:50:00,2.2152,3.66,0.8264,0.6573,120,100.5343,28.5072,120,80.7212,80.813,80.5994,0.0476,120,26.5529,26.6118,26.4959,0.0265,120,1008.5087,1008.6917,1008.3254,0.0454,120,0,0,0,0,120,0,0,0,0,120,13.9328,14.2604,13.2775,0.2495,120,120,0,0,0,0,0,120,None,None,None,None,0,3.4751,3.4782,3.4721,0.0008,0.5655,0.5661,0.565,0.0003,0.8072,0.8081,0.806,0.0005,-0.0001,-0.0001,-0.0001,0,0,0,0,0,0,0,0,0,0,0,0,0,217.9583,375,67,71.4433,0,0,0,0,289.9583,826,56,90.9548,38,46.6,47,41,23.68,23.68,23.63
2022-11-05 21:00:00,1.8407,4.4788,0.6148,0.7205,120,103.3155,41.2512,120,80.8056,80.9656,80.6299,0.0657,120,26.5864,26.6454,26.5203,0.0238,120,1008.511,1008.71,1008.4902,0.0426,120,0,0,0,0,120,0,0,0,0,120,13.9655,14.2604,13.7689,0.2418,120,120,0,0,0,0,0,120,None,None,None,None,0,3.4752,3.4785,3.4748,0.0007,0.5659,0.5665,0.5652,0.0002,0.8081,0.8097,0.8063,0.0007,-0.0001,-0.0001,-0.0001,0,0,0,0,0,0,0,0,0,0,0,0,0,177.25,464,44,78.3176,0,0,0,0,318.3,953,51,141.8012,38,46.6333,49,41,23.68,23.68,23.63
2022-11-05 21:10:00,2.0122,4.1292,0.6516,0.8181,120,106.5041,36.5346,120,80.855,80.9656,80.7215,0.0664,120,26.6039,26.6759,26.5081,0.0361,120,1008.5955,1008.71,1008.4719,0.0964,120,0,0,0,0,120,0,0,0,0,120,13.986,14.2604,13.7689,0.2451,120,120,0,0,0,0,0,120,None,None,None,None,0,3.4766,3.4785,3.4745,0.0016,0.566,0.5668,0.5651,0.0004,0.8085,0.8097,0.8072,0.0007,-0.0001,-0.0001,-0.0001,0,0,0,0,0,0,0,0,0,0,0,0,0,195.8917,426,48,88.9218,0,0,0,0,305.2583,640,65,105.0568,37.4,46.3667,49,41,23.68,23.68,23.63
2022-11-05 21:20:00,1.9828,4.1936,0.7344,0.6911,120,110.5921,39.6638,120,81.1482,81.3318,80.8435,0.1365,120,26.5131,26.5752,26.4562,0.0243,120,1008.5661,1008.71,1008.4902,0.0927,120,0,0,0,0,120,0,0,0,0,120,14.0147,14.2604,13.7689,0.2468,120,120,0,0,0,0,0,120,None,None,None,None,0,3.4761,3.4785,3.4748,0.0015,0.5651,0.5657,0.5646,0.0002,0.8115,0.8133,0.8084,0.0014,-0.0001,-0.0001,-0.0001,0,0,0,0,0,0,0,0,0,0,0,0,0,192.7,433,57,75.1151,0,0,0,0,335.6333,1006,41,142.3536,37,46.4333,49,41,23.68,23.68,23.63
2022-11-05 21:30:00,2.6654,4.074,1.038,0.7253,120,100.2519,23.6715,120,81.3735,81.5455,81.2403,0.0745,120,26.5323,26.5874,26.4745,0.0246,120,1008.5809,1008.71,1008.4719,0.0992,120,0,0,0,0,120,0,0,0,0,120,14.0147,14.2604,13.7689,0.2468,120,120,0,0,0,0,0,120,None,None,None,None,0,3.4763,3.4785,3.4745,0.0017,0.5653,0.5659,0.5647,0.0003,0.8137,0.8155,0.8124,0.0007,-0.0001,-0.0001,-0.0001,0,0,0,0,0,0,0,0,0,0,0,0,0,266.8917,420,90,78.832,0,0,0,0,287.0583,681,92,71.6073,37,46.5,47,39,23.68,23.68,23.63
2022-11-05 21:40:00,2.664,4.8928,0.6792,1.028,120,97.6533,29.0649,120,81.4704,81.698,81.1182,0.1356,120,26.4185,26.5172,26.3585,0.03,120,1008.5069,1008.71,1008.3071,0.0727,120,0,0,0,0,120,0,0,0,0,120,13.8549,14.2604,13.2775,0.2176,120,120,0,0,0,0,0,120,None,None,None,None,0,3.4751,3.4785,3.4718,0.0012,0.5642,0.5652,0.5636,0.0003,0.8147,0.817,0.8112,0.0014,-0.0001,-0.0001,-0.0001,0,0,0,0,0,0,0,0,0,0,0,0,0,266.7417,509,51,111.7343,0,0,0,0,283.0333,767,94,90.2426,37,46.3667,49,41,23.68,23.68,23.63
2022-11-05 21:50:00,2.5844,4.5064,0.9184,0.8158,120,101.1391,27.3432,120,81.5851,81.698,81.4234,0.0773,120,26.3587,26.4104,26.3036,0.0227,120,1008.4977,1008.6917,1008.3254,0.0261,120,0,0,0,0,120,0,0,0,0,120,13.9082,14.2604,13.2775,0.2399,120,120,0,0,0,0,0,120,None,None,None,None,0,3.475,3.4782,3.4721,0.0004,0.5636,0.5641,0.563,0.0002,0.8159,0.817,0.8142,0.0008,-0.0001,-0.0001,-0.0001,0,0,0,0,0,0,0,0,0,0,0,0,0,258.0917,467,77,88.6761,0,0,0,0,297.225,989,134,99.206,37,46.5333,49,41,23.68,23.68,23.63
2022-11-05 22:00:00,2.4153,4.5616,0.7896,0.7637,120,102.5705,29.3285,120,81.6584,81.7591,81.5149,0.0526,120,26.3614,26.4226,26.2914,0.0248,120,1008.4036,1008.5269,1008.3071,0.0904,120,0,0,0,0,120,0,0,0,0,120,13.9287,14.2604,13.2775,0.2398,120,120,0,0,0,0,0,120,None,None,None,None,0,3.4734,3.4754,3.4718,0.0015,0.5636,0.5642,0.5629,0.0003,0.8166,0.8176,0.8151,0.0005,-0.0001,-0.0001,-0.0001,0,0,0,0,0,0,0,0,0,0,0,0,0,239.7083,473,63,83.0089,0,0,0,0,302.8,1007,122,105.0724,37,46.3333,49,41,23.68,23.68,23.63
2022-11-05 22:10:00,2.3983,5.3988,0.762,0.9016,120,103.1535,27.6028,120,81.785,81.8812,81.6675,0.0552,120,26.3488,26.4135,26.2822,0.0245,120,1008.3406,1008.5086,1008.2888,0.0649,120,0,0,0,0,120,0,0,0,0,120,13.9368,14.2604,13.7689,0.2341,120,120,0,0,0,0,0,120,None,None,None,None,0,3.4723,3.4751,3.4715,0.0011,0.5635,0.5641,0.5628,0.0002,0.8179,0.8188,0.8167,0.0006,-0.0001,-0.0001,-0.0001,0,0,0,0,0,0,0,0,0,0,0,0,0,237.8583,564,60,97.9997,0,0,0,0,297.8167,664,75,84.0984,37,46.3833,47,41,23.68,23.68,23.63
2022-11-05 22:20:00,1.9594,3.8716,0.7988,0.6887,120,98.7428,29.716,120,81.8695,82.0032,81.7591,0.0567,120,26.3832,26.4409,26.3219,0.0249,120,1008.2737,1008.4902,1008.124,0.0785,120,0,0,0,0,120,0,0,0,0,120,14.0188,14.2604,13.2775,0.2548,120,120,0,0,0,0,0,120,None,None,None,None,0,3.4712,3.4748,3.4687,0.0013,0.5638,0.5644,0.5632,0.0003,0.8187,0.82,0.8176,0.0006,-0.0001,-0.0001,-0.0001,0,0,0,0,0,0,0,0,0,0,0,0,0,190.15,398,64,74.8538,0,0,0,0,281.2583,583,0,87.4527,37,46.2667,47,41,23.68,23.68,23.63
2022-11-05 22:30:00,2.1146,4.3224,0.6608,0.7638,120,96.7582,30.1779,120,81.914,82.0338,81.698,0.0859,120,26.3995,26.4592,26.3311,0.0261,120,1008.1332,1008.3254,1008.1057,0.045,120,0,0,0,0,120,0,0,0,0,120,13.9164,14.2604,13.2775,0.2516,120,120,0,0,0,0,0,120,None,None,None,None,0,3.4689,3.4721,3.4684,0.0007,0.564,0.5646,0.5633,0.0003,0.8191,0.8203,0.817,0.0009,-0.0001,-0.0001,-0.0001,0,0,0,0,0,0,0,0,0,0,0,0,0,207.0167,447,49,83.0169,0,0,0,0,295.2417,992,85,126.327,37,46.4667,49,41,23.67,23.68,23.63
2022-11-05 22:40:00,1.857,4.5524,0.4952,0.7827,120,102.8347,37.7915,120,81.8428,81.9727,81.6065,0.0853,120,26.3001,26.3646,26.2334,0.0253,120,1008.0378,1008.1423,1007.9226,0.0971,120,0,0,0,0,120,0,0,0,0,120,13.8058,14.2604,13.2775,0.1929,120,120,0,0,0,0,0,120,None,None,None,None,0,3.4673,3.469,3.4654,0.0016,0.563,0.5636,0.5623,0.0003,0.8184,0.8197,0.8161,0.0009,-0.0001,-0.0001,-0.0001,0,0,0,0,0,0,0,0,0,0,0,0,0,179.0167,472,31,85.0792,0,0,0,0,304.5167,956,22,126.9943,37,46.1667,47,41,23.68,23.68,23.63
2022-11-05 22:50:00,2.1926,4.6812,0.4768,1.0196,120,95.8342,42.1504,120,81.7977,81.9117,81.6675,0.0518,120,26.2744,26.3463,26.2212,0.0284,120,1007.9295,1008.124,1007.7395,0.0496,120,0,0,0,0,120,0,0,0,0,120,13.8713,14.2604,13.2775,0.2288,120,120,0,0,0,0,0,120,None,None,None,None,0,3.4655,3.4687,3.4623,0.0008,0.5627,0.5635,0.5622,0.0003,0.818,0.8191,0.8167,0.0005,-0.0001,-0.0001,-0.0001,0,0,0,0,0,0,0,0,0,0,0,0,0,215.5,486,29,110.8265,0,0,0,0,302.0083,984,15,159.0836,37,46.3,49,41,23.67,23.68,23.63
2022-11-05 23:00:00,1.8921,4.166,0.4492,0.8076,120,98.2834,37.4336,120,81.8707,82.0032,81.7591,0.0571,120,26.3206,26.3921,26.2334,0.0305,120,1007.844,1007.9592,1007.7212,0.0908,120,0,0,0,0,120,0,0,0,0,120,13.8427,14.2604,13.2775,0.2175,120,120,0,0,0,0,0,120,None,None,None,None,0,3.4641,3.466,3.462,0.0015,0.5632,0.5639,0.5623,0.0003,0.8187,0.82,0.8176,0.0006,-0.0001,-0.0001,-0.0001,0,0,0,0,0,0,0,0,0,0,0,0,0,182.8417,430,26,87.7789,0,0,0,0,298.575,1014,17,139.7837,37,46.4167,47,39,23.67,23.68,23.63
2022-11-05 23:10:00,1.6887,3.7152,0.4492,0.6969,120,104.6704,35.6628,120,81.913,82.1253,81.698,0.1026,120,26.296,26.3677,26.2182,0.0331,120,1007.7371,1007.9409,1007.5381,0.0713,120,0,0,0,0,120,0,0,0,0,120,13.9123,14.2604,13.2775,0.2332,120,120,0,0,0,0,0,120,None,None,None,None,0,3.4623,3.4657,3.459,0.0012,0.563,0.5637,0.5622,0.0003,0.8191,0.8213,0.817,0.001,-0.0001,-0.0001,-0.0001,0,0,0,0,0,0,0,0,0,0,0,0,0,160.725,381,26,75.751,0,0,0,0,309.5833,1015,83,119.6568,36.3,46.3667,49,41,23.67,23.68,23.63
2022-11-05 23:20:00,2.081,4.1752,0.6056,0.7126,120,94.8847,39.5272,120,82.2128,82.3695,82.0948,0.0841,120,26.3272,26.4104,26.2456,0.0378,120,1007.5945,1007.7761,1007.5381,0.0779,120,0,0,0,0,120,0,0,0,0,120,13.9614,14.2604,13.2775,0.2492,120,120,0,0,0,0,0,120,None,None,None,None,0,3.4599,3.4629,3.459,0.0013,0.5633,0.5641,0.5625,0.0004,0.8221,0.8237,0.8209,0.0008,-0.0001,-0.0001,-0.0001,0,0,0,0,0,0,0,0,0,0,0,0,0,203.3667,431,43,77.4589,0,0,0,0,282.3417,850,59,124.3125,36,46.2167,49,39,23.67,23.68,23.63
2022-11-05 23:30:00,2.2565,4.2028,0.486,0.8364,120,96.1091,31.4853,120,82.0701,82.2169,81.7896,0.0937,120,26.2897,26.3799,26.1968,0.0359,120,1007.5483,1007.7578,1007.3916,0.0527,120,0,0,0,0,120,0,0,0,0,120,13.8099,14.2604,13.2775,0.2433,120,120,0,0,0,0,0,120,None,None,None,None,0,3.4591,3.4626,3.4565,0.0009,0.5629,0.5638,0.562,0.0004,0.8207,0.8222,0.8179,0.0009,-0.0001,-0.0001,-0.0001,0,0,0,0,0,0,0,0,0,0,0,0,0,222.4417,434,30,90.9164,0,0,0,0,279.9333,715,102,96.2575,36,46.5,47,41,23.67,23.68,23.63
2022-11-05 23:40:00,1.571,3.5956,0.3664,0.6702,120,95.5193,29.3521,120,82.0867,82.1863,81.9422,0.0559,120,26.1907,26.2548,26.1358,0.0229,120,1007.4184,1007.5564,1007.3733,0.0598,120,0,0,0,0,120,0,0,0,0,120,13.7894,14.2604,13.2775,0.2054,120,120,0,0,0,0,0,120,None,None,None,None,0,3.457,3.4593,3.4562,0.001,0.5619,0.5625,0.5614,0.0002,0.8209,0.8219,0.8194,0.0006,-0.0001,-0.0001,-0.0001,0,0,0,0,0,0,0,0,0,0,0,0,0,147.9333,368,17,72.8531,0,0,0,0,272.7333,538,49,84.9975,36,46.3167,49,41,23.67,23.68,23.63
2022-11-05 23:50:00,1.6677,2.8228,0.532,0.5575,120,102.6415,28.4684,120,82.0785,82.1863,81.9727,0.0539,120,26.1472,26.2243,26.0747,0.0297,120,1007.4395,1007.5564,1007.3733,0.0736,120,0,0,0,0,120,0,0,0,0,120,13.7853,14.2604,13.2775,0.1795,120,120,0,0,0,0,0,120,None,None,None,None,0,3.4573,3.4593,3.4562,0.0012,0.5615,0.5622,0.5607,0.0003,0.8208,0.8219,0.8197,0.0005,-0.0001,-0.0001,-0.0001,0,0,0,0,0,0,0,0,0,0,0,0,0,158.4417,284,35,60.5946,0,0,0,0,296.8583,985,23,100.7473,36,46.0667,47,39,23.67,23.68,23.63
