datetime,Anemometer;wind_speed;Avg (m/s),Anemometer;wind_speed;Max (m/s),Anemometer;wind_speed;Min (m/s),Anemometer;wind_speed;StdDev (m/s),Anemometer;wind_speed;Count (),Wind Vane TMR;wind_direction;Avg (°),Wind Vane TMR;wind_direction;StdDev (°),Wind Vane TMR;wind_direction;Count (),Hygro/Thermo;humidity;Avg (%),Hygro/Thermo;humidity;Max (%),Hygro/Thermo;humidity;Min (%),Hygro/Thermo;humidity;StdDev (%),Hygro/Thermo;humidity;Count (),Hygro/Thermo;temperature;Avg (°C),Hygro/Thermo;temperature;Max (°C),Hygro/Thermo;temperature;Min (°C),Hygro/Thermo;temperature;StdDev (°C),Hygro/Thermo;temperature;Count (),Barometer;air_pressure;Avg (hPa),Barometer;air_pressure;Max (hPa),Barometer;air_pressure;Min (hPa),Barometer;air_pressure;StdDev (hPa),Barometer;air_pressure;Count (),DHI (Diffuse Horizontal Irradiance);solar_irradiance;Avg (W/m²),DHI (Diffuse Horizontal Irradiance);solar_irradiance;Max (W/m²),DHI (Diffuse Horizontal Irradiance);solar_irradiance;Min (W/m²),DHI (Diffuse Horizontal Irradiance);solar_irradiance;StdDev (W/m²),DHI (Diffuse Horizontal Irradiance);solar_irradiance;Count (),GHI (Global Horizontal Irradiance);solar_irradiance;Avg (W/m²),GHI (Global Horizontal Irradiance);solar_irradiance;Max (W/m²),GHI (Global Horizontal Irradiance);solar_irradiance;Min (W/m²),GHI (Global Horizontal Irradiance);solar_irradiance;StdDev (W/m²),GHI (Global Horizontal Irradiance);solar_irradiance;Count (),DNI (Direct Normal Irradiance) Pyrheliometer;solar_DNI;Avg (W/m²),DNI (Direct Normal Irradiance) Pyrheliometer;solar_DNI;Max (W/m²),DNI (Direct Normal Irradiance) Pyrheliometer;solar_DNI;Min (W/m²),DNI (Direct Normal Irradiance) Pyrheliometer;solar_DNI;StdDev (W/m²),DNI (Direct Normal Irradiance) Pyrheliometer;solar_DNI;Count (),Precipitation;precipitation;Count (),Precipitation;precipitation;Sum (mm),GTI (Global Tilt Irradiance) PV Cell;voltage;Avg (W/m2),GTI (Global Tilt Irradiance) PV Cell;voltage;Max (W/m2),GTI (Global Tilt Irradiance) PV Cell;voltage;Min (W/m2),GTI (Global Tilt Irradiance) PV Cell;voltage;StdDev (W/m2),GTI (Global Tilt Irradiance) PV Cell;voltage;Count (),Theta;other;Avg (°),Theta;other;Max (°),Theta;other;Min (°),Theta;other;StdDev (°),Theta;other;Count (),A1;channel;Avg (V),A1;channel;Max (V),A1;channel;Min (V),A1;channel;StdDev (V),A2;channel;Avg (V),A2;channel;Max (V),A2;channel;Min (V),A2;channel;StdDev (V),A3;channel;Avg (V),A3;channel;Max (V),A3;channel;Min (V),A3;channel;StdDev (V),A4;channel;Avg (V),A4;channel;Max (V),A4;channel;Min (V),A4;channel;StdDev (V),A5;channel;Avg (V),A5;channel;Max (V),A5;channel;Min (V),A5;channel;StdDev (V),A6;channel;Avg (V),A6;channel;Max (V),A6;channel;Min (V),A6;channel;StdDev (V),A7;channel;Avg (V),A7;channel;Max (V),A7;channel;Min (V),A7;channel;StdDev (V),C1;channel;Avg (I),C1;channel;Max (I),C1;channel;Min (I),C1;channel;StdDev (I),C2;channel;Avg (I),C2;channel;Max (I),C2;channel;Min (I),C2;channel;StdDev (I),D1;channel;Avg (),D1;channel;Max (),D1;channel;Min (),D1;channel;StdDev (),T;channel;Avg (°C),I;channel;Avg (mA),I;channel;Max (mA),I;channel;Min (mA),V;channel;Avg (V),V;channel;Max (V),V;channel;Min (V)
2022-11-27 00:00:00,2.3324,4.3316,0.4676,0.9089,120,72.0664,32.3766,120,81.6373,81.7896,81.3929,0.0941,120,26.4401,26.502,26.4074,0.029,120,1007.5437,1007.593,1007.3916,0.0554,120,0,0,0,0,120,0,0,0,0,120,13.9246,14.2604,13.2775,0.2383,120,120,0,0,0,0,0,120,None,None,None,None,0,3.4591,3.4599,3.4565,0.0009,0.5644,0.565,0.5641,0.0003,0.8164,0.8179,0.8139,0.0009,-0.0001,-0.0001,-0.0001,0,0,0,0,0,0,0,0,0,0,0,0,0,230.6917,448,28,98.7965,0,0,0,0,232.8083,1010,3,145.8736,37,48.0833,53,45,23.67,23.68,23.63
2022-11-27 00:10:00,1.6138,4.3316,0.3112,0.7682,120,86.0773,41.4998,120,81.6177,81.7286,81.4234,0.0822,120,26.4518,26.4684,26.4318,0.0096,120,1007.4276,1007.5747,1007.1902,0.0997,120,0,0,0,0,120,0,0,0,0,120,13.8427,14.2604,13.2775,0.2079,120,120,0,0,0,0,0,120,None,None,None,None,0,3.4571,3.4596,3.4532,0.0017,0.5645,0.5647,0.5643,0.0001,0.8162,0.8173,0.8142,0.0008,-0.0001,-0.0001,-0.0001,0,0,0,0,0,0,0,0,0,0,0,0,0,152.5833,448,11,83.5046,0,0,0,0,268.4583,1022,49,148.3363,37,47.95,53,47,23.67,23.68,23.63
2022-11-27 00:20:00,1.4637,3.2736,0.3296,0.6951,120,96.3467,54.2211,120,81.4814,81.576,81.3013,0.0698,120,26.3799,26.4348,26.3555,0.0221,120,1007.2678,1007.5564,1007.1902,0.0923,120,0,0,0,0,120,0,0,0,0,120,13.8099,14.7535,13.2775,0.1973,120,120,0,0,0,0,0,120,None,None,None,None,0,3.4545,3.4593,3.4532,0.0015,0.5638,0.5644,0.5635,0.0002,0.8148,0.8158,0.813,0.0007,-0.0001,-0.0001,-0.0001,0,0,0,0,0,0,0,0,0,0,0,0,0,136.2667,333,13,75.5562,0,0,0,0,302.1,977,11,170.5549,37,48.5833,53,47,23.67,23.68,23.63
2022-11-27 00:30:00,1.8872,4.3132,0.4032,0.8819,120,78.3856,47.9367,120,81.3847,81.5149,81.2403,0.0614,120,26.2894,26.3707,26.2273,0.0435,120,1007.2326,1007.4099,1007.1902,0.0601,120,0,0,0,0,120,0,0,0,0,120,13.8304,14.2604,13.2775,0.2258,120,120,0,0,0,0,0,120,None,None,None,None,0,3.4539,3.4568,3.4532,0.001,0.5629,0.5637,0.5623,0.0004,0.8138,0.8151,0.8124,0.0006,-0.0001,-0.0001,-0.0001,0,0,0,0,0,0,0,0,0,0,0,0,0,182.3,446,21,95.8637,0,0,0,0,276.9583,949,1,184.7158,37,48.25,49,43,23.67,23.68,23.63
2022-11-27 00:40:00,2.0889,4.3316,0.5412,0.8724,120,81.8087,34.3137,120,81.311,81.4539,80.7825,0.1242,120,26.2934,26.3433,26.2273,0.0351,120,1007.2375,1007.4099,1007.0071,0.0961,120,0,0,0,0,120,0,0,0,0,120,13.9368,14.2604,13.2775,0.2426,120,120,0,0,0,0,0,120,None,None,None,None,0,3.454,3.4568,3.4501,0.0016,0.5629,0.5634,0.5623,0.0003,0.8131,0.8145,0.8078,0.0012,-0.0001,-0.0001,-0.0001,0,0,0,0,0,0,0,0,0,0,0,0,0,204.2333,448,36,94.8239,0,0,0,0,247.7167,1004,7,122.2945,36.9,46.9,49,41,23.67,23.68,23.63
2022-11-27 00:50:00,2.3359,4.4972,0.7344,0.8704,120,80.299,35.7887,120,80.8125,80.9961,80.5994,0.1292,120,26.3385,26.3585,26.3097,0.0134,120,1007.1819,1007.4099,1007.0071,0.0815,120,0,0,0,0,120,0,0,0,0,120,13.9328,14.2604,13.2775,0.2495,120,120,0,0,0,0,0,120,None,None,None,None,0,3.453,3.4568,3.4501,0.0014,0.5634,0.5636,0.5631,0.0001,0.8081,0.81,0.806,0.0013,-0.0001,-0.0001,-0.0001,0,0,0,0,0,0,0,0,0,0,0,0,0,231.075,466,57,94.6091,0,0,0,0,240.5833,864,3,120.0693,36,46.9833,49,43,23.67,23.68,23.63
2022-11-27 01:00:00,2.0811,3.9636,0.6792,0.7043,120,72.2833,39.6303,120,80.4595,80.6604,80.2942,0.1122,120,26.3702,26.386,26.3463,0.0089,120,1007.0605,1007.2268,1006.8056,0.0932,120,0,0,0,0,120,0,0,0,0,120,13.8467,14.2604,13.2775,0.2297,120,120,0,0,0,0,0,120,None,None,None,None,0,3.451,3.4538,3.4468,0.0016,0.5637,0.5639,0.5635,0.0001,0.8046,0.8066,0.8029,0.0011,-0.0001,-0.0001,-0.0001,0,0,0,0,0,0,0,0,0,0,0,0,0,203.3833,408,51,76.5549,0,0,0,0,258.1083,991,19,185.4572,36,46.8667,49,41,23.67,23.68,23.63
2022-11-27 01:10:00,2.0237,4.166,0.624,0.7206,120,84.5536,30.9861,120,80.371,80.4468,80.2637,0.0475,120,26.3414,26.3585,26.3219,0.0065,120,1006.9915,1007.0437,1006.8056,0.0662,120,0,0,0,0,120,0,0,0,0,120,13.8877,14.2604,13.7689,0.2113,120,120,0,0,0,0,0,120,None,None,None,None,0,3.4499,3.4507,3.4468,0.0011,0.5634,0.5636,0.5632,0.0001,0.8037,0.8045,0.8026,0.0005,-0.0001,-0.0001,-0.0001,0,0,0,0,0,0,0,0,0,0,0,0,0,197.1417,430,45,78.321,0,0,0,0,241.3,517,27,89.7348,36,46.9167,47,41,23.67,23.68,23.63
2022-11-27 01:20:00,1.9133,3.9268,0.5412,0.8042,120,83.9692,42.065,120,80.4977,80.6604,80.3247,0.0874,120,26.3054,26.3311,26.2883,0.0085,120,1006.932,1007.0254,1006.8056,0.0926,120,0,0,0,0,120,0,0,0,0,120,13.8836,14.2604,13.7689,0.2087,120,120,0,0,0,0,0,120,None,None,None,None,0,3.4489,3.4504,3.4468,0.0015,0.5631,0.5633,0.5629,0.0001,0.805,0.8066,0.8032,0.0009,-0.0001,-0.0001,-0.0001,0,0,0,0,0,0,0,0,0,0,0,0,0,185.1417,404,36,87.4086,0,0,0,0,282.0917,1007,47,174.6148,36,46.9333,49,41,23.67,23.68,23.63
2022-11-27 01:30:00,1.8042,3.706,0.5964,0.6537,120,88.8276,44.4892,120,80.6406,80.7215,80.5383,0.0364,120,26.3057,26.3219,26.2914,0.0072,120,1006.9828,1007.0437,1006.8239,0.0719,120,0,0,0,0,120,0,0,0,0,120,13.8058,14.2604,13.2775,0.2129,120,120,0,0,0,0,0,120,None,None,None,None,0,3.4497,3.4507,3.4471,0.0012,0.5631,0.5632,0.5629,0.0001,0.8064,0.8072,0.8054,0.0004,-0.0001,-0.0001,-0.0001,0,0,0,0,0,0,0,0,0,0,0,0,0,173.2833,380,42,71.0557,0,0,0,0,269.4917,820,8,140.4555,36,46.95,47,41,23.67,23.68,23.63
2022-11-27 01:40:00,1.7228,3.5496,0.4768,0.7902,120,85.1543,32.9171,120,80.8051,80.9351,80.6909,0.064,120,26.3107,26.3341,26.2944,0.0099,120,1006.7779,1007.0071,1006.6225,0.097,120,0,0,0,0,120,0,0,0,0,120,13.8631,14.2604,13.2775,0.2323,120,120,0,0,0,0,0,120,None,None,None,None,0,3.4463,3.4501,3.4437,0.0016,0.5631,0.5633,0.5629,0.0001,0.8081,0.8094,0.8069,0.0006,-0.0001,-0.0001,-0.0001,0,0,0,0,0,0,0,0,0,0,0,0,0,164.4333,363,29,85.8929,0,0,0,0,270.9,1020,6,152.8683,36,46.95,49,41,23.67,23.68,23.63
2022-11-27 01:50:00,1.9331,3.9084,0.7712,0.6777,120,91.4982,39.7313,120,80.8379,80.9046,80.7215,0.036,120,26.2725,26.3311,26.2029,0.0327,120,1006.7083,1006.8422,1006.6225,0.093,120,0,0,0,0,120,0,0,0,0,120,13.7894,14.2604,13.2775,0.2054,120,120,0,0,0,0,0,120,None,None,None,None,0,3.4451,3.4474,3.4437,0.0015,0.5627,0.5633,0.562,0.0003,0.8084,0.809,0.8072,0.0004,-0.0001,-0.0001,-0.0001,0,0,0,0,0,0,0,0,0,0,0,0,0,187.2917,402,61,73.6665,0,0,0,0,276.9917,888,37,128.8617,36,46.7833,47,41,23.66,23.68,23.63
2022-11-27 02:00:00,1.8938,3.9544,0.2376,0.8965,120,74.1971,48.1021,120,80.8728,80.9351,80.752,0.0516,120,26.1907,26.212,26.1754,0.0089,120,1006.6245,1006.8239,1006.4211,0.0537,120,0,0,0,0,120,0,0,0,0,120,13.7239,14.2604,13.2775,0.2014,120,120,0,0,0,0,0,120,None,None,None,None,0,3.4437,3.4471,3.4404,0.0009,0.5619,0.5621,0.5617,0.0001,0.8087,0.8094,0.8075,0.0005,-0.0001,-0.0001,-0.0001,0,0,0,0,0,0,0,0,0,0,0,0,0,183.0167,407,3,97.4469,0,0,0,0,283.0833,1021,3,211.7134,36,46.8167,49,41,23.67,23.68,23.63
2022-11-27 02:10:00,2.3198,5.178,0.6148,1.0223,120,82.6097,33.7268,120,80.7774,80.9351,80.6909,0.0711,120,26.2044,26.2212,26.1846,0.009,120,1006.5862,1006.8239,1006.4211,0.0918,120,0,0,0,0,120,0,0,0,0,120,13.8427,14.2604,13.2775,0.2079,120,120,0,0,0,0,0,120,None,None,None,None,0,3.4431,3.4471,3.4404,0.0015,0.562,0.5622,0.5618,0.0001,0.8078,0.8094,0.8069,0.0007,-0.0001,-0.0001,-0.0001,0,0,0,0,0,0,0,0,0,0,0,0,0,229.325,540,44,111.1241,0,0,0,0,250.4583,984,81,119.255,36,46.9167,49,41,23.66,23.68,23.63
2022-11-27 02:20:00,2.0614,4.856,0.4492,1.0065,120,75.2228,37.0389,120,80.6187,80.752,80.5078,0.0634,120,26.2146,26.2304,26.1876,0.0103,120,1006.6659,1006.8422,1006.4211,0.0884,120,0,0,0,0,120,0,0,0,0,120,13.8467,14.2604,13.2775,0.2113,120,120,0,0,0,0,0,120,None,None,None,None,0,3.4444,3.4474,3.4404,0.0015,0.5622,0.5623,0.5619,0.0001,0.8062,0.8075,0.8051,0.0006,-0.0001,-0.0001,-0.0001,0,0,0,0,0,0,0,0,0,0,0,0,0,201.2417,505,26,109.3981,0,0,0,0,258.65,992,82,168.6541,36,46.9167,49,41,23.67,23.68,23.63
2022-11-27 02:30:00,1.8569,3.66,0.4124,0.7348,120,85.9334,37.6448,120,80.5328,80.6299,80.3552,0.0663,120,26.1926,26.2151,26.1724,0.0107,120,1006.6472,1006.8239,1006.6225,0.0503,120,0,0,0,0,120,0,0,0,0,120,13.7853,14.2604,13.2775,0.1678,120,120,0,0,0,0,0,120,None,None,None,None,0,3.4441,3.4471,3.4437,0.0008,0.5619,0.5622,0.5617,0.0001,0.8053,0.8063,0.8036,0.0007,-0.0001,-0.0001,-0.0001,0,0,0,0,0,0,0,0,0,0,0,0,0,179.0083,375,22,79.8663,0,0,0,0,261.8833,1014,48,141.653,36,46.9167,49,41,23.67,23.68,23.63
2022-11-27 02:40:00,1.8415,4.3224,0.5504,0.8083,120,77.6011,41.2371,120,80.3985,80.5383,80.2637,0.0745,120,26.2123,26.2273,26.1937,0.0088,120,1006.6774,1006.8422,1006.6042,0.0813,120,0,0,0,0,120,0,0,0,0,120,13.7689,14.2604,13.2775,0.1561,120,120,0,0,0,0,0,120,None,None,None,None,0,3.4446,3.4474,3.4434,0.0014,0.5621,0.5623,0.5619,0.0001,0.804,0.8054,0.8026,0.0007,-0.0001,-0.0001,-0.0001,0,0,0,0,0,0,0,0,0,0,0,0,0,177.3417,447,37,87.8554,0,0,0,0,251.6667,960,23,157.4171,36,47,49,45,23.66,23.68,23.63
2022-11-27 02:50:00,1.924,4.2948,0.6332,0.7001,120,81.3197,39.411,120,80.2059,80.3247,79.8975,0.1079,120,26.1832,26.209,26.1327,0.0162,120,1006.7426,1006.8239,1006.6042,0.0934,120,0,0,0,0,120,0,0,0,0,120,13.7566,14.2604,13.2775,0.196,120,120,0,0,0,0,0,120,None,None,None,None,0,3.4457,3.4471,3.4434,0.0016,0.5618,0.5621,0.5613,0.0002,0.8021,0.8032,0.799,0.0011,-0.0001,-0.0001,-0.0001,0,0,0,0,0,0,0,0,0,0,0,0,0,186.3,444,46,76.0954,0,0,0,0,267.55,991,57,161.8957,36,46.9167,49,41,23.66,23.68,23.63
2022-11-27 03:00:00,1.869,4.7088,0.2284,0.8827,120,82.9364,39.1887,120,80.0564,80.1721,79.8669,0.08,120,26.1389,26.1632,26.1144,0.0145,120,1006.7299,1006.8422,1006.6042,0.0959,120,0,0,0,0,120,0,0,0,0,120,13.7198,14.2604,13.2775,0.1847,120,120,0,0,0,0,0,120,None,None,None,None,0,3.4455,3.4474,3.4434,0.0016,0.5614,0.5616,0.5611,0.0001,0.8006,0.8017,0.7987,0.0008,-0.0001,-0.0001,-0.0001,0,0,0,0,0,0,0,0,0,0,0,0,0,180.325,489,2,95.9413,0,0,0,0,270.75,947,84,155.5881,36,46.8167,49,41,23.66,23.68,23.63
2022-11-27 03:10:00,1.9105,4.1476,0.5872,0.6966,120,86.8931,33.1992,120,79.9727,80.1721,79.8669,0.0731,120,26.1465,26.1754,26.1296,0.0121,120,1006.671,1006.8239,1006.4211,0.0904,120,0,0,0,0,120,0,0,0,0,120,13.7853,14.2604,13.2775,0.1904,120,120,0,0,0,0,0,120,None,None,None,None,0,3.4445,3.4471,3.4404,0.0015,0.5615,0.5617,0.5613,0.0001,0.7997,0.8017,0.7987,0.0007,-0.0001,-0.0001,-0.0001,0,0,0,0,0,0,0,0,0,0,0,0,0,184.8333,428,41,75.7199,0,0,0,0,254.4583,920,21,109.9614,36,46.85,47,41,23.67,23.68,23.63
2022-11-27 03:20:00,2.1454,4.12,1.0012,0.712,120,88.4154,30.4519,120,80.0948,80.2026,79.989,0.0601,120,26.1473,26.1724,26.1144,0.0163,120,1006.6254,1006.8422,1006.4211,0.0856,120,0,0,0,0,120,0,0,0,0,120,13.7976,14.2604,13.2775,0.1943,120,120,0,0,0,0,0,120,None,None,None,None,0,3.4438,3.4474,3.4404,0.0014,0.5615,0.5617,0.5611,0.0002,0.8009,0.802,0.7999,0.0006,-0.0001,-0.0001,-0.0001,0,0,0,0,0,0,0,0,0,0,0,0,0,210.3667,425,86,77.3892,0,0,0,0,253.0333,574,28,88.7916,36,46.95,49,45,23.66,23.68,23.63
2022-11-27 03:30:00,1.5535,2.97,0.486,0.5884,120,92.4689,39.054,120,80.1996,80.2942,80.0195,0.0688,120,26.0703,26.1174,26.0472,0.0199,120,1006.6282,1006.8239,1006.4211,0.033,120,0,0,0,0,120,0,0,0,0,120,13.6665,14.2604,13.2775,0.2288,120,120,0,0,0,0,0,120,None,None,None,None,0,3.4438,3.4471,3.4404,0.0006,0.5607,0.5612,0.5605,0.0002,0.802,0.8029,0.8002,0.0007,-0.0001,-0.0001,-0.0001,0,0,0,0,0,0,0,0,0,0,0,0,0,146.0333,300,30,63.9569,0,0,0,0,271.4583,739,4,118.8791,36,46.8667,49,41,23.66,23.68,23.63
2022-11-27 03:40:00,1.8264,3.3656,0.6056,0.6916,120,84.5101,39.7364,120,80.2642,80.3247,80.2026,0.0333,120,26.0484,26.0656,26.0259,0.0085,120,1006.59,1006.6591,1006.4211,0.079,120,0,0,0,0,120,0,0,0,0,120,13.7157,14.2604,13.2775,0.1994,120,120,0,0,0,0,0,120,None,None,None,None,0,3.4432,3.4443,3.4404,0.0013,0.5605,0.5607,0.5603,0.0001,0.8026,0.8032,0.802,0.0003,-0.0001,-0.0001,-0.0001,0,0,0,0,0,0,0,0,0,0,0,0,0,175.7,343,43,75.1788,0,0,0,0,258.5417,929,21,131.8455,35.2,46.7833,49,41,23.66,23.68,23.63
2022-11-27 03:50:00,1.5328,3.154,0.4584,0.6196,120,91.3786,39.8133,120,80.2451,80.3247,80.1721,0.0275,120,26.0462,26.0625,26.032,0.0063,120,1006.5279,1006.6408,1006.4211,0.096,120,0,0,0,0,120,0,0,0,0,120,13.7157,14.2604,13.2775,0.2093,120,120,0,0,0,0,0,120,None,None,None,None,0,3.4421,3.444,3.4404,0.0016,0.5605,0.5606,0.5603,0.0001,0.8025,0.8032,0.8017,0.0003,-0.0001,-0.0001,-0.0001,0,0,0,0,0,0,0,0,0,0,0,0,0,143.7833,320,27,67.35,0,0,0,0,283.4,994,11,149.7081,35,46.8,47,41,23.66,23.68,23.63
2022-11-27 04:00:00,1.5536,4.212,0.3756,0.8901,120,87.8778,46.0866,120,80.3471,80.4163,80.2637,0.0355,120,26.0434,26.0564,26.032,0.0049,120,1006.4766,1006.6408,1006.4211,0.0836,120,0,0,0,0,120,0,0,0,0,120,13.7485,14.2604,13.2775,0.2243,120,120,0,0,0,0,0,120,None,None,None,None,0,3.4413,3.444,3.4404,0.0014,0.5604,0.5606,0.5603,0.0001,0.8035,0.8042,0.8026,0.0004,-0.0001,-0.0001,-0.0001,0,0,0,0,0,0,0,0,0,0,0,0,0,146.0417,435,18,96.7481,0,0,0,0,298.175,991,83,174.6732,35,46.55,49,41,23.66,23.68,23.63
2022-11-27 04:10:00,1.9524,3.89,0.4492,0.7345,120,84.8792,41.2626,120,80.5429,80.6299,80.3858,0.0552,120,26.0637,26.0839,26.0411,0.0108,120,1006.4251,1006.6225,1006.238,0.0353,120,0,0,0,0,120,0,0,0,0,120,13.7444,14.2604,13.2775,0.2371,120,120,0,0,0,0,0,120,None,None,None,None,0,3.4404,3.4437,3.4373,0.0006,0.5606,0.5608,0.5604,0.0001,0.8054,0.8063,0.8039,0.0006,-0.0001,-0.0001,-0.0001,0,0,0,0,0,0,0,0,0,0,0,0,0,189.3917,400,26,79.8385,0,0,0,0,271,977,30,153.0259,35,46.8833,47,41,23.66,23.68,23.63
2022-11-27 04:20:00,1.7817,3.8164,0.7344,0.6203,120,76.9348,36.3664,120,80.7978,80.9961,80.5994,0.1246,120,26.0852,26.1174,26.0686,0.013,120,1006.4235,1006.6225,1006.2197,0.0992,120,0,0,0,0,120,0,0,0,0,120,13.7894,14.2604,13.2775,0.1611,120,120,0,0,0,0,0,120,None,None,None,None,0,3.4404,3.4437,3.437,0.0017,0.5608,0.5612,0.5607,0.0001,0.808,0.81,0.806,0.0012,-0.0001,-0.0001,-0.0001,0,0,0,0,0,0,0,0,0,0,0,0,0,170.8417,392,57,67.4285,0,0,0,0,251.5333,996,15,157.6387,35,46.8,47,39,23.66,23.68,23.63
2022-11-27 04:30:00,1.6552,3.0436,0.5596,0.5576,120,78.7643,46.4756,120,81.0579,81.2403,80.9046,0.0932,120,26.1086,26.1266,26.093,0.0069,120,1006.55,1006.6408,1006.4028,0.0938,120,0.03,0.4803,0,0.1104,120,0.0244,0.3661,0,0.0917,120,13.8017,14.2604,13.2775,0.1988,120,120,0,0.056,0.3052,0,0.1186,120,None,None,None,None,0,3.4425,3.444,3.44,0.0016,0.5611,0.5613,0.5609,0.0001,0.8106,0.8124,0.809,0.0009,-0.0001,-0.0001,-0.0001,0,0,0,0,0,0,0,0,0,0.0001,0.0003,0,0.0001,157.0833,308,38,60.614,0,0,0,0,296.3333,1014,15,216.951,35,46.7333,49,41,23.65,23.68,23.63
2022-11-27 04:40:00,2.0272,4.5708,0.6056,0.8647,120,77.1141,38.1244,120,81.33,81.4539,81.1792,0.0844,120,26.1206,26.151,26.0991,0.015,120,1006.5281,1006.6225,1006.238,0.0972,120,1.7663,2.6433,0.4803,0.6802,120,1.6119,2.5642,0.3661,0.7163,120,13.8222,14.2604,13.2775,0.2188,120,120,0,2.0041,2.7467,0.3052,0.7367,120,None,None,None,None,0,3.4421,3.4437,3.4373,0.0016,0.5612,0.5615,0.561,0.0001,0.8133,0.8145,0.8118,0.0008,-0.0001,-0.0001,-0.0001,0,0,0,0,0,0,0,0,0,0.002,0.0027,0.0003,0.0007,197.5167,474,43,93.9869,0,0,0,0,246.975,993,41,146.5414,35,46.9333,47,45,23.66,23.68,23.63
2022-11-27 04:50:00,1.7698,4.8192,0.4032,0.9083,120,80.2992,49.7932,120,81.4712,81.576,81.3013,0.0523,120,26.1766,26.2029,26.1449,0.0146,120,1006.5671,1006.8056,1006.4028,0.0863,120,11.4825,19.9449,2.163,6.2959,120,11.3483,19.7839,2.1981,6.3602,120,13.9533,14.7535,13.2775,0.2783,120,120,0,11.2028,19.2267,2.4415,6.0695,120,89.46,89.95,88.95,0.35,64,3.4428,3.4468,3.44,0.0014,0.5618,0.562,0.5615,0.0001,0.8147,0.8158,0.813,0.0005,-0.0001,-0.0001,-0.0001,0,0.0001,0.0003,0,0.0001,0.0001,0.0002,0,0.0001,0.0112,0.0192,0.0024,0.0061,169.5417,501,21,98.7302,0,0,0,0,282.7083,1019,9,198.8889,35,46.8333,47,41,23.66,23.68,23.63
2022-11-27 05:00:00,1.8228,4.7916,0.3756,0.7686,120,78.3237,45.406,120,81.3654,81.4844,81.1792,0.0827,120,26.1746,26.1907,26.1571,0.0078,120,1006.5827,1006.8056,1006.4028,0.0761,120,32.1125,43.7354,19.4646,7.2057,120,32.9762,46.1621,19.0516,8.0119,120,33.3331,59.5021,14.2604,16.3494,120,120,0,29.9056,41.2,18.3111,6.7921,120,87.68,88.95,86.44,0.67,120,3.443,3.4468,3.44,0.0013,0.5617,0.5619,0.5616,0.0001,0.8137,0.8148,0.8118,0.0008,-0.0002,-0.0001,-0.0004,0.0001,0.0004,0.0006,0.0002,0.0001,0.0003,0.0004,0.0002,0.0001,0.0299,0.0412,0.0183,0.0068,175.3083,498,18,83.5481,0,0,0,0,285.25,982,27,198.9582,35,46.9667,47,45,23.66,23.68,23.63
2022-11-27 05:10:00,1.7554,4.2672,0.4584,0.7726,120,80.0785,50.2981,120,81.0447,81.3318,80.6909,0.1411,120,26.2333,26.3372,26.1693,0.0502,120,1006.6074,1006.8056,1006.4028,0.0736,120,46.6368,55.0291,32.9213,6.035,120,51.4015,63.3818,34.4382,6.7048,120,63.5187,138.184,24.096,31.1938,120,120,0,43.9492,50.3555,31.4341,4.743,120,85.37,86.44,84.18,0.68,120,3.4435,3.4468,3.44,0.0012,0.5623,0.5634,0.5617,0.0005,0.8104,0.8133,0.8069,0.0014,-0.0004,-0.0001,-0.0009,0.0002,0.0006,0.0007,0.0004,0.0001,0.0004,0.0005,0.0003,0.0001,0.0439,0.0504,0.0314,0.0047,167.9833,441,27,83.9778,0,0,0,0,271.8333,1007,8,181.2885,35,46.85,49,41,23.66,23.68,23.63
2022-11-27 05:20:00,1.5895,3.2644,0.4952,0.6606,120,74.3942,36.3494,120,80.3407,80.6909,80.0195,0.2093,120,26.3967,26.4562,26.3372,0.0324,120,1006.7745,1006.9887,1006.6042,0.0809,120,62.5609,71.3701,53.8276,5.3923,120,71.5335,95.2557,54.9556,11.3088,120,87.5411,201.1296,18.1953,68.8943,120,120,0,56.1083,65.0044,47.6089,5.4491,120,83.05,84.18,81.91,0.68,120,3.4462,3.4498,3.4434,0.0013,0.564,0.5646,0.5634,0.0003,0.8034,0.8069,0.8002,0.0021,-0.0005,-0.0001,-0.0012,0.0004,0.0008,0.0009,0.0007,0.0001,0.0006,0.0008,0.0005,0.0001,0.0561,0.065,0.0476,0.0054,149.9417,332,31,71.8076,0,0,0,0,227.3333,807,14,121.5449,35,46.7333,47,41,23.67,23.68,23.63
2022-11-27 05:30:00,2.0228,4.2396,0.3664,0.8248,120,95.8303,33.2069,120,79.6754,80.2332,79.2871,0.2605,120,26.5547,26.5966,26.4592,0.0361,120,1006.8416,1007.0071,1006.7873,0.0798,120,64.7717,81.2228,58.874,5.0617,120,78.6685,98.9196,61.916,12.1047,120,105.5067,243.4209,14.2604,88.541,120,120,0,58.6337,75.6859,51.5763,5.2353,120,80.72,81.91,79.64,0.68,120,3.4474,3.4501,3.4465,0.0013,0.5655,0.566,0.5646,0.0004,0.7968,0.8023,0.7929,0.0026,-0.0007,-0.0001,-0.0015,0.0005,0.0008,0.001,0.0007,0.0001,0.0007,0.0008,0.0005,0.0001,0.0586,0.0757,0.0516,0.0052,197.0417,438,17,89.6484,0,0,0,0,283.525,821,108,105.6813,35,46.8167,49,41,23.65,23.68,23.63
2022-11-27 05:40:00,1.4598,3.8624,0.394,0.6818,120,72.0105,48.2422,120,79.4293,79.6533,79.1955,0.0979,120,26.6335,26.8316,26.5386,0.0898,120,1006.9587,1007.0071,1006.7873,0.0742,120,106.8188,130.0039,82.1835,12.4125,120,131.4561,183.551,81.6999,31.2041,120,136.1843,379.6374,14.2604,156.0466,120,120,0,103.6129,121.4637,76.2963,11.5299,120,78.39,79.64,77.12,0.68,120,3.4493,3.4501,3.4465,0.0012,0.5663,0.5683,0.5654,0.0009,0.7943,0.7965,0.792,0.001,-0.0008,-0.0001,-0.0024,0.001,0.0014,0.0017,0.001,0.0002,0.0011,0.0015,0.0007,0.0003,0.1036,0.1215,0.0763,0.0115,135.85,397,20,74.1097,0,0,0,0,259.1583,1007,0,193.8228,35,46.9333,47,41,23.65,23.68,23.63
2022-11-27 05:50:00,1.6937,3.6508,0.4032,0.7653,120,82.5527,43.9271,120,79.0216,79.2871,78.6767,0.1475,120,26.9488,27.1154,26.8407,0.0749,120,1007.0547,1007.2085,1006.9704,0.0911,120,161.2955,182.8709,130.0039,15.6325,120,190.1178,285.7671,130.7935,37.0812,120,131.1889,442.583,14.2604,139.4433,120,120,0,161.6972,212.4088,121.7689,18.7904,120,76.06,77.12,74.85,0.68,120,3.4509,3.4535,3.4495,0.0015,0.5695,0.5712,0.5684,0.0008,0.7902,0.7929,0.7868,0.0015,-0.0008,-0.0001,-0.0027,0.0009,0.002,0.0023,0.0017,0.0002,0.0016,0.0024,0.0011,0.0003,0.1617,0.2124,0.1218,0.0188,161.2667,374,21,83.185,0,0,0,0,269.025,943,34,160.6537,35,46.9667,49,41,23.66,23.68,23.63
2022-11-27 06:00:00,2.0917,4.35,0.5504,0.8151,120,94.126,37.8777,120,78.2927,78.6157,77.9443,0.181,120,27.1166,27.1337,27.091,0.01,120,1007.1584,1007.3916,1006.9887,0.084,120,128.8726,149.4685,106.9346,12.8483,120,162.8875,275.1429,108.8115,60.8604,120,131.5657,475.5301,13.7689,191.8789,120,120,0,134.7036,191.9614,99.7955,30.9923,120,73.73,74.85,72.58,0.68,120,3.4526,3.4565,3.4498,0.0014,0.5712,0.5713,0.5709,0.0001,0.7829,0.7862,0.7794,0.0018,-0.0008,-0.0001,-0.003,0.0012,0.0016,0.0019,0.0014,0.0002,0.0014,0.0023,0.0009,0.0005,0.1347,0.192,0.0998,0.031,204.5333,450,37,88.5975,0,0,0,0,287.7,861,57,128.5882,35,46.9,47,41,23.65,23.68,23.63
2022-11-27 06:10:00,1.6375,4.3592,0.4584,0.8034,120,87.6326,35.4824,120,78.0864,78.3105,77.7917,0.1276,120,27.0325,27.1032,26.9811,0.0339,120,1007.2637,1007.3916,1006.9887,0.0971,120,114.8449,131.9268,107.1756,5.9368,120,129.5083,239.605,111.7419,26.684,120,54.7735,419.4699,13.7689,87.51,120,120,0,109.9378,170.9036,99.1852,14.9512,120,71.4,72.58,70.3,0.68,120,3.4544,3.4565,3.4498,0.0016,0.5703,0.571,0.5698,0.0003,0.7809,0.7831,0.7779,0.0013,-0.0003,-0.0001,-0.0026,0.0005,0.0015,0.0017,0.0014,0.0001,0.0011,0.002,0.0009,0.0002,0.1099,0.1709,0.0992,0.015,155.1583,451,27,87.3236,0,0,0,0,259.5917,813,54,112.2523,35,46.7333,47,41,23.66,23.68,23.63
2022-11-27 06:20:00,1.5504,3.1816,0.2192,0.78,120,92.5209,43.1863,120,78.0557,78.28,77.7612,0.1574,120,27.0667,27.1032,27.0421,0.014,120,1007.307,1007.3916,1007.1718,0.0897,120,160.4064,231.1717,122.7953,31.5775,120,161.9624,235.9412,124.1993,32.2451,120,17.3674,65.4044,14.2604,6.3445,120,120,0,143.1013,213.3244,106.2044,31.6437,120,69.07,70.3,68.03,0.68,120,3.4551,3.4565,3.4529,0.0015,0.5707,0.571,0.5704,0.0001,0.7806,0.7828,0.7776,0.0016,-0.0001,-0.0001,-0.0004,0,0.002,0.0029,0.0016,0.0004,0.0013,0.002,0.001,0.0003,0.1431,0.2133,0.1062,0.0316,145.7,323,1,84.7834,0,0,0,0,280.85,769,21,134.9273,35,46.7833,49,41,23.66,23.68,23.63
2022-11-27 06:30:00,2.0074,4.8652,0.5504,1.0194,120,85.8401,46.0971,120,78.1721,78.7988,77.7306,0.2757,120,27.2581,27.3595,27.0879,0.0948,120,1007.3655,1007.5381,1007.1718,0.0625,120,256.0231,304.4646,209.5441,36.6668,120,313.5963,528.6699,210.6615,118.7266,120,149.7035,549.2942,13.7689,215.6644,120,120,0,277.4209,437.0251,194.7081,89.4899,120,66.74,67.78,65.51,0.68,120,3.4561,3.459,3.4529,0.001,0.5726,0.5736,0.5709,0.0009,0.7817,0.788,0.7773,0.0028,-0.0009,-0.0001,-0.0034,0.0013,0.0033,0.0039,0.0027,0.0005,0.0026,0.0044,0.0018,0.001,0.2774,0.437,0.1947,0.0895,195.3667,506,37,110.8017,0,0,0,0,275.9,979,39,164.5888,35,46.9,49,41,23.66,23.68,23.63
2022-11-27 06:40:00,2.7526,5.592,0.6056,1.0895,120,92.2371,30.8798,120,77.9626,78.5852,77.4865,0.3032,120,27.3013,27.4145,27.1795,0.0782,120,1007.4197,1007.5564,1007.1718,0.083,120,241.3405,270.3409,218.9165,15.1689,120,304.8828,535.6315,219.0888,110.9722,120,151.2567,587.1592,14.2604,231.7708,120,120,0,270.4296,442.2132,204.7792,79.6765,120,64.41,65.51,63.23,0.68,120,3.457,3.4593,3.4529,0.0014,0.573,0.5741,0.5718,0.0008,0.7796,0.7859,0.7749,0.003,-0.0009,-0.0001,-0.0036,0.0014,0.0031,0.0034,0.0028,0.0002,0.0025,0.0045,0.0018,0.0009,0.2704,0.4422,0.2048,0.0797,276.3667,585,43,118.4213,0,0,0,0,293.0917,1004,12,150.289,35,46.9333,47,41,23.66,23.68,23.63
2022-11-27 06:50:00,1.9034,4.212,0.578,0.9342,120,78.1753,51.7671,120,77.8598,78.2495,77.0592,0.3365,120,27.4324,27.5396,27.3687,0.0555,120,1007.5047,1007.7395,1007.355,0.0707,120,182.1178,249.1945,150.9102,27.2821,120,183.3553,250.9628,152.4094,27.2204,120,14.5598,20.1627,13.7689,1.1123,120,120,0,170.6163,233.7718,141.3007,25.3681,120,62.08,63.23,60.96,0.68,120,3.4584,3.4623,3.4559,0.0012,0.5743,0.5754,0.5737,0.0006,0.7786,0.7825,0.7706,0.0034,-0.0001,-0.0001,-0.0001,0,0.0023,0.0032,0.0019,0.0003,0.0015,0.0021,0.0013,0.0002,0.1706,0.2338,0.1413,0.0254,184.0667,435,40,101.5463,0,0,0,0,290.2,1020,4,214.7948,35.9,46.9333,47,45,23.66,23.68,23.63
2022-11-27 07:00:00,2.7133,5.086,0.8448,0.7857,120,77.1457,31.4674,120,77.2914,77.7917,76.8456,0.234,120,27.1308,27.4023,27.0391,0.1045,120,1007.5227,1007.7578,1007.3733,0.0634,120,186.4272,267.2173,150.9102,43.3884,120,266.8293,628.6891,151.6771,179.0646,120,159.6531,664.3651,13.2775,249.9393,120,120,0,235.5342,529.8013,138.554,146.976,120,59.75,60.96,58.7,0.68,120,3.4587,3.4626,3.4562,0.0011,0.5713,0.574,0.5704,0.001,0.7729,0.7779,0.7685,0.0023,-0.001,-0.0001,-0.0041,0.0016,0.0024,0.0034,0.0019,0.0006,0.0022,0.0052,0.0013,0.0015,0.2355,0.5298,0.1386,0.147,272.1,530,69,85.4056,0,0,0,0,227.1583,689,43,97.5582,36,46.95,49,41,23.66,23.68,23.63
2022-11-27 07:10:00,2.4042,4.8652,0.4216,1.0482,120,92.2258,45.0438,120,76.9918,77.9138,75.5638,0.7775,120,27.6814,28.1744,27.1032,0.3427,120,1007.6196,1007.7395,1007.3733,0.0984,120,273.6213,286.4417,261.9307,7.6422,120,651.8706,671.9196,600.8451,17.761,120,664.3735,684.0348,532.0819,21.1179,120,120,0,553.766,573.1376,508.1332,17.3396,120,57.43,58.7,56.18,0.67,120,3.4603,3.4623,3.4562,0.0016,0.5768,0.5817,0.571,0.0034,0.7699,0.7791,0.7556,0.0078,-0.0041,-0.0033,-0.0042,0.0001,0.0035,0.0036,0.0033,0.0001,0.0054,0.0056,0.005,0.0001,0.5538,0.5731,0.5081,0.0173,238.5,506,23,113.938,0,0,0,0,296.0583,985,19,160.0313,36,46.9833,47,45,23.66,23.68,23.63
2022-11-27 07:20:00,2.7516,5.5828,0.67,1.1114,120,90.8152,38.512,120,74.3067,75.8995,73.0308,0.8393,120,28.3722,28.4399,28.1866,0.0574,120,1007.6975,1007.9226,1007.5381,0.0772,120,260.5548,274.1858,240.063,11.2388,120,641.8718,688.0408,382.1224,49.9617,120,629.811,666.824,174.5746,75.6606,120,120,0,552.8657,593.585,336.6192,40.2352,120,55.11,56.18,53.92,0.68,120,3.4616,3.4654,3.459,0.0013,0.5837,0.5844,0.5819,0.0006,0.7431,0.759,0.7303,0.0084,-0.0039,-0.0011,-0.0041,0.0005,0.0033,0.0035,0.003,0.0001,0.0053,0.0057,0.0032,0.0004,0.5529,0.5936,0.3366,0.0402,276.2583,584,50,120.803,0,0,0,0,295.5333,1022,79,161.1895,36,46.7,49,39,23.66,23.68,23.63
2022-11-27 07:30:00,2.62,4.8284,0.9184,1.0267,120,84.6021,46.7378,120,72.5354,73.7327,71.4438,0.5558,120,28.5264,28.6596,28.3911,0.0864,120,1007.6949,1007.9226,1007.5381,0.0814,120,261.4179,291.7283,225.4047,17.6459,120,624.5944,719.5486,238.5054,143.1666,120,566.8291,682.069,27.0464,206.18,120,120,0,538.4635,622.5776,210.8829,121.8628,120,52.79,53.92,51.66,0.68,120,3.4616,3.4654,3.459,0.0014,0.5853,0.5866,0.5839,0.0009,0.7254,0.7373,0.7144,0.0056,-0.0035,-0.0002,-0.0042,0.0013,0.0033,0.0037,0.0029,0.0002,0.0052,0.006,0.002,0.0012,0.5385,0.6226,0.2109,0.1219,261.9583,502,77,111.6008,0,0,0,0,288.1833,968,29,180.774,36,46.8667,47,41,23.66,23.68,23.63
2022-11-27 07:40:00,3.5002,6.3924,0.9736,1.2724,120,73.5514,34.4526,120,71.7279,72.3899,70.864,0.3837,120,28.3052,28.565,28.1744,0.1291,120,1007.7294,1007.9409,1007.5564,0.0747,120,234.9525,302.0614,186.7157,35.3076,120,671.8926,745.5606,209.9292,106.5554,120,648.5962,720.4254,43.2743,163.6327,120,120,0,574.9153,642.7198,181.8903,90.5541,120,50.48,51.66,49.42,0.67,120,3.4622,3.4657,3.4593,0.0012,0.583,0.5857,0.5817,0.0013,0.7173,0.7239,0.7086,0.0038,-0.004,-0.0003,-0.0045,0.001,0.003,0.0038,0.0024,0.0004,0.0056,0.0062,0.0017,0.0009,0.5749,0.6427,0.1819,0.0906,357.6333,672,83,138.3081,0,0,0,0,234.1667,933,18,135.2676,36,46.85,49,41,23.67,23.68,23.63
2022-11-27 07:50:00,2.9268,5.5552,0.348,1.0366,120,74.7139,34.9669,120,72.1859,72.8782,71.749,0.2734,120,27.9848,28.1866,27.7441,0.1353,120,1007.8033,1007.9592,1007.7395,0.0803,120,214.8251,247.9929,183.3512,19.8776,120,313.0101,774.1369,195.6411,193.0064,120,144.794,750.4222,15.2449,251.8406,120,120,0,275.3711,672.3228,171.514,166.1846,120,48.18,49.42,46.92,0.67,120,3.4634,3.466,3.4623,0.0013,0.5798,0.5819,0.5774,0.0014,0.7219,0.7288,0.7175,0.0027,-0.0009,-0.0001,-0.0047,0.0016,0.0027,0.0032,0.0023,0.0003,0.0026,0.0064,0.0016,0.0016,0.2754,0.6723,0.1715,0.1662,295.3083,581,15,112.6717,0,0,0,0,232.7,991,39,132.8827,36.2,46.65,47,41,23.67,23.68,23.63
2022-11-27 08:00:00,2.2789,5.1228,0.3388,1.1481,120,82.2368,46.915,120,73.1984,74.3736,72.3594,0.6001,120,27.7755,28.1805,27.6098,0.167,120,1007.9032,1007.9592,1007.7395,0.0744,120,274.979,335.2228,193.9244,49.7673,120,521.2387,871.5906,198.5714,290.591,120,337.5879,732.2285,14.7535,324.0488,120,120,0,457.8743,769.6768,172.4296,256.9648,120,45.88,46.92,44.69,0.67,120,3.4651,3.466,3.4623,0.0012,0.5777,0.5818,0.5761,0.0017,0.732,0.7437,0.7236,0.006,-0.0021,-0.0001,-0.0045,0.002,0.0035,0.0043,0.0025,0.0006,0.0043,0.0073,0.0017,0.0024,0.4579,0.7697,0.1724,0.257,224.8833,534,14,124.7983,0,0,0,0,276.5833,1020,11,174.34,37,46.9667,49,43,23.67,23.68,23.63
2022-11-27 08:10:00,2.7713,5.684,0.6148,1.1731,120,80.3399,48.1361,120,72.4726,73.336,70.864,0.4905,120,28.4031,28.6352,28.1896,0.1347,120,1007.9359,1008.1423,1007.7578,0.0779,120,283.1252,319.363,238.1402,29.7793,120,811.7295,860.6002,478.1116,67.6202,120,686.4329,721.4099,225.717,83.6523,120,120,0,711.0177,759.9109,409.2532,61.9264,120,43.6,44.69,42.47,0.67,120,3.4656,3.469,3.4626,0.0013,0.584,0.5864,0.5819,0.0014,0.7247,0.7334,0.7086,0.0049,-0.0043,-0.0014,-0.0045,0.0005,0.0036,0.0041,0.003,0.0004,0.0068,0.0072,0.004,0.0006,0.711,0.7599,0.4093,0.0619,278.4,595,44,127.5135,0,0,0,0,269.025,961,30,175.9743,37,46.9,47,41,23.67,23.68,23.63
2022-11-27 08:20:00,2.8567,5.592,1.0564,1.0144,120,77.9315,38.594,120,71.0588,71.5659,70.5588,0.3212,120,28.4903,28.6657,28.3544,0.0844,120,1007.9345,1008.1423,1007.7578,0.0689,120,228.2641,249.1945,222.2803,6.5449,120,781.0156,793.9208,764.611,8.4897,120,691.5144,710.0983,668.3,11.6267,120,120,0,680.756,691.2442,665.9139,7.1264,120,41.33,42.47,40.26,0.66,120,3.4656,3.469,3.4626,0.0011,0.5849,0.5867,0.5835,0.0008,0.7106,0.7157,0.7056,0.0032,-0.0043,-0.0041,-0.0044,0.0001,0.0029,0.0032,0.0028,0.0001,0.0065,0.0066,0.0064,0.0001,0.6808,0.6912,0.6659,0.0071,287.6833,585,92,110.2663,0,0,0,0,237.5417,869,34,129.1274,37,46.9,49,41,23.67,23.68,23.63
2022-11-27 08:30:00,2.1967,5.73,0.5228,1.0031,120,64.8672,46.889,120,69.9184,71.1997,68.3615,0.6956,120,28.9165,29.1479,28.6779,0.1496,120,1007.9528,1008.1423,1007.7578,0.036,120,234.532,251.3575,222.0402,7.9001,120,782.2948,809.6747,475.1801,38.6903,120,660.759,694.3619,263.582,53.5005,120,120,0,684.4895,710.1657,402.8443,36.0905,120,39.07,40.26,38.07,0.65,120,3.4659,3.469,3.4626,0.0006,0.5892,0.5915,0.5868,0.0015,0.6992,0.712,0.6836,0.007,-0.0041,-0.0016,-0.0043,0.0003,0.003,0.0032,0.0028,0.0001,0.0065,0.0067,0.004,0.0003,0.6845,0.7102,0.4028,0.0361,215.95,600,34,109.0353,0,0,0,0,248.275,1017,18,201.6629,37,46.9,47,41,23.68,23.68,23.63
2022-11-27 08:40:00,3.2401,5.7576,1.084,1.1644,120,83.2626,36.1412,120,68.3047,69.1549,67.568,0.3641,120,28.718,29.0503,28.4429,0.153,120,1007.9426,1008.1606,1007.7578,0.0683,120,271.9131,336.6646,231.4118,31.8319,120,775.6055,925.8139,267.8151,178.123,120,591.5317,720.9169,15.7364,217.1822,120,120,0,682.8237,819.422,227.3629,159.2904,120,36.83,37.83,35.66,0.65,120,3.4657,3.4693,3.4626,0.0011,0.5872,0.5905,0.5844,0.0015,0.683,0.6915,0.6757,0.0036,-0.0037,-0.0001,-0.0045,0.0013,0.0035,0.0043,0.0029,0.0004,0.0065,0.0077,0.0022,0.0015,0.6828,0.8194,0.2274,0.1593,329.3583,603,95,126.5618,0,0,0,0,257.8083,1013,32,132.6643,37.9,46.85,49,41,23.68,23.68,23.63
2022-11-27 08:50:00,3.0441,6.0612,0.5136,1.2788,120,83.3732,40.917,120,69.2699,70.4062,68.2089,0.564,120,28.4039,28.507,28.2812,0.0604,120,1007.8692,1007.9775,1007.7578,0.0902,120,266.1078,303.5032,247.0315,13.6434,120,883.8949,944.8643,589.4874,41.9367,120,704.0461,734.6874,289.6455,51.8363,120,120,0,777.8583,837.4279,467.5436,40.5666,120,34.62,35.66,33.51,0.64,120,3.4645,3.4663,3.4626,0.0015,0.584,0.5851,0.5828,0.0006,0.6927,0.7041,0.6821,0.0056,-0.0044,-0.0018,-0.0046,0.0003,0.0034,0.0039,0.0031,0.0002,0.0074,0.0079,0.0049,0.0003,0.7779,0.8374,0.4675,0.0406,308.05,636,33,138.9983,0,0,0,0,270.0417,1000,6,160.6266,38,46.9333,49,41,23.68,23.68,23.63
2022-11-27 09:00:00,2.8811,6.1624,0.4308,1.1763,120,68.7556,43.191,120,70.3266,70.9555,69.5517,0.3855,120,28.7269,28.8641,28.5162,0.0851,120,1007.8475,1007.9958,1007.7761,0.0826,120,314.1564,367.9039,269.3795,29.9764,120,887.9281,1031.6939,343.2869,175.9605,120,635.1507,744.03,38.8495,206.9683,120,120,0,789.8419,930.8145,296.6399,158.4801,120,32.43,33.51,31.39,0.64,120,3.4641,3.4666,3.4629,0.0014,0.5873,0.5886,0.5852,0.0008,0.7033,0.7096,0.6955,0.0039,-0.0039,-0.0002,-0.0046,0.0013,0.004,0.0047,0.0034,0.0004,0.0074,0.0086,0.0029,0.0015,0.7898,0.9308,0.2966,0.1585,290.3417,647,24,127.856,0,0,0,0,235.2083,997,12,166.6691,38,46.8,49,41,23.68,23.68,23.63
2022-11-27 09:10:00,3.0344,5.1596,1.0196,0.9926,120,99.4009,44.1988,120,70.0379,70.7114,68.9413,0.4121,120,28.7621,28.8122,28.6932,0.0265,120,1007.9432,1008.179,1007.7761,0.0807,120,295.2225,335.9441,267.6976,17.3754,120,865.7567,980.4022,301.8884,198.9255,120,620.0865,757.3074,18.1953,219.1314,120,120,0,774.6564,880.7642,262.4592,179.9099,120,30.27,31.39,29.3,0.62,120,3.4657,3.4696,3.4629,0.0013,0.5876,0.5881,0.5869,0.0003,0.7004,0.7071,0.6894,0.0041,-0.0038,-0.0001,-0.0047,0.0014,0.0037,0.0043,0.0034,0.0002,0.0072,0.0082,0.0025,0.0017,0.7747,0.8808,0.2625,0.1799,307,538,88,107.8894,0,0,0,0,321.225,970,0,169.4457,38.4,46.8167,47,41,23.68,23.68,23.63
2022-11-27 09:20:00,2.303,5.0584,0.394,1.1559,120,72.8126,56.1559,120,69.8258,70.9555,68.7887,0.6032,120,28.822,29.151,28.507,0.2389,120,1007.9908,1008.179,1007.7944,0.0497,120,290.1081,330.6575,267.2173,18.4732,120,950.1588,1011.91,458.6939,77.5643,120,703.1117,743.0471,200.145,80.5503,120,120,0,847.705,901.5168,409.5584,73.6319,120,28.15,29.3,27.03,0.61,120,3.4665,3.4696,3.4632,0.0008,0.5882,0.5915,0.5851,0.0024,0.6983,0.7096,0.6879,0.006,-0.0044,-0.0012,-0.0046,0.0005,0.0037,0.0042,0.0034,0.0002,0.0079,0.0084,0.0038,0.0006,0.8477,0.9015,0.4096,0.0736,227.5,527,20,125.6365,0,0,0,0,304.8583,1017,5,230.9044,39,46.9833,49,41,23.68,23.68,23.63
2022-11-27 09:30:00,2.3676,4.7272,0.3848,0.9902,120,60.5969,42.8795,120,68.4474,69.5822,66.9881,0.6504,120,29.1482,29.2975,29.0472,0.0747,120,1008.0328,1008.1973,1007.9775,0.0779,120,270.0067,309.7512,247.5126,16.6361,120,935.9468,978.9376,404.8379,76.8417,120,693.2438,730.261,90.4834,85.1741,120,120,0,836.08,878.0175,347.6058,68.2911,120,26.09,27.03,25.05,0.59,120,3.4672,3.47,3.4663,0.0013,0.5915,0.593,0.5905,0.0008,0.6845,0.6958,0.6699,0.0065,-0.0043,-0.0006,-0.0045,0.0005,0.0034,0.0039,0.0031,0.0002,0.0078,0.0082,0.0034,0.0006,0.8361,0.878,0.3476,0.0683,234.525,491,19,107.6306,0,0,0,0,226.3917,993,0,188.7881,39,46.9167,49,41,23.68,23.68,23.63
2022-11-27 09:40:00,1.7426,4.2304,0.3388,0.7927,120,79.1054,60.3934,120,68.615,69.216,67.4764,0.4051,120,29.3172,29.9231,28.9984,0.2973,120,1008.0557,1008.2156,1007.9775,0.0906,120,256.804,281.8756,243.6677,11.1011,120,961.6506,1001.2857,917.3866,25.3401,120,721.3395,746.4889,689.4457,14.5203,120,120,0,860.7262,896.939,819.422,23.9525,120,24.09,25.05,23.13,0.58,120,3.4676,3.4703,3.4663,0.0015,0.5932,0.5992,0.59,0.003,0.6862,0.6922,0.6748,0.0041,-0.0045,-0.0043,-0.0046,0.0001,0.0033,0.0036,0.0031,0.0001,0.008,0.0083,0.0076,0.0002,0.8607,0.8969,0.8194,0.024,166.5833,437,14,86.1589,0,0,0,0,333.3917,1009,32,241.7693,39,46.8667,47,39,23.68,23.68,23.68
2022-11-27 09:50:00,3.4336,5.9692,1.728,1.0252,120,48.1487,29.3673,120,66.4055,67.7206,64.7908,0.8838,120,29.1124,29.9292,28.6077,0.4738,120,1008.0613,1008.2156,1007.7944,0.1083,120,291.4037,336.4244,269.6205,18.2622,120,902.7996,1078.9556,334.1285,216.345,120,618.1727,757.3074,25.572,229.6597,120,120,0,810.8895,972.0145,290.5362,197.3389,120,22.17,23.13,21.31,0.55,120,3.4677,3.4703,3.4632,0.0018,0.5911,0.5993,0.5861,0.0047,0.6641,0.6772,0.6479,0.0088,-0.0038,-0.0002,-0.0047,0.0014,0.0037,0.0043,0.0034,0.0002,0.0075,0.009,0.0028,0.0018,0.8109,0.972,0.2905,0.1973,350.3917,626,165,111.4353,0,0,0,0,178.4083,1014,7,177.8882,39.9,46.8333,47,41,23.68,23.68,23.63
2022-11-27 10:00:00,2.9457,5.8404,0.4584,1.196,120,47.0332,40.3305,120,68.4189,69.1549,67.1712,0.489,120,28.6419,28.7909,28.5131,0.0982,120,1007.8932,1008.0325,1007.8127,0.0895,120,320.4383,394.578,278.5118,31.477,120,844.7636,1106.4334,323.1369,277.9139,120,522.7225,764.6842,18.1953,299.3338,120,120,0,757.3092,1000.3967,280.1599,257.0109,120,20.35,21.31,19.41,0.51,120,3.4649,3.4672,3.4635,0.0015,0.5864,0.5879,0.5851,0.001,0.6842,0.6915,0.6717,0.0049,-0.0032,-0.0001,-0.0047,0.0019,0.0041,0.005,0.0035,0.0004,0.007,0.0092,0.0027,0.0023,0.7573,1.0004,0.2802,0.257,297.3583,612,27,130.0039,0,0,0,0,237.7833,1020,5,253.2327,40,46.8667,47,41,23.68,23.68,23.68
2022-11-27 10:10:00,3.4347,6.5948,0.486,1.3842,120,59.7179,46.5147,120,68.9728,70.4672,67.6901,0.8702,120,28.4912,28.7664,28.3331,0.1285,120,1007.8811,1008.0325,1007.7944,0.0802,120,337.0913,414.5228,291.7283,36.952,120,907.5226,1161.7551,355.0108,268.0282,120,564.485,786.3213,25.079,290.6512,120,120,0,816.5558,1049.5315,313.1199,243.7787,120,18.67,19.41,17.86,0.46,120,3.4647,3.4672,3.4632,0.0013,0.5849,0.5877,0.5833,0.0013,0.6897,0.7047,0.6769,0.0087,-0.0035,-0.0002,-0.0049,0.0018,0.0043,0.0053,0.0037,0.0005,0.0076,0.0097,0.003,0.0022,0.8166,1.0495,0.3131,0.2438,350.5083,694,30,150.4558,0,0,0,0,244.4917,1012,22,215.0756,40,46.8,47,41,23.68,23.68,23.68
2022-11-27 10:20:00,3.2794,5.5184,1.0196,1.083,120,96.2422,40.3745,120,69.4647,70.3146,68.5446,0.4271,120,28.6296,28.7237,28.4826,0.067,120,1007.8376,1008.0142,1007.6479,0.0526,120,298.1742,364.3,263.3724,27.717,120,1092.3984,1162.4874,811.5066,42.0133,120,778.4449,797.6313,485.3658,43.8549,120,120,0,984.5195,1054.7197,729.3924,37.9488,120,17.17,17.86,16.5,0.41,120,3.464,3.4669,3.4608,0.0009,0.5863,0.5872,0.5848,0.0007,0.6946,0.7031,0.6854,0.0043,-0.0048,-0.003,-0.005,0.0003,0.0038,0.0046,0.0033,0.0004,0.0091,0.0097,0.0068,0.0003,0.9845,1.0547,0.7294,0.0379,333.6333,577,88,117.7203,0,0,0,0,299.525,1017,70,148.8894,40,46.85,47,41,23.68,23.68,23.68
2022-11-27 10:30:00,2.5308,5.0124,0.4124,1.0415,120,42.0343,49.711,120,69.2572,70.7419,68.1783,0.6484,120,28.9851,29.0899,28.7451,0.0679,120,1007.7697,1007.8494,1007.6479,0.0869,120,294.6878,363.3386,257.8457,24.8425,120,932.4235,1141.2389,274.7767,286.2426,120,616.3655,795.6639,14.7535,281.7262,120,120,0,840.0856,1033.6619,238.0444,264.6867,120,15.9,16.5,15.38,0.33,120,3.4628,3.4642,3.4608,0.0014,0.5898,0.5909,0.5875,0.0007,0.6926,0.7074,0.6818,0.0065,-0.0038,-0.0001,-0.0049,0.0017,0.0037,0.0046,0.0033,0.0003,0.0078,0.0095,0.0023,0.0024,0.8401,1.0337,0.238,0.2647,252.2583,522,22,113.2022,0,0,0,0,256.95,1013,9,276.885,41,46.6667,49,39,23.68,23.68,23.68
2022-11-27 10:40:00,2.8471,6.1532,0.4768,1.4005,120,63.4186,51.4853,120,69.0491,70.4062,67.2933,0.9026,120,28.971,29.3066,28.6535,0.2415,120,1007.7038,1007.8494,1007.6296,0.0798,120,324.4514,413.8024,271.7827,37.9763,120,830.5272,1174.9448,316.1765,329.9302,120,489.4141,815.3352,15.7364,335.2588,120,120,0,748.0392,1060.5182,273.751,302.8996,120,14.91,15.38,14.56,0.24,120,3.4617,3.4642,3.4605,0.0013,0.5897,0.5931,0.5865,0.0024,0.6905,0.7041,0.6729,0.009,-0.003,-0.0001,-0.0051,0.0021,0.0041,0.0053,0.0035,0.0005,0.0069,0.0098,0.0026,0.0027,0.748,1.0605,0.2738,0.3029,286.6417,646,29,152.2257,0,0,0,0,265.9583,1016,4,224.0519,41,46.9333,49,41,23.68,23.68,23.68
2022-11-27 10:50:00,3.2939,5.4908,0.8816,1.1022,120,54.2691,47.866,120,69.1425,70.04,68.0868,0.5321,120,28.8206,28.9679,28.5437,0.1213,120,1007.6165,1007.6846,1007.4465,0.0763,120,285.4982,370.7882,244.3882,38.3381,120,989.5557,1231.3649,343.6543,245.1396,120,678.827,838.4483,25.079,259.9948,120,120,0,890.9904,1119.1137,299.9969,224.7805,120,14.27,14.49,14.06,0.13,120,3.4603,3.4614,3.4574,0.0013,0.5882,0.5897,0.5854,0.0012,0.6914,0.7004,0.6809,0.0053,-0.0042,-0.0002,-0.0052,0.0016,0.0036,0.0047,0.0031,0.0005,0.0082,0.0103,0.0029,0.002,0.891,1.1191,0.3,0.2248,335.2083,574,73,119.8047,0,0,0,0,228.15,1022,12,210.4543,41,46.95,49,41,23.68,23.68,23.68
2022-11-27 11:00:00,3.1687,5.914,0.6332,1.1789,120,55.3623,42.5796,120,69.2785,70.2231,67.7816,0.5517,120,28.7779,28.9343,28.5437,0.1477,120,1007.5489,1007.6846,1007.4648,0.0857,120,270.2009,347.2378,237.4197,24.7129,120,1004.5615,1185.9352,254.6267,259.9892,120,712.0657,848.2823,16.2278,250.1228,120,120,0,906.6006,1090.1212,213.6296,237.6463,120,14.01,14.06,13.99,0.02,120,3.4591,3.4614,3.4577,0.0014,0.5878,0.5893,0.5854,0.0015,0.6928,0.7022,0.6778,0.0055,-0.0044,-0.0001,-0.0053,0.0016,0.0034,0.0044,0.003,0.0003,0.0084,0.0099,0.0021,0.0022,0.9066,1.0901,0.2136,0.2376,321.6,620,46,128.1426,0,0,0,0,212.6917,1015,0,194.9567,41,46.85,47,41,23.68,23.68,23.68
2022-11-27 11:10:00,2.5008,5.2792,0.7068,1.0051,120,97.1736,50.7574,120,69.2816,70.0095,68.1478,0.4466,120,28.9777,29.3585,28.739,0.201,120,1007.4586,1007.6846,1007.3,0.1099,120,249.2224,309.5102,227.3268,19.8203,120,1079.206,1146.3673,308.4826,130.1723,120,799.9019,836.4808,25.079,132.7843,120,120,0,973.7261,1039.1553,264.5955,121.246,120,14.17,14.38,14.03,0.11,120,3.4576,3.4614,3.455,0.0018,0.5898,0.5936,0.5874,0.002,0.6928,0.7001,0.6815,0.0045,-0.005,-0.0002,-0.0052,0.0008,0.0032,0.0039,0.0029,0.0003,0.009,0.0095,0.0026,0.0011,0.9737,1.0392,0.2646,0.1212,249,551,54,109.2452,0,0,0,0,309.7833,1006,13,172.6088,41,46.7167,47,41,23.68,23.68,23.68
2022-11-27 11:20:00,2.895,6.42,0.5504,1.3111,120,64.1517,41.644,120,68.0263,69.7653,66.744,0.7622,120,29.345,29.5935,29.0319,0.1842,120,1007.333,1007.5014,1007.1169,0.0651,120,255.8148,310.9528,234.2953,18.0684,120,946.8188,1107.8992,346.9508,176.7308,120,667.6518,836.4808,45.2417,182.9972,120,120,0,854.1342,1001.9227,299.6918,159.8012,120,14.73,15.09,14.38,0.22,120,3.4555,3.4584,3.4519,0.0011,0.5935,0.5959,0.5903,0.0018,0.6803,0.6977,0.6674,0.0076,-0.0041,-0.0003,-0.0052,0.0011,0.0032,0.0039,0.003,0.0002,0.0079,0.0092,0.0029,0.0015,0.8541,1.0019,0.2997,0.1598,291.85,675,37,142.5136,0,0,0,0,217.9417,949,6,159.6682,41.2,46.8667,49,41,23.68,23.68,23.68
2022-11-27 11:30:00,3.2275,7.4504,0.4032,1.4271,120,71.9918,49.5639,120,68.3223,69.6738,67.0797,0.7963,120,28.9722,29.27,28.7359,0.1926,120,1007.2153,1007.3366,1006.9338,0.0981,120,298.2003,340.7496,272.5039,20.3645,120,911.1711,1033.1597,428.2845,104.7216,120,592.7529,732.7199,89.9919,121.4526,120,120,0,822.6646,933.5612,374.7673,96.2427,120,15.65,16.26,15.09,0.31,120,3.4536,3.4556,3.4489,0.0016,0.5897,0.5927,0.5874,0.0019,0.6832,0.6967,0.6708,0.008,-0.0037,-0.0006,-0.0045,0.0008,0.0038,0.0043,0.0035,0.0003,0.0076,0.0086,0.0036,0.0009,0.8227,0.9336,0.3748,0.0962,327.9917,787,21,155.1156,0,0,0,0,282.3917,1019,24,216.7464,42,46.8,49,41,23.68,23.68,23.68
2022-11-27 11:40:00,3.8092,7.11,0.992,1.3242,120,81.0884,38.9984,120,69.2684,70.3757,68.0868,0.4952,120,28.5226,28.797,28.33,0.1194,120,1007.0536,1007.3183,1006.7324,0.1049,120,284.6171,322.7276,273.4654,9.2956,120,957.2908,1021.8019,910.7923,24.0884,120,659.9805,711.0828,607.8134,25.8929,120,120,0,866.5934,926.5419,825.5257,22.0438,120,16.87,17.57,16.26,0.39,120,3.4509,3.4553,3.4455,0.0017,0.5852,0.588,0.5833,0.0012,0.6927,0.7038,0.6809,0.005,-0.0041,-0.0038,-0.0044,0.0002,0.0036,0.0041,0.0035,0.0001,0.008,0.0085,0.0076,0.0002,0.8666,0.9265,0.8255,0.022,391.2167,750,85,143.9328,0,0,0,0,237.5,610,27,113.6965,42,46.85,47,41,23.68,23.68,23.68
2022-11-27 11:50:00,2.4818,5.9784,0.532,1.0461,120,75.5271,54.8677,120,70.4967,71.5964,69.4601,0.5972,120,28.8726,29.096,28.3483,0.2373,120,1006.8693,1007.1352,1006.7324,0.1003,120,324.0389,388.5701,255.6827,36.1819,120,767.2768,1089.9472,270.7467,263.3408,120,438.6073,716.9836,17.2108,243.5647,120,120,0,697.2691,983.6116,236.2133,244.5833,120,18.32,19.09,17.57,0.46,120,3.4478,3.4523,3.4455,0.0017,0.5887,0.591,0.5835,0.0024,0.705,0.716,0.6946,0.006,-0.0027,-0.0001,-0.0044,0.0015,0.0041,0.0049,0.0032,0.0005,0.0064,0.0091,0.0023,0.0022,0.6973,0.9836,0.2362,0.2446,246.9333,627,35,113.7065,0,0,0,0,284.6167,1020,21,218.7446,42,46.9167,49,41,23.68,23.68,23.63
2022-11-27 12:00:00,2.7189,4.5432,1.0932,0.8532,120,82.9222,31.2024,120,69.9253,71.0166,69.3686,0.4316,120,28.925,29.0381,28.8305,0.0567,120,1006.7719,1006.9704,1006.5493,0.0882,120,300.6493,371.2685,256.4031,36.3224,120,934.4508,1162.8535,308.8487,254.1179,120,634.2533,865.9861,19.6697,277.077,120,120,0,847.5524,1057.7715,271.9199,234.359,120,19.96,20.77,19.09,0.5,120,3.4462,3.4495,3.4425,0.0015,0.5893,0.5904,0.5883,0.0006,0.6993,0.7102,0.6937,0.0043,-0.0039,-0.0001,-0.0054,0.0017,0.0038,0.0047,0.0033,0.0005,0.0078,0.0097,0.0026,0.0021,0.8476,1.0578,0.2719,0.2344,272.7083,471,96,92.7424,0,0,0,0,238.725,539,51,90.5567,42,46.9333,49,45,23.68,23.68,23.68
2022-11-27 12:10:00,2.8649,5.73,0.7252,1.2802,120,91.9791,45.0996,120,70.1005,71.1386,68.8498,0.525,120,29.0911,29.2456,28.9343,0.1008,120,1006.5577,1006.769,1006.3662,0.0932,120,290.6187,381.8417,224.9236,49.6698,120,929.2331,1187.0348,308.1164,288.3371,120,638.2733,872.3783,15.7364,315.2136,120,120,0,845.2381,1091.0367,273.751,269.5687,120,21.75,22.77,20.77,0.54,120,3.4426,3.4462,3.4394,0.0016,0.5909,0.5925,0.5893,0.001,0.701,0.7114,0.6885,0.0053,-0.004,-0.0001,-0.0054,0.002,0.0037,0.0048,0.0029,0.0006,0.0077,0.0099,0.0026,0.0024,0.8452,1.091,0.2738,0.2696,288.575,600,56,139.152,0,0,0,0,308.475,949,37,173.3771,42,46.9667,49,45,23.68,23.68,23.68
2022-11-27 12:20:00,2.7839,5.5,0.9092,0.9783,120,76.7937,34.4383,120,69.6275,70.6809,68.3615,0.5391,120,29.0275,29.2547,28.8733,0.145,120,1006.4257,1006.5859,1006.3662,0.0845,120,290.7088,354.9276,268.6591,21.7533,120,1032.1124,1149.6651,371.8643,172.6379,120,756.3445,867.9536,76.7145,189.6899,120,120,0,939.1181,1064.4856,334.4829,158.209,120,23.65,24.67,22.77,0.57,120,3.4404,3.4431,3.4394,0.0014,0.5903,0.5926,0.5887,0.0014,0.6963,0.7068,0.6836,0.0054,-0.0047,-0.0005,-0.0054,0.0012,0.0037,0.0045,0.0034,0.0003,0.0086,0.0096,0.0031,0.0014,0.9391,1.0645,0.3345,0.1582,279.7667,575,76,106.3408,0,0,0,0,227.5583,858,26,112.7603,42,46.8833,49,39,23.68,23.68,23.68
2022-11-27 12:30:00,2.8468,5.73,0.532,1.0455,120,95.9631,44.0001,120,69.7442,70.8335,68.4225,0.6011,120,29.1361,29.2425,28.9679,0.1001,120,1006.3401,1006.5676,1006.1647,0.0922,120,312.4743,347.2378,273.7055,20.0904,120,653.4338,1119.2557,285.7671,333.3878,120,353.9389,820.7444,14.2604,340.5764,120,120,0,588.1909,1019.3182,250.557,306.9819,120,25.63,26.64,24.67,0.59,120,3.439,3.4428,3.4361,0.0015,0.5914,0.5924,0.5897,0.001,0.6974,0.7083,0.6842,0.006,-0.0022,-0.0001,-0.0051,0.0021,0.004,0.0044,0.0035,0.0003,0.0054,0.0093,0.0024,0.0028,0.5882,1.0193,0.2506,0.307,286.6083,600,35,113.6459,0,0,0,0,297.7583,1014,28,151.2169,42,46.9667,49,45,23.68,23.68,23.68
2022-11-27 12:40:00,2.8815,6.4936,0.5044,1.1749,120,58.1365,47.902,120,69.8851,70.7114,68.8803,0.5015,120,29.0778,29.2151,28.9404,0.0761,120,1006.198,1006.3845,1005.9999,0.0773,120,316.6776,390.0118,268.6591,35.9836,120,749.9139,1169.0828,296.7587,347.2951,120,459.5848,848.2823,15.2449,361.8149,120,120,0,676.9158,1066.3167,255.4399,319.1912,120,27.68,28.67,26.64,0.61,120,3.4366,3.4397,3.4333,0.0013,0.5908,0.5921,0.5894,0.0008,0.6989,0.7071,0.6888,0.005,-0.0029,-0.0001,-0.0053,0.0022,0.004,0.005,0.0034,0.0005,0.0062,0.0097,0.0025,0.0029,0.6769,1.0663,0.2554,0.3192,290.3833,683,32,127.7104,0,0,0,0,239.4583,1004,6,220.4775,42,46.9333,49,41,23.68,23.68,23.68
2022-11-27 12:50:00,3.3319,6.3556,0.7712,1.2151,120,58.5308,32.3043,120,69.4861,70.1621,68.9108,0.2836,120,28.9314,29.1113,28.5772,0.1737,120,1005.9931,1006.2014,1005.7985,0.1003,120,318.1314,374.8732,251.1165,31.7251,120,698.0758,1173.479,262.3205,338.2082,120,407.3807,858.1179,14.7535,350.0647,120,120,0,622.6564,1066.3167,220.3436,310.7353,120,29.79,30.74,28.67,0.62,120,3.4332,3.4367,3.43,0.0017,0.5893,0.5911,0.5858,0.0017,0.6949,0.7016,0.6891,0.0028,-0.0025,-0.0001,-0.0053,0.0022,0.004,0.0048,0.0032,0.0004,0.0058,0.0098,0.0022,0.0028,0.6227,1.0663,0.2203,0.3107,339.3417,668,61,132.0731,0,0,0,0,186.8667,1002,52,130.6004,42,46.8667,49,39,23.68,23.68,23.63
2022-11-27 13:00:00,2.8617,6.2728,0.624,1.1228,120,70.9784,43.5482,120,70.8828,71.688,70.0705,0.3919,120,28.7649,28.8885,28.5711,0.1169,120,1005.838,1006.0182,1005.7985,0.0702,120,276.4989,330.6575,206.9008,29.0088,120,691.1667,1062.8355,217.2569,305.9411,120,460.0725,858.6094,15.2449,329.7974,120,120,0,614.5334,957.976,179.4488,283.256,120,31.94,33.09,30.97,0.63,120,3.4306,3.4336,3.43,0.0012,0.5877,0.5889,0.5857,0.0012,0.7088,0.7169,0.7007,0.0039,-0.0029,-0.0001,-0.0053,0.002,0.0035,0.0042,0.0026,0.0004,0.0058,0.0089,0.0018,0.0025,0.6145,0.958,0.1794,0.2833,288.2333,659,45,122.0463,0,0,0,0,232.6417,960,10,158.9049,42,46.9,47,41,23.68,23.68,23.63
2022-11-27 13:10:00,2.534,5.4816,0.302,1.3955,120,86.5809,57.8047,120,70.9853,72.1763,69.6738,0.6477,120,28.9864,29.1113,28.8061,0.0831,120,1005.7285,1005.8351,1005.6154,0.0919,120,284.549,404.6709,208.8236,61.481,120,456.8953,1081.5198,215.0588,266.5746,120,195.355,855.1676,13.7689,280.3118,120,120,0,407.445,990.0205,182.5007,244.6656,120,34.12,35.23,33.09,0.64,120,3.4288,3.4306,3.4269,0.0015,0.5899,0.5911,0.5881,0.0008,0.7099,0.7218,0.6967,0.0065,-0.0012,-0.0001,-0.0053,0.0017,0.0036,0.0051,0.0027,0.0008,0.0038,0.009,0.0018,0.0022,0.4074,0.99,0.1825,0.2447,252.6083,573,10,151.68,0,0,0,0,314.3917,1001,4,210.3392,42,46.8333,49,41,23.68,23.68,23.68
2022-11-27 13:20:00,2.743,5.9508,0.7252,1.1603,120,79.2766,56.4297,120,70.5171,71.8711,68.7887,0.8375,120,29.0111,29.1479,28.797,0.1242,120,1005.5736,1005.652,1005.4323,0.0818,120,216.0046,274.9071,148.2669,43.2927,120,690.318,990.2941,238.8727,260.8651,120,553.0599,863.0358,27.0464,331.916,120,120,0,617.4047,894.8027,203.2533,236.0008,120,36.33,37.4,35.23,0.65,120,3.4262,3.4275,3.4239,0.0014,0.5901,0.5915,0.588,0.0012,0.7052,0.7187,0.6879,0.0084,-0.0034,-0.0002,-0.0054,0.0021,0.0027,0.0035,0.0019,0.0006,0.0057,0.0082,0.002,0.0022,0.6174,0.8948,0.2033,0.236,275.325,624,56,126.1236,0,0,0,0,282.4667,938,29,193.9481,42,46.8167,49,41,23.68,23.68,23.68
2022-11-27 13:30:00,2.7406,5.132,0.8632,0.9344,120,80.8011,45.2343,120,69.2178,69.7958,68.6666,0.337,120,28.9555,29.2486,28.7756,0.1369,120,1005.5211,1005.6337,1005.4323,0.0887,120,155.7626,178.5457,142.0189,11.6197,120,865.8176,880.018,858.0348,7.0655,120,853.6266,862.0512,842.3816,3.8972,120,120,0,771.0476,783.7153,762.6576,6.5443,120,38.56,39.58,37.4,0.65,120,3.4254,3.4272,3.4239,0.0015,0.5896,0.5925,0.5878,0.0014,0.6922,0.698,0.6867,0.0034,-0.0053,-0.0052,-0.0053,0,0.002,0.0023,0.0018,0.0001,0.0072,0.0073,0.0071,0.0001,0.771,0.7837,0.7627,0.0065,275.0667,535,71,101.5684,0,0,0,0,252.1167,866,0,145.4561,42,46.9333,49,41,23.68,23.73,23.68
2022-11-27 13:40:00,2.9797,6.2084,0.5412,1.2149,120,89.7339,47.5692,120,68.0413,69.6127,66.9271,0.6815,120,29.1568,29.444,28.8549,0.2179,120,1005.4718,1005.652,1005.2492,0.0702,120,205.8678,239.1016,179.2661,12.1127,120,683.9981,915.5558,199.3049,296.829,120,593.2242,857.6265,15.2449,361.9854,120,120,0,609.6708,823.3894,169.3777,269.6199,120,40.82,42.03,39.58,0.66,120,3.4245,3.4275,3.4208,0.0012,0.5916,0.5944,0.5886,0.0022,0.6804,0.6961,0.6693,0.0068,-0.0037,-0.0001,-0.0053,0.0022,0.0026,0.003,0.0023,0.0002,0.0057,0.0076,0.0017,0.0025,0.6097,0.8234,0.1694,0.2696,301.05,652,36,132.0587,0,0,0,0,305.8083,1010,34,180.6744,42,46.8667,47,41,23.68,23.68,23.68
2022-11-27 13:50:00,3.1848,5.8312,0.4952,1.2856,120,82.916,37.8021,120,68.7961,69.5517,68.0868,0.355,120,28.8364,28.9679,28.6535,0.1134,120,1005.3354,1005.4689,1005.0661,0.0959,120,218.1253,270.1008,166.2898,35.6469,120,674.7534,917.0204,216.8908,244.3924,120,588.1714,834.0219,26.5549,316.1424,120,120,0,600.3067,819.1168,180.6696,220.5298,120,43.09,44.25,42.03,0.66,120,3.4223,3.4245,3.4178,0.0016,0.5884,0.5897,0.5865,0.0011,0.688,0.6955,0.6809,0.0036,-0.0037,-0.0002,-0.0052,0.002,0.0028,0.0034,0.0021,0.0005,0.0056,0.0076,0.0018,0.002,0.6003,0.8191,0.1807,0.2205,323.35,611,31,139.7402,0,0,0,0,248.9417,871,30,121.5011,42,47.0333,49,47,23.68,23.68,23.68
2022-11-27 14:00:00,3.0681,6.0796,0.7436,1.1931,120,86.0193,36.013,120,69.6905,70.4062,69.0024,0.3546,120,28.7623,28.8244,28.6474,0.0446,120,1005.1779,1005.4506,1005.0478,0.1022,120,191.2172,267.4575,163.1661,31.9577,120,763.2803,859.5006,284.3025,106.0854,120,765.1388,832.0545,59.9952,159.1204,120,120,0,672.2643,763.8783,246.8947,95.4356,120,45.36,46.48,44.25,0.67,120,3.4196,3.4242,3.4175,0.0017,0.5876,0.5882,0.5865,0.0004,0.6969,0.7041,0.69,0.0035,-0.0047,-0.0004,-0.0052,0.001,0.0024,0.0034,0.0021,0.0004,0.0064,0.0072,0.0024,0.0009,0.6723,0.7639,0.2469,0.0954,310.6667,638,58,129.6856,0,0,0,0,262.925,1020,82,129.1802,42,46.9,49,41,23.68,23.68,23.68
2022-11-27 14:10:00,2.956,6.9996,0.7712,1.1068,120,83.7375,42.8516,120,70.0664,70.7724,69.4296,0.3796,120,28.7218,28.8092,28.6444,0.0489,120,1005.0554,1005.2492,1004.8647,0.0541,120,209.7787,261.4496,157.1583,28.179,120,510.8919,841.5486,198.9388,217.968,120,420.9942,809.4344,15.7364,311.1879,120,120,0,449.8759,744.6516,167.8518,195.507,120,47.65,48.72,46.48,0.67,120,3.4176,3.4208,3.4144,0.0009,0.5872,0.5881,0.5864,0.0005,0.7007,0.7077,0.6943,0.0038,-0.0026,-0.0001,-0.005,0.0019,0.0027,0.0033,0.002,0.0004,0.0043,0.007,0.0017,0.0018,0.4499,0.7447,0.1679,0.1955,298.4833,738,61,120.307,0,0,0,0,277.9833,995,48,170.5307,42,46.8333,47,41,23.68,23.68,23.68
2022-11-27 14:20:00,2.5315,6.1256,0.532,1.208,120,87.7726,45.4082,120,70.3932,71.5354,69.216,0.6025,120,29.0135,29.1693,28.7359,0.1155,120,1005.0079,1005.0844,1004.8647,0.0842,120,206.2062,258.5661,153.0732,29.8388,120,489.9326,760.2149,197.1068,233.9625,120,415.9045,796.1569,16.2278,346.5086,120,120,0,426.0893,669.5761,164.4948,207.846,120,49.96,51.21,48.72,0.67,120,3.4168,3.4181,3.4144,0.0014,0.5901,0.5917,0.5874,0.0012,0.7039,0.7154,0.6922,0.006,-0.0026,-0.0001,-0.0049,0.0022,0.0026,0.0033,0.0019,0.0004,0.0041,0.0063,0.0016,0.0019,0.4261,0.6696,0.1645,0.2078,252.3417,643,35,131.3007,0,0,0,0,274.1333,934,1,157.8514,42,46.9333,47,45,23.68,23.68,23.68
2022-11-27 14:30:00,2.6233,5.2976,0.578,1.0913,120,83.9533,47.2832,120,70.3663,71.1386,69.277,0.491,120,29.1687,29.3097,29.0045,0.0753,120,1004.8904,1005.0661,1004.8463,0.0525,120,210.1051,252.5591,175.9016,22.973,120,510.6965,732.0048,198.2053,195.5457,120,462.9371,764.6842,20.6542,302.4628,120,120,0,447.4497,644.2457,166.9363,173.6899,120,52.27,53.47,51.21,0.67,120,3.4148,3.4178,3.4141,0.0009,0.5917,0.5931,0.59,0.0008,0.7037,0.7114,0.6928,0.0049,-0.0029,-0.0001,-0.0047,0.0019,0.0027,0.0032,0.0022,0.0003,0.0043,0.0061,0.0017,0.0016,0.4474,0.6442,0.1669,0.1737,262.3167,553,40,118.6146,0,0,0,0,291.2083,1021,4,190.9927,42,46.85,47,41,23.68,23.68,23.68
2022-11-27 14:40:00,2.3793,5.5736,0.2836,1.1369,120,63.5449,51.8067,120,70.3538,71.3218,69.5517,0.4451,120,29.0224,29.1571,28.919,0.0601,120,1004.8143,1004.9013,1004.6815,0.0894,120,213.7357,252.5591,180.2276,21.6572,120,376.1782,644.8091,199.6711,169.3448,120,265.656,700.7557,15.2449,264.3968,120,120,0,322.5425,560.625,166.0207,148.5798,120,54.58,55.73,53.47,0.68,120,3.4136,3.415,3.4114,0.0015,0.5902,0.5916,0.5892,0.0006,0.7035,0.7132,0.6955,0.0045,-0.0016,-0.0001,-0.0043,0.0016,0.0027,0.0032,0.0023,0.0003,0.0031,0.0054,0.0017,0.0014,0.3225,0.5606,0.166,0.1486,235.7917,583,8,123.5752,0,0,0,0,238.0417,997,2,201.6995,42,47.0167,49,45,23.68,23.68,23.68
2022-11-27 14:50:00,2.7159,5.7668,0.6608,1.1439,120,54.6811,42.3581,120,70.6285,71.4438,69.7043,0.3818,120,28.7985,29.035,28.5498,0.16,120,1004.7572,1004.9013,1004.6632,0.0885,120,181.9776,226.1252,140.8173,25.6254,120,342.5547,618.7971,146.5474,160.2532,120,282.5355,686.4937,14.7535,257.5665,120,120,0,287.2148,532.8532,115.36,139.5649,120,56.9,57.99,55.73,0.68,120,3.4126,3.415,3.4111,0.0015,0.588,0.5904,0.5855,0.0016,0.7063,0.7144,0.697,0.0038,-0.0018,-0.0001,-0.0043,0.0016,0.0023,0.0029,0.0018,0.0003,0.0029,0.0052,0.0012,0.0013,0.2872,0.5329,0.1154,0.1396,272.3833,604,49,124.3363,0,0,0,0,245.5417,1022,10,234.895,42,46.8667,49,41,23.68,23.68,23.68
2022-11-27 15:00:00,2.2566,4.3408,0.7988,0.7257,120,62.7897,40.5687,120,71.6173,71.9932,71.1997,0.177,120,28.6818,28.739,28.5498,0.0525,120,1004.8235,1004.9013,1004.6815,0.0845,120,177.0033,200.1724,148.5071,15.37,120,358.6963,570.8019,153.1417,176.3502,120,340.8252,719.4425,15.7364,303.0063,120,120,0,298.0209,477.9199,119.3274,150.6457,120,59.22,60.26,57.99,0.67,120,3.4137,3.415,3.4114,0.0014,0.5868,0.5874,0.5855,0.0005,0.7162,0.7199,0.712,0.0018,-0.0021,-0.0001,-0.0045,0.0019,0.0022,0.0025,0.0019,0.0002,0.003,0.0048,0.0013,0.0015,0.298,0.4779,0.1193,0.1506,222.4583,449,64,78.8803,0,0,0,0,219.6167,1021,5,174.4672,42,46.9667,49,43,23.68,23.68,23.68
2022-11-27 15:10:00,2.4628,5.132,0.7068,1.1023,120,91.1442,41.1867,120,71.5926,72.3289,71.0166,0.3012,120,28.7632,28.8549,28.6474,0.0592,120,1004.8306,1004.9013,1004.6815,0.079,120,185.7364,223.0016,149.7087,17.0634,120,337.4713,588.7539,171.461,173.6624,120,295.5262,727.8021,15.2449,310.7929,120,120,0,281.7749,492.8739,142.5214,144.2571,120,61.55,62.78,60.51,0.67,120,3.4138,3.415,3.4114,0.0013,0.5876,0.5886,0.5865,0.0006,0.7159,0.7233,0.7102,0.003,-0.0018,-0.0001,-0.0045,0.0019,0.0024,0.0028,0.0019,0.0002,0.0028,0.0049,0.0014,0.0014,0.2818,0.4929,0.1425,0.1443,244.8667,535,54,119.8106,0,0,0,0,278.5833,988,10,146.6384,42,46.8833,47,41,23.68,23.68,23.68
2022-11-27 15:20:00,2.8199,5.3804,0.394,1.2463,120,76.6178,37.7409,120,72.0163,72.7256,71.1386,0.4144,120,28.4076,28.6413,28.272,0.1277,120,1004.846,1004.9013,1004.6815,0.0728,120,162.455,177.8244,139.3756,10.9624,120,322.0197,496.4298,142.8836,143.4302,120,355.8895,688.9526,14.7535,296.5031,120,120,0,265.389,408.3377,117.4963,116.3134,120,63.87,65.05,62.78,0.68,120,3.4141,3.415,3.4114,0.0012,0.5841,0.5864,0.5827,0.0013,0.7202,0.7273,0.7114,0.0041,-0.0022,-0.0001,-0.0043,0.0018,0.0021,0.0023,0.0018,0.0001,0.0027,0.0041,0.0012,0.0012,0.2654,0.4083,0.1175,0.1163,283.6833,562,20,135.4718,0,0,0,0,228.5,701,12,115.6635,42,46.9167,49,41,23.68,23.68,23.68
2022-11-27 15:30:00,2.2776,4.4604,0.6516,0.9228,120,79.4602,38.4237,120,72.188,72.9087,71.2912,0.3471,120,28.6552,28.9373,28.327,0.1877,120,1004.8416,1004.9013,1004.6815,0.0747,120,171.3642,183.5913,158.3598,6.5207,120,338.2529,483.2401,162.3013,139.1705,120,387.8415,692.3961,19.1782,302.8243,120,120,0,278.695,395.8251,140.08,109.348,120,66.2,67.32,65.05,0.68,120,3.414,3.415,3.4114,0.0012,0.5866,0.5894,0.5833,0.0019,0.7219,0.7291,0.7129,0.0035,-0.0024,-0.0001,-0.0043,0.0019,0.0022,0.0023,0.002,0.0001,0.0028,0.004,0.0014,0.0012,0.2787,0.3958,0.1401,0.1093,224.7417,462,48,100.3013,0,0,0,0,239.7167,985,39,129.8366,42,46.7,49,41,23.68,23.68,23.68
2022-11-27 15:40:00,2.2217,5.1136,0.6608,0.9854,120,73.8504,45.4694,120,71.617,72.3289,70.8945,0.3952,120,28.5671,28.8946,28.2873,0.2105,120,1004.8071,1004.9013,1004.6632,0.0909,120,148.4013,189.5992,120.3921,23.8974,120,160.9336,337.0588,127.4958,36.4623,120,42.3526,402.7506,14.7535,63.0971,120,120,0,136.9238,272.2251,105.2889,30.9862,120,68.53,69.59,67.32,0.68,120,3.4135,3.415,3.4111,0.0015,0.5857,0.5889,0.5829,0.0021,0.7162,0.7233,0.7089,0.004,-0.0003,-0.0001,-0.0025,0.0004,0.0019,0.0024,0.0015,0.0003,0.0013,0.0028,0.0011,0.0003,0.1369,0.2722,0.1053,0.031,218.6583,533,49,107.1106,0,0,0,0,247.3833,1007,0,168.4831,42,46.7833,47,41,23.68,23.68,23.68
2022-11-27 15:50:00,2.1974,4.4604,0.4952,0.8123,120,71.162,36.8313,120,72.441,73.1529,71.8101,0.3199,120,28.1798,28.2873,28.1011,0.0489,120,1004.7346,1004.883,1004.6632,0.0814,120,118.3353,134.089,100.9276,10.5097,120,205.9754,293.8271,107.3457,72.5917,120,266.4346,489.7905,20.1627,188.1053,120,120,0,159.1362,223.3955,86.3674,52.9191,120,70.86,72.12,69.59,0.68,120,3.4122,3.4147,3.4111,0.0014,0.5818,0.5829,0.581,0.0005,0.7244,0.7315,0.7181,0.0032,-0.0017,-0.0001,-0.003,0.0012,0.0015,0.0017,0.0013,0.0001,0.0017,0.0024,0.0009,0.0006,0.1591,0.2234,0.0864,0.0529,216.025,462,31,88.2985,0,0,0,0,241.6083,1021,49,167.1267,42,47,49,45,23.68,23.68,23.68
2022-11-27 16:00:00,2.074,5.0492,0.4952,1.07,120,100.1113,49.388,120,72.6458,73.1834,71.9321,0.328,120,28.3609,28.4674,28.1958,0.0636,120,1004.8003,1004.883,1004.6632,0.0908,120,106.9269,112.2213,99.9661,2.3751,120,202.7118,250.9628,121.2677,32.4868,120,317.9708,520.2804,54.0928,110.992,120,120,0,149.9324,170.9036,95.8281,20.7303,120,73.2,74.39,72.12,0.68,120,3.4133,3.4147,3.4111,0.0015,0.5836,0.5847,0.582,0.0006,0.7265,0.7318,0.7193,0.0033,-0.002,-0.0003,-0.0032,0.0007,0.0014,0.0014,0.0013,0,0.0017,0.0021,0.001,0.0003,0.1499,0.1709,0.0958,0.0207,202.6083,526,31,116.3016,0,0,0,0,316.725,1005,25,172.5852,42,47,49,45,23.68,23.68,23.68
2022-11-27 16:10:00,2.1083,4.1844,0.762,0.7489,120,86.1592,36.6567,120,72.4644,73.1529,71.688,0.3366,120,28.5669,28.6718,28.3819,0.0791,120,1004.8691,1005.0661,1004.6632,0.0553,120,99.5096,111.5008,94.9197,3.6139,120,235.7399,245.467,198.5714,8.8791,120,511.0678,547.3268,387.0142,31.0219,120,120,0,157.5722,164.1896,136.1125,5.9399,120,75.52,76.66,74.39,0.68,120,3.4145,3.4178,3.4111,0.0009,0.5857,0.5867,0.5838,0.0008,0.7246,0.7315,0.7169,0.0034,-0.0032,-0.0024,-0.0034,0.0002,0.0013,0.0014,0.0012,0,0.002,0.002,0.0017,0.0001,0.1576,0.1642,0.1361,0.0059,206.3417,432,60,81.4026,0,0,0,0,267.2667,1004,24,145.4738,42,46.9667,49,45,23.68,23.68,23.68
2022-11-27 16:20:00,1.9469,4.4328,0.486,0.9551,120,88.3933,44.9682,120,72.2785,72.7866,71.688,0.2757,120,28.5495,28.6291,28.4521,0.0524,120,1005.005,1005.2492,1004.8463,0.1006,120,98.7546,115.5858,82.9047,11.0807,120,167.516,230.8127,93.7899,43.6998,120,307.2997,484.8743,57.5363,136.3237,120,120,0,116.1051,154.4237,76.6015,24.8217,120,77.85,78.93,76.66,0.68,120,3.4168,3.4208,3.4141,0.0017,0.5855,0.5863,0.5845,0.0005,0.7228,0.7279,0.7169,0.0028,-0.0019,-0.0004,-0.003,0.0008,0.0013,0.0015,0.0011,0.0001,0.0014,0.0019,0.0008,0.0004,0.1161,0.1544,0.0766,0.0248,188.7917,459,30,103.8143,0,0,0,0,267.5667,768,17,135.8203,42,46.8833,47,41,23.68,23.68,23.68
2022-11-27 16:30:00,1.9156,3.5956,0.6056,0.6772,120,92.3955,40.036,120,72.5173,73.2444,71.8711,0.3596,120,28.3025,28.5589,28.1195,0.1376,120,1005.1428,1005.2675,1005.0295,0.0956,120,69.762,82.9047,61.5173,5.5053,120,91.3998,106.6134,73.2737,11.1042,120,131.1396,270.4673,36.882,80.9809,120,120,0,67.5197,76.2963,60.1215,4.7648,120,80.18,81.45,78.93,0.68,120,3.419,3.4211,3.4172,0.0016,0.583,0.5856,0.5812,0.0014,0.7252,0.7324,0.7187,0.0036,-0.0008,-0.0002,-0.0017,0.0005,0.0009,0.0011,0.0008,0.0001,0.0008,0.0009,0.0006,0.0001,0.0675,0.0763,0.0601,0.0048,185.3917,368,43,73.608,0,0,0,0,277.8,887,7,128.8136,41.9,46.9833,49,45,23.68,23.68,23.68
2022-11-27 16:40:00,2.3839,4.6996,0.8448,0.7933,120,66.5121,36.5722,120,73.1793,73.5496,72.8477,0.1787,120,27.9921,28.1225,27.8295,0.0911,120,1005.1794,1005.2675,1005.0295,0.0902,120,66.1495,74.4937,56.4709,6.473,120,106.0912,119.4358,90.8595,9.8367,120,288.2727,314.233,241.4534,19.547,120,120,0,63.9821,75.0755,50.0504,9.0086,120,82.5,83.71,81.45,0.68,120,3.4197,3.4211,3.4172,0.0015,0.5799,0.5812,0.5783,0.0009,0.7318,0.7355,0.7285,0.0018,-0.0018,-0.0015,-0.0019,0.0001,0.0008,0.0009,0.0007,0.0001,0.0009,0.001,0.0008,0.0001,0.064,0.0751,0.0501,0.009,236.2917,488,69,86.2286,0,0,0,0,231.225,1006,23,164.6905,41,46.8167,47,39,23.68,23.68,23.68
2022-11-27 16:50:00,1.8212,3.3748,0.486,0.6934,120,89.4955,45.0087,120,73.6689,74.0074,73.2444,0.1626,120,27.8627,27.9577,27.799,0.0517,120,1005.2332,1005.2492,1005.0478,0.0304,120,44.8486,56.7118,29.3173,8.4911,120,65.0304,90.4934,35.5378,17.1498,120,196.8058,285.2191,89.009,65.4684,120,120,0,38.8628,50.0504,25.6355,7.4766,120,84.82,85.97,83.71,0.68,120,3.4206,3.4208,3.4175,0.0005,0.5786,0.5796,0.578,0.0005,0.7367,0.7401,0.7324,0.0016,-0.0012,-0.0006,-0.0018,0.0004,0.0006,0.0007,0.0004,0.0001,0.0005,0.0008,0.0003,0.0001,0.0389,0.0501,0.0256,0.0075,175.1333,344,30,75.3708,0,0,0,0,280.225,1015,3,151.8068,41,46.8833,47,41,23.68,23.68,23.68
2022-11-27 17:00:00,2.1839,4.6168,0.4308,0.7745,120,87.1844,43.8258,120,73.5603,73.9158,73.2444,0.1754,120,27.7123,27.9119,27.506,0.1213,120,1005.4036,1005.6337,1005.2309,0.1037,120,27.4065,29.0764,24.0307,0.9651,120,32.1823,36.6375,23.8139,3.875,120,72.0712,124.9065,20.1627,40.6782,120,120,0,24.1325,25.3304,21.363,0.8282,120,87.14,88.23,85.97,0.68,120,3.4234,3.4272,3.4205,0.0017,0.5771,0.5791,0.5751,0.0012,0.7356,0.7392,0.7324,0.0018,-0.0004,-0.0001,-0.0008,0.0003,0.0003,0.0004,0.0003,0,0.0003,0.0003,0.0002,0,0.0241,0.0253,0.0214,0.0008,214.5583,479,24,84.182,0,0,0,0,282.2917,981,43,161.3208,41,46.95,47,45,23.68,23.68,23.68
2022-11-27 17:10:00,1.7058,3.2736,0.4216,0.7102,120,79.7243,56.3191,120,74.2749,74.5872,73.8243,0.1816,120,27.4201,27.4999,27.3534,0.0391,120,1005.4024,1005.4506,1005.2309,0.0647,120,10.2149,23.7898,3.6047,5.5223,120,10.1667,23.4478,3.2977,5.459,120,14.9779,20.6542,13.2775,1.9084,120,120,0,9.7914,21.0578,4.2726,4.6166,120,89.2,89.98,88.23,0.53,94,3.4234,3.4242,3.4205,0.0011,0.5742,0.575,0.5735,0.0004,0.7427,0.7459,0.7382,0.0018,-0.0001,-0.0001,-0.0001,0,0.0001,0.0003,0,0.0001,0.0001,0.0002,0,0,0.0098,0.0211,0.0043,0.0046,162.5833,333,23,77.2006,0,0,0,0,315.425,1002,5,225.985,41,46.9667,47,45,23.68,23.68,23.68
2022-11-27 17:20:00,2.0084,4.2396,0.4032,0.9239,120,71.3217,42.9996,120,74.6651,74.984,74.4346,0.1367,120,27.2467,27.3595,27.1093,0.0705,120,1005.4111,1005.6154,1005.2309,0.0646,120,1.66,3.6047,0,1.2897,120,1.6302,3.6639,0,1.3432,120,13.7566,14.2604,13.2775,0.1853,120,120,0,2.3957,4.2726,0,1.297,120,None,None,None,None,0,3.4235,3.4269,3.4205,0.0011,0.5725,0.5736,0.5711,0.0007,0.7467,0.7498,0.7443,0.0014,-0.0001,-0.0001,-0.0001,0,0,0,0,0,0,0,0,0,0.0024,0.0043,0,0.0013,195.4833,438,21,100.4219,0,0,0,0,246.7667,1005,3,171.1018,41,46.8,49,41,23.68,23.68,23.68
2022-11-27 17:30:00,1.8596,4.0464,0.4308,0.7252,120,79.2993,44.5363,120,75.235,75.5028,74.8924,0.1701,120,27.0608,27.1093,27.033,0.0193,120,1005.5695,1005.7985,1005.414,0.0967,120,0,0,0,0,120,0,0,0,0,120,13.7853,14.2604,13.2775,0.1795,120,120,0,0,0,0,0,120,None,None,None,None,0,3.4262,3.43,3.4236,0.0016,0.5706,0.5711,0.5703,0.0002,0.7523,0.755,0.7489,0.0017,-0.0001,-0.0001,-0.0001,0,0,0,0,0,0,0,0,0,0,0,0,0,179.3083,417,24,78.8208,0,0,0,0,274.3917,1020,14,184.9141,41,46.8333,49,41,23.68,23.68,23.68
2022-11-27 17:40:00,1.9538,4.2488,0.3756,0.8751,120,81.6645,46.3215,120,75.6551,75.8385,75.4418,0.113,120,26.9951,27.0391,26.9262,0.0336,120,1005.7183,1005.7985,1005.5788,0.0888,120,0,0,0,0,120,0,0,0,0,120,13.814,14.2604,13.2775,0.1911,120,120,0,0,0,0,0,120,None,None,None,None,0,3.4286,3.43,3.4263,0.0015,0.5699,0.5704,0.5693,0.0003,0.7566,0.7584,0.7544,0.0011,-0.0001,-0.0001,-0.0001,0,0,0,0,0,0,0,0,0,0,0,0,0,189.5417,439,18,95.1249,0,0,0,0,268.8417,924,12,168.2574,41,46.9333,49,39,23.68,23.68,23.63
2022-11-27 17:50:00,2.0875,4.166,0.6148,0.7769,120,80.0661,33.6845,120,76.0435,76.2047,75.7775,0.0909,120,26.9022,26.9262,26.859,0.0173,120,1005.7585,1005.9633,1005.5788,0.0681,120,0,0,0,0,120,0,0,0,0,120,13.8549,14.2604,13.7689,0.1875,120,120,0,0,0,0,0,120,None,None,None,None,0,3.4293,3.4327,3.4263,0.0011,0.569,0.5693,0.5686,0.0002,0.7604,0.762,0.7578,0.0009,-0.0001,-0.0001,-0.0001,0,0,0,0,0,0,0,0,0,0,0,0,0,204.075,430,44,84.4507,0,0,0,0,248.6417,968,20,131.6797,41,46.75,49,41,23.68,23.68,23.68
2022-11-27 18:00:00,2.0135,4.0096,0.3388,0.878,120,90.7131,43.1407,120,76.4804,76.7541,76.1742,0.1468,120,26.8614,26.8773,26.8499,0.0065,120,1005.7904,1005.9816,1005.5971,0.0618,120,0,0,0,0,120,0,0,0,0,120,13.9041,14.2604,13.7689,0.2204,120,120,0,0,0,0,0,120,None,None,None,None,0,3.4298,3.433,3.4266,0.001,0.5686,0.5688,0.5685,0.0001,0.7648,0.7675,0.7617,0.0015,-0.0001,-0.0001,-0.0001,0,0,0,0,0,0,0,0,0,0,0,0,0,196.0333,413,14,95.4311,0,0,0,0,275.7917,883,39,135.7143,41,46.8167,47,41,23.68,23.68,23.68
2022-11-27 18:10:00,1.7099,3.5036,0.3572,0.7702,120,72.4214,43.1722,120,76.9278,77.0898,76.7541,0.0933,120,26.8729,26.8957,26.8346,0.0143,120,1005.9325,1006.1464,1005.7619,0.0748,120,0,0,0,0,120,0,0,0,0,120,13.9,14.2604,13.7689,0.2182,120,120,0,0,0,0,0,120,None,None,None,None,0,3.4322,3.4358,3.4294,0.0012,0.5687,0.569,0.5684,0.0001,0.7693,0.7709,0.7675,0.0009,-0.0001,-0.0001,-0.0001,0,0,0,0,0,0,0,0,0,0,0,0,0,163.0333,358,16,83.7139,0,0,0,0,261.175,1018,53,192.2059,40,46.8167,49,41,23.68,23.68,23.68
2022-11-27 18:20:00,1.8917,4.7824,0.4308,0.9456,120,82.7398,48.8245,120,77.3573,77.5475,77.0898,0.125,120,26.8308,26.8499,26.8011,0.0138,120,1005.9729,1006.1464,1005.7619,0.0597,120,0,0,0,0,120,0,0,0,0,120,13.9655,14.2604,13.2775,0.25,120,120,0,0,0,0,0,120,None,None,None,None,0,3.4329,3.4358,3.4294,0.001,0.5683,0.5685,0.568,0.0001,0.7736,0.7755,0.7709,0.0013,-0.0001,-0.0001,-0.0001,0,0,0,0,0,0,0,0,0,0,0,0,0,182.7917,497,24,102.7856,0,0,0,0,294.0167,1021,21,197.2662,40,46.9667,47,45,23.68,23.68,23.68
2022-11-27 18:30:00,1.8095,3.4852,0.6884,0.6733,120,79.9594,36.5013,120,77.6844,77.8222,77.456,0.0706,120,26.8213,26.8468,26.7675,0.02,120,1006.0491,1006.1647,1005.9267,0.0914,120,0,0,0,0,120,0,0,0,0,120,13.9368,14.2604,13.7689,0.2341,120,120,0,0,0,0,0,120,None,None,None,None,0,3.4342,3.4361,3.4321,0.0015,0.5682,0.5685,0.5677,0.0002,0.7768,0.7782,0.7746,0.0007,-0.0001,-0.0001,-0.0001,0,0,0,0,0,0,0,0,0,0,0,0,0,173.8583,356,52,73.189,0,0,0,0,243.325,989,26,132.8603,40,46.8167,47,41,23.68,23.68,23.68
2022-11-27 18:40:00,2.2695,5.5552,0.3204,1.1911,120,84.8953,42.3812,120,77.869,78.0663,77.3949,0.1311,120,26.6995,26.7736,26.6637,0.0263,120,1006.0794,1006.1464,1005.945,0.0873,120,0,0,0,0,120,0,0,0,0,120,13.9328,14.2604,13.7689,0.2326,120,120,0,0,0,0,0,120,None,None,None,None,0,3.4347,3.4358,3.4324,0.0015,0.567,0.5677,0.5666,0.0003,0.7787,0.7807,0.7739,0.0013,-0.0001,-0.0001,-0.0001,0,0,0,0,0,0,0,0,0,0,0,0,0,223.8583,581,12,129.4691,0,0,0,0,270.5,936,29,149.2919,40,46.9667,49,45,23.68,23.68,23.68
2022-11-27 18:50:00,2.0206,4.1568,0.3756,0.8645,120,71.1037,43.9227,120,77.9781,78.0663,77.9138,0.0265,120,26.6713,26.679,26.6607,0.005,120,1006.0901,1006.3295,1005.945,0.0865,120,0,0,0,0,120,0,0,0,0,120,13.9164,14.2604,13.7689,0.2262,120,120,0,0,0,0,0,120,None,None,None,None,0,3.4348,3.4388,3.4324,0.0014,0.5667,0.5668,0.5666,0.0001,0.7798,0.7807,0.7791,0.0003,-0.0001,-0.0001,-0.0001,0,0,0,0,0,0,0,0,0,0,0,0,0,196.8,429,18,93.9678,0,0,0,0,264.75,1021,0,201.4472,40,46.9,49,39,23.68,23.68,23.68
2022-11-27 19:00:00,2.0493,6.3924,0.5504,0.9977,120,83.2367,43.31,120,78.0399,78.1274,77.9748,0.044,120,26.6783,26.7003,26.6607,0.0093,120,1006.1361,1006.3295,1005.9267,0.0475,120,0,0,0,0,120,0,0,0,0,120,13.9532,14.2604,13.7689,0.2389,120,120,0,0,0,0,0,120,None,None,None,None,0,3.4356,3.4388,3.4321,0.0008,0.5668,0.567,0.5666,0.0001,0.7804,0.7813,0.7797,0.0004,-0.0001,-0.0001,-0.0001,0,0,0,0,0,0,0,0,0,0,0,0,0,199.925,672,37,108.4481,0,0,0,0,276.1167,984,60,170.295,40,46.9,47,41,23.68,23.68,23.68
2022-11-27 19:10:00,1.9475,5.2332,0.256,0.9746,120,93.3081,43.1269,120,78.1668,78.2495,78.0663,0.0447,120,26.6478,26.6698,26.6088,0.0153,120,1006.2569,1006.3295,1006.1098,0.0866,120,0,0,0,0,120,0,0,0,0,120,13.9614,14.2604,13.7689,0.2409,120,120,0,0,0,0,0,120,None,None,None,None,0,3.4376,3.4388,3.4352,0.0014,0.5665,0.5667,0.5661,0.0001,0.7817,0.7825,0.7807,0.0004,-0.0001,-0.0001,-0.0001,0,0,0,0,0,0,0,0,0,0,0,0,0,188.8583,546,5,105.9379,0,0,0,0,312.8333,1019,77,176.8366,39.2,46.8833,47,41,23.68,23.68,23.63
2022-11-27 19:20:00,2.2505,4.074,0.6148,0.7822,120,76.4421,34.9185,120,78.2161,78.3105,77.9748,0.0798,120,26.5882,26.6179,26.563,0.0159,120,1006.3045,1006.4943,1006.1098,0.0504,120,0,0,0,0,120,0,0,0,0,120,13.9655,14.2604,13.7689,0.2418,120,120,0,0,0,0,0,120,None,None,None,None,0,3.4384,3.4416,3.4352,0.0008,0.5659,0.5662,0.5656,0.0002,0.7822,0.7831,0.7797,0.0008,-0.0001,-0.0001,-0.0001,0,0,0,0,0,0,0,0,0,0,0,0,0,221.7917,420,44,85.0243,0,0,0,0,245.9333,1001,18,150.0562,39,46.9,47,43,23.68,23.68,23.68
2022-11-27 19:30:00,2.4104,5.0768,0.8356,0.8229,120,78.4316,37.0417,120,78.1332,78.2495,77.9748,0.0701,120,26.5775,26.6088,26.5478,0.0167,120,1006.2914,1006.4943,1006.1098,0.065,120,0,0,0,0,120,0,0,0,0,120,13.986,14.2604,13.7689,0.2451,120,120,0,0,0,0,0,120,None,None,None,None,0,3.4382,3.4416,3.4352,0.0011,0.5658,0.5661,0.5655,0.0002,0.7813,0.7825,0.7797,0.0007,-0.0001,-0.0001,-0.0001,0,0,0,0,0,0,0,0,0,0,0,0,0,239.175,529,68,89.4436,0,0,0,0,258.5833,1009,53,161.9752,39,46.85,49,41,23.68,23.68,23.68
2022-11-27 19:40:00,2.0143,3.9912,0.624,0.7009,120,74.8163,39.9489,120,78.1663,78.28,77.9138,0.0802,120,26.5732,26.5996,26.5386,0.0138,120,1006.3031,1006.4943,1006.1098,0.0473,120,0,0,0,0,120,0,0,0,0,120,13.9205,14.2604,13.7689,0.2279,120,120,0,0,0,0,0,120,None,None,None,None,0,3.4384,3.4416,3.4352,0.0008,0.5657,0.566,0.5654,0.0001,0.7817,0.7828,0.7791,0.0008,-0.0001,-0.0001,-0.0001,0,0,0,0,0,0,0,0,0,0,0,0,0,196.1167,411,45,76.1815,0,0,0,0,253.6833,1019,62,167.5886,39,46.9333,49,43,23.68,23.68,23.63
2022-11-27 19:50:00,2.2283,4.4788,0.716,0.8158,120,76.7937,40.2943,120,78.1513,78.2189,78.0358,0.0376,120,26.5396,26.5813,26.5172,0.0177,120,1006.4049,1006.5127,1006.1098,0.1014,120,0,0,0,0,120,0,0,0,0,120,14.031,14.2604,13.7689,0.2462,120,120,0,0,0,0,0,120,None,None,None,None,0,3.4401,3.4419,3.4352,0.0017,0.5654,0.5658,0.5652,0.0002,0.7815,0.7822,0.7804,0.0004,-0.0001,-0.0001,-0.0001,0,0,0,0,0,0,0,0,0,0,0,0,0,219.3833,464,55,88.6747,0,0,0,0,238.8917,945,45,137.0214,39,46.8833,49,41,23.68,23.68,23.63
2022-11-27 20:00:00,2.2259,5.868,0.7068,0.9466,120,80.3499,37.8337,120,78.0549,78.1274,78.0053,0.0269,120,26.5684,26.5844,26.5569,0.0054,120,1006.482,1006.6958,1006.2929,0.0655,120,0,0,0,0,120,0,0,0,0,120,14.0392,14.2604,13.7689,0.2455,120,120,0,0,0,0,0,120,None,None,None,None,0,3.4414,3.4449,3.4382,0.0011,0.5657,0.5658,0.5656,0.0001,0.7805,0.7813,0.7801,0.0003,-0.0001,-0.0001,-0.0001,0,0,0,0,0,0,0,0,0,0,0,0,0,219.1167,615,54,102.8864,0,0,0,0,233.325,496,25,108.6508,39,46.8,49,41,23.68,23.68,23.68
2022-11-27 20:10:00,1.9394,4.3592,0.486,0.8982,120,86.4137,42.5579,120,78.1734,78.3105,78.0358,0.0671,120,26.5649,26.5844,26.5478,0.0102,120,1006.4855,1006.6774,1006.2746,0.051,120,0,0,0,0,120,0,0,0,0,120,14.0392,14.2604,13.7689,0.2455,120,120,0,0,0,0,0,120,None,None,None,None,0,3.4414,3.4446,3.4379,0.0008,0.5656,0.5658,0.5655,0.0001,0.7817,0.7831,0.7804,0.0007,-0.0001,-0.0001,-0.0001,0,0,0,0,0,0,0,0,0,0,0,0,0,187.975,451,30,97.6297,0,0,0,0,283.85,1018,30,169.3623,38.7,46.9333,49,41,23.68,23.68,23.68
2022-11-27 20:20:00,2.0387,4.2304,0.5872,0.8037,120,81.867,35.4001,120,78.3708,78.6462,78.1274,0.1421,120,26.518,26.563,26.4928,0.0203,120,1006.4393,1006.6774,1006.2746,0.085,120,0,0,0,0,120,0,0,0,0,120,13.9409,14.2604,13.2775,0.2439,120,120,0,0,0,0,0,120,None,None,None,None,0,3.4407,3.4446,3.4379,0.0014,0.5652,0.5656,0.5649,0.0002,0.7837,0.7865,0.7813,0.0014,-0.0001,-0.0001,-0.0001,0,0,0,0,0,0,0,0,0,0,0,0,0,198.7667,437,41,87.3562,0,0,0,0,250.8417,979,15,132.784,38,46.8333,47,41,23.68,23.68,23.68
2022-11-27 20:30:00,2.0348,5.0308,0.4676,0.9198,120,77.5356,38.2769,120,78.6874,78.8598,78.5241,0.0742,120,26.4761,26.5142,26.4287,0.0271,120,1006.4553,1006.6774,1006.2929,0.0782,120,0,0,0,0,120,0,0,0,0,120,13.986,14.2604,13.2775,0.2532,120,120,0,0,0,0,0,120,None,None,None,None,0,3.4409,3.4446,3.4382,0.0013,0.5648,0.5651,0.5643,0.0003,0.7869,0.7886,0.7852,0.0007,-0.0001,-0.0001,-0.0001,0,0,0,0,0,0,0,0,0,0,0,0,0,198.35,524,28,99.9822,0,0,0,0,241.675,954,10,137.1745,38,46.8167,47,41,23.68,23.68,23.63
2022-11-27 20:40:00,1.8296,4.0556,0.3388,0.7883,120,91.9942,42.2805,120,78.9483,79.0735,78.7988,0.0653,120,26.4672,26.4959,26.4318,0.0201,120,1006.4228,1006.4943,1006.2746,0.0892,120,0,0,0,0,120,0,0,0,0,120,14.0024,14.2604,13.7689,0.2465,120,120,0,0,0,0,0,120,None,None,None,None,0,3.4404,3.4416,3.4379,0.0015,0.5647,0.565,0.5643,0.0002,0.7895,0.7907,0.788,0.0007,-0.0001,-0.0001,-0.0001,0,0,0,0,0,0,0,0,0,0,0,0,0,176.0417,418,14,85.6817,0,0,0,0,296.0917,1013,40,161.5272,38,46.9333,49,45,23.68,23.68,23.63
2022-11-27 20:50:00,1.6092,3.9728,0.3204,0.8146,120,90.6312,45.0852,120,79.0195,79.2261,78.8903,0.0809,120,26.4658,26.4959,26.4318,0.0207,120,1006.3886,1006.6774,1006.2563,0.0988,120,0,0,0,0,120,0,0,0,0,120,13.9,14.2604,13.7689,0.2182,120,120,0,0,0,0,0,120,None,None,None,None,0,3.4398,3.4446,3.4376,0.0016,0.5647,0.565,0.5643,0.0002,0.7902,0.7923,0.7889,0.0008,-0.0001,-0.0001,-0.0001,0,0,0,0,0,0,0,0,0,0,0,0,0,152.0917,409,12,88.5424,0,0,0,0,279.225,1021,0,149.5854,38,46.9167,47,43,23.68,23.68,23.63
2022-11-27 21:00:00,2.0582,4.3224,0.5044,0.8409,120,90.1074,38.2781,120,79.2123,79.3176,79.104,0.0389,120,26.4427,26.4684,26.386,0.0222,120,1006.3654,1006.4943,1006.2563,0.099,120,0,0,0,0,120,0,0,0,0,120,13.9901,14.2604,13.7689,0.2455,120,120,0,0,0,0,0,120,None,None,None,None,0,3.4394,3.4416,3.4376,0.0017,0.5644,0.5647,0.5639,0.0002,0.7921,0.7932,0.791,0.0004,-0.0001,-0.0001,-0.0001,0,0,0,0,0,0,0,0,0,0,0,0,0,200.8917,447,32,91.4062,0,0,0,0,277.2083,1016,20,139.9486,38,47.0167,49,45,23.68,23.68,23.63
2022-11-27 21:10:00,2.1081,4.488,0.5596,0.8678,120,84.2568,32.7598,120,79.501,79.6228,79.2871,0.0804,120,26.4033,26.4196,26.3799,0.0097,120,1006.4396,1006.4943,1006.2563,0.0768,120,0,0,0,0,120,0,0,0,0,120,13.9532,14.2604,13.7689,0.2389,120,120,0,0,0,0,0,120,None,None,None,None,0,3.4407,3.4416,3.4376,0.0013,0.564,0.5642,0.5638,0.0001,0.795,0.7962,0.7929,0.0008,-0.0001,-0.0001,-0.0001,0,0,0,0,0,0,0,0,0,0,0,0,0,206.3167,465,38,94.3232,0,0,0,0,252.8833,921,36,115.2985,38,46.7667,49,41,23.68,23.68,23.63
2022-11-27 21:20:00,2.0055,4.8008,0.2284,0.8923,120,84.6324,41.5553,120,79.7021,79.8364,79.5923,0.0699,120,26.395,26.4165,26.3402,0.0146,120,1006.2401,1006.476,1006.0732,0.0781,120,0,0,0,0,120,0,0,0,0,120,13.9287,14.2604,13.2775,0.2398,120,120,0,0,0,0,0,120,None,None,None,None,0,3.4373,3.4413,3.4346,0.0013,0.5639,0.5642,0.5634,0.0001,0.797,0.7984,0.7959,0.0007,-0.0001,-0.0001,-0.0001,0,0,0,0,0,0,0,0,0,0,0,0,0,195.1583,499,2,96.991,0,0,0,0,263.55,862,61,138.8008,38,46.95,49,41,23.68,23.68,23.63
2022-11-27 21:30:00,2.0516,4.8008,0.6424,0.8718,120,92.4465,43.3437,120,79.9509,80.05,79.6228,0.0935,120,26.344,26.3799,26.3158,0.0168,120,1006.1251,1006.2929,1005.8901,0.0841,120,0,0,0,0,120,0,0,0,0,120,13.9655,14.2604,13.7689,0.2418,120,120,0,0,0,0,0,120,None,None,None,None,0,3.4354,3.4382,3.4315,0.0014,0.5634,0.5638,0.5632,0.0002,0.7995,0.8005,0.7962,0.0009,-0.0001,-0.0001,-0.0001,0,0,0,0,0,0,0,0,0,0,0,0,0,200.175,499,47,94.7561,0,0,0,0,297.6667,1015,29,163.5206,37.9,46.8833,47,41,23.68,23.68,23.63
2022-11-27 21:40:00,1.9101,4.8836,0.624,0.8135,120,83.7851,45.5267,120,79.972,80.0195,79.8975,0.0323,120,26.3572,26.3707,26.3463,0.0055,120,1006.1089,1006.2929,1005.8901,0.0875,120,0,0,0,0,120,0,0,0,0,120,13.9573,14.2604,13.7689,0.2399,120,120,0,0,0,0,0,120,None,None,None,None,0,3.4351,3.4382,3.4315,0.0015,0.5636,0.5637,0.5635,0.0001,0.7997,0.8002,0.799,0.0003,-0.0001,-0.0001,-0.0001,0,0,0,0,0,0,0,0,0,0,0,0,0,184.7917,508,45,88.4266,0,0,0,0,274.2,997,2,166.9872,37,46.7667,49,41,23.68,23.68,23.63
2022-11-27 21:50:00,1.5928,3.4208,0.2192,0.6382,120,87.4744,32.8607,120,80.0005,80.0195,79.9585,0.0186,120,26.358,26.3707,26.3494,0.0045,120,1006.1899,1006.2929,1006.0732,0.0914,120,0,0,0,0,120,0,0,0,0,120,13.9041,14.2604,13.2775,0.2465,120,120,0,0,0,0,0,120,None,None,None,None,0,3.4365,3.4382,3.4346,0.0015,0.5636,0.5637,0.5635,0,0.8,0.8002,0.7996,0.0002,-0.0001,-0.0001,-0.0001,0,0,0,0,0,0,0,0,0,0,0,0,0,150.3,349,1,69.3673,0,0,0,0,259.1417,971,32,113.3892,37,46.7333,49,41,23.68,23.68,23.63
2022-11-27 22:00:00,1.6968,3.798,0.4676,0.6847,120,84.1084,47.3334,120,79.9834,80.1416,79.8669,0.069,120,26.3084,26.3585,26.2761,0.0222,120,1006.106,1006.2929,1005.8901,0.097,120,0,0,0,0,120,0,0,0,0,120,13.9287,14.2604,13.2775,0.2398,120,120,0,0,0,0,0,120,None,None,None,None,0,3.4351,3.4382,3.4315,0.0016,0.5631,0.5636,0.5628,0.0002,0.7998,0.8014,0.7987,0.0007,-0.0001,-0.0001,-0.0001,0,0,0,0,0,0,0,0,0,0,0,0,0,161.6083,390,28,74.4245,0,0,0,0,299.9917,1006,53,192.3262,37,46.8167,47,41,23.68,23.68,23.63
2022-11-27 22:10:00,1.5689,4.3408,0,0.7898,120,80.1727,47.3429,120,80.0831,80.2026,79.989,0.0515,120,26.2972,26.3128,26.2792,0.0059,120,1005.9217,1006.0915,1005.6887,0.1052,120,0,0,0,0,120,0,0,0,0,120,13.9164,14.2604,13.2775,0.2434,120,120,0,0,0,0,0,120,None,None,None,None,0,3.432,3.4349,3.4281,0.0018,0.563,0.5631,0.5628,0.0001,0.8008,0.802,0.7999,0.0005,-0.0001,-0.0001,-0.0001,0,0,0,0,0,0,0,0,0,0,0,0,0,147.8917,449,0,85.4942,0,0,0,0,285.45,1000,43,191.6447,37,46.85,49,41,23.68,23.68,23.63
2022-11-27 22:20:00,2.1859,4.9204,0.2376,1.0104,120,81.1922,40.1317,120,80.3006,80.4163,80.1721,0.0525,120,26.3422,26.3616,26.3006,0.0157,120,1005.7222,1005.9084,1005.6703,0.0699,120,0,0,0,0,120,0,0,0,0,120,13.9819,14.2604,13.7689,0.2446,120,120,0,0,0,0,0,120,None,None,None,None,0,3.4287,3.4318,3.4278,0.0012,0.5634,0.5636,0.563,0.0002,0.803,0.8042,0.8017,0.0005,-0.0001,-0.0001,-0.0001,0,0,0,0,0,0,0,0,0,0,0,0,0,214.775,512,3,109.826,0,0,0,0,262.1333,996,2,155.666,37,46.85,47,41,23.68,23.68,23.63
2022-11-27 22:30:00,1.9085,4.6628,0.3296,0.8936,120,76.152,51.0924,120,80.506,80.7215,80.3858,0.088,120,26.3156,26.3524,26.2761,0.0257,120,1005.5828,1005.707,1005.3224,0.0908,120,0,0,0,0,120,0,0,0,0,120,13.8795,14.2604,13.2775,0.2249,120,120,0,0,0,0,0,120,None,None,None,None,0,3.4264,3.4284,3.422,0.0015,0.5632,0.5635,0.5628,0.0003,0.8051,0.8072,0.8039,0.0009,-0.0001,-0.0001,-0.0001,0,0,0,0,0,0,0,0,0,0,0,0,0,184.6167,484,13,97.1314,0,0,0,0,278.1,992,23,200.1742,37,46.8833,47,41,23.68,23.68,23.63
2022-11-27 22:40:00,2.0208,5.8036,0.486,1.0238,120,89.4537,46.5497,120,80.8542,81.0572,80.6909,0.1038,120,26.2982,26.328,26.2792,0.0102,120,1005.4834,1005.5422,1005.3224,0.0703,120,0,0,0,0,120,0,0,0,0,120,13.9737,14.2604,13.7689,0.2433,120,120,0,0,0,0,0,120,None,None,None,None,0,3.4247,3.4257,3.422,0.0012,0.563,0.5633,0.5628,0.0001,0.8085,0.8106,0.8069,0.001,-0.0001,-0.0001,-0.0001,0,0,0,0,0,0,0,0,0,0,0,0,0,196.825,608,30,111.2851,0,0,0,0,291.9833,954,4,167.184,37,46.55,49,41,23.68,23.68,23.63
2022-11-27 22:50:00,2.1898,4.5064,0.4952,0.8498,120,83.6524,34.9555,120,81.0757,81.1792,80.9351,0.0672,120,26.3498,26.3768,26.3097,0.0168,120,1005.5126,1005.707,1005.3041,0.0513,120,0,0,0,0,120,0,0,0,0,120,13.9287,14.2604,13.2775,0.2398,120,120,0,0,0,0,0,120,None,None,None,None,0,3.4252,3.4284,3.4217,0.0009,0.5635,0.5638,0.5631,0.0002,0.8108,0.8118,0.8094,0.0007,-0.0001,-0.0001,-0.0001,0,0,0,0,0,0,0,0,0,0,0,0,0,215.2,467,31,92.373,0,0,0,0,259.675,976,7,139.4422,37,46.95,49,41,23.68,23.68,23.63
2022-11-27 23:00:00,2.6083,5.5092,0.3572,1.0896,120,89.6509,39.9591,120,81.2573,81.3929,81.0266,0.0869,120,26.3031,26.3189,26.2883,0.0059,120,1005.521,1005.707,1005.3224,0.0547,120,0,0,0,0,120,0,0,0,0,120,13.9205,14.2604,13.2775,0.2451,120,120,0,0,0,0,0,120,None,None,None,None,0,3.4253,3.4284,3.422,0.0009,0.563,0.5632,0.5629,0.0001,0.8126,0.8139,0.8103,0.0009,-0.0001,-0.0001,-0.0001,0,0,0,0,0,0,0,0,0,0,0,0,0,260.6833,576,16,118.4391,0,0,0,0,287.7333,1008,22,160.8996,37,46.65,47,41,23.67,23.68,23.63
2022-11-27 23:10:00,1.9898,4.4052,0.5044,0.8214,120,90.6443,41.6589,120,81.3476,81.4234,81.2098,0.0595,120,26.2954,26.3158,26.2517,0.0163,120,1005.4973,1005.707,1005.3041,0.0767,120,0,0,0,0,120,0,0,0,0,120,13.8508,14.2604,13.2775,0.2145,120,120,0,0,0,0,0,120,None,None,None,None,0,3.425,3.4284,3.4217,0.0013,0.5629,0.5632,0.5625,0.0002,0.8135,0.8142,0.8121,0.0006,-0.0001,-0.0001,-0.0001,0,0,0,0,0,0,0,0,0,0,0,0,0,193.4583,456,32,89.2875,0,0,0,0,296.2917,1022,4,169.6461,37,46.7667,49,41,23.67,23.68,23.63
2022-11-27 23:20:00,1.6263,3.43,0.3756,0.7531,120,89.1044,45.9467,120,81.3723,81.4539,81.3013,0.0473,120,26.2462,26.2609,26.2273,0.0069,120,1005.4495,1005.6887,1005.3041,0.0926,120,0,0,0,0,120,0,0,0,0,120,13.8631,14.2604,13.2775,0.2323,120,120,0,0,0,0,0,120,None,None,None,None,0,3.4242,3.4281,3.4217,0.0015,0.5625,0.5626,0.5623,0.0001,0.8137,0.8145,0.813,0.0005,-0.0001,-0.0001,-0.0001,0,0,0,0,0,0,0,0,0,0,0,0,0,153.95,350,18,81.8545,0,0,0,0,284.9333,1000,14,161.5144,37,46.7833,47,41,23.67,23.68,23.63
2022-11-27 23:30:00,1.4357,3.6876,0.302,0.8111,120,87.6418,53.3271,120,81.2688,81.3623,81.1792,0.0483,120,26.2243,26.2456,26.2029,0.0112,120,1005.3258,1005.5239,1005.1027,0.0759,120,0,0,0,0,120,0,0,0,0,120,13.8508,14.2604,13.7689,0.1839,120,120,0,0,0,0,0,120,None,None,None,None,0,3.4221,3.4254,3.4184,0.0013,0.5622,0.5625,0.562,0.0001,0.8127,0.8136,0.8118,0.0005,-0.0001,-0.0001,-0.0001,0,0,0,0,0,0,0,0,0,0,0,0,0,133.225,378,10,88.1619,0,0,0,0,293.3667,1002,10,181.2663,36.2,46.8,49,41,23.67,23.68,23.63
2022-11-27 23:40:00,1.3096,3.3196,0.302,0.6693,120,94.1712,49.7664,120,81.0968,81.2098,80.9656,0.0752,120,26.2208,26.2426,26.1876,0.0117,120,1005.148,1005.3224,1005.1027,0.0633,120,0,0,0,0,120,0,0,0,0,120,13.8345,14.2604,13.2775,0.2107,120,120,0,0,0,0,0,120,None,None,None,None,0,3.4191,3.422,3.4184,0.0011,0.5622,0.5624,0.5619,0.0001,0.811,0.8121,0.8097,0.0008,-0.0001,-0.0001,-0.0001,0,0,0,0,0,0,0,0,0,0,0,0,0,119.5167,338,10,72.7465,0,0,0,0,306.0083,997,7,173.2036,36,46.9833,47,45,23.67,23.68,23.63
2022-11-27 23:50:00,1.8951,3.5956,0.256,0.791,120,76.8267,43.8589,120,81.02,81.1182,80.9656,0.0309,120,26.1977,26.2273,26.1785,0.0144,120,1005.1161,1005.3224,1004.9196,0.0527,120,0,0,0,0,120,0,0,0,0,120,13.8549,14.2604,13.2775,0.2176,120,120,0,0,0,0,0,120,None,None,None,None,0,3.4186,3.422,3.4153,0.0009,0.562,0.5623,0.5618,0.0001,0.8102,0.8112,0.8097,0.0003,-0.0001,-0.0001,-0.0001,0,0,0,0,0,0,0,0,0,0,0,0,0,183.1583,368,5,85.9805,0,0,0,0,260.525,1011,65,172.4924,36,46.3667,49,11,23.67,23.68,23.63
