datetime,Anemometer;wind_speed;Avg (m/s),Anemometer;wind_speed;Max (m/s),Anemometer;wind_speed;Min (m/s),Anemometer;wind_speed;StdDev (m/s),Anemometer;wind_speed;Count (),Wind Vane TMR;wind_direction;Avg (°),Wind Vane TMR;wind_direction;StdDev (°),Wind Vane TMR;wind_direction;Count (),Hygro/Thermo;humidity;Avg (%),Hygro/Thermo;humidity;Max (%),Hygro/Thermo;humidity;Min (%),Hygro/Thermo;humidity;StdDev (%),Hygro/Thermo;humidity;Count (),Hygro/Thermo;temperature;Avg (°C),Hygro/Thermo;temperature;Max (°C),Hygro/Thermo;temperature;Min (°C),Hygro/Thermo;temperature;StdDev (°C),Hygro/Thermo;temperature;Count (),Barometer;air_pressure;Avg (hPa),Barometer;air_pressure;Max (hPa),Barometer;air_pressure;Min (hPa),Barometer;air_pressure;StdDev (hPa),Barometer;air_pressure;Count (),DHI (Diffuse Horizontal Irradiance);solar_irradiance;Avg (W/m²),DHI (Diffuse Horizontal Irradiance);solar_irradiance;Max (W/m²),DHI (Diffuse Horizontal Irradiance);solar_irradiance;Min (W/m²),DHI (Diffuse Horizontal Irradiance);solar_irradiance;StdDev (W/m²),DHI (Diffuse Horizontal Irradiance);solar_irradiance;Count (),GHI (Global Horizontal Irradiance);solar_irradiance;Avg (W/m²),GHI (Global Horizontal Irradiance);solar_irradiance;Max (W/m²),GHI (Global Horizontal Irradiance);solar_irradiance;Min (W/m²),GHI (Global Horizontal Irradiance);solar_irradiance;StdDev (W/m²),GHI (Global Horizontal Irradiance);solar_irradiance;Count (),DNI (Direct Normal Irradiance) Pyrheliometer;solar_DNI;Avg (W/m²),DNI (Direct Normal Irradiance) Pyrheliometer;solar_DNI;Max (W/m²),DNI (Direct Normal Irradiance) Pyrheliometer;solar_DNI;Min (W/m²),DNI (Direct Normal Irradiance) Pyrheliometer;solar_DNI;StdDev (W/m²),DNI (Direct Normal Irradiance) Pyrheliometer;solar_DNI;Count (),Precipitation;precipitation;Count (),Precipitation;precipitation;Sum (mm),GTI (Global Tilt Irradiance) PV Cell;voltage;Avg (W/m2),GTI (Global Tilt Irradiance) PV Cell;voltage;Max (W/m2),GTI (Global Tilt Irradiance) PV Cell;voltage;Min (W/m2),GTI (Global Tilt Irradiance) PV Cell;voltage;StdDev (W/m2),GTI (Global Tilt Irradiance) PV Cell;voltage;Count (),Theta;other;Avg (°),Theta;other;Max (°),Theta;other;Min (°),Theta;other;StdDev (°),Theta;other;Count (),A1;channel;Avg (V),A1;channel;Max (V),A1;channel;Min (V),A1;channel;StdDev (V),A2;channel;Avg (V),A2;channel;Max (V),A2;channel;Min (V),A2;channel;StdDev (V),A3;channel;Avg (V),A3;channel;Max (V),A3;channel;Min (V),A3;channel;StdDev (V),A4;channel;Avg (V),A4;channel;Max (V),A4;channel;Min (V),A4;channel;StdDev (V),A5;channel;Avg (V),A5;channel;Max (V),A5;channel;Min (V),A5;channel;StdDev (V),A6;channel;Avg (V),A6;channel;Max (V),A6;channel;Min (V),A6;channel;StdDev (V),A7;channel;Avg (V),A7;channel;Max (V),A7;channel;Min (V),A7;channel;StdDev (V),C1;channel;Avg (I),C1;channel;Max (I),C1;channel;Min (I),C1;channel;StdDev (I),C2;channel;Avg (I),C2;channel;Max (I),C2;channel;Min (I),C2;channel;StdDev (I),D1;channel;Avg (),D1;channel;Max (),D1;channel;Min (),D1;channel;StdDev (),T;channel;Avg (°C),I;channel;Avg (mA),I;channel;Max (mA),I;channel;Min (mA),V;channel;Avg (V),V;channel;Max (V),V;channel;Min (V)
2022-11-13 00:00:00,1.3464,3.1448,0.2836,0.6576,120,84.8428,48.2275,120,88.64,88.8699,88.4732,0.0951,120,25.5011,25.5223,25.4796,0.0097,120,1006.6558,1006.8056,1006.4028,0.0937,120,0,0,0,0,120,0,0,0,0,120,13.6256,14.2604,13.2775,0.2417,120,120,0,0,0,0,0,120,None,None,None,None,0,3.4443,3.4468,3.44,0.0016,0.555,0.5552,0.5548,0.0001,0.8864,0.8887,0.8847,0.001,-0.0001,-0.0001,-0.0001,0,0,0,0,0,0,0,0,0,0,0,0,0,123.525,319,8,71.4756,0,0,0,0,274.9833,1002,0,167.9213,34.4,47.8,53,43,23.63,23.68,23.63
2022-11-13 00:10:00,1.5836,3.4944,0.7528,0.5789,120,71.8173,25.6509,120,88.4281,88.5952,88.3206,0.0693,120,25.5373,25.5895,25.5101,0.0221,120,1006.5593,1006.769,1006.3845,0.076,120,0,0,0,0,120,0,0,0,0,120,13.6952,14.2604,13.2775,0.2266,120,120,0,0,0,0,0,120,None,None,None,None,0,3.4427,3.4462,3.4397,0.0013,0.5554,0.5559,0.5551,0.0002,0.8843,0.886,0.8832,0.0007,-0.0001,-0.0001,-0.0001,0,0,0,0,0,0,0,0,0,0,0,0,0,149.3083,357,59,62.9216,0,0,0,0,204.9583,475,32,74.4598,34.5,46,49,41,23.63,23.68,23.63
2022-11-13 00:20:00,1.6416,2.9424,0.532,0.5507,120,89.9174,36.0892,120,88.0828,88.3206,87.8323,0.1234,120,25.6235,25.6474,25.5864,0.0166,120,1006.4464,1006.6042,1006.3845,0.0759,120,0,0,0,0,120,0,0,0,0,120,13.5723,14.2604,12.786,0.2658,120,120,0,0,0,0,0,120,None,None,None,None,0,3.4408,3.4434,3.4397,0.0013,0.5562,0.5565,0.5559,0.0002,0.8808,0.8832,0.8783,0.0012,-0.0001,-0.0001,-0.0001,0,0,0,-0.0001,0,0,0,0,0,0,0,0,0,155.6083,297,35,59.8621,0,0,0,0,271.3,957,20,124.5741,34,44.7167,49,41,23.64,23.68,23.63
2022-11-13 00:30:00,1.4022,2.7676,0.44,0.5528,120,91.4599,35.2006,120,87.7921,87.9238,87.7102,0.0666,120,25.6363,25.6719,25.6139,0.0156,120,1006.3868,1006.4211,1006.2014,0.0615,120,0,0,0,0,120,0,0,0,0,120,13.7034,14.2604,13.2775,0.1904,120,120,0,0,0,0,0,120,None,None,None,None,0,3.4398,3.4404,3.4367,0.001,0.5564,0.5567,0.5561,0.0002,0.8779,0.8792,0.8771,0.0007,-0.0001,-0.0001,-0.0001,0,0,0,0,0,0,0,0,0,0,0,0,0,129.5917,278,25,60.0908,0,0,0,0,266.3333,895,14,112.6436,34,44.7167,47,41,23.64,23.68,23.63
2022-11-13 00:40:00,1.1292,2.3996,0.302,0.4854,120,99.4444,48.0025,120,87.5383,87.7407,87.3745,0.0976,120,25.6727,25.6871,25.6566,0.0062,120,1006.2445,1006.4211,1006.0182,0.0788,120,0,0,0,0,120,0,0,0,0,120,13.6624,14.2604,13.2775,0.2224,120,120,0,0,0,0,0,120,None,None,None,None,0,3.4374,3.4404,3.4336,0.0013,0.5567,0.5569,0.5566,0.0001,0.8754,0.8774,0.8737,0.001,-0.0001,-0.0001,-0.0001,0,0,0,0,0,0,0,0,0,0,0,0,0,99.9083,238,10,52.7655,0,0,0,0,301.6917,876,10,150.6555,34,44.8333,47,41,23.64,23.68,23.63
2022-11-13 00:50:00,1.9964,4.0372,0.6516,0.7776,120,110.8014,32.4046,120,87.3152,87.405,87.2219,0.0455,120,25.6689,25.7176,25.6413,0.0176,120,1006.2972,1006.4211,1006.2014,0.0943,120,0,0,0,0,120,0,0,0,0,120,13.6624,14.2604,12.786,0.2563,120,120,0,0,0,0,0,120,None,None,None,None,0,3.4383,3.4404,3.4367,0.0016,0.5567,0.5572,0.5564,0.0002,0.8732,0.8741,0.8722,0.0005,-0.0001,-0.0001,-0.0001,0,0,0,0,0,0,0,0,0,0,0,0,0,194.175,416,48,84.517,0,0,0,0,320.725,743,158,96.913,34,44.8167,47,41,23.64,23.68,23.63
2022-11-13 01:00:00,1.3194,5.3988,0.2192,1.0053,120,90.1991,59.6072,120,86.8712,87.3135,86.3063,0.2804,120,25.3924,25.7207,25.0737,0.2055,120,1006.3143,1006.4211,1006.2014,0.0956,120,0.1362,2.4032,0,0.4325,120,0,0,0,0,120,12.8596,13.7689,11.31,0.5359,120,120,0.5,0,0,0,0,120,None,None,None,None,0,3.4386,3.4404,3.4367,0.0016,0.5539,0.5572,0.5507,0.0021,0.8687,0.8731,0.8631,0.0028,-0.0001,-0.0001,-0.0001,0,0,0,0,0,0,0,0,0,0,0,0,0,120.5917,564,1,109.2688,0.0417,1,0,0.2007,351.025,1010,25,231.91,34,44.9167,47,41,23.63,23.68,23.63
2022-11-13 01:10:00,0.9958,2.4272,0.3204,0.3505,120,77.2141,34.2661,120,87.4757,87.6492,87.2219,0.1089,120,24.9653,25.0737,24.9181,0.0437,120,1006.2287,1006.4211,1006.0366,0.0618,120,0.9852,2.163,0,0.7556,120,0,0,0,0,120,13.3962,14.2604,13.2775,0.2207,120,120,0,0,0,0,0,120,None,None,None,None,0,3.4371,3.4404,3.4339,0.001,0.5496,0.5507,0.5492,0.0004,0.8748,0.8765,0.8722,0.0011,-0.0001,-0.0001,-0.0001,0,0,0,0,0,0,0,0,0,0,0,0,0,85.4167,241,12,38.0958,0,0,0,0,236.9917,1004,12,131.2835,34,44.5833,47,41,23.63,23.68,23.63
2022-11-13 01:20:00,0.7494,1.2496,0.2284,0.234,120,75.4183,31.2389,120,87.755,87.9238,87.6186,0.0834,120,24.9748,25.0462,24.9272,0.0343,120,1006.1464,1006.238,1006.0182,0.0887,120,2.0767,2.6433,1.2016,0.3397,120,0.0153,0.3661,0,0.0735,120,13.5314,13.7689,13.2775,0.2466,120,120,0,0,0,0,0,120,None,None,None,None,0,3.4358,3.4373,3.4336,0.0015,0.5497,0.5505,0.5493,0.0003,0.8775,0.8792,0.8762,0.0008,-0.0001,-0.0001,-0.0001,0,0,0,0,0,0,0,0,0,0,0,0,0,58.6333,113,2,25.4307,0,0,0,0,230.1917,1018,51,123.9329,34,44.7167,47,41,23.64,23.68,23.63
2022-11-13 01:30:00,2.5401,6.0244,0.302,1.2669,120,110.322,32.5997,120,87.5754,88.0459,86.7336,0.4217,120,24.8997,25.1134,24.4542,0.2189,120,1006.1977,1006.4028,1006.0182,0.0683,120,0.6788,2.6433,0,0.8092,120,0,0,0,0,120,13.2119,13.7689,12.2946,0.3711,120,120,2.8,0,0,0,0,120,None,None,None,None,0,3.4366,3.44,3.4336,0.0011,0.549,0.5511,0.5445,0.0022,0.8758,0.8805,0.8673,0.0042,-0.0001,-0.0001,-0.0001,0,0,0,0,0,0,0,0,0,0,0,0,0,253.275,632,10,137.7048,0.2333,1,0,0.4247,314.8,669,48,95.3489,34,44.5667,47,41,23.63,23.68,23.63
2022-11-13 01:40:00,1.2315,2.9792,0,0.8039,120,93.5542,57.6417,120,88.3091,88.6563,87.5881,0.2586,120,24.1925,24.4359,24.03,0.1147,120,1006.0254,1006.2197,1005.8168,0.0833,120,0,0,0,0,120,0,0,0,0,120,13.3143,13.7689,12.786,0.1705,120,120,0.3,0,0,0,0,120,None,None,None,None,0,3.4338,3.437,3.4303,0.0014,0.5419,0.5444,0.5403,0.0011,0.8831,0.8866,0.8759,0.0026,-0.0001,-0.0001,-0.0001,0,0,0,0,0,0,0,0,0,0,0,0,0,111.4167,301,0,86.839,0.025,1,0,0.1568,328.4333,964,30,196.8709,34,44.8833,47,41,23.63,23.68,23.63
2022-11-13 01:50:00,0.8616,2.5744,0,0.5276,120,105.1322,39.229,120,89.0759,89.6939,88.6563,0.3386,120,24.001,24.0971,23.9659,0.0336,120,1006.0276,1006.2197,1005.9999,0.0311,120,0.6948,2.6433,0,0.8931,120,0,0,0,0,120,13.4413,13.7689,12.786,0.2412,120,120,0,0,0,0,0,120,None,None,None,None,0,3.4338,3.437,3.4333,0.0005,0.54,0.541,0.5397,0.0003,0.8908,0.8969,0.8866,0.0034,-0.0001,-0.0001,-0.0001,0,0,0,0,0,0,0,0,0,0,0,0,0,71.0167,257,0,57.0726,0,0,0,0,311.225,1000,34,131.2075,34,44.75,49,41,23.63,23.68,23.63
2022-11-13 02:00:00,1.6183,3.936,0.4952,0.6816,120,99.0626,38.4944,120,89.6753,89.8465,89.5108,0.0875,120,24.2929,24.4664,24.091,0.1173,120,1006.0456,1006.2197,1005.8351,0.0733,120,2.6914,3.3646,2.163,0.3639,120,0.0122,0.3661,0,0.066,120,13.5683,13.7689,13.2775,0.2426,120,120,0,0,0,0,0,120,None,None,None,None,0,3.4341,3.437,3.4306,0.0012,0.5429,0.5447,0.5409,0.0012,0.8968,0.8985,0.8951,0.0009,-0.0001,-0.0001,-0.0001,0,0,0,0,0,0,0,0,0,0,0,0,0,153.075,405,31,74.0899,0,0,0,0,297.7833,919,36,128.5183,34,44.75,47,41,23.63,23.68,23.63
2022-11-13 02:10:00,1.5484,3.982,0.5136,0.653,120,96.5893,40.4344,120,89.6158,89.7244,89.5413,0.0401,120,24.5659,24.6464,24.4633,0.0566,120,1005.9725,1006.2014,1005.8168,0.0854,120,2.8416,3.8449,2.163,0.4457,120,0.0092,0.3661,0,0.0574,120,13.5027,13.7689,13.2775,0.2459,120,120,0,0,0,0,0,120,None,None,None,None,0,3.4329,3.4367,3.4303,0.0014,0.5457,0.5465,0.5446,0.0006,0.8962,0.8972,0.8954,0.0004,-0.0001,-0.0001,-0.0001,0,0,0,0,0,0,0,0,0,0,0,0,0,145.4833,410,33,70.9817,0,0,0,0,294.3917,999,10,143.9183,34,44.8833,47,41,23.63,23.68,23.63
2022-11-13 02:20:00,1.4048,2.8136,0.4124,0.5491,120,99.1468,35.2356,120,89.7229,89.816,89.6023,0.0664,120,24.7066,24.7807,24.6373,0.0415,120,1005.9122,1006.0549,1005.8168,0.0939,120,3.1118,3.8449,2.4032,0.3145,120,0.177,0.3661,0,0.1837,120,13.5355,13.7689,13.2775,0.2465,120,120,0,0,0,0,0,120,None,None,None,None,0,3.4319,3.4342,3.4303,0.0016,0.5471,0.5478,0.5464,0.0004,0.8972,0.8982,0.896,0.0007,-0.0001,-0.0001,-0.0001,0,0,0,0,0,0,0,0,0,0,0,0,0,129.8667,283,22,59.6805,0,0,0,0,294.8167,965,40,125.9205,34,44.8833,47,41,23.63,23.68,23.63
2022-11-13 02:30:00,1.1341,2.2064,0.302,0.403,120,106.9486,43.3215,120,89.8653,89.9686,89.7549,0.0528,120,24.8153,24.8479,24.7685,0.0215,120,1005.9029,1006.0366,1005.8168,0.0897,120,2.1207,2.6433,1.4417,0.2935,120,0.0153,0.3661,0,0.0735,120,13.5109,13.7689,13.2775,0.2465,120,120,0,0,0,0,0,120,None,None,None,None,0,3.4317,3.4339,3.4303,0.0015,0.5482,0.5485,0.5477,0.0002,0.8987,0.8997,0.8975,0.0005,-0.0001,-0.0001,-0.0001,0,0,0,0,0,0,0,0,0,0,0,0,0,100.45,217,10,43.8013,0,0,0,0,321.5083,1013,7,147.5741,34,44.8833,49,41,23.63,23.68,23.63
2022-11-13 02:40:00,0.9718,2.9332,0.2744,0.493,120,97.5177,56.4392,120,89.9955,90.0601,89.938,0.0291,120,24.8999,24.9486,24.8479,0.0288,120,1006.0173,1006.2197,1005.8168,0.0573,120,2.6874,3.3646,2.163,0.3067,120,0.0976,0.3661,0,0.1626,120,13.5601,13.7689,13.2775,0.244,120,120,0,0,0,0,0,120,None,None,None,None,0,3.4336,3.437,3.4303,0.001,0.549,0.5495,0.5485,0.0003,0.9,0.9006,0.8994,0.0003,-0.0001,-0.0001,-0.0001,0,0,0,0,0,0,0,0,0,0,0,0,0,82.8,296,7,53.5836,0,0,0,0,337.4167,1019,4,204.7445,34,44.8667,47,41,23.63,23.68,23.63
2022-11-13 02:50:00,1.187,2.5928,0.256,0.467,120,94.4322,39.0855,120,90.0611,90.1822,89.9686,0.0456,120,24.9815,25.0157,24.9425,0.0207,120,1006.0871,1006.2197,1005.9999,0.0916,120,3.0337,3.3646,2.4032,0.2608,120,0.1404,0.3661,0,0.1788,120,13.5519,13.7689,13.2775,0.2451,120,120,0,0,0,0,0,120,None,None,None,None,0,3.4348,3.437,3.4333,0.0015,0.5498,0.5502,0.5494,0.0002,0.9006,0.9018,0.8997,0.0005,-0.0001,-0.0001,-0.0001,0,0,0,0,0,0,0,0,0,0,0,0,0,106.1917,259,5,50.7663,0,0,0,0,288.2417,1006,38,140.7257,34,45.0333,47,41,23.63,23.68,23.63
2022-11-13 03:00:00,0.8722,2.0408,0.2468,0.4052,120,89.8834,45.2633,120,90.1138,90.2127,89.9991,0.0435,120,25.0397,25.0768,25.0066,0.019,120,1006.142,1006.2197,1005.9999,0.0873,120,2.3829,3.3646,1.4417,0.5144,120,0,0,0,0,120,13.4249,13.7689,13.2775,0.2262,120,120,0,0,0,0,0,120,None,None,None,None,0,3.4357,3.437,3.4333,0.0015,0.5504,0.5508,0.5501,0.0002,0.9011,0.9021,0.9,0.0004,-0.0001,-0.0001,-0.0001,0,0,0,0,0,0,0,0,0,0,0,0,0,71.975,199,4,44.0455,0,0,0,0,292.7583,985,26,166.3355,34,44.8667,47,41,23.63,23.68,23.63
2022-11-13 03:10:00,0.8346,1.7556,0,0.3658,120,98.89,40.662,120,90.1685,90.2127,90.0601,0.0358,120,25.0897,25.1103,25.0737,0.0092,120,1006.1997,1006.4028,1005.9999,0.065,120,2.4351,3.1236,1.922,0.292,120,0.0061,0.3661,0,0.0471,120,13.4904,13.7689,13.2775,0.2446,120,120,0,0,0,0,0,120,None,None,None,None,0,3.4367,3.44,3.4333,0.0011,0.5509,0.5511,0.5507,0.0001,0.9017,0.9021,0.9006,0.0004,-0.0001,-0.0001,-0.0001,0,0,0,0,0,0,0,0,0,0,0,0,0,68.2667,168,0,38.9858,0,0,0,0,294.1083,997,36,133.4134,34,44.7,47,41,23.63,23.68,23.63
2022-11-13 03:20:00,1.1351,2.7032,0.348,0.5117,120,86.9758,39.7339,120,90.1771,90.2738,90.0296,0.0631,120,25.1209,25.1439,25.1042,0.0103,120,1006.2934,1006.4028,1006.1831,0.0939,120,2.7235,3.6047,1.922,0.4582,120,0,0,0,0,120,13.4986,13.7689,13.2775,0.2455,120,120,0,0,0,0,0,120,None,None,None,None,0,3.4382,3.44,3.4364,0.0016,0.5512,0.5514,0.551,0.0001,0.9018,0.9027,0.9003,0.0006,-0.0001,-0.0001,-0.0001,0,0,0,0,0,0,0,0,0,0,0,0,0,100.5583,271,15,55.6207,0,0,0,0,270.225,1017,15,147.1903,34,44.6833,47,41,23.63,23.68,23.63
2022-11-13 03:30:00,2.2606,4.4052,0.4124,0.9017,120,69.0906,30.9077,120,90.0227,90.2432,89.6634,0.1645,120,25.0658,25.1195,24.9455,0.0535,120,1006.312,1006.4028,1006.0366,0.0945,120,1.56,4.8063,0,1.8599,120,0,0,0,0,120,13.2447,13.7689,12.786,0.3169,120,120,0.4,0,0,0,0,120,None,None,None,None,0,3.4385,3.44,3.4339,0.0016,0.5507,0.5512,0.5495,0.0005,0.9002,0.9024,0.8966,0.0016,-0.0001,-0.0001,-0.0001,0,0,0.0001,0,0,0,0,0,0,0,0,0,0,222.8917,456,22,98.0076,0.0333,1,0,0.1803,214.95,998,10,131.2106,33.3,44.95,49,41,23.63,23.68,23.63
2022-11-13 03:40:00,1.5161,3.6508,0.2376,0.6779,120,91.2319,43.0448,120,90.4164,90.5484,90.1822,0.096,120,24.9112,24.9516,24.8936,0.0126,120,1006.3755,1006.6042,1006.1831,0.0715,120,2.3349,3.6047,0.2402,1.0482,120,0.0031,0.3661,0,0.0334,120,13.4659,13.7689,13.2775,0.2399,120,120,0,0,0,0,0,120,None,None,None,None,0,3.4396,3.4434,3.4364,0.0012,0.5491,0.5495,0.5489,0.0001,0.9042,0.9055,0.9018,0.001,-0.0001,-0.0001,-0.0001,0,0,0,0,0,0,0,0,0,0,0,0,0,141.9667,374,3,73.6892,0,0,0,0,283.6,869,59,142.115,33,44.9333,49,41,23.63,23.68,23.63
2022-11-13 03:50:00,1.2469,2.602,0.3664,0.4456,120,98.3057,30.7627,120,90.4063,90.5179,90.2432,0.086,120,24.9474,24.9638,24.915,0.0115,120,1006.4637,1006.6042,1006.3662,0.0958,120,2.9036,3.3646,2.4032,0.2848,120,0.1007,0.3661,0,0.1642,120,13.47,13.7689,13.2775,0.2409,120,120,0,0,0,0,0,120,None,None,None,None,0,3.4411,3.4434,3.4394,0.0016,0.5495,0.5496,0.5492,0.0001,0.9041,0.9052,0.9024,0.0009,-0.0001,-0.0001,-0.0001,0,0,0,0,0,0,0,0,0,0,0,0,0,112.7083,260,17,48.4342,0,0,0,0,282.3333,648,80,90.939,33,44.7833,49,39,23.63,23.68,23.63
2022-11-13 04:00:00,1.4848,2.832,0.3572,0.6349,120,97.837,37.2638,120,90.2649,90.3653,90.1517,0.0447,120,24.9445,24.9577,24.9333,0.0058,120,1006.5618,1006.769,1006.3845,0.0709,120,3.4463,4.3252,2.4032,0.614,120,0.1953,0.3661,0,0.1834,120,13.4167,13.7689,12.786,0.2313,120,120,0,0,0,0,0,120,None,None,None,None,0,3.4427,3.4462,3.4397,0.0012,0.5494,0.5496,0.5493,0.0001,0.9026,0.9037,0.9015,0.0004,-0.0001,-0.0001,-0.0001,0,0,0.0001,0,0,0,0,0,0,0,0,0,0,138.5667,285,16,69.0117,0,0,0,0,303.7167,1020,95,148.0298,33,44.8,49,41,23.63,23.68,23.63
2022-11-13 04:10:00,1.6211,2.8412,0.7896,0.4138,120,109.4585,31.5427,120,90.1908,90.2738,90.0906,0.0463,120,24.9468,24.9577,24.9303,0.0059,120,1006.6066,1006.7873,1006.3845,0.0636,120,3.3582,4.5661,2.163,0.8096,120,0,0,0,0,120,13.4331,13.7689,13.2775,0.2296,120,120,0,0,0,0,0,120,None,None,None,None,0,3.4434,3.4465,3.4397,0.0011,0.5495,0.5496,0.5493,0.0001,0.9019,0.9027,0.9009,0.0005,-0.0001,-0.0001,-0.0001,0,0,0.0001,0,0,0,0,0,0,0,0,0,0,153.375,286,63,44.9809,0,0,0,0,316.35,905,43,101.3281,33,44.8833,47,41,23.63,23.68,23.63
2022-11-13 04:20:00,1.3069,2.5744,0.4768,0.4496,120,107.0093,38.4577,120,90.2038,90.3043,90.0906,0.0416,120,24.9995,25.0462,24.9486,0.0294,120,1006.7388,1006.9704,1006.5676,0.0911,120,3.985,4.3252,3.3646,0.2742,120,0.0244,0.3661,0,0.0917,120,13.4945,13.7689,13.2775,0.2451,120,120,0,0,0,0,0,120,None,None,None,None,0,3.4456,3.4495,3.4428,0.0015,0.55,0.5505,0.5495,0.0003,0.902,0.903,0.9009,0.0004,-0.0001,-0.0001,-0.0001,0,0.0001,0.0001,0,0,0,0,0,0,0,0,0,0,119.225,257,29,48.8681,0,0,0,0,320.5167,1021,46,136.875,33,44.85,49,39,23.63,23.68,23.63
2022-11-13 04:30:00,1.4673,3.9084,0.3756,0.7363,120,100.8056,41.9816,120,89.9805,90.1822,89.816,0.0895,120,25.021,25.0554,24.9883,0.0223,120,1006.8664,1006.9704,1006.5859,0.1003,120,4.6019,6.4882,3.1236,1.0278,120,0.3112,1.0996,0,0.2989,120,13.5191,13.7689,13.2775,0.2467,120,120,0,0.0127,0.3052,0,0.0612,120,None,None,None,None,0,3.4478,3.4495,3.4431,0.0017,0.5502,0.5505,0.5499,0.0002,0.8998,0.9018,0.8982,0.0009,-0.0001,-0.0001,-0.0001,0,0.0001,0.0001,0,0,0,0,0,0,0,0.0003,0,0.0001,136.6583,402,18,80.0306,0,0,0,0,307.7333,1014,33,141.0125,33,44.7833,49,41,23.64,23.68,23.63
2022-11-13 04:40:00,1.2743,2.6756,0.3756,0.6001,120,94.6038,40.5585,120,89.9136,90.0601,89.816,0.0635,120,25.0389,25.0646,25.0035,0.0186,120,1006.9257,1007.1535,1006.7507,0.0793,120,6.4861,8.6512,5.2866,0.7382,120,1.9296,4.03,0.7323,0.8907,120,13.5068,13.7689,13.2775,0.2462,120,120,0,1.2589,3.6622,0,0.9655,120,None,None,None,None,0,3.4488,3.4526,3.4458,0.0013,0.5504,0.5506,0.55,0.0002,0.8991,0.9006,0.8982,0.0006,-0.0001,-0.0001,-0.0001,0,0.0001,0.0001,0.0001,0,0,0,0,0,0.0013,0.0037,0,0.001,115.6833,268,18,65.2307,0,0,0,0,295.95,1021,49,149.7231,33,44.8,47,41,23.64,23.68,23.63
2022-11-13 04:50:00,1.2835,2.9424,0.3204,0.561,120,101.3003,40.9892,120,89.8,89.938,89.6634,0.0818,120,25.0798,25.1073,25.0615,0.0114,120,1006.9536,1007.1535,1006.769,0.0397,120,12.2935,18.0228,8.4102,2.5697,120,7.9838,13.1897,4.3962,2.2297,120,13.515,13.7689,13.2775,0.2466,120,120,0,7.2329,11.9022,3.6622,2.0415,120,89.24,89.87,88.59,0.44,77,3.4492,3.4526,3.4462,0.0007,0.5508,0.5511,0.5506,0.0001,0.898,0.8994,0.8966,0.0008,-0.0001,-0.0001,-0.0001,0,0.0002,0.0002,0.0001,0,0.0001,0.0001,0,0,0.0072,0.0119,0.0037,0.002,116.6833,297,12,60.9751,0,0,0,0,296.4833,704,8,124.1259,33,44.7833,49,41,23.65,23.68,23.63
2022-11-13 05:00:00,1.8881,3.5956,0.7528,0.5671,120,105.1622,28.0323,120,89.7287,89.7855,89.6023,0.0493,120,25.117,25.1897,25.0615,0.038,120,1007.0589,1007.1718,1006.9521,0.0957,120,28.8024,34.1228,18.0228,4.7452,120,23.0019,28.5762,13.5558,4.3947,120,13.601,13.7689,13.2775,0.2341,120,120,0,21.0425,26.8563,12.2074,4.2463,120,87.3,88.59,86.03,0.69,120,3.451,3.4529,3.4492,0.0016,0.5512,0.5519,0.5506,0.0004,0.8973,0.8979,0.896,0.0005,-0.0001,-0.0001,-0.0001,0,0.0004,0.0004,0.0002,0.0001,0.0002,0.0002,0.0001,0,0.021,0.0269,0.0122,0.0042,182.4,368,59,61.6405,0,0,0,0,300.9417,568,154,81.4528,33,44.7667,49,41,23.64,23.68,23.63
2022-11-13 05:10:00,1.3091,2.8412,0.5412,0.4471,120,109.4463,37.3893,120,89.4208,89.6939,89.2361,0.1066,120,25.1957,25.2171,25.1744,0.0085,120,1007.1592,1007.355,1006.9521,0.0735,120,36.44,38.689,33.6425,1.5841,120,31.4039,33.3397,28.2101,1.5501,120,13.6215,13.7689,13.2775,0.2262,120,120,0,29.8191,31.7392,26.8563,1.5166,120,84.93,86.03,83.72,0.69,120,3.4527,3.4559,3.4492,0.0012,0.552,0.5522,0.5517,0.0001,0.8942,0.8969,0.8924,0.0011,-0.0001,-0.0001,-0.0001,0,0.0005,0.0005,0.0004,0,0.0003,0.0003,0.0002,0,0.0298,0.0317,0.0269,0.0015,119.4667,286,36,48.6025,0,0,0,0,324.15,975,54,125.4842,33,44.65,47,41,23.64,23.68,23.63
2022-11-13 05:20:00,1.6869,3.7796,0.4584,0.6604,120,90.8117,41.578,120,89.2883,89.5108,88.8699,0.1441,120,25.2539,25.3026,25.1897,0.0371,120,1007.2292,1007.355,1007.1352,0.092,120,26.3893,33.6425,22.5882,2.4438,120,21.4081,27.8439,17.2197,2.431,120,13.6706,13.7689,13.2775,0.1974,120,120,0,21.5562,26.5511,17.0904,2.5063,120,82.57,83.72,81.41,0.69,120,3.4538,3.4559,3.4523,0.0015,0.5525,0.553,0.5519,0.0004,0.8929,0.8951,0.8887,0.0014,-0.0001,-0.0001,-0.0001,0,0.0003,0.0004,0.0003,0,0.0002,0.0002,0.0001,0,0.0216,0.0266,0.0171,0.0025,160.5333,388,27,71.7841,0,0,0,0,287.7333,987,2,156.2157,33,44.8,47,41,23.65,23.68,23.63
2022-11-13 05:30:00,1.6752,3.3288,0.762,0.5576,120,63.7034,31.4,120,88.8343,88.9309,88.5647,0.0957,120,25.1401,25.266,25.0859,0.0546,120,1007.3099,1007.5198,1007.1352,0.0658,120,40.8415,47.8205,28.3559,6.1675,120,37.849,45.7959,24.1801,6.955,120,13.6174,13.7689,13.2775,0.2279,120,120,0,39.4172,47.9141,25.6355,7.0639,120,80.2,81.41,79.1,0.69,120,3.4552,3.4587,3.4523,0.0011,0.5514,0.5527,0.5509,0.0006,0.8883,0.8893,0.8856,0.001,-0.0001,-0.0001,-0.0001,0,0.0005,0.0006,0.0004,0.0001,0.0003,0.0004,0.0002,0.0001,0.0394,0.0479,0.0256,0.0071,159.2583,339,60,60.6094,0,0,0,0,197.475,1001,0,127.3948,33,44.8,47,41,23.64,23.68,23.63
2022-11-13 05:40:00,1.0342,2.1144,0.2284,0.4124,120,87.3286,49.6659,120,88.9498,89.0835,88.7783,0.0681,120,25.1766,25.2812,25.089,0.0593,120,1007.3569,1007.5198,1007.1352,0.0666,120,57.066,76.6567,42.5339,12.4301,120,56.4483,76.2041,41.0336,12.8387,120,13.7198,14.2604,13.2775,0.1847,120,120,0,56.327,75.0755,41.8104,12.2775,120,77.82,79.1,76.53,0.69,120,3.4559,3.4587,3.4523,0.0011,0.5518,0.5528,0.5509,0.0006,0.8895,0.8908,0.8878,0.0007,-0.0001,-0.0001,-0.0001,0,0.0007,0.001,0.0005,0.0002,0.0005,0.0006,0.0003,0.0001,0.0563,0.0751,0.0418,0.0123,89.5917,207,2,44.8297,0,0,0,0,279.0167,1001,34,166.8973,33,44.8667,49,41,23.66,23.68,23.63
2022-11-13 05:50:00,1.6751,4.0004,0.5044,0.6673,120,104.905,31.9473,120,88.6102,88.9309,88.1375,0.2293,120,25.329,25.3697,25.269,0.0236,120,1007.5463,1007.7029,1007.3183,0.0858,120,87.4303,98.5244,75.9354,8.0409,120,87.2384,98.1873,75.8379,7.9608,120,13.814,14.2604,13.2775,0.2113,120,120,0,85.8842,97.3541,73.8548,8.4597,120,75.45,76.53,74.21,0.69,120,3.4591,3.4617,3.4553,0.0014,0.5533,0.5537,0.5527,0.0002,0.8861,0.8893,0.8814,0.0023,-0.0001,-0.0001,-0.0001,0,0.0011,0.0013,0.001,0.0001,0.0007,0.0008,0.0006,0.0001,0.0859,0.0974,0.0739,0.0085,159.25,412,32,72.5346,0,0,0,0,299.1667,602,19,93.4306,33,44.6333,47,41,23.68,23.73,23.63
2022-11-13 06:00:00,1.9411,4.0832,0.4952,0.7136,120,103.9969,29.5463,120,88.2806,88.5037,87.9849,0.1401,120,25.4712,25.5711,25.3423,0.0731,120,1007.6653,1007.7029,1007.5014,0.0505,120,99.9461,111.7409,96.3614,4.5062,120,100.0736,112.8415,95.988,4.8317,120,13.9246,14.2604,13.7689,0.2296,120,120,0,97.0209,106.2044,93.997,3.3938,120,73.07,74.21,71.89,0.7,120,3.4611,3.4617,3.4584,0.0008,0.5547,0.5557,0.5534,0.0007,0.8828,0.885,0.8798,0.0014,-0.0001,-0.0001,-0.0001,0,0.0013,0.0014,0.0012,0.0001,0.0008,0.0009,0.0008,0,0.097,0.1062,0.094,0.0034,188.1667,421,31,77.5685,0,0,0,0,296.7167,603,75,85.897,33,44.8333,49,41,23.64,23.68,23.63
2022-11-13 06:10:00,1.7288,3.7612,0.4952,0.6129,120,105.1311,30.3899,120,87.8719,88.168,87.6797,0.1208,120,25.6525,25.7573,25.5681,0.0583,120,1007.8065,1007.886,1007.6662,0.094,120,127.611,136.0118,111.9811,7.5667,120,128.2809,136.6555,112.8415,7.6338,120,14.1007,14.7535,13.7689,0.2791,120,120,0,120.4108,130.314,106.5096,7.557,120,70.7,71.89,69.57,0.7,120,3.4634,3.4648,3.4611,0.0016,0.5565,0.5576,0.5557,0.0006,0.8787,0.8817,0.8768,0.0012,-0.0001,-0.0001,-0.0001,0,0.0016,0.0017,0.0014,0.0001,0.0011,0.0011,0.0009,0.0001,0.1204,0.1303,0.1065,0.0076,165.0833,386,31,66.6204,0,0,0,0,302.6167,786,62,93.3498,33,44.8333,49,41,23.64,23.68,23.63
2022-11-13 06:20:00,1.6603,3.3472,0.5228,0.5947,120,100.3061,38.572,120,87.3669,87.7102,86.9472,0.2254,120,25.8226,25.8824,25.7573,0.0382,120,1008.0082,1008.2522,1007.8677,0.0927,120,136.2079,153.0732,128.8024,6.1296,120,137.492,153.1417,131.1597,5.4458,120,15.8139,23.6046,13.7689,2.5043,120,120,0,132.6436,148.6251,126.6518,5.5887,120,68.32,69.57,67.26,0.69,120,3.4668,3.4709,3.4645,0.0015,0.5582,0.5588,0.5576,0.0004,0.8737,0.8771,0.8695,0.0023,-0.0001,-0.0001,-0.0001,0,0.0017,0.0019,0.0016,0.0001,0.0011,0.0013,0.0011,0,0.1326,0.1486,0.1267,0.0056,157.6417,341,34,64.6387,0,0,0,0,294.4833,723,43,116.5736,33,44.9333,47,41,23.64,23.68,23.63
2022-11-13 06:30:00,1.5032,2.786,0.348,0.6106,120,102.3363,39.2105,120,86.8437,87.344,86.3979,0.2427,120,26.002,26.0961,25.8794,0.0577,120,1008.0642,1008.2522,1007.8677,0.0508,120,173.6091,186.7157,153.5535,8.7461,120,174.0709,186.8475,153.8751,8.6377,120,14.2687,14.7535,13.7689,0.2115,120,120,0,168.0909,182.1955,149.2355,8.7583,120,65.94,67,64.68,0.69,120,3.4677,3.4709,3.4645,0.0008,0.56,0.561,0.5588,0.0006,0.8684,0.8734,0.864,0.0024,-0.0001,-0.0001,-0.0001,0,0.0022,0.0024,0.0019,0.0001,0.0014,0.0016,0.0013,0.0001,0.1681,0.1822,0.1492,0.0088,140.5667,280,15,66.3697,0,0,0,0,299.9333,752,36,117.0056,33,44.85,49,41,23.64,23.68,23.63
2022-11-13 06:40:00,2.0583,3.7244,0.8448,0.7515,120,102.22,24.4001,120,86.124,86.52,85.5739,0.2488,120,26.1557,26.2151,26.0991,0.0379,120,1008.2218,1008.4353,1008.0508,0.0895,120,206.3924,231.1717,173.9795,19.6307,120,211.7489,246.5666,175.1236,22.6137,120,23.9487,46.2246,14.2604,8.3276,120,120,0,197.5361,231.9407,164.1896,21.8785,120,63.56,64.68,62.36,0.7,120,3.4704,3.4739,3.4675,0.0015,0.5616,0.5622,0.561,0.0004,0.8612,0.8652,0.8557,0.0025,-0.0001,-0.0001,-0.0003,0.0001,0.0026,0.0029,0.0022,0.0002,0.0018,0.0021,0.0015,0.0002,0.1975,0.2319,0.1642,0.0219,200.9,382,69,81.684,0,0,0,0,290.4167,497,82,70.5799,33,44.75,47,41,23.65,23.68,23.63
2022-11-13 06:50:00,1.7072,3.3748,0.7988,0.6113,120,105.6319,33.5096,120,85.5675,86.1538,85.0246,0.2636,120,26.3398,26.4318,26.2151,0.0664,120,1008.2649,1008.4353,1008.0508,0.0651,120,192.1244,227.8071,160.763,25.6921,120,193.6777,229.7131,162.6675,25.4734,120,14.2524,15.7364,13.7689,0.3252,120,120,0,188.6222,220.954,160.5274,23.142,120,61.18,62.36,60.04,0.7,120,3.4711,3.4739,3.4675,0.0011,0.5634,0.5643,0.5622,0.0007,0.8557,0.8615,0.8502,0.0026,-0.0001,-0.0001,-0.0001,0,0.0024,0.0029,0.002,0.0003,0.0016,0.0019,0.0014,0.0002,0.1886,0.221,0.1605,0.0231,162.7417,344,64,66.4486,0,0,0,0,308.725,888,139,106.0464,33,44.8333,47,41,23.64,23.68,23.63
2022-11-13 07:00:00,2.2531,4.3592,0.9,0.6809,120,103.8,32.0275,120,84.7494,85.2382,84.2616,0.2187,120,26.4068,26.4379,26.383,0.0108,120,1008.2611,1008.4353,1008.2339,0.0555,120,220.6044,245.8299,169.1732,21.7684,120,222.2117,248.3974,172.5594,21.2831,120,14.8634,17.7038,13.7689,0.8077,120,120,0,221.0507,247.5051,172.1244,21.1245,120,58.81,60.04,57.73,0.69,120,3.471,3.4739,3.4706,0.0009,0.5641,0.5644,0.5638,0.0001,0.8475,0.8524,0.8426,0.0022,-0.0001,-0.0001,-0.0001,0,0.0028,0.0031,0.0021,0.0003,0.0019,0.0021,0.0014,0.0002,0.2211,0.2475,0.1721,0.0211,222.075,451,75,74.0133,0,0,0,0,300.7917,703,35,96.3157,33,44.85,47,41,23.64,23.68,23.63
2022-11-13 07:10:00,2.2588,4.258,0.4308,0.7742,120,103.3825,24.2866,120,84.1934,84.6889,83.8954,0.1958,120,26.3886,26.4135,26.3463,0.0168,120,1008.2722,1008.4353,1008.0508,0.0839,120,196.562,212.6685,180.2276,8.9626,120,198.6329,213.2269,182.4514,9.2638,120,14.1583,15.7364,13.2775,0.455,120,120,0,192.9304,209.357,177.6177,9.1768,120,56.43,57.73,55.15,0.69,120,3.4712,3.4739,3.4675,0.0014,0.5639,0.5641,0.5635,0.0002,0.8419,0.8469,0.839,0.002,-0.0001,-0.0001,-0.0001,0,0.0025,0.0027,0.0023,0.0001,0.0017,0.0018,0.0015,0.0001,0.1929,0.2094,0.1776,0.0092,222.6917,440,24,84.1549,0,0,0,0,294.5,526,105,70.479,33,44.55,47,41,23.65,23.68,23.63
2022-11-13 07:20:00,1.8552,4.5156,0.3388,0.8844,120,76.6101,39.8051,120,83.87,84.1395,83.4986,0.1802,120,26.3573,26.4196,26.325,0.0196,120,1008.3811,1008.6184,1008.2156,0.0871,120,217.7007,246.311,161.9646,21.312,120,218.3497,246.9328,163.7671,20.9101,120,14.1868,14.7535,13.7689,0.2755,120,120,0,211.0711,239.2651,158.6963,20.6345,120,54.06,55.15,52.84,0.69,120,3.473,3.477,3.4703,0.0015,0.5636,0.5642,0.5633,0.0002,0.8387,0.8414,0.835,0.0018,-0.0001,-0.0001,-0.0001,0,0.0028,0.0031,0.0021,0.0003,0.0018,0.0021,0.0014,0.0002,0.2111,0.2393,0.1587,0.0206,178.825,468,14,96.1322,0,0,0,0,276.5833,1018,1,200.33,33,44.7333,47,41,23.65,23.68,23.63
2022-11-13 07:30:00,2.3607,4.8652,0.6608,0.8355,120,78.0473,34.7171,120,83.1243,83.9259,82.5221,0.3485,120,26.2636,26.4654,25.8977,0.1828,120,1008.4791,1008.6367,1008.417,0.0816,120,156.944,277.3102,101.648,54.569,120,156.2715,276.2425,105.88,53.3717,120,13.2815,16.7193,11.8015,1.1287,120,120,0.1,161.0843,285.3481,108.6459,55.4871,120,51.69,52.84,50.53,0.69,120,3.4747,3.4773,3.4736,0.0014,0.5626,0.5646,0.559,0.0018,0.8312,0.8393,0.8252,0.0035,-0.0001,-0.0001,-0.0001,0,0.002,0.0035,0.0013,0.0007,0.0013,0.0023,0.0009,0.0004,0.1611,0.2853,0.1086,0.0555,233.7667,506,49,90.8102,0.0083,1,0,0.0913,232.8333,747,13,111.6794,33,44.9167,47,41,23.65,23.68,23.63
2022-11-13 07:40:00,2.0041,4.3868,0.4768,0.8916,120,93.4106,43.3917,120,83.5879,84.4447,83.0103,0.3785,120,25.6367,25.8916,25.4826,0.1345,120,1008.5737,1008.6367,1008.417,0.084,120,356.2535,441.437,280.674,49.6101,120,358.6413,490.2017,278.0732,58.6235,120,19.83,79.1734,13.7689,13.5562,120,120,0.1,353.5595,458.388,287.1792,45.7786,120,49.32,50.53,48.23,0.69,120,3.4762,3.4773,3.4736,0.0014,0.5564,0.5589,0.5548,0.0013,0.8359,0.8444,0.8301,0.0038,-0.0001,-0.0001,-0.0005,0.0001,0.0045,0.0056,0.0036,0.0006,0.003,0.0041,0.0023,0.0005,0.3536,0.4584,0.2872,0.0458,195.0083,454,29,96.9123,0.0083,1,0,0.0913,280.6667,994,2,141.6248,33,44.7167,47,41,23.65,23.68,23.63
2022-11-13 07:50:00,1.8272,4.2212,0.3664,0.91,120,81.3326,50.2594,120,84.388,85.0551,83.5902,0.3203,120,25.6562,26.0839,25.4338,0.1883,120,1008.6108,1008.6367,1008.417,0.0545,120,452.8234,482.048,397.2213,20.4691,120,606.85,1026.1981,455.7623,145.3075,120,231.1017,837.4637,34.9146,216.3208,120,120,0,564.7374,938.139,427.8695,129.2958,120,46.96,48.23,45.67,0.69,120,3.4768,3.4773,3.4736,0.0009,0.5566,0.5608,0.5543,0.0019,0.8439,0.8506,0.8359,0.0032,-0.0014,-0.0002,-0.0052,0.0013,0.0058,0.0061,0.005,0.0003,0.0051,0.0085,0.0038,0.0012,0.5647,0.9381,0.4279,0.1293,175.7833,436,17,98.9156,0,0,0,0,268.1667,818,36,162.1517,33,44.75,47,41,23.65,23.68,23.63
2022-11-13 08:00:00,2.7526,5.7484,0.808,1.1007,120,90.5329,39.4181,120,84.1609,85.2382,82.7357,0.5932,120,26.6522,27.0269,26.0839,0.3032,120,1008.5285,1008.6367,1008.417,0.0953,120,308.8758,395.2984,219.8772,50.0152,120,929.9139,1017.7719,795.0204,44.38,120,851.0407,894.0171,649.1202,46.9145,120,120,0,837.9442,922.8797,742.5153,44.2385,120,44.6,45.67,43.38,0.69,120,3.4755,3.4773,3.4736,0.0016,0.5665,0.5703,0.5608,0.003,0.8416,0.8524,0.8274,0.0059,-0.0053,-0.004,-0.0055,0.0003,0.0039,0.005,0.0028,0.0006,0.0077,0.0085,0.0066,0.0004,0.8379,0.9229,0.7425,0.0442,276.3667,602,65,119.6396,0,0,0,0,273.1167,949,12,128.5156,33.8,44.9167,49,41,23.65,23.68,23.63
2022-11-13 08:10:00,2.4845,5.592,0.6056,1.0893,120,87.4179,37.4418,120,82.9358,83.9869,82.2474,0.3854,120,27.1035,27.2802,26.9872,0.0785,120,1008.426,1008.6367,1008.2522,0.053,120,214.3544,306.8669,173.7394,31.425,120,756.5513,948.5282,330.0984,151.1597,120,707.1687,894.0171,159.3297,200.4675,120,120,0,665.2755,857.2649,284.1273,136.0407,120,42.25,43.38,41.09,0.69,120,3.4738,3.4773,3.4709,0.0009,0.571,0.5728,0.5699,0.0008,0.8294,0.8399,0.8225,0.0039,-0.0044,-0.001,-0.0055,0.0012,0.0027,0.0039,0.0022,0.0004,0.0063,0.0079,0.0027,0.0013,0.6653,0.8573,0.2841,0.136,247.225,585,43,118.3972,0,0,0,0,289.8583,1016,51,169.655,34,44.7667,47,41,23.65,23.68,23.63
2022-11-13 08:20:00,3.0256,5.7024,0.9368,1.1948,120,86.7554,39.0454,120,81.9862,83.2545,81.2708,0.4053,120,27.2498,27.3534,27.1795,0.0545,120,1008.4286,1008.6367,1008.2522,0.0626,120,361.5703,410.4378,285.2402,37.6849,120,735.0393,1080.0552,370.7647,217.6015,120,458.5521,918.6046,17.7038,283.6234,120,120,0,651.9898,1008.6367,325.0221,202.0462,120,39.91,41.09,38.81,0.68,120,3.4738,3.4773,3.4709,0.001,0.5725,0.5735,0.5718,0.0006,0.8199,0.8325,0.8127,0.0041,-0.0028,-0.0001,-0.0057,0.0018,0.0046,0.0052,0.0036,0.0005,0.0061,0.009,0.0031,0.0018,0.652,1.0086,0.325,0.202,306.0417,597,79,129.8729,0,0,0,0,261.7667,786,13,124.1792,34,44.8833,49,43,23.65,23.68,23.63
2022-11-13 08:30:00,2.6161,5.2516,0.8264,1.0664,120,92.2815,51.2078,120,81.4625,82.5526,80.0195,0.601,120,27.4131,27.6586,27.1825,0.1866,120,1008.4251,1008.655,1008.2522,0.0719,120,247.9789,348.4394,174.4598,61.5701,120,929.804,1078.2233,348.0504,173.8798,120,813.454,908.7689,29.5053,236.7273,120,120,0,827.5552,975.9819,298.1658,159.7981,120,37.58,38.81,36.54,0.67,120,3.4738,3.4776,3.4709,0.0012,0.5741,0.5766,0.5718,0.0019,0.8146,0.8255,0.8002,0.006,-0.005,-0.0002,-0.0056,0.0015,0.0031,0.0044,0.0022,0.0008,0.0077,0.009,0.0029,0.0014,0.8276,0.976,0.2982,0.1598,261.5333,548,67,115.9141,0,0,0,0,313.0833,1000,59,182.9734,34,44.5167,47,39,23.65,23.68,23.63
2022-11-13 08:40:00,3.0454,5.8956,1.1024,1.0068,120,87.0939,40.1558,120,80.4048,80.9961,79.5312,0.2732,120,27.5474,27.6342,27.4877,0.0329,120,1008.3691,1008.4719,1008.0874,0.0921,120,348.3616,447.9252,188.878,63.038,120,703.3424,1233.1969,331.5642,335.0668,120,412.7613,928.9317,15.2449,391.6731,120,120,0,636.3491,1125.5226,293.8932,305.039,120,35.25,36.29,34.03,0.67,120,3.4728,3.4745,3.4681,0.0015,0.5755,0.5763,0.5749,0.0003,0.804,0.81,0.7953,0.0027,-0.0026,-0.0001,-0.0058,0.0024,0.0044,0.0057,0.0024,0.0008,0.0059,0.0103,0.0028,0.0028,0.6363,1.1255,0.2939,0.305,308.1917,618,97,109.4382,0,0,0,0,264.9833,1002,9,135.953,34,44.6833,47,41,23.65,23.68,23.63
2022-11-13 08:50:00,3.2823,7.0456,0.9368,1.4187,120,87.8941,33.6745,120,79.9175,80.7215,79.165,0.3617,120,27.5082,27.7105,27.4145,0.0846,120,1008.358,1008.4719,1008.2522,0.0906,120,311.5251,416.6858,242.9465,47.8412,120,996.5686,1188.4994,399.7083,207.43,120,773.1216,928.4386,39.341,264.0615,120,120,0,905.7919,1084.0175,361.034,191.1661,120,32.95,34.03,31.8,0.67,120,3.4726,3.4745,3.4709,0.0015,0.5751,0.5771,0.5741,0.0008,0.7992,0.8072,0.7917,0.0036,-0.0048,-0.0002,-0.0058,0.0016,0.004,0.0053,0.0031,0.0006,0.0083,0.0099,0.0033,0.0017,0.9058,1.084,0.361,0.1912,333.9417,743,79,154.2086,0,0,0,0,257.35,673,43,101.7194,34,44.65,47,41,23.65,23.68,23.63
2022-11-13 09:00:00,3.3484,7.4688,0.5044,1.3398,120,88.4822,40.5397,120,79.0053,80.0806,78.1274,0.4604,120,27.7106,27.8997,27.6128,0.0666,120,1008.3172,1008.4719,1008.0691,0.0831,120,278.8539,338.1063,255.9228,16.7613,120,1028.0366,1150.3974,335.9604,199.7323,120,819.8386,944.6681,60.9781,221.66,120,120,0,916.9922,1047.3953,284.4325,184.7935,120,30.67,31.8,29.58,0.67,120,3.472,3.4745,3.4678,0.0014,0.5771,0.579,0.5761,0.0007,0.7901,0.8008,0.7813,0.0046,-0.0051,-0.0004,-0.0059,0.0014,0.0035,0.0043,0.0032,0.0002,0.0086,0.0096,0.0028,0.0017,0.917,1.0474,0.2844,0.1848,341.125,789,32,145.6306,0,0,0,0,274.4417,870,6,137.7265,34.1,44.6833,47,41,23.66,23.68,23.63
2022-11-13 09:10:00,3.1101,6.0888,1.0012,1.0934,120,86.7383,35.4874,120,77.6884,79.3481,76.3878,0.7224,120,28.0536,28.1256,27.9028,0.0504,120,1008.3103,1008.4719,1008.0874,0.0698,120,326.0154,395.7795,288.6039,33.2069,120,995.4145,1242.7227,396.0444,246.9024,120,715.3852,966.3052,49.1766,282.4133,120,120,0,884.9605,1111.1789,330.2103,225.0886,120,28.41,29.58,27.38,0.65,120,3.4718,3.4745,3.4681,0.0012,0.5805,0.5813,0.579,0.0005,0.7769,0.7935,0.7639,0.0072,-0.0044,-0.0003,-0.006,0.0018,0.0041,0.005,0.0037,0.0004,0.0083,0.0104,0.0033,0.0021,0.885,1.1112,0.3302,0.2251,315.2333,639,86,118.8513,0,0,0,0,257.6167,879,16,119.2468,35,44.6167,47,41,23.66,23.68,23.63
2022-11-13 09:20:00,3.277,6.3556,1.0012,1.1165,120,86.5958,40.4312,120,76.4028,77.3339,75.1671,0.4656,120,28.0048,28.153,27.8845,0.0867,120,1008.3203,1008.4902,1008.124,0.0724,120,341.6291,405.3913,291.9685,34.6749,120,1028.5556,1217.443,752.521,119.167,120,716.2826,933.3564,363.4096,155.4855,120,120,0,913.6886,1098.6663,669.2709,108.5083,120,26.17,27.38,24.98,0.64,120,3.472,3.4748,3.4687,0.0012,0.58,0.5815,0.5788,0.0009,0.764,0.7733,0.7517,0.0047,-0.0044,-0.0023,-0.0058,0.001,0.0043,0.0051,0.0037,0.0004,0.0086,0.0101,0.0063,0.001,0.9137,1.0987,0.6693,0.1085,333.3667,668,86,121.3565,0,0,0,0,259.4083,943,12,129.9802,35,44.75,47,41,23.66,23.68,23.63
2022-11-13 09:30:00,3.4482,6.1072,1.0196,1.0914,120,94.8151,28.953,120,75.2434,76.1132,74.16,0.4633,120,28.0665,28.1378,27.9272,0.0657,120,1008.2562,1008.4536,1008.1057,0.0791,120,332.9542,407.3142,262.411,49.705,120,1092.4991,1236.4946,887.7107,76.7498,120,779.4203,937.2913,550.7686,111.6867,120,120,0,980.8318,1126.133,816.0649,68.1836,120,23.98,24.98,22.87,0.63,120,3.4709,3.4742,3.4684,0.0013,0.5807,0.5814,0.5793,0.0007,0.7524,0.7611,0.7416,0.0046,-0.0048,-0.0034,-0.0058,0.0007,0.0042,0.0052,0.0033,0.0006,0.0091,0.0103,0.0074,0.0006,0.9808,1.1261,0.8161,0.0682,351.975,641,88,118.6293,0,0,0,0,268.6667,533,17,83.8494,35,44.4333,47,41,23.66,23.68,23.63
2022-11-13 09:40:00,3.1321,5.776,0.3848,1.1893,120,85.1066,42.8415,120,74.9003,75.9606,73.7632,0.6302,120,28.095,28.2202,27.9455,0.0689,120,1008.1812,1008.3254,1008.0874,0.0915,120,420.827,475.8,371.0283,23.4804,120,835.8487,1281.557,422.4226,260.7573,120,413.7734,883.69,15.7364,262.336,120,120,0,736.2616,1171.6056,358.2873,239.5512,120,21.83,22.87,20.81,0.62,120,3.4697,3.4721,3.4681,0.0015,0.5809,0.5822,0.5795,0.0007,0.749,0.7596,0.7376,0.0063,-0.0026,-0.0001,-0.0055,0.0016,0.0053,0.006,0.0047,0.0003,0.007,0.0107,0.0035,0.0022,0.7363,1.1716,0.3583,0.2396,317.6167,605,19,129.2667,0,0,0,0,261.15,876,22,139.591,35.5,44.7333,47,41,23.67,23.68,23.63
2022-11-13 09:50:00,3.1729,6.1072,0.5872,1.1116,120,69.8679,36.1717,120,74.2556,75.1671,73.3055,0.4514,120,27.966,28.0737,27.8662,0.0504,120,1008.105,1008.3071,1007.9409,0.0733,120,383.0133,436.6307,344.1142,29.1261,120,1075.8935,1326.6206,506.3217,196.4124,120,684.7076,954.9936,95.4012,213.3917,120,120,0,969.3391,1201.8189,423.5969,181.9633,120,19.76,20.81,18.82,0.59,120,3.4684,3.4718,3.4657,0.0012,0.5797,0.5807,0.5787,0.0005,0.7426,0.7517,0.7331,0.0045,-0.0042,-0.0006,-0.0059,0.0013,0.0049,0.0055,0.0044,0.0004,0.009,0.0111,0.0042,0.0016,0.9693,1.2018,0.4236,0.182,322.05,641,41,120.8259,0,0,0,0,235.1583,1015,3,161.186,36,44.7167,47,41,23.67,23.68,23.63
2022-11-13 10:00:00,3.1722,6.098,0.578,1.2615,120,87.385,41.1239,120,74.0404,74.9229,73.2139,0.4428,120,28.0067,28.0798,27.9058,0.044,120,1008.1021,1008.3254,1007.9226,0.0772,120,300.9317,359.974,187.1961,44.704,120,1021.1336,1309.7683,322.4046,257.315,120,711.365,969.2556,24.5875,265.8111,120,120,0,923.5359,1195.1048,268.5629,237.2218,120,17.78,18.82,16.74,0.56,120,3.4684,3.4721,3.4654,0.0013,0.5801,0.5808,0.5791,0.0004,0.7404,0.7492,0.7321,0.0044,-0.0044,-0.0002,-0.006,0.0016,0.0038,0.0046,0.0024,0.0006,0.0085,0.0109,0.0027,0.0021,0.9235,1.1951,0.2686,0.2372,321.975,640,40,137.1161,0,0,0,0,284.4417,1022,15,170.2329,36,44.7,49,41,23.67,23.68,23.63
2022-11-13 10:10:00,3.2114,6.1072,0.7804,1.1613,120,97.7586,31.751,120,73.3528,74.6483,72.2068,0.5817,120,28.1471,28.2293,28.0248,0.0597,120,1008.0734,1008.1606,1007.9226,0.0909,120,192.3948,222.7614,153.5535,17.7951,120,1152.669,1207.551,1010.8115,30.1034,120,939.4548,973.6803,784.8453,28.4323,120,120,0,1045.6964,1101.413,880.1538,30.2051,120,15.91,16.74,15,0.52,120,3.4679,3.4693,3.4654,0.0015,0.5815,0.5823,0.5803,0.0006,0.7335,0.7465,0.7221,0.0058,-0.0058,-0.0049,-0.006,0.0002,0.0024,0.0028,0.0019,0.0002,0.0096,0.0101,0.0084,0.0003,1.0457,1.1014,0.8802,0.0302,326.2417,641,62,126.2267,0,0,0,0,282.2583,639,93,94.1756,36.1,45.0667,49,43,23.68,23.68,23.63
2022-11-13 10:20:00,3.3346,5.73,1.3324,0.9967,120,88.1357,29.1694,120,72.7683,73.8243,71.7185,0.471,120,28.2292,28.3392,28.1103,0.0633,120,1007.9823,1008.1423,1007.9226,0.0716,120,241.2484,297.9764,148.0268,35.7101,120,938.206,1295.8463,255.3589,336.2606,120,677.2125,983.0245,24.5875,337.4451,120,120,0,851.4486,1178.0145,207.5259,317.2094,120,14.23,15,13.47,0.46,120,3.4664,3.469,3.4654,0.0012,0.5823,0.5834,0.5811,0.0006,0.7277,0.7382,0.7172,0.0047,-0.0042,-0.0002,-0.0061,0.0021,0.0031,0.0038,0.0019,0.0005,0.0078,0.0108,0.0021,0.0028,0.8514,1.178,0.2075,0.3172,339.6333,600,122,108.3337,0,0,0,0,259.2917,934,69,101.6087,37,44.6833,47,41,23.67,23.68,23.63
2022-11-13 10:30:00,2.9695,5.6104,0.6424,1.2559,120,75.7738,45.8504,120,72.839,73.5191,72.1458,0.3453,120,28.1067,28.2843,28.0187,0.0615,120,1007.9363,1008.1423,1007.7578,0.0656,120,271.6968,334.2614,199.9323,36.4905,120,914.9752,1314.8968,285.401,427.287,120,617.1565,972.2059,15.2449,423.2917,120,120,0,823.1986,1210.9745,241.4014,400.1586,120,12.79,13.47,12.21,0.38,120,3.4656,3.469,3.4626,0.0011,0.5811,0.5828,0.5802,0.0006,0.7284,0.7352,0.7215,0.0035,-0.0038,-0.0001,-0.006,0.0026,0.0035,0.0042,0.0025,0.0005,0.0076,0.011,0.0024,0.0036,0.8232,1.211,0.2414,0.4002,299.9417,587,47,136.5099,0,0,0,0,252.05,972,21,162.6516,37,44.8,47,41,23.68,23.68,23.63
2022-11-13 10:40:00,3.1637,6.1808,0.808,1.2717,120,91.5799,38.0405,120,72.3441,73.5191,71.3828,0.4089,120,28.258,28.3911,28.095,0.1057,120,1007.7561,1007.9775,1007.5747,0.0873,120,314.9094,391.6945,249.915,31.9941,120,835.4701,1365.09,306.6507,407.8181,120,491.0328,971.7145,15.7364,400.3546,120,120,0,758.1612,1284.2189,258.1866,385.1183,120,11.69,12.21,11.31,0.26,120,3.4626,3.4663,3.4596,0.0015,0.5826,0.5839,0.5809,0.0011,0.7234,0.7352,0.7138,0.0041,-0.003,-0.0001,-0.006,0.0025,0.004,0.005,0.0032,0.0004,0.007,0.0114,0.0026,0.0034,0.7582,1.2842,0.2582,0.3851,321.0583,649,65,138.2234,0,0,0,0,273.575,928,28,123.061,37,44.6,47,41,23.68,23.68,23.63
2022-11-13 10:50:00,3.2955,6.4752,0.8816,1.1288,120,85.462,37.4013,120,72.7378,73.9769,71.8406,0.5852,120,28.0189,28.2537,27.8784,0.1051,120,1007.6141,1007.7944,1007.4099,0.0872,120,258.356,404.6709,193.9244,47.6131,120,996.071,1387.4382,295.2929,393.1409,120,702.2716,967.2881,16.7193,394.8501,120,120,0,904.5101,1268.0441,250.2518,366.8988,120,11.02,11.24,10.85,0.12,120,3.4602,3.4632,3.4568,0.0015,0.5802,0.5825,0.5788,0.001,0.7274,0.7398,0.7184,0.0059,-0.0044,-0.0001,-0.006,0.0024,0.0033,0.0051,0.0025,0.0006,0.0083,0.0116,0.0025,0.0033,0.9045,1.268,0.2503,0.3669,335.375,681,73,122.6947,0,0,0,0,262.6833,931,17,134.7534,37,44.7333,49,41,23.68,23.68,23.63
2022-11-13 11:00:00,2.8539,6.4476,0.4492,1.3907,120,73.1664,48.0343,120,72.4682,74.0684,71.2912,0.7067,120,28.1672,28.3758,27.9669,0.1349,120,1007.4555,1007.6113,1007.2451,0.0834,120,313.1492,425.8173,202.5756,63.5436,120,914.1234,1376.4466,361.9724,360.173,120,569.1937,956.4695,22.6217,382.3429,120,120,0,826.7846,1316.2633,305.1851,342.4968,120,10.87,10.97,10.83,0.04,120,3.4576,3.4602,3.4541,0.0014,0.5817,0.5838,0.5797,0.0014,0.7247,0.7407,0.7129,0.0071,-0.0035,-0.0001,-0.0059,0.0024,0.004,0.0054,0.0026,0.0008,0.0076,0.0115,0.003,0.003,0.8268,1.3163,0.3052,0.3425,287.3833,678,26,151.1608,0,0,0,0,275.5,1005,23,207.6937,38,44.8333,47,41,23.68,23.68,23.63
2022-11-13 11:10:00,3.2397,6.6316,0.8724,1.4828,120,101.3807,49.4686,120,72.379,74.1905,71.1386,0.7961,120,28.4661,28.6383,28.2415,0.0944,120,1007.3563,1007.4465,1007.2268,0.0848,120,258.9748,355.6488,210.0252,36.4671,120,1070.688,1324.4226,281.3709,335.063,120,774.0109,991.8756,19.1782,345.0691,120,120,0,973.0394,1227.1493,233.7718,314.6586,120,11.25,11.59,10.97,0.19,120,3.4559,3.4574,3.4538,0.0014,0.5847,0.5864,0.5824,0.0009,0.7238,0.7419,0.7114,0.008,-0.0048,-0.0001,-0.0062,0.0021,0.0033,0.0045,0.0027,0.0005,0.0089,0.011,0.0023,0.0028,0.973,1.2271,0.2338,0.3147,329.3167,698,72,161.1774,0,0,0,0,316.4083,886,24,157.1127,38,44.3833,47,41,23.68,23.68,23.63
2022-11-13 11:20:00,2.8847,4.6536,0.9736,0.826,120,88.4751,38.5769,120,71.7882,72.6035,70.8945,0.4024,120,28.2655,28.388,28.1896,0.0514,120,1007.3106,1007.4465,1007.0803,0.0802,120,336.5987,385.2063,247.7528,39.9018,120,649.9716,1388.1705,307.383,394.0022,120,297.4112,971.7145,15.7364,379.36,120,120,0,588.4503,1279.3359,266.7318,366.8916,120,12.12,12.64,11.59,0.32,120,3.4552,3.4574,3.4513,0.0013,0.5827,0.5839,0.5819,0.0005,0.7179,0.726,0.7089,0.004,-0.0018,-0.0001,-0.006,0.0024,0.0043,0.0049,0.0031,0.0005,0.0054,0.0116,0.0026,0.0033,0.5885,1.2793,0.2667,0.3669,290.7333,483,83,89.7796,0,0,0,0,259.4917,746,4,117.6761,38,44.6,47,41,23.68,23.68,23.63
2022-11-13 11:30:00,3.1693,6.9168,0.5964,1.4372,120,105.7172,38.2508,120,71.7371,72.6646,70.3452,0.5622,120,28.1161,28.2507,27.9821,0.0977,120,1007.2506,1007.4465,1007.062,0.0707,120,298.1502,353.0055,227.8071,34.1688,120,864.1415,1316.7287,320.5726,406.3345,120,547.7326,966.3052,17.2108,417.0259,120,120,0,787.3114,1226.8441,279.2444,385.0574,120,13.38,14.17,12.64,0.41,120,3.4542,3.4574,3.451,0.0012,0.5812,0.5825,0.5798,0.001,0.7174,0.7266,0.7035,0.0056,-0.0034,-0.0001,-0.006,0.0026,0.0038,0.0045,0.0029,0.0004,0.0072,0.011,0.0027,0.0034,0.7873,1.2268,0.2792,0.3851,321.6667,729,42,156.213,0,0,0,0,325.1083,1017,94,139.9339,38,44.5167,47,41,23.68,23.68,23.63
2022-11-13 11:40:00,3.2895,6.0796,0.9644,1.1915,120,80.3037,40.8596,120,71.5041,72.3289,70.7419,0.3627,120,28.0425,28.2171,27.9333,0.0822,120,1007.1471,1007.2817,1006.8789,0.0981,120,293.0818,351.3236,263.3724,22.4125,120,810.1785,1308.6687,280.2725,455.512,120,498.528,955.9781,13.7689,445.2313,120,120,0,729.5806,1196.9359,243.8429,425.1173,120,14.94,15.81,14.17,0.49,120,3.4525,3.4547,3.448,0.0016,0.5804,0.5822,0.5793,0.0008,0.715,0.7233,0.7074,0.0036,-0.0031,-0.0001,-0.0059,0.0028,0.0037,0.0045,0.0033,0.0003,0.0067,0.0109,0.0023,0.0038,0.7296,1.1969,0.2438,0.4251,334.7333,638,82,129.512,0,0,0,0,260.5583,1014,21,158.3233,38,44.35,49,41,23.68,23.68,23.63
2022-11-13 11:50:00,2.8699,5.5092,0.7252,1.1544,120,80.2686,39.9146,120,71.6631,72.2068,70.925,0.3051,120,28.033,28.1042,27.973,0.0339,120,1007.0542,1007.2817,1006.8789,0.0907,120,377.7306,438.3134,298.2165,41.2306,120,707.238,1418.2137,315.443,362.3464,120,324.0769,964.8292,14.7535,334.789,120,120,0,640.0571,1268.3492,271.3096,341.7759,120,16.7,17.62,15.81,0.54,120,3.4509,3.4547,3.448,0.0015,0.5803,0.581,0.5797,0.0003,0.7166,0.7221,0.7093,0.0031,-0.002,-0.0001,-0.006,0.0021,0.0048,0.0056,0.0038,0.0005,0.0059,0.0118,0.0026,0.003,0.6401,1.2683,0.2713,0.3418,289.125,576,56,125.4775,0,0,0,0,265.4083,971,26,160.5848,38,44.4333,49,41,23.68,23.68,23.63
2022-11-13 12:00:00,3.3061,5.9324,0.5872,1.0824,120,81.4351,33.7495,120,71.7905,72.4204,71.1997,0.3275,120,28.1166,28.2232,27.9913,0.0592,120,1006.9575,1007.0986,1006.6958,0.095,120,333.8132,458.9795,243.1866,64.0473,120,649.4067,1355.5642,263.7851,408.25,120,313.6393,966.7966,14.7535,372.8343,120,120,0,579.8822,1254.9211,216.9866,376.2648,120,18.62,19.54,17.62,0.58,120,3.4493,3.4516,3.4449,0.0016,0.5812,0.5822,0.5799,0.0006,0.7179,0.7242,0.712,0.0033,-0.0019,-0.0001,-0.006,0.0023,0.0042,0.0058,0.0031,0.0008,0.0054,0.0113,0.0022,0.0034,0.5799,1.2549,0.217,0.3763,336.5333,622,41,117.6527,0,0,0,0,237.9667,672,29,101.8404,38,44.2667,47,41,23.68,23.68,23.68
2022-11-13 12:10:00,3.2787,5.592,0.7896,1.0477,120,83.2274,34.3674,120,71.7193,72.2068,71.0776,0.2665,120,27.8833,28.0493,27.7105,0.122,120,1006.7466,1007.0803,1006.531,0.0917,120,343.904,463.785,266.7362,62.9319,120,360.977,604.1417,276.9748,74.1559,120,19.5435,200.6381,13.7689,21.0106,120,120,0,325.9707,540.1776,249.3362,67.1363,120,20.65,21.79,19.54,0.6,120,3.4458,3.4513,3.4422,0.0015,0.5788,0.5805,0.5771,0.0012,0.7172,0.7221,0.7108,0.0027,-0.0001,-0.0001,-0.0012,0.0001,0.0044,0.0059,0.0034,0.0008,0.003,0.005,0.0023,0.0006,0.326,0.5402,0.2493,0.0671,333.5583,585,63,113.8815,0,0,0,0,259.6917,1020,36,135.13,38,43.8833,47,41,23.68,23.68,23.68
2022-11-13 12:20:00,2.8147,5.7852,0.4492,0.9976,120,74.9208,35.6624,120,72.5115,72.9698,72.0847,0.2185,120,27.7124,27.7685,27.6617,0.0289,120,1006.576,1006.8972,1006.3295,0.1023,120,402.0994,519.2953,329.6961,60.9992,120,564.568,1351.5342,340.3565,324.3901,120,168.5297,862.0512,14.7535,287.7472,120,120,0,516.1646,1252.4796,303.0488,308.5344,120,22.76,23.87,21.79,0.62,120,3.4429,3.4483,3.4388,0.0017,0.5771,0.5777,0.5766,0.0003,0.7251,0.7297,0.7208,0.0022,-0.001,-0.0001,-0.0053,0.0018,0.0051,0.0066,0.0042,0.0008,0.0047,0.0113,0.0028,0.0027,0.5162,1.2525,0.303,0.3085,283.125,606,26,108.4354,0,0,0,0,231.0083,945,15,128.5429,38.5,44.0333,47,41,23.68,23.68,23.68
2022-11-13 12:30:00,2.6716,5.0124,0.8356,0.9455,120,80.062,36.2348,120,72.8078,73.336,72.2373,0.2195,120,27.9629,28.0676,27.7654,0.083,120,1006.4901,1006.6958,1006.3112,0.077,120,382.0661,503.9157,323.448,53.2186,120,516.0822,1387.072,334.4946,294.8307,120,138.7989,920.079,14.7535,251.7532,120,120,0,471.0507,1290.0174,303.6592,277.11,120,24.92,26.01,23.87,0.64,120,3.4415,3.4449,3.4385,0.0013,0.5796,0.5807,0.5776,0.0008,0.7281,0.7334,0.7224,0.0022,-0.0009,-0.0001,-0.0057,0.0016,0.0049,0.0064,0.0041,0.0007,0.0043,0.0116,0.0028,0.0025,0.4711,1.29,0.3037,0.2771,267.5667,522,68,102.7749,0,0,0,0,257.1167,1014,23,152.1882,39,44.1833,47,41,23.68,23.68,23.63
2022-11-13 12:40:00,2.8794,5.7944,0.7344,1.0408,120,79.1547,39.4306,120,72.6025,73.0308,72.1458,0.242,120,27.8706,28.0157,27.7197,0.0717,120,1006.3549,1006.531,1006.1281,0.0828,120,354.6035,434.2276,293.4102,36.346,120,389.5201,745.1933,302.2545,87.0104,120,39.7014,387.0142,14.2604,60.733,120,120,0,348.2213,751.6709,264.5955,86.9479,120,27.13,28.18,26.01,0.65,120,3.4392,3.4422,3.4355,0.0014,0.5787,0.5802,0.5772,0.0007,0.726,0.7303,0.7215,0.0024,-0.0002,-0.0001,-0.0024,0.0004,0.0045,0.0055,0.0037,0.0005,0.0032,0.0062,0.0025,0.0007,0.3482,0.7517,0.2646,0.0869,290.15,607,57,113.1292,0,0,0,0,253.8833,970,43,147.6851,39,44.1333,47,41,23.68,23.68,23.68
2022-11-13 12:50:00,2.9883,5.8864,0.4768,1.1056,120,71.1656,40.2199,120,73.2266,74.0379,72.573,0.3397,120,27.747,27.8082,27.6739,0.0346,120,1006.2091,1006.3295,1006.0915,0.0927,120,337.9565,395.5394,288.1236,36.2725,120,600.6462,1257.7431,297.1248,389.2517,120,289.7892,936.7999,14.2604,387.1659,120,120,0,546.261,1163.976,264.2903,363.3601,120,29.37,30.39,28.18,0.66,120,3.4368,3.4388,3.4349,0.0015,0.5775,0.5781,0.5767,0.0003,0.7323,0.7404,0.7257,0.0034,-0.0018,-0.0001,-0.0058,0.0024,0.0043,0.005,0.0037,0.0005,0.005,0.0105,0.0025,0.0032,0.5463,1.164,0.2643,0.3634,301.9917,617,29,120.177,0,0,0,0,235.2417,982,7,158.4121,39,44.4667,47,41,23.68,23.68,23.68
2022-11-13 13:00:00,2.8538,5.9232,0.532,1.2115,120,82.5653,39.1975,120,73.4283,74.1905,72.8477,0.3258,120,27.9245,27.9821,27.8082,0.0469,120,1006.086,1006.1464,1005.9267,0.0795,120,345.2176,492.1409,269.8606,72.3904,120,455.5122,1277.1609,277.7071,263.2933,120,125.3206,899.9178,14.2604,231.3812,120,120,0,411.9007,1191.1374,245.674,249.0153,120,31.65,32.86,30.63,0.66,120,3.4348,3.4358,3.4321,0.0013,0.5792,0.5798,0.5781,0.0005,0.7343,0.7419,0.7285,0.0033,-0.0008,-0.0001,-0.0056,0.0014,0.0044,0.0063,0.0034,0.0009,0.0038,0.0106,0.0023,0.0022,0.4119,1.1911,0.2457,0.249,287.3667,621,35,131.6894,0,0,0,0,258.6667,869,26,137.5692,39,44.45,47,41,23.68,23.68,23.63
2022-11-13 13:10:00,2.8626,5.8956,0.6332,1.1377,120,77.7738,34.0215,120,73.3675,73.7327,72.9698,0.1939,120,27.8336,27.8845,27.7258,0.0367,120,1005.9656,1006.1464,1005.7619,0.0674,120,333.2806,442.3984,267.9378,48.3346,120,452.1295,1179.3409,275.8752,239.6244,120,140.3807,914.6697,14.2604,242.0728,120,120,0,406.0971,1085.2382,243.2325,224.1305,120,33.94,35.11,32.86,0.67,120,3.4328,3.4358,3.4294,0.0011,0.5783,0.5788,0.5773,0.0004,0.7337,0.7373,0.7297,0.0019,-0.0009,-0.0001,-0.0057,0.0015,0.0042,0.0056,0.0034,0.0006,0.0038,0.0098,0.0023,0.002,0.4061,1.0852,0.2432,0.2241,288.325,618,46,123.6678,0,0,0,0,246.9917,1007,86,145.7977,39,44.6,47,41,23.68,23.68,23.68
2022-11-13 13:20:00,2.8296,4.8284,1.1024,0.828,120,71.3415,36.7298,120,73.7007,74.0989,73.1529,0.2423,120,27.7748,27.8326,27.7258,0.0271,120,1005.8371,1005.9633,1005.5605,0.0968,120,359.2854,414.2827,296.2937,40.0307,120,389.2545,518.7779,304.4526,55.8958,120,41.2586,230.6349,14.7535,40.8223,120,120,0,348.6791,488.2962,266.4266,54.6296,120,36.25,37.37,35.11,0.68,120,3.4306,3.4327,3.426,0.0016,0.5777,0.5783,0.5773,0.0003,0.737,0.741,0.7315,0.0024,-0.0003,-0.0001,-0.0014,0.0003,0.0046,0.0053,0.0038,0.0005,0.0032,0.0043,0.0025,0.0005,0.3487,0.4883,0.2664,0.0546,284.7417,502,97,89.9946,0,0,0,0,229.6,948,22,148.2745,39,44.3167,47,41,23.68,23.68,23.68
2022-11-13 13:30:00,2.8686,6.5856,0.9644,1.173,120,86.7989,44.8813,120,73.7327,74.1905,72.7256,0.3558,120,27.7931,27.8906,27.7075,0.0542,120,1005.7758,1005.9633,1005.5605,0.0763,120,390.4106,472.4362,341.711,37.3514,120,469.2206,1198.7587,348.0504,214.6847,120,104.5726,905.3271,14.7535,229.3828,120,120,0,430.283,1105.3804,318.0029,198.8058,120,38.58,39.64,37.37,0.68,120,3.4296,3.4327,3.426,0.0013,0.5779,0.5789,0.5771,0.0005,0.7373,0.7419,0.7273,0.0036,-0.0006,-0.0001,-0.0056,0.0014,0.005,0.006,0.0043,0.0005,0.0039,0.01,0.0029,0.0018,0.4303,1.1054,0.318,0.1988,288.9833,693,82,127.4972,0,0,0,0,290.3167,965,45,172.0757,39,44.4167,47,41,23.68,23.68,23.68
2022-11-13 13:40:00,2.9552,5.7484,0.6148,1.0013,120,90.4515,32.8394,120,73.7035,74.4346,73.1529,0.307,120,27.9049,27.9821,27.7807,0.0672,120,1005.7314,1005.945,1005.5605,0.0753,120,438.5494,483.0094,372.7102,27.6261,120,608.0346,1202.0552,380.2905,188.2252,120,213.1935,932.3735,15.2449,212.762,120,120,0,551.9425,1108.4323,341.8073,174.6719,120,40.92,42.17,39.64,0.68,120,3.4289,3.4324,3.426,0.0013,0.579,0.5798,0.5778,0.0007,0.737,0.7443,0.7315,0.0031,-0.0013,-0.0001,-0.0058,0.0013,0.0056,0.0061,0.0047,0.0004,0.0051,0.01,0.0032,0.0016,0.5519,1.1084,0.3418,0.1747,298.3917,602,44,108.836,0,0,0,0,270.3333,927,40,114.9086,39,44.65,49,41,23.68,23.68,23.68
2022-11-13 13:50:00,2.8443,6.006,0.394,1.2322,120,80.0416,39.6691,120,73.3792,73.9158,72.9087,0.2521,120,27.9162,27.9516,27.8784,0.0194,120,1005.6471,1005.7802,1005.5605,0.0923,120,400.6055,454.6535,352.7654,25.5812,120,495.416,1034.6255,360.5066,154.7276,120,126.0376,810.9088,14.7535,175.8438,120,120,0,448.1694,986.3582,319.834,146.1344,120,43.26,44.47,42.17,0.69,120,3.4275,3.4297,3.426,0.0015,0.5792,0.5795,0.5788,0.0002,0.7338,0.7392,0.7291,0.0025,-0.0008,-0.0001,-0.005,0.0011,0.0051,0.0058,0.0045,0.0003,0.0041,0.0086,0.003,0.0013,0.4482,0.9864,0.3198,0.1461,286.3333,630,20,133.9322,0,0,0,0,254.65,860,28,143.8971,39,44.5333,47,41,23.68,23.68,23.68
2022-11-13 14:00:00,3.3232,5.546,1.0656,0.9265,120,80.9173,24.4706,120,73.3245,73.8853,72.7256,0.2656,120,27.9656,28.0828,27.8997,0.0602,120,1005.5525,1005.7802,1005.3774,0.0839,120,443.4416,470.2732,364.3,29.5812,120,753.2875,1079.3217,489.102,130.0439,120,420.8466,888.6062,50.1595,198.6321,120,120,0,683.6222,990.6308,438.551,119.6336,120,45.61,46.76,44.47,0.69,120,3.4259,3.4297,3.423,0.0014,0.5797,0.5808,0.579,0.0006,0.7332,0.7389,0.7273,0.0027,-0.0026,-0.0003,-0.0055,0.0012,0.0056,0.006,0.0046,0.0004,0.0063,0.009,0.0041,0.0011,0.6836,0.9906,0.4386,0.1196,338.3917,580,93,100.7052,0,0,0,0,230.05,466,84,70.6212,39,44.6167,49,39,23.68,23.68,23.63
2022-11-13 14:10:00,2.4579,4.8284,0.6424,0.9928,120,95.6909,40.4132,120,73.1653,73.9463,72.3594,0.4271,120,28.5021,28.9984,28.0737,0.253,120,1005.4588,1005.5971,1005.3774,0.0899,120,330.8295,361.4157,293.8906,20.658,120,857.5255,1012.6435,611.8355,116.5014,120,742.5548,912.2108,410.6188,156.0782,120,120,0,775.6355,915.8605,555.7421,106.8367,120,47.97,49.06,46.76,0.69,120,3.4243,3.4266,3.423,0.0015,0.585,0.59,0.5807,0.0025,0.7317,0.7395,0.7236,0.0043,-0.0046,-0.0025,-0.0057,0.001,0.0042,0.0046,0.0037,0.0003,0.0071,0.0084,0.0051,0.001,0.7756,0.9159,0.5557,0.1068,244.3333,502,47,107.9159,0,0,0,0,286.525,850,68,126.182,39,44.75,49,41,23.68,23.68,23.63
2022-11-13 14:20:00,2.4012,4.6444,0.4216,0.9302,120,103.4505,44.937,120,70.9482,73.0308,69.5517,0.9348,120,29.1529,29.2944,28.7909,0.1318,120,1005.416,1005.5788,1005.2126,0.0754,120,313.3815,346.2772,285.2402,16.3638,120,426.3738,983.6999,298.2245,126.9214,120,167.3903,909.2604,16.2278,166.7074,120,120,0,382.0409,883.816,264.9007,115.8167,120,50.33,51.63,49.06,0.69,120,3.4236,3.4263,3.4202,0.0013,0.5915,0.5929,0.5879,0.0013,0.7095,0.7303,0.6955,0.0093,-0.001,-0.0001,-0.0056,0.001,0.004,0.0044,0.0036,0.0002,0.0036,0.0082,0.0025,0.0011,0.382,0.8838,0.2649,0.1158,238.175,482,23,101.1132,0,0,0,0,314.2667,963,51,146.7346,39,44.8667,47,41,23.68,23.73,23.63
2022-11-13 14:30:00,2.9227,5.27,0.7068,0.9822,120,95.0069,36.9185,120,70.5555,71.749,69.3991,0.556,120,28.244,28.7847,27.8539,0.2931,120,1005.4457,1005.5788,1005.3774,0.0834,120,266.296,309.2701,232.6134,23.9135,120,284.2471,370.7647,234.4754,41.4082,120,38.2219,135.2336,14.2604,33.9681,120,120,0,254.7507,328.3792,209.0518,37.2428,120,52.7,53.94,51.63,0.69,120,3.4241,3.4263,3.423,0.0014,0.5824,0.5878,0.5785,0.0029,0.7056,0.7175,0.694,0.0056,-0.0002,-0.0001,-0.0008,0.0002,0.0034,0.0039,0.003,0.0003,0.0024,0.0031,0.002,0.0003,0.2548,0.3284,0.2091,0.0372,294.8583,550,54,106.766,0,0,0,0,280.6167,853,11,117.8125,39,44.5333,47,41,23.68,23.68,23.68
2022-11-13 14:40:00,2.8713,5.1964,0.7988,0.8806,120,90.5331,31.0656,120,72.1981,72.8782,71.5659,0.3938,120,27.8289,27.8784,27.7746,0.0294,120,1005.4656,1005.5971,1005.2126,0.0929,120,255.9089,278.752,244.6283,7.9451,120,278.7485,517.3121,247.2989,50.8201,120,48.0407,448.4837,14.2604,76.2492,120,120,0,251.6861,504.471,220.3436,48.183,120,55.07,56.25,53.94,0.69,120,3.4244,3.4266,3.4202,0.0015,0.5783,0.5788,0.5777,0.0003,0.722,0.7288,0.7157,0.0039,-0.0003,-0.0001,-0.0028,0.0005,0.0032,0.0035,0.0031,0.0001,0.0023,0.0043,0.0021,0.0004,0.2517,0.5045,0.2203,0.0482,289.275,542,64,95.7167,0,0,0,0,271.8333,913,65,112.7166,39,44.6,47,41,23.68,23.68,23.63
2022-11-13 14:50:00,1.8574,4.4144,0.2836,1.049,120,102.6916,59.3447,120,73.3818,74.0379,72.5425,0.3872,120,28.0417,28.2507,27.7563,0.1828,120,1005.4622,1005.5971,1005.3774,0.0899,120,260.6089,291.9685,239.8228,13.9792,120,364.5368,736.7671,243.6351,146.6926,120,190.2613,822.7119,14.2604,249.8716,120,120,0,324.9814,653.0961,217.9022,131.1888,120,57.44,58.56,56.25,0.69,120,3.4244,3.4266,3.423,0.0015,0.5804,0.5825,0.5776,0.0018,0.7338,0.7404,0.7254,0.0039,-0.0012,-0.0001,-0.0051,0.0016,0.0033,0.0037,0.003,0.0002,0.003,0.0061,0.002,0.0012,0.325,0.6531,0.2179,0.1312,179.0667,457,8,114.027,0,0,0,0,334.3667,977,10,187.8743,39,44.65,47,41,23.68,23.68,23.68
2022-11-13 15:00:00,2.9056,4.9112,0.8724,1.0131,120,90.8639,35.1856,120,73.1407,73.9158,72.4509,0.4266,120,27.911,28.2232,27.6922,0.1651,120,1005.4242,1005.5788,1005.3774,0.0744,120,205.1469,246.0709,176.6228,22.4874,120,205.9939,246.5666,177.3229,22.7518,120,15.0559,25.572,13.2775,2.1051,120,120,0,187.8262,225.837,162.6637,20.4209,120,59.82,60.88,58.56,0.69,120,3.4237,3.4263,3.423,0.0012,0.5791,0.5822,0.5769,0.0016,0.7314,0.7392,0.7245,0.0043,-0.0001,-0.0001,-0.0002,0,0.0026,0.0031,0.0022,0.0003,0.0017,0.0021,0.0015,0.0002,0.1878,0.2258,0.1627,0.0204,293,511,72,110.1212,0,0,0,0,280.7417,1017,80,134.8212,39,44.5833,47,41,23.68,23.68,23.63
2022-11-13 15:10:00,2.5455,5.454,0.4308,1.2343,120,83.7754,49.8893,120,74.4558,75.5028,73.7022,0.5045,120,27.5224,27.6891,27.4236,0.0865,120,1005.4256,1005.5788,1005.3774,0.0697,120,161.3195,181.189,145.6236,13.2432,120,161.242,180.6194,146.1813,12.8613,120,14.113,14.7535,13.2775,0.2823,120,120,0,146.9644,169.0725,129.0933,14.4822,120,62.2,63.45,61.14,0.69,120,3.4238,3.4263,3.423,0.0012,0.5752,0.5769,0.5742,0.0009,0.7446,0.755,0.737,0.005,-0.0001,-0.0001,-0.0001,0,0.002,0.0023,0.0018,0.0002,0.0013,0.0015,0.0012,0.0001,0.147,0.1691,0.1291,0.0145,253.8583,570,24,134.1643,0,0,0,0,301.525,986,11,202.7601,39,44.6167,47,41,23.68,23.68,23.68
2022-11-13 15:20:00,2.2352,6.0152,0.5136,1.0329,120,82.4438,45.7793,120,75.6966,76.6625,74.8924,0.4575,120,27.442,27.564,27.3717,0.0653,120,1005.4209,1005.5788,1005.2126,0.0816,120,179.9411,190.0795,160.763,8.8619,120,211.639,388.3505,160.4694,47.7767,120,82.4596,466.679,13.7689,88.5769,120,120,0,180.5704,340.2814,138.554,40.3656,120,64.57,65.77,63.45,0.7,120,3.4237,3.4263,3.4202,0.0014,0.5744,0.5756,0.5737,0.0006,0.757,0.7666,0.7489,0.0046,-0.0005,-0.0001,-0.0029,0.0006,0.0023,0.0024,0.002,0.0001,0.0018,0.0032,0.0013,0.0004,0.1806,0.3403,0.1386,0.0404,220.1333,631,33,112.2709,0,0,0,0,284.35,1015,53,182.0064,39,44.5167,47,41,23.68,23.68,23.63
2022-11-13 15:30:00,2.3209,5.2148,0.5504,0.944,120,95.8956,45.3413,120,76.0582,76.632,75.4418,0.3336,120,27.5796,27.796,27.445,0.122,120,1005.428,1005.5788,1005.3774,0.0762,120,204.422,218.1953,175.1811,11.4253,120,289.9747,528.6699,176.5894,105.5206,120,215.7097,748.9478,16.2278,229.8893,120,120,0,247.0041,440.3821,149.5407,83.9831,120,66.95,68.09,65.77,0.7,120,3.4238,3.4263,3.423,0.0013,0.5758,0.578,0.5745,0.0012,0.7606,0.7663,0.7544,0.0033,-0.0013,-0.0001,-0.0046,0.0014,0.0026,0.0028,0.0022,0.0001,0.0024,0.0044,0.0015,0.0009,0.247,0.4404,0.1495,0.084,229.4417,544,37,102.6065,0,0,0,0,287.925,840,38,137.3742,39,44.6667,49,41,23.68,23.68,23.63
2022-11-13 15:40:00,2.0216,4.4604,0.3296,0.8884,120,89.1821,56.3734,120,75.7602,76.1132,75.1976,0.2526,120,27.7377,27.799,27.6708,0.0357,120,1005.5324,1005.7619,1005.3774,0.0851,120,180.4537,192.4827,166.0496,8.2979,120,185.4436,208.4634,165.2317,10.5227,120,26.8418,89.9919,13.7689,15.655,120,120,0,168.8055,189.2148,154.7288,7.7548,120,69.33,70.41,68.09,0.69,120,3.4255,3.4294,3.423,0.0014,0.5774,0.578,0.5767,0.0004,0.7576,0.7611,0.752,0.0025,-0.0002,-0.0001,-0.0006,0.0001,0.0023,0.0024,0.0021,0.0001,0.0015,0.0017,0.0014,0.0001,0.1688,0.1892,0.1547,0.0078,196.9083,462,13,96.5611,0,0,0,0,309.025,1016,13,196.5277,39,44.35,47,41,23.68,23.68,23.63
2022-11-13 15:50:00,1.8579,4.442,0.3204,0.8987,120,89.1588,50.8132,120,76.0475,76.5709,75.3807,0.3286,120,27.5048,27.6617,27.3931,0.0619,120,1005.6221,1005.7802,1005.5422,0.0854,120,155.7766,167.4913,127.6008,12.5882,120,155.7463,168.5294,127.4958,12.7866,120,15.1049,25.079,13.2775,2.3694,120,120,0,148.3149,159.3066,123.2948,10.7367,120,71.7,72.98,70.41,0.69,120,3.427,3.4297,3.4257,0.0014,0.575,0.5766,0.5739,0.0006,0.7605,0.7657,0.7538,0.0033,-0.0001,-0.0001,-0.0002,0,0.002,0.0021,0.0016,0.0002,0.0013,0.0014,0.0011,0.0001,0.1483,0.1593,0.1233,0.0107,179.125,460,12,97.6827,0,0,0,0,304.8917,1015,25,187.8154,39,44.45,47,41,23.68,23.68,23.63
2022-11-13 16:00:00,2.3297,4.902,0.5412,1.1068,120,95.9065,36.8385,120,76.5481,77.0592,75.5638,0.3403,120,27.2375,27.3931,27.0696,0.1109,120,1005.6264,1005.7802,1005.5422,0.0856,120,107.4195,127.3606,94.6795,9.6641,120,107.4132,127.1297,94.5234,9.7607,120,13.8836,14.7535,12.786,0.3104,120,120,0,104.3072,122.9896,91.8607,9.3287,120,74.08,75.3,72.98,0.69,120,3.4271,3.4297,3.4257,0.0014,0.5724,0.5739,0.5707,0.0011,0.7655,0.7706,0.7556,0.0034,-0.0001,-0.0001,-0.0001,0,0.0014,0.0016,0.0012,0.0001,0.0009,0.0011,0.0008,0.0001,0.1043,0.123,0.0919,0.0093,230.4,510,36,120.3047,0,0,0,0,289.3667,941,18,130.7822,39,44.5167,47,41,23.68,23.68,23.68
2022-11-13 16:10:00,2.4208,5.2792,0.946,0.9201,120,86.0418,34.6632,120,77.2011,77.7306,76.7846,0.235,120,26.9932,27.0788,26.9323,0.0463,120,1005.5959,1005.7802,1005.5422,0.0657,120,87.5304,94.1992,78.8197,4.4344,120,87.3392,94.1573,78.7695,4.4594,120,13.8345,14.2604,13.2775,0.2698,120,120,0,84.4142,91.8607,75.3807,4.8381,120,76.45,77.61,75.3,0.7,120,3.4266,3.4297,3.4257,0.0011,0.5699,0.5708,0.5693,0.0005,0.772,0.7773,0.7678,0.0023,-0.0001,-0.0001,-0.0001,0,0.0011,0.0012,0.001,0.0001,0.0007,0.0008,0.0007,0,0.0844,0.0919,0.0754,0.0048,240.3083,551,80,100.0107,0,0,0,0,260.8,975,17,123.5993,39,44.7667,49,41,23.68,23.73,23.68
2022-11-13 16:20:00,2.1119,4.1844,0.7252,0.8217,120,88.565,38.2106,120,77.6185,77.8832,77.3949,0.1334,120,26.9997,27.033,26.9689,0.0157,120,1005.6464,1005.7802,1005.5605,0.0923,120,72.5255,79.5402,59.8354,6.2489,120,72.3608,79.5018,60.084,6.0728,120,13.8508,14.2604,13.2775,0.2145,120,120,0,68.9718,75.9911,56.7644,5.9877,120,78.82,79.92,77.61,0.69,120,3.4274,3.4297,3.426,0.0015,0.57,0.5703,0.5697,0.0002,0.7762,0.7788,0.7739,0.0013,-0.0001,-0.0001,-0.0001,0,0.0009,0.001,0.0008,0.0001,0.0006,0.0007,0.0005,0.0001,0.069,0.076,0.0568,0.006,206.725,432,56,89.3155,0,0,0,0,272.85,979,88,135.0841,39,44.4833,47,41,23.68,23.68,23.68
2022-11-13 16:30:00,2.1723,4.0372,0.4492,0.7575,120,104.7942,37.9515,120,77.8489,78.1579,77.5781,0.129,120,27.0012,27.0543,26.9536,0.0309,120,1005.6565,1005.7619,1005.5605,0.0936,120,46.1422,59.3551,36.7661,6.1961,120,46.1441,59.7179,36.6375,6.4427,120,13.8263,14.2604,13.2775,0.1931,120,120,0,43.6033,56.1541,34.4859,6.0945,120,81.19,82.49,79.92,0.69,120,3.4276,3.4294,3.426,0.0016,0.57,0.5705,0.5695,0.0003,0.7785,0.7816,0.7758,0.0013,-0.0001,-0.0001,-0.0001,0,0.0006,0.0008,0.0005,0.0001,0.0004,0.0005,0.0003,0.0001,0.0436,0.0562,0.0345,0.0061,213.2917,416,26,82.3423,0,0,0,0,304.7083,710,10,114.3107,39,44.8,47,41,23.68,23.68,23.63
2022-11-13 16:40:00,1.7588,3.2184,0.7252,0.5757,120,96.6943,35.0591,120,77.9982,78.1274,77.8527,0.0616,120,27.0089,27.0391,26.9628,0.0207,120,1005.7617,1005.945,1005.5422,0.0894,120,29.8476,36.7661,21.8677,4.8269,120,29.7216,36.6375,21.6158,4.7806,120,13.8508,14.2604,13.2775,0.2238,120,120,0,28.3441,34.4859,21.0578,4.3342,120,83.56,84.79,82.49,0.69,120,3.4294,3.4324,3.4257,0.0015,0.5701,0.5704,0.5696,0.0002,0.78,0.7813,0.7785,0.0006,-0.0001,-0.0001,-0.0001,0,0.0004,0.0005,0.0003,0.0001,0.0002,0.0003,0.0002,0,0.0283,0.0345,0.0211,0.0043,168.35,327,56,62.5743,0,0,0,0,275.3167,583,3,101.6947,39,44.8167,47,41,23.68,23.68,23.63
2022-11-13 16:50:00,2.0572,3.8624,0.808,0.7289,120,94.0724,34.0216,120,77.794,78.0969,77.5781,0.123,120,26.9986,27.0543,26.9018,0.0452,120,1005.9069,1005.9633,1005.7436,0.0736,120,13.7173,22.1079,8.6512,4.4786,120,13.5587,21.982,8.7923,4.493,120,13.7444,14.2604,13.2775,0.2,120,120,0,12.8101,21.0578,7.9348,4.3753,120,85.93,87.1,84.79,0.69,120,3.4318,3.4327,3.4291,0.0012,0.57,0.5705,0.569,0.0004,0.7779,0.781,0.7758,0.0012,-0.0001,-0.0001,-0.0001,0,0.0002,0.0003,0.0001,0.0001,0.0001,0.0002,0.0001,0,0.0128,0.0211,0.0079,0.0044,200.7833,397,65,79.2256,0,0,0,0,276.325,931,78,110.972,39,44.3167,47,41,23.68,23.73,23.63
2022-11-13 17:00:00,2.4298,5.0768,0.5872,1.1274,120,110.2496,42.2296,120,77.8611,78.0358,77.7612,0.07,120,26.9007,26.9201,26.8865,0.0073,120,1006.0024,1006.1281,1005.9267,0.0828,120,5.6972,9.8528,3.3646,1.4912,120,5.4895,9.5258,3.2977,1.4631,120,13.7853,14.2604,13.2775,0.1678,120,120,0,5.3204,9.1555,3.357,1.2825,120,88.29,89.4,87.1,0.69,120,3.4334,3.4355,3.4321,0.0014,0.569,0.5692,0.5689,0.0001,0.7786,0.7804,0.7776,0.0007,-0.0001,-0.0001,-0.0001,0,0.0001,0.0001,0,0,0,0.0001,0,0,0.0053,0.0092,0.0034,0.0013,241.2833,529,41,122.5393,0,0,0,0,335.025,982,62,141.0514,39,44.5667,49,41,23.68,23.68,23.63
2022-11-13 17:10:00,2.3337,5.04,0.5412,0.9721,120,107.9396,37.6926,120,77.9354,78.0663,77.7612,0.0801,120,26.8884,26.9109,26.8468,0.0141,120,1006.1432,1006.3295,1005.945,0.079,120,2.1687,3.6047,0.4803,0.7993,120,1.9935,3.2977,0.3661,0.9438,120,13.7526,14.2604,13.2775,0.1795,120,120,0,2.4211,3.357,0.9156,0.6594,120,89.74,89.91,89.4,0.17,29,3.4357,3.4388,3.4324,0.0013,0.5689,0.5691,0.5685,0.0001,0.7794,0.7807,0.7776,0.0008,-0.0001,-0.0001,-0.0001,0,0,0,0,0,0,0,0,0,0.0024,0.0034,0.0009,0.0007,230.8333,525,36,105.6665,0,0,0,0,315.9,902,75,116.7383,39,44.9333,49,41,23.68,23.68,23.63
2022-11-13 17:20:00,2.3377,4.396,0.7988,0.8021,120,104.4956,30.2371,120,78.2523,78.5241,77.9443,0.1515,120,26.8423,26.8712,26.8194,0.0122,120,1006.2772,1006.3295,1006.0915,0.0689,120,0.1221,0.7213,0,0.1894,120,0.0671,0.7323,0,0.1643,120,13.8058,14.2604,13.2775,0.1705,120,120,0,0.1373,1.2207,0,0.2821,120,None,None,None,None,0,3.438,3.4388,3.4349,0.0011,0.5684,0.5687,0.5682,0.0001,0.7825,0.7852,0.7794,0.0015,-0.0001,-0.0001,-0.0001,0,0,0,0,0,0,0,0,0,0.0001,0.0012,0,0.0003,231.2667,455,64,87.1831,0,0,0,0,310.5083,972,109,109.8958,39,44.6333,47,41,23.68,23.68,23.63
2022-11-13 17:30:00,1.9997,4.7364,0.5964,1.0497,120,106.3041,43.7119,120,78.6032,78.8293,78.3105,0.1399,120,26.8903,26.9292,26.8621,0.0191,120,1006.3282,1006.5127,1006.2746,0.0672,120,0,0,0,0,120,0,0,0,0,120,13.8754,14.2604,13.2775,0.2224,120,120,0,0,0,0,0,120,None,None,None,None,0,3.4388,3.4419,3.4379,0.0011,0.5689,0.5693,0.5686,0.0002,0.786,0.7883,0.7831,0.0014,-0.0001,-0.0001,-0.0001,0,0,0,0,0,0,0,0,0,0,0,0,0,194.5333,492,42,114.0973,0,0,0,0,310.5667,704,44,127.3607,38.1,44.7167,47,41,23.68,23.68,23.63
2022-11-13 17:40:00,2.053,3.7336,0.3756,0.7998,120,98.687,28.1233,120,78.9471,79.165,78.7683,0.098,120,26.8394,26.8743,26.7766,0.0217,120,1006.4621,1006.5127,1006.2929,0.0739,120,0,0,0,0,120,0,0,0,0,120,13.8795,14.2604,13.2775,0.2338,120,120,0,0,0,0,0,120,None,None,None,None,0,3.441,3.4419,3.4382,0.0012,0.5684,0.5687,0.5678,0.0002,0.7895,0.7917,0.7877,0.001,-0.0001,-0.0001,-0.0001,0,0,0,0,0,0,0,0,0,0,0,0,0,200.325,383,18,86.934,0,0,0,0,284.6833,725,70,85.9144,38,44.6333,47,41,23.68,23.68,23.68
2022-11-13 17:50:00,2.7026,4.3684,0.5412,0.8299,120,98.995,22.6024,120,79.1401,79.3176,78.8903,0.0993,120,26.7151,26.7827,26.682,0.0262,120,1006.5072,1006.6774,1006.2929,0.0646,120,0,0,0,0,120,0,0,0,0,120,13.8631,14.2604,13.2775,0.2234,120,120,0,0,0,0,0,120,None,None,None,None,0,3.4418,3.4446,3.4382,0.0011,0.5672,0.5678,0.5668,0.0003,0.7914,0.7932,0.7889,0.001,-0.0001,-0.0001,-0.0001,0,0,0,0,0,0,0,0,0,0,0,0,0,270.9333,452,36,90.2078,0,0,0,0,281.7667,520,138,65.5269,38,44.4333,47,41,23.68,23.68,23.63
2022-11-13 18:00:00,2.2985,4.2488,0.5412,0.8799,120,101.8676,30.089,120,79.1136,79.2566,78.8903,0.1051,120,26.7198,26.7492,26.6973,0.0166,120,1006.6927,1006.8789,1006.476,0.0962,120,0,0,0,0,120,0,0,0,0,120,13.8877,14.2604,13.7689,0.2113,120,120,0,0,0,0,0,120,None,None,None,None,0,3.4449,3.448,3.4413,0.0016,0.5672,0.5675,0.567,0.0002,0.7911,0.7926,0.7889,0.0011,-0.0001,-0.0001,-0.0001,0,0,0,0,0,0,0,0,0,0,0,0,0,227.0083,439,36,95.636,0,0,0,0,294.6333,796,54,93.8481,38,44.4833,49,41,23.68,23.68,23.68
2022-11-13 18:10:00,2.2154,3.7888,0.394,0.7647,120,108.5719,36.5781,120,78.7556,78.9514,78.4326,0.1644,120,26.765,26.7888,26.7339,0.0157,120,1006.8615,1007.0803,1006.6591,0.0853,120,0,0,0,0,120,0,0,0,0,120,13.9246,14.2604,13.7689,0.2296,120,120,0,0,0,0,0,120,None,None,None,None,0,3.4477,3.4513,3.4443,0.0014,0.5676,0.5679,0.5673,0.0002,0.7876,0.7895,0.7843,0.0016,-0.0001,-0.0001,-0.0001,0,0,0,0,0,0,0,0,0,0,0,0,0,217.9833,389,20,83.1248,0,0,0,0,318.0917,825,79,112.5265,38,44.2833,47,41,23.68,23.68,23.63
2022-11-13 18:20:00,2.3655,4.3868,0.4308,0.9617,120,99.5319,32.7434,120,78.2434,78.5852,78.0053,0.1501,120,26.7656,26.7888,26.7461,0.0106,120,1006.8926,1007.0803,1006.6591,0.0802,120,0,0,0,0,120,0,0,0,0,120,13.9082,14.2604,13.2775,0.2313,120,120,0,0,0,0,0,120,None,None,None,None,0,3.4482,3.4513,3.4443,0.0013,0.5677,0.5679,0.5675,0.0001,0.7824,0.7859,0.7801,0.0015,-0.0001,-0.0001,-0.0001,0,0,0,0,0,0,0,0,0,0,0,0,0,234.2917,454,24,104.5351,0,0,0,0,293.2417,1014,2,115.501,38,44.2333,47,41,23.68,23.68,23.68
2022-11-13 18:30:00,2.3603,4.304,0.946,0.773,120,97.5142,26.8218,120,77.972,78.0969,77.7612,0.081,120,26.7475,26.7614,26.7217,0.0079,120,1006.9797,1007.062,1006.8422,0.091,120,0,0,0,0,120,0,0,0,0,120,13.8508,14.2604,13.2775,0.1946,120,120,0,0,0,0,0,120,None,None,None,None,0,3.4497,3.451,3.4474,0.0015,0.5675,0.5676,0.5672,0.0001,0.7797,0.781,0.7776,0.0008,-0.0001,-0.0001,-0.0001,0,0,0,0,0,0,0,0,0,0,0,0,0,233.7333,445,80,84.0238,0,0,0,0,277.5333,513,53,77.7861,38,44.5667,47,41,23.68,23.68,23.68
2022-11-13 18:40:00,2.8964,4.9756,1.0288,0.8581,120,99.3082,21.2988,120,77.9344,78.0969,77.7612,0.0881,120,26.6987,26.7278,26.679,0.0119,120,1007.1339,1007.2634,1006.8606,0.1025,120,0,0,0,0,120,0,0,0,0,120,13.9287,14.2604,13.7689,0.2312,120,120,0,0,0,0,0,120,None,None,None,None,0,3.4522,3.4544,3.4477,0.0017,0.567,0.5673,0.5668,0.0001,0.7793,0.781,0.7776,0.0009,-0.0001,-0.0001,-0.0001,0,0,0,0,0,0,0,0,0,0,0,0,0,292,518,89,93.2713,0,0,0,0,283.2083,574,146,62.339,38,44.2167,47,41,23.68,23.68,23.63
2022-11-13 18:50:00,2.0199,3.4852,0.946,0.4987,120,97.2057,23.3699,120,78.0651,78.1884,77.9138,0.067,120,26.7145,26.7278,26.7003,0.0061,120,1007.2994,1007.4282,1007.2268,0.083,120,0,0,0,0,120,0,0,0,0,120,13.8959,14.2604,13.7689,0.216,120,120,0,0,0,0,0,120,None,None,None,None,0,3.455,3.4571,3.4538,0.0014,0.5672,0.5673,0.567,0.0001,0.7807,0.7819,0.7791,0.0007,-0.0001,-0.0001,-0.0001,0,0,0,0,0,0,0,0,0,0,0,0,0,196.7333,356,80,54.2037,0,0,0,0,283.5833,1016,116,92.2002,38,44.5,47,41,23.68,23.68,23.63
2022-11-13 19:00:00,2.2104,3.6232,0.854,0.6613,120,95.1487,28.9417,120,78.2332,78.4326,78.0969,0.1032,120,26.6737,26.7187,26.6393,0.0271,120,1007.3943,1007.593,1007.2085,0.0713,120,0,0,0,0,120,0,0,0,0,120,13.8836,14.2604,13.2775,0.2182,120,120,0,0,0,0,0,120,None,None,None,None,0,3.4566,3.4599,3.4535,0.0012,0.5667,0.5672,0.5664,0.0003,0.7823,0.7843,0.781,0.001,-0.0001,-0.0001,-0.0001,0,0,0,0,0,0,0,0,0,0,0,0,0,217.4333,371,70,71.8788,0,0,0,0,272.5833,655,0,86.0127,37,44.3833,47,41,23.68,23.68,23.63
2022-11-13 19:10:00,2.1734,3.7336,0.624,0.6893,120,99.9999,30.1026,120,78.5674,78.7378,78.4326,0.0634,120,26.6335,26.6576,26.5905,0.0171,120,1007.546,1007.7761,1007.4099,0.0814,120,0,0,0,0,120,0,0,0,0,120,13.8181,14.2604,13.2775,0.1953,120,120,0,0,0,0,0,120,None,None,None,None,0,3.4591,3.4629,3.4568,0.0014,0.5663,0.5666,0.5659,0.0002,0.7857,0.7874,0.7843,0.0006,-0.0001,-0.0001,-0.0001,0,0,0,0,0,0,0,0,0,0,0,0,0,213.4083,383,45,74.9275,0,0,0,0,293.8167,898,94,101.4298,37,44.5333,47,41,23.68,23.68,23.68
2022-11-13 19:20:00,2.0676,3.5312,1.0472,0.5998,120,103.7589,24.5957,120,78.8725,79.0429,78.6767,0.1075,120,26.5656,26.5966,26.5416,0.0133,120,1007.6775,1007.7944,1007.5747,0.0929,120,0,0,0,0,120,0,0,0,0,120,13.8181,14.2604,13.2775,0.2055,120,120,0,0,0,0,0,120,None,None,None,None,0,3.4613,3.4632,3.4596,0.0015,0.5657,0.566,0.5654,0.0001,0.7887,0.7904,0.7868,0.0011,-0.0001,-0.0001,-0.0001,0,0,0,0,0,0,0,0,0,0,0,0,0,201.9167,361,91,65.1916,0,0,0,0,296.5667,577,151,71.7724,37,44.6833,47,41,23.68,23.68,23.63
2022-11-13 19:30:00,2.2653,3.9084,0.9828,0.6668,120,105.0077,22.7252,120,79.1337,79.2871,78.9819,0.0875,120,26.5107,26.5508,26.4898,0.017,120,1007.7555,1007.9592,1007.5747,0.0762,120,0,0,0,0,120,0,0,0,0,120,13.8672,14.2604,13.2775,0.2262,120,120,0,0,0,0,0,120,None,None,None,None,0,3.4626,3.466,3.4596,0.0013,0.5651,0.5655,0.5649,0.0002,0.7913,0.7929,0.7898,0.0009,-0.0001,-0.0001,-0.0001,0,0,0,0,0,0,0,0,0,0,0,0,0,223.4,402,84,72.4735,0,0,0,0,299.1167,526,130,65.7106,37,44.9167,47,41,23.68,23.68,23.63
2022-11-13 19:40:00,2.3196,3.6784,0.8172,0.7584,120,101.5595,27.6186,120,79.3766,79.4702,79.2566,0.0524,120,26.505,26.5203,26.4898,0.0081,120,1007.808,1007.9592,1007.7395,0.0755,120,0,0,0,0,120,0,0,0,0,120,13.859,14.2604,13.2775,0.2296,120,120,0,0,0,0,0,120,None,None,None,None,0,3.4635,3.466,3.4623,0.0013,0.5651,0.5652,0.5649,0.0001,0.7938,0.7947,0.7926,0.0005,-0.0001,-0.0001,-0.0001,0,0,0,0,0,0,0,0,0,0,0,0,0,229.3,377,66,82.4339,0,0,0,0,292.0667,646,83,82.2028,37,44.5833,47,41,23.68,23.68,23.63
2022-11-13 19:50:00,2.3352,4.3316,0.7436,0.7707,120,103.0255,29.8416,120,79.4895,79.6533,79.3786,0.0687,120,26.4748,26.5172,26.4287,0.026,120,1007.8516,1008.1423,1007.7578,0.0939,120,0,0,0,0,120,0,0,0,0,120,13.8386,14.2604,13.2775,0.2234,120,120,0,0,0,0,0,120,None,None,None,None,0,3.4642,3.469,3.4626,0.0016,0.5647,0.5652,0.5643,0.0003,0.7949,0.7965,0.7938,0.0007,-0.0001,-0.0001,-0.0001,0,0,0,0,0,0,0,0,0,0,0,0,0,231,448,58,83.7743,0,0,0,0,296.5167,666,24,89.7903,37,44.95,47,41,23.68,23.68,23.63
2022-11-13 20:00:00,2.0153,3.5864,0.5136,0.6953,120,99.8507,31.9396,120,79.7428,79.8669,79.6228,0.0801,120,26.4263,26.4409,26.4074,0.008,120,1007.973,1008.1606,1007.7578,0.067,120,0,0,0,0,120,0,0,0,0,120,13.8017,14.2604,13.2775,0.1988,120,120,0,0,0,0,0,120,None,None,None,None,0,3.4662,3.4693,3.4626,0.0011,0.5643,0.5644,0.5641,0.0001,0.7974,0.7987,0.7962,0.0008,-0.0001,-0.0001,-0.0001,0,0,0,0,0,0,0,0,0,0,0,0,0,196.2333,367,33,75.5806,0,0,0,0,289.4667,697,46,95.978,37,44.7333,49,41,23.68,23.68,23.63
2022-11-13 20:10:00,1.7721,4.8008,0.4584,0.8052,120,112.5467,47.0088,120,79.9572,80.1111,79.8059,0.091,120,26.3834,26.4165,26.3646,0.0132,120,1008.0692,1008.1606,1007.9226,0.0902,120,0,0,0,0,120,0,0,0,0,120,13.8058,14.2604,13.2775,0.1929,120,120,0,0,0,0,0,120,None,None,None,None,0,3.4678,3.4693,3.4654,0.0015,0.5638,0.5642,0.5636,0.0001,0.7996,0.8011,0.7981,0.0009,-0.0001,-0.0001,-0.0001,0,0,0,0,0,0,0,0,0,0,0,0,0,169.7917,499,27,87.5237,0,0,0,0,344.3583,957,19,158.8266,37,44.7,47,41,23.68,23.68,23.68
2022-11-13 20:20:00,2.3243,5.0952,0.6148,0.9634,120,102.3173,28.6211,120,80.1556,80.2332,80.0806,0.0461,120,26.3638,26.3799,26.3433,0.0076,120,1008.0895,1008.1606,1007.9226,0.0795,120,0,0,0,0,120,0,0,0,0,120,13.9287,14.2604,13.7689,0.2312,120,120,0,0,0,0,0,120,None,None,None,None,0,3.4682,3.4693,3.4654,0.0013,0.5636,0.5638,0.5634,0.0001,0.8016,0.8023,0.8008,0.0005,-0.0001,-0.0001,-0.0001,0,0,0,0,0,0,0,0,0,0,0,0,0,229.8167,531,44,104.7159,0,0,0,0,289.3417,503,9,83.5895,37,44.8833,47,41,23.68,23.68,23.63
2022-11-13 20:30:00,2.3041,3.8532,0.8632,0.7393,120,99.0968,29.0623,120,80.2705,80.3552,80.1721,0.0438,120,26.3343,26.3524,26.3128,0.0088,120,1008.1962,1008.4719,1008.1057,0.0908,120,0,0,0,0,120,0,0,0,0,120,13.8549,14.2604,13.2775,0.208,120,120,0,0,0,0,0,120,None,None,None,None,0,3.4699,3.4745,3.4684,0.0015,0.5633,0.5635,0.5631,0.0001,0.8027,0.8036,0.8017,0.0004,-0.0001,-0.0001,-0.0001,0,0,0,0,0,0,0,0,0,0,0,0,0,227.6167,396,71,80.3613,0,0,0,0,289.6417,1008,63,103.9215,37,44.5667,49,41,23.68,23.68,23.63
2022-11-13 20:40:00,2.3241,3.8164,0.7712,0.7118,120,106.6988,29.3466,120,80.3629,80.4163,80.2637,0.0354,120,26.2977,26.3189,26.2731,0.0091,120,1008.2763,1008.5086,1008.1057,0.0925,120,0,0,0,0,120,0,0,0,0,120,13.8713,14.2604,13.2775,0.2103,120,120,0,0,0,0,0,120,None,None,None,None,0,3.4713,3.4751,3.4684,0.0015,0.563,0.5632,0.5627,0.0001,0.8036,0.8042,0.8026,0.0004,-0.0001,-0.0001,-0.0001,0,0,0,0,0,0,0,0,0,0,0,0,0,229.7917,392,61,77.3692,0,0,0,0,304.75,635,135,85.391,36.5,44.4667,47,41,23.68,23.68,23.63
2022-11-13 20:50:00,2.1137,4.3684,0.7252,0.8425,120,100.2501,34.7142,120,80.4346,80.4773,80.3552,0.027,120,26.2874,26.3067,26.27,0.0085,120,1008.4576,1008.6917,1008.3071,0.0663,120,0,0,0,0,120,0,0,0,0,120,13.8467,14.2604,13.2775,0.2113,120,120,0,0,0,0,0,120,None,None,None,None,0,3.4743,3.4782,3.4718,0.0011,0.5629,0.5631,0.5627,0.0001,0.8043,0.8048,0.8036,0.0003,-0.0001,-0.0001,-0.0001,0,0,0,0,0,0,0,0,0,0,0,0,0,206.925,452,56,91.5741,0,0,0,0,304.075,1012,22,130.9475,36,44.65,47,41,23.68,23.68,23.63
2022-11-13 21:00:00,2.2037,3.9176,0.8632,0.7595,120,103.7199,26.6616,120,80.4435,80.5078,80.3858,0.0262,120,26.2949,26.3067,26.2853,0.0045,120,1008.4912,1008.6917,1008.3071,0.0716,120,0,0,0,0,120,0,0,0,0,120,13.8427,14.2604,13.2775,0.2079,120,120,0,0,0,0,0,120,None,None,None,None,0,3.4749,3.4782,3.4718,0.0012,0.5629,0.5631,0.5628,0.0001,0.8044,0.8051,0.8039,0.0003,-0.0001,-0.0001,-0.0001,0,0,0,0,0,0,0,0,0,0,0,0,0,216.7083,403,71,82.551,0,0,0,0,295.9,556,32,78.1461,36,44.7333,47,41,23.68,23.68,23.63
2022-11-13 21:10:00,1.8655,3.4576,0.854,0.5857,120,107.8912,31.2237,120,80.4987,80.5689,80.3858,0.0381,120,26.2923,26.3036,26.2761,0.0067,120,1008.5205,1008.6917,1008.4536,0.0808,120,0,0,0,0,120,0,0,0,0,120,13.8345,14.2604,13.2775,0.1795,120,120,0,0,0,0,0,120,None,None,None,None,0,3.4753,3.4782,3.4742,0.0013,0.5629,0.563,0.5628,0.0001,0.805,0.8057,0.8039,0.0004,-0.0001,-0.0001,-0.0001,0,0,0,0,0,0,0,0,0,0,0,0,0,179.9417,353,70,63.6612,0,0,0,0,315.2583,878,170,99.5332,36,44.5833,47,39,23.68,23.68,23.63
2022-11-13 21:20:00,2.0676,3.8256,0.716,0.6833,120,102.8054,32.4593,120,80.6047,80.6909,80.5078,0.042,120,26.2694,26.2853,26.2548,0.0068,120,1008.4902,1008.6917,1008.4536,0.044,120,0,0,0,0,120,0,0,0,0,120,13.814,14.2604,13.2775,0.1685,120,120,0,0,0,0,0,120,None,None,None,None,0,3.4748,3.4782,3.4742,0.0007,0.5627,0.5628,0.5625,0.0001,0.806,0.8069,0.8051,0.0004,-0.0001,-0.0001,-0.0001,0,0,0,0,0,0,0,0,0,0,0,0,0,201.9167,393,55,74.2675,0,0,0,0,295.9667,667,44,95.9632,36,44.5333,47,41,23.68,23.68,23.63
2022-11-13 21:30:00,2.3559,4.3224,0.6976,0.8202,120,109.5058,30.8088,120,80.7326,80.8435,80.6299,0.0545,120,26.2694,26.2944,26.2578,0.0084,120,1008.4602,1008.4902,1008.2888,0.05,120,0,0,0,0,120,0,0,0,0,120,13.8549,14.2604,13.2775,0.2522,120,120,0,0,0,0,0,120,None,None,None,None,0,3.4743,3.4748,3.4715,0.0008,0.5627,0.5629,0.5626,0.0001,0.8073,0.8084,0.8063,0.0005,-0.0001,-0.0001,-0.0001,0,0,0,0,0,0,0,0,0,0,0,0,0,233.25,447,53,89.153,0,0,0,0,318.5167,923,61,100.6519,36,44.5333,47,41,23.68,23.68,23.63
2022-11-13 21:40:00,1.9924,3.4484,0.6792,0.5507,120,104.6695,26.6589,120,80.8097,80.874,80.7215,0.0333,120,26.2778,26.3006,26.2456,0.016,120,1008.428,1008.4902,1008.2888,0.0778,120,0,0,0,0,120,0,0,0,0,120,13.8345,14.2604,13.2775,0.2291,120,120,0,0,0,0,0,120,None,None,None,None,0,3.4738,3.4748,3.4715,0.0013,0.5628,0.563,0.5625,0.0002,0.8081,0.8087,0.8072,0.0003,-0.0001,-0.0001,-0.0001,0,0,0,0,0,0,0,0,0,0,0,0,0,193.7417,352,51,59.8572,0,0,0,0,297.05,543,33,77.8323,36,45.0333,47,41,23.68,23.68,23.63
2022-11-13 21:50:00,1.8399,3.6416,0.3756,0.6777,120,104.9555,33.5463,120,81.0475,81.2098,80.874,0.0935,120,26.245,26.2548,26.2334,0.0042,120,1008.4466,1008.4902,1008.2888,0.0659,120,0,0,0,0,120,0,0,0,0,120,13.7976,14.2604,13.2775,0.2044,120,120,0,0,0,0,0,120,None,None,None,None,0,3.4741,3.4748,3.4715,0.0011,0.5625,0.5625,0.5623,0,0.8105,0.8121,0.8087,0.0009,-0.0001,-0.0001,-0.0001,0,0,0,0,0,0,0,0,0,0,0,0,0,177.1667,373,18,73.665,0,0,0,0,314.325,914,137,116.3915,36,44.7667,47,41,23.67,23.68,23.63
2022-11-13 22:00:00,1.5955,3.1356,0.3664,0.5658,120,104.4887,37.2774,120,81.3542,81.5455,81.1792,0.0926,120,26.2512,26.2731,26.2334,0.0101,120,1008.4086,1008.4902,1008.2888,0.0845,120,0,0,0,0,120,0,0,0,0,120,13.8263,14.2604,13.2775,0.1823,120,120,0,0,0,0,0,120,None,None,None,None,0,3.4735,3.4748,3.4715,0.0014,0.5625,0.5627,0.5623,0.0001,0.8135,0.8155,0.8118,0.0009,-0.0001,-0.0001,-0.0001,0,0,0,0,0,0,0,0,0,0,0,0,0,150.6,318,17,61.5029,0,0,0,0,313.25,987,15,132.4776,36,44.8833,47,41,23.68,23.68,23.63
2022-11-13 22:10:00,1.7636,3.66,0.4768,0.6511,120,110.9071,33.5718,120,81.6342,81.7286,81.5149,0.0422,120,26.2879,26.3067,26.2609,0.0111,120,1008.3531,1008.4902,1008.2888,0.0774,120,0,0,0,0,120,0,0,0,0,120,13.7526,14.2604,13.2775,0.2008,120,120,0,0,0,0,0,120,None,None,None,None,0,3.4726,3.4748,3.4715,0.0013,0.5629,0.5631,0.5626,0.0001,0.8163,0.8173,0.8151,0.0004,-0.0001,-0.0001,-0.0001,0,0,0,0,0,0,0,0,0,0,0,0,0,168.875,375,29,70.7671,0,0,0,0,330.8667,1012,121,123.6041,36,44.9167,49,41,23.67,23.68,23.63
2022-11-13 22:20:00,1.7426,3.3932,0.624,0.6441,120,107.3891,37.8489,120,81.8832,82.0338,81.7286,0.0917,120,26.2506,26.2731,26.2395,0.0066,120,1008.3029,1008.4719,1008.1057,0.054,120,0,0,0,0,120,0,0,0,0,120,13.7853,14.2604,13.2775,0.2462,120,120,0,0,0,0,0,120,None,None,None,None,0,3.4717,3.4745,3.4684,0.0009,0.5625,0.5627,0.5624,0.0001,0.8188,0.8203,0.8173,0.0009,-0.0001,-0.0001,-0.0001,0,0,0,0,0,0,0,0,0,0,0,0,0,166.5833,346,45,70.0132,0,0,0,0,320.425,902,27,125.5172,36,44.7167,47,41,23.67,23.68,23.63
2022-11-13 22:30:00,1.6786,3.7244,0.4584,0.6417,120,105.6415,28.0107,120,82.1406,82.2474,82.0338,0.0576,120,26.2468,26.2609,26.2334,0.0053,120,1008.2928,1008.4902,1008.1057,0.0546,120,0,0,0,0,120,0,0,0,0,120,13.8222,14.2604,13.2775,0.2451,120,120,0,0,0,0,0,120,None,None,None,None,0,3.4715,3.4748,3.4684,0.0009,0.5625,0.5626,0.5623,0.0001,0.8214,0.8225,0.8203,0.0006,-0.0001,-0.0001,-0.0001,0,0,0,0,0,0,0,0,0,0,0,0,0,159.6333,382,27,69.7457,0,0,0,0,302.175,570,110,81.7552,36,44.95,47,41,23.67,23.68,23.63
2022-11-13 22:40:00,1.6201,4.442,0.3388,0.933,120,96.9109,37.8482,120,82.267,82.3695,81.9422,0.0914,120,26.2714,26.2944,26.2151,0.0151,120,1008.2853,1008.4902,1008.1057,0.0687,120,0.2103,4.085,0,0.7087,120,0,0,0,0,120,13.3961,14.2604,11.31,0.7323,120,120,0.1,0,0,0,0,120,None,None,None,None,0,3.4714,3.4748,3.4684,0.0011,0.5627,0.5629,0.5622,0.0001,0.8227,0.8237,0.8194,0.0009,-0.0001,-0.0001,-0.0001,0,0,0.0001,0,0,0,0,0,0,0,0,0,0,153.2667,460,14,101.4129,0.0083,1,0,0.0913,287.7583,774,13,117.9635,36,44.7167,47,41,23.67,23.68,23.63
2022-11-13 22:50:00,1.2457,2.5468,0.3848,0.4905,120,68.6569,40.6151,120,82.4297,82.9493,82.0032,0.3069,120,25.9378,26.2151,25.7482,0.1507,120,1008.1785,1008.3071,1008.0874,0.0915,120,0.5907,2.6433,0,0.7744,120,0,0,0,0,120,13.1464,14.2604,9.8356,0.4925,120,120,0.3,0,0,0,0,120,None,None,None,None,0,3.4696,3.4718,3.4681,0.0015,0.5594,0.5622,0.5575,0.0015,0.8243,0.8295,0.82,0.0031,-0.0001,-0.0001,-0.0001,0,0,0,0,0,0,0,0,0,0,0,0,0,112.575,254,19,53.3148,0.025,1,0,0.1568,228.575,1009,24,154.8537,36,44.8,47,41,23.67,23.68,23.63
2022-11-13 23:00:00,1.4045,2.97,0.2376,0.7559,120,105.2493,38.9481,120,83.1617,83.4376,82.8883,0.1522,120,25.6763,25.7512,25.62,0.0423,120,1008.1225,1008.3071,1007.9226,0.0571,120,3.6146,5.2866,1.6819,1.1135,120,0.0031,0.3661,0,0.0334,120,13.5764,14.2604,13.2775,0.2572,120,120,0,0,0,0,0,120,None,None,None,None,0,3.4687,3.4718,3.4654,0.001,0.5568,0.5575,0.5562,0.0004,0.8316,0.8344,0.8289,0.0015,-0.0001,-0.0001,-0.0001,0,0,0.0001,0,0,0,0,0,0,0,0,0,0,129.8333,300,3,82.1592,0,0,0,0,323.0833,957,54,140.3989,36,44.7,47,41,23.67,23.68,23.63
2022-11-13 23:10:00,1.3955,2.97,0.4032,0.5292,120,105.0808,37.2557,120,83.6327,83.8649,83.4376,0.1076,120,25.6325,25.6474,25.6139,0.0058,120,1008.0573,1008.124,1007.9043,0.0849,120,4.2113,5.2866,3.6047,0.3903,120,0.0031,0.3661,0,0.0334,120,13.5642,13.7689,13.2775,0.2433,120,120,0,0,0,0,0,120,None,None,None,None,0,3.4676,3.4687,3.4651,0.0014,0.5563,0.5565,0.5561,0.0001,0.8363,0.8386,0.8344,0.0011,-0.0001,-0.0001,-0.0001,0,0.0001,0.0001,0,0,0,0,0,0,0,0,0,0,128.8583,300,21,57.5265,0,0,0,0,315.5333,944,42,126.0219,35.1,44.6333,49,41,23.67,23.68,23.63
2022-11-13 23:20:00,1.4111,3.6784,0.4308,0.7075,120,102.7551,36.7606,120,84.0228,84.17,83.8038,0.0814,120,25.6715,25.7024,25.6322,0.0199,120,1007.9095,1008.124,1007.7212,0.0783,120,4.2514,5.7669,3.3646,0.6562,120,0,0,0,0,120,13.6338,14.2604,13.2775,0.2381,120,120,0,0,0,0,0,120,None,None,None,None,0,3.4652,3.4687,3.462,0.0013,0.5567,0.557,0.5563,0.0002,0.8402,0.8417,0.838,0.0008,-0.0001,-0.0001,-0.0001,0,0.0001,0.0001,0,0,0,0,0,0,0,0,0,0,130.55,377,24,76.9051,0,0,0,0,306.7917,1014,8,132.5961,35,44.9167,47,41,23.67,23.68,23.63
2022-11-13 23:30:00,1.723,3.66,0.6424,0.5626,120,106.2022,28.185,120,84.2692,84.3837,84.109,0.0749,120,25.7042,25.7329,25.678,0.0144,120,1007.6751,1007.9226,1007.5381,0.0929,120,4.8542,5.7669,3.8449,0.3746,120,0,0,0,0,120,13.6624,14.2604,13.2775,0.2131,120,120,0,0,0,0,0,120,None,None,None,None,0,3.4613,3.4654,3.459,0.0015,0.557,0.5573,0.5568,0.0001,0.8427,0.8438,0.8411,0.0007,-0.0001,-0.0001,-0.0001,0,0.0001,0.0001,0,0,0,0,0,0,0,0,0,0,164.4583,375,47,61.1492,0,0,0,0,306.6,854,25,90.7566,35,44.85,47,41,23.67,23.68,23.63
2022-11-13 23:40:00,1.7231,4.4144,0.4308,0.7421,120,100.848,30.0235,120,84.4188,84.5668,84.3226,0.0688,120,25.738,25.7573,25.7237,0.0082,120,1007.5535,1007.7395,1007.3733,0.0554,120,5.2447,7.9299,4.085,0.7101,120,0,0,0,0,120,13.7157,14.2604,13.2775,0.2366,120,120,0,0,0,0,0,120,None,None,None,None,0,3.4592,3.4623,3.4562,0.0009,0.5574,0.5576,0.5572,0.0001,0.8442,0.8457,0.8432,0.0007,-0.0001,-0.0001,-0.0001,0,0.0001,0.0001,0.0001,0,0,0,0,0,0,0,0,0,164.4667,457,24,80.6599,0,0,0,0,293.2583,948,10,102.0238,35,44.9167,47,41,23.67,23.68,23.63
2022-11-13 23:50:00,2.8259,4.8744,0.6516,0.8663,120,99.5027,28.5237,120,84.6154,84.7804,84.4447,0.0873,120,25.794,25.8306,25.7298,0.028,120,1007.4943,1007.5564,1007.355,0.0786,120,5.9775,7.6898,4.8063,0.7711,120,0,0,0,0,120,13.6829,14.2604,13.2775,0.208,120,120,0,0,0,0,0,120,None,None,None,None,0,3.4582,3.4593,3.4559,0.0013,0.5579,0.5583,0.5573,0.0003,0.8462,0.8478,0.8444,0.0009,-0.0001,-0.0001,-0.0001,0,0.0001,0.0001,0.0001,0,0,0,0,0,0,0,0,0,284.3417,507,48,94.1619,0,0,0,0,291.225,1020,9,104.4008,35,45.3167,49,11,23.67,23.68,23.63
