datetime,Anemometer;wind_speed;Avg (m/s),Anemometer;wind_speed;Max (m/s),Anemometer;wind_speed;Min (m/s),Anemometer;wind_speed;StdDev (m/s),Anemometer;wind_speed;Count (),Wind Vane TMR;wind_direction;Avg (°),Wind Vane TMR;wind_direction;StdDev (°),Wind Vane TMR;wind_direction;Count (),Hygro/Thermo;humidity;Avg (%),Hygro/Thermo;humidity;Max (%),Hygro/Thermo;humidity;Min (%),Hygro/Thermo;humidity;StdDev (%),Hygro/Thermo;humidity;Count (),Hygro/Thermo;temperature;Avg (°C),Hygro/Thermo;temperature;Max (°C),Hygro/Thermo;temperature;Min (°C),Hygro/Thermo;temperature;StdDev (°C),Hygro/Thermo;temperature;Count (),Barometer;air_pressure;Avg (hPa),Barometer;air_pressure;Max (hPa),Barometer;air_pressure;Min (hPa),Barometer;air_pressure;StdDev (hPa),Barometer;air_pressure;Count (),DHI (Diffuse Horizontal Irradiance);solar_irradiance;Avg (W/m²),DHI (Diffuse Horizontal Irradiance);solar_irradiance;Max (W/m²),DHI (Diffuse Horizontal Irradiance);solar_irradiance;Min (W/m²),DHI (Diffuse Horizontal Irradiance);solar_irradiance;StdDev (W/m²),DHI (Diffuse Horizontal Irradiance);solar_irradiance;Count (),GHI (Global Horizontal Irradiance);solar_irradiance;Avg (W/m²),GHI (Global Horizontal Irradiance);solar_irradiance;Max (W/m²),GHI (Global Horizontal Irradiance);solar_irradiance;Min (W/m²),GHI (Global Horizontal Irradiance);solar_irradiance;StdDev (W/m²),GHI (Global Horizontal Irradiance);solar_irradiance;Count (),DNI (Direct Normal Irradiance) Pyrheliometer;solar_DNI;Avg (W/m²),DNI (Direct Normal Irradiance) Pyrheliometer;solar_DNI;Max (W/m²),DNI (Direct Normal Irradiance) Pyrheliometer;solar_DNI;Min (W/m²),DNI (Direct Normal Irradiance) Pyrheliometer;solar_DNI;StdDev (W/m²),DNI (Direct Normal Irradiance) Pyrheliometer;solar_DNI;Count (),Precipitation;precipitation;Count (),Precipitation;precipitation;Sum (mm),GTI (Global Tilt Irradiance) PV Cell;voltage;Avg (W/m2),GTI (Global Tilt Irradiance) PV Cell;voltage;Max (W/m2),GTI (Global Tilt Irradiance) PV Cell;voltage;Min (W/m2),GTI (Global Tilt Irradiance) PV Cell;voltage;StdDev (W/m2),GTI (Global Tilt Irradiance) PV Cell;voltage;Count (),Theta;other;Avg (°),Theta;other;Max (°),Theta;other;Min (°),Theta;other;StdDev (°),Theta;other;Count (),A1;channel;Avg (V),A1;channel;Max (V),A1;channel;Min (V),A1;channel;StdDev (V),A2;channel;Avg (V),A2;channel;Max (V),A2;channel;Min (V),A2;channel;StdDev (V),A3;channel;Avg (V),A3;channel;Max (V),A3;channel;Min (V),A3;channel;StdDev (V),A4;channel;Avg (V),A4;channel;Max (V),A4;channel;Min (V),A4;channel;StdDev (V),A5;channel;Avg (V),A5;channel;Max (V),A5;channel;Min (V),A5;channel;StdDev (V),A6;channel;Avg (V),A6;channel;Max (V),A6;channel;Min (V),A6;channel;StdDev (V),A7;channel;Avg (V),A7;channel;Max (V),A7;channel;Min (V),A7;channel;StdDev (V),C1;channel;Avg (I),C1;channel;Max (I),C1;channel;Min (I),C1;channel;StdDev (I),C2;channel;Avg (I),C2;channel;Max (I),C2;channel;Min (I),C2;channel;StdDev (I),D1;channel;Avg (),D1;channel;Max (),D1;channel;Min (),D1;channel;StdDev (),T;channel;Avg (°C),I;channel;Avg (mA),I;channel;Max (mA),I;channel;Min (mA),V;channel;Avg (V),V;channel;Max (V),V;channel;Min (V)
2022-11-26 00:00:00,2.026,3.7244,0.6976,0.6994,120,93.9448,32.7783,120,81.298,81.3929,81.2403,0.0418,120,26.1985,26.212,26.1815,0.0065,120,1007.5036,1007.593,1007.3916,0.0753,120,0,0,0,0,120,0,0,0,0,120,13.8263,14.2604,13.2775,0.2224,120,120,0,0,0,0,0,120,None,None,None,None,0,3.4584,3.4599,3.4565,0.0013,0.562,0.5621,0.5618,0.0001,0.813,0.8139,0.8124,0.0004,-0.0001,-0.0001,-0.0001,0,0,0,0,0,0,0,0,0,0,0,0,0,197.3917,382,53,76.0199,0,0,0,0,269.5583,639,12,96.2363,37,48.0167,53,45,23.66,23.68,23.63
2022-11-26 00:10:00,1.7215,3.4024,0.348,0.7509,120,98.7916,44.24,120,81.3776,81.4844,81.2098,0.0693,120,26.2284,26.2609,26.1998,0.0168,120,1007.4227,1007.5747,1007.2085,0.0654,120,0,0,0,0,120,0,0,0,0,120,13.8058,14.2604,13.2775,0.1929,120,120,0,0,0,0,0,120,None,None,None,None,0,3.457,3.4596,3.4535,0.0011,0.5623,0.5626,0.562,0.0002,0.8138,0.8148,0.8121,0.0007,-0.0001,-0.0001,-0.0001,0,0,0,0,0,0,0,0,0,0,0,0,0,164.2917,347,15,81.6241,0,0,0,0,305.4917,953,16,154.4036,37,48.15,49,45,23.66,23.68,23.63
2022-11-26 00:20:00,1.9291,3.9912,0.532,0.6973,120,97.4744,35.3402,120,81.3901,81.4234,81.3013,0.0293,120,26.1937,26.2151,26.1602,0.0156,120,1007.327,1007.4099,1007.1902,0.092,120,0,0,0,0,120,0,0,0,0,120,13.7935,14.2604,13.2775,0.2099,120,120,0,0,0,0,0,120,None,None,None,None,0,3.4555,3.4568,3.4532,0.0015,0.5619,0.5622,0.5616,0.0002,0.8139,0.8142,0.813,0.0003,-0.0001,-0.0001,-0.0001,0,0,0,0,0,0,0,0,0,0,0,0,0,186.8583,411,35,75.7962,0,0,0,0,290.0917,862,101,112.8936,37,48.4167,53,47,23.65,23.68,23.63
2022-11-26 00:30:00,1.8232,3.7244,0.394,0.7163,120,89.9349,48.7813,120,81.4336,81.5455,81.3013,0.055,120,26.1873,26.2151,26.1571,0.0184,120,1007.1601,1007.3916,1007.0071,0.0955,120,0,0,0,0,120,0,0,0,0,120,13.7894,14.2604,10.8186,0.3396,120,120,0,0,0,0,0,120,None,None,None,None,0,3.4527,3.4565,3.4501,0.0016,0.5619,0.5622,0.5616,0.0002,0.8143,0.8155,0.813,0.0006,-0.0001,-0.0001,-0.0001,0,0,0,0,0,0,0,0,0,0,0,0,0,175.35,382,20,77.8605,0,0,0,0,294.6583,998,27,174.4333,37,47.7833,53,41,23.66,23.68,23.63
2022-11-26 00:40:00,1.8303,3.9176,0.44,0.7061,120,86.3456,35.6186,120,81.2927,81.3929,81.1792,0.0528,120,26.1718,26.1937,26.1571,0.008,120,1007.0055,1007.2085,1006.8056,0.0471,120,0,0,0,0,120,0,0,0,0,120,13.7116,14.2604,13.2775,0.2224,120,120,0,0,0,0,0,120,None,None,None,None,0,3.4501,3.4535,3.4468,0.0008,0.5617,0.5619,0.5616,0.0001,0.8129,0.8139,0.8118,0.0005,-0.0001,-0.0001,-0.0001,0,0,0,0,0,0,0,0,0,0,0,0,0,176.125,403,25,76.7518,0,0,0,0,252.275,747,47,107.9494,36.1,46.8333,49,41,23.66,23.68,23.63
2022-11-26 00:50:00,1.7233,2.9976,0.44,0.663,120,85.9422,44.6883,120,81.2873,81.4234,81.2098,0.0658,120,26.1633,26.1968,26.1449,0.0144,120,1006.8853,1007.0254,1006.6408,0.0932,120,0,0,0,0,120,0,0,0,0,120,13.7853,14.2604,13.2775,0.2291,120,120,0,0,0,0,0,120,None,None,None,None,0,3.4481,3.4504,3.444,0.0016,0.5616,0.562,0.5615,0.0001,0.8129,0.8142,0.8121,0.0007,-0.0001,-0.0001,-0.0001,0,0,0,0,0,0,0,0,0,0,0,0,0,164.4917,303,25,72.0647,0,0,0,0,273.9917,962,75,152.0841,36,46.9333,49,41,23.66,23.68,23.63
2022-11-26 01:00:00,1.1534,2.0592,0.4676,0.3733,120,85.7105,34.4451,120,81.3323,81.3929,81.2708,0.0379,120,26.1793,26.2029,26.1449,0.0158,120,1006.8336,1007.0254,1006.6408,0.0617,120,0,0,0,0,120,0,0,0,0,120,13.6829,14.2604,13.2775,0.1981,120,120,0,0,0,0,0,120,None,None,None,None,0,3.4472,3.4504,3.444,0.001,0.5618,0.562,0.5615,0.0002,0.8133,0.8139,0.8127,0.0004,-0.0001,-0.0001,-0.0001,0,0,0,0,0,0,0,0,0,0,0,0,0,102.5417,201,28,40.5811,0,0,0,0,245.3667,579,17,100.3501,36,46.9667,47,45,23.66,23.68,23.63
2022-11-26 01:10:00,1.2135,3.5036,0.2652,0.6674,120,70.0891,49.545,120,81.5447,81.698,81.3929,0.0784,120,26.1243,26.1449,26.0991,0.0097,120,1006.7673,1007.0071,1006.6225,0.091,120,0,0,0,0,120,0,0,0,0,120,13.7853,14.2604,13.2775,0.2107,120,120,0,0,0,0,0,120,None,None,None,None,0,3.4461,3.4501,3.4437,0.0015,0.5612,0.5615,0.561,0.0001,0.8154,0.817,0.8139,0.0008,-0.0001,-0.0001,-0.0001,0,0,0,0,0,0,0,0,0,0,0,0,0,109.075,358,6,72.5478,0,0,0,0,265.525,1002,15,203.3315,36,47.0167,49,45,23.66,23.68,23.63
2022-11-26 01:20:00,1.4403,4.0648,0.4216,0.8565,120,87.9676,39.2324,120,81.7983,81.8812,81.6675,0.054,120,26.1295,26.1632,26.0991,0.0201,120,1006.6391,1006.8422,1006.4211,0.1005,120,0,0,0,0,120,0,0,0,0,120,13.7566,14.2604,13.2775,0.2338,120,120,0,0,0,0,0,120,None,None,None,None,0,3.444,3.4474,3.4404,0.0017,0.5613,0.5616,0.561,0.0002,0.818,0.8188,0.8167,0.0005,-0.0001,-0.0001,-0.0001,0,0,0,0,0,0,0,0,0,0,0,0,0,133.725,419,23,93.0978,0,0,0,0,268.025,974,7,133.429,36,46.8,47,41,23.66,23.68,23.63
2022-11-26 01:30:00,1.5592,2.9792,0.5412,0.5427,120,88.4277,37.8344,120,81.8476,82.0032,81.698,0.0912,120,26.1132,26.1693,26.0808,0.0281,120,1006.4786,1006.6408,1006.4211,0.0794,120,0,0,0,0,120,0,0,0,0,120,13.7362,14.2604,13.2775,0.2087,120,120,0,0,0,0,0,120,None,None,None,None,0,3.4413,3.444,3.4404,0.0013,0.5611,0.5617,0.5608,0.0003,0.8185,0.82,0.817,0.0009,-0.0001,-0.0001,-0.0001,0,0,0,0,0,0,0,0,0,0,0,0,0,146.65,301,36,58.9929,0,0,0,0,262.3083,952,55,124.423,36,46.9,49,41,23.66,23.68,23.63
2022-11-26 01:40:00,1.7673,3.2828,0.44,0.6413,120,76.4982,36.2702,120,82.0284,82.1558,81.8812,0.0803,120,26.0714,26.0961,26.0564,0.0109,120,1006.3973,1006.6225,1006.2197,0.0803,120,0,0,0,0,120,0,0,0,0,120,13.7607,14.2604,13.2775,0.2112,120,120,0,0,0,0,0,120,None,None,None,None,0,3.44,3.4437,3.437,0.0013,0.5607,0.561,0.5606,0.0001,0.8203,0.8216,0.8188,0.0008,-0.0001,-0.0001,-0.0001,0,0,0,0,0,0,0,0,0,0,0,0,0,169.2667,334,25,69.7026,0,0,0,0,238.3167,886,29,132.262,36,46.9,47,41,23.66,23.68,23.63
2022-11-26 01:50:00,1.3427,3.798,0.2468,0.7882,120,88.3915,50.9334,120,82.1192,82.1863,82.0338,0.0344,120,26.0597,26.0778,26.0472,0.0066,120,1006.4469,1006.6408,1006.2197,0.0916,120,0,0,0,0,120,0,0,0,0,120,13.6297,14.2604,13.2775,0.2399,120,120,0,0,0,0,0,120,None,None,None,None,0,3.4408,3.444,3.437,0.0015,0.5606,0.5608,0.5605,0.0001,0.8212,0.8219,0.8203,0.0003,-0.0001,-0.0001,-0.0001,0,0,0,0,0,0,0,0,0,0,0,0,0,123.125,390,4,85.6714,0,0,0,0,288.3167,972,4,167.3921,36,46.8333,49,41,23.65,23.68,23.63
2022-11-26 02:00:00,1.3339,2.9516,0.2468,0.6257,120,95.4396,43.602,120,82.1935,82.2474,82.1253,0.0276,120,26.0507,26.0778,26.0015,0.0193,120,1006.4679,1006.6591,1006.4028,0.0734,120,0,0,0,0,120,0,0,0,0,120,13.6706,14.2604,13.2775,0.2434,120,120,0,0,0,0,0,120,None,None,None,None,0,3.4411,3.4443,3.44,0.0012,0.5605,0.5608,0.56,0.0002,0.8219,0.8225,0.8213,0.0003,-0.0001,-0.0001,-0.0001,0,0,0,0,0,0,0,0,0,0,0,0,0,122.1583,298,4,68.0142,0,0,0,0,310.7083,1017,27,168.908,36,46.8167,47,41,23.65,23.68,23.63
2022-11-26 02:10:00,1.2522,2.5928,0.348,0.5575,120,95.7532,48.8155,120,82.2807,82.4305,82.1558,0.0644,120,25.954,26.0076,25.9221,0.0237,120,1006.4667,1006.6408,1006.4028,0.0763,120,0,0,0,0,120,0,0,0,0,120,13.6502,14.2604,13.2775,0.2207,120,120,0,0,0,0,0,120,None,None,None,None,0,3.4411,3.444,3.44,0.0013,0.5595,0.5601,0.5592,0.0002,0.8228,0.8243,0.8216,0.0006,-0.0001,-0.0001,-0.0001,0,0,0,0,0,0,0,0,0,0,0,0,0,113.2833,259,15,60.5937,0,0,0,0,298.375,972,21,155.3202,36,46.8,47,41,23.66,23.68,23.63
2022-11-26 02:20:00,1.2396,3.5036,0.3112,0.6769,120,83.8426,48.7468,120,82.4974,82.6441,82.4,0.0673,120,25.9569,26.0045,25.9252,0.0244,120,1006.5442,1006.6408,1006.4211,0.0937,120,0,0,0,0,120,0,0,0,0,120,13.7157,14.2604,13.2775,0.2366,120,120,0,0,0,0,0,120,None,None,None,None,0,3.4424,3.444,3.4404,0.0016,0.5596,0.5601,0.5593,0.0002,0.825,0.8264,0.824,0.0007,-0.0001,-0.0001,-0.0001,0,0,0,0,0,0,0,0,0,0,0,0,0,111.9167,358,11,73.5814,0,0,0,0,275.5083,987,0,175.4578,36,46.85,47,41,23.65,23.68,23.63
2022-11-26 02:30:00,1.2576,3.062,0.2744,0.6346,120,90.3739,39.7367,120,82.5994,82.7357,82.5221,0.0568,120,26.0338,26.0717,25.9984,0.019,120,1006.4731,1006.6408,1006.4211,0.0824,120,0,0,0,0,120,0,0,0,0,120,13.7812,14.2604,13.2775,0.1346,120,120,0,0,0,0,0,120,None,None,None,None,0,3.4412,3.444,3.4404,0.0014,0.5603,0.5607,0.56,0.0002,0.826,0.8274,0.8252,0.0006,-0.0001,-0.0001,-0.0001,0,0,0,0,0,0,0,0,0,0,0,0,0,113.8667,310,7,68.9776,0,0,0,0,280.3833,1000,23,142.2768,36,46.7333,49,41,23.65,23.68,23.63
2022-11-26 02:40:00,2.0268,4.1016,0.2652,0.7884,120,93.8618,37.1598,120,82.7553,82.8578,82.5831,0.0746,120,26.1078,26.1449,26.0656,0.0254,120,1006.4464,1006.6408,1006.2197,0.0733,120,0,0,0,0,120,0,0,0,0,120,13.7403,14.2604,13.2775,0.2323,120,120,0,0,0,0,0,120,None,None,None,None,0,3.4408,3.444,3.437,0.0012,0.5611,0.5615,0.5607,0.0003,0.8276,0.8286,0.8258,0.0007,-0.0001,-0.0001,-0.0001,0,0,0,0,0,0,0,0,0,0,0,0,0,197.475,423,6,85.6937,0,0,0,0,288.7917,1018,87,138.3642,36,46.9333,47,43,23.65,23.68,23.63
2022-11-26 02:50:00,1.7423,3.4852,0.5044,0.7135,120,91.9465,39.8233,120,82.8534,82.9188,82.7052,0.0578,120,26.1393,26.1632,26.1113,0.0139,120,1006.4339,1006.6408,1006.238,0.0448,120,0,0,0,0,120,0,0,0,0,120,13.7689,14.2604,13.2775,0.1802,120,120,0,0,0,0,0,120,None,None,None,None,0,3.4406,3.444,3.4373,0.0007,0.5614,0.5616,0.5611,0.0001,0.8285,0.8292,0.8271,0.0006,-0.0001,-0.0001,-0.0001,0,0,0,0,0,0,0,0,0,0,0,0,0,166.5583,356,32,77.5572,0,0,0,0,281.8583,993,18,142.9466,36,46.8833,49,41,23.65,23.68,23.63
2022-11-26 03:00:00,1.9629,4.074,0.3664,0.6678,120,100.2692,31.4409,120,83.007,83.1324,82.9188,0.0526,120,26.1991,26.2243,26.1449,0.0225,120,1006.6237,1006.8239,1006.4211,0.0974,120,0,0,0,0,120,0,0,0,0,120,13.7116,14.2604,13.2775,0.2224,120,120,0,0,0,0,0,120,None,None,None,None,0,3.4437,3.4471,3.4404,0.0016,0.562,0.5622,0.5615,0.0002,0.8301,0.8313,0.8292,0.0005,-0.0001,-0.0001,-0.0001,0,0,0,0,0,0,0,0,0,0,0,0,0,190.5333,420,17,72.5841,0,0,0,0,291.5833,883,61,101.5175,36,46.7,49,41,23.65,23.68,23.63
2022-11-26 03:10:00,1.4221,3.1724,0.2744,0.5407,120,91.0652,40.1374,120,82.9539,83.0409,82.8578,0.05,120,26.1579,26.209,26.1266,0.0239,120,1006.6366,1006.8056,1006.4394,0.0622,120,0,0,0,0,120,0,0,0,0,120,13.6788,14.2604,13.2775,0.2206,120,120,0,0,0,0,0,120,None,None,None,None,0,3.4439,3.4468,3.4407,0.001,0.5616,0.5621,0.5613,0.0002,0.8295,0.8304,0.8286,0.0005,-0.0001,-0.0001,-0.0001,0,0,0,0,0,0,0,0,0,0,0,0,0,131.75,322,7,58.7663,0,0,0,0,272.6167,968,8,133.7137,36,46.9667,49,43,23.65,23.68,23.63
2022-11-26 03:20:00,1.1423,2.7492,0.2468,0.5943,120,98.7947,35.873,120,83.1062,83.1629,83.0103,0.0374,120,26.1164,26.1296,26.1022,0.0048,120,1006.7014,1006.8239,1006.6042,0.0938,120,0,0,0,0,120,0,0,0,0,120,13.6829,14.2604,13.2775,0.2176,120,120,0,0,0,0,0,120,None,None,None,None,0,3.445,3.4471,3.4434,0.0016,0.5612,0.5613,0.561,0.0001,0.8311,0.8316,0.8301,0.0004,-0.0001,-0.0001,-0.0001,0,0,0,0,0,0,0,0,0,0,0,0,0,101.3417,276,4,64.5967,0,0,0,0,283.225,593,81,103.0184,36,46.9333,49,41,23.65,23.68,23.63
2022-11-26 03:30:00,1.0169,3.1816,0,0.6386,120,94.6037,46.2511,120,83.1891,83.2545,83.1019,0.0357,120,26.1006,26.1174,26.0808,0.0072,120,1006.8876,1007.0254,1006.7873,0.0964,120,0,0,0,0,120,0,0,0,0,120,13.6502,13.7689,13.2775,0.2113,120,120,0,0,0,0,0,120,None,None,None,None,0,3.4481,3.4504,3.4465,0.0016,0.561,0.5612,0.5608,0.0001,0.8319,0.8325,0.831,0.0004,-0.0001,-0.0001,-0.0001,0,0,0,0,0,0,0,0,0,0,0,0,0,87.8917,323,0,69.1342,0,0,0,0,308.55,997,0,173.3507,35.4,46.8333,49,41,23.65,23.68,23.63
2022-11-26 03:40:00,1.1497,2.5836,0.4952,0.4379,120,97.5899,38.7138,120,83.2064,83.2545,83.1324,0.0246,120,26.0904,26.1083,26.0747,0.0067,120,1006.7901,1007.0071,1006.5859,0.1022,120,0,0,0,0,120,0,0,0,0,120,13.7075,14.2604,13.2775,0.2166,120,120,0,0,0,0,0,120,None,None,None,None,0,3.4465,3.4501,3.4431,0.0017,0.5609,0.5611,0.5607,0.0001,0.8321,0.8325,0.8313,0.0002,-0.0001,-0.0001,-0.0001,0,0,0,0,0,0,0,0,0,0,0,0,0,102.1417,258,31,47.5978,0,0,0,0,295.7583,1010,4,138.2063,35,46.75,49,41,23.64,23.68,23.63
2022-11-26 03:50:00,1.6228,3.4116,0.2284,0.712,120,93.3419,41.3713,120,83.1398,83.224,83.0103,0.054,120,26.0547,26.0869,26.0289,0.0157,120,1006.8662,1007.0071,1006.6042,0.1142,120,0,0,0,0,120,0,0,0,0,120,13.6543,14.2604,13.2775,0.2361,120,120,0,0,0,0,0,120,None,None,None,None,0,3.4478,3.4501,3.4434,0.0019,0.5605,0.5609,0.5603,0.0002,0.8314,0.8322,0.8301,0.0005,-0.0001,-0.0001,-0.0001,0,0,0,0,0,0,0,0,0,0,0,0,0,153.5667,348,2,77.3906,0,0,0,0,294.4083,1008,44,156.315,35,46.9833,47,45,23.64,23.68,23.63
2022-11-26 04:00:00,1.6633,3.6324,0.302,0.6844,120,91.6345,38.075,120,83.076,83.224,82.9493,0.0641,120,26.0883,26.1266,26.0411,0.0295,120,1006.9582,1007.1902,1006.7873,0.093,120,0,0,0,0,120,0,0,0,0,120,13.7075,14.2604,13.2775,0.2166,120,120,0,0,0,0,0,120,None,None,None,None,0,3.4493,3.4532,3.4465,0.0015,0.5609,0.5613,0.5604,0.0003,0.8308,0.8322,0.8295,0.0006,-0.0001,-0.0001,-0.0001,0,0,0,0,0,0,0,0,0,0,0,0,0,157.9667,372,10,74.3869,0,0,0,0,287.5917,965,4,141.0553,35,46.8667,49,41,23.64,23.68,23.63
2022-11-26 04:10:00,1.2757,2.5928,0.2928,0.5392,120,94.6138,38.2237,120,82.8331,82.9493,82.7357,0.0611,120,26.1208,26.1358,26.1052,0.007,120,1007.0362,1007.1902,1006.9887,0.0756,120,0,0,0,0,120,0,0,0,0,120,13.6788,14.2604,13.2775,0.2013,120,120,0,0,0,0,0,120,None,None,None,None,0,3.4506,3.4532,3.4498,0.0013,0.5612,0.5614,0.5611,0.0001,0.8283,0.8295,0.8274,0.0006,-0.0001,-0.0001,-0.0001,0,0,0,0,0,0,0,0,0,0,0,0,0,115.8417,259,9,58.6056,0,0,0,0,273.7583,714,8,114.6806,35,47,49,45,23.64,23.68,23.63
2022-11-26 04:20:00,1.577,3.5128,0.4032,0.6981,120,102.4371,35.1552,120,82.7138,82.8272,82.3695,0.0802,120,26.1076,26.1327,26.0717,0.0118,120,1007.1145,1007.1902,1006.9704,0.0883,120,0,0,0,0,120,0,0,0,0,120,13.6747,14.2604,13.2775,0.2141,120,120,0,0,0,0,0,120,None,None,None,None,0,3.4519,3.4532,3.4495,0.0015,0.5611,0.5613,0.5607,0.0001,0.8271,0.8283,0.8237,0.0008,-0.0001,-0.0001,-0.0001,0,0,0,0,0,0,0,0,0,0,0,0,0,148.5833,359,21,75.8785,0,0,0,0,304.8833,884,109,116.1216,35,46.9667,47,45,23.65,23.68,23.63
2022-11-26 04:30:00,1.4673,3.5312,0.4308,0.8242,120,84.9595,37.0008,120,82.503,82.5831,82.2474,0.0718,120,26.0145,26.0686,25.9954,0.0138,120,1007.1162,1007.2085,1006.9704,0.087,120,0,0,0,0,120,0,0,0,0,120,13.6297,13.7689,13.2775,0.2224,120,120,0,0.0025,0.3052,0,0.0279,120,None,None,None,None,0,3.4519,3.4535,3.4495,0.0015,0.5601,0.5607,0.5599,0.0001,0.825,0.8258,0.8225,0.0007,-0.0001,-0.0001,-0.0001,0,0,0,0,0,0,0,0,0,0,0.0003,0,0,136.6583,361,24,89.5885,0,0,0,0,258.6833,951,41,132.2613,35,46.8,47,41,23.66,23.68,23.63
2022-11-26 04:40:00,1.4814,3.0436,0.486,0.5631,120,87.5042,37.513,120,82.37,82.4915,82.2169,0.0667,120,26.0302,26.0411,26.0198,0.004,120,1007.2048,1007.3916,1006.9887,0.0745,120,0.5728,1.4417,0,0.4053,120,0.4455,1.4658,0,0.3622,120,13.6952,14.2604,13.2775,0.2079,120,120,0,0.8545,1.8311,0,0.6238,120,None,None,None,None,0,3.4534,3.4565,3.4498,0.0012,0.5603,0.5604,0.5602,0,0.8237,0.8249,0.8222,0.0007,-0.0001,-0.0001,-0.0001,0,0,0,0,0,0,0,0,0,0.0009,0.0018,0,0.0006,138.2,308,30,61.2014,0,0,0,0,270.85,1014,22,141.7957,35,46.8833,47,41,23.66,23.68,23.63
2022-11-26 04:50:00,1.629,3.5496,0.394,0.5559,120,100.8694,37.6848,120,82.1538,82.2779,82.0643,0.0495,120,26.0407,26.0503,26.032,0.0045,120,1007.2549,1007.3916,1007.1718,0.092,120,4.1953,6.248,1.4417,1.5775,120,4.085,6.5942,1.0996,1.739,120,13.6788,14.2604,13.2775,0.2206,120,120,0,4.4939,6.7141,1.8311,1.6129,120,89.41,89.9,88.9,0.35,64,3.4542,3.4565,3.4529,0.0015,0.5604,0.5605,0.5603,0,0.8215,0.8228,0.8206,0.0005,-0.0001,-0.0001,-0.0001,0,0.0001,0.0001,0,0,0,0.0001,0,0,0.0045,0.0067,0.0018,0.0016,154.2417,363,20,60.4205,0,0,0,0,305.1083,868,66,128.2253,35,46.8833,47,41,23.66,23.68,23.63
2022-11-26 05:00:00,1.7935,3.522,0.5596,0.6767,120,81.4512,37.4473,120,82.0045,82.0948,81.9117,0.0396,120,26.033,26.0503,26.0137,0.0103,120,1007.3496,1007.5564,1007.1718,0.0681,120,9.1916,12.2551,6.248,1.6101,120,9.1317,12.09,6.5942,1.4051,120,13.7526,14.2604,13.2775,0.2291,120,120,0,9.0793,11.597,7.0193,1.1698,120,87.63,88.9,86.39,0.67,120,3.4558,3.4593,3.4529,0.0011,0.5603,0.5605,0.5601,0.0001,0.82,0.8209,0.8191,0.0004,-0.0001,-0.0001,-0.0001,0,0.0001,0.0002,0.0001,0,0.0001,0.0001,0.0001,0,0.0091,0.0116,0.007,0.0012,172.1167,360,38,73.5557,0,0,0,0,256.0333,1010,20,142.3591,35,46.8667,49,41,23.66,23.68,23.63
2022-11-26 05:10:00,1.7233,4.6076,0.4308,0.8373,120,85.2497,39.6221,120,81.9699,82.0643,81.8812,0.055,120,26.0841,26.1205,26.0381,0.0201,120,1007.5135,1007.7212,1007.355,0.0654,120,14.7746,20.1858,12.2551,2.1509,120,14.6791,19.7839,12.4562,2.0659,120,13.8181,14.2604,13.2775,0.2244,120,120,0,10.0762,15.8696,6.4089,2.1398,120,85.31,86.39,84.12,0.68,120,3.4586,3.462,3.4559,0.0011,0.5608,0.5612,0.5604,0.0002,0.8197,0.8206,0.8188,0.0005,-0.0001,-0.0001,-0.0001,0,0.0002,0.0003,0.0002,0,0.0001,0.0002,0.0001,0,0.0101,0.0159,0.0064,0.0021,164.4917,478,24,91.0143,0,0,0,0,274.1333,1018,0,161.9954,35,46.8167,49,41,23.66,23.68,23.63
2022-11-26 05:20:00,0.9956,2.2432,0.2192,0.5068,120,99.5814,46.9859,120,81.8598,81.9422,81.7591,0.0425,120,26.1769,26.2517,26.1205,0.0369,120,1007.5585,1007.7212,1007.5014,0.0675,120,30.3923,34.8441,20.426,4.6455,120,32.1641,47.2617,19.7839,6.7163,120,29.5013,116.5469,13.7689,25.2228,120,120,0,27.5201,32.96,18.9215,3.8418,120,82.99,84.12,81.85,0.68,120,3.4593,3.462,3.4584,0.0011,0.5618,0.5625,0.5612,0.0004,0.8186,0.8194,0.8176,0.0004,-0.0002,-0.0001,-0.0007,0.0002,0.0004,0.0004,0.0003,0.0001,0.0003,0.0004,0.0002,0.0001,0.0275,0.033,0.0189,0.0038,85.3917,221,1,55.0853,0,0,0,0,304.8583,971,76,147.1654,35,46.9333,49,41,23.66,23.68,23.63
2022-11-26 05:30:00,1.2506,3.2092,0.302,0.6788,120,91.2982,47.9254,120,81.7186,81.8201,81.576,0.0564,120,26.3249,26.3768,26.2487,0.0384,120,1007.6373,1007.7395,1007.5014,0.092,120,43.7251,63.9205,33.8827,9.4431,120,44.2695,69.6098,33.3397,10.4185,120,17.3999,45.7332,13.7689,7.185,120,120,0,39.6664,58.2903,28.077,9.6651,120,80.66,81.85,79.58,0.68,120,3.4606,3.4623,3.4584,0.0015,0.5633,0.5638,0.5625,0.0004,0.8172,0.8182,0.8158,0.0006,-0.0001,-0.0001,-0.0003,0,0.0006,0.0008,0.0004,0.0001,0.0004,0.0006,0.0003,0.0001,0.0397,0.0583,0.0281,0.0097,113.1083,326,10,73.7855,0,0,0,0,311.2917,1012,72,179.8591,35,46.9667,49,41,23.65,23.68,23.63
2022-11-26 05:40:00,2.1714,4.856,0.6056,0.9881,120,80.0013,38.4243,120,81.4564,81.637,81.2708,0.0938,120,26.3721,26.4104,26.3524,0.0131,120,1007.6765,1007.7212,1007.5014,0.073,120,68.2261,93.9583,57.4323,11.1635,120,70.5137,92.3253,57.886,9.9725,120,28.321,97.8601,13.7689,22.8919,120,120,0,59.5899,85.1466,47.9141,11.1828,120,78.33,79.58,77.06,0.68,120,3.4613,3.462,3.4584,0.0012,0.5637,0.5641,0.5635,0.0001,0.8146,0.8164,0.8127,0.0009,-0.0002,-0.0001,-0.0006,0.0001,0.0009,0.0012,0.0007,0.0001,0.0006,0.0008,0.0005,0.0001,0.0596,0.0851,0.0479,0.0112,213.1917,505,43,107.4044,0,0,0,0,274.0667,1021,66,172.7263,35,46.8333,47,41,23.67,23.68,23.63
2022-11-26 05:50:00,2.2033,5.5368,0.4768,1.059,120,76.5952,36.2353,120,81.1136,81.4539,80.7825,0.2067,120,26.4986,26.56,26.4135,0.0408,120,1007.7351,1007.9043,1007.5198,0.0713,120,96.4217,133.8488,83.1449,12.2864,120,99.9668,174.3914,82.7995,17.6547,120,31.8167,253.2549,13.7689,37.1427,120,120,0,86.2911,130.0088,71.1081,13.1621,120,76,77.06,74.78,0.68,120,3.4623,3.4651,3.4587,0.0012,0.565,0.5656,0.5641,0.0004,0.8111,0.8145,0.8078,0.0021,-0.0002,-0.0001,-0.0016,0.0002,0.0012,0.0017,0.0011,0.0002,0.0008,0.0015,0.0007,0.0001,0.0863,0.13,0.0711,0.0132,216.6583,579,29,115.1111,0,0,0,0,246.0167,1022,5,150.6801,35,46.9,49,41,23.68,23.73,23.68
2022-11-26 06:00:00,1.8774,3.9728,0.5688,0.7873,120,79.3559,37.681,120,80.6113,80.874,79.9585,0.2604,120,26.7704,27.033,26.5569,0.1524,120,1007.9153,1008.1057,1007.7029,0.0936,120,164.9722,184.3126,135.7717,10.6082,120,198.697,334.1285,134.4574,62.2901,120,133.6682,531.0989,14.2604,186.479,120,120,0,165.4968,238.3496,120.8533,32.4747,120,73.66,74.78,72.51,0.68,120,3.4653,3.4684,3.4617,0.0016,0.5677,0.5703,0.5656,0.0015,0.8061,0.8087,0.7996,0.0026,-0.0008,-0.0001,-0.0033,0.0012,0.0021,0.0023,0.0017,0.0001,0.0017,0.0028,0.0011,0.0005,0.1655,0.2383,0.1209,0.0325,181.2417,409,39,85.5736,0,0,0,0,249.8833,964,34,141.6741,35,46.8667,47,41,23.66,23.68,23.63
2022-11-26 06:10:00,1.9695,3.6692,0.5044,0.6994,120,95.0882,37.3465,120,79.4979,79.9585,79.0429,0.2437,120,27.1037,27.1459,27.0299,0.0358,120,1008.072,1008.2705,1007.886,0.0566,120,170.8135,187.1961,154.0346,11.4816,120,181.4379,341.0888,152.7755,32.8574,120,48.3315,549.2942,14.2604,90.8865,120,120,0,158.3071,252.6933,137.3333,19.6758,120,71.33,72.51,70.23,0.68,120,3.4679,3.4712,3.4648,0.0009,0.571,0.5715,0.5703,0.0004,0.795,0.7996,0.7904,0.0024,-0.0003,-0.0001,-0.0034,0.0006,0.0022,0.0024,0.002,0.0001,0.0015,0.0028,0.0013,0.0003,0.1583,0.2527,0.1373,0.0197,191.25,376,32,76.0204,0,0,0,0,285.6083,1013,83,125.9703,35,46.9333,49,39,23.66,23.68,23.63
2022-11-26 06:20:00,2.3308,4.2672,0.6608,0.8598,120,85.1485,42.2498,120,78.8631,79.104,78.6462,0.1115,120,27.1182,27.21,27.0757,0.0316,120,1008.2008,1008.2888,1008.0691,0.0894,120,166.6783,187.9173,146.585,14.5641,120,194.6059,397.8764,145.4478,67.1155,120,87.2911,596.0103,13.7689,164.1612,120,120,0,164.3015,294.8088,128.7881,43.4193,120,69,70.23,67.95,0.68,120,3.47,3.4715,3.4678,0.0015,0.5712,0.5721,0.5708,0.0003,0.7886,0.791,0.7865,0.0011,-0.0005,-0.0001,-0.0037,0.001,0.0021,0.0024,0.0019,0.0002,0.0016,0.0033,0.0012,0.0006,0.1643,0.2948,0.1288,0.0434,230.525,441,49,93.4593,0,0,0,0,265.55,921,20,145.6422,35,47.0167,49,47,23.66,23.68,23.63
2022-11-26 06:30:00,1.8767,3.9912,0.5964,0.7617,120,88.1203,36.6918,120,78.3403,78.7072,78.0663,0.2088,120,27.34,27.4297,27.2069,0.0619,120,1008.2594,1008.4536,1008.0691,0.0556,120,208.0165,230.9315,176.1425,17.2773,120,223.8787,453.1981,176.2233,48.3949,120,52.0568,546.8353,14.2604,96.4073,120,120,0,201.5697,357.6769,161.4429,35.714,120,66.66,67.7,65.43,0.68,120,3.471,3.4742,3.4678,0.0009,0.5734,0.5743,0.5721,0.0006,0.7834,0.7871,0.7807,0.0021,-0.0003,-0.0001,-0.0034,0.0006,0.0026,0.0029,0.0022,0.0002,0.0019,0.0038,0.0015,0.0004,0.2016,0.3577,0.1614,0.0357,181.1667,411,42,82.79,0,0,0,0,276.0583,998,62,144.6694,35,46.7167,47,41,23.66,23.68,23.63
2022-11-26 06:40:00,2.1232,4.2396,0.532,0.8862,120,90.9502,44.2269,120,77.8733,78.2189,77.5781,0.1495,120,27.4081,27.4602,27.3748,0.0202,120,1008.3293,1008.4719,1008.2522,0.0827,120,220.8887,239.1016,198.7307,11.2909,120,254.0828,508.5198,200.7695,68.8876,120,84.0866,604.863,14.2604,139.9298,120,120,0,228.1411,420.2399,183.4162,50.906,120,64.33,65.43,63.15,0.68,120,3.4722,3.4745,3.4709,0.0014,0.5741,0.5746,0.5737,0.0002,0.7787,0.7822,0.7758,0.0015,-0.0005,-0.0001,-0.0038,0.0009,0.0028,0.003,0.0025,0.0001,0.0021,0.0042,0.0017,0.0006,0.2281,0.4202,0.1834,0.0509,207.9583,438,35,96.3208,0,0,0,0,281.6917,1020,8,152.2069,35,46.9333,49,41,23.65,23.68,23.63
2022-11-26 06:50:00,2.6743,6.4108,0.486,1.0486,120,73.7327,36.4298,120,77.619,78.1884,76.9372,0.2562,120,27.4515,27.5304,27.387,0.0432,120,1008.3963,1008.4719,1008.2522,0.0829,120,219.9315,255.9228,180.948,23.9484,120,286.2439,571.5354,182.0852,108.6719,120,142.909,639.2862,13.7689,196.5488,120,120,0,247.7645,468.4591,159.6118,86.9058,120,61.99,63.15,60.88,0.68,120,3.4733,3.4745,3.4709,0.0014,0.5745,0.5753,0.5739,0.0004,0.7762,0.7819,0.7694,0.0026,-0.0009,-0.0001,-0.004,0.0012,0.0028,0.0032,0.0023,0.0003,0.0024,0.0048,0.0015,0.0009,0.2478,0.4685,0.1596,0.0869,267.8583,674,30,113.9828,0,0,0,0,234.9583,1022,17,142.2007,35,46.6833,47,41,23.66,23.68,23.63
2022-11-26 07:00:00,2.1969,4.2028,0.6884,0.7477,120,88.8835,40.4024,120,77.7075,78.1274,77.1203,0.2395,120,27.7315,28.0248,27.4786,0.1662,120,1008.4382,1008.655,1008.2705,0.0892,120,288.6282,335.463,248.7142,22.502,120,410.1162,689.8727,251.3289,151.7242,120,232.6631,671.2504,14.7535,265.511,120,120,0,356.6673,593.2798,231.3303,117.7629,120,59.67,60.88,58.61,0.68,120,3.474,3.4776,3.4712,0.0015,0.5773,0.5803,0.5748,0.0017,0.7771,0.7813,0.7712,0.0024,-0.0014,-0.0001,-0.0042,0.0016,0.0037,0.0043,0.0032,0.0003,0.0034,0.0057,0.0021,0.0013,0.3567,0.5933,0.2313,0.1178,215.9667,434,52,81.2763,0,0,0,0,287.9917,986,60,159.5964,35,46.8167,47,41,23.66,23.68,23.63
2022-11-26 07:10:00,2.7328,5.27,0.6332,1.0908,120,86.9629,38.0545,120,76.6971,77.6086,76.0521,0.5283,120,28.0981,28.2263,27.9638,0.0749,120,1008.491,1008.6734,1008.2705,0.0784,120,236.7387,332.5795,200.1724,33.9544,120,423.4976,682.545,213.593,172.6108,120,334.0799,687.4782,16.7193,274.9864,120,120,0,352.2167,579.2413,177.0074,144.0767,120,57.34,58.61,56.09,0.68,120,3.4749,3.4779,3.4712,0.0013,0.581,0.5823,0.5796,0.0008,0.767,0.7761,0.7605,0.0053,-0.0021,-0.0001,-0.0043,0.0017,0.003,0.0042,0.0025,0.0004,0.0035,0.0057,0.0018,0.0014,0.3522,0.5792,0.177,0.1441,274.2167,550,46,118.5647,0,0,0,0,262.4083,943,2,127.4231,35.2,46.7,49,41,23.66,23.68,23.63
2022-11-26 07:20:00,2.3314,5.2516,0.5872,1.0359,120,89.3418,38.3626,120,76.7286,77.4255,76.1437,0.329,120,28.1722,28.4704,27.9272,0.1931,120,1008.5154,1008.6734,1008.2888,0.0901,120,243.0446,270.1008,204.7386,18.0957,120,597.6419,708.9232,313.2449,111.7897,120,582.0695,713.0487,105.7283,178.9187,120,120,0,499.532,603.0457,229.194,94.8934,120,55.01,56.09,53.82,0.68,120,3.4753,3.4779,3.4715,0.0015,0.5817,0.5847,0.5793,0.0019,0.7673,0.7743,0.7614,0.0033,-0.0036,-0.0007,-0.0044,0.0011,0.0031,0.0034,0.0026,0.0002,0.005,0.0059,0.0026,0.0009,0.4995,0.603,0.2292,0.0949,230.5833,548,41,112.5954,0,0,0,0,262.05,649,48,114.3611,36,46.9167,49,41,23.66,23.68,23.63
2022-11-26 07:30:00,2.7694,5.3252,0.394,1.073,120,87.1783,47.8817,120,75.5638,76.3268,74.8619,0.3499,120,28.4104,28.4979,28.1866,0.0836,120,1008.724,1008.8748,1008.4902,0.0943,120,259.153,309.0299,205.4591,25.9244,120,370.3651,721.3794,209.563,181.0442,120,180.8892,722.3928,13.7689,274.0536,120,120,0,322.3263,617.6946,177.3125,152.2957,120,52.69,53.82,51.56,0.68,120,3.4787,3.4812,3.4748,0.0016,0.5841,0.585,0.5819,0.0008,0.7556,0.7633,0.7486,0.0035,-0.0011,-0.0001,-0.0045,0.0017,0.0033,0.0039,0.0026,0.0003,0.0031,0.006,0.0017,0.0015,0.3223,0.6177,0.1773,0.1523,278.2,556,20,116.6305,0,0,0,0,281.9,867,9,160.203,36,46.8833,47,41,23.67,23.68,23.63
2022-11-26 07:40:00,2.9202,5.0492,0.992,0.9849,120,87.7273,38.6208,120,75.6767,76.2658,75.0145,0.2122,120,28.0355,28.1683,27.8967,0.0706,120,1008.7449,1008.8748,1008.655,0.0972,120,249.9214,313.8362,197.5291,37.8052,120,492.0911,781.4646,204.4334,209.812,120,360.4055,736.6532,14.2604,286.5108,120,120,0,417.4423,670.1865,169.6829,180.9705,120,50.38,51.56,49.31,0.67,120,3.4791,3.4812,3.4776,0.0016,0.5804,0.5817,0.579,0.0007,0.7568,0.7627,0.7501,0.0021,-0.0022,-0.0001,-0.0046,0.0018,0.0032,0.004,0.0025,0.0005,0.0041,0.0065,0.0017,0.0017,0.4174,0.6702,0.1697,0.181,294.5833,526,85,107.0533,0,0,0,0,281.7333,988,12,153.9503,36,46.95,47,45,23.66,23.68,23.63
2022-11-26 07:50:00,3.2256,5.6564,1.0564,1.0813,120,77.013,27.7083,120,76.0381,76.5709,75.2281,0.3508,120,28.1217,28.2446,27.9089,0.1038,120,1008.6924,1008.8931,1008.4719,0.0763,120,201.1218,246.5512,185.5142,16.9493,120,693.6733,719.5486,514.3818,28.1822,120,694.9977,728.785,386.5211,48.1411,120,120,0,587.0693,614.6428,409.2532,27.0278,120,48.07,49.31,46.82,0.67,120,3.4782,3.4816,3.4745,0.0013,0.5812,0.5825,0.5791,0.001,0.7604,0.7657,0.7523,0.0035,-0.0043,-0.0024,-0.0045,0.0003,0.0026,0.0031,0.0024,0.0002,0.0058,0.006,0.0043,0.0002,0.5871,0.6146,0.4093,0.027,327.7833,592,92,117.5369,0,0,0,0,232.7583,997,49,112.1007,36,46.8833,47,41,23.67,23.68,23.63
2022-11-26 08:00:00,2.9738,5.5184,0.6332,1.1132,120,78.8437,41.8777,120,74.9585,75.6249,73.9769,0.417,120,28.2887,28.3758,28.2385,0.0375,120,1008.7239,1008.8931,1008.655,0.0861,120,234.4198,275.8677,193.9244,22.7938,120,636.3641,815.1705,239.9712,192.4073,120,549.2037,750.4222,35.8991,261.664,120,120,0,548.0997,704.9776,200.8118,167.004,120,45.77,46.82,44.58,0.67,120,3.4787,3.4816,3.4776,0.0014,0.5829,0.5838,0.5824,0.0004,0.7496,0.7562,0.7398,0.0042,-0.0034,-0.0002,-0.0047,0.0016,0.003,0.0035,0.0025,0.0003,0.0053,0.0068,0.002,0.0016,0.5481,0.705,0.2008,0.167,300.4167,577,46,121.0053,0,0,0,0,269.5583,1014,12,171.7198,36,46.8167,49,41,23.67,23.68,23.63
2022-11-26 08:10:00,2.9043,5.2884,0.7252,1.0878,120,73.0239,36.9564,120,73.5852,74.8619,72.7866,0.529,120,28.3986,28.5009,28.2629,0.0783,120,1008.7336,1008.8931,1008.655,0.0881,120,283.658,401.3063,206.9008,64.6044,120,565.9877,976.006,252.4286,245.9304,120,365.0034,756.816,14.2604,321.652,120,120,0,488.4538,864.2842,212.1036,216.7178,120,43.49,44.58,42.36,0.67,120,3.4789,3.4816,3.4776,0.0015,0.584,0.585,0.5826,0.0008,0.7359,0.7486,0.7279,0.0053,-0.0023,-0.0001,-0.0047,0.002,0.0036,0.0051,0.0026,0.0008,0.0047,0.0081,0.0021,0.002,0.4885,0.8643,0.2121,0.2167,292.8583,552,56,118.2429,0,0,0,0,243.3083,998,49,158.7238,36.9,46.9667,49,45,23.67,23.68,23.63
2022-11-26 08:20:00,3.0305,5.408,1.0288,0.9266,120,80.9533,37.2216,120,73.3418,74.0379,72.9087,0.2661,120,28.2953,28.3819,28.2476,0.03,120,1008.8328,1008.8931,1008.6734,0.0862,120,315.346,362.137,276.3488,25.8031,120,742.0828,969.4118,308.1164,242.9669,120,535.6721,771.0764,26.5549,291.3539,120,120,0,653.5768,863.979,261.8488,220.0021,120,41.21,42.36,40.14,0.66,120,3.4805,3.4816,3.4779,0.0014,0.5829,0.5838,0.5825,0.0003,0.7334,0.7404,0.7291,0.0027,-0.0033,-0.0002,-0.0048,0.0018,0.004,0.0046,0.0035,0.0003,0.0062,0.0081,0.0026,0.002,0.6536,0.864,0.2618,0.22,306.575,565,89,100.717,0,0,0,0,246,811,17,124.5494,37,46.7833,49,41,23.67,23.68,23.63
2022-11-26 08:30:00,3.1479,5.7116,0.532,1.2761,120,87.286,38.8477,120,73.1168,74.1295,72.2678,0.5658,120,28.5053,28.6352,28.3697,0.0858,120,1008.9059,1009.0945,1008.6917,0.0734,120,316.0107,357.0906,280.674,16.0408,120,771.3709,981.5018,305.9184,256.613,120,551.5395,781.4035,14.7535,317.1184,120,120,0,679.314,868.5568,265.8162,226.3876,120,38.95,40.14,37.95,0.65,120,3.4818,3.4849,3.4782,0.0012,0.585,0.5864,0.5837,0.0009,0.7312,0.7413,0.7227,0.0057,-0.0034,-0.0001,-0.0048,0.002,0.004,0.0045,0.0036,0.0002,0.0064,0.0082,0.0025,0.0021,0.6793,0.8686,0.2658,0.2264,319.3333,598,35,138.7077,0,0,0,0,274.075,1012,45,145.483,37,46.8667,49,41,23.68,23.68,23.63
2022-11-26 08:40:00,2.9159,5.2056,0.5964,1.1291,120,101.0531,44.0043,120,72.8993,74.0989,72.1763,0.4088,120,28.6988,28.8183,28.507,0.0627,120,1008.9062,1009.0945,1008.71,0.0562,120,311.409,360.6953,259.0472,25.2716,120,896.4278,995.4238,274.0432,194.48,120,686.0641,792.222,16.7193,220.4301,120,120,0,792.82,886.2575,231.3303,177.9604,120,36.71,37.7,35.53,0.65,120,3.4818,3.4849,3.4785,0.0009,0.587,0.5882,0.5851,0.0006,0.729,0.741,0.7218,0.0041,-0.0043,-0.0001,-0.0049,0.0014,0.004,0.0046,0.0033,0.0003,0.0075,0.0083,0.0023,0.0016,0.7928,0.8863,0.2313,0.178,294.125,543,42,122.7261,0,0,0,0,315.4833,1021,10,156.8678,37,46.9,49,41,23.68,23.68,23.63
2022-11-26 08:50:00,2.9657,5.7392,0.6884,1.1854,120,87.0067,44.5237,120,72.1455,73.1834,71.5964,0.3061,120,28.8141,28.8702,28.7542,0.0301,120,1008.9071,1009.0945,1008.6917,0.0713,120,359.3154,415.4843,271.3024,27.7326,120,804.0693,1059.5378,285.0348,283.1826,120,508.2402,796.1569,14.7535,318.4104,120,120,0,722.6198,952.7879,244.7584,257.9651,120,34.48,35.53,33.37,0.65,120,3.4818,3.4849,3.4782,0.0012,0.5881,0.5887,0.5875,0.0003,0.7215,0.7318,0.716,0.0031,-0.0032,-0.0001,-0.0049,0.002,0.0046,0.0053,0.0034,0.0004,0.0067,0.0088,0.0024,0.0024,0.7226,0.9528,0.2448,0.258,299.5333,601,52,128.8487,0,0,0,0,277.9083,1013,50,159.0921,37.9,46.8667,49,41,23.68,23.68,23.63
2022-11-26 09:00:00,2.8394,5.1136,0.7436,1.0382,120,90.7944,43.6897,120,72.3497,73.4275,71.4438,0.495,120,28.8876,29.3066,28.6444,0.2313,120,1008.8469,1008.9297,1008.6917,0.0962,120,367.752,440.7157,315.7583,31.4357,120,949.481,1138.6735,331.1969,226.0136,120,644.3834,784.3539,17.2108,242.9076,120,120,0,852.2217,1039.4604,291.757,209.2823,120,32.29,33.37,31.25,0.64,120,3.4808,3.4822,3.4782,0.0016,0.5889,0.5931,0.5864,0.0023,0.7235,0.7343,0.7144,0.0049,-0.004,-0.0001,-0.0049,0.0015,0.0047,0.0056,0.004,0.0004,0.0079,0.0095,0.0028,0.0019,0.8522,1.0395,0.2918,0.2093,285.8083,533,58,112.85,0,0,0,0,284.4333,1022,10,158.2569,38,46.9667,49,41,23.68,23.68,23.63
2022-11-26 09:10:00,2.7806,5.5368,0.5964,1.0285,120,91.7778,45.8897,120,71.4769,72.1458,70.7419,0.3612,120,29.1975,29.3188,29.0777,0.0854,120,1008.8838,1008.948,1008.71,0.0794,120,363.8151,456.8165,285.2402,40.0488,120,723.972,1140.1393,309.9484,314.2446,120,388.5258,774.0267,14.7535,327.9258,120,120,0,652.2772,1034.8827,273.751,282.9865,120,30.13,31.25,29.15,0.62,120,3.4814,3.4825,3.4785,0.0013,0.592,0.5932,0.5908,0.0008,0.7148,0.7215,0.7074,0.0036,-0.0024,-0.0001,-0.0048,0.002,0.0046,0.0058,0.0036,0.0005,0.006,0.0095,0.0026,0.0026,0.6523,1.0349,0.2738,0.283,279.4083,579,42,111.7891,0,0,0,0,308.15,970,5,180.3475,38,46.9167,49,41,23.68,23.68,23.63
2022-11-26 09:20:00,2.929,5.6196,0.8448,1.2211,120,92.7876,43.4325,120,71.7826,72.8782,70.4062,0.6543,120,29.0852,29.2792,28.9007,0.1329,120,1008.7696,1008.948,1008.5452,0.0857,120,328.7708,390.0118,256.4031,31.6194,120,834.142,1076.7575,272.2125,286.7212,120,533.7625,773.0438,15.7364,295.208,120,120,0,739.5322,964.9953,233.1614,262.8028,120,28,29.15,26.88,0.61,120,3.4795,3.4825,3.4758,0.0014,0.5908,0.5928,0.589,0.0013,0.7178,0.7288,0.7041,0.0065,-0.0033,-0.0001,-0.0048,0.0018,0.0042,0.005,0.0033,0.0004,0.0069,0.009,0.0023,0.0024,0.7395,0.965,0.2332,0.2628,295.5417,588,69,132.7236,0,0,0,0,273.55,722,60,127.8354,38.4,46.7833,47,41,23.68,23.68,23.63
2022-11-26 09:30:00,3.1326,5.6196,0.7712,1.1348,120,77.4322,42.2481,120,71.5102,72.4509,70.8945,0.3992,120,28.8247,29.0747,28.7085,0.091,120,1008.6787,1008.7649,1008.5269,0.0916,120,306.3025,418.3677,256.163,46.0178,120,962.0657,1137.2089,345.1188,209.9787,120,684.2076,804.0251,17.7038,236.7421,120,120,0,861.3392,1016.2664,296.9451,191.1832,120,25.93,26.88,24.89,0.6,120,3.478,3.4794,3.4754,0.0015,0.5883,0.5907,0.5871,0.0009,0.7151,0.7245,0.7089,0.004,-0.0042,-0.0001,-0.005,0.0015,0.0039,0.0053,0.0033,0.0006,0.008,0.0095,0.0029,0.0017,0.8613,1.0163,0.2969,0.1912,317.675,588,61,123.3468,0,0,0,0,246.95,761,13,140.6457,39,46.7333,47,41,23.68,23.68,23.63
2022-11-26 09:40:00,3.1058,5.96,1.1116,0.9502,120,82.3729,41.7984,120,71.6704,72.3899,71.1386,0.2939,120,28.8277,28.9404,28.7146,0.0645,120,1008.7085,1008.948,1008.5269,0.0898,120,338.8136,378.478,293.1701,17.7614,120,969.3107,1142.7035,331.1969,261.4971,120,644.2647,804.0251,24.096,267.5471,120,120,0,874.9835,1031.8308,291.1466,237.295,120,23.92,24.89,22.97,0.58,120,3.4785,3.4825,3.4754,0.0015,0.5883,0.5894,0.5871,0.0006,0.7167,0.7239,0.7114,0.0029,-0.004,-0.0001,-0.005,0.0017,0.0043,0.0048,0.0037,0.0002,0.0081,0.0095,0.0028,0.0022,0.875,1.0318,0.2911,0.2373,314.7583,625,98,103.281,0,0,0,0,253.7,848,1,135.6778,39,46.85,47,41,23.68,23.68,23.68
2022-11-26 09:50:00,2.7042,4.8652,0.6424,0.9962,120,80.4545,38.7934,120,71.4166,72.2068,70.3452,0.4871,120,29.1599,29.2975,28.9373,0.1121,120,1008.6932,1008.7832,1008.5452,0.0882,120,370.081,411.3992,332.3394,16.6668,120,1107.3951,1187.401,728.7071,102.8323,120,742.7228,819.2685,355.5414,108.9312,120,120,0,1004.7278,1073.336,693.3805,87.893,120,22,22.97,21.13,0.55,120,3.4782,3.4797,3.4758,0.0015,0.5916,0.593,0.5894,0.0011,0.7142,0.7221,0.7035,0.0049,-0.0046,-0.0022,-0.0051,0.0007,0.0047,0.0052,0.0042,0.0002,0.0092,0.0099,0.0061,0.0009,1.0047,1.0733,0.6934,0.0879,271.1083,506,47,108.2852,0,0,0,0,242.6917,893,11,125.6532,39,46.8333,49,41,23.68,23.68,23.63
2022-11-26 10:00:00,3.0128,5.5828,0.6056,1.2978,120,101.1713,46.36,120,71.2442,72.3594,69.9789,0.7473,120,29.0192,29.212,28.8153,0.1227,120,1008.681,1008.948,1008.5452,0.0991,120,388.4101,482.048,317.6811,51.9781,120,686.0009,1285.9544,337.425,382.2194,120,289.8341,823.6948,14.2604,348.8344,120,120,0,623.605,1190.2219,305.1851,350.6148,120,20.17,21.13,19.23,0.51,120,3.478,3.4825,3.4758,0.0017,0.5902,0.5921,0.5881,0.0012,0.7124,0.7236,0.6998,0.0075,-0.0018,-0.0001,-0.0051,0.0022,0.0049,0.0061,0.004,0.0007,0.0057,0.0107,0.0028,0.0032,0.6236,1.1902,0.3052,0.3506,304.65,584,43,141.0639,0,0,0,0,307.9167,828,30,144.8695,39.8,46.9,47,41,23.68,23.68,23.68
2022-11-26 10:10:00,3.5877,6.098,0.716,1.0939,120,81.6622,34.5587,120,71.114,71.8406,70.3452,0.4026,120,28.9477,29.1784,28.8305,0.0791,120,1008.6259,1008.7832,1008.5635,0.0856,120,327.7035,416.926,255.4425,59.0599,120,1115.0003,1229.1669,400.8067,128.106,120,780.2562,819.2685,23.1131,124.8772,120,120,0,1013.5299,1122.4708,365.9169,114.8247,120,18.49,19.23,17.67,0.47,120,3.4771,3.4797,3.4761,0.0014,0.5895,0.5918,0.5883,0.0008,0.7111,0.7184,0.7035,0.004,-0.0048,-0.0001,-0.0051,0.0008,0.0042,0.0053,0.0032,0.0008,0.0093,0.0102,0.0033,0.0011,1.0135,1.1225,0.3659,0.1148,367.1417,640,55,118.9026,0,0,0,0,248.9083,926,45,124.0409,40,46.8667,47,41,23.68,23.68,23.68
2022-11-26 10:20:00,2.7789,6.0152,0.5596,1.1479,120,87.0222,51.5533,120,71.1839,72.2678,70.1315,0.5287,120,29.0705,29.3036,28.8336,0.1651,120,1008.6042,1008.7832,1008.3987,0.0723,120,340.9603,459.7,297.015,42.3512,120,1121.0637,1263.2389,474.8139,168.8537,120,760.3727,839.9227,65.4044,195.1281,120,120,0,1016.7852,1159.3982,430.9213,153.9981,120,16.98,17.67,16.3,0.41,120,3.4767,3.4797,3.4733,0.0012,0.5907,0.593,0.5883,0.0016,0.7118,0.7227,0.7013,0.0053,-0.0047,-0.0004,-0.0052,0.0012,0.0043,0.0058,0.0038,0.0005,0.0093,0.0105,0.004,0.0014,1.0168,1.1594,0.4309,0.154,279.225,631,38,124.7705,0,0,0,0,307.6333,1011,31,198.7234,40,46.9333,49,45,23.68,23.68,23.68
2022-11-26 10:30:00,3.0086,6.0888,0.3112,1.2557,120,101.2002,44.1533,120,70.2307,71.3218,69.5517,0.4327,120,29.2557,29.3402,29.1327,0.0631,120,1008.5795,1008.7832,1008.3804,0.0683,120,323.9007,422.9339,279.9535,40.2048,120,1043.3111,1251.8812,361.9724,259.4739,120,698.0465,835.9894,18.6868,268.856,120,120,0,946.2569,1145.6648,322.5807,236.6544,120,15.7,16.3,15.18,0.34,120,3.4763,3.4797,3.473,0.0011,0.5926,0.5934,0.5913,0.0006,0.7023,0.7132,0.6955,0.0043,-0.0043,-0.0001,-0.0052,0.0017,0.0041,0.0054,0.0036,0.0005,0.0087,0.0104,0.003,0.0022,0.9463,1.1457,0.3226,0.2367,304.1917,639,11,136.4869,0,0,0,0,315.3833,957,71,153.535,40,46.7667,49,41,23.68,23.68,23.68
2022-11-26 10:40:00,3.0575,5.8404,0.5504,1.0916,120,95.9955,40.468,120,70.0003,70.9861,68.8192,0.3757,120,29.3172,29.3829,29.2425,0.0512,120,1008.5359,1008.7832,1008.3804,0.0844,120,340.1572,430.1425,271.3024,41.8601,120,1115.8643,1232.8307,585.4574,149.84,120,746.1077,823.6948,147.0351,165.1326,120,120,0,1014.2064,1128.8797,509.0487,137.1349,120,14.71,15.18,14.36,0.24,120,3.4756,3.4797,3.473,0.0014,0.5932,0.5938,0.5924,0.0005,0.7,0.7099,0.6882,0.0038,-0.0046,-0.0009,-0.0051,0.001,0.0043,0.0055,0.0034,0.0005,0.0093,0.0103,0.0049,0.0012,1.0142,1.1289,0.509,0.1371,309.5083,612,37,118.6524,0,0,0,0,290.6917,939,19,133.082,40.5,46.9833,49,41,23.68,23.68,23.68
2022-11-26 10:50:00,2.8922,5.5,0.7252,0.969,120,80.2843,35.3795,120,69.7384,70.8029,68.5751,0.5411,120,29.2033,29.3158,29.1174,0.0549,120,1008.4132,1008.5818,1008.2156,0.0857,120,353.7484,422.4528,277.0693,52.9953,120,1005.0989,1277.1609,359.0408,348.0309,120,619.7423,831.0715,15.2449,335.4516,120,120,0,905.6342,1170.9952,315.2562,320.2073,120,14.07,14.29,13.87,0.13,120,3.4736,3.4764,3.4703,0.0014,0.592,0.5932,0.5912,0.0006,0.6974,0.708,0.6858,0.0054,-0.0038,-0.0001,-0.0052,0.0021,0.0045,0.0054,0.0035,0.0007,0.0084,0.0106,0.003,0.0029,0.9056,1.171,0.3153,0.3202,291.5417,575,56,105.3272,0,0,0,0,232.2,707,7,106.1996,41,46.7,47,41,23.68,23.68,23.68
2022-11-26 11:00:00,2.7536,5.178,0.578,1.1803,120,73.7695,50.655,120,70.1641,71.1081,69.1549,0.4757,120,29.4246,29.5386,29.2486,0.0709,120,1008.2989,1008.4353,1008.1973,0.0941,120,428.9652,482.048,360.9354,26.6542,120,1005.2545,1274.2305,411.4322,308.4001,120,549.8266,789.2717,24.096,298.6356,120,120,0,918.5512,1174.6574,377.514,287.2292,120,13.83,13.87,13.81,0.02,120,3.4716,3.4739,3.47,0.0016,0.5942,0.5954,0.5925,0.0007,0.7016,0.7111,0.6915,0.0048,-0.0034,-0.0001,-0.0049,0.0019,0.0054,0.0061,0.0046,0.0003,0.0084,0.0106,0.0034,0.0026,0.9186,1.1747,0.3775,0.2872,276.4833,540,40,128.2934,0,0,0,0,259.1417,1007,10,181.2853,41,46.8667,49,41,23.68,23.68,23.68
2022-11-26 11:10:00,3.5191,6.5672,1.1576,1.1274,120,82.8781,36.5273,120,70.2144,71.1692,69.1549,0.4992,120,29.2609,29.4867,29.1021,0.136,120,1008.2643,1008.417,1008.0142,0.0819,120,438.1288,492.1409,369.8268,30.6478,120,1042.1418,1246.3866,401.9064,293.3986,120,574.5743,776.9771,17.7038,264.6378,120,120,0,956.4069,1147.1908,359.508,274.0375,120,14,14.22,13.85,0.11,120,3.4711,3.4736,3.4669,0.0014,0.5926,0.5949,0.591,0.0014,0.7021,0.7117,0.6915,0.005,-0.0036,-0.0001,-0.0048,0.0016,0.0056,0.0063,0.0047,0.0004,0.0087,0.0104,0.0033,0.0024,0.9564,1.1472,0.3595,0.274,359.6833,691,103,122.5438,0,0,0,0,249.6667,985,35,126.898,41,46.9333,47,45,23.68,23.68,23.68
2022-11-26 11:20:00,2.8159,5.7576,0.4584,1.2149,120,93.0496,50.6181,120,70.8157,71.9626,69.9179,0.4956,120,29.2303,29.3371,29.096,0.0787,120,1008.1822,1008.4353,1008.0142,0.0864,120,443.7339,508.722,380.1598,39.9272,120,973.3103,1235.7611,479.5762,269.4927,120,503.6463,769.1089,19.1782,282.1055,120,120,0,884.0983,1137.73,431.5317,248.7545,120,14.58,14.95,14.22,0.22,120,3.4697,3.4739,3.4669,0.0014,0.5923,0.5934,0.591,0.0008,0.7082,0.7196,0.6992,0.005,-0.0031,-0.0001,-0.0048,0.0018,0.0056,0.0065,0.0048,0.0005,0.0081,0.0103,0.004,0.0022,0.8841,1.1377,0.4315,0.2488,283.25,603,27,132.0543,0,0,0,0,295.1333,1013,31,167.6382,41,46.9,47,41,23.68,23.68,23.68
2022-11-26 11:30:00,2.9455,5.8956,0.7896,1.1454,120,95.9165,29.9448,120,70.701,71.9626,69.4906,0.5663,120,29.3016,29.4928,29.0838,0.1057,120,1008.0377,1008.2522,1007.8494,0.0766,120,434.6465,507.5205,364.3,48.1929,120,752.7502,1300.6086,384.6867,364.2829,120,303.3206,765.6671,14.2604,318.8716,120,120,0,694.3953,1216.773,353.0991,338.913,120,15.52,16.14,14.95,0.32,120,3.4673,3.4709,3.4642,0.0013,0.593,0.5949,0.5908,0.0011,0.707,0.7196,0.6949,0.0057,-0.0019,-0.0001,-0.0048,0.002,0.0055,0.0064,0.0046,0.0006,0.0063,0.0108,0.0032,0.003,0.6944,1.2168,0.3531,0.3389,297.3333,618,63,124.501,0,0,0,0,275.1,704,33,90.3587,41,46.95,47,41,23.68,23.68,23.68
2022-11-26 11:40:00,2.694,5.1596,0.762,0.9816,120,97.0262,46.283,120,71.3301,72.4509,70.3146,0.5026,120,29.1122,29.3677,28.9923,0.1231,120,1007.934,1008.0508,1007.6479,0.0998,120,391.8765,447.9252,347.4787,22.8528,120,891.8299,1173.479,376.6267,339.2309,120,487.4963,746.9803,14.2604,323.1534,120,120,0,812.4536,1087.0693,340.5866,311.8537,120,16.76,17.48,16.14,0.4,120,3.4656,3.4675,3.4608,0.0017,0.5911,0.5937,0.5899,0.0012,0.7133,0.7245,0.7031,0.005,-0.003,-0.0001,-0.0046,0.002,0.005,0.0057,0.0044,0.0003,0.0074,0.0098,0.0031,0.0028,0.8125,1.0871,0.3406,0.3119,270,538,60,106.6933,0,0,0,0,296.175,907,22,146.003,41.7,46.9333,47,45,23.68,23.68,23.68
2022-11-26 11:50:00,2.9059,5.6012,0.4308,1.1198,120,96.2365,34.8719,120,70.9965,72.0847,69.9484,0.5427,120,29.2003,29.3677,29.0625,0.0828,120,1007.7085,1007.8677,1007.4831,0.0872,120,320.2461,369.1055,286.2008,22.6156,120,979.9109,1137.575,327.533,251.3909,120,649.1904,777.9616,15.7364,251.4787,120,120,0,887.0612,1035.7982,284.7377,232.1181,120,18.23,19.01,17.48,0.46,120,3.4618,3.4645,3.4581,0.0015,0.592,0.5937,0.5906,0.0008,0.71,0.7208,0.6995,0.0054,-0.004,-0.0001,-0.0048,0.0016,0.0041,0.0047,0.0036,0.0003,0.0082,0.0095,0.0027,0.0021,0.8871,1.0358,0.2847,0.2321,293.0333,586,24,121.7205,0,0,0,0,282.4917,979,43,120.3567,42,46.8667,49,41,23.68,23.68,23.68
2022-11-26 12:00:00,3.0218,6.0428,1.0288,1.2545,120,102.5265,40.0652,120,71.5573,72.6646,70.4367,0.6161,120,29.1302,29.3585,28.916,0.1492,120,1007.5959,1007.7029,1007.4831,0.0884,120,331.8087,419.8094,276.1087,45.2627,120,972.6691,1177.509,363.4382,273.8722,120,632.5771,784.8453,15.2449,283.9717,120,120,0,873.9382,1075.7775,318.0029,250.8465,120,19.89,20.7,19.01,0.51,120,3.4599,3.4617,3.4581,0.0015,0.5913,0.5936,0.5892,0.0015,0.7156,0.7266,0.7044,0.0062,-0.0039,-0.0001,-0.0049,0.0018,0.0042,0.0053,0.0035,0.0006,0.0081,0.0098,0.003,0.0023,0.8739,1.0758,0.318,0.2508,305.6333,634,89,136.3626,0,0,0,0,304.1917,993,7,129.6184,42,46.7333,49,41,23.68,23.68,23.68
2022-11-26 12:10:00,3.3212,6.466,0.7528,1.1967,120,94.1911,30.9711,120,71.1715,71.9321,70.1926,0.38,120,29.1171,29.2792,28.9618,0.0755,120,1007.4996,1007.6846,1007.3,0.0943,120,429.528,499.5906,385.2063,29.4185,120,790.2145,1210.8487,400.0744,342.7125,120,359.9384,770.5849,14.2604,328.5244,120,120,0,734.3008,1121.8604,378.1243,312.5309,120,21.69,22.72,20.7,0.54,120,3.4583,3.4614,3.455,0.0016,0.5912,0.5928,0.5896,0.0008,0.7117,0.7193,0.7019,0.0038,-0.0022,-0.0001,-0.0048,0.002,0.0055,0.0063,0.0049,0.0004,0.0066,0.0101,0.0033,0.0029,0.7343,1.1219,0.3781,0.3125,338.175,680,59,130.0751,0,0,0,0,288.5,1018,114,130.3217,42,46.9667,49,45,23.68,23.73,23.68
2022-11-26 12:20:00,2.6528,5.6104,0.5872,1.1466,120,88.4771,47.9202,120,71.8622,72.6646,71.0166,0.392,120,28.8869,28.9557,28.8244,0.0377,120,1007.3785,1007.5198,1007.1352,0.0998,120,424.3214,470.2732,373.4315,29.4172,120,806.0813,1192.8968,422.0564,315.4565,120,395.3653,757.7989,15.7364,325.6551,120,120,0,744.3236,1110.8737,393.3836,286.996,120,23.61,24.63,22.72,0.57,120,3.4563,3.4587,3.4523,0.0017,0.5889,0.5896,0.5882,0.0004,0.7186,0.7266,0.7102,0.0039,-0.0025,-0.0001,-0.0047,0.002,0.0054,0.006,0.0047,0.0004,0.0067,0.0099,0.0035,0.0026,0.7443,1.1109,0.3934,0.287,265.525,587,41,124.6284,0,0,0,0,284.9333,911,4,162.2837,42,46.7833,49,41,23.68,23.68,23.68
2022-11-26 12:30:00,3.1854,6.2636,0.762,1.0721,120,85.9445,40.2265,120,72.2757,73.8243,71.2607,0.5873,120,29.0675,29.2456,28.8671,0.1315,120,1007.1781,1007.3366,1007.1169,0.077,120,386.1512,447.4449,318.1614,36.3427,120,1040.8625,1152.9616,516.5798,126.7081,120,677.823,751.4067,91.4663,138.5774,120,120,0,943.3983,1055.3301,468.7643,123.6526,120,25.6,26.62,24.63,0.6,120,3.453,3.4556,3.4519,0.0013,0.5907,0.5925,0.5887,0.0013,0.7228,0.7382,0.7126,0.0059,-0.0042,-0.0006,-0.0047,0.0009,0.0049,0.0057,0.004,0.0005,0.0087,0.0096,0.0043,0.0011,0.9434,1.0553,0.4688,0.1237,323.4167,658,60,116.5329,0,0,0,0,264.95,973,42,141.549,42,46.8667,49,41,23.68,23.68,23.68
2022-11-26 12:40:00,3.1901,6.9444,0.6516,1.2692,120,76.2,44.2609,120,71.2485,72.7256,70.5283,0.3777,120,29.2826,29.4684,29.2059,0.0652,120,1006.9829,1007.1535,1006.7507,0.1015,120,281.6394,318.6417,241.2646,23.8454,120,1008.3138,1041.952,971.976,22.3873,120,770.6137,785.3384,746.4889,10.3198,120,120,0,907.2924,934.4768,875.2708,19.0505,120,27.67,28.65,26.62,0.61,120,3.4497,3.4526,3.4458,0.0017,0.5928,0.5947,0.5921,0.0006,0.7125,0.7273,0.7053,0.0038,-0.0048,-0.0046,-0.0049,0.0001,0.0036,0.004,0.0031,0.0003,0.0084,0.0087,0.0081,0.0002,0.9073,0.9345,0.8753,0.0191,323.925,732,48,137.9586,0,0,0,0,246.7083,989,2,154.7604,42,46.8167,49,41,23.68,23.68,23.68
2022-11-26 12:50:00,2.9577,6.8432,0.578,1.3921,120,75.0807,45.3,120,69.6699,70.7114,68.4225,0.6615,120,29.66,29.8163,29.4714,0.0923,120,1006.7331,1006.9521,1006.5493,0.0721,120,248.3674,287.8835,234.0551,12.6527,120,914.966,978.2041,325.3349,156.1023,120,721.0896,794.681,60.9781,176.1998,120,120,0,821.2048,890.8353,277.7184,144.4169,120,29.78,30.74,28.65,0.62,120,3.4456,3.4492,3.4425,0.0012,0.5966,0.5982,0.5947,0.0009,0.6967,0.7071,0.6842,0.0066,-0.0045,-0.0004,-0.0049,0.0011,0.0032,0.0037,0.003,0.0002,0.0076,0.0081,0.0027,0.0013,0.8212,0.8908,0.2777,0.1444,298.6667,721,40,151.313,0,0,0,0,266.8083,998,22,186.7939,42,46.9833,49,45,23.68,23.68,23.68
2022-11-26 13:00:00,3.4257,5.776,0.4032,1.1041,120,87.3207,37.9427,120,69.2188,70.7724,68.0258,0.6796,120,29.2156,29.6027,29.0503,0.1433,120,1006.6005,1006.769,1006.3662,0.0891,120,259.0528,299.6583,247.9929,9.5265,120,956.6252,971.2437,936.072,8.9152,120,772.8184,783.8624,739.1122,8.8019,120,120,0,859.9556,874.9657,838.9538,8.943,120,31.94,33.09,30.97,0.63,120,3.4433,3.4462,3.4394,0.0015,0.5922,0.596,0.5905,0.0014,0.6922,0.7077,0.6803,0.0068,-0.0048,-0.0046,-0.0049,0.0001,0.0033,0.0038,0.0032,0.0001,0.008,0.0081,0.0078,0.0001,0.86,0.875,0.839,0.0089,349.5333,605,21,120.0108,0,0,0,0,255.0417,666,1,113.6201,42,46.7333,49,41,23.68,23.68,23.68
2022-11-26 13:10:00,2.6088,5.5552,0.7252,1.0727,120,68.8117,51.4373,120,70.0547,71.1692,68.453,0.7743,120,29.4563,29.7613,29.151,0.2175,120,1006.547,1006.769,1006.3662,0.064,120,264.2594,315.5181,229.2496,25.2514,120,772.3296,965.0156,243.2689,254.5651,120,576.779,771.0764,16.7193,299.1636,120,120,0,688.7773,872.219,204.1688,234.6304,120,34.13,35.24,33.09,0.64,120,3.4424,3.4462,3.4394,0.0011,0.5946,0.5976,0.5915,0.0022,0.7005,0.7117,0.6845,0.0077,-0.0036,-0.0001,-0.0048,0.0019,0.0034,0.004,0.0029,0.0003,0.0064,0.008,0.002,0.0021,0.6888,0.8722,0.2042,0.2346,260.7417,581,56,116.5933,0,0,0,0,308.2167,1020,19,248.1174,42,46.8667,49,41,23.68,23.68,23.68
2022-11-26 13:20:00,2.7402,6.3096,0.6608,1.2734,120,104.6605,47.7634,120,69.6549,70.925,68.453,0.5979,120,29.5135,29.6851,29.2547,0.1453,120,1006.5024,1006.7507,1006.3662,0.0935,120,288.1315,357.3307,226.3654,36.3476,120,676.9454,994.6915,237.0408,289.9204,120,453.569,784.3539,15.2449,336.4409,120,120,0,605.9577,905.7894,199.2859,265.7985,120,36.35,37.42,35.24,0.65,120,3.4417,3.4458,3.4394,0.0016,0.5951,0.5968,0.5926,0.0014,0.6965,0.7093,0.6845,0.006,-0.0028,-0.0001,-0.0049,0.0021,0.0037,0.0045,0.0029,0.0005,0.0056,0.0083,0.002,0.0024,0.606,0.9058,0.1993,0.2658,275.0167,663,49,138.4096,0,0,0,0,320.4417,954,36,151.1307,42,47,49,45,23.68,23.68,23.68
2022-11-26 13:30:00,3.5225,6.4384,1.0104,1.1866,120,91.9973,38.981,120,69.909,70.864,69.1244,0.3673,120,29.3053,29.4287,29.2273,0.0622,120,1006.4,1006.5676,1006.1831,0.0884,120,281.5973,332.5795,244.3882,27.1305,120,830.9883,965.0156,283.9352,199.3894,120,660.5213,787.3042,15.2449,238.781,120,120,0,747.5483,874.9657,252.9984,180.021,120,38.58,39.61,37.42,0.65,120,3.44,3.4428,3.4364,0.0015,0.593,0.5943,0.5923,0.0006,0.6991,0.7086,0.6912,0.0037,-0.0041,-0.0001,-0.0049,0.0015,0.0036,0.0042,0.0031,0.0003,0.0069,0.008,0.0024,0.0017,0.7475,0.875,0.253,0.18,360.05,677,87,128.9796,0,0,0,0,269.0583,811,0,118.4473,42,46.9667,49,41,23.68,23.68,23.68
2022-11-26 13:40:00,3.1991,6.3648,0.8264,1.0219,120,97.4476,31.2731,120,70.5125,71.6269,69.5517,0.6476,120,29.0179,29.2212,28.8855,0.1043,120,1006.3866,1006.5859,1006.1647,0.0869,120,275.2814,308.7898,242.7063,20.7948,120,665.6705,896.8703,286.8667,242.1936,120,486.9553,788.2888,23.6046,315.4964,120,120,0,594.9405,811.4872,246.5896,220.5461,120,40.85,42.06,39.61,0.66,120,3.4398,3.4431,3.4361,0.0014,0.5902,0.5922,0.5888,0.001,0.7051,0.7163,0.6955,0.0065,-0.003,-0.0001,-0.0049,0.002,0.0035,0.0039,0.0031,0.0003,0.0055,0.0075,0.0024,0.002,0.5949,0.8115,0.2466,0.2205,324.9,669,67,111.0733,0,0,0,0,285.0417,847,83,100.523,42,46.95,49,41,23.68,23.68,23.63
2022-11-26 13:50:00,2.8435,5.6104,1.0104,0.8837,120,80.5569,38.0272,120,70.6257,71.5964,69.7958,0.413,120,29.0275,29.1357,28.9862,0.0372,120,1006.2987,1006.4028,1006.1647,0.0946,120,274.2401,303.022,240.3031,15.0585,120,710.9628,888.078,264.5186,222.2457,120,567.075,772.5524,16.2278,284.2122,120,120,0,634.0551,797.7538,224.311,201.4811,120,43.12,44.29,42.06,0.67,120,3.4383,3.44,3.4361,0.0016,0.5903,0.5914,0.5899,0.0004,0.7063,0.716,0.698,0.0041,-0.0035,-0.0001,-0.0048,0.0018,0.0035,0.0038,0.0031,0.0002,0.0059,0.0074,0.0022,0.0019,0.6341,0.7978,0.2243,0.2015,286.25,587,87,96.0517,0,0,0,0,244.2167,800,63,122.8962,42,46.9667,49,41,23.68,23.68,23.68
2022-11-26 14:00:00,3.1857,6.1256,0.9368,1.3121,120,93.2954,38.2387,120,70.6656,71.9321,69.8264,0.5079,120,29.169,29.2761,29.0411,0.0714,120,1006.1774,1006.2014,1005.9999,0.0407,120,234.0613,260.489,209.5441,16.7576,120,783.7389,818.1008,747.3926,24.4015,120,737.3954,749.4393,724.3603,5.6796,120,120,0,697.4166,728.1716,663.4724,22.6987,120,45.4,46.52,44.29,0.67,120,3.4363,3.4367,3.4333,0.0007,0.5917,0.5928,0.5904,0.0007,0.7067,0.7193,0.6983,0.0051,-0.0046,-0.0045,-0.0047,0,0.003,0.0033,0.0027,0.0002,0.0065,0.0068,0.0062,0.0002,0.6974,0.7282,0.6635,0.0227,323.4417,643,79,142.6179,0,0,0,0,285.075,886,9,135.6612,42,46.9167,49,41,23.68,23.68,23.68
2022-11-26 14:10:00,3.1635,5.7576,0.9368,1.0764,120,78.2121,38.1816,120,69.893,70.6198,69.3381,0.2831,120,29.13,29.2944,28.9618,0.1057,120,1006.1701,1006.2014,1005.9999,0.053,120,236.15,312.6346,203.2969,33.811,120,587.4538,822.4982,218.7227,225.6483,120,496.1143,743.0471,15.7364,308.4125,120,120,0,518.6494,732.7494,186.4681,202.8277,120,47.7,48.76,46.52,0.67,120,3.4362,3.4367,3.4333,0.0009,0.5913,0.5929,0.5896,0.0011,0.6989,0.7062,0.6934,0.0028,-0.0031,-0.0001,-0.0046,0.0019,0.003,0.004,0.0026,0.0004,0.0049,0.0069,0.0018,0.0019,0.5186,0.7327,0.1865,0.2028,321.0333,603,79,116.9955,0,0,0,0,244.4583,998,0,144.4536,42,46.9333,47,45,23.68,23.68,23.68
2022-11-26 14:20:00,3.4357,5.592,1.1944,1.0452,120,74.2005,36.2226,120,69.7902,70.5283,69.277,0.2654,120,28.9819,29.0411,28.916,0.0387,120,1006.1348,1006.2014,1005.9816,0.0823,120,210.1111,219.8772,195.6071,6.3346,120,690.9682,718.449,673.0192,11.7379,120,707.9965,734.6874,672.7248,12.0705,120,120,0,607.2929,633.5643,589.6176,11.234,120,50,51.26,48.76,0.67,120,3.4356,3.4367,3.433,0.0014,0.5898,0.5904,0.5892,0.0004,0.6979,0.7053,0.6928,0.0027,-0.0044,-0.0042,-0.0046,0.0001,0.0027,0.0028,0.0025,0.0001,0.0058,0.006,0.0056,0.0001,0.6073,0.6336,0.5896,0.0112,350.6167,585,107,113.6126,0,0,0,0,253.8,1006,40,176.8374,42,46.85,49,41,23.68,23.68,23.68
2022-11-26 14:30:00,3.1963,6.4292,1.0196,1.1842,120,62.6094,31.9483,120,69.4416,70.2536,68.453,0.5336,120,29.1216,29.2731,29.0319,0.0704,120,1006.1133,1006.2197,1005.9816,0.0893,120,185.6402,207.8622,173.9795,9.0946,120,642.2717,673.0192,619.5294,16.2104,120,705.9189,717.9665,680.593,5.7669,120,120,0,559.4882,589.6176,537.4309,15.9207,120,52.32,53.52,51.26,0.67,120,3.4352,3.437,3.433,0.0015,0.5912,0.5927,0.5903,0.0007,0.6944,0.7025,0.6845,0.0053,-0.0044,-0.0042,-0.0045,0,0.0024,0.0026,0.0022,0.0001,0.0053,0.0056,0.0052,0.0001,0.5595,0.5896,0.5374,0.0159,324.6,676,88,128.719,0,0,0,0,202.6833,984,34,137.9838,42,46.8,49,41,23.68,23.68,23.68
2022-11-26 14:40:00,2.1969,5.086,0.3848,1.0696,120,84.0369,60.6058,120,69.6318,70.2841,68.6972,0.4378,120,29.3826,29.5965,29.1571,0.1353,120,1006.1101,1006.2014,1005.9816,0.0887,120,206.7449,246.311,178.5457,20.6198,120,321.1221,646.6411,184.2833,157.2797,120,191.7939,698.7883,15.2449,236.6369,120,120,0,273.2195,563.3717,152.8977,138.2848,120,54.63,55.78,53.52,0.68,120,3.4352,3.4367,3.433,0.0015,0.5938,0.596,0.5916,0.0014,0.6963,0.7028,0.687,0.0044,-0.0012,-0.0001,-0.0043,0.0015,0.0026,0.0031,0.0023,0.0003,0.0027,0.0054,0.0015,0.0013,0.2732,0.5634,0.1529,0.1383,215.9667,530,19,116.2662,0,0,0,0,314.45,1021,31,218.4331,42,46.9,47,41,23.68,23.68,23.68
2022-11-26 14:50:00,3.0304,5.3344,0.8356,1.1004,120,100.7345,33.0479,120,69.1455,70.3757,68.1478,0.6702,120,29.1852,29.5233,28.974,0.1563,120,1006.0312,1006.2014,1005.7985,0.0695,120,212.1297,237.4197,189.8394,16.0402,120,521.2999,616.9652,208.4634,124.1878,120,537.9957,692.3961,16.2278,213.409,120,120,0,446.5392,534.0739,175.1762,106.6813,120,56.95,58.05,55.78,0.68,120,3.4339,3.4367,3.43,0.0012,0.5918,0.5952,0.5897,0.0016,0.6915,0.7038,0.6815,0.0067,-0.0033,-0.0001,-0.0043,0.0013,0.0027,0.003,0.0024,0.0002,0.0043,0.0051,0.0017,0.001,0.4465,0.5341,0.1752,0.1067,306.5667,557,68,119.6038,0,0,0,0,304.1,955,97,122.1808,42,46.7833,47,41,23.68,23.68,23.68
2022-11-26 15:00:00,3.046,5.6012,1.1208,0.9499,120,89.6732,37.9488,120,69.3988,69.8569,68.8192,0.2349,120,29.063,29.1876,28.9404,0.0845,120,1006.0637,1006.2014,1005.9816,0.0843,120,182.4862,228.2882,155.4764,20.2179,120,476.728,595.3493,217.2569,104.3936,120,551.0273,694.855,45.2417,216.4319,120,120,0,403.9837,505.9969,184.0266,88.1309,120,59.28,60.32,58.05,0.68,120,3.4344,3.4367,3.433,0.0014,0.5906,0.5919,0.5894,0.0008,0.694,0.6986,0.6882,0.0023,-0.0034,-0.0003,-0.0043,0.0013,0.0023,0.0029,0.002,0.0003,0.004,0.005,0.0018,0.0009,0.404,0.506,0.184,0.0881,308.2583,586,99,103.2483,0,0,0,0,274.1833,936,15,135.1709,42,46.9,47,41,23.68,23.68,23.68
2022-11-26 15:10:00,2.621,5.454,0.5596,1.0574,120,86.4579,34.5876,120,69.6735,70.5893,68.6666,0.4689,120,29.1883,29.3799,28.9648,0.1367,120,1006.0224,1006.2014,1005.8168,0.0598,120,161.0412,176.6228,151.8717,5.4373,120,497.9317,515.8475,480.6759,10.1951,120,670.254,686.4937,630.9249,9.1471,120,120,0,414.6982,431.2265,397.9614,10.008,120,61.61,62.84,60.57,0.68,120,3.4337,3.4367,3.4303,0.001,0.5919,0.5938,0.5897,0.0014,0.6967,0.7059,0.6867,0.0047,-0.0042,-0.0039,-0.0043,0.0001,0.002,0.0022,0.0019,0.0001,0.0041,0.0043,0.004,0.0001,0.4147,0.4312,0.398,0.01,262.0667,570,38,114.9361,0,0,0,0,280.975,965,67,152.344,42,46.7833,47,41,23.68,23.68,23.68
2022-11-26 15:20:00,3.0684,5.7392,0.5136,1.2968,120,94.1546,38.3145,120,69.4306,70.2841,68.4835,0.472,120,29.2259,29.2944,28.9648,0.073,120,1006.0302,1006.2014,1005.7985,0.0757,120,179.0379,189.8394,166.0496,5.3887,120,406.2326,509.9856,181.7191,115.2262,120,490.623,673.7093,34.9146,232.4943,120,120,0,339.2387,429.3954,155.6444,93.7748,120,63.94,65.12,62.84,0.68,120,3.4338,3.4367,3.43,0.0013,0.5923,0.5929,0.5897,0.0007,0.6943,0.7028,0.6848,0.0047,-0.003,-0.0002,-0.0042,0.0014,0.0023,0.0024,0.0021,0.0001,0.0034,0.0042,0.0015,0.001,0.3392,0.4294,0.1556,0.0938,310.6917,601,33,140.9525,0,0,0,0,293.5833,991,65,143.0475,42,46.8,47,41,23.68,23.68,23.63
2022-11-26 15:30:00,2.4537,5.5092,0.578,1.1266,120,95.2349,38.2154,120,70.0959,71.0471,68.6361,0.5537,120,28.7158,28.9434,28.4887,0.1406,120,1006.1425,1006.2014,1005.9816,0.0775,120,151.1868,172.5378,136.9732,13.219,120,173.8726,446.2365,136.2893,67.5825,120,65.2522,629.4505,13.7689,135.8492,120,120,0,149.7518,368.9688,117.1911,54.7847,120,66.27,67.39,65.12,0.68,120,3.4357,3.4367,3.433,0.0013,0.5872,0.5894,0.5849,0.0014,0.701,0.7105,0.6864,0.0055,-0.0004,-0.0001,-0.0039,0.0008,0.0019,0.0022,0.0017,0.0002,0.0014,0.0037,0.0011,0.0006,0.1498,0.369,0.1172,0.0548,243.8833,576,40,122.453,0,0,0,0,282.6333,868,48,120.2433,42,46.9167,49,43,23.68,23.68,23.68
2022-11-26 15:40:00,2.3572,4.6444,0.348,1.0587,120,93.6474,44.8235,120,71.6534,72.7256,70.7419,0.4854,120,28.4654,28.7146,28.3972,0.0772,120,1006.2319,1006.3845,1006.1647,0.0816,120,152.9549,166.7701,134.8102,9.4888,120,301.9428,387.9844,157.1717,81.8961,120,398.8568,589.1267,16.2278,215.5033,120,120,0,239.9442,309.4577,135.197,59.714,120,68.6,69.67,67.39,0.68,120,3.4372,3.4397,3.4361,0.0014,0.5847,0.5871,0.584,0.0008,0.7165,0.7273,0.7074,0.0049,-0.0025,-0.0001,-0.0037,0.0013,0.0019,0.0021,0.0017,0.0001,0.0025,0.0032,0.0013,0.0007,0.2399,0.3095,0.1352,0.0597,233.3917,482,15,115.0808,0,0,0,0,299.3167,956,21,163.646,42,46.9,49,41,23.68,23.68,23.68
2022-11-26 15:50:00,2.4765,5.1688,0.578,0.9618,120,86.868,37.0517,120,71.4349,72.2068,71.0166,0.2364,120,28.6753,28.7909,28.5131,0.0846,120,1006.2574,1006.3845,1006.1647,0.0902,120,129.4493,139.3756,121.1126,5.6603,120,183.8468,319.8403,127.8631,59.6595,120,173.1439,522.2478,14.2604,168.9633,120,120,0,147.1119,249.031,107.12,41.7309,120,70.94,72.19,69.67,0.68,120,3.4376,3.4397,3.4361,0.0015,0.5867,0.5879,0.5851,0.0008,0.7143,0.7221,0.7102,0.0024,-0.0011,-0.0001,-0.0032,0.001,0.0016,0.0018,0.0015,0.0001,0.0015,0.0027,0.0011,0.0005,0.1471,0.249,0.1071,0.0417,246.3583,539,40,104.5489,0,0,0,0,265.5583,1014,11,136.1796,42,46.7167,49,41,23.68,23.68,23.68
2022-11-26 16:00:00,2.0937,3.4852,0.2468,0.6979,120,85.6392,39.5616,120,71.8953,72.4204,71.3218,0.2666,120,28.6006,28.7054,28.446,0.0832,120,1006.2148,1006.3845,1006.1647,0.0701,120,121.7196,128.5622,112.7024,4.4805,120,226.7242,293.461,122.7335,53.5365,120,353.3036,520.7718,37.865,163.4827,120,120,0,168.2435,217.597,97.6592,35.9586,120,73.28,74.47,72.19,0.68,120,3.4369,3.4397,3.4361,0.0012,0.586,0.587,0.5845,0.0008,0.719,0.7242,0.7132,0.0027,-0.0022,-0.0002,-0.0032,0.001,0.0015,0.0016,0.0014,0.0001,0.0019,0.0024,0.001,0.0004,0.1682,0.2176,0.0977,0.036,204.75,356,4,75.8537,0,0,0,0,262.4083,899,17,131.0701,42,46.8667,49,41,23.68,23.68,23.68
2022-11-26 16:10:00,2.9802,5.224,0.5688,0.9662,120,105.0182,29.4958,120,71.7625,72.4509,70.9555,0.427,120,28.3307,28.7054,27.9974,0.2141,120,1006.3643,1006.5859,1006.1647,0.069,120,106.5224,112.4622,99.9661,3.4883,120,110.5792,147.6471,99.2857,8.5095,120,30.7185,164.2475,13.7689,24.949,120,120,0,93.1221,115.6651,85.4518,5.4429,120,75.61,76.74,74.47,0.68,120,3.4394,3.4431,3.4361,0.0011,0.5833,0.587,0.58,0.0021,0.7176,0.7245,0.7096,0.0043,-0.0002,-0.0001,-0.001,0.0002,0.0014,0.0014,0.0013,0,0.0009,0.0012,0.0008,0.0001,0.0931,0.1157,0.0855,0.0054,301.1083,545,39,105.0252,0,0,0,0,301.675,600,45,86.6733,42,46.6667,47,41,23.68,23.68,23.68
2022-11-26 16:20:00,1.81,3.9268,0.3664,0.8266,120,110.4342,44.3482,120,73.2086,73.6717,72.4509,0.2425,120,28.1345,28.3178,27.9821,0.1023,120,1006.4402,1006.5676,1006.3478,0.0963,120,107.78,113.4228,101.648,2.8319,120,124.2173,180.2533,104.7815,22.7263,120,91.7006,361.4422,16.7193,102.9388,120,120,0,101.2375,131.2296,88.1985,12.424,120,77.94,79.01,76.74,0.68,120,3.4407,3.4428,3.4391,0.0016,0.5814,0.5832,0.5798,0.001,0.7321,0.7367,0.7245,0.0024,-0.0006,-0.0001,-0.0022,0.0006,0.0014,0.0014,0.0013,0,0.001,0.0015,0.0009,0.0002,0.1012,0.1312,0.0882,0.0124,173.9167,404,17,89.8507,0,0,0,0,337.3917,960,56,148.552,42,46.8167,49,41,23.68,23.68,23.68
2022-11-26 16:30:00,2.0019,4.81,0.3756,0.9471,120,106.5317,42.4383,120,73.3273,73.9769,72.6341,0.2889,120,28.2796,28.3239,28.2019,0.0365,120,1006.4888,1006.7324,1006.3478,0.094,120,84.4606,100.6874,71.3701,8.2867,120,112.8568,147.6471,91.5918,15.9944,120,171.8286,288.6626,18.1953,97.5995,120,120,0,84.3684,110.1718,70.8029,9.5565,120,80.27,81.54,79.01,0.68,120,3.4415,3.4455,3.4391,0.0016,0.5828,0.5832,0.582,0.0004,0.7333,0.7398,0.7263,0.0029,-0.0011,-0.0001,-0.0018,0.0006,0.0011,0.0013,0.0009,0.0001,0.0009,0.0012,0.0008,0.0001,0.0844,0.1102,0.0708,0.0096,194.7667,500,18,102.951,0,0,0,0,330.1833,1008,44,149.2404,42,46.8167,49,41,23.68,23.68,23.68
2022-11-26 16:40:00,1.7179,4.2764,0.3204,0.8125,120,88.0463,45.4833,120,73.4135,73.8853,73.0003,0.2005,120,28.3605,28.4155,28.2782,0.0447,120,1006.5601,1006.7507,1006.531,0.0416,120,65.6748,71.3701,61.5173,2.7935,120,87.0522,115.7719,65.2137,16.5206,120,155.1456,290.6284,27.0464,87.9279,120,120,0,62.6469,72.9392,55.8489,5.6186,120,82.59,83.8,81.54,0.68,120,3.4427,3.4458,3.4422,0.0007,0.5836,0.5841,0.5828,0.0004,0.7341,0.7389,0.73,0.002,-0.001,-0.0002,-0.0018,0.0005,0.0008,0.0009,0.0008,0,0.0007,0.001,0.0005,0.0001,0.0626,0.0729,0.0558,0.0056,163.9,442,12,88.3142,0,0,0,0,291.1917,1003,29,177.8846,42,46.7667,47,41,23.68,23.68,23.63
2022-11-26 16:50:00,2.2146,4.1292,0.5228,0.8406,120,98.2773,42.9752,120,73.5649,74.221,73.0613,0.3001,120,28.0674,28.272,27.8814,0.1329,120,1006.6062,1006.7507,1006.531,0.0864,120,46.5227,61.2772,34.363,8.8383,120,50.4795,82.066,35.1717,14.247,120,46.3933,177.525,17.2108,51.3752,120,120,0,41.9477,57.0696,30.5185,8.3637,120,84.92,86.07,83.8,0.68,120,3.4434,3.4458,3.4422,0.0014,0.5807,0.5827,0.5788,0.0013,0.7356,0.7422,0.7306,0.003,-0.0003,-0.0001,-0.0011,0.0003,0.0006,0.0008,0.0004,0.0001,0.0004,0.0007,0.0003,0.0001,0.0419,0.0571,0.0305,0.0084,217.8917,426,34,91.3708,0,0,0,0,297.1417,928,19,138.962,42,46.9,49,41,23.68,23.68,23.63
2022-11-26 17:00:00,1.7702,4.0648,0.6332,0.7307,120,93.3198,40.5428,120,74.2439,74.4957,73.8853,0.1554,120,27.8089,27.8753,27.7227,0.0486,120,1006.7244,1006.9521,1006.531,0.0707,120,27.711,37.2472,18.9843,6.1518,120,28.6287,37.3697,19.0516,6.2092,120,29.6654,50.651,17.7038,12.0153,120,120,0,24.9489,33.5704,17.3956,5.3673,120,87.23,88.33,86.07,0.68,120,3.4454,3.4492,3.4422,0.0012,0.5781,0.5787,0.5772,0.0005,0.7424,0.745,0.7389,0.0016,-0.0002,-0.0001,-0.0003,0.0001,0.0004,0.0005,0.0002,0.0001,0.0002,0.0003,0.0002,0.0001,0.0249,0.0336,0.0174,0.0054,169.5917,419,46,79.4288,0,0,0,0,297.5333,966,36,155.6362,42,46.8833,49,41,23.68,23.68,23.68
2022-11-26 17:10:00,1.9337,4.4144,0.6884,0.7637,120,96.523,37.9493,120,74.543,74.8009,74.2515,0.1096,120,27.6482,27.7258,27.5457,0.0511,120,1006.7798,1006.9521,1006.7324,0.0765,120,11.853,18.7433,4.3252,4.3041,120,11.8215,19.0516,4.3962,4.4476,120,15.1336,19.6697,13.7689,1.835,120,120,0,11.2868,17.0904,4.883,3.6429,120,89.17,89.83,88.33,0.45,81,3.4463,3.4492,3.4455,0.0013,0.5765,0.5773,0.5755,0.0005,0.7454,0.748,0.7425,0.0011,-0.0001,-0.0001,-0.0001,0,0.0002,0.0002,0.0001,0.0001,0.0001,0.0002,0,0,0.0113,0.0171,0.0049,0.0036,187.3583,457,52,83.0097,0,0,0,0,301.5833,963,57,146.4988,41.9,46.7667,49,41,23.68,23.68,23.68
2022-11-26 17:20:00,2.2497,3.8532,0.6424,0.8428,120,88.8234,26.0355,120,74.8606,75.2281,74.6178,0.1857,120,27.4043,27.561,27.2802,0.0996,120,1006.8189,1006.9338,1006.7141,0.0929,120,1.9304,4.085,0.2402,1.029,120,1.8958,4.3962,0,1.0983,120,13.7935,14.2604,13.2775,0.1668,120,120,0,2.8433,5.1882,1.2207,0.8908,120,None,None,None,None,0,3.447,3.4489,3.4452,0.0015,0.574,0.5756,0.5728,0.001,0.7486,0.7523,0.7462,0.0019,-0.0001,-0.0001,-0.0001,0,0,0.0001,0,0,0,0,0,0,0.0028,0.0052,0.0012,0.0009,221.7083,396,47,91.6076,0,0,0,0,260.0417,951,64,95.162,41,46.7833,47,41,23.68,23.68,23.68
2022-11-26 17:30:00,2.1686,3.5864,0.6792,0.7433,120,95.5059,28.5548,120,75.353,75.5333,75.1976,0.0959,120,27.2738,27.3015,27.2283,0.0171,120,1006.8332,1006.9338,1006.7141,0.0915,120,0.002,0.2402,0,0.0219,120,0,0,0,0,120,13.859,14.2604,13.2775,0.2206,120,120,0,0.0941,1.5259,0,0.282,120,None,None,None,None,0,3.4472,3.4489,3.4452,0.0015,0.5727,0.573,0.5723,0.0002,0.7535,0.7553,0.752,0.001,-0.0001,-0.0001,-0.0001,0,0,0,0,0,0,0,0,0,0.0001,0.0015,0,0.0003,212.8917,367,51,80.7977,0,0,0,0,271.65,581,39,83.157,41,46.7833,49,41,23.68,23.68,23.68
2022-11-26 17:40:00,1.7738,3.43,0.3204,0.8779,120,99.5011,45.0791,120,75.797,76.0216,75.5333,0.1372,120,27.2231,27.2497,27.1917,0.0121,120,1006.8491,1007.1169,1006.7324,0.0909,120,0,0,0,0,120,0,0,0,0,120,13.8345,14.2604,13.2775,0.1795,120,120,0,0,0,0,0,120,None,None,None,None,0,3.4475,3.4519,3.4455,0.0015,0.5722,0.5725,0.5719,0.0001,0.758,0.7602,0.7553,0.0014,-0.0001,-0.0001,-0.0001,0,0,0,0,0,0,0,0,0,0,0,0,0,169.9833,350,12,95.4224,0,0,0,0,319.275,1009,9,167.8825,41,46.85,47,41,23.68,23.68,23.68
2022-11-26 17:50:00,1.9931,3.9912,0.4952,0.6456,120,95.6032,26.8794,120,76.2818,76.5404,75.9911,0.1718,120,27.1422,27.1978,27.091,0.026,120,1006.9097,1007.1169,1006.7141,0.067,120,0,0,0,0,120,0,0,0,0,120,13.8386,14.2604,13.2775,0.1835,120,120,0,0,0,0,0,120,None,None,None,None,0,3.4485,3.4519,3.4452,0.0011,0.5714,0.572,0.5709,0.0003,0.7628,0.7654,0.7599,0.0017,-0.0001,-0.0001,-0.0001,0,0,0,0,0,0,0,0,0,0,0,0,0,193.8167,411,31,70.1754,0,0,0,0,280.7917,930,116,95.685,41,46.8667,49,41,23.68,23.68,23.68
2022-11-26 18:00:00,2.1707,3.7244,1.0472,0.6513,120,94.1495,27.9002,120,76.8352,77.1203,76.5404,0.1728,120,27.047,27.1001,27.0086,0.0248,120,1006.9767,1007.1169,1006.8789,0.094,120,0,0,0,0,120,0,0,0,0,120,13.9123,14.2604,13.7689,0.2243,120,120,0,0,0,0,0,120,None,None,None,None,0,3.4496,3.4519,3.448,0.0016,0.5705,0.571,0.5701,0.0003,0.7684,0.7712,0.7654,0.0017,-0.0001,-0.0001,-0.0001,0,0,0,0,0,0,0,0,0,0,0,0,0,213.1167,382,91,70.79,0,0,0,0,270.775,600,92,82.4561,41,46.9833,49,41,23.68,23.68,23.63
2022-11-26 18:10:00,1.9668,4.764,0.5596,0.8,120,94.2081,39.2269,120,77.2736,77.4255,77.0898,0.0866,120,27.0106,27.0299,26.9903,0.011,120,1007.0638,1007.1352,1006.8972,0.0775,120,0,0,0,0,120,0,0,0,0,120,13.9614,14.2604,13.2775,0.2572,120,120,0,0,0,0,0,120,None,None,None,None,0,3.4511,3.4523,3.4483,0.0013,0.5701,0.5703,0.5699,0.0001,0.7727,0.7743,0.7709,0.0009,-0.0001,-0.0001,-0.0001,0,0,0,0,0,0,0,0,0,0,0,0,0,190.9583,495,38,86.9561,0,0,0,0,295.8833,997,47,148.9046,41,46.85,47,41,23.68,23.68,23.68
2022-11-26 18:20:00,2.0687,3.8992,0.5596,0.7801,120,93.2937,36.4313,120,77.6025,77.8222,77.4255,0.1031,120,27.0152,27.036,26.9903,0.0081,120,1007.1258,1007.3,1007.0803,0.0661,120,0,0,0,0,120,0,0,0,0,120,14.0065,14.2604,13.2775,0.2547,120,120,0,0,0,0,0,120,None,None,None,None,0,3.4521,3.455,3.4513,0.0011,0.5702,0.5704,0.5699,0.0001,0.776,0.7782,0.7743,0.001,-0.0001,-0.0001,-0.0001,0,0,0,0,0,0,0,0,0,0,0,0,0,202.0333,401,38,84.7954,0,0,0,0,282.2,971,7,132.1121,40.7,46.8,49,41,23.68,23.68,23.68
2022-11-26 18:30:00,1.9473,3.982,0.5688,0.7802,120,93.2246,32.5921,120,77.9338,78.1274,77.6696,0.1324,120,27.0019,27.036,26.9811,0.0132,120,1007.2311,1007.4465,1007.0803,0.0865,120,0,0,0,0,120,0,0,0,0,120,13.9532,14.2604,13.7689,0.2389,120,120,0,0,0,0,0,120,None,None,None,None,0,3.4539,3.4574,3.4513,0.0014,0.57,0.5704,0.5698,0.0001,0.7793,0.7813,0.7767,0.0013,-0.0001,-0.0001,-0.0001,0,0,0,0,0,0,0,0,0,0,0,0,0,188.8333,410,39,84.8003,0,0,0,0,277.7667,999,43,119.887,40,46.8833,47,41,23.68,23.68,23.68
2022-11-26 18:40:00,1.9997,4.0556,0.532,0.8378,120,102.1894,35.6854,120,78.209,78.3105,78.0969,0.049,120,26.9827,27.0116,26.9323,0.021,120,1007.2742,1007.4648,1007.0803,0.0787,120,0,0,0,0,120,0,0,0,0,120,13.9983,14.2604,13.7689,0.2462,120,120,0,0,0,0,0,120,None,None,None,None,0,3.4546,3.4577,3.4513,0.0013,0.5698,0.5701,0.5693,0.0002,0.7821,0.7831,0.781,0.0005,-0.0001,-0.0001,-0.0001,0,0,0,0,0,0,0,0,0,0,0,0,0,194.5333,418,35,91.0607,0,0,0,0,309.675,990,34,131.9601,40,46.8833,49,41,23.68,23.68,23.68
2022-11-26 18:50:00,2.6534,4.856,1.1852,0.8882,120,98.3982,27.4886,120,78.4565,78.6157,78.2495,0.109,120,26.8959,26.9323,26.8804,0.0119,120,1007.2948,1007.4648,1007.0803,0.0625,120,0,0,0,0,120,0,0,0,0,120,13.9655,14.2604,13.7689,0.2418,120,120,0,0,0,0,0,120,None,None,None,None,0,3.4549,3.4577,3.4513,0.001,0.569,0.5693,0.5688,0.0001,0.7846,0.7862,0.7825,0.0011,-0.0001,-0.0001,-0.0001,0,0,0,0,0,0,0,0,0,0,0,0,0,265.5917,505,106,96.5465,0,0,0,0,277.4,538,23,80.185,40,46.6833,47,41,23.68,23.68,23.68
2022-11-26 19:00:00,1.9828,4.1292,0.7988,0.6574,120,99.0941,28.2382,120,78.6968,78.8903,78.5546,0.0989,120,26.8891,26.9079,26.8682,0.0096,120,1007.3986,1007.4648,1007.2451,0.0714,120,0,0,0,0,120,0,0,0,0,120,13.9573,14.7535,13.7689,0.2483,120,120,0,0,0,0,0,120,None,None,None,None,0,3.4566,3.4577,3.4541,0.0012,0.5689,0.5691,0.5687,0.0001,0.787,0.7889,0.7855,0.001,-0.0001,-0.0001,-0.0001,0,0,0,0,0,0,0,0,0,0,0,0,0,192.6917,426,64,71.4553,0,0,0,0,287.5083,805,130,89.0619,40,46.9167,47,43,23.68,23.68,23.68
2022-11-26 19:10:00,2.2441,4.9296,0.5872,0.8829,120,98.4021,25.4722,120,79.0401,79.3481,78.8293,0.1269,120,26.8333,26.8773,26.7827,0.0293,120,1007.6724,1007.8127,1007.4282,0.1158,120,0,0,0,0,120,0,0,0,0,120,13.9983,14.2604,13.7689,0.2462,120,120,0,0,0,0,0,120,None,None,None,None,0,3.4612,3.4635,3.4571,0.0019,0.5683,0.5688,0.5678,0.0003,0.7904,0.7935,0.7883,0.0013,-0.0001,-0.0001,-0.0001,0,0,0,0,0,0,0,0,0,0,0,0,0,221.1,513,41,95.9643,0,0,0,0,281.3667,593,110,74.7465,40,46.7667,47,41,23.68,23.68,23.68
2022-11-26 19:20:00,2.0423,3.844,0.4216,0.7514,120,102.6588,33.2778,120,79.4768,79.6533,79.2871,0.1031,120,26.8065,26.8346,26.7858,0.0105,120,1007.9157,1008.179,1007.6113,0.0967,120,0,0,0,0,120,0,0,0,0,120,14.0515,14.2604,13.7689,0.244,120,120,0,0,0,0,0,120,None,None,None,None,0,3.4653,3.4696,3.4602,0.0016,0.5681,0.5684,0.5679,0.0001,0.7948,0.7965,0.7929,0.001,-0.0001,-0.0001,-0.0001,0,0,0,0,0,0,0,0,0,0,0,0,0,199.1667,395,23,81.6751,0,0,0,0,306.5667,981,87,121.0837,39.9,46.9,49,41,23.68,23.68,23.68
2022-11-26 19:30:00,2.1661,4.672,0.7804,0.7332,120,95.3762,24.7349,120,79.7438,79.8364,79.5923,0.0525,120,26.8558,26.8773,26.8285,0.0123,120,1008.0186,1008.1973,1007.8127,0.0798,120,0,0,0,0,120,0,0,0,0,120,14.1048,14.2604,13.7689,0.2296,120,120,0,0,0,0,0,120,None,None,None,None,0,3.467,3.47,3.4635,0.0013,0.5686,0.5688,0.5683,0.0001,0.7974,0.7984,0.7959,0.0005,-0.0001,-0.0001,-0.0001,0,0,0,0,0,0,0,0,0,0,0,0,0,212.6167,485,62,79.6918,0,0,0,0,270.175,522,22,72.148,39,46.8667,49,41,23.68,23.68,23.63
2022-11-26 19:40:00,2.2637,4.35,0.3296,0.8612,120,100.7172,26.1717,120,80.0198,80.2026,79.8364,0.1096,120,26.8677,26.8957,26.8468,0.0097,120,1008.1477,1008.3438,1007.9775,0.0621,120,0,0,0,0,120,0,0,0,0,120,14.1375,14.2604,13.7689,0.2137,120,120,0,0,0,0,0,120,None,None,None,None,0,3.4691,3.4724,3.4663,0.001,0.5687,0.569,0.5685,0.0001,0.8002,0.802,0.7984,0.0011,-0.0001,-0.0001,-0.0001,0,0,0,0,0,0,0,0,0,0,0,0,0,223.225,450,13,93.6056,0,0,0,0,286.6917,587,39,76.3324,39,46.95,49,41,23.68,23.68,23.68
2022-11-26 19:50:00,2.2125,4.488,0.5044,0.7975,120,94.5594,30.1259,120,80.2103,80.3858,80.0806,0.0828,120,26.8779,26.9048,26.856,0.0171,120,1008.2279,1008.3621,1008.1423,0.0857,120,0,0,0,0,120,0,0,0,0,120,14.0269,14.2604,13.2775,0.2546,120,120,0,0,0,0,0,120,None,None,None,None,0,3.4705,3.4727,3.469,0.0014,0.5688,0.569,0.5686,0.0002,0.8021,0.8039,0.8008,0.0008,-0.0001,-0.0001,-0.0001,0,0,0,0,0,0,0,0,0,0,0,0,0,217.6667,465,32,86.6803,0,0,0,0,286.6833,1022,123,123.8588,39,46.7833,49,41,23.68,23.68,23.68
2022-11-26 20:00:00,1.862,3.6968,0.486,0.8189,120,111.1042,47.0096,120,80.2683,80.3858,80.1721,0.0529,120,26.8387,26.8743,26.8163,0.0167,120,1008.446,1008.7283,1008.1423,0.1066,120,0,0,0,0,120,0,0,0,0,120,13.9942,14.2604,13.7689,0.2459,120,120,0,0,0,0,0,120,None,None,None,None,0,3.4741,3.4788,3.469,0.0018,0.5684,0.5687,0.5682,0.0002,0.8027,0.8039,0.8017,0.0005,-0.0001,-0.0001,-0.0001,0,0,0,0,0,0,0,0,0,0,0,0,0,179.5667,379,30,89.0106,0,0,0,0,336.1667,944,20,148.383,39,46.95,49,41,23.68,23.68,23.68
2022-11-26 20:10:00,1.9529,3.706,0.6332,0.7087,120,88.9069,28.6859,120,80.2856,80.3552,80.1721,0.0448,120,26.8433,26.8804,26.8102,0.0217,120,1008.5813,1008.7283,1008.3438,0.0903,120,0,0,0,0,120,0,0,0,0,120,14.1048,14.2604,13.7689,0.2296,120,120,0,0,0,0,0,120,None,None,None,None,0,3.4764,3.4788,3.4724,0.0015,0.5684,0.5688,0.5681,0.0002,0.8029,0.8036,0.8017,0.0004,-0.0001,-0.0001,-0.0001,0,0,0,0,0,0,0,0,0,0,0,0,0,189.4417,380,46,77.0361,0,0,0,0,259.5,940,24,100.2942,39,46.65,49,39,23.68,23.68,23.63
2022-11-26 20:20:00,1.8408,4.9756,0.3848,0.8941,120,92.2567,41.4292,120,80.1447,80.2332,80.0195,0.0557,120,26.8798,26.8957,26.8621,0.0089,120,1008.667,1008.7283,1008.5086,0.0841,120,0,0,0,0,120,0,0,0,0,120,14.0106,14.2604,13.7689,0.2467,120,120,0,0,0,0,0,120,None,None,None,None,0,3.4778,3.4788,3.4751,0.0014,0.5688,0.569,0.5686,0.0001,0.8014,0.8023,0.8002,0.0006,-0.0001,-0.0001,-0.0001,0,0,0,0,0,0,0,0,0,0,0,0,0,177.2583,518,19,97.1876,0,0,0,0,282.4833,941,31,141.2207,39,46.9333,49,41,23.68,23.68,23.63
2022-11-26 20:30:00,1.7251,4.1476,0.4676,0.8708,120,99.9195,51.1571,120,80.0142,80.1111,79.8975,0.0498,120,26.8302,26.8682,26.798,0.0225,120,1008.5998,1008.7283,1008.5086,0.0921,120,0,0,0,0,120,0,0,0,0,120,14.0065,14.7535,13.7689,0.2548,120,120,0,0,0,0,0,120,None,None,None,None,0,3.4767,3.4788,3.4751,0.0015,0.5683,0.5687,0.568,0.0002,0.8001,0.8011,0.799,0.0005,-0.0001,-0.0001,-0.0001,0,0,0,0,0,0,0,0,0,0,0,0,0,164.6833,428,28,94.6539,0,0,0,0,329.7917,964,7,178.3504,39,46.8167,49,41,23.68,23.68,23.68
2022-11-26 20:40:00,2.2141,4.7548,0.6792,0.9108,120,86.2685,31.5813,120,80.0043,80.1111,79.8669,0.0588,120,26.8156,26.8377,26.7827,0.0135,120,1008.7576,1008.9114,1008.5086,0.0896,120,0,0,0,0,120,0,0,0,0,120,14.027,14.7535,13.7689,0.2546,120,120,0,0,0,0,0,120,None,None,None,None,0,3.4793,3.4819,3.4751,0.0015,0.5682,0.5684,0.5678,0.0001,0.8,0.8011,0.7987,0.0006,-0.0001,-0.0001,-0.0001,0,0,0,0,0,0,0,0,0,0,0,0,0,217.8333,494,51,99.0019,0,0,0,0,253.25,821,53,101.4213,38.4,46.9667,49,41,23.68,23.68,23.63
2022-11-26 20:50:00,2.0761,4.1108,0.3848,0.832,120,93.6673,40.2766,120,80.0157,80.1111,79.928,0.0495,120,26.8131,26.8377,26.7858,0.016,120,1008.7158,1008.9114,1008.4902,0.0692,120,0,0,0,0,120,0,0,0,0,120,13.9778,14.2604,13.2775,0.2522,120,120,0,0,0,0,0,120,None,None,None,None,0,3.4786,3.4819,3.4748,0.0012,0.5681,0.5684,0.5679,0.0002,0.8002,0.8011,0.7993,0.0005,-0.0001,-0.0001,-0.0001,0,0,0,0,0,0,0,0,0,0,0,0,0,202.8333,424,19,90.4334,0,0,0,0,286.475,927,54,136.077,38,46.9333,49,45,23.68,23.68,23.68
2022-11-26 21:00:00,2.1318,4.6812,0.4676,0.9894,120,91.1732,39.9876,120,79.9265,80.05,79.7449,0.0818,120,26.7418,26.8285,26.7064,0.0347,120,1008.7486,1008.9114,1008.5086,0.0843,120,0,0,0,0,120,0,0,0,0,120,13.9778,14.2604,13.2775,0.2522,120,120,0,0,0,0,0,120,None,None,None,None,0,3.4791,3.4819,3.4751,0.0014,0.5674,0.5683,0.5671,0.0003,0.7993,0.8005,0.7974,0.0008,-0.0001,-0.0001,-0.0001,0,0,0,0,0,0,0,0,0,0,0,0,0,208.8917,486,28,107.5436,0,0,0,0,277.65,1022,27,136.4651,38,46.75,49,41,23.68,23.68,23.68
2022-11-26 21:10:00,2.0018,4.5616,0.8264,0.792,120,90.4699,33.8871,120,80.002,80.0806,79.928,0.036,120,26.7134,26.7309,26.6942,0.0078,120,1008.8676,1009.0945,1008.6917,0.0933,120,0,0,0,0,120,0,0,0,0,120,13.9573,14.2604,13.2775,0.2483,120,120,0,0,0,0,0,120,None,None,None,None,0,3.4811,3.4849,3.4782,0.0016,0.5671,0.5673,0.5669,0.0001,0.8,0.8008,0.7993,0.0004,-0.0001,-0.0001,-0.0001,0,0,0,0,0,0,0,0,0,0,0,0,0,194.7583,473,67,86.0863,0,0,0,0,258.1333,606,7,98.622,38,46.85,49,41,23.68,23.68,23.63
2022-11-26 21:20:00,1.6539,3.8072,0.2836,0.8593,120,100.5836,41.4917,120,79.901,79.989,79.7754,0.0565,120,26.6685,26.7064,26.6424,0.015,120,1008.9709,1009.0945,1008.8748,0.0927,120,0,0,0,0,120,0,0,0,0,120,13.9942,14.2604,13.2775,0.254,120,120,0,0,0,0,0,120,None,None,None,None,0,3.4828,3.4849,3.4812,0.0015,0.5667,0.5671,0.5664,0.0001,0.799,0.7999,0.7978,0.0006,-0.0001,-0.0001,-0.0001,0,0,0,0,0,0,0,0,0,0,0,0,0,156.9417,391,8,93.3986,0,0,0,0,304.6167,1011,10,140.5879,38,46.6667,49,41,23.68,23.68,23.68
2022-11-26 21:30:00,1.6721,3.0896,0.4492,0.5068,120,96.1498,31.8335,120,79.9554,80.0195,79.928,0.0215,120,26.6925,26.7095,26.6729,0.0099,120,1008.8553,1009.0945,1008.6917,0.1126,120,0,0,0,0,120,0,0,0,0,120,13.9901,14.2604,13.7689,0.2455,120,120,0,0,0,0,0,120,None,None,None,None,0,3.4809,3.4849,3.4782,0.0019,0.5669,0.5671,0.5667,0.0001,0.7996,0.8002,0.7993,0.0002,-0.0001,-0.0001,-0.0001,0,0,0,0,0,0,0,0,0,0,0,0,0,158.925,313,26,55.085,0,0,0,0,280.9083,731,103,98.4157,38,46.8167,49,41,23.68,23.68,23.68
2022-11-26 21:40:00,1.7681,3.8164,0.5044,0.7073,120,94.6932,33.2593,120,80.1024,80.2332,79.928,0.1011,120,26.637,26.6729,26.6118,0.0194,120,1008.7562,1008.9114,1008.6734,0.0912,120,0,0,0,0,120,0,0,0,0,120,13.9819,14.2604,13.7689,0.2446,120,120,0,0,0,0,0,120,None,None,None,None,0,3.4793,3.4819,3.4779,0.0015,0.5664,0.5667,0.5661,0.0002,0.801,0.8023,0.7993,0.001,-0.0001,-0.0001,-0.0001,0,0,0,0,0,0,0,0,0,0,0,0,0,169.3583,392,32,76.8753,0,0,0,0,273.1417,680,3,98.9235,38,46.9333,49,43,23.68,23.68,23.63
2022-11-26 21:50:00,2.0379,4.2488,0.5044,0.7897,120,91.8352,38.44,120,80.3209,80.5078,80.1111,0.1055,120,26.5821,26.6179,26.5569,0.0146,120,1008.6761,1008.9114,1008.4902,0.0725,120,0,0,0,0,120,0,0,0,0,120,14.0106,14.2604,13.7689,0.2467,120,120,0,0,0,0,0,120,None,None,None,None,0,3.4779,3.4819,3.4748,0.0012,0.5658,0.5662,0.5656,0.0001,0.8032,0.8051,0.8011,0.0011,-0.0001,-0.0001,-0.0001,0,0,0,0,0,0,0,0,0,0,0,0,0,198.6833,439,32,85.8363,0,0,0,0,271.1167,986,17,126.6858,38,46.9667,49,41,23.68,23.68,23.63
2022-11-26 22:00:00,2.0263,4.1016,0.5412,0.8031,120,92.7777,36.3865,120,80.5386,80.6909,80.4163,0.0855,120,26.6177,26.6576,26.5935,0.017,120,1008.6399,1008.71,1008.4902,0.0864,120,0,0,0,0,120,0,0,0,0,120,14.0802,14.7535,13.7689,0.2462,120,120,0,0,0,0,0,120,None,None,None,None,0,3.4773,3.4785,3.4748,0.0014,0.5662,0.5666,0.5659,0.0002,0.8054,0.8069,0.8042,0.0009,-0.0001,-0.0001,-0.0001,0,0,0,0,0,0,0,0,0,0,0,0,0,197.425,423,36,87.2919,0,0,0,0,286.225,965,7,139.3107,38,46.8833,49,41,23.68,23.68,23.63
2022-11-26 22:10:00,1.5387,4.0188,0.2836,0.807,120,98.1053,57.6551,120,80.7019,80.7825,80.6604,0.0293,120,26.6861,26.7034,26.6485,0.0115,120,1008.5183,1008.6917,1008.4719,0.0582,120,0,0,0,0,120,0,0,0,0,120,14.0065,14.2604,13.7689,0.2466,120,120,0,0,0,0,0,120,None,None,None,None,0,3.4753,3.4782,3.4745,0.001,0.5669,0.567,0.5665,0.0001,0.807,0.8078,0.8066,0.0003,-0.0001,-0.0001,-0.0001,0,0,0,0,0,0,0,0,0,0,0,0,0,144.425,414,8,87.7178,0,0,0,0,336.9917,995,46,198.6717,37.7,46.6667,49,39,23.68,23.68,23.63
2022-11-26 22:20:00,2.0028,4.3224,0.3388,0.9886,120,78.8799,42.6719,120,80.8084,80.9351,80.6299,0.0712,120,26.662,26.679,26.6424,0.0073,120,1008.5025,1008.71,1008.3254,0.0429,120,0,0,0,0,120,0,0,0,0,120,13.9696,14.2604,13.2775,0.2588,120,120,0,0,0,0,0,120,None,None,None,None,0,3.475,3.4785,3.4721,0.0007,0.5666,0.5668,0.5664,0.0001,0.8081,0.8094,0.8063,0.0007,-0.0001,-0.0001,-0.0001,0,0,0,0,0,0,0,0,0,0,0,0,0,194.8667,447,14,107.4608,0,0,0,0,266.025,1001,3,175.5314,37,46.8833,47,41,23.68,23.68,23.63
2022-11-26 22:30:00,1.9719,3.7336,0.5504,0.7397,120,80.1187,38.2727,120,81.0218,81.2098,80.874,0.1057,120,26.6785,26.7339,26.6485,0.0244,120,1008.4747,1008.71,1008.3071,0.0731,120,0,0,0,0,120,0,0,0,0,120,14.0474,14.7535,13.7689,0.2528,120,120,0,0,0,0,0,120,None,None,None,None,0,3.4746,3.4785,3.4718,0.0012,0.5668,0.5673,0.5665,0.0002,0.8102,0.8121,0.8087,0.0011,-0.0001,-0.0001,-0.0001,0,0,0,0,0,0,0,0,0,0,0,0,0,191.5083,383,37,80.4002,0,0,0,0,241.7917,933,6,126.0399,37,46.7,47,41,23.68,23.68,23.68
2022-11-26 22:40:00,2.2943,5.0584,0.808,0.8989,120,97.6818,30.7921,120,81.062,81.2098,80.9046,0.0833,120,26.7112,26.7553,26.6637,0.0301,120,1008.3583,1008.5086,1008.124,0.0798,120,0,0,0,0,120,0,0,0,0,120,14.031,14.2604,13.2775,0.2543,120,120,0,0,0,0,0,120,None,None,None,None,0,3.4726,3.4751,3.4687,0.0013,0.5671,0.5675,0.5666,0.0003,0.8106,0.8121,0.809,0.0008,-0.0001,-0.0001,-0.0001,0,0,0,0,0,0,0,0,0,0,0,0,0,226.55,527,65,97.7075,0,0,0,0,289.7417,974,45,112.6456,37,46.7667,49,41,23.68,23.68,23.63
2022-11-26 22:50:00,2.2748,4.5708,0.6516,0.909,120,100.315,37.4095,120,81.3219,81.4539,81.1487,0.0776,120,26.6541,26.6729,26.6332,0.0092,120,1008.2765,1008.3254,1008.1057,0.0764,120,0,0,0,0,120,0,0,0,0,120,13.9368,14.2604,13.7689,0.2341,120,120,0,0,0,0,0,120,None,None,None,None,0,3.4713,3.4721,3.4684,0.0013,0.5665,0.5667,0.5663,0.0001,0.8132,0.8145,0.8115,0.0008,-0.0001,-0.0001,-0.0001,0,0,0,0,0,0,0,0,0,0,0,0,0,224.4333,474,48,98.808,0,0,0,0,303.3,864,88,125.656,37,46.8833,49,41,23.68,23.68,23.63
2022-11-26 23:00:00,2.09,3.982,0.4676,0.7925,120,93.2056,34.7428,120,81.5218,81.6065,81.4234,0.0546,120,26.6257,26.6515,26.5905,0.0157,120,1008.1399,1008.3254,1007.9409,0.0545,120,0,0,0,0,120,0,0,0,0,120,13.9,14.2604,13.7689,0.2182,120,120,0,0,0,0,0,120,None,None,None,None,0,3.469,3.4721,3.4657,0.0009,0.5663,0.5665,0.5659,0.0002,0.8152,0.8161,0.8142,0.0005,-0.0001,-0.0001,-0.0001,0,0,0,0,0,0,0,0,0,0,0,0,0,204.35,410,28,86.1425,0,0,0,0,288.1917,994,41,141.3768,37,46.8833,49,41,23.68,23.68,23.63
2022-11-26 23:10:00,1.8139,4.488,0.5504,0.9195,120,88.2621,45.7864,120,81.6062,81.7286,81.2708,0.1169,120,26.568,26.5996,26.4867,0.0326,120,1008.0754,1008.1423,1007.9226,0.0859,120,0,0,0,0,120,0,0,0,0,120,13.8631,14.2604,13.2775,0.2323,120,120,0,0,0,0,0,120,None,None,None,None,0,3.4679,3.469,3.4654,0.0014,0.5657,0.566,0.5649,0.0003,0.8161,0.8173,0.8127,0.0012,-0.0001,-0.0001,-0.0001,0,0,0,0,0,0,0,0,0,0,0,0,0,174.3333,465,37,99.9454,0,0,0,0,301.2333,1018,4,184.5462,37,46.9667,49,41,23.68,23.68,23.63
2022-11-26 23:20:00,2.0343,5.1044,0.486,0.8781,120,91.9128,41.6609,120,81.6711,81.7286,81.5455,0.0374,120,26.5269,26.5691,26.4837,0.0255,120,1007.8494,1008.1423,1007.7395,0.1045,120,0,0,0,0,120,0,0,0,0,120,13.9041,14.2604,13.2775,0.2465,120,120,0,0,0,0,0,120,None,None,None,None,0,3.4642,3.469,3.4623,0.0017,0.5653,0.5657,0.5648,0.0003,0.8167,0.8173,0.8155,0.0004,-0.0001,-0.0001,-0.0001,0,0,0,0,0,0,0,0,0,0,0,0,0,198.2917,532,30,95.4434,0,0,0,0,295.4667,1021,86,159.0809,37,46.85,47,41,23.68,23.68,23.63
2022-11-26 23:30:00,1.8723,4.3224,0.578,0.8224,120,93.7416,33.5812,120,81.6108,81.698,81.5455,0.0327,120,26.5775,26.5966,26.5569,0.0098,120,1007.7219,1007.7761,1007.5564,0.0796,120,0,0,0,0,120,0,0,0,0,120,13.9368,14.2604,13.2775,0.2426,120,120,0,0,0,0,0,120,None,None,None,None,0,3.462,3.4629,3.4593,0.0013,0.5658,0.566,0.5656,0.0001,0.8161,0.817,0.8155,0.0003,-0.0001,-0.0001,-0.0001,0,0,0,0,0,0,0,0,0,0,0,0,0,180.6833,447,40,89.3911,0,0,0,0,269.0083,556,78,96.6828,37,46.8,47,41,23.68,23.68,23.63
2022-11-26 23:40:00,1.8002,5.3068,0.256,1.1085,120,89.5603,44.8255,120,81.6113,81.7286,81.3623,0.0865,120,26.5503,26.5935,26.505,0.0324,120,1007.7157,1007.7761,1007.5564,0.0816,120,0,0,0,0,120,0,0,0,0,120,13.8672,14.2604,13.2775,0.217,120,120,0,0,0,0,0,120,None,None,None,None,0,3.4619,3.4629,3.4593,0.0014,0.5655,0.5659,0.5651,0.0003,0.8161,0.8173,0.8136,0.0009,-0.0001,-0.0001,-0.0001,0,0,0,0,0,0,0,0,0,0,0,0,0,172.85,554,5,120.4859,0,0,0,0,288.0833,1019,34,168.6943,37,46.8167,47,41,23.68,23.68,23.63
2022-11-26 23:50:00,1.8357,4.0004,0.4768,0.8695,120,76.9305,49.2225,120,81.7367,81.8812,81.637,0.0584,120,26.5012,26.5233,26.4806,0.0097,120,1007.6331,1007.7761,1007.5381,0.0935,120,0,0,0,0,120,0,0,0,0,120,13.8918,14.2604,13.7689,0.2137,120,120,0,0,0,0,0,120,None,None,None,None,0,3.4606,3.4629,3.459,0.0016,0.565,0.5652,0.5648,0.0001,0.8174,0.8188,0.8164,0.0006,-0.0001,-0.0001,-0.0001,0,0,0,0,0,0,0,0,0,0,0,0,0,176.7083,412,29,94.5133,0,0,0,0,255.5417,980,4,174.1358,37,46.5333,47,41,23.68,23.68,23.63
