datetime,Anemometer;wind_speed;Avg (m/s),Anemometer;wind_speed;Max (m/s),Anemometer;wind_speed;Min (m/s),Anemometer;wind_speed;StdDev (m/s),Anemometer;wind_speed;Count (),Wind Vane TMR;wind_direction;Avg (°),Wind Vane TMR;wind_direction;StdDev (°),Wind Vane TMR;wind_direction;Count (),Hygro/Thermo;humidity;Avg (%),Hygro/Thermo;humidity;Max (%),Hygro/Thermo;humidity;Min (%),Hygro/Thermo;humidity;StdDev (%),Hygro/Thermo;humidity;Count (),Hygro/Thermo;temperature;Avg (°C),Hygro/Thermo;temperature;Max (°C),Hygro/Thermo;temperature;Min (°C),Hygro/Thermo;temperature;StdDev (°C),Hygro/Thermo;temperature;Count (),Barometer;air_pressure;Avg (hPa),Barometer;air_pressure;Max (hPa),Barometer;air_pressure;Min (hPa),Barometer;air_pressure;StdDev (hPa),Barometer;air_pressure;Count (),DHI (Diffuse Horizontal Irradiance);solar_irradiance;Avg (W/m²),DHI (Diffuse Horizontal Irradiance);solar_irradiance;Max (W/m²),DHI (Diffuse Horizontal Irradiance);solar_irradiance;Min (W/m²),DHI (Diffuse Horizontal Irradiance);solar_irradiance;StdDev (W/m²),DHI (Diffuse Horizontal Irradiance);solar_irradiance;Count (),GHI (Global Horizontal Irradiance);solar_irradiance;Avg (W/m²),GHI (Global Horizontal Irradiance);solar_irradiance;Max (W/m²),GHI (Global Horizontal Irradiance);solar_irradiance;Min (W/m²),GHI (Global Horizontal Irradiance);solar_irradiance;StdDev (W/m²),GHI (Global Horizontal Irradiance);solar_irradiance;Count (),DNI (Direct Normal Irradiance) Pyrheliometer;solar_DNI;Avg (W/m²),DNI (Direct Normal Irradiance) Pyrheliometer;solar_DNI;Max (W/m²),DNI (Direct Normal Irradiance) Pyrheliometer;solar_DNI;Min (W/m²),DNI (Direct Normal Irradiance) Pyrheliometer;solar_DNI;StdDev (W/m²),DNI (Direct Normal Irradiance) Pyrheliometer;solar_DNI;Count (),Precipitation;precipitation;Count (),Precipitation;precipitation;Sum (mm),GTI (Global Tilt Irradiance) PV Cell;voltage;Avg (W/m2),GTI (Global Tilt Irradiance) PV Cell;voltage;Max (W/m2),GTI (Global Tilt Irradiance) PV Cell;voltage;Min (W/m2),GTI (Global Tilt Irradiance) PV Cell;voltage;StdDev (W/m2),GTI (Global Tilt Irradiance) PV Cell;voltage;Count (),Theta;other;Avg (°),Theta;other;Max (°),Theta;other;Min (°),Theta;other;StdDev (°),Theta;other;Count (),A1;channel;Avg (V),A1;channel;Max (V),A1;channel;Min (V),A1;channel;StdDev (V),A2;channel;Avg (V),A2;channel;Max (V),A2;channel;Min (V),A2;channel;StdDev (V),A3;channel;Avg (V),A3;channel;Max (V),A3;channel;Min (V),A3;channel;StdDev (V),A4;channel;Avg (V),A4;channel;Max (V),A4;channel;Min (V),A4;channel;StdDev (V),A5;channel;Avg (V),A5;channel;Max (V),A5;channel;Min (V),A5;channel;StdDev (V),A6;channel;Avg (V),A6;channel;Max (V),A6;channel;Min (V),A6;channel;StdDev (V),A7;channel;Avg (V),A7;channel;Max (V),A7;channel;Min (V),A7;channel;StdDev (V),C1;channel;Avg (I),C1;channel;Max (I),C1;channel;Min (I),C1;channel;StdDev (I),C2;channel;Avg (I),C2;channel;Max (I),C2;channel;Min (I),C2;channel;StdDev (I),D1;channel;Avg (),D1;channel;Max (),D1;channel;Min (),D1;channel;StdDev (),T;channel;Avg (°C),I;channel;Avg (mA),I;channel;Max (mA),I;channel;Min (mA),V;channel;Avg (V),V;channel;Max (V),V;channel;Min (V)
2022-11-28 00:00:00,1.3641,2.8872,0.4584,0.554,120,88.0981,39.8996,120,80.9259,80.9961,80.874,0.0239,120,26.2332,26.2426,26.2212,0.0045,120,1005.06,1005.1393,1004.9379,0.0874,120,0,0,0,0,120,0,0,0,0,120,13.8467,14.2604,13.2775,0.2113,120,120,0,0,0,0,0,120,None,None,None,None,0,3.4177,3.419,3.4156,0.0015,0.5623,0.5624,0.5622,0.0001,0.8093,0.81,0.8087,0.0002,-0.0001,-0.0001,-0.0001,0,0,0,0,0,0,0,0,0,0,0,0,0,125.4417,291,27,60.2153,0,0,0,0,259.7833,704,33,118.0454,36,47.9833,51,45,23.67,23.68,23.63
2022-11-28 00:10:00,1.8996,3.4668,0.6056,0.7837,120,89.5132,36.9115,120,80.8341,80.9351,80.5689,0.0981,120,26.2118,26.2456,26.1541,0.0317,120,1005.0069,1005.1393,1004.9379,0.0835,120,0,0,0,0,120,0,0,0,0,120,13.8754,14.2604,13.2775,0.2313,120,120,0,0,0,0,0,120,None,None,None,None,0,3.4168,3.419,3.4156,0.0014,0.5621,0.5625,0.5615,0.0003,0.8083,0.8094,0.8057,0.001,-0.0001,-0.0001,-0.0001,0,0,0,0,0,0,0,0,0,0,0,0,0,183.65,354,43,85.1802,0,0,0,0,277.225,895,43,132.4173,36,48.0333,49,45,23.67,23.68,23.63
2022-11-28 00:20:00,1.2517,3.1172,0.2192,0.6577,120,79.5869,48.6505,120,80.8392,80.9351,80.6604,0.0714,120,26.1927,26.212,26.1663,0.0092,120,1005.0055,1005.1393,1004.7548,0.0972,120,0,0,0,0,120,0,0,0,0,120,13.8181,14.7535,13.2775,0.2333,120,120,0,0,0,0,0,120,None,None,None,None,0,3.4168,3.419,3.4126,0.0016,0.5619,0.5621,0.5617,0.0001,0.8084,0.8094,0.8066,0.0007,-0.0001,-0.0001,-0.0001,0,0,0,0,0,0,0,0,0,0,0,0,0,113.225,316,1,71.4843,0,0,0,0,279.6,987,16,182.7931,36,48.5833,53,47,23.67,23.68,23.63
2022-11-28 00:30:00,1.6553,4.0464,0.3204,0.784,120,66.023,44.0437,120,80.6815,80.752,80.5994,0.0397,120,26.1842,26.2059,26.1632,0.0106,120,1004.9744,1005.1393,1004.7365,0.0876,120,0,0,0,0,120,0,0,0,0,120,13.8181,14.2604,13.2775,0.2151,120,120,0,0,0,0,0,120,None,None,None,None,0,3.4162,3.419,3.4123,0.0015,0.5618,0.5621,0.5616,0.0001,0.8068,0.8075,0.806,0.0004,-0.0001,-0.0001,-0.0001,0,0,0,0,0,0,0,0,0,0,0,0,0,157.1,417,12,85.2207,0,0,0,0,259.4667,1007,10,211.4643,36,48.3667,53,45,23.67,23.68,23.63
2022-11-28 00:40:00,1.3372,3.4668,0.2376,0.6307,120,81.2632,51.0957,120,80.5353,80.6299,80.4468,0.0467,120,26.1858,26.2029,26.1724,0.0071,120,1005.0418,1005.1393,1004.9196,0.0894,120,0,0,0,0,120,0,0,0,0,120,13.7607,14.2604,13.2775,0.2013,120,120,0,0,0,0,0,120,None,None,None,None,0,3.4174,3.419,3.4153,0.0015,0.5619,0.562,0.5617,0.0001,0.8054,0.8063,0.8045,0.0005,-0.0001,-0.0001,-0.0001,0,0,0,0,0,0,0,0,0,0,0,0,0,122.5167,354,3,68.5576,0,0,0,0,287.8833,1022,10,190.5971,36,46.8333,47,41,23.67,23.68,23.63
2022-11-28 00:50:00,1.585,2.9056,0.3388,0.6057,120,76.7307,41.9444,120,80.3591,80.4468,80.2942,0.0351,120,26.1395,26.1968,26.1052,0.0232,120,1004.9338,1005.1393,1004.7548,0.0872,120,0,0,0,0,120,0,0,0,0,120,13.8099,14.2604,13.2775,0.2073,120,120,0,0,0,0,0,120,None,None,None,None,0,3.4156,3.419,3.4126,0.0015,0.5614,0.562,0.5611,0.0002,0.8036,0.8045,0.8029,0.0004,-0.0001,-0.0001,-0.0001,0,0,0,0,0,0,0,0,0,0,0,0,0,149.4583,293,14,65.839,0,0,0,0,249.6167,973,28,151.2929,36,46.9333,49,43,23.67,23.68,23.63
2022-11-28 01:00:00,1.0488,2.4088,0,0.5185,120,76.1223,51.8562,120,80.2876,80.3858,80.1721,0.056,120,26.1101,26.1235,26.0961,0.0054,120,1004.874,1004.9562,1004.7365,0.0889,120,0,0,0,0,120,0,0,0,0,120,13.7771,14.2604,13.2775,0.191,120,120,0,0,0,0,0,120,None,None,None,None,0,3.4146,3.4159,3.4123,0.0015,0.5611,0.5612,0.561,0.0001,0.8029,0.8039,0.8017,0.0006,-0.0001,-0.0001,-0.0001,0,0,0,0,0,0,0,0,0,0,0,0,0,91.3667,239,0,56.0087,0,0,0,0,301.125,1018,8,231.4019,36,46.9333,47,41,23.67,23.68,23.63
2022-11-28 01:10:00,1.822,4.2672,0.4952,0.7694,120,84.5086,37.2156,120,80.2395,80.3247,80.1721,0.0306,120,26.1291,26.1663,26.1083,0.0156,120,1004.7343,1004.9562,1004.5534,0.1321,120,0,0,0,0,120,0,0,0,0,120,13.8508,14.2604,13.2775,0.2145,120,120,0,0,0,0,0,120,None,None,None,None,0,3.4122,3.4159,3.4092,0.0022,0.5613,0.5617,0.5611,0.0002,0.8024,0.8032,0.8017,0.0003,-0.0001,-0.0001,-0.0001,0,0,0,0,0,0,0,0,0,0,0,0,0,175.2167,441,31,83.634,0,0,0,0,265.0833,994,47,137.1545,36,46.8,47,41,23.67,23.68,23.63
2022-11-28 01:20:00,1.5573,4.0648,0.4216,0.8158,120,76.167,49.0104,120,80.1719,80.3247,79.9585,0.1139,120,26.1922,26.2243,26.1541,0.018,120,1004.6948,1004.9379,1004.5534,0.0918,120,0,0,0,0,120,0,0,0,0,120,13.8017,14.2604,13.2775,0.2087,120,120,0,0,0,0,0,120,None,None,None,None,0,3.4116,3.4156,3.4092,0.0015,0.5619,0.5622,0.5615,0.0002,0.8017,0.8032,0.7996,0.0011,-0.0001,-0.0001,-0.0001,0,0,0,0,0,0,0,0,0,0,0,0,0,146.4417,419,23,88.6737,0,0,0,0,268.0667,972,0,192.6323,36,46.8,49,41,23.67,23.68,23.63
2022-11-28 01:30:00,1.6801,3.1908,0.2836,0.7421,120,77.8209,40.1763,120,80.1932,80.2637,80.1111,0.0429,120,26.1499,26.1602,26.1388,0.0043,120,1004.6126,1004.7731,1004.5534,0.0801,120,0,0,0,0,120,0,0,0,0,120,13.7157,14.2604,13.2775,0.2451,120,120,0,0,0,0,0,120,None,None,None,None,0,3.4102,3.4129,3.4092,0.0013,0.5615,0.5616,0.5614,0,0.8019,0.8026,0.8011,0.0004,-0.0001,-0.0001,-0.0001,0,0,0,0,0,0,0,0,0,0,0,0,0,159.7917,324,8,80.6654,0,0,0,0,252.8583,959,78,149.2544,36,46.8,49,41,23.67,23.68,23.63
2022-11-28 01:40:00,1.482,3.2092,0.4124,0.5749,120,76.0307,44.3337,120,80.28,80.3552,80.2026,0.0526,120,26.1263,26.1571,26.093,0.0151,120,1004.7362,1004.9379,1004.5717,0.0676,120,0,0,0,0,120,0,0,0,0,120,13.7566,14.2604,13.2775,0.1853,120,120,0,0,0,0,0,120,None,None,None,None,0,3.4123,3.4156,3.4095,0.0011,0.5613,0.5616,0.5609,0.0001,0.8028,0.8036,0.802,0.0005,-0.0001,-0.0001,-0.0001,0,0,0,0,0,0,0,0,0,0,0,0,0,138.2583,326,22,62.4928,0,0,0,0,244.95,783,15,147.1574,36,46.9333,47,41,23.67,23.68,23.63
2022-11-28 01:50:00,1.1214,2.4272,0,0.5183,120,75.6867,46.0651,120,80.5259,80.6909,80.3247,0.0983,120,26.0882,26.1052,26.0778,0.0053,120,1004.6608,1004.7731,1004.5534,0.0932,120,0,0,0,0,120,0,0,0,0,120,13.7566,14.2604,13.2775,0.2249,120,120,0,0,0,0,0,120,None,None,None,None,0,3.411,3.4129,3.4092,0.0016,0.5609,0.5611,0.5608,0.0001,0.8053,0.8069,0.8032,0.001,-0.0001,-0.0001,-0.0001,0,0,0,0,0,0,0,0,0,0,0,0,0,99.6333,241,0,55.1956,0,0,0,0,275.3417,966,15,188.9692,36,46.7167,49,41,23.67,23.68,23.63
2022-11-28 02:00:00,1.2921,3.0712,0.3572,0.6274,120,83.8369,41.6878,120,80.7225,80.7825,80.6604,0.0354,120,26.1145,26.1388,26.0961,0.0106,120,1004.7557,1004.9379,1004.5717,0.038,120,0,0,0,0,120,0,0,0,0,120,13.7853,14.2604,13.2775,0.2008,120,120,0,0,0,0,0,120,None,None,None,None,0,3.4126,3.4156,3.4095,0.0006,0.5611,0.5614,0.561,0.0001,0.8072,0.8078,0.8066,0.0004,-0.0001,-0.0001,-0.0001,0,0,0,0,0,0,0,0,0,0,0,0,0,117.625,311,16,68.1976,0,0,0,0,253.875,972,26,135.3685,36,46.8833,49,41,23.66,23.68,23.63
2022-11-28 02:10:00,1.0356,2.5376,0,0.5248,120,78.8065,51.2073,120,80.7398,80.7825,80.6909,0.0207,120,26.1362,26.1571,26.1083,0.011,120,1004.7455,1004.9379,1004.5534,0.0554,120,0,0,0,0,120,0,0,0,0,120,13.6952,13.7689,13.2775,0.1762,120,120,0,0,0,0,0,120,None,None,None,None,0,3.4124,3.4156,3.4092,0.0009,0.5614,0.5616,0.5611,0.0001,0.8074,0.8078,0.8069,0.0002,-0.0001,-0.0001,-0.0001,0,0,0,0,0,0,0,0,0,0,0,0,0,90.1167,253,0,56.3627,0,0,0,0,291.8667,1015,25,209.4453,36,46.9,49,41,23.66,23.68,23.63
2022-11-28 02:20:00,1.5557,2.7768,0.5504,0.5336,120,73.6995,37.1563,120,80.754,80.874,80.6909,0.0387,120,26.0679,26.1205,26.0167,0.0288,120,1004.6602,1004.7731,1004.5534,0.0933,120,0,0,0,0,120,0,0,0,0,120,13.7239,14.2604,13.2775,0.2207,120,120,0,0,0,0,0,120,None,None,None,None,0,3.411,3.4129,3.4092,0.0016,0.5607,0.5612,0.5602,0.0003,0.8075,0.8087,0.8069,0.0004,-0.0001,-0.0001,-0.0001,0,0,0,0,0,0,0,0,0,0,0,0,0,146.2667,279,37,58.0001,0,0,0,0,231.6917,1002,46,135.6945,36,46.8167,47,41,23.66,23.68,23.63
2022-11-28 02:30:00,1.829,3.522,0.6608,0.6452,120,70.3417,32.3502,120,80.7993,80.874,80.6604,0.0522,120,25.9842,26.0289,25.9374,0.0269,120,1004.6207,1004.7731,1004.5534,0.0835,120,0,0,0,0,120,0,0,0,0,120,13.7526,14.2604,13.2775,0.2201,120,120,0,0,0,0,0,120,None,None,None,None,0,3.4103,3.4129,3.4092,0.0014,0.5598,0.5603,0.5594,0.0003,0.808,0.8087,0.8066,0.0005,-0.0001,-0.0001,-0.0001,0,0,0,0,0,0,0,0,0,0,0,0,0,175.9833,360,49,70.135,0,0,0,0,217.6917,926,29,120.0344,36,46.75,49,41,23.66,23.68,23.63
2022-11-28 02:40:00,1.3092,2.3812,0.348,0.4701,120,68.2111,52.1192,120,80.6846,80.8435,80.5383,0.09,120,25.9491,25.9587,25.9374,0.0047,120,1004.61,1004.7548,1004.5534,0.079,120,0,0,0,0,120,0,0,0,0,120,13.6952,14.2604,13.2775,0.1979,120,120,0,0,0,0,0,120,None,None,None,None,0,3.4102,3.4126,3.4092,0.0013,0.5595,0.5596,0.5594,0.0001,0.8068,0.8084,0.8054,0.0009,-0.0001,-0.0001,-0.0001,0,0,0,0,0,0,0,0,0,0,0,0,0,119.475,236,15,51.0952,0,0,0,0,282.1583,1005,1,224.7064,36,46.8833,49,41,23.66,23.68,23.63
2022-11-28 02:50:00,1.8106,3.9544,0.4584,0.7271,120,68.436,33.9888,120,80.4422,80.6299,80.2637,0.1014,120,25.9723,25.9893,25.9435,0.0107,120,1004.5706,1004.7548,1004.3886,0.0415,120,0,0,0,0,120,0,0,0,0,120,13.7607,14.2604,13.2775,0.2013,120,120,0,0,0,0,0,120,None,None,None,None,0,3.4095,3.4126,3.4065,0.0007,0.5597,0.5599,0.5594,0.0001,0.8044,0.8063,0.8026,0.001,-0.0001,-0.0001,-0.0001,0,0,0,0,0,0,0,0,0,0,0,0,0,173.9833,407,27,79.0297,0,0,0,0,220.075,834,11,132.9602,36,46.8833,47,41,23.66,23.68,23.63
2022-11-28 03:00:00,1.8175,4.1292,0.3388,0.7415,120,79.0987,37.3292,120,80.2032,80.2942,80.1111,0.0375,120,25.9939,26.0167,25.977,0.0098,120,1004.5793,1004.7548,1004.3703,0.0656,120,0,0,0,0,120,0,0,0,0,120,13.7362,14.2604,13.2775,0.2274,120,120,0,0,0,0,0,120,None,None,None,None,0,3.4097,3.4126,3.4062,0.0011,0.5599,0.5602,0.5598,0.0001,0.802,0.8029,0.8011,0.0004,-0.0001,-0.0001,-0.0001,0,0,0,0,0,0,0,0,0,0,0,0,0,174.7333,426,14,80.6,0,0,0,0,244.575,981,4,136.9936,35.2,46.8833,49,41,23.66,23.68,23.63
2022-11-28 03:10:00,1.6499,2.924,0.7252,0.5379,120,71.574,32.9808,120,80.0628,80.2026,79.989,0.0582,120,26.022,26.0381,25.9923,0.0106,120,1004.5714,1004.7548,1004.3703,0.0724,120,0,0,0,0,120,0,0,0,0,120,13.728,14.2604,13.2775,0.2168,120,120,0,0,0,0,0,120,None,None,None,None,0,3.4095,3.4126,3.4062,0.0012,0.5602,0.5604,0.5599,0.0001,0.8006,0.802,0.7999,0.0006,-0.0001,-0.0001,-0.0001,0,0,0,0,0,0,0,0,0,0,0,0,0,156.5083,295,56,58.4717,0,0,0,0,227.1917,1001,36,136.6336,35,46.7667,49,41,23.66,23.68,23.63
2022-11-28 03:20:00,1.6944,3.2368,0.486,0.5764,120,66.9323,26.4257,120,80.0869,80.1721,80.0195,0.0369,120,25.992,26.0137,25.9801,0.0055,120,1004.5701,1004.7548,1004.3703,0.0584,120,0,0,0,0,120,0,0,0,0,120,13.7362,14.2604,13.2775,0.2087,120,120,0,0,0,0,0,120,None,None,None,None,0,3.4095,3.4126,3.4062,0.001,0.5599,0.5601,0.5598,0.0001,0.8009,0.8017,0.8002,0.0004,-0.0001,-0.0001,-0.0001,0,0,0,0,0,0,0,0,0,0,0,0,0,161.35,329,30,62.6574,0,0,0,0,195.7917,673,20,85.1052,35,46.9333,47,41,23.65,23.68,23.63
2022-11-28 03:30:00,1.7288,3.2,0.7344,0.5366,120,62.4665,28.2176,120,80.1594,80.2026,80.0806,0.032,120,25.9833,26.0015,25.9679,0.008,120,1004.5111,1004.7365,1004.3703,0.0889,120,0,0,0,0,120,0,0,0,0,120,13.7362,14.2604,13.2775,0.1883,120,120,0,0,0,0,0,120,None,None,None,None,0,3.4085,3.4123,3.4062,0.0015,0.5598,0.56,0.5597,0.0001,0.8016,0.802,0.8008,0.0003,-0.0001,-0.0001,-0.0001,0,0,0,0,0,0,0,0,0,0,0,0,0,165.0917,325,57,58.3218,0,0,0,0,198.1583,883,54,121.911,35,46.9333,49,41,23.66,23.68,23.63
2022-11-28 03:40:00,1.6774,3.8348,0.2376,0.8637,120,63.1561,39.9677,120,80.2342,80.2942,80.1721,0.0311,120,25.9865,25.9984,25.974,0.0062,120,1004.4182,1004.59,1004.3519,0.0803,120,0,0,0,0,120,0,0,0,0,120,13.728,14.2604,13.2775,0.1755,120,120,0,0,0,0,0,120,None,None,None,None,0,3.407,3.4098,3.4059,0.0013,0.5599,0.56,0.5597,0.0001,0.8023,0.8029,0.8017,0.0003,-0.0001,-0.0001,-0.0001,0,0,0,0,0,0,0,0,0,0,0,0,0,159.5,394,3,93.882,0,0,0,0,229.4917,886,14,173.2546,35,46.8833,49,41,23.66,23.68,23.63
2022-11-28 03:50:00,1.991,3.5772,0.6424,0.6665,120,53.8818,30.8172,120,80.2769,80.3247,80.2026,0.027,120,26.0041,26.0259,25.9801,0.0123,120,1004.409,1004.5717,1004.2055,0.0777,120,0,0,0,0,120,0,0,0,0,120,13.7403,14.2604,13.2775,0.1721,120,120,0,0,0,0,0,120,None,None,None,None,0,3.4068,3.4095,3.4034,0.0013,0.56,0.5603,0.5598,0.0001,0.8028,0.8032,0.802,0.0003,-0.0001,-0.0001,-0.0001,0,0,0,0,0,0,0,0,0,0,0,0,0,193.5833,366,47,72.4422,0,0,0,0,185.1833,950,30,150.1344,35,47,49,45,23.65,23.68,23.63
2022-11-28 04:00:00,1.735,3.4576,0.532,0.6302,120,58.0101,35.9709,120,80.3344,80.4468,80.2637,0.0326,120,26.0611,26.093,26.0137,0.0211,120,1004.4069,1004.5717,1004.2055,0.0762,120,0,0,0,0,120,0,0,0,0,120,13.7526,14.2604,13.2775,0.2201,120,120,0,0,0,0,0,120,None,None,None,None,0,3.4068,3.4095,3.4034,0.0013,0.5606,0.5609,0.5601,0.0002,0.8033,0.8045,0.8026,0.0003,-0.0001,-0.0001,-0.0001,0,0,0,0,0,0,0,0,0,0,0,0,0,165.7583,353,35,68.4969,0,0,0,0,233.925,1019,5,214.3234,35,46.9667,49,43,23.66,23.68,23.63
2022-11-28 04:10:00,1.8791,4.0648,0.578,0.8029,120,62.7346,36.1984,120,80.2965,80.3552,80.1721,0.0583,120,26.0625,26.09,26.0167,0.0254,120,1004.3429,1004.5717,1004.1871,0.0759,120,0,0,0,0,120,0,0,0,0,120,13.7485,14.2604,13.2775,0.2151,120,120,0,0,0,0,0,120,None,None,None,None,0,3.4057,3.4095,3.4031,0.0013,0.5606,0.5609,0.5602,0.0003,0.803,0.8036,0.8017,0.0006,-0.0001,-0.0001,-0.0001,0,0,0,0,0,0,0,0,0,0,0,0,0,181.425,419,40,87.2704,0,0,0,0,233.4667,1019,4,191.4576,35,46.9,47,41,23.65,23.68,23.63
2022-11-28 04:20:00,1.6943,3.568,0.44,0.6273,120,60.8214,34.989,120,80.3626,80.4163,80.3247,0.0234,120,26.021,26.0442,26.0045,0.007,120,1004.3425,1004.3886,1004.1871,0.0666,120,0,0,0,0,120,0,0,0,0,120,13.7362,14.2604,13.2775,0.1883,120,120,0,0,0,0,0,120,None,None,None,None,0,3.4057,3.4065,3.4031,0.0011,0.5602,0.5604,0.5601,0.0001,0.8036,0.8042,0.8032,0.0002,-0.0001,-0.0001,-0.0001,0,0,0,0,0,0,0,0,0,0,0,0,0,161.3417,365,25,68.1805,0,0,0,0,210.7333,1020,4,165.2284,35,46.8667,49,41,23.66,23.68,23.63
2022-11-28 04:30:00,2.0099,4.5248,0.6792,0.7809,120,59.0845,32.5955,120,80.3451,80.4773,80.2637,0.0467,120,26.0649,26.1144,26.032,0.0259,120,1004.3782,1004.5717,1004.2055,0.0445,120,0.002,0.2402,0,0.0219,120,0,0,0,0,120,13.8099,14.2604,13.2775,0.2168,120,120,0,0.0483,0.6104,0,0.1187,120,None,None,None,None,0,3.4063,3.4095,3.4034,0.0007,0.5606,0.5611,0.5603,0.0003,0.8035,0.8048,0.8026,0.0005,-0.0001,-0.0001,-0.0001,0,0,0,0,0,0,0,0,0,0,0.0006,0,0.0001,195.6417,469,51,84.8844,0,0,0,0,196.575,992,17,143.9417,35,46.9333,49,41,23.66,23.68,23.63
2022-11-28 04:40:00,1.6192,3.7612,0.4216,0.7247,120,77.8327,42.385,120,80.1352,80.2637,79.928,0.0962,120,26.0901,26.1205,26.0625,0.0163,120,1004.5045,1004.59,1004.3519,0.0891,120,0.807,2.163,0,0.7508,120,0.8487,2.1981,0,0.6548,120,13.6829,14.2604,13.2775,0.1981,120,120,0,1.6124,3.0518,0.3052,0.8533,120,None,None,None,None,0,3.4084,3.4098,3.4059,0.0015,0.5609,0.5612,0.5606,0.0002,0.8014,0.8026,0.7993,0.001,-0.0001,-0.0001,-0.0001,0,0,0,0,0,0,0,0,0,0.0016,0.0031,0.0003,0.0009,153.175,386,23,78.777,0,0,0,0,269.0417,992,21,177.239,35,46.7667,49,41,23.65,23.68,23.63
2022-11-28 04:50:00,1.5775,3.1172,0.5964,0.5058,120,75.8358,35.4812,120,79.9661,80.0195,79.8669,0.0339,120,26.0346,26.0808,25.9831,0.0287,120,1004.573,1004.7548,1004.3703,0.0661,120,4.5938,8.6512,1.922,2.0132,120,4.6987,8.4262,2.1981,1.8357,120,13.6829,14.2604,13.2775,0.244,120,120,0,5.3407,8.8504,3.0518,1.6893,120,89.39,89.75,89,0.28,51,3.4096,3.4126,3.4062,0.0011,0.5604,0.5608,0.5598,0.0003,0.7997,0.8002,0.7987,0.0003,-0.0001,-0.0001,-0.0001,0,0.0001,0.0001,0,0,0,0.0001,0,0,0.0053,0.0089,0.0031,0.0017,148.6417,316,42,54.9828,0,0,0,0,231.6833,917,39,121.6318,35,46.8667,47,41,23.66,23.68,23.63
2022-11-28 05:00:00,1.684,3.6876,0.348,0.7417,120,71.4982,36.6763,120,79.9081,79.989,79.7754,0.0596,120,25.9967,26.0381,25.9587,0.0234,120,1004.7095,1004.7731,1004.5534,0.0734,120,14.0557,22.5882,8.6512,3.9659,120,13.9342,22.3481,8.4262,3.9488,120,13.7853,14.2604,13.2775,0.2201,120,120,0,13.8859,22.5837,8.5452,3.9459,120,87.74,89,86.5,0.67,120,3.4118,3.4129,3.4092,0.0012,0.56,0.5604,0.5596,0.0002,0.7991,0.7999,0.7978,0.0006,-0.0001,-0.0001,-0.0001,0,0.0002,0.0003,0.0001,0.0001,0.0001,0.0002,0.0001,0,0.0139,0.0226,0.0085,0.0039,160.2167,378,15,80.6216,0,0,0,0,231.8417,1015,1,150.9862,35,46.8167,49,39,23.65,23.68,23.63
2022-11-28 05:10:00,1.1859,2.7492,0.3112,0.5098,120,70.3633,32.1555,120,79.738,79.8669,79.6533,0.0474,120,26.0773,26.1296,26.032,0.0284,120,1004.7143,1004.7731,1004.5534,0.0647,120,31.5598,52.8669,21.1465,9.4616,120,31.3062,53.1236,21.2497,9.5125,120,14.0065,14.7535,13.7689,0.2777,120,120,0,31.0577,50.3555,21.0578,8.9982,120,85.42,86.5,84.24,0.68,120,3.4119,3.4129,3.4092,0.0011,0.5608,0.5613,0.5603,0.0003,0.7974,0.7987,0.7965,0.0005,-0.0001,-0.0001,-0.0001,0,0.0004,0.0007,0.0003,0.0001,0.0003,0.0004,0.0002,0.0001,0.0311,0.0504,0.0211,0.009,106.075,276,11,55.4109,0,0,0,0,225.4583,1005,24,141.6349,35,46.8833,47,41,23.65,23.68,23.63
2022-11-28 05:20:00,1.3253,3.154,0.302,0.7035,120,76.203,47.5978,120,79.589,79.6838,79.4702,0.0574,120,26.1866,26.27,26.1296,0.0384,120,1004.7336,1004.9196,1004.5534,0.0375,120,62.1744,68.4866,53.3472,4.1682,120,64.7648,99.2857,53.4898,7.6493,120,30.825,240.4705,14.2604,35.4957,120,120,0,55.2512,60.7318,50.6607,3.3041,120,83.11,84.24,81.98,0.68,120,3.4122,3.4153,3.4092,0.0006,0.5619,0.5627,0.5613,0.0004,0.7959,0.7968,0.7947,0.0006,-0.0002,-0.0001,-0.0015,0.0002,0.0008,0.0009,0.0007,0.0001,0.0005,0.0008,0.0004,0.0001,0.0553,0.0607,0.0507,0.0033,121.225,320,10,76.4712,0,0,0,0,263.8583,1014,24,173.878,35,46.8333,49,41,23.67,23.68,23.63
2022-11-28 05:30:00,1.5267,3.0528,0.3204,0.59,120,70.6732,35.4993,120,79.2937,79.5312,79.104,0.1303,120,26.3343,26.3585,26.2639,0.0244,120,1004.7365,1004.9379,1004.5534,0.0447,120,76.9031,91.315,63.9205,10.3457,120,77.8045,93.0576,64.8475,10.5968,120,17.8752,49.6681,13.7689,7.672,120,120,0,75.5282,93.6918,57.9852,13.6749,120,80.79,81.98,79.71,0.68,120,3.4123,3.4156,3.4092,0.0007,0.5633,0.5636,0.5626,0.0002,0.7929,0.7953,0.791,0.0013,-0.0001,-0.0001,-0.0003,0,0.001,0.0012,0.0008,0.0001,0.0006,0.0008,0.0005,0.0001,0.0755,0.0937,0.058,0.0137,143.1167,309,12,64.1292,0,0,0,0,237.1583,963,21,156.8192,35,46.8833,49,41,23.66,23.68,23.63
2022-11-28 05:40:00,1.6055,3.5404,0.3204,0.7799,120,57.3011,30.3665,120,79.1063,79.3176,78.9514,0.0952,120,26.3964,26.4318,26.3433,0.0238,120,1004.7998,1004.9379,1004.5717,0.0923,120,68.6046,80.0213,61.037,5.2644,120,69.2681,80.6014,61.1837,5.3539,120,13.9328,14.2604,13.2775,0.2412,120,120,0,67.2679,79.6533,59.2059,5.4866,120,78.46,79.71,77.19,0.68,120,3.4133,3.4156,3.4095,0.0015,0.564,0.5643,0.5634,0.0002,0.7911,0.7932,0.7895,0.001,-0.0001,-0.0001,-0.0001,0,0.0009,0.001,0.0008,0.0001,0.0006,0.0007,0.0005,0,0.0673,0.0797,0.0592,0.0055,151.6833,362,12,84.7705,0,0,0,0,198.8333,1018,23,162.9753,35,46.8333,49,41,23.65,23.68,23.63
2022-11-28 05:50:00,1.8015,4.2672,0.44,0.8496,120,69.9816,42.3817,120,78.9313,79.104,78.7378,0.0983,120,26.3889,26.4104,26.3494,0.0169,120,1004.9162,1005.121,1004.7182,0.057,120,60.7647,71.8504,53.1071,5.8932,120,60.8172,71.0756,53.4898,5.3977,120,14.109,14.7535,13.2775,0.3111,120,120,0,57.0416,65.0044,50.9659,4.3082,120,76.13,77.19,74.92,0.68,120,3.4153,3.4187,3.412,0.0009,0.5639,0.5641,0.5635,0.0002,0.7893,0.791,0.7874,0.001,-0.0001,-0.0001,-0.0001,0,0.0008,0.0009,0.0007,0.0001,0.0005,0.0006,0.0004,0,0.057,0.065,0.051,0.0043,172.9917,441,25,92.3522,0,0,0,0,236.0417,911,25,158.2907,35,46.8333,47,41,23.65,23.68,23.63
2022-11-28 06:00:00,2.0526,4.534,0.762,0.7377,120,51.4504,29.122,120,78.9404,79.1345,78.5852,0.0983,120,26.4261,26.5874,26.3524,0.0707,120,1004.9236,1005.121,1004.7182,0.0648,120,85.7442,123.0354,69.2071,15.9688,120,128.6381,260.1212,69.2437,55.4633,120,158.1083,471.1038,13.7689,153.5206,120,120,0,93.3129,172.4296,61.9526,30.3059,120,73.81,74.92,72.65,0.68,120,3.4154,3.4187,3.412,0.0011,0.5643,0.5659,0.5635,0.0007,0.7894,0.7913,0.7859,0.001,-0.001,-0.0001,-0.0029,0.001,0.0011,0.0016,0.0009,0.0002,0.0011,0.0022,0.0006,0.0005,0.0933,0.1724,0.062,0.0303,200.2833,470,60,80.1845,0,0,0,0,180.0083,1012,25,157.0887,35,46.9333,47,41,23.66,23.68,23.63
2022-11-28 06:10:00,2.3313,4.4604,0.6332,0.9227,120,55.724,40.4983,120,78.4814,78.9514,77.5781,0.3467,120,26.9104,27.2527,26.5874,0.2011,120,1005.0926,1005.3041,1004.9196,0.0744,120,190.0258,210.5055,123.9968,25.6299,120,326.6787,406.3025,160.1032,72.7487,120,420.5802,574.3732,21.6371,177.1677,120,120,0,243.4919,306.711,121.7689,50.0486,120,71.48,72.65,70.38,0.68,120,3.4182,3.4217,3.4153,0.0012,0.5691,0.5725,0.5659,0.002,0.7848,0.7895,0.7758,0.0035,-0.0026,-0.0001,-0.0036,0.0011,0.0024,0.0027,0.0016,0.0003,0.0027,0.0034,0.0013,0.0006,0.2435,0.3067,0.1218,0.05,230.575,462,46,100.2927,0,0,0,0,213.9083,1020,23,189.2786,35,46.8667,49,41,23.66,23.68,23.63
2022-11-28 06:20:00,2.7012,4.5708,0.7344,0.8669,120,49.8949,32.721,120,77.0539,77.6086,76.5404,0.3218,120,27.3676,27.5182,27.2466,0.0676,120,1005.1019,1005.3041,1004.9196,0.0395,120,192.6992,207.8622,179.9874,7.9131,120,377.6895,432.3145,189.0468,65.8612,120,503.7242,609.2878,29.0139,166.888,120,120,0,284.0409,325.9377,156.2548,44.0546,120,69.15,70.38,68.11,0.68,120,3.4184,3.4217,3.4153,0.0007,0.5737,0.5752,0.5725,0.0007,0.7705,0.7761,0.7654,0.0032,-0.0031,-0.0002,-0.0038,0.001,0.0024,0.0026,0.0023,0.0001,0.0031,0.0036,0.0016,0.0005,0.284,0.3259,0.1563,0.0441,270.7833,474,57,94.2241,0,0,0,0,195,1006,5,193.0869,35,46.9333,47,45,23.66,23.68,23.63
2022-11-28 06:30:00,2.4073,4.0924,0.7344,0.8349,120,53.9943,32.262,120,75.6452,76.6625,74.4957,0.6135,120,27.7434,27.8509,27.5274,0.0993,120,1005.1375,1005.3224,1004.9196,0.0751,120,183.113,211.7071,136.0118,25.0782,120,424.8441,446.6038,355.0108,16.2392,120,585.934,626.0087,399.3071,31.761,120,120,0,320.0196,344.2488,268.2577,16.7776,120,66.82,67.86,65.59,0.68,120,3.419,3.422,3.4153,0.0013,0.5774,0.5785,0.5753,0.001,0.7565,0.7666,0.745,0.0061,-0.0036,-0.0025,-0.0039,0.0002,0.0023,0.0027,0.0017,0.0003,0.0035,0.0037,0.003,0.0001,0.32,0.3442,0.2683,0.0168,238.8417,422,57,90.7545,0,0,0,0,181.225,1002,5,152.9074,35,46.8333,49,41,23.66,23.68,23.63
2022-11-28 06:40:00,3.1367,6.0152,0.624,1.055,120,53.8113,30.7517,120,74.1729,74.8619,73.7327,0.3133,120,27.5736,27.8204,27.2558,0.2024,120,1005.1228,1005.3041,1004.9379,0.0528,120,145.3815,157.1583,130.0039,6.5898,120,286.2927,459.4262,132.9916,130.2548,120,315.8316,673.7093,16.2278,277.7561,120,120,0,213.8763,344.554,99.4903,94.6823,120,64.49,65.59,63.32,0.68,120,3.4187,3.4217,3.4156,0.0009,0.5757,0.5782,0.5726,0.002,0.7417,0.7486,0.7373,0.0031,-0.002,-0.0001,-0.0042,0.0017,0.0018,0.002,0.0017,0.0001,0.0024,0.0038,0.0011,0.0011,0.2139,0.3446,0.0995,0.0947,318.1167,631,45,114.6691,0,0,0,0,211.1667,1018,43,199.2831,35,46.85,47,41,23.66,23.68,23.63
2022-11-28 06:50:00,2.6109,5.9416,0.5964,1.2832,120,56.4885,48.9102,120,74.4977,75.045,73.8853,0.3038,120,27.4807,27.6281,27.2588,0.1215,120,1005.1793,1005.3224,1005.1027,0.0899,120,147.6022,167.4913,101.4079,17.6987,120,302.7427,501.9256,103.3157,159.163,120,325.0849,691.4115,13.7689,308.0842,120,120,0,233.5836,392.7732,79.9585,117.9699,120,62.17,63.32,61.05,0.68,120,3.4197,3.422,3.4184,0.0015,0.5748,0.5763,0.5726,0.0012,0.745,0.7505,0.7389,0.003,-0.002,-0.0001,-0.0043,0.0019,0.0019,0.0021,0.0013,0.0002,0.0025,0.0042,0.0009,0.0013,0.2336,0.3928,0.08,0.118,260.9667,623,42,139.4819,0,0,0,0,237.775,1012,0,218.3395,35,46.7833,47,41,23.66,23.68,23.63
2022-11-28 07:00:00,2.8071,4.8376,1.2496,0.9128,120,52.2813,38.0653,120,74.2615,74.984,73.9158,0.2975,120,27.2709,27.5762,27.0116,0.1838,120,1005.3348,1005.5055,1005.1027,0.0923,120,119.2084,197.0488,92.7567,26.352,120,120.5505,204.7995,95.2557,26.1105,120,14.191,26.5549,13.2775,1.2547,120,120,0,98.9919,180.9748,74.16,26.585,120,59.84,61.05,58.79,0.68,120,3.4222,3.4251,3.4184,0.0015,0.5727,0.5758,0.5701,0.0018,0.7426,0.7498,0.7392,0.003,-0.0001,-0.0001,-0.0002,0,0.0015,0.0025,0.0012,0.0003,0.001,0.0017,0.0008,0.0002,0.099,0.181,0.0742,0.0266,282.2917,503,113,99.2143,0,0,0,0,191.575,1006,4,174.4192,35.5,46.85,49,41,23.66,23.68,23.63
2022-11-28 07:10:00,2.1514,5.1872,0.532,0.8884,120,67.3256,46.4945,120,75.527,76.1132,75.045,0.2904,120,27.1535,27.4725,27.0086,0.124,120,1005.4367,1005.5055,1005.2858,0.0866,120,264.8842,314.5567,199.6921,34.5253,120,396.6979,732.3709,217.9892,177.5134,120,235.8636,728.785,14.7535,258.0835,120,120,0,338.3358,612.8117,195.3185,144.5314,120,57.52,58.79,56.27,0.67,120,3.4239,3.4251,3.4214,0.0014,0.5715,0.5747,0.5701,0.0012,0.7553,0.7611,0.7505,0.0029,-0.0015,-0.0001,-0.0045,0.0016,0.0034,0.004,0.0025,0.0004,0.0033,0.0061,0.0018,0.0015,0.3383,0.6128,0.1953,0.1445,211.0167,541,35,96.5694,0,0,0,0,239.775,959,28,175.8131,36,46.7833,47,41,23.66,23.68,23.63
2022-11-28 07:20:00,2.818,5.6012,0.5964,1.079,120,53.7481,33.5521,120,74.9229,75.7164,74.0379,0.5169,120,27.7242,27.8326,27.4725,0.0984,120,1005.4001,1005.5239,1005.3041,0.0904,120,256.7159,314.7969,204.4984,38.325,120,569.627,753.6206,278.0732,159.2536,120,514.2438,749.9307,15.7364,280.5205,120,120,0,475.0511,632.9539,241.7066,128.9131,120,55.2,56.27,54.02,0.68,120,3.4233,3.4254,3.4217,0.0015,0.5772,0.5783,0.5747,0.001,0.7492,0.7572,0.7404,0.0052,-0.0032,-0.0001,-0.0047,0.0017,0.0033,0.004,0.0026,0.0005,0.0047,0.0063,0.0023,0.0013,0.4751,0.633,0.2417,0.1289,283.475,586,42,117.2779,0,0,0,0,196.1083,990,38,170.4121,36,47,49,45,23.66,23.68,23.63
2022-11-28 07:30:00,2.907,6.0612,0.486,1.0252,120,54.5141,34.7154,120,74.1379,74.8009,73.336,0.3285,120,27.9495,28.0737,27.7807,0.0874,120,1005.2973,1005.5055,1005.121,0.0917,120,218.3515,239.1016,185.274,13.6547,120,598.2953,725.7767,197.8391,181.777,120,588.7001,770.0935,16.2278,273.4399,120,120,0,496.2513,606.708,159.3066,154.3309,120,52.89,54.02,51.77,0.68,120,3.4216,3.4251,3.4187,0.0015,0.5795,0.5807,0.5778,0.0009,0.7414,0.748,0.7334,0.0033,-0.0037,-0.0001,-0.0048,0.0017,0.0028,0.003,0.0024,0.0002,0.005,0.006,0.0016,0.0015,0.4963,0.6067,0.1593,0.1543,293.15,636,30,111.4305,0,0,0,0,191.4417,965,4,158.4093,36,46.8333,47,41,23.66,23.68,23.63
2022-11-28 07:40:00,3.3956,5.638,0.394,1.1631,120,60.1256,42.327,120,73.3385,73.9158,72.7561,0.2315,120,27.8884,28.0523,27.7288,0.1025,120,1005.251,1005.3407,1005.121,0.0947,120,187.7589,238.8614,154.7551,19.3159,120,432.6875,745.5606,161.9352,245.6597,120,365.7164,793.2066,14.7535,351.2682,120,120,0,354.0096,620.4413,124.8207,206.9462,120,50.59,51.77,49.52,0.67,120,3.4209,3.4223,3.4187,0.0016,0.5789,0.5805,0.5773,0.001,0.7334,0.7392,0.7276,0.0023,-0.0023,-0.0001,-0.0049,0.0022,0.0024,0.003,0.002,0.0002,0.0036,0.0062,0.0013,0.002,0.354,0.6204,0.1248,0.2069,346.2583,590,20,126.4281,0,0,0,0,226.4,985,24,182.8809,36,46.85,47,41,23.67,23.68,23.63
2022-11-28 07:50:00,3.1718,5.8864,0.7344,1.0238,120,64.1794,30.9334,120,73.5087,74.1295,72.8477,0.371,120,27.5787,27.7288,27.4938,0.0697,120,1005.2423,1005.3591,1005.121,0.0951,120,228.5804,277.3102,184.3126,24.4338,120,505.7933,839.7167,188.3133,271.954,120,396.103,812.8762,14.2604,363.8288,120,120,0,426.3232,710.7761,148.6251,236.1547,120,48.29,49.52,47.03,0.67,120,3.4207,3.4227,3.4187,0.0016,0.5758,0.5773,0.5749,0.0007,0.7351,0.7413,0.7285,0.0037,-0.0025,-0.0001,-0.005,0.0023,0.0029,0.0035,0.0023,0.0003,0.0042,0.007,0.0016,0.0023,0.4263,0.7108,0.1486,0.2362,321.9333,617,57,111.284,0,0,0,0,202.475,1014,29,126.1133,36.1,46.8667,49,43,23.67,23.68,23.63
2022-11-28 08:00:00,2.99,5.9692,0.7068,1.0991,120,63.0965,37.57,120,73.765,74.221,73.2139,0.2791,120,27.9165,28.1286,27.683,0.1179,120,1005.2814,1005.3591,1005.1393,0.0872,120,255.7588,344.3543,194.1654,42.3199,120,738.1352,953.2917,320.2065,148.4978,120,652.7065,806.9755,16.7193,233.1712,120,120,0,635.1741,833.1553,280.1599,132.9639,120,45.99,47.03,44.81,0.67,120,3.4214,3.4227,3.419,0.0015,0.5792,0.5813,0.5768,0.0012,0.7377,0.7422,0.7321,0.0028,-0.0041,-0.0001,-0.005,0.0014,0.0032,0.0044,0.0025,0.0005,0.0061,0.0079,0.0027,0.0012,0.6352,0.8332,0.2802,0.133,302.175,626,54,119.4628,0,0,0,0,210.3417,1015,17,161.3398,37,46.95,49,43,23.67,23.68,23.63
2022-11-28 08:10:00,3.3949,5.8588,1.5164,1.0005,120,53.1647,26.6454,120,73.0216,73.6106,72.1152,0.416,120,28.1093,28.1896,28.034,0.0396,120,1005.322,1005.3591,1005.1576,0.0603,120,267.5816,358.5323,161.9646,64.0227,120,831.7362,955.4898,314.7107,130.1289,120,732.3548,827.1366,124.9065,173.0844,120,120,0,725.8802,849.6353,277.4133,118.5819,120,43.71,44.81,42.59,0.67,120,3.422,3.4227,3.4193,0.001,0.5811,0.5819,0.5803,0.0004,0.7302,0.7361,0.7212,0.0042,-0.0045,-0.0008,-0.0051,0.0011,0.0034,0.0046,0.0021,0.0008,0.0069,0.008,0.0026,0.0011,0.7259,0.8496,0.2774,0.1186,346.1833,614,142,108.7505,0,0,0,0,162.2083,984,21,108.3715,37,46.8833,49,41,23.67,23.68,23.63
2022-11-28 08:20:00,3.0307,6.1624,0.762,1.1719,120,58.5199,38.356,120,72.055,73.0918,70.925,0.6193,120,28.2196,28.3422,28.0279,0.0947,120,1005.3076,1005.5239,1005.1576,0.0808,120,185.448,263.8528,156.1969,32.13,120,792.4921,921.0504,228.9808,155.1603,120,759.3074,836.4808,20.6542,209.5118,120,120,0,681.5546,831.6294,187.994,138.4547,120,41.45,42.59,40.38,0.66,120,3.4218,3.4254,3.4193,0.0013,0.5822,0.5834,0.5803,0.0009,0.7205,0.7309,0.7093,0.0062,-0.0047,-0.0001,-0.0052,0.0013,0.0024,0.0034,0.002,0.0004,0.0066,0.0077,0.0019,0.0013,0.6816,0.8316,0.188,0.1385,306.6,647,60,127.3788,0,0,0,0,216.0583,1021,11,190.9042,37,46.8667,49,41,23.67,23.68,23.63
2022-11-28 08:30:00,3.8728,6.4384,1.0748,1.0763,120,47.985,28.4982,120,70.9438,71.8101,70.1621,0.418,120,27.9941,28.2751,27.8539,0.1219,120,1005.3236,1005.5605,1005.1576,0.0837,120,224.1288,296.2937,194.1654,19.5964,120,704.1544,983.3337,201.503,250.0758,120,578.9427,855.659,15.7364,309.2313,120,120,0,608.7374,865.5049,162.3585,225.0404,120,39.2,40.38,38.2,0.65,120,3.4221,3.426,3.4193,0.0014,0.5799,0.5827,0.5785,0.0012,0.7094,0.7181,0.7016,0.0042,-0.0036,-0.0001,-0.0053,0.0019,0.0028,0.0038,0.0025,0.0002,0.0059,0.0082,0.0017,0.0021,0.6087,0.8655,0.1624,0.225,398.1333,677,94,116.9839,0,0,0,0,170.4833,959,9,150.9021,37.2,46.9333,49,41,23.67,23.68,23.63
2022-11-28 08:40:00,3.5589,6.2544,0.5964,1.0835,120,42.3218,32.5826,120,71.9715,72.4815,71.4743,0.2467,120,28.0223,28.1774,27.8875,0.0741,120,1005.2554,1005.3957,1005.1576,0.09,120,331.5784,386.1669,275.3874,31.8723,120,808.5939,1100.2053,285.7671,257.7632,120,558.9364,852.2172,16.7193,298.3805,120,120,0,716.806,992.1567,246.2844,232.4763,120,36.96,37.95,35.79,0.65,120,3.4209,3.4233,3.4193,0.0015,0.5802,0.5818,0.5789,0.0007,0.7197,0.7248,0.7147,0.0025,-0.0035,-0.0001,-0.0053,0.0019,0.0042,0.0049,0.0035,0.0004,0.0067,0.0092,0.0024,0.0021,0.7168,0.9922,0.2463,0.2325,364.0083,657,42,117.7686,0,0,0,0,171.675,985,0,189.4016,38,46.75,47,41,23.67,23.68,23.63
2022-11-28 08:50:00,3.0927,5.8036,0.7252,1.0936,120,45.0357,44.712,120,71.8113,72.573,71.1386,0.3449,120,28.3406,28.4094,28.1774,0.0593,120,1005.2292,1005.3957,1005.1759,0.0753,120,336.5948,405.3913,282.5969,33.8675,120,821.5603,1125.1176,312.1465,288.6063,120,553.5025,872.3783,17.7038,334.6893,120,120,0,723.482,1005.2797,262.4592,262.3369,120,34.75,35.79,33.64,0.64,120,3.4205,3.4233,3.4196,0.0013,0.5834,0.5841,0.5818,0.0006,0.7181,0.7257,0.7114,0.0034,-0.0034,-0.0001,-0.0054,0.0021,0.0043,0.0051,0.0036,0.0004,0.0068,0.0094,0.0026,0.0024,0.7235,1.0053,0.2625,0.2623,313.3417,608,56,118.8742,0,0,0,0,247.5417,1007,8,260.1611,38,46.7333,49,41,23.68,23.68,23.63
2022-11-28 09:00:00,2.7631,6.788,0.3756,1.465,120,54.7563,49.2789,120,71.4896,72.2983,70.2841,0.5741,120,28.4406,28.6901,28.2934,0.0989,120,1005.2057,1005.3957,1005.0111,0.0511,120,263.3723,392.1748,182.3898,71.2023,120,912.6702,1133.545,318.3745,208.8451,120,718.1554,869.428,16.7193,271.47,120,120,0,800.9888,1010.1627,271.0044,186.5965,120,32.56,33.64,31.53,0.64,120,3.4201,3.4233,3.4169,0.0009,0.5844,0.5869,0.5829,0.001,0.7149,0.723,0.7028,0.0057,-0.0045,-0.0001,-0.0054,0.0017,0.0033,0.005,0.0023,0.0009,0.0076,0.0094,0.0027,0.0017,0.801,1.0102,0.271,0.1866,277.5083,715,18,159.2405,0,0,0,0,241,994,4,225.8563,38,46.8167,47,41,23.68,23.68,23.63
2022-11-28 09:10:00,3.4101,6.2176,1.2036,0.9875,120,50.5679,33.1168,120,70.4802,71.0471,70.0705,0.2722,120,28.554,28.7268,28.4185,0.0982,120,1005.212,1005.3957,1004.9928,0.0883,120,297.7157,381.3614,233.0945,35.2193,120,719.7374,1143.8031,267.0828,301.1434,120,457.6056,877.7876,16.2278,333.0049,120,120,0,630.7057,1012.299,216.9866,275.6071,120,30.41,31.53,29.45,0.62,120,3.4202,3.4233,3.4165,0.0015,0.5855,0.5873,0.5842,0.001,0.7048,0.7105,0.7007,0.0027,-0.0028,-0.0001,-0.0054,0.0021,0.0038,0.0048,0.003,0.0004,0.006,0.0095,0.0022,0.0025,0.6307,1.0123,0.217,0.2756,347.8333,653,108,107.3395,0,0,0,0,176.2,1004,4,159.2927,38.6,46.8833,49,41,23.68,23.68,23.63
2022-11-28 09:20:00,2.6285,5.5092,0.7804,1.0596,120,52.9858,47.6582,120,71.0692,71.6269,70.1315,0.3609,120,28.4203,28.5589,28.3148,0.0762,120,1005.2561,1005.414,1005.0111,0.085,120,332.4054,420.5307,281.3953,31.9104,120,764.9533,1179.3409,290.1645,355.9965,120,464.0639,880.2465,15.2449,382.5714,120,120,0,681.0587,1062.0441,248.7259,323.7677,120,28.3,29.45,27.18,0.61,120,3.4209,3.4236,3.4169,0.0014,0.5842,0.5856,0.5831,0.0008,0.7107,0.7163,0.7013,0.0036,-0.0029,-0.0001,-0.0055,0.0024,0.0042,0.0053,0.0036,0.0004,0.0064,0.0098,0.0024,0.003,0.6811,1.062,0.2487,0.3238,262.8833,576,62,115.1789,0,0,0,0,252.3833,1014,4,245.4695,39,46.9,47,43,23.68,23.68,23.63
2022-11-28 09:30:00,2.9378,6.0152,0.9,1.262,120,70.8211,45.3158,120,70.5835,71.8711,69.2465,0.6389,120,28.7271,28.8488,28.5314,0.0862,120,1005.2231,1005.414,1005.0111,0.0899,120,352.8693,474.1181,263.1323,62.7714,120,914.734,1215.9772,369.6663,288.0378,120,580.2951,883.1969,16.2278,326.8792,120,120,0,809.7095,1094.3937,318.3081,262.0027,120,26.24,27.18,25.21,0.59,120,3.4204,3.4236,3.4169,0.0015,0.5873,0.5885,0.5853,0.0009,0.7058,0.7187,0.6925,0.0064,-0.0036,-0.0001,-0.0055,0.002,0.0045,0.006,0.0033,0.0008,0.0076,0.0101,0.0031,0.0024,0.8097,1.0944,0.3183,0.262,296.5,631,75,137.1763,0,0,0,0,247.7833,958,16,179.1097,39,46.8667,47,41,23.68,23.68,23.68
2022-11-28 09:40:00,3.3533,6.052,0.6424,1.0696,120,60.2626,36.7639,120,70.2048,70.9861,69.4296,0.3625,120,28.6026,28.7146,28.4704,0.0818,120,1005.1531,1005.3957,1005.0111,0.0894,120,395.9196,489.0173,294.6118,56.984,120,993.5918,1315.9964,392.7467,309.4281,120,614.3904,891.5582,22.1286,317.2422,120,120,0,892.5367,1191.1374,346.9955,279.8939,120,24.25,25.21,23.3,0.57,120,3.4192,3.4233,3.4169,0.0015,0.586,0.5871,0.5847,0.0008,0.702,0.7099,0.6943,0.0036,-0.0038,-0.0001,-0.0055,0.002,0.005,0.0062,0.0037,0.0007,0.0083,0.011,0.0033,0.0026,0.8925,1.1911,0.347,0.2799,341.6667,635,47,116.2589,0,0,0,0,185.2583,603,8,114.1948,39.1,46.8667,49,41,23.68,23.68,23.63
2022-11-28 09:50:00,3.1106,7.0732,0.44,1.5425,120,48.7917,47.4504,120,70.9924,72.2983,69.9789,0.512,120,28.4972,28.6077,28.3941,0.0562,120,1005.0792,1005.2309,1004.8463,0.0822,120,315.3399,405.1512,209.785,60.2149,120,981.4375,1258.1104,338.5246,300.1919,120,669.9754,888.1147,17.2108,325.4593,120,120,0,878.6966,1160.9241,292.0621,273.4281,120,22.34,23.3,21.48,0.54,120,3.418,3.4205,3.4141,0.0014,0.585,0.5861,0.5839,0.0006,0.7099,0.723,0.6998,0.0051,-0.0042,-0.0001,-0.0055,0.002,0.004,0.0051,0.0027,0.0008,0.0082,0.0105,0.0028,0.0025,0.8787,1.1609,0.2921,0.2734,315.2833,746,25,167.6619,0,0,0,0,223.8833,1005,0,225.6782,40,46.2167,49,41,23.68,23.68,23.68
2022-11-28 10:00:00,3.5492,6.9352,0.762,1.3131,120,57.2232,45.188,120,70.426,72.2983,69.1549,0.7054,120,28.7826,28.9343,28.623,0.0949,120,1004.9428,1005.0661,1004.828,0.0934,120,202.3153,271.0622,175.4213,23.7636,120,1041.4365,1130.2473,552.4838,95.7903,120,840.6687,899.4264,305.3819,106.3906,120,120,0,927.6152,1012.6041,460.5243,85.3949,120,20.53,21.48,19.59,0.51,120,3.4157,3.4178,3.4138,0.0016,0.5878,0.5893,0.5862,0.0009,0.7043,0.723,0.6915,0.0071,-0.0052,-0.0019,-0.0056,0.0007,0.0026,0.0034,0.0022,0.0003,0.0087,0.0094,0.0046,0.0008,0.9276,1.0126,0.4605,0.0854,362.9583,731,60,142.7281,0,0,0,0,233.4167,980,11,209.0177,40,46.7167,47,41,23.68,23.68,23.68
2022-11-28 10:10:00,3.3158,6.7144,0.6332,1.4434,120,55.437,45.848,120,69.7844,70.5588,68.5141,0.5458,120,28.6794,28.7847,28.5528,0.0645,120,1004.8045,1005.0478,1004.6632,0.0939,120,187.016,264.8142,148.0268,25.1531,120,977.0838,1170.5474,222.3854,275.162,120,781.5594,905.3271,16.7193,282.0393,120,120,0,872.6157,1051.3627,184.3318,248.3947,120,18.86,19.59,18.05,0.46,120,3.4134,3.4175,3.4111,0.0016,0.5868,0.5878,0.5855,0.0006,0.6978,0.7056,0.6851,0.0055,-0.0049,-0.0001,-0.0056,0.0018,0.0024,0.0034,0.0019,0.0003,0.0081,0.0098,0.0019,0.0023,0.8726,1.0514,0.1843,0.2484,337.5917,707,46,156.8861,0,0,0,0,261.3833,1019,1,246.8455,40,46.7,49,41,23.68,23.68,23.68
2022-11-28 10:20:00,3.5159,6.466,0.8448,1.0914,120,48.7708,34.3318,120,69.2689,70.2841,68.6666,0.2619,120,28.6758,28.7207,28.6047,0.0275,120,1004.6014,1004.6999,1004.4801,0.0931,120,164.3053,188.878,144.9032,11.8957,120,1076.4736,1122.5534,1040.12,15.5393,120,894,904.3426,839.4312,8.0246,120,120,0,965.0741,1008.0264,905.179,14.4406,120,17.36,18.05,16.69,0.41,120,3.41,3.4117,3.408,0.0016,0.5868,0.5872,0.586,0.0003,0.6927,0.7028,0.6867,0.0026,-0.0055,-0.0052,-0.0056,0.0001,0.0021,0.0024,0.0018,0.0002,0.009,0.0094,0.0087,0.0001,0.9651,1.008,0.9052,0.0144,359.3417,680,69,118.6285,0,0,0,0,176.8917,985,4,167.5956,40,46.75,49,41,23.68,23.68,23.68
2022-11-28 10:30:00,3.9828,7.2756,0.8264,1.2966,120,41.4763,31.4663,120,69.0265,69.9484,67.8426,0.6063,120,28.5389,28.739,28.3117,0.1408,120,1004.4359,1004.4984,1004.297,0.0823,120,196.7202,265.7756,151.3913,28.0221,120,863.6928,1173.479,213.593,382.3906,120,650.0019,908.2775,15.2449,385.7664,120,120,0,769.4276,1069.3686,176.7022,351.899,120,16.09,16.69,15.58,0.33,120,3.4073,3.4083,3.405,0.0014,0.5854,0.5874,0.5831,0.0014,0.6903,0.6995,0.6784,0.0061,-0.004,-0.0001,-0.0056,0.0024,0.0025,0.0034,0.0019,0.0004,0.0072,0.0098,0.0018,0.0032,0.7694,1.0694,0.1767,0.3519,410.0833,768,67,140.9362,0,0,0,0,168.0083,1020,7,182.0767,40.6,46.7833,49,41,23.68,23.68,23.68
2022-11-28 10:40:00,3.6056,6.88,0.8724,1.2943,120,52.0419,36.2455,120,68.7597,69.4296,68.1783,0.31,120,28.6783,28.739,28.5345,0.0477,120,1004.4409,1004.6999,1004.297,0.0913,120,178.3611,213.389,149.2283,16.898,120,1113.4585,1167.617,1070.8956,21.9716,120,902.6179,910.2449,885.6558,5.5325,120,120,0,997.088,1043.4278,958.2812,19.3137,120,15.11,15.58,14.76,0.24,120,3.4073,3.4117,3.405,0.0015,0.5868,0.5874,0.5854,0.0005,0.6876,0.6943,0.6818,0.0031,-0.0056,-0.0055,-0.0056,0,0.0023,0.0027,0.0019,0.0002,0.0093,0.0097,0.0089,0.0002,0.9971,1.0434,0.9583,0.0193,369.0917,725,72,140.681,0,0,0,0,213.975,1011,2,207.754,41,46.7333,47,41,23.68,23.68,23.68
2022-11-28 10:50:00,3.1274,5.638,0.6332,1.2158,120,68.9951,36.7565,120,68.9896,70.04,67.9037,0.576,120,28.7968,28.9404,28.6749,0.0818,120,1004.2767,1004.4984,1004.1322,0.0886,120,209.8608,285.7205,154.7551,32.7635,120,1022.3121,1190.3313,246.5666,248.1278,120,784.3461,917.1286,20.6542,251.589,120,120,0,917.3966,1102.3286,205.3896,229.8873,120,14.46,14.69,14.25,0.13,120,3.4046,3.4083,3.4022,0.0015,0.588,0.5894,0.5867,0.0008,0.6899,0.7004,0.679,0.0058,-0.0049,-0.0001,-0.0057,0.0016,0.0027,0.0036,0.002,0.0004,0.0085,0.0099,0.0021,0.0021,0.9174,1.1023,0.2054,0.2299,317.1083,590,46,132.1474,0,0,0,0,213.9417,1007,4,134.5695,41,46.5667,47,41,23.68,23.68,23.63
2022-11-28 11:00:00,3.442,5.8496,0.716,1.2323,120,51.5434,40.8762,120,68.9652,69.6738,68.0258,0.4109,120,28.8162,28.8977,28.6871,0.0731,120,1004.1086,1004.3153,1003.9491,0.0797,120,255.6466,326.0913,198.4906,35.3111,120,886.203,1225.8691,274.4106,343.7018,120,605.969,910.2449,17.7038,349.2713,120,120,0,790.9965,1122.4708,228.5836,318.1321,120,14.19,14.25,14.17,0.02,120,3.4018,3.4053,3.3992,0.0013,0.5882,0.589,0.5869,0.0007,0.6897,0.6967,0.6803,0.0041,-0.0038,-0.0001,-0.0056,0.0022,0.0032,0.0041,0.0025,0.0004,0.0074,0.0102,0.0023,0.0029,0.791,1.1225,0.2286,0.3181,351.3,613,55,133.9448,0,0,0,0,239.5333,1013,27,237.8075,41,46.8167,47,41,23.68,23.68,23.63
2022-11-28 11:10:00,3.6295,6.8248,0.9368,1.2567,120,41.1014,36.0097,120,69.0151,69.7958,68.453,0.2712,120,28.6933,28.7909,28.6016,0.0503,120,1004.0507,1004.1505,1003.766,0.0968,120,303.0163,350.8425,272.7441,19.7174,120,920.2265,1278.2605,308.4826,378.9467,120,594.1135,908.2775,18.1953,370.2094,120,120,0,832.0312,1172.216,269.1732,349.5558,120,14.34,14.53,14.2,0.1,120,3.4008,3.4025,3.3961,0.0016,0.5869,0.5879,0.586,0.0005,0.6902,0.698,0.6845,0.0027,-0.0037,-0.0001,-0.0056,0.0023,0.0038,0.0045,0.0035,0.0003,0.0077,0.0106,0.0026,0.0032,0.832,1.1722,0.2692,0.3496,371.6833,719,79,136.5976,0,0,0,0,225.7333,1021,1,264.936,41,46.8333,47,41,23.68,23.68,23.68
2022-11-28 11:20:00,3.2444,6.0704,0.8816,1.2381,120,48.357,39.2595,120,69.6277,70.925,68.4835,0.5733,120,28.7456,28.9495,28.5192,0.1384,120,1003.9296,1004.1505,1003.7477,0.1013,120,308.5854,393.1362,230.4512,54.2529,120,973.2125,1304.6387,325.3349,327.5699,120,638.3553,901.8837,16.7193,346.4697,120,120,0,881.5068,1192.9685,292.9777,298.6567,120,14.88,15.23,14.53,0.21,120,3.3988,3.4025,3.3958,0.0017,0.5875,0.5895,0.5852,0.0014,0.6963,0.7093,0.6848,0.0057,-0.004,-0.0001,-0.0056,0.0022,0.0039,0.005,0.0029,0.0007,0.0081,0.0109,0.0027,0.0027,0.8815,1.193,0.293,0.2987,329.825,637,73,134.5779,0,0,0,0,205.2083,1020,7,209.6974,41,45.3167,49,41,23.68,23.68,23.68
2022-11-28 11:30:00,3.4332,7.064,1.0104,1.1987,120,49.7992,45.1937,120,69.8993,70.7419,69.1549,0.3914,120,28.8002,28.9068,28.7329,0.0489,120,1003.7623,1003.9674,1003.5646,0.0647,120,394.0833,470.5134,302.7819,41.6944,120,754.1729,1333.5822,356.4766,355.6027,120,353.6029,893.524,14.2604,344.3227,120,120,0,691.2163,1231.727,321.9703,331.0403,120,15.77,16.37,15.23,0.31,120,3.396,3.3995,3.3927,0.0011,0.588,0.5891,0.5873,0.0005,0.699,0.7074,0.6915,0.0039,-0.0022,-0.0001,-0.0055,0.0021,0.005,0.006,0.0038,0.0005,0.0063,0.0111,0.003,0.003,0.6912,1.2317,0.322,0.331,350.35,745,87,130.2947,0,0,0,0,228.35,1017,4,232.5407,41,41.85,47,39,23.68,23.68,23.68
2022-11-28 11:40:00,3.1006,5.8772,1.36,0.8975,120,65.6272,32.0521,120,69.7974,70.4978,69.0329,0.4176,120,28.6143,28.7725,28.4521,0.1155,120,1003.5174,1003.7843,1003.3815,0.1104,120,289.6335,375.1134,236.2181,34.4252,120,680.4809,1243.455,251.6951,422.3633,120,386.8129,896.9675,14.2604,392.2011,120,120,0,611.034,1134.6782,217.9022,390.4905,120,16.97,17.67,16.37,0.39,120,3.392,3.3964,3.3897,0.0018,0.5861,0.5877,0.5845,0.0011,0.698,0.705,0.6903,0.0042,-0.0024,-0.0001,-0.0056,0.0024,0.0037,0.0048,0.003,0.0004,0.0057,0.0104,0.0021,0.0035,0.611,1.1347,0.2179,0.3905,314.1917,616,125,97.5519,0,0,0,0,213.7917,1015,23,152.241,41,41.6667,47,39,23.68,23.73,23.63
2022-11-28 11:50:00,3.2282,6.88,0.3848,1.4832,120,44.8427,43.1896,120,70.0056,71.3523,68.4225,0.8247,120,28.7803,28.9892,28.4765,0.1607,120,1003.3258,1003.4181,1003.1983,0.0909,120,272.2716,356.3693,216.2732,38.1618,120,906.0083,1226.6026,320.5726,295.5589,120,622.324,896.9675,41.7999,318.242,120,120,0,815.7394,1094.0886,278.3288,274.028,120,18.4,19.16,17.67,0.45,120,3.3888,3.3903,3.3866,0.0015,0.5878,0.5899,0.5848,0.0016,0.7001,0.7135,0.6842,0.0082,-0.0039,-0.0003,-0.0056,0.002,0.0035,0.0045,0.0027,0.0005,0.0075,0.0102,0.0027,0.0025,0.8157,1.0941,0.2783,0.274,328.0667,725,19,161.212,0,0,0,0,243.8083,1021,0,262.6568,41,41.4333,47,39,23.68,23.73,23.68
2022-11-28 12:00:00,3.2476,6.7788,0.8816,1.1998,120,42.4907,38.4015,120,69.8777,70.4978,68.4835,0.4023,120,28.5244,28.6718,28.4613,0.0528,120,1003.2022,1003.3998,1002.9969,0.0602,120,307.5421,363.8189,249.1945,26.0351,120,660.8405,1226.9688,263.0528,388.4444,120,357.168,891.5582,15.2449,378.0553,120,120,0,596.9573,1119.7241,229.4992,358.5074,120,20.02,20.82,19.16,0.5,120,3.3867,3.39,3.3833,0.001,0.5852,0.5867,0.5846,0.0005,0.6988,0.705,0.6848,0.004,-0.0022,-0.0001,-0.0055,0.0023,0.0039,0.0046,0.0032,0.0003,0.0055,0.0102,0.0022,0.0032,0.597,1.1197,0.2295,0.3585,330.175,714,73,130.4183,0,0,0,0,222.15,1011,15,250.2254,41,41.6333,47,39,23.68,23.68,23.68
2022-11-28 12:10:00,3.7198,6.3556,1.36,1.1017,120,42.4165,37.8695,120,69.4433,70.4367,68.6972,0.516,120,28.7014,28.8885,28.449,0.1272,120,1003.0305,1003.2167,1002.8138,0.1264,120,307.2938,383.0433,232.8535,40.2054,120,775.0315,1276.7947,283.569,389.3361,120,475.1655,901.8837,15.2449,392.7697,120,120,0,695.3413,1175.573,240.791,360.9381,120,21.79,22.81,20.82,0.53,120,3.3838,3.3869,3.3802,0.0021,0.587,0.5889,0.5845,0.0013,0.6944,0.7044,0.687,0.0052,-0.0029,-0.0001,-0.0056,0.0024,0.0039,0.0049,0.003,0.0005,0.0065,0.0106,0.0024,0.0032,0.6953,1.1756,0.2408,0.3609,381.5,668,125,119.7506,0,0,0,0,213,998,1,243.9117,41,41.7333,47,39,23.68,23.68,23.68
2022-11-28 12:20:00,3.307,5.8404,0.7712,1.2755,120,58.9445,40.8779,120,70.0878,71.2302,69.3075,0.4326,120,28.3903,28.5101,28.3056,0.0496,120,1002.8141,1003.0335,1002.6307,0.0994,120,228.4482,301.3402,175.6614,30.56,120,987.4826,1136.1092,291.2629,231.3785,120,780.1784,900.9007,46.2246,252.5285,120,120,0,890.4004,1033.0515,253.6088,214.3117,120,23.68,24.69,22.81,0.56,120,3.3802,3.3839,3.3772,0.0017,0.5839,0.5851,0.5831,0.0005,0.7009,0.7123,0.6931,0.0043,-0.0048,-0.0003,-0.0056,0.0016,0.0029,0.0038,0.0022,0.0004,0.0082,0.0095,0.0024,0.0019,0.8904,1.0331,0.2536,0.2143,336.625,612,61,138.6437,0,0,0,0,222.2333,1002,2,191.4868,41,41.8333,47,39,23.68,23.73,23.68
2022-11-28 12:30:00,3.5028,6.2544,1.1484,1.2129,120,63.3119,32.2047,120,69.4004,71.3218,67.3543,1.0716,120,28.8574,29.0014,28.5223,0.1119,120,1002.6867,1002.8504,1002.4476,0.0799,120,198.7168,272.2638,148.9882,39.5265,120,968.6787,1106.7995,395.6783,166.3124,120,802.9058,902.3767,154.4119,195.2476,120,120,0,874.8741,1001.9227,339.0606,156.2416,120,25.65,26.65,24.69,0.59,120,3.3781,3.3808,3.3741,0.0013,0.5886,0.59,0.5852,0.0011,0.694,0.7132,0.6735,0.0107,-0.005,-0.001,-0.0056,0.0012,0.0025,0.0035,0.0019,0.0005,0.0081,0.0092,0.0033,0.0014,0.8749,1.0019,0.3391,0.1562,357.9167,657,102,131.8413,0,0,0,0,206.075,1020,7,145.9507,41,41.6333,49,39,23.68,23.68,23.68
2022-11-28 12:40:00,3.9671,6.7144,1.2864,1.2037,120,46.2597,30.3406,120,68.1168,68.6972,67.5069,0.2583,120,28.573,28.7329,28.4765,0.0642,120,1002.4282,1002.6673,1002.2462,0.1169,120,156.7838,178.0646,130.9654,15.004,120,985.3119,1020.7035,738.2329,37.2821,120,879.5422,897.4589,644.2024,34.6795,120,120,0,886.667,918.302,682.0887,33.3372,120,27.69,28.67,26.65,0.61,120,3.3738,3.3778,3.3708,0.0019,0.5857,0.5873,0.5848,0.0006,0.6812,0.687,0.6751,0.0026,-0.0055,-0.004,-0.0056,0.0002,0.002,0.0023,0.0017,0.0002,0.0082,0.0085,0.0061,0.0003,0.8867,0.9183,0.6821,0.0333,408.375,707,117,130.8414,0,0,0,0,172.3833,1022,12,175.3017,41,41.5833,47,39,23.68,23.73,23.68
2022-11-28 12:50:00,3.4129,7.202,0.6332,1.3292,120,49.1476,46.2467,120,67.0273,68.3309,65.9505,0.5717,120,28.835,29.0594,28.6474,0.1013,120,1002.3545,1002.4659,1002.2462,0.0951,120,135.3048,143.4614,130.7252,3.3046,120,952.4364,965.3818,941.934,7.4428,120,886.2342,895.9829,876.8047,5.435,120,120,0,856.6546,868.862,846.5834,6.5666,120,29.79,30.74,28.67,0.61,120,3.3726,3.3744,3.3708,0.0016,0.5884,0.5906,0.5865,0.001,0.6703,0.6833,0.6595,0.0057,-0.0055,-0.0054,-0.0056,0,0.0017,0.0018,0.0017,0,0.0079,0.008,0.0078,0.0001,0.8567,0.8689,0.8466,0.0066,348.1417,760,46,144.4797,0,0,0,0,235.0583,1022,15,234.4065,41,41.6,47,39,23.68,23.68,23.68
2022-11-28 13:00:00,3.5952,5.5828,0.6516,0.9967,120,47.1448,29.0261,120,65.9042,66.5304,65.2486,0.2909,120,28.9145,29.0594,28.7786,0.0978,120,1002.2257,1002.4476,1002.0631,0.0811,120,153.6699,163.4063,139.8567,6.4302,120,918.6633,952.9244,870.4922,25.425,120,847.2952,881.7225,795.1724,27.7828,120,120,0,823.9362,856.9597,779.4427,23.7622,120,31.93,33.08,30.97,0.63,120,3.3704,3.3741,3.3677,0.0014,0.5891,0.5906,0.5878,0.001,0.659,0.6653,0.6525,0.0029,-0.0053,-0.0049,-0.0055,0.0002,0.002,0.0021,0.0018,0.0001,0.0077,0.0079,0.0073,0.0002,0.8239,0.857,0.7794,0.0238,367.9583,584,48,108.3381,0,0,0,0,174.125,1017,15,166.7894,41,41.7667,47,39,23.68,23.68,23.68
2022-11-28 13:10:00,3.5087,6.8708,1.222,1.1916,120,55.1649,31.2715,120,66.7308,67.568,65.8284,0.3222,120,28.7928,28.8488,28.7329,0.0301,120,1002.0614,1002.2828,1001.8799,0.0886,120,164.4535,180.4677,157.3984,5.8693,120,843.8722,882.2161,795.3866,27.7608,120,772.6913,811.4003,713.5417,31.4007,120,120,0,754.7304,788.5983,709.8605,25.9567,120,34.11,35.21,33.08,0.64,120,3.3677,3.3714,3.3647,0.0015,0.5879,0.5885,0.5873,0.0003,0.6673,0.6757,0.6583,0.0032,-0.0048,-0.0044,-0.005,0.0002,0.0021,0.0023,0.002,0.0001,0.007,0.0073,0.0066,0.0002,0.7547,0.7886,0.7099,0.026,358.5583,724,110,129.5165,0,0,0,0,184.15,1012,7,151.63,41,41.45,47,39,23.68,23.73,23.68
2022-11-28 13:20:00,2.3301,5.4908,0.4768,1.075,120,75.8835,56.16,120,67.0581,68.0258,65.981,0.4648,120,29.0037,29.3402,28.684,0.2424,120,1001.9178,1002.0814,1001.7335,0.0628,120,196.3097,226.1252,177.3441,14.461,120,717.9788,840.0828,217.623,164.0261,120,608.4687,760.7493,22.6217,197.5495,120,120,0,641.555,749.5346,184.3318,148.7172,120,36.31,37.37,35.21,0.65,120,3.3653,3.368,3.3622,0.001,0.59,0.5934,0.5868,0.0024,0.6706,0.6803,0.6598,0.0046,-0.0038,-0.0001,-0.0047,0.0012,0.0025,0.0029,0.0023,0.0002,0.006,0.007,0.0018,0.0014,0.6416,0.7495,0.1843,0.1487,230.4417,574,29,116.8492,0,0,0,0,297.5167,1022,30,221.8733,41,41.4333,47,39,23.68,23.68,23.68
2022-11-28 13:30:00,3.1447,5.8496,0.6884,1.0094,120,54.265,35.7692,120,66.2811,67.4459,65.3401,0.5385,120,29.0214,29.331,28.7909,0.1414,120,1001.8003,1001.9166,1001.7151,0.089,120,209.4403,256.4031,195.126,17.2486,120,710.4957,818.1008,379.9244,82.6489,120,604.8666,720.4254,153.9204,107.1554,120,120,0,634.3323,729.6976,330.2103,75.4004,120,38.54,39.55,37.37,0.65,120,3.3633,3.3653,3.3619,0.0015,0.5902,0.5933,0.5879,0.0014,0.6628,0.6745,0.6534,0.0054,-0.0038,-0.001,-0.0045,0.0007,0.0027,0.0033,0.0025,0.0002,0.0059,0.0068,0.0032,0.0007,0.6343,0.7297,0.3302,0.0754,318.9917,613,52,109.7148,0,0,0,0,229.9917,1021,1,224.83,41,41.4833,47,39,23.68,23.73,23.68
2022-11-28 13:40:00,2.4203,4.7088,0.6792,0.8312,120,65.4252,47.6487,120,67.5558,68.6056,66.1946,0.5435,120,28.9499,29.2395,28.8153,0.1217,120,1001.745,1001.9166,1001.6968,0.0593,120,207.9564,256.6441,193.9244,14.94,120,724.4391,814.8043,289.431,122.2011,120,639.0847,758.2904,62.4541,167.5026,120,120,0,645.6216,737.3272,248.1155,110.0446,120,40.78,42,39.55,0.65,120,3.3624,3.3653,3.3616,0.001,0.5895,0.5924,0.5881,0.0012,0.6756,0.6861,0.6619,0.0054,-0.004,-0.0004,-0.0047,0.001,0.0026,0.0033,0.0025,0.0002,0.006,0.0068,0.0024,0.001,0.6456,0.7373,0.2481,0.11,240.25,489,51,90.3428,0,0,0,0,265.15,1017,11,227.4925,41,41.6,47,41,23.68,23.73,23.68
2022-11-28 13:50:00,3.2058,5.8312,1.1116,0.9929,120,52.9532,38.9257,120,67.2475,68.1478,66.2557,0.5489,120,29.0847,29.3463,28.8275,0.1545,120,1001.6211,1001.8983,1001.3489,0.0996,120,224.4672,269.3795,193.2039,23.9631,120,666.5589,782.9304,259.7551,137.4987,120,566.3702,741.5711,57.5363,189.639,120,120,0,593.0331,698.2635,221.8696,123.8912,120,43.05,44.21,42,0.66,120,3.3604,3.365,3.3558,0.0017,0.5908,0.5935,0.5883,0.0015,0.6725,0.6815,0.6626,0.0055,-0.0035,-0.0004,-0.0046,0.0012,0.0029,0.0034,0.0025,0.0003,0.0056,0.0065,0.0022,0.0011,0.593,0.6983,0.2219,0.1239,325.625,611,98,107.92,0,0,0,0,202.9,1016,0,192.5364,41,41.7167,47,39,23.68,23.68,23.68
2022-11-28 14:00:00,3.3035,6.098,0.6332,1.3306,120,41.8344,37.0926,120,68.4945,70.0095,67.4764,0.6412,120,28.6924,28.8763,28.504,0.1279,120,1001.5424,1001.7335,1001.532,0.0254,120,256.2534,296.7748,232.3732,17.2169,120,504.4988,689.8727,263.7851,134.2021,120,333.6006,541.426,28.5224,177.4239,120,120,0,446.9131,618.6102,228.8888,121.8606,120,45.32,46.44,44.21,0.67,120,3.359,3.3622,3.3589,0.0004,0.5869,0.5888,0.585,0.0013,0.6849,0.7001,0.6748,0.0064,-0.0021,-0.0002,-0.0034,0.0011,0.0033,0.0038,0.003,0.0002,0.0042,0.0057,0.0022,0.0011,0.4469,0.6186,0.2289,0.1219,336.25,640,46,144.6306,0,0,0,0,198.025,974,5,222.3747,41,41.3,47,39,23.68,23.73,23.63
2022-11-28 14:10:00,3.268,6.5396,0.8724,1.3125,120,51.7,38.9762,120,69.6732,70.6198,68.7887,0.5086,120,28.5315,28.623,28.449,0.0444,120,1001.5325,1001.6785,1001.3489,0.0437,120,286.832,335.7039,252.5591,25.4858,120,617.5724,744.8271,273.6771,114.7144,120,462.7813,581.2585,37.3735,160.7369,120,120,0,550.2767,668.0502,240.4858,103.4851,120,47.61,48.67,46.44,0.67,120,3.3589,3.3613,3.3558,0.0007,0.5853,0.5862,0.5845,0.0004,0.6967,0.7062,0.6879,0.0051,-0.0029,-0.0002,-0.0036,0.001,0.0036,0.0043,0.0032,0.0003,0.0051,0.0062,0.0023,0.001,0.5503,0.6681,0.2405,0.1035,332.3917,688,72,142.6596,0,0,0,0,211.3667,1010,9,203.53,41,42.2,47,39,23.68,23.73,23.68
2022-11-28 14:20:00,2.8412,5.3988,0.8172,1.1485,120,52.2679,43.3708,120,70.4098,71.1692,69.4906,0.4644,120,28.894,29.0289,28.6108,0.1298,120,1001.4447,1001.5687,1001.3306,0.0925,120,292.2748,338.5874,253.2795,21.3382,120,447.4277,757.2845,259.389,181.8205,120,234.204,674.6922,15.2449,246.2112,120,120,0,399.9934,674.1539,231.9407,162.5447,120,49.91,51.16,48.67,0.67,120,3.3574,3.3595,3.3555,0.0015,0.5889,0.5903,0.5861,0.0013,0.7041,0.7117,0.6949,0.0046,-0.0015,-0.0001,-0.0042,0.0015,0.0037,0.0043,0.0032,0.0003,0.0037,0.0063,0.0022,0.0015,0.4,0.6742,0.2319,0.1625,286,564,66,124.84,0,0,0,0,207.6167,1019,3,200.0893,41,41.6333,47,39,23.68,23.68,23.68
2022-11-28 14:30:00,3.0619,5.5552,0.394,1.3128,120,57.9964,42.1729,120,70.5336,71.3218,69.4601,0.447,120,28.5664,28.8092,28.3087,0.1155,120,1001.277,1001.3672,1001.1658,0.0819,120,251.2731,286.922,212.6685,25.6256,120,285.2546,560.91,216.1573,94.8983,120,61.7854,417.011,13.7689,120.241,120,120,0,258.9165,505.3865,195.3185,84.5711,120,52.21,53.41,51.16,0.67,120,3.3546,3.3561,3.3528,0.0014,0.5857,0.5881,0.5831,0.0011,0.7053,0.7132,0.6946,0.0045,-0.0004,-0.0001,-0.0026,0.0007,0.0032,0.0036,0.0027,0.0003,0.0024,0.0047,0.0018,0.0008,0.2589,0.5054,0.1953,0.0846,309.9917,581,20,142.6914,0,0,0,0,220.925,987,9,190.4146,41,41.3833,47,39,23.68,23.73,23.63
2022-11-28 14:40:00,2.9478,7.6252,0.8632,1.235,120,54.6551,42.4261,120,71.8418,72.6341,71.0471,0.4264,120,28.224,28.3056,28.1408,0.0504,120,1001.2122,1001.3672,1001.1658,0.0575,120,253.3197,315.7583,204.2575,38.2578,120,348.8226,675.2173,220.1873,151.2154,120,164.9521,598.4692,14.7535,198.1122,120,120,0,314.244,608.8443,197.4548,136.0328,120,54.52,55.67,53.41,0.68,120,3.3535,3.3561,3.3528,0.001,0.5822,0.5831,0.5814,0.0005,0.7184,0.7263,0.7105,0.0043,-0.001,-0.0001,-0.0037,0.0012,0.0032,0.004,0.0026,0.0005,0.0029,0.0056,0.0018,0.0013,0.3142,0.6088,0.1975,0.136,297.5917,806,71,134.243,0,0,0,0,210.5833,1020,0,192.7569,41,41.6333,47,39,23.68,23.73,23.68
2022-11-28 14:50:00,3.3168,5.8956,0.6884,1.1048,120,40.7676,34.7364,120,71.4314,72.0542,70.5588,0.3799,120,28.3804,28.5223,28.2782,0.0815,120,1001.165,1001.3672,1000.9827,0.0583,120,206.2943,216.9937,196.3276,6.1311,120,504.8071,582.892,228.6134,85.0611,120,520.5669,635.8427,33.9317,150.5433,120,120,0,436.1782,502.3347,201.117,71.1801,120,56.83,57.93,55.67,0.68,120,3.3528,3.3561,3.3497,0.001,0.5838,0.5852,0.5828,0.0008,0.7143,0.7205,0.7056,0.0038,-0.0032,-0.0002,-0.0039,0.0009,0.0026,0.0028,0.0025,0.0001,0.0042,0.0049,0.0019,0.0007,0.4362,0.5023,0.2011,0.0712,337.6917,618,52,120.0913,0,0,0,0,193.7417,1022,7,229.5697,41,41.1667,47,39,23.68,23.68,23.68
2022-11-28 15:00:00,3.0731,5.9784,0.7712,1.0296,120,60.5455,34.9829,120,70.4739,71.2912,69.9484,0.3245,120,28.4505,28.5498,28.3727,0.0514,120,1001.1257,1001.3489,1000.8179,0.0939,120,218.1913,254.7213,196.3276,15.7197,120,443.8679,586.1897,222.3854,116.4462,120,418.8714,652.5636,22.1286,210.8359,120,120,0,385.5683,502.3347,197.1496,98.5759,120,59.15,60.19,57.93,0.67,120,3.3521,3.3558,3.347,0.0016,0.5845,0.5855,0.5837,0.0005,0.7047,0.7129,0.6995,0.0032,-0.0026,-0.0001,-0.004,0.0013,0.0028,0.0032,0.0025,0.0002,0.0037,0.0049,0.0019,0.001,0.3856,0.5023,0.1971,0.0986,311.2083,627,61,111.9147,0,0,0,0,216.9917,1008,32,173.2271,41,41.9667,47,39,23.68,23.73,23.68
2022-11-28 15:10:00,2.9673,6.1072,0.348,1.2816,120,73.1663,44.9951,120,70.8879,71.5354,70.101,0.3076,120,28.5228,28.6566,28.385,0.0713,120,1001.1203,1001.3489,1000.9827,0.0935,120,227.3569,261.9307,186.2346,27.2617,120,452.1539,592.0516,208.8307,111.0357,120,452.9297,683.5433,57.5363,203.2376,120,120,0,388.3735,511.4902,179.754,94.7071,120,61.48,62.71,60.44,0.67,120,3.352,3.3558,3.3497,0.0016,0.5852,0.5866,0.5838,0.0007,0.7089,0.7154,0.701,0.0031,-0.0028,-0.0004,-0.0042,0.0013,0.0029,0.0033,0.0024,0.0003,0.0038,0.0049,0.0017,0.0009,0.3884,0.5115,0.1798,0.0947,299.7083,641,15,139.3074,0,0,0,0,245.3667,1001,35,163.1983,41,41.5833,47,39,23.68,23.73,23.68
2022-11-28 15:20:00,2.9822,5.3712,0.5964,1.0761,120,60.7284,41.4048,120,71.2004,72.1458,70.5283,0.4336,120,28.4673,28.5772,28.3483,0.0773,120,1001.1406,1001.2024,1000.9827,0.0814,120,191.2152,214.8307,164.6079,16.4894,120,420.5424,489.8343,211.7611,72.711,120,497.9584,604.863,72.2881,137.3134,120,120,0,351.5198,408.948,184.0266,58.5417,120,63.8,64.97,62.71,0.68,120,3.3523,3.3534,3.3497,0.0014,0.5847,0.5858,0.5835,0.0008,0.712,0.7215,0.7053,0.0043,-0.0031,-0.0004,-0.0038,0.0009,0.0024,0.0027,0.0021,0.0002,0.0035,0.0041,0.0018,0.0006,0.3515,0.4089,0.184,0.0585,301.325,561,42,116.9703,0,0,0,0,222.6333,993,11,185.4136,41,41.85,47,41,23.68,23.68,23.68
2022-11-28 15:30:00,2.5229,4.7732,0.7712,0.9968,120,60.4747,40.9848,120,71.0013,71.5659,70.2231,0.4049,120,28.7489,28.9251,28.5253,0.132,120,1001.0858,1001.2024,1000.9644,0.0981,120,190.7387,209.3039,161.2433,13.4471,120,426.6424,454.2977,276.2425,35.3692,120,552.9328,620.1063,178.0164,81.719,120,120,0,348.4171,372.9362,231.3303,28.7387,120,66.13,67.24,64.97,0.68,120,3.3514,3.3534,3.3494,0.0016,0.5875,0.5893,0.5853,0.0013,0.71,0.7157,0.7022,0.004,-0.0034,-0.0011,-0.0038,0.0005,0.0024,0.0027,0.002,0.0002,0.0036,0.0038,0.0023,0.0003,0.3484,0.3729,0.2313,0.0287,251.4,496,61,108.3432,0,0,0,0,219.7417,984,8,178.7532,41,41.6,47,39,23.68,23.73,23.68
2022-11-28 15:40:00,2.8361,5.1228,0.486,1.1494,120,59.9653,42.411,120,70.5713,71.4133,69.8264,0.3892,120,28.5966,28.8336,28.4551,0.1213,120,1001.0152,1001.2024,1000.7996,0.0778,120,133.3863,159.0811,127.3606,6.5231,120,353.9427,394.2125,340.7227,12.9142,120,570.9353,591.5856,541.9175,15.0205,120,120,0,277.3497,316.1718,267.037,12.8287,120,68.45,69.51,67.24,0.68,120,3.3503,3.3534,3.3467,0.0013,0.586,0.5883,0.5846,0.0012,0.7057,0.7141,0.6983,0.0039,-0.0035,-0.0034,-0.0037,0.0001,0.0017,0.002,0.0016,0.0001,0.0029,0.0033,0.0028,0.0001,0.2773,0.3162,0.267,0.0128,285.4417,534,30,124.938,0,0,0,0,245.8917,1006,37,212.4223,41,41.4,47,39,23.68,23.73,23.68
2022-11-28 15:50:00,2.3744,5.0032,0.6884,1.1714,120,63.3732,49.6561,120,70.0117,70.9861,68.3615,0.8362,120,28.8936,29.1418,28.6352,0.1585,120,1001.0492,1001.2024,1000.7996,0.103,120,140.2791,147.5465,127.8409,5.1801,120,319.5651,360.5066,138.4874,54.8145,120,510.8629,596.9948,35.8991,140.0589,120,120,0,243.586,276.4977,115.0548,40.094,120,70.78,72.03,69.51,0.68,120,3.3508,3.3534,3.3467,0.0017,0.5889,0.5914,0.5864,0.0016,0.7001,0.7099,0.6836,0.0084,-0.0032,-0.0002,-0.0037,0.0009,0.0018,0.0019,0.0016,0.0001,0.0027,0.003,0.0012,0.0005,0.2436,0.2765,0.1151,0.0401,235.2583,521,52,127.3298,0,0,0,0,254.3333,1010,26,208.4328,41,41.6833,47,39,23.68,23.68,23.68
2022-11-28 16:00:00,2.5844,5.5,0.6332,1.1688,120,61.3572,43.3996,120,69.4319,70.5588,68.3615,0.5488,120,28.6019,28.8397,28.4826,0.0802,120,1001.0762,1001.2024,1000.9644,0.0977,120,139.5801,158.3598,113.1827,12.5833,120,268.7222,327.9004,123.4658,62.6478,120,423.4816,556.671,34.9146,167.2878,120,120,0,204.1409,246.8947,102.5422,43.7475,120,73.11,74.3,72.03,0.68,120,3.3513,3.3534,3.3494,0.0016,0.586,0.5884,0.5848,0.0008,0.6943,0.7056,0.6836,0.0055,-0.0026,-0.0002,-0.0035,0.001,0.0018,0.002,0.0014,0.0002,0.0022,0.0027,0.001,0.0005,0.2041,0.2469,0.1025,0.0437,258.0833,575,46,127.0407,0,0,0,0,252.2417,1019,2,221.0757,41,41.6333,47,39,23.68,23.68,23.68
2022-11-28 16:10:00,3.3692,5.6472,0.9736,1.0024,120,59.8888,36.1236,120,70.0708,71.3218,69.0939,0.6108,120,28.1756,28.6261,27.7471,0.2734,120,1001.0829,1001.2024,1000.9827,0.0922,120,105.9397,115.1055,95.6409,5.3329,120,126.0949,234.4754,99.2857,32.656,120,85.6889,442.583,17.7038,103.8806,120,120,0,102.1124,169.3777,83.3155,20.1952,120,75.44,76.57,74.3,0.68,120,3.3514,3.3534,3.3497,0.0015,0.5818,0.5863,0.5775,0.0027,0.7007,0.7132,0.6909,0.0061,-0.0005,-0.0001,-0.0027,0.0006,0.0013,0.0015,0.0012,0.0001,0.001,0.002,0.0008,0.0003,0.1021,0.1694,0.0833,0.0202,343.3917,591,83,108.957,0,0,0,0,188.6417,988,17,131.2318,41,41.6833,47,41,23.68,23.68,23.68
2022-11-28 16:20:00,3.0223,6.2176,0.6424,1.1708,120,55.3398,27.2259,120,71.9621,72.5425,70.9861,0.4213,120,27.6048,27.7471,27.5579,0.0419,120,1001.0137,1001.2024,1000.7996,0.0968,120,93.0294,109.8189,81.2228,8.3751,120,154.3114,186.4814,101.1176,27.4164,120,286.5106,416.028,41.3084,136.9697,120,120,0,108.5645,129.3985,79.9585,13.7658,120,77.76,78.84,76.57,0.68,120,3.3502,3.3534,3.3467,0.0016,0.576,0.5775,0.5756,0.0004,0.7196,0.7254,0.7099,0.0042,-0.0018,-0.0003,-0.0026,0.0008,0.0012,0.0014,0.001,0.0001,0.0013,0.0016,0.0008,0.0002,0.1086,0.1294,0.08,0.0138,305.6833,653,47,127.2599,0,0,0,0,161.3583,472,14,81.2963,41,41.5333,47,39,23.68,23.73,23.68
2022-11-28 16:30:00,2.8864,5.7944,0.9,1.1993,120,53.798,35.4123,120,72.3286,72.6035,72.0237,0.1506,120,27.7096,27.8021,27.6464,0.0388,120,1001.0535,1001.1841,1000.7996,0.1056,120,73.5828,82.9047,66.8039,4.5555,120,123.1609,163.401,71.0756,26.7522,120,275.5484,405.7009,34.9146,119.608,120,120,0,81.4285,104.9837,58.2903,13.1539,120,80.09,81.35,78.84,0.67,120,3.3509,3.3531,3.3467,0.0018,0.5771,0.578,0.5765,0.0004,0.7233,0.726,0.7202,0.0015,-0.0017,-0.0002,-0.0025,0.0007,0.0009,0.0011,0.0008,0.0001,0.001,0.0014,0.0006,0.0002,0.0814,0.105,0.0583,0.0132,290.9167,607,75,130.3633,0,0,0,0,186.5333,1015,18,156.9209,40.1,41.6833,47,41,23.68,23.73,23.68
2022-11-28 16:40:00,2.6982,5.7484,0.8632,1.1345,120,56.5735,32.4438,120,71.9896,72.4815,71.6269,0.289,120,27.7801,27.9363,27.4999,0.1352,120,1001.1603,1001.3306,1000.9644,0.062,120,59.7494,68.2465,45.6575,6.9363,120,76.2474,117.2377,49.8259,20.9505,120,119.2515,307.8408,27.5379,95.4458,120,120,0,54.7858,71.4133,39.0637,9.657,120,82.41,83.62,81.35,0.68,120,3.3527,3.3555,3.3494,0.001,0.5778,0.5794,0.575,0.0014,0.7199,0.7248,0.7163,0.0029,-0.0007,-0.0002,-0.0019,0.0006,0.0008,0.0009,0.0006,0.0001,0.0006,0.001,0.0004,0.0002,0.0548,0.0714,0.0391,0.0097,270.4583,602,71,123.3162,0,0,0,0,204.6083,1021,21,176.3284,40,41.2333,47,39,23.68,23.68,23.68
2022-11-28 16:50:00,2.115,4.9112,0.3204,1.0223,120,63.8322,48.3011,120,72.2505,72.512,71.9932,0.1361,120,27.4494,27.4999,27.3901,0.0226,120,1001.1753,1001.3489,1000.9827,0.0517,120,31.3376,45.4173,22.8291,7.5081,120,33.9837,58.6194,23.0816,11.0963,120,36.2835,123.9236,14.7535,29.8659,120,120,0,27.6472,39.0637,20.7526,6.056,120,84.73,85.87,83.62,0.68,120,3.3529,3.3558,3.3497,0.0009,0.5745,0.575,0.5739,0.0002,0.7225,0.7251,0.7199,0.0014,-0.0002,-0.0001,-0.0008,0.0002,0.0004,0.0006,0.0003,0.0001,0.0003,0.0005,0.0002,0.0001,0.0276,0.0391,0.0208,0.0061,207.0667,511,12,111.1239,0,0,0,0,235.2417,993,3,182.7913,40,41.6833,47,39,23.68,23.73,23.63
2022-11-28 17:00:00,2.4755,5.1228,0.5964,1.0541,120,65.6094,37.6707,120,72.1712,72.4509,71.6575,0.1752,120,27.2882,27.3992,27.1886,0.0814,120,1001.1931,1001.3489,1000.9827,0.0809,120,16.7291,22.5882,12.2551,2.7287,120,16.5323,22.7143,11.7239,2.7799,120,15.0806,19.1782,13.7689,1.1428,120,120,0,15.244,20.7526,10.9867,2.5293,120,87.04,88.13,85.87,0.68,120,3.3532,3.3558,3.3497,0.0013,0.5729,0.574,0.5719,0.0008,0.7217,0.7245,0.7166,0.0018,-0.0001,-0.0001,-0.0001,0,0.0002,0.0003,0.0002,0,0.0001,0.0002,0.0001,0,0.0152,0.0208,0.011,0.0025,246.25,534,42,114.5804,0,0,0,0,227.1167,1011,37,174.6489,40,41.4833,47,39,23.68,23.68,23.68
2022-11-28 17:10:00,2.8277,6.9812,0.4492,1.2194,120,63.4279,32.5489,120,72.4359,72.8477,72.1152,0.2323,120,27.1042,27.1856,27.0574,0.0375,120,1001.2517,1001.3489,1001.1475,0.0871,120,8.0522,12.2551,4.085,2.4401,120,7.7762,11.7239,3.6639,2.3779,120,14.0804,14.7535,13.7689,0.3661,120,120,0,7.5559,10.9867,3.9674,2.0046,120,89.1,89.88,88.13,0.53,94,3.3542,3.3558,3.3525,0.0015,0.571,0.5719,0.5706,0.0004,0.7244,0.7285,0.7212,0.0023,-0.0001,-0.0001,-0.0001,0,0.0001,0.0002,0.0001,0,0.0001,0.0001,0,0,0.0076,0.011,0.004,0.002,284.5333,736,26,132.5471,0,0,0,0,206.375,967,21,143.9611,40,41.4667,47,39,23.68,23.73,23.68
2022-11-28 17:20:00,2.2734,4.9388,0.532,0.9852,120,55.4979,41.4667,120,73.3065,73.8243,72.8782,0.2699,120,27.1416,27.1795,27.091,0.0197,120,1001.2966,1001.5137,1001.1475,0.0787,120,1.2495,4.3252,0,1.2665,120,1.1631,3.6639,0,1.2143,120,13.8345,14.2604,13.2775,0.1904,120,120,0,1.6938,3.9674,0,1.1432,120,None,None,None,None,0,3.3549,3.3586,3.3525,0.0013,0.5714,0.5718,0.5709,0.0002,0.7331,0.7382,0.7288,0.0027,-0.0001,-0.0001,-0.0001,0,0,0.0001,0,0,0,0,0,0,0.0017,0.004,0,0.0011,224.2833,514,35,107.0872,0,0,0,0,231.2,1009,8,214.6079,40,41.7167,47,39,23.68,23.73,23.68
2022-11-28 17:30:00,2.879,5.178,1.0012,0.9108,120,51.9072,29.3306,120,73.837,74.0684,73.5801,0.1402,120,27.0601,27.1734,26.9201,0.0698,120,1001.3981,1001.5503,1001.3123,0.0882,120,0,0,0,0,120,0,0,0,0,120,13.7853,14.2604,13.2775,0.1264,120,120,0,0,0,0,0,120,None,None,None,None,0,3.3566,3.3592,3.3552,0.0015,0.5706,0.5717,0.5692,0.0007,0.7384,0.7407,0.7358,0.0014,-0.0001,-0.0001,-0.0001,0,0,0,0,0,0,0,0,0,0,0,0,0,290.1083,540,86,98.9959,0,0,0,0,172.1833,1020,0,140.4551,40,41.1333,47,39,23.68,23.73,23.68
2022-11-28 17:40:00,2.6646,5.0124,0.5596,0.9055,120,61.2657,35.1435,120,74.3792,74.6178,74.0684,0.1073,120,26.9067,26.9201,26.8895,0.0067,120,1001.5064,1001.6968,1001.3306,0.0427,120,0,0,0,0,120,0,0,0,0,120,13.8672,14.2604,13.7689,0.1974,120,120,0,0,0,0,0,120,None,None,None,None,0,3.3584,3.3616,3.3555,0.0007,0.5691,0.5692,0.5689,0.0001,0.7438,0.7462,0.7407,0.0011,-0.0001,-0.0001,-0.0001,0,0,0,0,0,0,0,0,0,0,0,0,0,266.8,522,38,98.4186,0,0,0,0,217.7583,1000,0,172.5746,40,41.5167,47,39,23.68,23.68,23.63
2022-11-28 17:50:00,2.6978,5.224,0.8816,0.9793,120,57.4584,33.0114,120,74.5104,74.7093,74.3126,0.086,120,26.8661,26.9079,26.8163,0.0301,120,1001.545,1001.6968,1001.4954,0.0717,120,0,0,0,0,120,0,0,0,0,120,13.8467,14.2604,13.7689,0.1802,120,120,0,0,0,0,0,120,None,None,None,None,0,3.3591,3.3616,3.3583,0.0012,0.5687,0.5691,0.5682,0.0003,0.7451,0.7471,0.7431,0.0009,-0.0001,-0.0001,-0.0001,0,0,0,0,0,0,0,0,0,0,0,0,0,270.4083,545,73,106.4442,0,0,0,0,219.2417,1022,23,197.369,40,41.7667,47,39,23.68,23.68,23.63
2022-11-28 18:00:00,2.6414,4.8376,0.5872,0.9449,120,59.2429,32.155,120,74.7279,74.8924,74.5262,0.0996,120,26.8564,26.8957,26.8194,0.0212,120,1001.576,1001.7151,1001.4954,0.0902,120,0,0,0,0,120,0,0,0,0,120,13.9,14.2604,13.2775,0.2274,120,120,0,0,0,0,0,120,None,None,None,None,0,3.3596,3.3619,3.3583,0.0015,0.5686,0.569,0.5682,0.0002,0.7473,0.7489,0.7453,0.001,-0.0001,-0.0001,-0.0001,0,0,0,0,0,0,0,0,0,0,0,0,0,264.2833,503,41,102.7037,0,0,0,0,179.9917,768,24,105.7948,39.1,41.5167,49,39,23.68,23.68,23.68
2022-11-28 18:10:00,2.2378,4.9664,0.6148,0.9064,120,57.9942,44.1037,120,74.9059,75.0755,74.6788,0.1082,120,26.8878,26.9109,26.8651,0.0108,120,1001.6863,1001.8616,1001.4954,0.0529,120,0,0,0,0,120,0,0,0,0,120,13.9164,14.2604,13.7689,0.2262,120,120,0,0,0,0,0,120,None,None,None,None,0,3.3614,3.3644,3.3583,0.0009,0.5689,0.5691,0.5686,0.0001,0.7491,0.7508,0.7468,0.0011,-0.0001,-0.0001,-0.0001,0,0,0,0,0,0,0,0,0,0,0,0,0,220.4167,517,44,98.5216,0,0,0,0,236.65,994,12,211.3457,39,41.5167,47,41,23.68,23.68,23.63
2022-11-28 18:20:00,2.2736,5.27,0.256,0.9093,120,56.0589,41.99,120,75.1768,75.2892,75.0755,0.0557,120,26.9532,26.9842,26.9048,0.0207,120,1001.8522,1002.0447,1001.6785,0.0477,120,0,0,0,0,120,0,0,0,0,120,13.9614,14.2604,13.7689,0.2409,120,120,0,0,0,0,0,120,None,None,None,None,0,3.3642,3.3674,3.3613,0.0008,0.5695,0.5698,0.569,0.0002,0.7518,0.7529,0.7508,0.0006,-0.0001,-0.0001,-0.0001,0,0,0,0,0,0,0,0,0,0,0,0,0,224.3083,550,5,98.8332,0,0,0,0,224.475,1011,7,200.8909,39,41.3667,47,39,23.68,23.68,23.63
2022-11-28 18:30:00,2.2978,4.2396,0.6516,0.8775,120,54.0841,35.5538,120,75.3398,75.4723,75.1976,0.0746,120,26.8695,26.9445,26.8102,0.0364,120,1002.0103,1002.2279,1001.825,0.0752,120,0,0,0,0,120,0,0,0,0,120,13.9164,14.2604,13.7689,0.2262,120,120,0,0,0,0,0,120,None,None,None,None,0,3.3668,3.3705,3.3638,0.0013,0.5687,0.5694,0.5681,0.0004,0.7534,0.7547,0.752,0.0007,-0.0001,-0.0001,-0.0001,0,0,0,0,0,0,0,0,0,0,0,0,0,226.9333,438,48,95.376,0,0,0,0,202.4667,1015,4,183.0116,39,41.55,47,39,23.68,23.68,23.68
2022-11-28 18:40:00,2.4822,5.0124,0.8908,0.9502,120,56.1776,39.4886,120,75.5122,75.6554,75.2586,0.0847,120,26.8183,26.8468,26.7797,0.0188,120,1002.1574,1002.4293,1002.0264,0.0992,120,0,0,0,0,120,0,0,0,0,120,13.9778,14.2604,13.2775,0.2522,120,120,0,0,0,0,0,120,None,None,None,None,0,3.3693,3.3738,3.3671,0.0017,0.5682,0.5685,0.5678,0.0002,0.7551,0.7566,0.7526,0.0008,-0.0001,-0.0001,-0.0001,0,0,0,0,0,0,0,0,0,0,0,0,0,246.9833,522,74,103.2879,0,0,0,0,221.2417,1017,18,202.2526,39,41.6667,47,39,23.68,23.68,23.63
2022-11-28 18:50:00,2.2722,4.6076,0.6424,0.9055,120,62.4879,44.8501,120,75.5257,75.6554,75.3807,0.0598,120,26.8253,26.8499,26.7797,0.0198,120,1002.3969,1002.6124,1002.2095,0.1058,120,0,0,0,0,120,0,0,0,0,120,13.9614,14.2604,13.7689,0.2409,120,120,0,0,0,0,0,120,None,None,None,None,0,3.3733,3.3769,3.3702,0.0018,0.5683,0.5685,0.5678,0.0002,0.7553,0.7566,0.7538,0.0006,-0.0001,-0.0001,-0.0001,0,0,0,0,0,0,0,0,0,0,0,0,0,224.15,478,47,98.4206,0,0,0,0,244.725,948,3,201.4955,39,41.8167,47,39,23.68,23.68,23.68
2022-11-28 19:00:00,2.3876,5.4816,0.5228,1.0275,120,64.1191,46.0798,120,75.7144,75.869,75.4723,0.1188,120,26.7732,26.8072,26.7431,0.0177,120,1002.5002,1002.6124,1002.2095,0.0979,120,0,0,0,0,120,0,0,0,0,120,13.9737,14.2604,13.7689,0.2433,120,120,0,0,0,0,0,120,None,None,None,None,0,3.375,3.3769,3.3702,0.0016,0.5677,0.5681,0.5674,0.0002,0.7571,0.7587,0.7547,0.0012,-0.0001,-0.0001,-0.0001,0,0,0,0,0,0,0,0,0,0,0,0,0,236.7,573,34,111.6811,0,0,0,0,244.8583,1022,17,196.9715,38.7,41.4667,49,39,23.68,23.68,23.68
2022-11-28 19:10:00,2.7527,5.5368,1.13,1.0266,120,57.2852,33.0333,120,75.7434,75.8995,75.5028,0.104,120,26.7327,26.8072,26.682,0.038,120,1002.6057,1002.7772,1002.411,0.0545,120,0,0,0,0,120,0,0,0,0,120,13.9573,14.2604,13.7689,0.2399,120,120,0,0,0,0,0,120,None,None,None,None,0,3.3768,3.3796,3.3735,0.0009,0.5673,0.5681,0.5668,0.0004,0.7574,0.759,0.755,0.001,-0.0001,-0.0001,-0.0001,0,0,0,0,0,0,0,0,0,0,0,0,0,276.3833,579,100,111.5873,0,0,0,0,191.4833,1022,30,143.5431,38,41.35,47,39,23.68,23.68,23.68
2022-11-28 19:20:00,2.7892,4.8192,0.532,0.769,120,56.526,28.6581,120,75.7441,75.869,75.6554,0.0394,120,26.7533,26.7705,26.7248,0.0101,120,1002.6037,1002.7955,1002.411,0.0582,120,0,0,0,0,120,0,0,0,0,120,13.9696,14.2604,13.7689,0.2426,120,120,0,0,0,0,0,120,None,None,None,None,0,3.3767,3.3799,3.3735,0.001,0.5675,0.5677,0.5673,0.0001,0.7574,0.7587,0.7566,0.0004,-0.0001,-0.0001,-0.0001,0,0,0,0,0,0,0,0,0,0,0,0,0,280.35,501,35,83.5883,0,0,0,0,174.9833,1019,0,117.1787,38,41.5167,47,39,23.68,23.68,23.63
2022-11-28 19:30:00,3.0509,6.282,0.67,1.3238,120,53.5558,37.0992,120,76.0277,76.1742,75.808,0.0837,120,26.733,26.7644,26.6851,0.0208,120,1002.5991,1002.7955,1002.5758,0.0391,120,0,0,0,0,120,0,0,0,0,120,14.0433,14.2604,13.7689,0.2451,120,120,0,0,0,0,0,120,None,None,None,None,0,3.3767,3.3799,3.3763,0.0007,0.5673,0.5676,0.5668,0.0002,0.7603,0.7617,0.7581,0.0008,-0.0001,-0.0001,-0.0001,0,0,0,0,0,0,0,0,0,0,0,0,0,308.7917,660,50,143.8909,0,0,0,0,199.3417,1017,26,175.282,38,41.9,47,39,23.68,23.68,23.63
2022-11-28 19:40:00,2.8191,5.3804,0.716,1.1133,120,48.8743,29.9299,120,76.2663,76.4183,76.1437,0.0738,120,26.7185,26.7492,26.679,0.0204,120,1002.7296,1002.9603,1002.5758,0.0929,120,0,0,0,0,120,0,0,0,0,120,14.0188,14.2604,13.7689,0.2467,120,120,0,0,0,0,0,120,None,None,None,None,0,3.3788,3.3827,3.3763,0.0015,0.5672,0.5675,0.5668,0.0002,0.7627,0.7642,0.7614,0.0007,-0.0001,-0.0001,-0.0001,0,0,0,0,0,0,0,0,0,0,0,0,0,283.6,562,55,121.0137,0,0,0,0,181.9083,1002,24,179.5638,38,41.6,47,41,23.68,23.68,23.68
2022-11-28 19:50:00,2.5361,4.8836,0.6056,0.7894,120,54.9758,33.5939,120,76.2858,76.4183,76.1742,0.0542,120,26.7312,26.7644,26.6942,0.0208,120,1002.7879,1002.9786,1002.5941,0.0632,120,0,0,0,0,120,0,0,0,0,120,14.0597,14.7535,13.7689,0.2508,120,120,0,0,0,0,0,120,None,None,None,None,0,3.3798,3.383,3.3766,0.0011,0.5673,0.5676,0.5669,0.0002,0.7629,0.7642,0.7617,0.0005,-0.0001,-0.0001,-0.0001,0,0,0,0,0,0,0,0,0,0,0,0,0,252.8417,508,43,85.8047,0,0,0,0,193.8333,997,1,161.5009,38,41.5833,47,39,23.68,23.68,23.63
2022-11-28 20:00:00,2.5942,4.6904,0.624,1.0009,120,68.9571,39.7796,120,76.2741,76.4183,76.0521,0.1045,120,26.694,26.7553,26.6515,0.0318,120,1002.8388,1002.9786,1002.7406,0.0932,120,0,0,0,0,120,0,0,0,0,120,14.0352,14.7535,13.7689,0.2541,120,120,0,0,0,0,0,120,None,None,None,None,0,3.3806,3.383,3.379,0.0016,0.5669,0.5675,0.5665,0.0003,0.7627,0.7642,0.7605,0.001,-0.0001,-0.0001,-0.0001,0,0,0,0,0,0,0,0,0,0,0,0,0,259.15,487,45,108.7986,0,0,0,0,238.45,963,27,170.2152,38,41.7667,47,39,23.68,23.68,23.63
2022-11-28 20:10:00,2.8515,5.638,1.0564,0.8606,120,58.1636,31.637,120,76.4229,76.5099,76.3268,0.0337,120,26.724,26.7461,26.6851,0.0152,120,1002.9304,1003.1434,1002.7406,0.098,120,0,0,0,0,120,0,0,0,0,120,14.031,14.2604,13.7689,0.2462,120,120,0,0,0,0,0,120,None,None,None,None,0,3.3822,3.3857,3.379,0.0016,0.5672,0.5675,0.5668,0.0001,0.7642,0.7651,0.7633,0.0003,-0.0001,-0.0001,-0.0001,0,0,0,0,0,0,0,0,0,0,0,0,0,287.1167,590,92,93.5391,0,0,0,0,193.475,940,30,138.3623,37.6,41.85,47,39,23.68,23.68,23.63
2022-11-28 20:20:00,3.0777,6.1992,0.9828,1.0746,120,55.9508,30.304,120,76.5776,76.7846,76.4183,0.1031,120,26.7316,26.7461,26.7187,0.0063,120,1003.0012,1003.1434,1002.9237,0.0873,120,0,0,0,0,120,0,0,0,0,120,14.0515,14.2604,13.7689,0.244,120,120,0,0,0,0,0,120,None,None,None,None,0,3.3834,3.3857,3.3821,0.0015,0.5673,0.5675,0.5672,0.0001,0.7658,0.7678,0.7642,0.001,-0.0001,-0.0001,-0.0001,0,0,0,0,0,0,0,0,0,0,0,0,0,311.7083,651,84,116.7991,0,0,0,0,170.3333,810,4,104.0267,37,41.35,47,39,23.68,23.68,23.68
2022-11-28 20:30:00,2.8284,6.4292,1.0472,1.0308,120,50.6896,31.1097,120,76.974,77.2729,76.6625,0.1767,120,26.7571,26.7797,26.737,0.0102,120,1003.1402,1003.3265,1002.9237,0.0855,120,0,0,0,0,120,0,0,0,0,120,14.0188,14.2604,13.7689,0.2467,120,120,0,0,0,0,0,120,None,None,None,None,0,3.3857,3.3888,3.3821,0.0014,0.5676,0.5678,0.5674,0.0001,0.7697,0.7727,0.7666,0.0018,-0.0001,-0.0001,-0.0001,0,0,0,0,0,0,0,0,0,0,0,0,0,284.6083,676,91,112.0465,0,0,0,0,171.7417,988,5,141.3927,37,41.6333,49,39,23.68,23.68,23.63
2022-11-28 20:40:00,2.2752,4.81,0.256,1.0314,120,63.0418,38.7786,120,77.4651,77.7001,77.2118,0.1173,120,26.7315,26.7797,26.6668,0.0313,120,1003.2789,1003.3265,1003.1251,0.0698,120,0,0,0,0,120,0,0,0,0,120,13.9778,14.2604,13.2775,0.2522,120,120,0,0,0,0,0,120,None,None,None,None,0,3.388,3.3888,3.3854,0.0012,0.5673,0.5678,0.5667,0.0003,0.7747,0.777,0.7721,0.0012,-0.0001,-0.0001,-0.0001,0,0,0,0,0,0,0,0,0,0,0,0,0,224.4833,500,5,112.1076,0,0,0,0,231.0333,1014,37,184.0446,37,41.95,47,39,23.68,23.68,23.63
2022-11-28 20:50:00,2.1619,4.2856,0.4216,0.8403,120,62.9863,39.9344,120,77.8769,78.0053,77.7001,0.07,120,26.6543,26.6759,26.6332,0.0095,120,1003.309,1003.5096,1003.1251,0.0545,120,0,0,0,0,120,0,0,0,0,120,13.9491,14.2604,13.7689,0.2378,120,120,0,0,0,0,0,120,None,None,None,None,0,3.3885,3.3918,3.3854,0.0009,0.5665,0.5668,0.5663,0.0001,0.7788,0.7801,0.777,0.0007,-0.0001,-0.0001,-0.0001,0,0,0,0,0,0,0,0,0,0,0,0,0,212.1667,443,23,91.3343,0,0,0,0,208.9667,1016,8,151.4278,37,41.7,47,39,23.68,23.68,23.68
2022-11-28 21:00:00,2.4753,4.4788,0.7896,0.9389,120,60.6023,41.876,120,77.9435,78.0053,77.8527,0.0421,120,26.6045,26.6424,26.5844,0.0169,120,1003.3007,1003.5096,1003.1251,0.0576,120,0,0,0,0,120,0,0,0,0,120,13.945,14.2604,13.7689,0.2366,120,120,0,0,0,0,0,120,None,None,None,None,0,3.3883,3.3918,3.3854,0.001,0.5661,0.5664,0.5658,0.0002,0.7794,0.7801,0.7785,0.0004,-0.0001,-0.0001,-0.0001,0,0,0,0,0,0,0,0,0,0,0,0,0,246.2333,464,63,102.0552,0,0,0,0,254.4917,1020,0,227.845,37,41.7833,47,39,23.68,23.68,23.63
2022-11-28 21:10:00,2.2128,4.9388,0.4584,0.9433,120,57.6771,42.2163,120,77.8972,77.9443,77.8222,0.025,120,26.61,26.6454,26.5874,0.0143,120,1003.4126,1003.5096,1003.1251,0.0984,120,0,0,0,0,120,0,0,0,0,120,13.9655,14.2604,13.7689,0.2418,120,120,0,0,0,0,0,120,None,None,None,None,0,3.3902,3.3918,3.3854,0.0016,0.5661,0.5665,0.5659,0.0001,0.779,0.7794,0.7782,0.0002,-0.0001,-0.0001,-0.0001,0,0,0,0,0,0,0,0,0,0,0,0,0,217.7,514,27,102.5363,0,0,0,0,241.7,1022,7,215.7891,37,41.4833,47,39,23.68,23.68,23.63
2022-11-28 21:20:00,2.4947,4.672,0.5136,0.9015,120,57.0941,39.1376,120,77.7479,77.8527,77.6391,0.0424,120,26.6072,26.6424,26.5905,0.0106,120,1003.4854,1003.6927,1003.2716,0.09,120,0,0,0,0,120,0,0,0,0,120,13.9573,14.2604,13.2775,0.2483,120,120,0,0,0,0,0,120,None,None,None,None,0,3.3914,3.3949,3.3879,0.0015,0.5661,0.5664,0.5659,0.0001,0.7775,0.7785,0.7764,0.0004,-0.0001,-0.0001,-0.0001,0,0,0,0,0,0,0,0,0,0,0,0,0,248.3417,485,33,97.9841,0,0,0,0,220.9417,1013,0,192.5707,37,41.4667,47,39,23.68,23.68,23.63
2022-11-28 21:30:00,1.5405,3.8348,0.302,0.8071,120,52.7136,57.5634,120,77.8888,77.9748,77.7917,0.0517,120,26.6349,26.6698,26.6057,0.0194,120,1003.5368,1003.6927,1003.473,0.0833,120,0,0,0,0,120,0,0,0,0,120,13.9409,14.2604,13.7689,0.2354,120,120,0,0,0,0,0,120,None,None,None,None,0,3.3923,3.3949,3.3912,0.0014,0.5664,0.5667,0.5661,0.0002,0.7789,0.7797,0.7779,0.0005,-0.0001,-0.0001,-0.0001,0,0,0,0,0,0,0,0,0,0,0,0,0,144.625,394,10,87.7229,0,0,0,0,281.15,1016,1,260.8621,37,41.5667,47,39,23.68,23.68,23.63
2022-11-28 21:40:00,1.585,3.798,0.3112,0.8021,120,51.5757,45.5451,120,77.9127,78.0358,77.7917,0.0618,120,26.6221,26.6637,26.5966,0.0186,120,1003.665,1003.8759,1003.473,0.0711,120,0,0,0,0,120,0,0,0,0,120,13.986,14.2604,13.2775,0.2532,120,120,0,0,0,0,0,120,None,None,None,None,0,3.3944,3.3979,3.3912,0.0012,0.5662,0.5666,0.566,0.0002,0.7791,0.7804,0.7779,0.0006,-0.0001,-0.0001,-0.0001,0,0,0,0,0,0,0,0,0,0,0,0,0,149.4583,390,11,87.1864,0,0,0,0,237.7583,1020,0,226.1353,36.9,41.7,47,39,23.68,23.68,23.63
2022-11-28 21:50:00,2.4549,4.4144,0.7804,0.8057,120,53.9745,30.5471,120,77.8687,77.9443,77.7612,0.0439,120,26.5938,26.6149,26.5752,0.0107,120,1003.6625,1003.8759,1003.473,0.0694,120,0,0,0,0,120,0,0,0,0,120,14.0147,14.2604,13.7689,0.2468,120,120,0,0,0,0,0,120,None,None,None,None,0,3.3944,3.3979,3.3912,0.0012,0.5659,0.5662,0.5657,0.0001,0.7787,0.7794,0.7776,0.0004,-0.0001,-0.0001,-0.0001,0,0,0,0,0,0,0,0,0,0,0,0,0,244.0083,457,62,87.5802,0,0,0,0,176.1167,1017,2,138.7645,36,41.7667,47,39,23.68,23.68,23.63
2022-11-28 22:00:00,2.1179,4.5708,0.5964,0.8402,120,48.8831,34.0811,120,77.7945,77.8832,77.6391,0.0526,120,26.6013,26.6271,26.5783,0.0131,120,1003.6715,1003.8759,1003.473,0.0544,120,0,0,0,0,120,0,0,0,0,120,14.0024,14.2604,13.7689,0.2465,120,120,0,0,0,0,0,120,None,None,None,None,0,3.3945,3.3979,3.3912,0.0009,0.566,0.5663,0.5658,0.0001,0.7779,0.7788,0.7764,0.0005,-0.0001,-0.0001,-0.0001,0,0,0,0,0,0,0,0,0,0,0,0,0,207.375,474,42,91.3294,0,0,0,0,194.7167,1022,7,203.1037,36,42,47,39,23.68,23.68,23.63
2022-11-28 22:10:00,2.5384,4.4788,0.7896,0.7115,120,52.0126,29.3523,120,77.6271,77.7612,77.5475,0.053,120,26.5996,26.6118,26.5874,0.0049,120,1003.6801,1003.8575,1003.6561,0.0284,120,0,0,0,0,120,0,0,0,0,120,13.9778,14.2604,13.7689,0.244,120,120,0,0,0,0,0,120,None,None,None,None,0,3.3947,3.3976,3.3943,0.0005,0.566,0.5661,0.5659,0.0001,0.7763,0.7776,0.7755,0.0005,-0.0001,-0.0001,-0.0001,0,0,0,0,0,0,0,0,0,0,0,0,0,253.0917,464,63,77.3322,0,0,0,0,169.625,1014,8,135.8462,36,42.15,47,39,23.68,23.68,23.63
2022-11-28 22:20:00,2.0851,4.0556,0.6516,0.6657,120,55.6305,33.2854,120,77.4422,77.5781,77.3339,0.0671,120,26.6315,26.6515,26.6027,0.0129,120,1003.6502,1003.8575,1003.473,0.0726,120,0,0,0,0,120,0,0,0,0,120,13.945,14.2604,13.2775,0.2451,120,120,0,0,0,0,0,120,None,None,None,None,0,3.3942,3.3976,3.3912,0.0012,0.5663,0.5665,0.566,0.0001,0.7744,0.7758,0.7733,0.0007,-0.0001,-0.0001,-0.0001,0,0,0,0,0,0,0,0,0,0,0,0,0,203.8167,418,48,72.3563,0,0,0,0,195.55,1005,39,162.4635,36,41.55,49,41,23.68,23.68,23.63
2022-11-28 22:30:00,2.2937,3.936,0.5044,0.8897,120,46.0037,40.8136,120,77.2739,77.3949,77.0592,0.0982,120,26.6332,26.6698,26.6027,0.022,120,1003.5882,1003.6927,1003.473,0.0969,120,0,0,0,0,120,0,0,0,0,120,13.9205,14.2604,13.2775,0.2366,120,120,0,0,0,0,0,120,None,None,None,None,0,3.3931,3.3949,3.3912,0.0016,0.5663,0.5667,0.566,0.0002,0.7727,0.7739,0.7706,0.001,-0.0001,-0.0001,-0.0001,0,0,0,0,0,0,0,0,0,0,0,0,0,226.4917,405,32,96.7015,0,0,0,0,190.3167,1021,1,202.9295,36,41.4667,47,39,23.68,23.68,23.63
2022-11-28 22:40:00,2.4034,4.626,0.6976,0.7326,120,35.5874,36.4614,120,77.1752,77.3034,77.0287,0.0624,120,26.6157,26.6332,26.5874,0.0125,120,1003.5443,1003.6927,1003.4547,0.0905,120,0,0,0,0,120,0,0,0,0,120,13.8918,14.2604,13.7689,0.2137,120,120,0,0,0,0,0,120,None,None,None,None,0,3.3924,3.3949,3.3909,0.0015,0.5662,0.5663,0.5659,0.0001,0.7718,0.773,0.7703,0.0006,-0.0001,-0.0001,-0.0001,0,0,0,0,0,0,0,0,0,0,0,0,0,238.4083,480,53,79.6306,0,0,0,0,187.35,1010,3,236.8732,36,41.6833,47,41,23.68,23.68,23.63
2022-11-28 22:50:00,2.3375,4.6168,0.6424,0.6892,120,35.6145,36.8751,120,77.0147,77.0898,76.9372,0.0415,120,26.5804,26.624,26.5539,0.0181,120,1003.4971,1003.6744,1003.3082,0.0615,120,0,0,0,0,120,0,0,0,0,120,13.9246,14.2604,13.7689,0.2296,120,120,0,0,0,0,0,120,None,None,None,None,0,3.3916,3.3946,3.3885,0.001,0.5658,0.5662,0.5655,0.0002,0.7701,0.7709,0.7694,0.0004,-0.0001,-0.0001,-0.0001,0,0,0,0,0,0,0,0,0,0,0,0,0,231.25,479,47,74.9082,0,0,0,0,179.4833,1018,0,221.873,36,41.8833,47,39,23.68,23.68,23.63
2022-11-28 23:00:00,2.3547,4.3316,0.302,0.8899,120,41.1693,37.6998,120,76.9176,77.0592,76.8456,0.0562,120,26.5569,26.5752,26.5386,0.0074,120,1003.4605,1003.6744,1003.2716,0.0699,120,0,0,0,0,120,0,0,0,0,120,13.9123,14.2604,13.2775,0.2417,120,120,0,0,0,0,0,120,None,None,None,None,0,3.391,3.3946,3.3879,0.0012,0.5656,0.5657,0.5654,0.0001,0.7692,0.7706,0.7685,0.0006,-0.0001,-0.0001,-0.0001,0,0,0,0,0,0,0,0,0,0,0,0,0,233.1167,448,10,96.7238,0,0,0,0,190.2667,1019,3,221.1946,36,41.4167,47,39,23.68,23.68,23.63
2022-11-28 23:10:00,2.0657,4.028,0.7068,0.769,120,44.908,37.9997,120,76.9115,76.9982,76.8456,0.0304,120,26.598,26.621,26.56,0.0157,120,1003.3978,1003.4913,1003.2716,0.0907,120,0,0,0,0,120,0,0,0,0,120,13.945,14.2604,13.7689,0.2366,120,120,0,0,0,0,0,120,None,None,None,None,0,3.39,3.3915,3.3879,0.0015,0.566,0.5662,0.5656,0.0002,0.7691,0.77,0.7685,0.0003,-0.0001,-0.0001,-0.0001,0,0,0,0,0,0,0,0,0,0,0,0,0,201.7083,415,54,83.587,0,0,0,0,211.8417,1011,24,229.1628,36,41.6667,47,39,23.67,23.68,23.63
2022-11-28 23:20:00,2.2157,4.626,0.532,0.9582,120,36.7856,36.235,120,77.1304,77.2729,76.9677,0.0716,120,26.6077,26.6271,26.563,0.0156,120,1003.3108,1003.4913,1003.1068,0.0621,120,0,0,0,0,120,0,0,0,0,120,13.8918,14.2604,13.7689,0.2137,120,120,0,0,0,0,0,120,None,None,None,None,0,3.3885,3.3915,3.3851,0.001,0.5661,0.5663,0.5656,0.0002,0.7713,0.7727,0.7697,0.0007,-0.0001,-0.0001,-0.0001,0,0,0,0,0,0,0,0,0,0,0,0,0,218.0083,480,35,104.1481,0,0,0,0,194.7,1016,8,245.5756,36,41.6667,47,39,23.67,23.68,23.63
2022-11-28 23:30:00,2.255,3.9544,0.6792,0.842,120,36.9237,31.2275,120,77.3769,77.4865,77.0898,0.0998,120,26.5594,26.6027,26.5294,0.0224,120,1003.2974,1003.4913,1003.1068,0.0841,120,0,0,0,0,120,0,0,0,0,120,13.9082,14.2604,13.2775,0.2483,120,120,0,0,0,0,0,120,None,None,None,None,0,3.3883,3.3915,3.3851,0.0014,0.5656,0.566,0.5653,0.0002,0.7738,0.7749,0.7709,0.001,-0.0001,-0.0001,-0.0001,0,0,0,0,0,0,0,0,0,0,0,0,0,222.2833,407,51,91.527,0,0,0,0,201.6583,1019,10,258.1123,36,41.75,47,39,23.68,23.68,23.63
2022-11-28 23:40:00,2.0863,3.5956,0.4492,0.7966,120,40.7135,26.5598,120,77.3698,77.456,77.3034,0.0436,120,26.5809,26.6149,26.5355,0.0248,120,1003.2134,1003.3082,1003.0885,0.0911,120,0,0,0,0,120,0,0,0,0,120,13.8672,14.2604,13.7689,0.1974,120,120,0,0,0,0,0,120,None,None,None,None,0,3.3869,3.3885,3.3848,0.0015,0.5658,0.5662,0.5654,0.0003,0.7737,0.7746,0.773,0.0004,-0.0001,-0.0001,-0.0001,0,0,0,0,0,0,0,0,0,0,0,0,0,203.95,368,26,86.589,0,0,0,0,174.1833,1020,3,210.8519,36,41.55,47,39,23.67,23.68,23.63
2022-11-28 23:50:00,1.9563,4.2396,0.2284,1.0026,120,40.3224,39.7551,120,77.4013,77.4865,77.3339,0.0259,120,26.5317,26.5661,26.5172,0.0091,120,1003.1628,1003.3082,1003.0885,0.0867,120,0,0,0,0,120,0,0,0,0,120,13.8467,14.2604,13.2775,0.2014,120,120,0,0,0,0,0,120,None,None,None,None,0,3.386,3.3885,3.3848,0.0014,0.5653,0.5657,0.5652,0.0001,0.774,0.7749,0.7733,0.0003,-0.0001,-0.0001,-0.0001,0,0,0,0,0,0,0,0,0,0,0,0,0,189.8167,438,2,108.9738,0,0,0,0,206.6917,1021,1,239.1769,36,41.7167,47,39,23.67,23.68,23.63
