datetime,Anemometer;wind_speed;Avg (m/s),Anemometer;wind_speed;Max (m/s),Anemometer;wind_speed;Min (m/s),Anemometer;wind_speed;StdDev (m/s),Anemometer;wind_speed;Count (),Wind Vane TMR;wind_direction;Avg (°),Wind Vane TMR;wind_direction;StdDev (°),Wind Vane TMR;wind_direction;Count (),Hygro/Thermo;humidity;Avg (%),Hygro/Thermo;humidity;Max (%),Hygro/Thermo;humidity;Min (%),Hygro/Thermo;humidity;StdDev (%),Hygro/Thermo;humidity;Count (),Hygro/Thermo;temperature;Avg (°C),Hygro/Thermo;temperature;Max (°C),Hygro/Thermo;temperature;Min (°C),Hygro/Thermo;temperature;StdDev (°C),Hygro/Thermo;temperature;Count (),Barometer;air_pressure;Avg (hPa),Barometer;air_pressure;Max (hPa),Barometer;air_pressure;Min (hPa),Barometer;air_pressure;StdDev (hPa),Barometer;air_pressure;Count (),DHI (Diffuse Horizontal Irradiance);solar_irradiance;Avg (W/m²),DHI (Diffuse Horizontal Irradiance);solar_irradiance;Max (W/m²),DHI (Diffuse Horizontal Irradiance);solar_irradiance;Min (W/m²),DHI (Diffuse Horizontal Irradiance);solar_irradiance;StdDev (W/m²),DHI (Diffuse Horizontal Irradiance);solar_irradiance;Count (),GHI (Global Horizontal Irradiance);solar_irradiance;Avg (W/m²),GHI (Global Horizontal Irradiance);solar_irradiance;Max (W/m²),GHI (Global Horizontal Irradiance);solar_irradiance;Min (W/m²),GHI (Global Horizontal Irradiance);solar_irradiance;StdDev (W/m²),GHI (Global Horizontal Irradiance);solar_irradiance;Count (),DNI (Direct Normal Irradiance) Pyrheliometer;solar_DNI;Avg (W/m²),DNI (Direct Normal Irradiance) Pyrheliometer;solar_DNI;Max (W/m²),DNI (Direct Normal Irradiance) Pyrheliometer;solar_DNI;Min (W/m²),DNI (Direct Normal Irradiance) Pyrheliometer;solar_DNI;StdDev (W/m²),DNI (Direct Normal Irradiance) Pyrheliometer;solar_DNI;Count (),Precipitation;precipitation;Count (),Precipitation;precipitation;Sum (mm),GTI (Global Tilt Irradiance) PV Cell;voltage;Avg (W/m2),GTI (Global Tilt Irradiance) PV Cell;voltage;Max (W/m2),GTI (Global Tilt Irradiance) PV Cell;voltage;Min (W/m2),GTI (Global Tilt Irradiance) PV Cell;voltage;StdDev (W/m2),GTI (Global Tilt Irradiance) PV Cell;voltage;Count (),Theta;other;Avg (°),Theta;other;Max (°),Theta;other;Min (°),Theta;other;StdDev (°),Theta;other;Count (),A1;channel;Avg (V),A1;channel;Max (V),A1;channel;Min (V),A1;channel;StdDev (V),A2;channel;Avg (V),A2;channel;Max (V),A2;channel;Min (V),A2;channel;StdDev (V),A3;channel;Avg (V),A3;channel;Max (V),A3;channel;Min (V),A3;channel;StdDev (V),A4;channel;Avg (V),A4;channel;Max (V),A4;channel;Min (V),A4;channel;StdDev (V),A5;channel;Avg (V),A5;channel;Max (V),A5;channel;Min (V),A5;channel;StdDev (V),A6;channel;Avg (V),A6;channel;Max (V),A6;channel;Min (V),A6;channel;StdDev (V),A7;channel;Avg (V),A7;channel;Max (V),A7;channel;Min (V),A7;channel;StdDev (V),C1;channel;Avg (I),C1;channel;Max (I),C1;channel;Min (I),C1;channel;StdDev (I),C2;channel;Avg (I),C2;channel;Max (I),C2;channel;Min (I),C2;channel;StdDev (I),D1;channel;Avg (),D1;channel;Max (),D1;channel;Min (),D1;channel;StdDev (),T;channel;Avg (°C),I;channel;Avg (mA),I;channel;Max (mA),I;channel;Min (mA),V;channel;Avg (V),V;channel;Max (V),V;channel;Min (V)
2022-11-02 00:00:00,1.8336,3.154,0.6792,0.5898,120,117.6803,30.2454,120,80.3941,80.4773,80.2637,0.0446,120,25.4699,25.5132,25.4216,0.02,120,1007.7541,1007.9226,1007.7029,0.0691,120,0,0,0,0,120,0,0,0,0,120,13.7362,14.2604,13.2775,0.2274,120,120,0,0,0,0,0,120,None,None,None,None,0,3.4626,3.4654,3.4617,0.0012,0.5547,0.5551,0.5542,0.0002,0.8039,0.8048,0.8026,0.0004,-0.0001,-0.0001,-0.0001,0,0,0,0,0,0,0,0,0,0,0,0,0,176.4833,320,51,64.1116,0,0,0,0,335.7917,641,114,87.365,35,44.75,51,41,23.66,23.68,23.63
2022-11-02 00:10:00,1.7199,4.1476,0.5504,0.7611,120,121.0124,35.4218,120,80.3893,80.4773,80.2942,0.0423,120,25.4667,25.5132,25.4155,0.0186,120,1007.6826,1007.9226,1007.5198,0.089,120,0,0,0,0,120,0,0,0,0,120,13.7034,14.2604,13.2775,0.2107,120,120,0,0,0,0,0,120,None,None,None,None,0,3.4614,3.4654,3.4587,0.0015,0.5547,0.5551,0.5542,0.0002,0.8039,0.8048,0.8029,0.0004,-0.0001,-0.0001,-0.0001,0,0,0,0,0,0,0,0,0,0,0,0,0,164.125,428,37,82.7312,0,0,0,0,347.5583,766,98,104.0819,35,41.75,49,39,23.67,23.68,23.63
2022-11-02 00:20:00,2.1336,3.522,0.6332,0.633,120,103.5279,25.5754,120,80.2568,80.4163,80.0195,0.1027,120,25.4996,25.5467,25.4582,0.0178,120,1007.5402,1007.7212,1007.3733,0.0363,120,0,0,0,0,120,0,0,0,0,120,13.6665,14.2604,13.2775,0.2288,120,120,0,0,0,0,0,120,None,None,None,None,0,3.459,3.462,3.4562,0.0006,0.555,0.5555,0.5546,0.0002,0.8026,0.8042,0.8002,0.001,-0.0001,-0.0001,-0.0001,0,0,0,0,0,0,0,0,0,0,0,0,0,209.0917,360,46,68.8079,0,0,0,0,301.7,1007,83,95.0812,35,41.6333,47,39,23.67,23.68,23.63
2022-11-02 00:30:00,1.9203,3.4484,0.3756,0.5725,120,118.5502,38.999,120,80.1335,80.2637,80.0195,0.0551,120,25.4638,25.5162,25.4155,0.0205,120,1007.4751,1007.5564,1007.355,0.0807,120,0,0,0,0,120,0,0,0,0,120,13.6543,14.2604,13.2775,0.2361,120,120,0,0,0,0,0,120,None,None,None,None,0,3.4579,3.4593,3.4559,0.0013,0.5546,0.5552,0.5542,0.0002,0.8013,0.8026,0.8002,0.0006,-0.0001,-0.0001,-0.0001,0,0,0,0,0,0,0,0,0,0,0,0,0,185.9,352,18,62.2326,0,0,0,0,345.4083,914,96,121.7953,34.5,41.6167,47,39,23.67,23.68,23.63
2022-11-02 00:40:00,1.8777,3.752,0.7252,0.713,120,110.5555,28.0409,120,80.0633,80.1416,79.9585,0.0498,120,25.4686,25.5101,25.4247,0.0196,120,1007.4209,1007.5564,1007.355,0.0773,120,0,0,0,0,120,0,0,0,0,120,13.6297,14.2604,13.2775,0.2641,120,120,0,0,0,0,0,120,None,None,None,None,0,3.457,3.4593,3.4559,0.0013,0.5547,0.5551,0.5543,0.0002,0.8006,0.8014,0.7996,0.0005,-0.0001,-0.0001,-0.0001,0,0,0,0,0,0,0,0,0,0,0,0,0,181.2667,385,56,77.5045,0,0,0,0,314.1417,545,52,81.1623,34,41.6667,47,39,23.67,23.68,23.63
2022-11-02 00:50:00,1.579,2.602,0.4216,0.4507,120,108.1523,28.8102,120,79.8982,80.05,79.7449,0.0624,120,25.431,25.4949,25.3545,0.0324,120,1007.3771,1007.5564,1007.355,0.0383,120,0,0,0,0,120,0,0,0,0,120,13.5355,13.7689,13.2775,0.2465,120,120,0,0,0,0,0,120,None,None,None,None,0,3.4563,3.4593,3.4559,0.0006,0.5543,0.555,0.5535,0.0003,0.799,0.8005,0.7974,0.0006,-0.0001,-0.0001,-0.0001,0,0,0,0,0,0,0,0,0,0,0,0,0,148.8,260,23,48.9842,0,0,0,0,308.0417,583,93,83.068,34,41.6167,47,39,23.67,23.68,23.63
2022-11-02 01:00:00,1.8272,2.8504,0.6792,0.4675,120,100.4627,26.5237,120,79.868,79.989,79.7754,0.0519,120,25.3265,25.4033,25.2568,0.0327,120,1007.3324,1007.5198,1007.1718,0.0784,120,0,0,0,0,120,0,0,0,0,120,13.5969,14.2604,13.2775,0.2439,120,120,0,0,0,0,0,120,None,None,None,None,0,3.4555,3.4587,3.4529,0.0013,0.5533,0.554,0.5526,0.0003,0.7987,0.7999,0.7978,0.0005,-0.0001,-0.0001,-0.0001,0,0,0,0,0,0,0,0,0,0,0,0,0,175.7833,287,51,50.8149,0,0,0,0,288.65,643,82,79.9307,34,41.4333,47,39,23.67,23.68,23.63
2022-11-02 01:10:00,1.2065,2.5468,0.394,0.4776,120,114.3564,40.7121,120,79.9064,80.05,79.8059,0.0521,120,25.2525,25.3239,25.1775,0.0298,120,1007.2327,1007.3733,1006.9887,0.0903,120,0,0,0,0,120,0,0,0,0,120,13.4618,13.7689,13.2775,0.2389,120,120,0,0,0,0,0,120,None,None,None,None,0,3.4539,3.4562,3.4498,0.0015,0.5525,0.5532,0.5518,0.0003,0.7991,0.8005,0.7981,0.0005,-0.0001,-0.0001,-0.0001,0,0,0,0,0,0,0,0,0,0,0,0,0,108.3167,254,20,51.9096,0,0,0,0,332.3083,929,13,126.9025,34,41.8667,47,39,23.67,23.68,23.63
2022-11-02 01:20:00,1.533,2.6572,0.6976,0.4552,120,107.0948,25.7089,120,80.0605,80.2026,79.928,0.0631,120,25.1622,25.2141,25.1103,0.0242,120,1007.1833,1007.3733,1006.9704,0.0719,120,0,0,0,0,120,0,0,0,0,120,13.5764,13.7689,13.2775,0.2409,120,120,0,0,0,0,0,120,None,None,None,None,0,3.4531,3.4562,3.4495,0.0012,0.5516,0.5521,0.5511,0.0002,0.8006,0.802,0.7993,0.0006,-0.0001,-0.0001,-0.0001,0,0,0,0,0,0,0,0,0,0,0,0,0,143.8,266,53,49.4794,0,0,0,0,303.975,499,45,74.2892,34,41.5833,47,39,23.66,23.68,23.63
2022-11-02 01:30:00,1.6081,3.1632,0.67,0.4377,120,104.8365,25.6302,120,80.2548,80.3552,80.1111,0.0448,120,25.1248,25.1744,25.0798,0.0199,120,1007.0014,1007.1902,1006.7873,0.0813,120,0,0,0,0,120,0,0,0,0,120,13.5928,13.7689,13.2775,0.2366,120,120,0,0,0,0,0,120,None,None,None,None,0,3.45,3.4532,3.4465,0.0014,0.5513,0.5517,0.5508,0.0002,0.8025,0.8036,0.8011,0.0004,-0.0001,-0.0001,-0.0001,0,0,0,0,0,0,0,0,0,0,0,0,0,151.9667,321,50,47.5762,0,0,0,0,303.1333,1012,3,96.2029,34,41.45,47,39,23.66,23.68,23.63
2022-11-02 01:40:00,1.7325,3.476,0.808,0.5272,120,110.473,31.4352,120,80.4135,80.5383,80.2637,0.0631,120,25.1053,25.1439,25.0523,0.0204,120,1006.9182,1007.0071,1006.7873,0.0954,120,0,0,0,0,120,0,0,0,0,120,13.6051,14.2604,13.2775,0.2412,120,120,0,0,0,0,0,120,None,None,None,None,0,3.4486,3.4501,3.4465,0.0016,0.5511,0.5514,0.5505,0.0002,0.8041,0.8054,0.8026,0.0006,-0.0001,-0.0001,-0.0001,0,0,0,0,0,0,0,0,0,0,0,0,0,165.4917,355,65,57.3002,0,0,0,0,315.9583,601,64,90.8484,34,41.6833,47,39,23.66,23.68,23.63
2022-11-02 01:50:00,1.7242,3.2828,0.486,0.5456,120,104.4185,29.2551,120,80.5264,80.5994,80.3858,0.0475,120,25.1178,25.1683,25.0646,0.0219,120,1006.9803,1007.1718,1006.7873,0.0543,120,0,0,0,0,120,0,0,0,0,120,13.6338,14.2604,13.2775,0.2381,120,120,0,0,0,0,0,120,None,None,None,None,0,3.4497,3.4529,3.4465,0.0009,0.5512,0.5517,0.5506,0.0002,0.8053,0.806,0.8039,0.0005,-0.0001,-0.0001,-0.0001,0,0,0,0,0,0,0,0,0,0,0,0,0,164.5917,334,30,59.305,0,0,0,0,304.325,871,84,95.8794,34,41.55,47,39,23.66,23.68,23.63
2022-11-02 02:00:00,1.8516,3.3104,0.3848,0.5528,120,106.2226,28.9105,120,80.4554,80.5689,80.3552,0.0571,120,25.1251,25.1683,25.0676,0.0202,120,1006.8766,1007.0071,1006.769,0.0962,120,0,0,0,0,120,0,0,0,0,120,13.5805,13.7689,13.2775,0.2399,120,120,0,0,0,0,0,120,None,None,None,None,0,3.4479,3.4501,3.4462,0.0016,0.5513,0.5517,0.5507,0.0002,0.8046,0.8057,0.8036,0.0006,-0.0001,-0.0001,-0.0001,0,0,0,0,0,0,0,0,0,0,0,0,0,178.4333,337,19,60.0879,0,0,0,0,310.35,931,94,97.4836,34,41.5667,47,39,23.66,23.68,23.63
2022-11-02 02:10:00,1.7349,3.5036,0.486,0.6864,120,104.5471,28.9292,120,80.3311,80.4773,80.1721,0.0792,120,25.1602,25.2294,25.089,0.0307,120,1006.7249,1006.8056,1006.5859,0.0934,120,0,0,0,0,120,0,0,0,0,120,13.601,14.2604,13.2775,0.2588,120,120,0,0,0,0,0,120,None,None,None,None,0,3.4454,3.4468,3.4431,0.0016,0.5516,0.5523,0.5509,0.0003,0.8033,0.8048,0.8017,0.0008,-0.0001,-0.0001,-0.0001,0,0,0,0,0,0,0,0,0,0,0,0,0,165.75,358,30,74.6062,0,0,0,0,304.6,906,64,95.8433,34,41.5833,47,39,23.66,23.68,23.63
2022-11-02 02:20:00,1.4249,2.4824,0.5044,0.4509,120,113.4213,30.3106,120,80.0551,80.2026,79.928,0.0563,120,25.1866,25.2385,25.1286,0.0236,120,1006.6582,1006.8056,1006.5676,0.0894,120,0,0,0,0,120,0,0,0,0,120,13.4577,13.7689,13.2775,0.2378,120,120,0,0,0,0,0,120,None,None,None,None,0,3.4443,3.4468,3.4428,0.0015,0.5519,0.5524,0.5513,0.0002,0.8006,0.802,0.7993,0.0006,-0.0001,-0.0001,-0.0001,0,0,0,0,0,0,0,0,0,0,0,0,0,132.05,247,32,49.0151,0,0,0,0,328.0083,783,69,92.8436,34,41.55,47,39,23.66,23.68,23.63
2022-11-02 02:30:00,1.2658,2.3812,0.2744,0.44,120,108.5027,27.1446,120,79.9674,80.05,79.8975,0.0404,120,25.1418,25.1836,25.089,0.0211,120,1006.6305,1006.8056,1006.4028,0.0809,120,0,0,0,0,120,0,0,0,0,120,13.4986,14.2604,13.2775,0.2537,120,120,0,0,0,0,0,120,None,None,None,None,0,3.4438,3.4468,3.44,0.0013,0.5514,0.5518,0.5509,0.0002,0.7997,0.8005,0.799,0.0004,-0.0001,-0.0001,-0.0001,0,0,0,0,0,0,0,0,0,0,0,0,0,114.7583,236,7,47.8207,0,0,0,0,314.4667,944,138,92.6954,34,41.75,47,39,23.66,23.68,23.63
2022-11-02 02:40:00,1.4326,2.5744,0.5228,0.3838,120,105.3921,27.6363,120,79.989,80.0806,79.8975,0.039,120,25.1428,25.1988,25.0859,0.0209,120,1006.7614,1006.9887,1006.5676,0.0886,120,0,0,0,0,120,0,0,0,0,120,13.5519,14.2604,13.2775,0.2532,120,120,0,0,0,0,0,120,None,None,None,None,0,3.446,3.4498,3.4428,0.0015,0.5514,0.552,0.5509,0.0002,0.7999,0.8008,0.799,0.0004,-0.0001,-0.0001,-0.0001,0,0,0,0,0,0,0,0,0,0,0,0,0,132.8917,257,34,41.7167,0,0,0,0,303.1667,614,111,81.73,34,41.7167,47,39,23.66,23.68,23.63
2022-11-02 02:50:00,1.4963,3.1172,0.5872,0.5085,120,102.0268,28.9108,120,79.9397,80.05,79.8669,0.0453,120,25.1721,25.2171,25.1195,0.0195,120,1006.8387,1007.0071,1006.6042,0.0948,120,0,0,0,0,120,0,0,0,0,120,13.4863,13.7689,13.2775,0.244,120,120,0,0,0,0,0,120,None,None,None,None,0,3.4473,3.4501,3.4434,0.0016,0.5517,0.5522,0.5512,0.0002,0.7994,0.8005,0.7987,0.0005,-0.0001,-0.0001,-0.0001,0,0,0,0,0,0,0,0,0,0,0,0,0,139.8167,316,41,55.2771,0,0,0,0,290.9583,546,103,83.5192,34,41.4833,47,39,23.66,23.68,23.63
2022-11-02 03:00:00,1.414,2.7032,0.5504,0.4236,120,113.7909,26.7041,120,79.9178,79.989,79.8364,0.0374,120,25.1495,25.1897,25.1042,0.0187,120,1006.8564,1006.9887,1006.769,0.0951,120,0,0,0,0,120,0,0,0,0,120,13.5191,13.7689,13.2775,0.2467,120,120,0,0,0,0,0,120,None,None,None,None,0,3.4476,3.4498,3.4462,0.0016,0.5515,0.5519,0.551,0.0002,0.7992,0.7999,0.7984,0.0004,-0.0001,-0.0001,-0.0001,0,0,0,0,0,0,0,0,0,0,0,0,0,130.8667,271,37,46.0447,0,0,0,0,323.4917,604,65,77.4772,34,41.6,47,39,23.65,23.68,23.63
2022-11-02 03:10:00,1.602,3.5956,0.4216,0.6103,120,108.5379,32.8139,120,79.8636,79.989,79.7449,0.0633,120,25.155,25.2171,25.092,0.0254,120,1006.9337,1007.0071,1006.769,0.0818,120,0,0,0,0,120,0,0,0,0,120,13.5109,13.7689,13.2775,0.2465,120,120,0,0,0,0,0,120,None,None,None,None,0,3.4489,3.4501,3.4462,0.0014,0.5515,0.5522,0.5509,0.0003,0.7986,0.7999,0.7974,0.0006,-0.0001,-0.0001,-0.0001,0,0,0,0,0,0,0,0,0,0,0,0,0,151.3,368,23,66.3383,0,0,0,0,315.1417,880,60,103.8092,33.9,41.5833,49,39,23.65,23.68,23.63
2022-11-02 03:20:00,1.4349,2.7492,0.6516,0.4327,120,102.787,29.1879,120,79.7438,79.8669,79.5923,0.0692,120,25.1159,25.1714,25.0615,0.0226,120,1006.9713,1007.1718,1006.769,0.0406,120,0,0,0,0,120,0,0,0,0,120,13.4372,13.7689,13.2775,0.2312,120,120,0,0,0,0,0,120,None,None,None,None,0,3.4495,3.4529,3.4462,0.0007,0.5512,0.5517,0.5506,0.0002,0.7974,0.7987,0.7959,0.0007,-0.0001,-0.0001,-0.0001,0,0,0,0,0,0,0,0,0,0,0,0,0,133.1417,276,48,47.0303,0,0,0,0,295.425,645,119,86.3392,33,41.6833,47,39,23.65,23.68,23.63
2022-11-02 03:30:00,1.4129,3.016,0.4216,0.4706,120,107.3702,27.2362,120,79.6233,79.7449,79.5007,0.0571,120,25.0957,25.147,25.0493,0.0213,120,1006.9617,1006.9887,1006.7507,0.0514,120,0,0,0,0,120,0,0,0,0,120,13.5027,14.2604,13.2775,0.2619,120,120,0,0,0,0,0,120,None,None,None,None,0,3.4494,3.4498,3.4458,0.0009,0.551,0.5515,0.5505,0.0002,0.7962,0.7974,0.795,0.0006,-0.0001,-0.0001,-0.0001,0,0,0,0,0,0,0,0,0,0,0,0,0,130.75,305,23,51.1472,0,0,0,0,307.0333,595,74,80.0756,33,41.3833,47,39,23.65,23.68,23.63
2022-11-02 03:40:00,1.3457,3.2828,0.5044,0.597,120,121.6537,38.6258,120,79.532,79.6228,79.4397,0.0359,120,25.1191,25.1683,25.0646,0.0238,120,1006.986,1007.1718,1006.769,0.0698,120,0,0,0,0,120,0,0,0,0,120,13.5928,13.7689,12.786,0.2532,120,120,0,0,0,0,0,120,None,None,None,None,0,3.4498,3.4529,3.4462,0.0012,0.5512,0.5517,0.5506,0.0002,0.7953,0.7962,0.7944,0.0004,-0.0001,-0.0001,-0.0001,0,0,0,0,0,0,0,0,0,0,0,0,0,123.4417,334,32,64.8897,0,0,0,0,346.6583,731,53,112.2794,33,41.7333,47,39,23.65,23.68,23.63
2022-11-02 03:50:00,1.5992,3.0344,0.7988,0.5018,120,103.3434,23.5269,120,79.4651,79.6533,79.2871,0.0897,120,25.2094,25.2629,25.147,0.0258,120,1006.9893,1007.1718,1006.9521,0.0542,120,0,0,0,0,120,0,0,0,0,120,13.4331,14.2604,13.2775,0.2383,120,120,0,0,0,0,0,120,None,None,None,None,0,3.4498,3.4529,3.4492,0.0009,0.5521,0.5526,0.5515,0.0003,0.7947,0.7965,0.7929,0.0009,-0.0001,-0.0001,-0.0001,0,0,0,0,0,0,0,0,0,0,0,0,0,151,307,64,54.5447,0,0,0,0,294.0917,481,153,67.7405,33,41.5333,47,39,23.65,23.68,23.63
2022-11-02 04:00:00,1.5971,3.1724,0.5596,0.6181,120,107.2165,29.2114,120,79.2431,79.3481,79.0735,0.0625,120,25.164,25.2324,25.0859,0.0338,120,1007.0383,1007.1718,1006.9521,0.0911,120,0,0,0,0,120,0,0,0,0,120,13.3921,13.7689,13.2775,0.2087,120,120,0,0,0,0,0,120,None,None,None,None,0,3.4506,3.4529,3.4492,0.0015,0.5516,0.5523,0.5509,0.0003,0.7924,0.7935,0.7907,0.0006,-0.0001,-0.0001,-0.0001,0,0,0,0,0,0,0,0,0,0,0,0,0,150.7667,322,38,67.183,0,0,0,0,304,585,41,84.9648,33,41.6167,47,39,23.65,23.68,23.63
2022-11-02 04:10:00,1.949,3.4392,0.7896,0.6357,120,105.9523,25.1974,120,79.1406,79.3176,79.0124,0.0612,120,25.1089,25.1592,25.0554,0.0254,120,1007.1354,1007.1902,1006.9521,0.0699,120,0,0,0,0,120,0,0,0,0,120,13.5601,13.7689,13.2775,0.244,120,120,0,0,0,0,0,120,None,None,None,None,0,3.4523,3.4532,3.4492,0.0012,0.5511,0.5516,0.5505,0.0003,0.7914,0.7932,0.7901,0.0006,-0.0001,-0.0001,-0.0001,0,0,0,0,0,0,0,0,0,0,0,0,0,189.0167,351,63,69.0932,0,0,0,0,307.4667,957,96,89.5832,33,41.5167,47,39,23.65,23.68,23.63
2022-11-02 04:20:00,1.8448,3.4392,0.5964,0.6022,120,105.6249,23.7673,120,78.8484,79.0429,78.6462,0.0849,120,25.144,25.1958,25.092,0.0227,120,1007.1317,1007.1902,1006.9521,0.0728,120,0,0,0,0,120,0,0,0,0,120,13.429,14.2604,12.786,0.2532,120,120,0,0,0,0,0,120,None,None,None,None,0,3.4522,3.4532,3.4492,0.0012,0.5514,0.552,0.5509,0.0002,0.7885,0.7904,0.7865,0.0008,-0.0001,-0.0001,-0.0001,0,0,0,0,0,0,0,0,0,0,0,0,0,177.6917,351,42,65.458,0,0,0,0,300.8833,508,180,68.3648,33,41.75,47,39,23.65,23.68,23.63
2022-11-02 04:30:00,1.5893,3.1724,0.4676,0.6627,120,112.3129,35.8926,120,78.6704,78.7683,78.5546,0.0505,120,25.1416,25.1836,25.089,0.0218,120,1007.1993,1007.355,1006.9521,0.0888,120,0,0,0,0,120,0,0,0,0,120,13.4495,13.7689,13.2775,0.2354,120,120,0,0.0178,0.3052,0,0.0718,120,None,None,None,None,0,3.4533,3.4559,3.4492,0.0015,0.5514,0.5518,0.5509,0.0002,0.7867,0.7877,0.7855,0.0005,-0.0001,-0.0001,-0.0001,0,0,0,0,0,0,0,0,0,0,0.0003,0,0.0001,149.925,322,28,72.0299,0,0,0,0,323.075,641,69,104.0618,33,41.6833,47,39,23.65,23.68,23.63
2022-11-02 04:40:00,1.9687,3.4852,0.5412,0.6108,120,99.8385,24.7161,120,78.6732,78.8293,78.5546,0.043,120,25.1141,25.1592,25.0707,0.0193,120,1007.3339,1007.3733,1007.1535,0.0491,120,0.5627,2.8835,0,0.854,120,0.3419,2.1981,0,0.585,120,13.5805,14.2604,13.2775,0.2563,120,120,0,1.0783,3.0518,0,0.9295,120,None,None,None,None,0,3.4556,3.4562,3.4526,0.0008,0.5511,0.5516,0.5507,0.0002,0.7867,0.7883,0.7855,0.0004,-0.0001,-0.0001,-0.0001,0,0,0,0,0,0,0,0,0,0.0011,0.0031,0,0.0009,191.1583,356,36,66.3897,0,0,0,0,291.9083,864,160,87.4849,33,41.55,47,39,23.65,23.68,23.63
2022-11-02 04:50:00,2.0624,3.384,1.0104,0.5628,120,100.4543,23.882,120,78.6983,78.8293,78.5241,0.0789,120,25.1728,25.269,25.092,0.0335,120,1007.3669,1007.5198,1007.1535,0.0657,120,6.7785,9.3717,3.1236,1.8055,120,6.1153,9.1597,2.5642,2.0838,120,13.7485,14.2604,13.2775,0.1733,120,120,0,6.447,9.1555,3.0518,1.8644,120,89.36,89.88,88.84,0.37,64,3.4561,3.4587,3.4526,0.0011,0.5517,0.5527,0.5509,0.0003,0.787,0.7883,0.7852,0.0008,-0.0001,-0.0001,-0.0001,0,0.0001,0.0001,0,0,0.0001,0.0001,0,0,0.0064,0.0092,0.0031,0.0019,201.35,345,87,61.1758,0,0,0,0,285.0833,484,85,69.0982,33,41.55,47,39,23.65,23.68,23.63
2022-11-02 05:00:00,1.8749,4.0648,0.44,0.697,120,105.2591,31.8451,120,78.3873,78.5852,78.2495,0.086,120,25.2182,25.266,25.1561,0.0235,120,1007.4601,1007.5198,1007.3183,0.075,120,13.5231,18.263,8.8913,2.6296,120,13.5007,17.952,9.1597,2.5861,120,14.3223,15.2449,13.7689,0.3585,120,120,0,13.5197,17.7007,9.1555,2.5081,120,87.52,88.84,86.23,0.7,120,3.4577,3.4587,3.4553,0.0012,0.5522,0.5527,0.5516,0.0002,0.7839,0.7859,0.7825,0.0009,-0.0001,-0.0001,-0.0001,0,0.0002,0.0002,0.0001,0,0.0001,0.0001,0.0001,0,0.0135,0.0177,0.0092,0.0025,180.9667,419,25,75.7622,0,0,0,0,307.8917,963,84,107.2888,33,41.5667,47,39,23.64,23.68,23.63
2022-11-02 05:10:00,1.5695,3.0436,0.8356,0.4677,120,100.8456,33.8661,120,78.2563,78.341,78.1274,0.0402,120,25.1953,25.2599,25.1439,0.0234,120,1007.5185,1007.7029,1007.3366,0.0599,120,24.1945,34.1228,18.263,4.2747,120,23.7162,32.9736,18.3181,4.0377,120,15.4128,16.2278,14.2604,0.3902,120,120,0,22.0038,29.9081,17.7007,3.2547,120,85.12,86.23,83.89,0.7,120,3.4586,3.4617,3.4556,0.001,0.552,0.5526,0.5514,0.0002,0.7826,0.7834,0.7813,0.0004,-0.0001,-0.0001,-0.0001,0,0.0003,0.0004,0.0002,0.0001,0.0002,0.0003,0.0002,0,0.022,0.0299,0.0177,0.0033,147.7667,308,68,50.8332,0,0,0,0,288.2667,621,4,98.5757,33,41.7833,47,41,23.64,23.68,23.63
2022-11-02 05:20:00,1.0976,2.8504,0.2652,0.5362,120,105.601,55.9658,120,78.1638,78.28,78.0358,0.0591,120,25.3125,25.4552,25.1958,0.067,120,1007.5559,1007.7029,1007.5014,0.0784,120,64.0608,79.7803,34.363,14.6506,120,63.2291,78.4034,33.3397,14.5712,120,14.8469,16.2278,13.7689,0.6878,120,120,0,57.4206,73.2444,29.6029,13.4058,120,82.72,83.89,81.54,0.71,120,3.4593,3.4617,3.4584,0.0013,0.5531,0.5545,0.552,0.0007,0.7816,0.7828,0.7804,0.0006,-0.0001,-0.0001,-0.0001,0,0.0008,0.001,0.0004,0.0002,0.0005,0.0007,0.0003,0.0001,0.0574,0.0732,0.0296,0.0134,96.475,287,6,58.2836,0,0,0,0,342.525,965,39,184.2186,33,41.6667,47,39,23.65,23.68,23.63
2022-11-02 05:30:00,1.8662,3.1632,0.302,0.568,120,101.7798,31.1671,120,77.9539,78.0969,77.8527,0.0468,120,25.535,25.678,25.4247,0.0594,120,1007.6661,1007.9043,1007.5014,0.0674,120,67.7996,73.5331,61.5173,3.92,120,84.5823,149.479,64.4814,26.6118,120,105.4862,476.5131,14.2604,154.6328,120,120,0,63.9007,82.4,54.9333,7.2898,120,80.31,81.54,79.19,0.7,120,3.4611,3.4651,3.4584,0.0011,0.5554,0.5568,0.5543,0.0006,0.7795,0.781,0.7785,0.0005,-0.0007,-0.0001,-0.003,0.001,0.0009,0.0009,0.0008,0.0001,0.0007,0.0012,0.0005,0.0002,0.0639,0.0824,0.0549,0.0073,180.025,321,10,61.7405,0,0,0,0,301.0333,929,79,108.1579,33,41.6667,47,39,23.66,23.68,23.63
2022-11-02 05:40:00,1.6992,3.1724,0.2468,0.6751,120,102.5361,37.9975,120,77.663,77.9748,77.3949,0.1345,120,25.8336,26.0381,25.6566,0.0985,120,1007.8092,1007.886,1007.6846,0.0935,120,87.993,121.8339,60.5567,20.8938,120,131.624,216.5234,65.946,55.3783,120,212.6117,532.0819,32.4557,203.6421,120,120,0,96.3775,146.4889,52.797,33.2831,120,77.9,79.19,76.58,0.7,120,3.4635,3.4648,3.4614,0.0016,0.5583,0.5604,0.5566,0.001,0.7766,0.7797,0.7739,0.0013,-0.0013,-0.0002,-0.0033,0.0013,0.0011,0.0015,0.0008,0.0003,0.0011,0.0018,0.0005,0.0005,0.0964,0.1465,0.0528,0.0333,161.8667,322,4,73.3773,0,0,0,0,310.3583,950,56,130.2446,33,41.5667,47,39,23.64,23.68,23.63
2022-11-02 05:50:00,2.2973,4.6536,0.256,1.0545,120,100.2354,31.9862,120,76.9272,77.517,76.4794,0.3147,120,26.1508,26.2395,26.0381,0.0533,120,1007.873,1008.0874,1007.6662,0.0754,120,97.5771,119.911,81.9433,12.5983,120,134.8359,236.6747,93.4238,49.7514,120,155.7315,588.6352,16.2278,216.1591,120,120,0,106.3341,152.2874,75.9911,23.7074,120,75.48,76.58,74.23,0.7,120,3.4646,3.4681,3.4611,0.0013,0.5615,0.5624,0.5604,0.0005,0.7693,0.7752,0.7648,0.0031,-0.001,-0.0001,-0.0037,0.0013,0.0012,0.0015,0.001,0.0002,0.0011,0.002,0.0008,0.0004,0.1063,0.1523,0.076,0.0237,226.8833,483,5,114.618,0,0,0,0,291.475,741,81,99.4242,33,41.3833,47,39,23.64,23.68,23.63
2022-11-02 06:00:00,1.9837,4.304,0.2744,0.8567,120,104.187,32.5849,120,76.4573,76.9066,75.8385,0.3071,120,26.2521,26.444,26.1052,0.1136,120,1008.0125,1008.2705,1007.8677,0.091,120,104.2275,118.9504,95.1598,6.588,120,182.6928,300.7887,107.3457,77.5171,120,268.7172,620.1063,14.7535,255.3591,120,120,0,137.4528,211.4933,91.8607,45.824,120,73.07,74.23,71.87,0.71,120,3.4669,3.4712,3.4645,0.0015,0.5625,0.5644,0.5611,0.0011,0.7646,0.7691,0.7584,0.0031,-0.0017,-0.0001,-0.0038,0.0016,0.0013,0.0015,0.0012,0.0001,0.0015,0.0025,0.0009,0.0006,0.1375,0.2115,0.0919,0.0458,192.7917,445,7,93.1248,0,0,0,0,305.1167,955,24,109.258,33,41.5167,47,39,23.64,23.68,23.63
2022-11-02 06:10:00,2.1056,3.6508,0.7068,0.7066,120,106.7566,33.8882,120,75.634,76.1437,75.4112,0.1781,120,26.2575,26.444,26.0625,0.129,120,1008.17,1008.417,1008.0508,0.0944,120,88.5798,134.8102,66.3236,20.8465,120,108.5245,350.9808,67.4118,65.2592,120,67.6453,633.8769,13.2775,143.0648,120,120,0.1,91.8938,269.7836,56.4592,49.8519,120,70.66,71.87,69.52,0.71,120,3.4695,3.4736,3.4675,0.0016,0.5626,0.5644,0.5606,0.0013,0.7563,0.7614,0.7541,0.0018,-0.0004,-0.0001,-0.0039,0.0009,0.0011,0.0017,0.0008,0.0003,0.0009,0.0029,0.0006,0.0005,0.0919,0.2698,0.0565,0.0499,206.0417,374,54,76.801,0.0083,1,0,0.0913,319.575,1016,107,125.2951,32.7,31.8333,41,29,23.16,23.68,23.03
2022-11-02 06:20:00,2.4383,5.9784,0.8264,1.1074,120,124.6813,33.5855,120,76.1653,76.6625,75.7164,0.2836,120,26.1958,26.6149,26.0625,0.1507,120,1008.3886,1008.4536,1008.2339,0.0818,120,185.2478,212.1874,137.2134,18.1055,120,316.6586,468.5858,138.1212,129.6305,120,339.5468,703.2146,14.2604,324.6196,120,120,0,268.1865,378.1243,127.5674,91.2958,120,68.24,69.52,67.16,0.7,120,3.4731,3.4742,3.4706,0.0014,0.562,0.5662,0.5606,0.0015,0.7617,0.7666,0.7572,0.0028,-0.0021,-0.0001,-0.0044,0.002,0.0024,0.0027,0.0017,0.0002,0.0026,0.0039,0.0012,0.0011,0.2682,0.3781,0.1276,0.0913,242.2083,627,67,120.3737,0,0,0,0,353.4167,560,121,95.4191,32,31.1333,33,31,23.03,23.08,22.98
2022-11-02 06:30:00,2.3026,4.5524,0.7436,0.783,120,92.6784,35.3998,120,74.8967,76.4183,74.1295,0.5652,120,26.9316,27.1429,26.6271,0.1221,120,1008.5162,1008.8015,1008.2522,0.1044,120,163.9849,187.6772,139.3756,14.5556,120,360.8915,494.5978,163.7671,121.5813,120,457.0728,717.475,42.7828,257.3443,120,120,0,288.1659,393.0784,139.1644,93.0885,120,65.82,66.9,64.54,0.7,120,3.4753,3.48,3.4709,0.0017,0.5693,0.5714,0.5663,0.0012,0.749,0.7642,0.7413,0.0057,-0.0028,-0.0003,-0.0045,0.0016,0.0021,0.0024,0.0018,0.0002,0.003,0.0041,0.0014,0.001,0.2882,0.3931,0.1392,0.0931,227.4583,472,58,85.1053,0,0,0,0,272.6917,972,20,117.5252,32,31.1,37,29,23.01,23.03,22.98
2022-11-02 06:40:00,2.7131,5.6104,0.7252,1.1982,120,103.5499,40.777,120,72.7337,74.5262,71.5049,1.0064,120,27.3275,27.5182,27.152,0.1062,120,1008.7866,1009.003,1008.6001,0.0963,120,138.6109,157.8795,121.5937,11.6344,120,422.7284,530.8679,132.9916,123.661,120,601.6661,775.9942,21.1457,251.0849,120,120,0,336.6522,429.7006,106.2044,98.556,120,63.4,64.54,62.18,0.71,120,3.4798,3.4834,3.4767,0.0016,0.5733,0.5752,0.5715,0.0011,0.7273,0.7453,0.715,0.0101,-0.0037,-0.0001,-0.0048,0.0016,0.0018,0.002,0.0015,0.0001,0.0035,0.0044,0.0011,0.001,0.3367,0.4297,0.1062,0.0986,272.075,587,56,130.2393,0,0,0,0,292.1,596,6,117.573,32,31.0667,33,29,23,23.03,22.93
2022-11-02 06:50:00,2.4869,5.224,0.5872,1.1565,120,118.8992,38.7323,120,71.1379,72.0237,70.0705,0.5436,120,27.2601,27.3504,27.1734,0.0558,120,1008.8551,1009.003,1008.7832,0.081,120,163.5724,198.0102,130.0039,22.3968,120,431.5151,590.2197,151.6771,166.8247,120,517.7393,775.0113,32.9471,309.8954,120,120,0,353.8952,484.6339,122.9896,136.1719,120,60.99,62.18,59.83,0.71,120,3.4809,3.4834,3.4797,0.0014,0.5726,0.5735,0.5717,0.0006,0.7114,0.7202,0.7007,0.0054,-0.0032,-0.0002,-0.0048,0.0019,0.0021,0.0025,0.0017,0.0003,0.0036,0.0049,0.0013,0.0014,0.3539,0.4846,0.123,0.1362,247.4917,545,41,125.7112,0,0,0,0,344.9417,742,77,114.2415,32,31.0333,33,29,22.98,23.03,22.93
2022-11-02 07:00:00,2.6501,5.6748,0.7528,1.0795,120,116.1119,43.5488,120,70.0268,71.7185,69.0634,0.8704,120,27.6281,27.7838,27.3229,0.1137,120,1008.9634,1009.2044,1008.7832,0.0914,120,156.0869,165.3283,147.0654,5.4259,120,492.7903,608.9052,174.0252,142.8169,120,609.0179,800.5817,35.8991,257.0094,120,120,0,412.0126,513.3213,146.794,118.3361,120,58.57,59.83,57.47,0.7,120,3.4827,3.4867,3.4797,0.0015,0.5763,0.5778,0.5732,0.0011,0.7003,0.7172,0.6906,0.0087,-0.0038,-0.0002,-0.005,0.0016,0.002,0.0021,0.0019,0.0001,0.0041,0.0051,0.0014,0.0012,0.412,0.5133,0.1468,0.1183,265.2333,594,59,117.341,0,0,0,0,340.0083,976,24,136.4535,32,31.0667,35,29,22.98,23.03,22.93
2022-11-02 07:10:00,2.7503,5.316,0.3572,0.9821,120,112.5355,41.9615,120,69.053,69.9789,68.1478,0.5583,120,27.655,27.7746,27.5152,0.0741,120,1009.0565,1009.3692,1008.8198,0.0933,120,121.9419,152.1118,107.8961,11.7349,120,575.7728,631.6194,167.0636,92.2433,120,764.561,836.9723,69.8292,155.329,120,120,0,486.3989,538.3465,137.6385,77.4397,120,56.15,57.47,54.85,0.7,120,3.4843,3.4895,3.4803,0.0016,0.5766,0.5777,0.5752,0.0007,0.6905,0.6998,0.6815,0.0056,-0.0047,-0.0004,-0.0052,0.001,0.0015,0.0019,0.0014,0.0001,0.0048,0.0053,0.0014,0.0008,0.4864,0.5383,0.1376,0.0774,276.1167,555,16,106.7449,0,0,0,0,322.8083,764,35,123.4648,32,31.2,37,29,22.98,23.03,22.93
2022-11-02 07:20:00,3.4019,5.7576,1.4336,0.9067,120,104.1536,36.7121,120,68.5555,69.5517,67.8121,0.403,120,27.526,27.6891,27.3168,0.1411,120,1009.2288,1009.4058,1009.003,0.0834,120,153.0451,193.4441,118.9504,25.9005,120,568.8271,715.5174,139.587,206.2476,120,660.927,827.1366,15.7364,307.4572,120,120,0,485.5037,615.2532,111.0874,179.6996,120,53.73,54.85,52.49,0.71,120,3.4871,3.4901,3.4834,0.0014,0.5753,0.5769,0.5732,0.0014,0.6856,0.6955,0.6781,0.004,-0.0041,-0.0001,-0.0051,0.0019,0.0019,0.0025,0.0015,0.0003,0.0047,0.006,0.0012,0.0017,0.4855,0.6153,0.1111,0.1797,346.95,603,133,98.5578,0,0,0,0,320.5167,984,117,140.3969,32,31.1333,37,29,22.97,22.98,22.93
2022-11-02 07:30:00,2.816,5.2056,0.4768,1.0566,120,107.9718,37.8202,120,68.9576,69.8569,67.4764,0.6556,120,27.663,27.8143,27.3656,0.1513,120,1009.3518,1009.5706,1009.1861,0.0999,120,160.0199,185.0339,141.0583,12.1091,120,547.2509,683.6435,258.2893,86.0051,120,581.209,812.8762,139.66,153.6792,120,120,0,471.0354,588.0917,223.0903,73.4804,120,51.32,52.49,50.14,0.71,120,3.4892,3.4928,3.4864,0.0017,0.5766,0.5781,0.5737,0.0015,0.6896,0.6986,0.6748,0.0066,-0.0036,-0.0009,-0.005,0.001,0.002,0.0024,0.0018,0.0002,0.0046,0.0057,0.0022,0.0007,0.471,0.5881,0.2231,0.0735,283.2583,543,29,114.8459,0,0,0,0,333.5,1010,129,144.1602,32,31.0667,35,29,22.97,22.98,22.93
2022-11-02 07:40:00,2.6758,5.2424,0.532,1.0947,120,97.8164,35.4266,120,67.9197,68.6666,67.2933,0.306,120,27.5773,27.7227,27.5304,0.0408,120,1009.4069,1009.5889,1009.1861,0.068,120,203.659,232.8535,168.4528,16.866,120,541.8623,766.0768,196.7395,155.6945,120,482.9147,754.8485,23.6046,204.4171,120,120,0,473.838,672.3228,162.3585,141.2298,120,48.9,50.14,47.79,0.7,120,3.4901,3.4931,3.4864,0.0011,0.5758,0.5772,0.5753,0.0004,0.6792,0.6867,0.6729,0.0031,-0.003,-0.0001,-0.0047,0.0013,0.0026,0.003,0.0021,0.0002,0.0045,0.0064,0.0016,0.0013,0.4738,0.6723,0.1624,0.1412,268.025,547,35,118.9885,0,0,0,0,298.5083,1015,30,135.9002,32,31.1167,37,29,22.95,22.98,22.93
2022-11-02 07:50:00,2.8312,5.3712,0.3296,1.1135,120,108.7862,41.6823,120,67.5286,68.5751,66.8661,0.4116,120,27.6438,27.7471,27.5426,0.0575,120,1009.4728,1009.6072,1009.2227,0.0964,120,205.1389,233.5748,170.8559,17.3619,120,647.5352,859.1345,182.0852,248.8097,120,604.0142,857.135,19.1782,315.0297,120,120,0,569.6229,758.9953,150.4563,223.4557,120,46.49,47.79,45.17,0.7,120,3.4912,3.4935,3.487,0.0016,0.5764,0.5775,0.5754,0.0006,0.6753,0.6858,0.6687,0.0041,-0.0037,-0.0001,-0.0053,0.002,0.0026,0.003,0.0022,0.0002,0.0054,0.0072,0.0015,0.0021,0.5696,0.759,0.1505,0.2235,284.9083,561,13,121.0325,0,0,0,0,312.6833,676,23,120.8928,33,31.1167,33,31,22.95,22.98,22.93
2022-11-02 08:00:00,2.7273,5.1136,1.0472,0.9203,120,104.0486,40.055,120,66.8544,68.0563,65.8284,0.5783,120,28.0064,28.095,27.7532,0.0808,120,1009.5225,1009.7903,1009.3692,0.0941,120,197.355,236.2181,181.6693,11.9378,120,764.2512,875.6206,342.5546,85.0426,120,739.5223,845.3319,143.5933,122.3591,120,120,0,678.045,778.5272,304.5747,77.1309,120,44.08,45.17,42.82,0.7,120,3.492,3.4965,3.4895,0.0016,0.5801,0.5809,0.5775,0.0008,0.6685,0.6806,0.6583,0.0058,-0.0046,-0.0009,-0.0052,0.0008,0.0025,0.003,0.0023,0.0002,0.0064,0.0073,0.0029,0.0007,0.678,0.7785,0.3046,0.0771,273.6167,533,91,100.032,0,0,0,0,304.9083,928,50,124.4503,33,31.0667,35,29,22.95,22.98,22.88
2022-11-02 08:10:00,2.681,6.3372,0.67,1.1356,120,97.5805,26.7063,120,66.0443,66.8355,64.6992,0.539,120,28.0881,28.269,27.9424,0.1202,120,1009.5901,1009.7903,1009.4058,0.0493,120,241.2684,282.1157,214.1102,14.2871,120,656.0289,986.2641,244.3673,295.2407,120,521.9358,889.0993,14.7535,374.8533,120,120,0,586.258,886.5627,212.714,268.5951,120,41.67,42.82,40.48,0.7,120,3.4932,3.4965,3.4901,0.0008,0.5809,0.5827,0.5794,0.0012,0.6604,0.6684,0.647,0.0054,-0.0032,-0.0001,-0.0055,0.0023,0.0031,0.0036,0.0027,0.0002,0.0055,0.0082,0.002,0.0025,0.5863,0.8866,0.2127,0.2686,268.5917,666,50,123.4376,0,0,0,0,278.075,602,65,78.2058,33,31.1,37,29,22.94,22.98,22.93
2022-11-02 08:20:00,3.1945,6.4936,0.4584,1.2424,120,103.4651,32.802,120,66.7379,67.6595,65.8589,0.441,120,27.9456,28.0279,27.8448,0.0493,120,1009.6084,1009.8086,1009.4058,0.0467,120,313.3314,350.8425,266.0157,16.7699,120,987.8551,1056.9736,577.7635,106.2039,120,812.9295,889.5907,320.1337,138.5762,120,120,0,895.0494,961.6382,519.1199,99.1702,120,39.27,40.48,38.14,0.7,120,3.4935,3.4968,3.4901,0.0008,0.5795,0.5803,0.5785,0.0005,0.6674,0.6766,0.6586,0.0044,-0.005,-0.002,-0.0055,0.0009,0.004,0.0045,0.0034,0.0002,0.0082,0.0088,0.0048,0.0009,0.895,0.9616,0.5191,0.0992,324.4,683,27,135.0383,0,0,0,0,298.4083,764,15,99.7779,33.1,31.0833,37,29,22.93,22.98,22.93
2022-11-02 08:30:00,2.689,4.8928,0.394,1.0276,120,91.3944,37.781,120,66.4596,67.6901,65.3096,0.7162,120,27.9788,28.2598,27.7838,0.1681,120,1009.5927,1009.8086,1009.4058,0.0905,120,251.8157,316.9598,195.8472,35.3747,120,466.5919,1032.7935,204.7995,295.9868,120,253.7103,902.8682,13.7689,338.9237,120,120,0,417.4449,937.8338,177.0074,271.3667,120,36.87,38.14,35.8,0.69,120,3.4932,3.4968,3.4901,0.0015,0.5798,0.5826,0.5778,0.0017,0.6646,0.6769,0.6531,0.0072,-0.0016,-0.0001,-0.0056,0.0021,0.0032,0.004,0.0025,0.0004,0.0039,0.0086,0.0017,0.0025,0.4174,0.9378,0.177,0.2714,269.4583,509,20,111.6934,0,0,0,0,279.8417,961,33,139.8108,34,31.2,37,31,22.93,22.98,22.88
2022-11-02 08:40:00,2.4414,5.2056,0.5136,0.9911,120,82.9259,48.3143,120,67.0303,67.5375,66.4083,0.2455,120,27.8629,27.9608,27.7899,0.0383,120,1009.624,1009.827,1009.4241,0.0905,120,279.8351,340.9906,200.8937,44.3339,120,544.836,1119.623,208.8307,321.4356,120,302.6198,912.7038,13.7689,335.6529,120,120,0,489.0515,1022.3701,177.3125,298.5716,120,34.48,35.54,33.22,0.69,120,3.4937,3.4971,3.4904,0.0015,0.5786,0.5796,0.5779,0.0004,0.6703,0.6754,0.6641,0.0025,-0.0019,-0.0001,-0.0057,0.0021,0.0036,0.0043,0.0026,0.0006,0.0045,0.0093,0.0017,0.0027,0.4891,1.0224,0.1773,0.2986,242.5417,543,33,107.7289,0,0,0,0,267.1417,976,5,160.9075,34,31.15,37,31,22.92,22.93,22.88
2022-11-02 08:50:00,2.7962,5.5644,0.808,1.075,120,102.583,35.437,120,66.6257,67.1102,65.981,0.3103,120,27.989,28.1317,27.9119,0.0697,120,1009.6367,1009.827,1009.4241,0.0776,120,316.5655,346.2772,295.8134,14.7401,120,738.3031,1155.527,310.3145,347.2742,120,466.6949,920.5704,15.2449,385.9713,120,120,0,668.6173,1059.6027,274.0562,318.5622,120,32.09,33.22,30.9,0.7,120,3.4939,3.4971,3.4904,0.0013,0.5799,0.5813,0.5791,0.0007,0.6663,0.6711,0.6598,0.0031,-0.0029,-0.0001,-0.0057,0.0024,0.004,0.0044,0.0038,0.0002,0.0062,0.0096,0.0026,0.0029,0.6686,1.0596,0.2741,0.3186,281.1083,582,65,116.8499,0,0,0,0,300.9167,1017,47,118.8194,34,33.1333,41,29,23.09,23.68,22.88
2022-11-02 09:00:00,2.6722,5.3712,0.4768,1.183,120,81.7386,47.6772,120,66.3106,66.9881,65.5538,0.3821,120,28.0928,28.1958,27.857,0.0864,120,1009.6396,1009.827,1009.4241,0.0532,120,271.4405,321.0449,214.8307,30.6422,120,485.5026,1166.1513,224.5834,337.5718,120,235.8637,921.0635,13.7689,344.2551,120,120,0,433.7392,1067.2323,191.351,310.7087,120,29.72,30.9,28.59,0.69,120,3.494,3.4971,3.4904,0.0009,0.5809,0.582,0.5786,0.0009,0.6631,0.6699,0.6555,0.0038,-0.0015,-0.0001,-0.0057,0.0021,0.0034,0.0041,0.0027,0.0004,0.004,0.0097,0.0019,0.0028,0.4337,1.0672,0.1914,0.3107,267.6333,561,29,128.5839,0,0,0,0,274.1083,887,42,165.3063,35,41.0833,47,39,23.65,23.68,23.63
2022-11-02 09:10:00,2.8663,4.9848,0.5688,0.994,120,81.6401,35.939,120,66.5657,67.0797,66.0115,0.3043,120,27.6764,27.8509,27.6067,0.0613,120,1009.659,1009.8453,1009.4424,0.0662,120,320.6186,386.648,267.2173,35.4037,120,444.509,1170.9148,278.4406,211.5722,120,131.9346,865.4947,13.7689,199.3758,120,120,0,394.0168,1064.4856,240.4858,199.0098,120,27.36,28.59,26.29,0.69,120,3.4943,3.4974,3.4907,0.0011,0.5768,0.5785,0.5761,0.0006,0.6657,0.6708,0.6601,0.003,-0.0008,-0.0001,-0.0054,0.0012,0.0041,0.0049,0.0034,0.0004,0.0037,0.0098,0.0023,0.0018,0.394,1.0645,0.2405,0.199,288.7333,519,39,108.0471,0,0,0,0,253.7167,963,52,134.2548,35.8,41.2,47,41,23.67,23.68,23.63
2022-11-02 09:20:00,2.5299,4.8284,0.3664,1.042,120,67.777,42.6244,120,67.4042,67.8732,66.9881,0.2447,120,27.7879,28.0096,27.6281,0.1104,120,1009.5323,1009.6622,1009.2593,0.0933,120,294.5317,389.0512,230.9315,43.2035,120,688.5655,1226.2365,245.1008,402.2889,120,409.9623,928.9317,15.2449,401.0681,120,120,0,618.6102,1120.3345,206.3051,376.9562,120,25.02,26.29,23.77,0.68,120,3.4922,3.4944,3.4877,0.0016,0.5779,0.5801,0.5763,0.0011,0.674,0.6787,0.6699,0.0024,-0.0025,-0.0001,-0.0058,0.0025,0.0037,0.0049,0.0029,0.0005,0.0057,0.0102,0.002,0.0034,0.6186,1.1203,0.2063,0.377,252.1667,502,17,113.2641,0,0,0,0,252.525,1018,41,198.2462,36,41,43,39,23.67,23.68,23.63
2022-11-02 09:30:00,3.4637,5.6564,1.4428,0.9628,120,71.8267,30.4364,120,66.6585,67.2628,66.0726,0.2997,120,27.7836,28.0157,27.5884,0.1356,120,1009.4188,1009.6438,1009.2593,0.0875,120,281.7515,345.5559,216.2732,42.5002,120,519.81,1268.3685,228.6134,344.5448,120,246.4365,935.8153,14.2604,320.8434,120,120,0,464.6036,1161.5345,192.2666,322.7641,120,22.69,23.77,21.52,0.67,120,3.4903,3.4941,3.4877,0.0015,0.5778,0.5802,0.5759,0.0014,0.6666,0.6726,0.6607,0.003,-0.0015,-0.0001,-0.0058,0.002,0.0036,0.0044,0.0027,0.0005,0.0043,0.0106,0.0019,0.0029,0.4646,1.1615,0.1923,0.3228,353.6667,592,134,104.6537,0,0,0,0,219.9583,1007,40,118.4478,36.8,41.0833,45,39,23.68,23.68,23.63
2022-11-02 09:40:00,2.5482,5.6104,0.5228,1.1505,120,73.2671,42.157,120,67.8503,68.8498,67.0492,0.391,120,27.8794,28.1774,27.622,0.1683,120,1009.3309,1009.4974,1009.2593,0.0787,120,284.493,344.5945,221.8,35.1998,120,1006.2713,1276.4286,274.0432,361.9609,120,722.6262,944.175,15.2449,356.558,120,120,0,916.9134,1170.3848,236.2133,334.8704,120,20.4,21.52,19.3,0.67,120,3.4888,3.4916,3.4877,0.0013,0.5788,0.5818,0.5762,0.0017,0.6785,0.6885,0.6705,0.0039,-0.0045,-0.0001,-0.0059,0.0022,0.0036,0.0044,0.0028,0.0004,0.0084,0.0106,0.0023,0.003,0.9169,1.1704,0.2362,0.3349,254.15,587,34,125.0524,0,0,0,0,233.75,987,0,151.6468,37,41.1167,47,39,23.68,23.68,23.63
2022-11-02 09:50:00,3.1407,6.2636,0.4584,1.3591,120,54.7644,40.6974,120,67.0334,68.1478,66.0726,0.5478,120,28.1586,28.3178,28.0035,0.0936,120,1009.1948,1009.3142,1009.0945,0.093,120,244.3183,278.5118,206.1803,19.0698,120,936.6368,1211.2149,304.0864,311.433,120,684.3183,949.5843,43.2743,318.7717,120,120,0,847.9949,1114.2308,256.6607,290.1829,120,18.15,19.3,17.13,0.65,120,3.4866,3.4886,3.4849,0.0016,0.5816,0.5832,0.58,0.0009,0.6703,0.6815,0.6607,0.0055,-0.0042,-0.0003,-0.0059,0.002,0.0031,0.0035,0.0026,0.0002,0.0078,0.0101,0.0025,0.0026,0.848,1.1142,0.2567,0.2902,318.5583,658,27,147.7323,0,0,0,0,199.3583,1012,10,172.6215,37,41.0167,45,39,23.68,23.68,23.63
2022-11-02 10:00:00,2.289,4.2856,0.6884,0.8721,120,70.0642,41.9278,120,66.6466,67.7511,65.7369,0.6248,120,28.4203,28.6077,28.1195,0.1507,120,1009.1086,1009.3142,1008.9297,0.0526,120,252.2223,371.2685,213.8701,35.2723,120,759.4791,1235.0288,262.6867,409.0346,120,492.7048,941.7161,14.7535,416.1977,120,120,0,682.226,1134.9834,223.3955,378.6916,120,15.96,17.13,14.8,0.63,120,3.4851,3.4886,3.4822,0.0009,0.5842,0.5861,0.5812,0.0015,0.6665,0.6775,0.6574,0.0062,-0.0031,-0.0001,-0.0058,0.0026,0.0032,0.0047,0.0027,0.0004,0.0063,0.0103,0.0022,0.0034,0.6822,1.135,0.2234,0.3787,225.975,443,52,94.7911,0,0,0,0,251.0667,1000,23,181.8805,37.7,41,47,39,23.68,23.68,23.63
2022-11-02 10:10:00,2.8839,6.0704,0.854,1.0375,120,86.9859,34.6094,120,65.8292,67.0492,65.0655,0.5734,120,28.2553,28.5162,28.095,0.1188,120,1009.0677,1009.1311,1008.9297,0.081,120,293.1038,368.6252,212.1874,35.458,120,839.0026,1305.3709,229.7131,377.1266,120,528.1729,950.0773,15.7364,355.9588,120,120,0,757.7746,1193.8841,187.994,355.4103,120,13.86,14.8,12.81,0.6,120,3.4845,3.4855,3.4822,0.0014,0.5826,0.5852,0.5809,0.0012,0.6583,0.6705,0.6507,0.0057,-0.0033,-0.0001,-0.0059,0.0022,0.0037,0.0047,0.0027,0.0004,0.007,0.0109,0.0019,0.0031,0.7578,1.1939,0.188,0.3554,290.6417,637,70,112.7716,0,0,0,0,251.6417,679,9,103.4009,38,41.0833,47,39,23.68,23.68,23.68
2022-11-02 10:20:00,2.5304,4.994,0.3848,1.1053,120,86.0095,43.267,120,66.2895,67.7511,64.5161,1.0235,120,28.5974,28.9038,28.2598,0.2155,120,1009.1185,1009.3326,1008.9297,0.0709,120,243.6534,289.085,216.9937,13.6815,120,1119.8608,1226.2365,251.3289,256.9586,120,835.866,937.7828,26.5549,245.6083,120,120,0,1023.8782,1123.3863,211.4933,238.4582,120,11.89,12.81,10.98,0.55,120,3.4853,3.4889,3.4822,0.0012,0.586,0.589,0.5826,0.0022,0.6629,0.6775,0.6452,0.0102,-0.0052,-0.0002,-0.0058,0.0015,0.0031,0.0037,0.0028,0.0002,0.0093,0.0102,0.0021,0.0021,1.0239,1.1234,0.2115,0.2385,252.2167,520,19,120.1442,0,0,0,0,278.4917,969,30,160.3717,38,41.0833,47,39,23.68,23.73,23.63
2022-11-02 10:30:00,2.5678,5.4356,0.6792,1.0231,120,94.9418,50.7671,120,66.0349,67.1102,64.4856,0.7049,120,28.6808,28.8916,28.4124,0.1617,120,1009.1339,1009.3326,1008.948,0.0663,120,229.6418,286.922,206.6606,21.4181,120,1123.1214,1241.9892,341.0888,223.3342,120,842.0334,946.6339,64.9114,228.3643,120,120,0,1024.9463,1163.976,292.3673,207.1797,120,10.14,10.98,9.4,0.47,120,3.4856,3.4889,3.4825,0.0011,0.5868,0.5889,0.5841,0.0016,0.6603,0.6711,0.6449,0.007,-0.0052,-0.0004,-0.0059,0.0014,0.0029,0.0036,0.0026,0.0003,0.0094,0.0103,0.0028,0.0019,1.0249,1.164,0.2924,0.2072,256.2833,568,51,111.2042,0,0,0,0,318.1833,984,67,183.0762,38,41.2167,47,41,23.68,23.68,23.68
2022-11-02 10:40:00,2.4421,5.1504,0.6056,1.082,120,74.8553,46.5329,120,65.9266,67.1407,64.9434,0.5331,120,28.681,28.797,28.5375,0.0721,120,1009.0852,1009.1494,1008.9297,0.0758,120,239.1277,334.2614,192.7228,39.6498,120,1196.0715,1300.2425,625.3914,106.378,120,896.7168,940.7332,270.9588,115.2914,120,120,0,1095.439,1192.6633,590.228,97.1025,120,8.73,9.4,8.23,0.34,120,3.4848,3.4858,3.4822,0.0013,0.5868,0.588,0.5854,0.0007,0.6593,0.6714,0.6494,0.0053,-0.0056,-0.0017,-0.0058,0.0007,0.003,0.0042,0.0024,0.0005,0.01,0.0108,0.0052,0.0009,1.0954,1.1927,0.5902,0.0971,242.6167,537,43,117.6119,0,0,0,0,254.825,952,45,167.7152,38.9,41.0167,45,39,23.68,23.73,23.68
2022-11-02 10:50:00,2.6606,5.1872,0.6056,0.9841,120,110.6648,42.578,120,65.8129,66.5609,65.157,0.3289,120,28.8806,29.0655,28.7237,0.0707,120,1008.9694,1009.1311,1008.9297,0.0504,120,195.3925,280.4339,166.0496,29.4399,120,1163.0923,1276.0624,658.3649,80.4925,120,902.7531,953.5192,332.9198,86.772,120,120,0,1065.1036,1177.7093,591.1435,73.811,120,7.85,8.14,7.63,0.16,120,3.4828,3.4855,3.4822,0.0008,0.5888,0.5907,0.5872,0.0007,0.6581,0.6656,0.6516,0.0033,-0.0056,-0.0021,-0.0059,0.0005,0.0025,0.0036,0.0021,0.0004,0.0097,0.0106,0.0055,0.0007,1.0651,1.1777,0.5911,0.0738,266.375,541,43,106.964,0,0,0,0,329.2833,976,34,140.5136,39,41.1167,47,41,23.68,23.68,23.68
2022-11-02 11:00:00,2.6057,4.8468,0.6792,0.9668,120,104.7345,37.2339,120,64.9429,66.0726,63.9363,0.5516,120,28.9828,29.1784,28.8153,0.103,120,1008.8595,1009.1128,1008.7466,0.0969,120,277.0756,319.363,241.5047,18.9932,120,1230.037,1310.8667,658.3649,109.2471,120,887.6111,948.6014,333.9043,106.4013,120,120,0,1134.1517,1215.5522,578.9361,100.7197,120,7.68,7.86,7.62,0.07,120,3.481,3.4852,3.4791,0.0016,0.5898,0.5918,0.5881,0.001,0.6494,0.6607,0.6394,0.0055,-0.0055,-0.0021,-0.0059,0.0007,0.0035,0.0041,0.0031,0.0002,0.0102,0.0109,0.0055,0.0009,1.1342,1.2156,0.5789,0.1007,260.4,504,51,105.0886,0,0,0,0,309.1583,969,32,122.6253,39,41.0333,45,39,23.68,23.68,23.68
2022-11-02 11:10:00,2.9444,4.6812,0.5872,0.8709,120,94.3112,35.7954,120,64.2605,65.157,63.7226,0.2763,120,28.9127,29.1632,28.7054,0.1318,120,1008.6331,1008.7832,1008.3804,0.0945,120,271.9411,330.4173,238.6213,27.7153,120,1055.2792,1308.6687,322.0384,314.6179,120,732.9081,935.8153,26.5549,309.5393,120,120,0,968.4337,1214.9419,279.5495,296.7369,120,8.27,8.76,7.86,0.27,120,3.4772,3.4797,3.473,0.0016,0.5891,0.5916,0.587,0.0013,0.6426,0.6516,0.6372,0.0028,-0.0045,-0.0002,-0.0058,0.0019,0.0035,0.0042,0.003,0.0004,0.0088,0.0109,0.0027,0.0026,0.9684,1.2149,0.2795,0.2967,297.2167,486,41,94.66,0,0,0,0,276.9167,716,59,109.0943,39,41.0333,45,39,23.68,23.73,23.63
2022-11-02 11:20:00,2.3574,5.4632,0.394,1.086,120,96.9953,52.4401,120,64.8231,66.6219,63.3869,0.8831,120,29.0299,29.2059,28.7115,0.1421,120,1008.4637,1008.6001,1008.1973,0.099,120,258.1578,307.1079,226.3654,21.9783,120,1045.9184,1272.0324,352.4466,312.2287,120,740.0509,936.7999,42.7828,312.2705,120,120,0,959.3468,1167.9434,302.7436,292.2401,120,9.47,10.15,8.76,0.42,120,3.4744,3.4767,3.47,0.0017,0.5903,0.5921,0.5871,0.0014,0.6482,0.6662,0.6339,0.0088,-0.0046,-0.0003,-0.0058,0.0019,0.0033,0.0039,0.0029,0.0003,0.0087,0.0106,0.0029,0.0026,0.9593,1.1679,0.3027,0.2922,233.4083,571,20,118.0439,0,0,0,0,309.0417,915,20,171.3496,39,41,43,39,23.68,23.73,23.68
2022-11-02 11:30:00,2.5711,4.2028,0.3664,0.8181,120,89.0345,28.562,120,63.3786,64.2415,62.5629,0.4688,120,28.9705,29.1418,28.6169,0.1403,120,1008.2385,1008.3987,1007.9958,0.1272,120,226.0272,280.9142,197.289,24.4921,120,645.3523,1233.1969,213.2269,444.389,120,397.0045,932.3735,13.7689,417.0587,120,120,0,588.0408,1165.1967,184.3318,417.1569,120,11.09,12.07,10.15,0.52,120,3.4706,3.4733,3.4666,0.0021,0.5897,0.5914,0.5862,0.0014,0.6338,0.6424,0.6256,0.0047,-0.0025,-0.0001,-0.0058,0.0026,0.0029,0.0036,0.0025,0.0003,0.0054,0.0103,0.0018,0.0037,0.588,1.1652,0.1843,0.4172,256.6417,434,17,88.9243,0,0,0,0,267.25,1022,17,114.7446,39,41.1667,47,39,23.68,23.68,23.68
2022-11-02 11:40:00,3.0357,4.9204,1.0656,0.8521,120,89.7367,29.5826,120,65.1654,66.3778,63.4785,0.6779,120,28.5401,28.6138,28.5009,0.0248,120,1008.0061,1008.2156,1007.831,0.0711,120,267.029,354.2071,223.963,41.0646,120,1069.7019,1298.0444,317.6411,267.6994,120,766.4132,936.3068,45.7332,283.9445,120,120,0,983.6904,1203.65,286.874,247.6656,120,12.98,14.01,12.07,0.58,120,3.4668,3.4703,3.4639,0.0012,0.5854,0.5861,0.585,0.0003,0.6517,0.6638,0.6348,0.0068,-0.0048,-0.0003,-0.0058,0.0018,0.0034,0.0045,0.0028,0.0005,0.0089,0.0108,0.0026,0.0022,0.9837,1.2037,0.2869,0.2477,307.1417,512,93,92.6175,0,0,0,0,259.1917,744,64,90.9809,39.4,41.0333,45,39,23.68,23.68,23.68
2022-11-02 11:50:00,2.4369,4.6168,0.7988,0.838,120,99.1713,39.6964,120,65.8043,66.4998,64.7603,0.4734,120,28.7736,28.9251,28.5833,0.1055,120,1007.8814,1008.0508,1007.6479,0.0837,120,252.1261,320.8047,204.4984,33.0007,120,846.9253,1230.9988,220.1873,416.2965,120,579.2788,944.6681,15.7364,407.486,120,120,0,771.6046,1134.6782,178.2281,393.648,120,15.03,16.07,14.01,0.62,120,3.4647,3.4675,3.4608,0.0014,0.5877,0.5893,0.5858,0.0011,0.658,0.665,0.6476,0.0047,-0.0036,-0.0001,-0.0059,0.0025,0.0032,0.0041,0.0026,0.0004,0.0071,0.0103,0.0018,0.0035,0.7716,1.1347,0.1782,0.3936,242.05,479,64,91.0824,0,0,0,0,295.9417,1011,50,130.5291,40,41.1,45,39,23.68,23.68,23.68
2022-11-02 12:00:00,2.3199,5.316,0.6608,0.891,120,94.3988,40.6716,120,65.5215,66.6829,64.4856,0.6011,120,29.2406,29.4195,28.8916,0.1455,120,1007.7105,1007.8494,1007.4648,0.0903,120,260.2344,337.3858,216.2732,39.4709,120,865.8909,1244.9208,246.1993,382.3275,120,593.8143,926.9642,14.2604,387.6198,120,120,0,789.3002,1134.6782,207.2207,358.6105,120,17.19,18.21,16.07,0.64,120,3.4618,3.4642,3.4577,0.0015,0.5924,0.5942,0.5889,0.0014,0.6552,0.6668,0.6449,0.006,-0.0037,-0.0001,-0.0058,0.0024,0.0033,0.0043,0.0027,0.0005,0.0072,0.0104,0.0021,0.0032,0.7893,1.1347,0.2072,0.3586,229.3417,555,49,96.8454,0,0,0,0,287.7083,1005,24,145.0359,40,41.1167,47,39,23.68,23.68,23.63
2022-11-02 12:10:00,2.6436,4.9572,0.7712,0.8922,120,71.3551,39.219,120,65.0586,66.2862,64.0278,0.7574,120,29.1472,29.389,28.9892,0.1066,120,1007.6258,1007.6846,1007.4648,0.0709,120,328.3684,415.9646,247.0315,49.8846,120,427.2347,1328.8187,261.2209,238.814,120,98.3559,905.8186,14.2604,202.4161,120,120,0,389.3272,1237.5256,222.1748,233.3144,120,19.41,20.65,18.21,0.65,120,3.4604,3.4614,3.4577,0.0012,0.5915,0.5939,0.5899,0.0011,0.6506,0.6629,0.6403,0.0076,-0.0006,-0.0001,-0.0056,0.0013,0.0042,0.0053,0.0031,0.0006,0.0036,0.0111,0.0022,0.002,0.3893,1.2375,0.2222,0.2333,264.525,516,61,96.9782,0,0,0,0,243.1167,1014,0,172.9569,40,41.05,45,39,23.68,23.68,23.68
2022-11-02 12:20:00,2.5149,5.4632,0.5872,1.0383,120,102.3492,43.3475,120,66.9548,68.3004,64.9739,1.0878,120,28.6437,28.9831,28.504,0.1164,120,1007.4396,1007.6846,1007.3,0.0868,120,333.7191,460.1803,240.7835,77.1016,120,500.4046,1364.7227,253.8932,331.8567,120,166.3455,919.096,13.7689,278.5903,120,120,0,464.8274,1276.5892,228.5836,314.6436,120,21.69,22.89,20.65,0.67,120,3.4573,3.4614,3.455,0.0014,0.5864,0.5898,0.585,0.0012,0.6695,0.683,0.6497,0.0109,-0.001,-0.0001,-0.0057,0.0017,0.0042,0.0058,0.0031,0.001,0.0042,0.0114,0.0021,0.0028,0.4648,1.2766,0.2286,0.3146,250.5333,571,41,112.86,0,0,0,0,328.425,1004,76,163.6383,40,41.0333,45,39,23.68,23.68,23.68
2022-11-02 12:30:00,2.8073,5.9324,0.4308,1.4263,120,82.9479,40.3068,120,67.556,69.0329,66.0421,0.7063,120,28.6848,28.8366,28.5223,0.0809,120,1007.2915,1007.4831,1007.0986,0.0808,120,246.1105,325.1299,184.3126,43.0316,120,913.9951,1216.7107,280.6387,320.1924,120,685.6297,912.7038,14.2604,347.4763,120,120,0,842.377,1137.4248,240.4858,303.5712,120,24,25.15,22.89,0.68,120,3.4549,3.4581,3.4516,0.0013,0.5868,0.5884,0.5852,0.0008,0.6756,0.6903,0.6604,0.0071,-0.0043,-0.0001,-0.0057,0.0022,0.0031,0.0041,0.0023,0.0005,0.0076,0.0101,0.0023,0.0027,0.8424,1.1374,0.2405,0.3036,282.3167,622,24,155.0286,0,0,0,0,283.6333,985,37,174.4207,40,41.1333,47,39,23.68,23.68,23.68
2022-11-02 12:40:00,2.7063,5.3436,0.4952,1.1475,120,82.9489,38.2401,120,67.3821,68.2394,66.3167,0.4095,120,28.4496,28.6261,28.3758,0.0529,120,1007.1598,1007.3183,1007.0986,0.0793,120,267.4615,309.5102,235.2567,22.2979,120,766.5318,1145.6351,264.1513,336.0917,120,528.6401,912.7038,14.2604,356.9419,120,120,0,701,1074.2515,223.7007,318.3713,120,26.33,27.44,25.15,0.69,120,3.4527,3.4553,3.4516,0.0013,0.5845,0.5863,0.5838,0.0005,0.6738,0.6824,0.6632,0.0041,-0.0033,-0.0001,-0.0057,0.0022,0.0034,0.0039,0.003,0.0003,0.0064,0.0095,0.0022,0.0028,0.701,1.0743,0.2237,0.3184,271.3417,558,31,124.7294,0,0,0,0,257.7333,906,34,132.3925,40,41.1,47,39,23.68,23.68,23.68
2022-11-02 12:50:00,2.6255,5.04,0.5136,1.177,120,76.5999,45.2365,120,66.495,67.8121,64.9129,0.7046,120,28.8675,29.0899,28.6383,0.1415,120,1007.1152,1007.3,1006.9155,0.0367,120,247.5624,288.3638,209.785,20.041,120,882.7073,1116.3253,293.0948,289.7632,120,681.2244,908.7689,31.4728,321.751,120,120,0,811.9322,1022.3701,250.557,274.4511,120,28.69,29.74,27.44,0.68,120,3.4519,3.455,3.4486,0.0006,0.5887,0.5909,0.5864,0.0014,0.665,0.6781,0.6491,0.007,-0.0042,-0.0002,-0.0056,0.002,0.0031,0.0037,0.0027,0.0003,0.0074,0.0093,0.0024,0.0024,0.8119,1.0224,0.2506,0.2745,262.5583,525,33,127.936,0,0,0,0,250.6,1002,31,160.6496,40,41.1167,47,39,23.68,23.73,23.68
2022-11-02 13:00:00,2.8579,5.2976,0.4676,1.0636,120,68.7751,36.5922,120,65.1741,67.0492,63.9668,0.7844,120,28.8822,29.0594,28.6383,0.1378,120,1006.9658,1007.1352,1006.7141,0.1119,120,240.3894,290.2866,201.6142,19.5189,120,941.0851,1092.5114,243.6351,228.9173,120,747.1077,907.786,17.2108,268.9309,120,120,0,868.3101,1014.4352,211.7985,216.6492,120,31.06,32.31,30,0.69,120,3.4494,3.4523,3.4452,0.0019,0.5888,0.5906,0.5864,0.0014,0.6517,0.6705,0.6397,0.0078,-0.0046,-0.0001,-0.0056,0.0017,0.0031,0.0037,0.0026,0.0002,0.0078,0.0091,0.002,0.0019,0.8683,1.0144,0.2118,0.2166,287.8167,553,28,115.6052,0,0,0,0,220.0667,962,14,140.3331,40,41.1333,47,41,23.68,23.68,23.68
2022-11-02 13:10:00,2.869,6.144,0.302,1.0431,120,67.6845,35.1638,120,65.553,66.5609,64.4551,0.5821,120,28.7815,28.9953,28.6199,0.1396,120,1006.814,1006.9338,1006.7141,0.092,120,245.6179,315.0378,211.7071,26.0709,120,585.2586,1044.1513,229.3469,350.1012,120,384.3377,889.0993,13.7689,404.8804,120,120,0,532.4361,965.6056,199.2859,329.1833,120,33.44,34.64,32.31,0.7,120,3.4469,3.4489,3.4452,0.0015,0.5878,0.5899,0.5862,0.0014,0.6555,0.6656,0.6446,0.0058,-0.0024,-0.0001,-0.0055,0.0025,0.0031,0.004,0.0027,0.0003,0.0049,0.0087,0.0019,0.0029,0.5324,0.9656,0.1993,0.3292,289.0167,645,10,113.3809,0,0,0,0,241.2333,1014,8,183.8034,40,41.05,45,39,23.68,23.68,23.68
2022-11-02 13:20:00,2.5146,5.1412,0.2928,1.0726,120,82.6613,46.6844,120,66.4006,67.4154,65.157,0.4978,120,28.6452,28.7268,28.5284,0.0684,120,1006.7507,1006.9338,1006.7141,0.0451,120,261.4038,394.0976,191.522,52.3591,120,525.3604,1058.4394,200.7695,338.5266,120,303.1444,907.2929,13.7689,367.4876,120,120,0,474.8248,979.0338,164.7999,322.4424,120,35.82,36.97,34.64,0.7,120,3.4458,3.4489,3.4452,0.0008,0.5865,0.5873,0.5853,0.0007,0.664,0.6742,0.6516,0.005,-0.0019,-0.0001,-0.0056,0.0023,0.0033,0.005,0.0024,0.0007,0.0044,0.0088,0.0017,0.0028,0.4748,0.979,0.1648,0.3224,250.5,536,9,116.5865,0,0,0,0,276.0583,1021,7,181.2466,40,41.0667,43,39,23.68,23.68,23.68
2022-11-02 13:30:00,2.6524,5.362,0.5964,1.0432,120,84.0405,36.7447,120,67.0799,67.9952,66.1946,0.5291,120,28.6341,28.8305,28.4704,0.1168,120,1006.745,1006.9338,1006.7141,0.0364,120,342.9547,385.4465,278.5118,35.2892,120,541.0471,1096.1753,287.2329,280.1277,120,239.4043,881.7225,14.7535,313.1863,120,120,0,492.1898,1024.5064,252.6933,265.1553,120,38.22,39.31,36.97,0.7,120,3.4458,3.4489,3.4452,0.0006,0.5863,0.5883,0.5847,0.0012,0.6708,0.68,0.6619,0.0053,-0.0015,-0.0001,-0.0055,0.0019,0.0044,0.0049,0.0035,0.0004,0.0045,0.0091,0.0024,0.0023,0.4922,1.0245,0.2527,0.2652,265.4833,560,42,113.3899,0,0,0,0,261.775,981,18,139.0638,40,41.0167,43,39,23.68,23.73,23.68
2022-11-02 13:40:00,2.4359,5.1504,0.67,0.8205,120,68.5363,38.1133,120,67.2221,68.0563,66.2557,0.4775,120,28.7141,28.8092,28.5772,0.0754,120,1006.686,1006.769,1006.531,0.0848,120,290.871,388.0898,196.8087,73.582,120,543.1782,1076.3914,218.7227,294.1069,120,315.8605,879.7551,14.2604,333.5216,120,120,0,490.4121,1018.4027,184.637,279.0124,120,40.62,41.91,39.31,0.7,120,3.4448,3.4462,3.4422,0.0014,0.5871,0.5881,0.5858,0.0008,0.6722,0.6806,0.6626,0.0048,-0.002,-0.0001,-0.0055,0.0021,0.0037,0.0049,0.0025,0.0009,0.0045,0.009,0.0018,0.0024,0.4904,1.0184,0.1846,0.279,241.9417,537,50,89.181,0,0,0,0,253.9167,1021,21,201.1466,40,41.05,43,39,23.68,23.68,23.68
2022-11-02 13:50:00,2.9925,5.4724,1.0564,0.9016,120,96.7736,31.7053,120,67.1349,68.0868,66.1336,0.5358,120,28.6029,28.7268,28.4704,0.0778,120,1006.5922,1006.7507,1006.3478,0.0845,120,243.7997,306.1465,187.4362,39.2602,120,755.5804,953.2917,223.1188,241.5792,120,658.5543,863.0358,20.1627,304.8778,120,120,0,690.377,877.4072,190.1303,226.9768,120,43.02,44.26,41.91,0.7,120,3.4432,3.4458,3.4391,0.0014,0.586,0.5873,0.5847,0.0008,0.6713,0.6809,0.6613,0.0054,-0.0041,-0.0001,-0.0054,0.0019,0.0031,0.0039,0.0024,0.0005,0.0063,0.0079,0.0019,0.002,0.6904,0.8774,0.1901,0.227,302.45,572,92,97.995,0,0,0,0,276.5667,598,24,92.9277,40,41.1,47,39,23.68,23.68,23.68
2022-11-02 14:00:00,2.7911,5.914,0.5228,1.11,120,111.7463,35.1062,120,66.5822,67.7511,65.2791,0.6122,120,28.8946,29.1174,28.7023,0.0918,120,1006.614,1006.7507,1006.531,0.0906,120,236.13,283.3173,201.1339,22.3519,120,733.1892,898.3361,229.7131,232.4039,120,667.7379,853.2001,23.1131,299.8614,120,120,0,669.2277,827.9672,198.6755,217.6194,120,45.43,46.6,44.26,0.71,120,3.4436,3.4458,3.4422,0.0015,0.5889,0.5912,0.587,0.0009,0.6658,0.6775,0.6528,0.0061,-0.0041,-0.0001,-0.0053,0.0019,0.003,0.0036,0.0026,0.0003,0.0061,0.0075,0.0019,0.0019,0.6692,0.828,0.1987,0.2176,280.5583,620,34,120.6554,0,0,0,0,318.7833,569,92,100.1489,40,41.1333,47,39,23.68,23.73,23.68
2022-11-02 14:10:00,2.8522,6.3924,0.7436,1.2207,120,101.2119,38.8494,120,66.2193,67.1407,65.096,0.5848,120,29.1709,29.2944,29.0075,0.0686,120,1006.5717,1006.7507,1006.3478,0.0691,120,264.8982,301.8205,215.7921,19.4003,120,706.8442,895.4046,280.6387,226.7869,120,622.5248,858.1179,17.2108,329.5483,120,120,0,649.8179,827.3568,251.1673,210.8398,120,47.84,48.96,46.6,0.7,120,3.4429,3.4458,3.4391,0.0012,0.5917,0.5929,0.5901,0.0007,0.6622,0.6714,0.651,0.0058,-0.0039,-0.0001,-0.0053,0.002,0.0034,0.0038,0.0027,0.0002,0.0059,0.0075,0.0023,0.0019,0.6498,0.8274,0.2512,0.2108,287.2,672,58,132.6889,0,0,0,0,295.2,752,49,115.4603,40,41.0667,43,41,23.68,23.68,23.63
2022-11-02 14:20:00,2.8817,6.3648,0.9184,1.1105,120,103.0545,38.583,120,65.9202,66.9271,64.5772,0.6455,120,29.1672,29.3921,28.9404,0.1378,120,1006.6208,1006.7507,1006.3662,0.0963,120,251.0308,278.5118,213.1488,18.3709,120,803.0648,842.2821,696.467,28.0111,120,814.9908,833.5305,681.0844,28.2503,120,120,0,732.6604,773.6442,585.6502,29.3773,120,50.25,51.57,48.96,0.7,120,3.4437,3.4458,3.4394,0.0016,0.5917,0.5939,0.5894,0.0014,0.6592,0.6693,0.6458,0.0065,-0.0051,-0.0042,-0.0052,0.0002,0.0032,0.0035,0.0027,0.0002,0.0067,0.007,0.0058,0.0002,0.7327,0.7736,0.5857,0.0294,290.4,669,77,120.7064,0,0,0,0,303.575,739,67,115.105,40,41.0667,43,39,23.68,23.68,23.68
2022-11-02 14:30:00,2.6113,5.8128,0.6516,1.079,120,103.8421,39.6899,120,65.8002,67.0186,64.5772,0.7106,120,29.165,29.3432,29.0136,0.0852,120,1006.6334,1006.7507,1006.531,0.0909,120,235.2609,261.6906,202.0953,16.522,120,635.2955,809.6747,248.7647,165.279,120,623.0207,833.5305,55.0773,244.3268,120,120,0,575.251,737.9376,221.8696,150.9981,120,52.67,53.93,51.57,0.7,120,3.4439,3.4458,3.4422,0.0015,0.5917,0.5934,0.5901,0.0008,0.658,0.6702,0.6458,0.0071,-0.0039,-0.0003,-0.0052,0.0015,0.003,0.0033,0.0026,0.0002,0.0053,0.0067,0.0021,0.0014,0.5753,0.7379,0.2219,0.151,261.0083,609,48,117.2867,0,0,0,0,299.65,602,37,114.0793,40,41.0833,45,41,23.68,23.73,23.68
2022-11-02 14:40:00,2.9827,5.5368,0.8356,0.9397,120,117.525,33.7734,120,65.9548,67.1407,64.8824,0.6622,120,28.9384,29.3341,28.6596,0.2182,120,1006.6082,1006.7507,1006.531,0.0895,120,231.9367,251.8378,199.452,15.1595,120,510.5133,719.9148,217.2569,217.9895,120,469.7028,805.4995,15.2449,348.3837,120,120,0,464.802,654.3168,199.2859,195.8684,120,55.08,56.28,53.93,0.71,120,3.4435,3.4458,3.4422,0.0015,0.5894,0.5933,0.5866,0.0022,0.6595,0.6714,0.6488,0.0066,-0.0029,-0.0001,-0.005,0.0022,0.0029,0.0032,0.0025,0.0002,0.0043,0.006,0.0018,0.0018,0.4648,0.6543,0.1993,0.1959,301.3833,579,68,102.1428,0,0,0,0,336.475,616,124,96.9076,40,41.25,47,39,23.68,23.73,23.68
2022-11-02 14:50:00,2.8411,5.684,0.808,1.0249,120,120.9115,36.9643,120,66.8828,67.7511,65.8284,0.5087,120,28.7065,28.8763,28.5955,0.0814,120,1006.614,1006.7507,1006.531,0.0901,120,222.7171,251.3575,190.3205,19.5181,120,473.7025,684.0108,198.5714,188.5072,120,445.4715,794.681,18.6868,328.7683,120,120,0,419.9932,615.2532,168.7674,170.3216,120,57.5,58.64,56.28,0.71,120,3.4436,3.4458,3.4422,0.0015,0.5871,0.5888,0.586,0.0008,0.6688,0.6775,0.6583,0.0051,-0.0028,-0.0001,-0.0049,0.002,0.0028,0.0032,0.0024,0.0002,0.0039,0.0057,0.0017,0.0016,0.42,0.6153,0.1688,0.1703,285.9917,595,65,111.4074,0,0,0,0,352.725,1008,53,122.4297,40,41.0833,47,39,23.68,23.68,23.63
2022-11-02 15:00:00,2.2342,5.7392,0.4308,1.1112,120,103.1341,40.4877,120,66.6384,67.9647,65.6453,0.487,120,28.4745,28.6169,28.3575,0.0763,120,1006.6253,1006.7507,1006.531,0.0967,120,177.504,223.2417,155.4764,19.8399,120,280.8674,622.0936,158.6375,180.9633,120,201.4406,765.1756,13.7689,307.2761,120,120,0,245.234,558.1835,135.5022,161.4166,120,59.91,60.99,58.64,0.7,120,3.4438,3.4458,3.4422,0.0016,0.5847,0.5862,0.5836,0.0008,0.6664,0.6796,0.6565,0.0049,-0.0013,-0.0001,-0.0047,0.0019,0.0023,0.0028,0.002,0.0003,0.0023,0.0052,0.0013,0.0015,0.2452,0.5582,0.1355,0.1614,220.0167,601,24,120.7846,0,0,0,0,320.6583,1008,31,151.8849,40,41.0333,45,39,23.68,23.68,23.63
2022-11-02 15:10:00,2.3144,4.488,0.4492,0.8743,120,114.3532,40.2055,120,67.4042,68.3004,66.8661,0.32,120,28.4868,28.6138,28.2934,0.099,120,1006.6668,1006.769,1006.531,0.0946,120,139.6803,199.9323,99.2449,31.1719,120,197.3994,565.6735,100.7515,129.4399,120,123.8123,760.7493,13.7689,205.5508,120,120,0,170.1153,496.8413,82.4,115.8365,120,62.34,63.61,61.26,0.7,120,3.4444,3.4462,3.4422,0.0016,0.5849,0.5861,0.5829,0.001,0.674,0.683,0.6687,0.0032,-0.0008,-0.0001,-0.0047,0.0013,0.0018,0.0025,0.0013,0.0004,0.0016,0.0047,0.0008,0.0011,0.1701,0.4968,0.0824,0.1158,228.7417,465,26,95.0313,0,0,0,0,339.3917,1018,40,134.5173,40,41.15,45,39,23.68,23.73,23.68
2022-11-02 15:20:00,2.5112,4.6168,0.8448,0.8586,120,124.8079,33.3565,120,68.3185,69.277,67.3849,0.6061,120,28.1826,28.4826,27.9669,0.1584,120,1006.6865,1006.7507,1006.531,0.0853,120,103.6327,109.3378,96.3614,3.7195,120,322.5327,438.1765,98.5534,142.26,120,494.8069,732.2285,13.2775,309.7878,120,120,0,269.2521,367.748,77.517,120.392,120,64.75,65.97,63.61,0.71,120,3.4448,3.4458,3.4422,0.0014,0.5818,0.5848,0.5797,0.0016,0.6832,0.6928,0.6738,0.0061,-0.0031,-0.0001,-0.0045,0.0019,0.0013,0.0014,0.0012,0,0.0027,0.0037,0.0008,0.0012,0.2693,0.3677,0.0775,0.1204,250.1333,479,69,93.3209,0,0,0,0,356.2417,699,138,95.8114,40,41.0333,45,39,23.68,23.68,23.68
2022-11-02 15:30:00,2.468,4.9572,0.6148,1.0213,120,116.8102,40.8904,120,67.8699,68.8192,67.2628,0.4388,120,28.5285,28.7542,28.3819,0.1275,120,1006.6475,1006.9338,1006.531,0.1015,120,109.346,126.6402,94.4394,10.8189,120,392.1091,418.0264,339.2569,21.9427,120,686.0436,704.689,586.6677,16.6938,120,120,0,323.5471,348.8266,282.2962,22.3662,120,67.17,68.32,65.97,0.71,120,3.4441,3.4489,3.4422,0.0017,0.5853,0.5875,0.5838,0.0013,0.6787,0.6882,0.6726,0.0044,-0.0043,-0.0036,-0.0044,0.0001,0.0014,0.0016,0.0012,0.0001,0.0033,0.0035,0.0028,0.0002,0.3235,0.3488,0.2823,0.0224,245.4333,516,44,111.0141,0,0,0,0,333.825,661,54,117.2488,40,41.0667,45,41,23.68,23.68,23.68
2022-11-02 15:40:00,2.3289,4.3684,0.8816,0.7145,120,111.4627,31.2001,120,66.7315,67.8732,65.4927,0.531,120,28.9481,29.0899,28.7634,0.0959,120,1006.6942,1006.7507,1006.531,0.0827,120,113.8176,139.8567,93.7181,14.3998,120,357.5759,366.3685,351.3481,4.2042,120,656.4807,672.2333,642.728,7.5214,120,120,0,287.8709,295.7244,281.6858,3.897,120,69.58,70.68,68.32,0.7,120,3.4449,3.4458,3.4422,0.0014,0.5895,0.5909,0.5876,0.001,0.6673,0.6787,0.6549,0.0053,-0.0041,-0.004,-0.0042,0,0.0014,0.0018,0.0012,0.0002,0.003,0.0031,0.0029,0,0.2879,0.2957,0.2817,0.0039,230.3167,452,73,77.6618,0,0,0,0,318.4333,544,160,89.0065,40,41.0833,43,39,23.68,23.73,23.68
2022-11-02 15:50:00,2.5096,5.776,0.6608,1.1184,120,95.9676,33.4595,120,66.3317,67.1712,65.3401,0.6082,120,28.8396,29.0838,28.623,0.1628,120,1006.7476,1006.9338,1006.531,0.047,120,110.2451,141.2984,92.0362,17.7433,120,314.6588,364.9028,285.0348,27.0054,120,622.2994,642.728,605.846,7.7143,120,120,0,247.8535,294.8088,218.5125,26.3568,120,72,73.29,70.68,0.7,120,3.4458,3.4489,3.4422,0.0008,0.5884,0.5908,0.5862,0.0016,0.6633,0.6717,0.6534,0.0061,-0.0039,-0.0038,-0.004,0,0.0014,0.0018,0.0012,0.0002,0.0026,0.003,0.0024,0.0002,0.2479,0.2948,0.2185,0.0264,249.9583,605,49,121.5678,0,0,0,0,290,997,75,127.773,40,41.0667,45,39,23.68,23.73,23.63
2022-11-02 16:00:00,2.912,4.856,1.0288,0.8825,120,103.2076,30.9708,120,67.2381,68.392,66.5914,0.4574,120,28.385,28.6657,27.9821,0.2328,120,1006.8148,1006.9521,1006.7141,0.091,120,114.4324,128.322,98.0441,8.9966,120,189.4248,302.9868,105.88,82.7797,120,260.4474,609.7809,14.7535,266.3187,120,120,0,156.0361,238.6547,95.5229,58.3995,120,74.41,75.65,73.29,0.7,120,3.4469,3.4492,3.4452,0.0015,0.5838,0.5867,0.5798,0.0023,0.6724,0.6839,0.6659,0.0046,-0.0016,-0.0001,-0.0038,0.0017,0.0015,0.0016,0.0012,0.0001,0.0016,0.0025,0.0009,0.0007,0.156,0.2387,0.0955,0.0584,293.7,505,89,95.926,0,0,0,0,296.375,580,115,89.8879,40,41.05,47,39,23.68,23.68,23.68
2022-11-02 16:10:00,2.7301,5.2792,0.6792,1.0651,120,136.3962,35.2162,120,69.0001,69.6738,68.2394,0.3886,120,28.0051,28.15,27.86,0.0998,120,1006.8896,1007.1352,1006.7141,0.0851,120,103.799,113.9039,94.4394,6.1224,120,211.5749,251.3289,98.9196,38.0792,120,451.5774,559.6213,21.6371,145.3414,120,120,0,159.7822,190.4355,86.9778,24.5669,120,76.82,78,75.65,0.71,120,3.4482,3.4523,3.4452,0.0014,0.58,0.5815,0.5786,0.001,0.69,0.6967,0.6824,0.0039,-0.0028,-0.0001,-0.0035,0.0009,0.0013,0.0014,0.0012,0.0001,0.0018,0.0021,0.0008,0.0003,0.1598,0.1904,0.087,0.0246,273.925,551,51,115.7725,0,0,0,0,391.0833,977,73,110.93,40,41.15,47,41,23.68,23.68,23.68
2022-11-02 16:20:00,2.3207,4.5708,0.8632,0.7112,120,112.2961,44.0816,120,69.1252,69.7958,68.6361,0.3215,120,28.1262,28.2568,27.9638,0.084,120,1006.8438,1006.9338,1006.7141,0.0875,120,90.6825,109.8189,76.1764,12.5057,120,126.4399,219.0888,77.6699,51.1078,120,180.84,499.6262,15.2449,192.2637,120,120,0,101.7614,164.7999,68.6666,33.8618,120,79.23,80.34,78,0.7,120,3.4474,3.4489,3.4452,0.0015,0.5813,0.5826,0.5796,0.0008,0.6913,0.698,0.6864,0.0032,-0.0011,-0.0001,-0.0031,0.0012,0.0012,0.0014,0.001,0.0002,0.0011,0.0018,0.0006,0.0004,0.1018,0.1648,0.0687,0.0339,229.425,474,71,77.3,0,0,0,0,345.4417,959,43,152.4683,40,41.0333,43,39,23.68,23.68,23.68
2022-11-02 16:30:00,2.5645,4.9848,1.084,0.9217,120,122.659,35.9506,120,69.542,70.04,68.7277,0.3292,120,27.7814,27.9455,27.6312,0.0609,120,1006.9875,1007.1169,1006.769,0.1011,120,65.6128,75.6953,57.4323,5.7209,120,84.3106,141.7851,60.8175,23.1907,120,129.0127,410.6188,20.1627,127.8758,120,120,0,65.0807,94.3022,51.5763,11.4697,120,81.64,82.95,80.34,0.7,120,3.4498,3.4519,3.4462,0.0017,0.5778,0.5795,0.5763,0.0006,0.6954,0.7004,0.6873,0.0033,-0.0008,-0.0001,-0.0025,0.0008,0.0008,0.001,0.0007,0.0001,0.0007,0.0012,0.0005,0.0002,0.0651,0.0943,0.0516,0.0115,255.925,519,95,100.1795,0,0,0,0,352.3167,894,62,109.8518,40,41,47,39,23.68,23.68,23.63
2022-11-02 16:40:00,2.7941,4.9756,0.7436,1.1102,120,107.5005,34.1325,120,70.3635,71.1386,69.4906,0.493,120,27.4639,27.6281,27.3962,0.0607,120,1006.9689,1007.1169,1006.7324,0.0942,120,46.0021,58.874,39.6504,4.7377,120,77.0961,93.0576,63.7479,8.2511,120,277.5197,332.9198,170.6397,35.9132,120,120,0,45.8464,58.2903,38.4533,5.3502,120,84.05,85.3,82.95,0.7,120,3.4495,3.4519,3.4455,0.0016,0.5746,0.5763,0.574,0.0006,0.7036,0.7114,0.6949,0.0049,-0.0017,-0.0011,-0.0021,0.0002,0.0006,0.0007,0.0005,0.0001,0.0006,0.0008,0.0005,0.0001,0.0458,0.0583,0.0385,0.0054,280.8833,518,58,120.6717,0,0,0,0,313.1667,763,86,103.2296,40,41.1,45,41,23.68,23.68,23.68
2022-11-02 16:50:00,2.4709,4.4788,0.5872,0.8252,120,112.7426,33.0027,120,71.1229,71.3828,70.864,0.1344,120,27.4547,27.5152,27.3046,0.0593,120,1007.0244,1007.2817,1006.8972,0.0946,120,27.6669,39.6504,16.1,7.1352,120,37.6993,63.3818,18.3181,12.9907,120,132.328,249.8131,46.2246,56.192,120,120,0,26.3629,38.1481,15.5644,6.6212,120,86.45,87.64,85.3,0.7,120,3.4504,3.4547,3.4483,0.0016,0.5746,0.5752,0.573,0.0006,0.7112,0.7138,0.7086,0.0013,-0.0008,-0.0003,-0.0015,0.0003,0.0004,0.0005,0.0002,0.0001,0.0003,0.0005,0.0002,0.0001,0.0264,0.0381,0.0156,0.0066,245.75,464,41,89.696,0,0,0,0,326.075,839,137,100.3835,40,41.0333,43,39,23.68,23.68,23.68
2022-11-02 17:00:00,2.5966,4.9112,0.7068,0.7833,120,94.9311,28.6064,120,71.7246,72.2068,71.2912,0.2576,120,27.1355,27.3046,26.9628,0.1069,120,1007.1049,1007.3,1006.8972,0.0554,120,11.086,15.3795,6.0079,2.0501,120,11.5681,17.952,5.8619,2.6592,120,19.408,43.7657,13.7689,6.8254,120,120,0,10.946,15.2592,6.1037,2.01,120,88.84,89.97,87.64,0.7,120,3.4517,3.455,3.4483,0.0009,0.5714,0.573,0.5696,0.0011,0.7172,0.7221,0.7129,0.0026,-0.0001,-0.0001,-0.0003,0,0.0001,0.0002,0.0001,0,0.0001,0.0001,0,0,0.0109,0.0153,0.0061,0.002,259.4167,511,54,85.1401,0,0,0,0,271.725,638,43,84.5757,39.1,41.1167,47,39,23.68,23.73,23.68
2022-11-02 17:10:00,2.564,5.2424,1.1024,0.9383,120,96.8325,35.3147,120,72.3833,72.573,72.1458,0.1109,120,26.8698,26.9781,26.7431,0.0581,120,1007.0469,1007.1169,1006.8789,0.0841,120,2.0506,5.7669,0,1.7869,120,2.0333,5.8619,0,1.765,120,13.7689,14.2604,13.2775,0.1686,120,120,0,3.0468,6.1037,0.9156,1.505,120,89.97,89.97,89.97,0,3,3.4508,3.4519,3.448,0.0014,0.5687,0.5698,0.5674,0.0006,0.7238,0.7257,0.7215,0.0011,-0.0001,-0.0001,-0.0001,0,0,0.0001,0,0,0,0,0,0,0.003,0.0061,0.0009,0.0015,255.8667,547,97,101.9852,0,0,0,0,280.4333,664,32,105.7676,39,41.0167,43,39,23.68,23.73,23.63
2022-11-02 17:20:00,2.6078,5.6196,0.6608,1.0753,120,106.0493,34.2084,120,72.8319,73.0613,72.4815,0.1419,120,26.6722,26.7431,26.5813,0.0442,120,1007.0913,1007.3,1006.8972,0.0756,120,0,0,0,0,120,0,0,0,0,120,13.7485,14.2604,13.2775,0.1611,120,120,0,0.1501,0.9156,0,0.2853,120,None,None,None,None,0,3.4515,3.455,3.4483,0.0013,0.5667,0.5674,0.5658,0.0004,0.7283,0.7306,0.7248,0.0014,-0.0001,-0.0001,-0.0001,0,0,0,0,0,0,0,0,0,0.0002,0.0009,0,0.0003,260.6333,588,49,116.8792,0,0,0,0,309.7917,920,5,111.7316,39,41.15,47,41,23.68,23.68,23.68
2022-11-02 17:30:00,2.6409,4.7272,0.6792,0.9692,120,99.7443,26.7979,120,73.2912,73.5191,73.0918,0.118,120,26.5928,26.6271,26.5661,0.0114,120,1007.1857,1007.3,1007.0803,0.0939,120,0,0,0,0,120,0,0,0,0,120,13.7976,14.2604,13.2775,0.1321,120,120,0,0,0,0,0,120,None,None,None,None,0,3.4531,3.455,3.4513,0.0016,0.5659,0.5663,0.5657,0.0001,0.7329,0.7352,0.7309,0.0012,-0.0001,-0.0001,-0.0001,0,0,0,0,0,0,0,0,0,0,0,0,0,264.2333,491,51,105.3497,0,0,0,0,285.2917,590,27,78.8791,39,41.1333,47,39,23.68,23.68,23.63
2022-11-02 17:40:00,2.3623,4.8192,0.348,1.0093,120,98.6885,37.4081,120,73.5923,73.7632,73.4275,0.0771,120,26.5483,26.6088,26.4654,0.0384,120,1007.2658,1007.4465,1007.0803,0.0596,120,0,0,0,0,120,0,0,0,0,120,13.8058,14.2604,13.2775,0.182,120,120,0,0,0,0,0,120,None,None,None,None,0,3.4544,3.4574,3.4513,0.001,0.5655,0.5661,0.5646,0.0004,0.7359,0.7376,0.7343,0.0008,-0.0001,-0.0001,-0.0001,0,0,0,0,0,0,0,0,0,0,0,0,0,233.9417,501,15,109.7089,0,0,0,0,302,934,60,134.7743,39,41.1,47,39,23.68,23.68,23.68
2022-11-02 17:50:00,2.4418,5.27,0.4216,1.222,120,95.9972,38.6037,120,73.8751,74.1905,73.6106,0.1485,120,26.4431,26.5172,26.3738,0.0327,120,1007.2959,1007.4648,1007.0803,0.0642,120,0,0,0,0,120,0,0,0,0,120,13.8222,14.2604,13.7689,0.1534,120,120,0,0,0,0,0,120,None,None,None,None,0,3.4549,3.4577,3.4513,0.0011,0.5644,0.5652,0.5637,0.0003,0.7388,0.7419,0.7361,0.0015,-0.0001,-0.0001,-0.0001,0,0,0,0,0,0,0,0,0,0,0,0,0,242.5833,550,23,132.8305,0,0,0,0,298.4583,937,52,139.634,39,41.1,45,39,23.68,23.68,23.68
2022-11-02 18:00:00,2.7461,4.6628,0.8264,0.9327,120,102.7594,26.8967,120,74.2055,74.5567,73.9158,0.1873,120,26.3585,26.4501,26.2975,0.0394,120,1007.337,1007.4465,1007.2451,0.0814,120,0,0,0,0,120,0,0,0,0,120,13.8304,14.2604,13.2775,0.1752,120,120,0,0,0,0,0,120,None,None,None,None,0,3.4556,3.4574,3.4541,0.0014,0.5636,0.5645,0.563,0.0004,0.7421,0.7456,0.7392,0.0019,-0.0001,-0.0001,-0.0001,0,0,0,0,0,0,0,0,0,0,0,0,0,275.6583,484,67,101.3848,0,0,0,0,300.0417,939,109,93.8629,39,41.1,47,39,23.68,23.68,23.63
2022-11-02 18:10:00,2.9376,5.546,1.0104,0.97,120,99.4536,27.8268,120,74.5537,74.7703,74.3736,0.1011,120,26.3311,26.383,26.2853,0.0203,120,1007.3818,1007.4465,1007.2451,0.0758,120,0,0,0,0,120,0,0,0,0,120,13.8795,14.2604,13.7689,0.2061,120,120,0,0,0,0,0,120,None,None,None,None,0,3.4564,3.4574,3.4541,0.0013,0.5633,0.5638,0.5628,0.0002,0.7455,0.7477,0.7437,0.001,-0.0001,-0.0001,-0.0001,0,0,0,0,0,0,0,0,0,0,0,0,0,296.4833,580,87,105.4377,0,0,0,0,285.9583,752,101,85.0098,38.5,41.1,47,39,23.68,23.68,23.68
2022-11-02 18:20:00,2.5114,5.4356,0.6056,0.951,120,103.1582,30.8201,120,74.8787,75.1061,74.6788,0.1166,120,26.3239,26.3677,26.2822,0.0196,120,1007.3969,1007.4465,1007.2451,0.0663,120,0,0,0,0,120,0,0,0,0,120,13.8713,14.2604,13.2775,0.2197,120,120,0,0,0,0,0,120,None,None,None,None,0,3.4566,3.4574,3.4541,0.0011,0.5632,0.5637,0.5628,0.0002,0.7488,0.7511,0.7468,0.0012,-0.0001,-0.0001,-0.0001,0,0,0,0,0,0,0,0,0,0,0,0,0,250.15,568,43,103.3733,0,0,0,0,306.6417,906,69,109.1181,38,41.0833,45,39,23.68,23.68,23.63
2022-11-02 18:30:00,2.6777,5.316,0.9644,0.9086,120,102.901,32.2713,120,75.0801,75.3197,74.7398,0.1508,120,26.2774,26.3707,26.2243,0.0303,120,1007.4207,1007.593,1007.2451,0.0364,120,0,0,0,0,120,0,0,0,0,120,13.859,14.2604,13.2775,0.2112,120,120,0,0,0,0,0,120,None,None,None,None,0,3.457,3.4599,3.4541,0.0006,0.5628,0.5637,0.5622,0.0003,0.7508,0.7532,0.7474,0.0015,-0.0001,-0.0001,-0.0001,0,0,0,0,0,0,0,0,0,0,0,0,0,268.2333,555,82,98.7653,0,0,0,0,296.075,704,20,97.3696,38,41.1833,47,39,23.68,23.68,23.68
2022-11-02 18:40:00,3.2484,5.9508,0.624,1.0512,120,103.983,24.7043,120,75.3993,75.5943,75.1976,0.1073,120,26.2436,26.2944,26.1968,0.0214,120,1007.4162,1007.6113,1007.2451,0.0494,120,0,0,0,0,120,0,0,0,0,120,13.9246,14.2604,13.7689,0.2296,120,120,0,0,0,0,0,120,None,None,None,None,0,3.4569,3.4602,3.4541,0.0008,0.5624,0.5629,0.562,0.0002,0.754,0.7559,0.752,0.0011,-0.0001,-0.0001,-0.0001,0,0,0,0,0,0,0,0,0,0,0,0,0,330.2583,624,45,114.2567,0,0,0,0,299.4833,747,159,76.6301,38,41.1167,47,39,23.68,23.68,23.63
2022-11-02 18:50:00,2.6228,4.9756,0.5596,1.0907,120,101.7859,35.3188,120,75.6706,75.869,75.4723,0.0902,120,26.2091,26.2761,26.1174,0.0306,120,1007.441,1007.6113,1007.2451,0.0616,120,0,0,0,0,120,0,0,0,0,120,13.8427,14.2604,13.2775,0.1874,120,120,0,0,0,0,0,120,None,None,None,None,0,3.4574,3.4602,3.4541,0.001,0.5621,0.5628,0.5612,0.0003,0.7567,0.7587,0.7547,0.0009,-0.0001,-0.0001,-0.0001,0,0,0,0,0,0,0,0,0,0,0,0,0,262.2583,518,38,118.5573,0,0,0,0,299.7167,920,77,114.0003,38,41.2833,47,41,23.68,23.68,23.63
2022-11-02 19:00:00,2.9669,4.856,0.44,1.0212,120,101.6224,32.5959,120,75.9893,76.2047,75.6249,0.1403,120,26.1332,26.1968,26.0717,0.0254,120,1007.5654,1007.6113,1007.4099,0.0687,120,0,0,0,0,120,0,0,0,0,120,13.9041,14.2604,13.2775,0.2294,120,120,0,0,0,0,0,120,None,None,None,None,0,3.4594,3.4602,3.4568,0.0011,0.5613,0.562,0.5607,0.0003,0.7599,0.762,0.7562,0.0014,-0.0001,-0.0001,-0.0001,0,0,0,0,0,0,0,0,0,0,0,0,0,299.6583,505,25,111.0048,0,0,0,0,297.025,886,64,105.9543,38,40.9833,43,39,23.68,23.68,23.63
2022-11-02 19:10:00,2.9122,5.0584,0.7528,0.9191,120,100.3811,33.877,120,76.1724,76.3878,75.9911,0.0927,120,26.1423,26.1998,26.0778,0.0249,120,1007.7039,1007.7944,1007.5747,0.0911,120,0,0,0,0,120,0,0,0,0,120,13.9,14.2604,13.7689,0.2182,120,120,0,0,0,0,0,120,None,None,None,None,0,3.4617,3.4632,3.4596,0.0015,0.5614,0.562,0.5608,0.0003,0.7617,0.7639,0.7599,0.0009,-0.0001,-0.0001,-0.0001,0,0,0,0,0,0,0,0,0,0,0,0,0,293.7167,527,59,99.9068,0,0,0,0,307.0333,924,80,129.1835,37.1,41.1333,45,41,23.68,23.68,23.63
2022-11-02 19:20:00,2.3232,5.1136,0.4308,1.0455,120,98.5448,34.9824,120,76.5053,76.693,76.2352,0.1075,120,26.0971,26.148,26.0503,0.0213,120,1007.8813,1007.9775,1007.593,0.0909,120,0,0,0,0,120,0,0,0,0,120,13.9041,14.2604,13.2775,0.2294,120,120,0,0,0,0,0,120,None,None,None,None,0,3.4647,3.4663,3.4599,0.0015,0.561,0.5615,0.5605,0.0002,0.7651,0.7669,0.7624,0.0011,-0.0001,-0.0001,-0.0001,0,0,0,0,0,0,0,0,0,0,0,0,0,229.7,533,24,113.6455,0,0,0,0,298.9417,944,84,128.3011,37,41.0667,45,39,23.68,23.68,23.63
2022-11-02 19:30:00,2.26,5.3068,0.6976,0.979,120,102.8557,39.9801,120,76.6691,76.7846,76.5404,0.0485,120,26.0796,26.1449,26.0076,0.0295,120,1007.9656,1008.1606,1007.7761,0.0525,120,0,0,0,0,120,0,0,0,0,120,13.8754,14.2604,13.2775,0.2131,120,120,0,0,0,0,0,120,None,None,None,None,0,3.4661,3.4693,3.4629,0.0009,0.5608,0.5615,0.5601,0.0003,0.7667,0.7678,0.7654,0.0005,-0.0001,-0.0001,-0.0001,0,0,0,0,0,0,0,0,0,0,0,0,0,222.825,554,53,106.4129,0,0,0,0,313.8583,1013,3,140.5696,37,41.1167,45,39,23.68,23.68,23.68
2022-11-02 19:40:00,2.3367,4.718,0.6516,0.8991,120,106.459,33.9818,120,76.9064,77.0898,76.693,0.0965,120,26.0642,26.1266,26.0076,0.0271,120,1008.1318,1008.3254,1007.9592,0.0601,120,0,0,0,0,120,0,0,0,0,120,14.0106,14.2604,13.7689,0.2467,120,120,0,0,0,0,0,120,None,None,None,None,0,3.4689,3.4721,3.466,0.001,0.5606,0.5613,0.5601,0.0003,0.7691,0.7709,0.7669,0.001,-0.0001,-0.0001,-0.0001,0,0,0,0,0,0,0,0,0,0,0,0,0,231.1667,490,48,97.7313,0,0,0,0,305.1083,679,55,99.6365,37,41.05,45,39,23.68,23.68,23.68
2022-11-02 19:50:00,2.6138,5.638,0.6056,1.0311,120,106.579,29.961,120,77.1594,77.3034,76.9677,0.0865,120,26.1097,26.1571,26.0594,0.0219,120,1008.2685,1008.3438,1008.124,0.0878,120,0,0,0,0,120,0,0,0,0,120,13.9205,14.2604,13.7689,0.2279,120,120,0,0,0,0,0,120,None,None,None,None,0,3.4711,3.4724,3.4687,0.0015,0.5611,0.5616,0.5606,0.0002,0.7716,0.773,0.7697,0.0009,-0.0001,-0.0001,-0.0001,0,0,0,0,0,0,0,0,0,0,0,0,0,261.2833,590,43,112.0787,0,0,0,0,312.35,1022,151,105.3391,37,41.1833,47,39,23.68,23.68,23.63
2022-11-02 20:00:00,2.5323,4.9296,0.5504,0.9764,120,102.5421,27.6936,120,77.3993,77.517,77.2423,0.0671,120,26.0951,26.1358,26.0472,0.0185,120,1008.4291,1008.6917,1008.1423,0.0949,120,0,0,0,0,120,0,0,0,0,120,13.8959,14.2604,13.2775,0.2252,120,120,0,0,0,0,0,120,None,None,None,None,0,3.4738,3.4782,3.469,0.0016,0.5609,0.5614,0.5605,0.0002,0.774,0.7752,0.7724,0.0007,-0.0001,-0.0001,-0.0001,0,0,0,0,0,0,0,0,0,0,0,0,0,252.425,513,37,106.1328,0,0,0,0,291.8833,568,30,81.1301,37,41.0833,43,39,23.68,23.68,23.63
2022-11-02 20:10:00,2.9294,6.374,0.716,1.0643,120,100.8773,26.8206,120,77.607,77.8222,77.3949,0.1208,120,26.0971,26.148,26.0472,0.0216,120,1008.5418,1008.71,1008.3071,0.0891,120,0,0,0,0,120,0,0,0,0,120,13.9532,14.2604,13.7689,0.2389,120,120,0,0,0,0,0,120,None,None,None,None,0,3.4757,3.4785,3.4718,0.0015,0.561,0.5615,0.5605,0.0002,0.7761,0.7782,0.7739,0.0012,-0.0001,-0.0001,-0.0001,0,0,0,0,0,0,0,0,0,0,0,0,0,295.5833,670,55,115.6879,0,0,0,0,286.975,568,56,78.5523,37,41.1333,47,39,23.68,23.68,23.63
2022-11-02 20:20:00,2.6066,5.132,0.6976,0.922,120,98.9081,30.4316,120,77.8342,77.9443,77.7306,0.0575,120,26.1152,26.1632,26.0594,0.0203,120,1008.6787,1008.8931,1008.4719,0.074,120,0,0,0,0,120,0,0,0,0,120,13.9409,14.2604,13.2775,0.252,120,120,0,0,0,0,0,120,None,None,None,None,0,3.478,3.4816,3.4745,0.0012,0.5612,0.5616,0.5606,0.0002,0.7783,0.7794,0.7773,0.0006,-0.0001,-0.0001,-0.0001,0,0,0,0,0,0,0,0,0,0,0,0,0,260.5,535,53,100.2179,0,0,0,0,288.55,986,8,107.6228,36,41.1167,47,39,23.68,23.68,23.63
2022-11-02 20:30:00,2.0012,4.0556,0.5596,0.8099,120,102.9685,31.7362,120,77.9506,78.0663,77.8527,0.0461,120,26.0993,26.1419,26.0564,0.0196,120,1008.7371,1008.9114,1008.4719,0.095,120,0,0,0,0,120,0,0,0,0,120,13.859,14.2604,13.2775,0.2206,120,120,0,0,0,0,0,120,None,None,None,None,0,3.479,3.4819,3.4745,0.0016,0.561,0.5614,0.5606,0.0002,0.7795,0.7807,0.7785,0.0005,-0.0001,-0.0001,-0.0001,0,0,0,0,0,0,0,0,0,0,0,0,0,194.6917,418,38,88.0346,0,0,0,0,294.25,556,14,92.4258,36,41.05,45,39,23.68,23.68,23.63
2022-11-02 20:40:00,2.7401,5.04,0.716,0.931,120,100.1273,32.2707,120,77.9336,78.0358,77.8222,0.0473,120,26.0679,26.1296,26.0106,0.0212,120,1008.7068,1008.8931,1008.6734,0.054,120,0,0,0,0,120,0,0,0,0,120,13.8959,14.2604,13.2775,0.2252,120,120,0,0,0,0,0,120,None,None,None,None,0,3.4784,3.4816,3.4779,0.0009,0.5607,0.5613,0.5601,0.0002,0.7793,0.7804,0.7782,0.0005,-0.0001,-0.0001,-0.0001,0,0,0,0,0,0,0,0,0,0,0,0,0,275.0083,525,55,101.1952,0,0,0,0,287.0667,581,66,93.9108,36,41.1667,47,39,23.68,23.68,23.68
2022-11-02 20:50:00,1.9948,4.12,0.4124,0.7577,120,107.8233,33.2471,120,77.956,78.0969,77.8527,0.0592,120,26.0386,26.0839,25.9862,0.0194,120,1008.7597,1008.8931,1008.6734,0.0951,120,0,0,0,0,120,0,0,0,0,120,13.8181,14.2604,13.2775,0.1847,120,120,0,0,0,0,0,120,None,None,None,None,0,3.4793,3.4816,3.4779,0.0016,0.5604,0.5608,0.5599,0.0002,0.7796,0.781,0.7785,0.0006,-0.0001,-0.0001,-0.0001,0,0,0,0,0,0,0,0,0,0,0,0,0,194,425,22,82.3589,0,0,0,0,314.1333,838,135,102.6805,36,41.2333,47,39,23.68,23.68,23.68
2022-11-02 21:00:00,2.2204,4.1384,0.4308,0.7922,120,102.7449,31.9577,120,78.2144,78.4021,78.0358,0.1155,120,26.0109,26.0625,25.9435,0.0221,120,1008.8137,1008.8931,1008.6734,0.0908,120,0,0,0,0,120,0,0,0,0,120,13.7894,14.2604,13.2775,0.1733,120,120,0,0,0,0,0,120,None,None,None,None,0,3.4802,3.4816,3.4779,0.0015,0.5601,0.5606,0.5594,0.0002,0.7821,0.784,0.7804,0.0012,-0.0001,-0.0001,-0.0001,0,0,0,0,0,0,0,0,0,0,0,0,0,218.5167,427,24,86.1104,0,0,0,0,299.1417,887,15,103.4962,36,41.05,45,39,23.68,23.68,23.63
2022-11-02 21:10:00,2.2532,3.8808,0.6884,0.7978,120,100.9883,38.1558,120,78.4181,78.6157,78.28,0.0773,120,25.9472,26.0289,25.8824,0.0311,120,1008.9067,1009.0762,1008.8565,0.0684,120,0,0,0,0,120,0,0,0,0,120,13.8181,14.2604,13.2775,0.1733,120,120,0,0,0,0,0,120,None,None,None,None,0,3.4818,3.4846,3.4809,0.0011,0.5595,0.5603,0.5588,0.0003,0.7842,0.7862,0.7828,0.0008,-0.0001,-0.0001,-0.0001,0,0,0,0,0,0,0,0,0,0,0,0,0,222.0917,399,52,86.7177,0,0,0,0,322.25,986,29,156.051,36,41.05,45,39,23.68,23.68,23.63
2022-11-02 21:20:00,2.6399,6.2912,0.9736,0.9812,120,102.0484,33.9364,120,78.5386,78.6157,78.4326,0.0396,120,25.9418,26.0137,25.8855,0.0268,120,1008.8731,1009.0579,1008.6734,0.0713,120,0,0,0,0,120,0,0,0,0,120,13.8631,14.2604,13.2775,0.2323,120,120,0,0,0,0,0,120,None,None,None,None,0,3.4812,3.4843,3.4779,0.0012,0.5594,0.5601,0.5588,0.0003,0.7854,0.7862,0.7843,0.0004,-0.0001,-0.0001,-0.0001,0,0,0,0,0,0,0,0,0,0,0,0,0,264.1167,661,83,106.6496,0,0,0,0,306.7917,1002,64,124.1918,36,41.1,47,39,23.68,23.68,23.68
2022-11-02 21:30:00,2.3797,4.396,0.7344,0.7875,120,108.8389,28.5216,120,78.4127,78.5546,78.28,0.0658,120,25.9848,26.032,25.9343,0.0206,120,1008.8391,1009.0579,1008.655,0.0792,120,0,0,0,0,120,0,0,0,0,120,13.8386,14.2604,13.2775,0.1943,120,120,0,0,0,0,0,120,None,None,None,None,0,3.4807,3.4843,3.4776,0.0013,0.5598,0.5603,0.5593,0.0002,0.7841,0.7855,0.7828,0.0007,-0.0001,-0.0001,-0.0001,0,0,0,0,0,0,0,0,0,0,0,0,0,235.8333,455,57,85.5945,0,0,0,0,313.925,809,127,88.8376,36,41.0333,43,39,23.68,23.68,23.63
2022-11-02 21:40:00,2.1525,4.028,0.624,0.7938,120,104.6932,37.0484,120,78.6121,78.7378,78.4631,0.0673,120,26.004,26.0533,25.9404,0.0212,120,1008.8261,1009.0579,1008.6734,0.0868,120,0,0,0,0,120,0,0,0,0,120,13.8263,14.2604,13.2775,0.2224,120,120,0,0,0,0,0,120,None,None,None,None,0,3.4804,3.4843,3.4779,0.0014,0.56,0.5605,0.5594,0.0002,0.7861,0.7874,0.7846,0.0007,-0.0001,-0.0001,-0.0001,0,0,0,0,0,0,0,0,0,0,0,0,0,211.1417,415,45,86.283,0,0,0,0,310.3667,971,14,122.0252,36,41.1833,47,39,23.68,23.68,23.63
2022-11-02 21:50:00,2.0327,4.4512,0.4492,0.7684,120,104.1524,29.8896,120,78.8545,79.0429,78.6462,0.1165,120,25.9844,26.0442,25.9374,0.0234,120,1008.8427,1008.8931,1008.6734,0.0725,120,0,0,0,0,120,0,0,0,0,120,13.7812,14.2604,13.2775,0.174,120,120,0,0,0,0,0,120,None,None,None,None,0,3.4807,3.4816,3.4779,0.0012,0.5598,0.5604,0.5594,0.0002,0.7885,0.7904,0.7865,0.0012,-0.0001,-0.0001,-0.0001,0,0,0,0,0,0,0,0,0,0,0,0,0,198.125,461,26,83.52,0,0,0,0,300.0083,723,57,89.8682,35,41.0667,47,39,23.68,23.68,23.63
2022-11-02 22:00:00,2.1686,4.4512,0.5412,0.7378,120,114.3848,34.676,120,79.0729,79.2261,78.9209,0.0789,120,25.951,26.0137,25.9069,0.023,120,1008.7602,1008.8931,1008.655,0.0981,120,0,0,0,0,120,0,0,0,0,120,13.7566,14.2604,13.2775,0.2157,120,120,0,0,0,0,0,120,None,None,None,None,0,3.4793,3.4816,3.4776,0.0016,0.5595,0.5601,0.5591,0.0002,0.7907,0.7923,0.7892,0.0008,-0.0001,-0.0001,-0.0001,0,0,0,0,0,0,0,0,0,0,0,0,0,212.8917,461,36,80.1957,0,0,0,0,328.75,618,89,99.8368,35,41.1,47,39,23.68,23.68,23.63
2022-11-02 22:10:00,1.823,3.8624,0.5504,0.7662,120,104.6497,39.3475,120,79.1528,79.2261,79.0735,0.0386,120,25.941,25.9923,25.9007,0.017,120,1008.7675,1008.8931,1008.655,0.1002,120,0,0,0,0,120,0,0,0,0,120,13.7526,14.2604,13.2775,0.1795,120,120,0,0,0,0,0,120,None,None,None,None,0,3.4795,3.4816,3.4776,0.0017,0.5594,0.5599,0.559,0.0002,0.7915,0.7923,0.7907,0.0004,-0.0001,-0.0001,-0.0001,0,0,0,0,0,0,0,0,0,0,0,0,0,175.325,397,37,83.2777,0,0,0,0,318.6917,1012,44,138.7448,35,41.05,45,39,23.68,23.68,23.63
2022-11-02 22:20:00,1.6355,3.5128,0.2928,0.8222,120,101.8432,41.7511,120,79.224,79.3481,79.1345,0.0494,120,25.9205,25.9587,25.8794,0.0171,120,1008.8472,1008.8931,1008.655,0.0594,120,0,0,0,0,120,0,0,0,0,120,13.7403,14.2604,13.2775,0.2234,120,120,0,0,0,0,0,120,None,None,None,None,0,3.4808,3.4816,3.4776,0.001,0.5592,0.5596,0.5588,0.0002,0.7922,0.7935,0.7913,0.0005,-0.0001,-0.0001,-0.0001,0,0,0,0,0,0,0,0,0,0,0,0,0,154.9417,359,9,89.3699,0,0,0,0,301.1833,831,61,128.1719,35,41.1,47,39,23.68,23.68,23.63
2022-11-02 22:30:00,1.8156,3.4668,0.348,0.6737,120,101.5752,31.6535,120,79.3458,79.4702,79.2566,0.0436,120,25.9013,25.9374,25.855,0.0166,120,1008.8296,1008.8748,1008.655,0.0778,120,0,0,0,0,120,0,0,0,0,120,13.7976,14.2604,13.2775,0.1835,120,120,0,0,0,0,0,120,None,None,None,None,0,3.4805,3.4812,3.4776,0.0013,0.559,0.5594,0.5585,0.0002,0.7935,0.7947,0.7926,0.0004,-0.0001,-0.0001,-0.0001,0,0,0,0,0,0,0,0,0,0,0,0,0,174.5167,354,15,73.2292,0,0,0,0,298.7667,998,21,110.068,35,41.0333,45,39,23.68,23.68,23.63
2022-11-02 22:40:00,1.7464,3.5864,0.302,0.5965,120,111.4625,33.0845,120,79.4099,79.5007,79.3176,0.0339,120,25.9288,25.9954,25.8733,0.0245,120,1008.8476,1009.0396,1008.655,0.0623,120,0,0,0,0,120,0,0,0,0,120,13.8058,14.2604,13.2775,0.2129,120,120,0,0,0,0,0,120,None,None,None,None,0,3.4808,3.484,3.4776,0.001,0.5593,0.5599,0.5587,0.0002,0.7941,0.795,0.7932,0.0003,-0.0001,-0.0001,-0.0001,0,0,0,0,0,0,0,0,0,0,0,0,0,167,367,10,64.8374,0,0,0,0,323.0833,697,114,98.0325,35,41.15,45,39,23.68,23.68,23.63
2022-11-02 22:50:00,1.5688,3.3104,0.3664,0.6821,120,107.1547,38.4162,120,79.2884,79.4092,79.0735,0.0778,120,25.9688,26.0045,25.9282,0.0158,120,1008.8684,1009.0579,1008.6734,0.042,120,0,0,0,0,120,0,0,0,0,120,13.8058,14.2604,13.2775,0.2031,120,120,0,0,0,0,0,120,None,None,None,None,0,3.4811,3.4843,3.4779,0.0007,0.5597,0.5601,0.5593,0.0002,0.7929,0.7941,0.7907,0.0008,-0.0001,-0.0001,-0.0001,0,0,0,0,0,0,0,0,0,0,0,0,0,147.6917,337,17,74.138,0,0,0,0,320.875,837,120,123.5175,35,41.0333,45,39,23.68,23.68,23.63
2022-11-02 23:00:00,1.3571,2.9608,0.3296,0.5293,120,111.9055,28.888,120,79.1574,79.2261,79.104,0.0289,120,25.9552,25.9954,25.9191,0.0165,120,1008.8316,1008.8748,1008.655,0.071,120,0,0,0,0,120,0,0,0,0,120,13.7444,14.2604,13.2775,0.2,120,120,0,0,0,0,0,120,None,None,None,None,0,3.4805,3.4812,3.4776,0.0012,0.5595,0.5599,0.5592,0.0002,0.7916,0.7923,0.791,0.0003,-0.0001,-0.0001,-0.0001,0,0,0,0,0,0,0,0,0,0,0,0,0,124.6833,299,13,57.5287,0,0,0,0,317.8917,536,130,82.616,35,41.1167,47,39,23.68,23.68,23.63
2022-11-02 23:10:00,1.6138,3.6232,0.4768,0.6759,120,100.8511,32.4061,120,79.1589,79.2261,79.0735,0.0362,120,25.9453,25.9893,25.8946,0.0187,120,1008.6189,1008.8748,1008.4536,0.1251,120,0,0,0,0,120,0,0,0,0,120,13.728,14.2604,13.2775,0.2073,120,120,0,0,0,0,0,120,None,None,None,None,0,3.477,3.4812,3.4742,0.0021,0.5595,0.5599,0.5589,0.0002,0.7916,0.7923,0.7907,0.0004,-0.0001,-0.0001,-0.0001,0,0,0,0,0,0,0,0,0,0,0,0,0,152.5833,371,29,73.4681,0,0,0,0,295.3667,895,68,105.7416,35,41.0167,43,39,23.68,23.68,23.63
2022-11-02 23:20:00,1.6612,3.1356,0.44,0.6364,120,110.1455,30.2338,120,79.2207,79.3176,79.1345,0.0407,120,25.9372,25.9801,25.8946,0.0183,120,1008.4474,1008.4719,1008.2705,0.0509,120,0,0,0,0,120,0,0,0,0,120,13.7648,14.2604,13.2775,0.2064,120,120,0,0,0,0,0,120,None,None,None,None,0,3.4741,3.4745,3.4712,0.0008,0.5594,0.5598,0.5589,0.0002,0.7922,0.7932,0.7913,0.0004,-0.0001,-0.0001,-0.0001,0,0,0,0,0,0,0,0,0,0,0,0,0,157.7417,318,25,69.1691,0,0,0,0,320.2833,921,103,98.8795,35,41.0833,45,41,23.68,23.68,23.63
2022-11-02 23:30:00,1.4647,2.8872,0.5688,0.4841,120,108.7122,37.7456,120,79.1912,79.2871,79.104,0.0382,120,25.9425,25.9801,25.9069,0.0161,120,1008.3369,1008.4902,1008.0874,0.1096,120,0,0,0,0,120,0,0,0,0,120,13.7403,14.2604,13.2775,0.2044,120,120,0,0,0,0,0,120,None,None,None,None,0,3.4723,3.4748,3.4681,0.0018,0.5594,0.5598,0.5591,0.0002,0.7919,0.7929,0.791,0.0004,-0.0001,-0.0001,-0.0001,0,0,0,0,0,0,0,0,0,0,0,0,0,136.3833,291,39,52.6211,0,0,0,0,329.65,1005,76,138.4927,35,41.1833,47,39,23.68,23.68,23.63
2022-11-02 23:40:00,1.7275,3.3656,0.3388,0.6083,120,108.735,31.8923,120,79.2606,79.3176,79.165,0.0385,120,25.9666,26.0045,25.9252,0.0169,120,1008.1784,1008.2888,1008.0874,0.0927,120,0,0,0,0,120,0,0,0,0,120,13.8099,14.2604,13.2775,0.1867,120,120,0,0,0,0,0,120,None,None,None,None,0,3.4696,3.4715,3.4681,0.0015,0.5597,0.5601,0.5593,0.0002,0.7926,0.7932,0.7917,0.0004,-0.0001,-0.0001,-0.0001,0,0,0,0,0,0,0,0,0,0,0,0,0,164.9417,343,14,66.1199,0,0,0,0,319.125,943,101,105.4999,35,41,43,39,23.68,23.68,23.63
2022-11-02 23:50:00,1.9622,3.8624,0,0.952,120,110.7058,39.5756,120,79.1643,79.2871,78.9819,0.0567,120,25.9583,26.0015,25.9221,0.017,120,1008.0596,1008.2888,1007.9043,0.0858,120,0,0,0,0,120,0,0,0,0,120,13.6952,14.2604,13.2775,0.2439,120,120,0,0,0,0,0,120,None,None,None,None,0,3.4677,3.4715,3.4651,0.0014,0.5596,0.56,0.5592,0.0002,0.7916,0.7929,0.7898,0.0006,-0.0001,-0.0001,-0.0001,0,0,0,0,0,0,0,0,0,0,0,0,0,190.6417,397,0,103.098,0,0,0,0,327.8,980,45,130.4981,35,41.4333,47,39,23.67,23.68,23.63
