datetime,Anemometer;wind_speed;Avg (m/s),Anemometer;wind_speed;Max (m/s),Anemometer;wind_speed;Min (m/s),Anemometer;wind_speed;StdDev (m/s),Anemometer;wind_speed;Count (),Wind Vane TMR;wind_direction;Avg (°),Wind Vane TMR;wind_direction;StdDev (°),Wind Vane TMR;wind_direction;Count (),Hygro/Thermo;humidity;Avg (%),Hygro/Thermo;humidity;Max (%),Hygro/Thermo;humidity;Min (%),Hygro/Thermo;humidity;StdDev (%),Hygro/Thermo;humidity;Count (),Hygro/Thermo;temperature;Avg (°C),Hygro/Thermo;temperature;Max (°C),Hygro/Thermo;temperature;Min (°C),Hygro/Thermo;temperature;StdDev (°C),Hygro/Thermo;temperature;Count (),Barometer;air_pressure;Avg (hPa),Barometer;air_pressure;Max (hPa),Barometer;air_pressure;Min (hPa),Barometer;air_pressure;StdDev (hPa),Barometer;air_pressure;Count (),DHI (Diffuse Horizontal Irradiance);solar_irradiance;Avg (W/m²),DHI (Diffuse Horizontal Irradiance);solar_irradiance;Max (W/m²),DHI (Diffuse Horizontal Irradiance);solar_irradiance;Min (W/m²),DHI (Diffuse Horizontal Irradiance);solar_irradiance;StdDev (W/m²),DHI (Diffuse Horizontal Irradiance);solar_irradiance;Count (),GHI (Global Horizontal Irradiance);solar_irradiance;Avg (W/m²),GHI (Global Horizontal Irradiance);solar_irradiance;Max (W/m²),GHI (Global Horizontal Irradiance);solar_irradiance;Min (W/m²),GHI (Global Horizontal Irradiance);solar_irradiance;StdDev (W/m²),GHI (Global Horizontal Irradiance);solar_irradiance;Count (),DNI (Direct Normal Irradiance) Pyrheliometer;solar_DNI;Avg (W/m²),DNI (Direct Normal Irradiance) Pyrheliometer;solar_DNI;Max (W/m²),DNI (Direct Normal Irradiance) Pyrheliometer;solar_DNI;Min (W/m²),DNI (Direct Normal Irradiance) Pyrheliometer;solar_DNI;StdDev (W/m²),DNI (Direct Normal Irradiance) Pyrheliometer;solar_DNI;Count (),Precipitation;precipitation;Count (),Precipitation;precipitation;Sum (mm),GTI (Global Tilt Irradiance) PV Cell;voltage;Avg (W/m2),GTI (Global Tilt Irradiance) PV Cell;voltage;Max (W/m2),GTI (Global Tilt Irradiance) PV Cell;voltage;Min (W/m2),GTI (Global Tilt Irradiance) PV Cell;voltage;StdDev (W/m2),GTI (Global Tilt Irradiance) PV Cell;voltage;Count (),Theta;other;Avg (°),Theta;other;Max (°),Theta;other;Min (°),Theta;other;StdDev (°),Theta;other;Count (),A1;channel;Avg (V),A1;channel;Max (V),A1;channel;Min (V),A1;channel;StdDev (V),A2;channel;Avg (V),A2;channel;Max (V),A2;channel;Min (V),A2;channel;StdDev (V),A3;channel;Avg (V),A3;channel;Max (V),A3;channel;Min (V),A3;channel;StdDev (V),A4;channel;Avg (V),A4;channel;Max (V),A4;channel;Min (V),A4;channel;StdDev (V),A5;channel;Avg (V),A5;channel;Max (V),A5;channel;Min (V),A5;channel;StdDev (V),A6;channel;Avg (V),A6;channel;Max (V),A6;channel;Min (V),A6;channel;StdDev (V),A7;channel;Avg (V),A7;channel;Max (V),A7;channel;Min (V),A7;channel;StdDev (V),C1;channel;Avg (I),C1;channel;Max (I),C1;channel;Min (I),C1;channel;StdDev (I),C2;channel;Avg (I),C2;channel;Max (I),C2;channel;Min (I),C2;channel;StdDev (I),D1;channel;Avg (),D1;channel;Max (),D1;channel;Min (),D1;channel;StdDev (),T;channel;Avg (°C),I;channel;Avg (mA),I;channel;Max (mA),I;channel;Min (mA),V;channel;Avg (V),V;channel;Max (V),V;channel;Min (V)
2022-11-21 00:00:00,1.5202,2.5744,0.5412,0.4912,120,136.8329,37.237,120,73.7528,73.9769,73.5496,0.115,120,25.8103,25.8489,25.7665,0.0216,120,1007.4396,1007.5564,1007.3366,0.0827,120,0,0,0,0,120,0,0,0,0,120,13.6215,14.2604,13.2775,0.2434,120,120,0,0,0,0,0,120,None,None,None,None,0,3.4573,3.4593,3.4556,0.0014,0.5581,0.5585,0.5577,0.0002,0.7375,0.7398,0.7355,0.0011,-0.0001,-0.0001,-0.0001,0,0,0,0,0,0,0,0,0,0,0,0,0,142.4167,257,36,53.3967,0,0,0,0,394.9833,996,26,118.8536,35,44.3167,51,41,23.67,23.68,23.63
2022-11-21 00:10:00,1.9516,4.396,0.6516,0.8143,120,133.7636,36.8822,120,74.1216,74.2821,73.9463,0.1011,120,25.7623,25.7939,25.7421,0.012,120,1007.3247,1007.5381,1007.1718,0.0855,120,0,0,0,0,120,0,0,0,0,120,13.7157,14.2604,13.2775,0.1994,120,120,0,0,0,0,0,120,None,None,None,None,0,3.4554,3.459,3.4529,0.0014,0.5576,0.5579,0.5574,0.0001,0.7412,0.7428,0.7395,0.001,-0.0001,-0.0001,-0.0001,0,0,0,0,0,0,0,0,0,0,0,0,0,189.3,455,48,88.5069,0,0,0,0,383.6167,926,1,114.3271,35,41.95,47,39,23.67,23.68,23.63
2022-11-21 00:20:00,1.9515,4.5616,0.6608,0.796,120,128.0794,33.4551,120,74.2452,74.2821,74.1905,0.0342,120,25.7985,25.8092,25.7848,0.0046,120,1007.1564,1007.3733,1006.9704,0.0762,120,0,0,0,0,120,0,0,0,0,120,13.6624,14.2604,13.2775,0.2399,120,120,0,0,0,0,0,120,None,None,None,None,0,3.4526,3.4562,3.4495,0.0013,0.558,0.5581,0.5578,0.0001,0.7425,0.7428,0.7419,0.0003,-0.0001,-0.0001,-0.0001,0,0,0,0,0,0,0,0,0,0,0,0,0,189.2917,473,49,86.5203,0,0,0,0,367.3917,889,139,102.1622,35,41.8,47,39,23.67,23.68,23.63
2022-11-21 00:30:00,2.1502,3.9452,0.7252,0.7304,120,132.8596,31.8501,120,74.2813,74.3126,74.221,0.0255,120,25.7604,25.797,25.7298,0.0184,120,1007.0235,1007.1902,1006.7873,0.0702,120,0,0,0,0,120,0,0,0,0,120,13.6543,14.2604,13.2775,0.2446,120,120,0,0,0,0,0,120,None,None,None,None,0,3.4504,3.4532,3.4465,0.0012,0.5576,0.558,0.5573,0.0002,0.7428,0.7431,0.7422,0.0003,-0.0001,-0.0001,-0.0001,0,0,0,0,0,0,0,0,0,0,0,0,0,210.8917,406,56,79.3947,0,0,0,0,380.625,979,14,103.8135,34.2,41.9333,47,39,23.67,23.68,23.63
2022-11-21 00:40:00,2.2313,4.028,1.0104,0.7325,120,141.1613,30.4559,120,74.2874,74.3431,74.2515,0.0255,120,25.7336,25.7482,25.7207,0.0049,120,1006.9643,1007.1902,1006.7873,0.076,120,0,0,0,0,120,0,0,0,0,120,13.6706,14.2604,13.2775,0.217,120,120,0,0,0,0,0,120,None,None,None,None,0,3.4494,3.4532,3.4465,0.0013,0.5573,0.5575,0.5572,0.0001,0.7429,0.7434,0.7425,0.0003,-0.0001,-0.0001,-0.0001,0,0,0,0,0,0,0,0,0,0,0,0,0,219.7083,415,87,79.6147,0,0,0,0,402.2333,758,197,88.8905,34,41.4833,47,39,23.67,23.68,23.63
2022-11-21 00:50:00,2.2525,4.3868,0.3756,0.9164,120,141.7822,36.3322,120,74.2663,74.3431,74.1905,0.0333,120,25.737,25.7634,25.7146,0.0118,120,1006.8232,1007.0071,1006.6042,0.0994,120,0,0,0,0,120,0,0,0,0,120,13.6911,14.2604,13.2775,0.2297,120,120,0,0,0,0,0,120,None,None,None,None,0,3.4471,3.4501,3.4434,0.0017,0.5574,0.5576,0.5572,0.0001,0.7427,0.7434,0.7419,0.0003,-0.0001,-0.0001,-0.0001,0,0,0,0,0,0,0,0,0,0,0,0,0,222.0083,454,18,99.6137,0,0,0,0,410.3417,989,100,116.3211,34,41.4167,47,39,23.67,23.68,23.63
2022-11-21 01:00:00,1.5573,3.4116,0.3756,0.6078,120,132.358,35.8667,120,74.3054,74.4346,74.221,0.0639,120,25.7575,25.7756,25.7451,0.0066,120,1006.85,1007.0071,1006.7873,0.0837,120,0,0,0,0,120,0,0,0,0,120,13.6502,14.2604,13.2775,0.2297,120,120,0,0,0,0,0,120,None,None,None,None,0,3.4475,3.4501,3.4465,0.0014,0.5576,0.5578,0.5575,0.0001,0.7431,0.7443,0.7422,0.0006,-0.0001,-0.0001,-0.0001,0,0,0,0,0,0,0,0,0,0,0,0,0,146.4417,348,18,66.0661,0,0,0,0,379.7,862,91,107.0794,34,41.6333,47,41,23.67,23.68,23.63
2022-11-21 01:10:00,1.8066,4.4972,0.6792,0.6717,120,132.6683,38.0236,120,74.5387,74.6483,74.3736,0.0563,120,25.7357,25.7634,25.6993,0.0178,120,1006.7434,1007.0254,1006.5859,0.105,120,0,0,0,0,120,0,0,0,0,120,13.5764,14.2604,13.2775,0.2492,120,120,0,0,0,0,0,120,None,None,None,None,0,3.4457,3.4504,3.4431,0.0017,0.5574,0.5576,0.557,0.0002,0.7454,0.7465,0.7437,0.0006,-0.0001,-0.0001,-0.0001,0,0,0,0,0,0,0,0,0,0,0,0,0,173.5417,466,51,73.012,0,0,0,0,376.0083,707,103,109.0895,34,41.5833,47,39,23.67,23.68,23.63
2022-11-21 01:20:00,1.9285,4.6996,0.44,0.6903,120,142.2954,29.5949,120,74.6551,74.6788,74.5872,0.0225,120,25.678,25.7024,25.6566,0.0102,120,1006.6102,1006.8056,1006.4211,0.0429,120,0,0,0,0,120,0,0,0,0,120,13.6092,14.2604,13.2775,0.2481,120,120,0,0,0,0,0,120,None,None,None,None,0,3.4435,3.4468,3.4404,0.0007,0.5568,0.557,0.5566,0.0001,0.7466,0.7468,0.7459,0.0002,-0.0001,-0.0001,-0.0001,0,0,0,0,0,0,0,0,0,0,0,0,0,186.7917,488,25,75.0288,0,0,0,0,405.1333,779,154,87.3101,34,41.6333,47,39,23.67,23.68,23.63
2022-11-21 01:30:00,1.6273,3.062,0.3204,0.6126,120,129.5549,32.2974,120,74.6569,74.6788,74.6178,0.0221,120,25.6394,25.6658,25.6078,0.0159,120,1006.5133,1006.6225,1006.4028,0.0939,120,0,0,0,0,120,0,0,0,0,120,13.5232,14.2604,13.2775,0.2549,120,120,0,0,0,0,0,120,None,None,None,None,0,3.4419,3.4437,3.44,0.0016,0.5564,0.5567,0.5561,0.0002,0.7466,0.7468,0.7462,0.0002,-0.0001,-0.0001,-0.0001,0,0,0,0,0,0,0,0,0,0,0,0,0,154.0583,310,12,66.5848,0,0,0,0,372.375,1000,1,106.4906,34,41.5667,47,39,23.67,23.68,23.63
2022-11-21 01:40:00,1.796,3.4576,0.5412,0.6133,120,136.1532,32.4733,120,74.7332,74.8009,74.6483,0.0369,120,25.5975,25.62,25.5711,0.0105,120,1006.4064,1006.6042,1006.2014,0.0711,120,0,0,0,0,120,0,0,0,0,120,13.5683,14.2604,13.2775,0.2588,120,120,0,0,0,0,0,120,None,None,None,None,0,3.4401,3.4434,3.4367,0.0012,0.556,0.5562,0.5557,0.0001,0.7473,0.748,0.7465,0.0004,-0.0001,-0.0001,-0.0001,0,0,0,0,0,0,0,0,0,0,0,0,0,172.3917,353,36,66.6619,0,0,0,0,394.825,987,172,106.0883,34,41.4667,47,39,23.67,23.68,23.63
2022-11-21 01:50:00,1.7925,3.66,0.4492,0.6068,120,124.652,37.8886,120,74.7243,74.8009,74.6178,0.0493,120,25.5812,25.6078,25.5589,0.0128,120,1006.3004,1006.4211,1006.2014,0.0963,120,0,0,0,0,120,0,0,0,0,120,13.5928,14.2604,13.2775,0.2451,120,120,0,0,0,0,0,120,None,None,None,None,0,3.4383,3.4404,3.4367,0.0016,0.5558,0.5561,0.5556,0.0001,0.7472,0.748,0.7462,0.0005,-0.0001,-0.0001,-0.0001,0,0,0,0,0,0,0,0,0,0,0,0,0,172.0083,375,26,65.9517,0,0,0,0,368.7333,1018,115,128.1091,34,41.7167,47,39,23.67,23.68,23.63
2022-11-21 02:00:00,1.5537,3.062,0.4676,0.5289,120,139.5864,29.3157,120,74.469,74.6483,74.3431,0.0921,120,25.6245,25.6505,25.5956,0.0119,120,1006.1768,1006.4211,1006.0182,0.0834,120,0,0,0,0,120,0,0,0,0,120,13.5232,14.2604,13.2775,0.2549,120,120,0,0,0,0,0,120,None,None,None,None,0,3.4363,3.4404,3.4336,0.0014,0.5563,0.5565,0.556,0.0001,0.7447,0.7465,0.7434,0.0009,-0.0001,-0.0001,-0.0001,0,0,0,0,0,0,0,0,0,0,0,0,0,146.0583,310,28,57.4869,0,0,0,0,395.325,682,120,85.4545,34,41.6833,47,39,23.66,23.68,23.63
2022-11-21 02:10:00,1.8729,3.7336,0.5504,0.6221,120,137.3345,28.8789,120,74.266,74.3736,74.1905,0.0468,120,25.6557,25.6719,25.6383,0.0058,120,1006.2014,1006.238,1006.0182,0.0554,120,0,0,0,0,120,0,0,0,0,120,13.5928,14.2604,13.2775,0.2451,120,120,0,0,0,0,0,120,None,None,None,None,0,3.4367,3.4373,3.4336,0.0009,0.5566,0.5567,0.5564,0.0001,0.7427,0.7437,0.7419,0.0005,-0.0001,-0.0001,-0.0001,0,0,0,0,0,0,0,0,0,0,0,0,0,180.75,383,37,67.6238,0,0,0,0,388.6917,585,149,82.5346,34,41.7167,47,39,23.66,23.68,23.63
2022-11-21 02:20:00,1.6322,2.7952,0.6424,0.4991,120,128.2998,41.244,120,74.3436,74.4346,74.2821,0.0465,120,25.6736,25.6871,25.6627,0.0055,120,1006.118,1006.238,1005.9999,0.0904,120,0,0,0,0,120,0,0,0,0,120,13.5232,13.7689,13.2775,0.2468,120,120,0,0,0,0,0,120,None,None,None,None,0,3.4353,3.4373,3.4333,0.0015,0.5567,0.5569,0.5566,0.0001,0.7434,0.7443,0.7428,0.0005,-0.0001,-0.0001,-0.0001,0,0,0,0,0,0,0,0,0,0,0,0,0,154.5917,281,47,54.2462,0,0,0,0,366.4583,842,30,122.0023,34,41.5,47,39,23.66,23.68,23.63
2022-11-21 02:30:00,1.2672,2.5652,0.394,0.4902,120,128.5824,37.3197,120,74.5936,74.8314,74.4041,0.117,120,25.6469,25.678,25.6261,0.0118,120,1006.1318,1006.238,1006.0182,0.0934,120,0,0,0,0,120,0,0,0,0,120,13.4659,13.7689,13.2775,0.2399,120,120,0,0,0,0,0,120,None,None,None,None,0,3.4355,3.4373,3.4336,0.0016,0.5565,0.5568,0.5563,0.0001,0.7459,0.7483,0.744,0.0012,-0.0001,-0.0001,-0.0001,0,0,0,0,0,0,0,0,0,0,0,0,0,114.9167,256,20,53.278,0,0,0,0,379.3333,1011,149,126.3132,34,41.7333,47,39,23.67,23.68,23.63
2022-11-21 02:40:00,1.4147,3.2552,0.2836,0.6567,120,147.7461,32.341,120,75.0127,75.1671,74.8009,0.1158,120,25.6301,25.6474,25.6169,0.0065,120,1006.0726,1006.238,1005.8535,0.084,120,0,0,0,0,120,0,0,0,0,120,13.5068,14.2604,12.786,0.2622,120,120,0,0,0,0,0,120,None,None,None,None,0,3.4345,3.4373,3.4309,0.0014,0.5563,0.5565,0.5562,0.0001,0.7501,0.7517,0.748,0.0012,-0.0001,-0.0001,-0.0001,0,0,0,0,0,0,0,0,0,0,0,0,0,130.95,331,8,71.3844,0,0,0,0,417.5333,604,136,92.6556,34,41.7,47,39,23.66,23.68,23.63
2022-11-21 02:50:00,1.6375,3.6508,0.5504,0.6785,120,133.0034,34.59,120,75.3357,75.4418,75.1671,0.0763,120,25.6483,25.6688,25.6322,0.0087,120,1006.1095,1006.238,1006.0182,0.0919,120,0,0,0,0,120,0,0,0,0,120,13.5764,14.2604,13.2775,0.2492,120,120,0,0,0,0,0,120,None,None,None,None,0,3.4352,3.4373,3.4336,0.0015,0.5565,0.5567,0.5563,0.0001,0.7534,0.7544,0.7517,0.0008,-0.0001,-0.0001,-0.0001,0,0,0,0,0,0,0,0,0,0,0,0,0,155.1583,374,37,73.75,0,0,0,0,382.2917,839,104,105.0314,34,41.4,47,39,23.66,23.68,23.63
2022-11-21 03:00:00,1.6811,3.3656,0.4768,0.5642,120,137.5654,29.2518,120,75.5646,75.6249,75.4112,0.0615,120,25.6832,25.7207,25.6535,0.0167,120,1006.1023,1006.238,1005.9999,0.0921,120,0,0,0,0,120,0,0,0,0,120,13.5928,13.7689,13.2775,0.2366,120,120,0,0,0,0,0,120,None,None,None,None,0,3.435,3.4373,3.4333,0.0015,0.5568,0.5572,0.5565,0.0002,0.7556,0.7562,0.7541,0.0006,-0.0001,-0.0001,-0.0001,0,0,0,0,0,0,0,0,0,0,0,0,0,159.9,343,29,61.3218,0,0,0,0,389.6,626,179,83.7013,34,41.6333,47,39,23.66,23.68,23.63
2022-11-21 03:10:00,1.5031,3.2368,0.6332,0.5683,120,142.239,33.064,120,75.7024,75.8385,75.5943,0.0633,120,25.7029,25.7146,25.6902,0.0054,120,1006.2125,1006.238,1006.0182,0.0246,120,0,0,0,0,120,0,0,0,0,120,13.515,13.7689,12.786,0.2547,120,120,0,0,0,0,0,120,None,None,None,None,0,3.4369,3.4373,3.4336,0.0004,0.557,0.5572,0.5569,0.0001,0.757,0.7584,0.7559,0.0006,-0.0001,-0.0001,-0.0001,0,0,0,0,0,0,0,0,0,0,0,0,0,140.5583,329,46,61.7686,0,0,0,0,401.625,686,101,96.295,34,41.2833,47,39,23.66,23.68,23.63
2022-11-21 03:20:00,1.5126,2.6204,0.5228,0.5004,120,147.6062,24.1909,120,75.8576,75.9301,75.808,0.0356,120,25.7053,25.7176,25.6932,0.005,120,1006.2035,1006.4211,1006.0182,0.063,120,0,0,0,0,120,0,0,0,0,120,13.5519,14.2604,13.2775,0.2532,120,120,0,0,0,0,0,120,None,None,None,None,0,3.4367,3.4404,3.4336,0.0011,0.5571,0.5572,0.5569,0.0001,0.7586,0.7593,0.7581,0.0004,-0.0001,-0.0001,-0.0001,0,0,0,0,0,0,0,0,0,0,0,0,0,141.5833,262,34,54.3952,0,0,0,0,419.3,626,223,69.44,34,41.4667,47,39,23.66,23.68,23.63
2022-11-21 03:30:00,1.3309,3.1448,0.4492,0.5396,120,132.8531,34.8862,120,75.8418,75.9301,75.7164,0.0442,120,25.6783,25.7054,25.6322,0.0188,120,1006.2835,1006.4211,1006.2014,0.0905,120,0,0,0,0,120,0,0,0,0,120,13.4003,13.7689,12.786,0.2319,120,120,0,0,0,0,0,120,None,None,None,None,0,3.4381,3.4404,3.4367,0.0015,0.5568,0.5571,0.5563,0.0002,0.7584,0.7593,0.7572,0.0004,-0.0001,-0.0001,-0.0001,0,0,0,0,0,0,0,0,0,0,0,0,0,121.8333,319,26,58.6559,0,0,0,0,381.8917,874,192,104.8944,34,41.6833,47,39,23.66,23.68,23.63
2022-11-21 03:40:00,1.5465,3.844,0.4216,0.797,120,119.734,41.1888,120,75.6956,75.7775,75.5638,0.0507,120,25.5913,25.6352,25.5711,0.0146,120,1006.3047,1006.4211,1006.2014,0.0927,120,0,0,0,0,120,0,0,0,0,120,13.4126,13.7689,13.2775,0.2204,120,120,0,0,0,0,0,120,None,None,None,None,0,3.4384,3.4404,3.4367,0.0015,0.5559,0.5564,0.5557,0.0001,0.757,0.7578,0.7556,0.0005,-0.0001,-0.0001,-0.0001,0,0,0,0,0,0,0,0,0,0,0,0,0,145.2667,395,23,86.6285,0,0,0,0,345.75,841,67,125.1844,34,41.55,47,39,23.66,23.68,23.63
2022-11-21 03:50:00,1.4675,2.9608,0.5504,0.4771,120,120.7449,34.3738,120,75.4298,75.5943,75.2892,0.089,120,25.5723,25.5956,25.5376,0.0151,120,1006.3436,1006.4211,1006.2014,0.0861,120,0,0,0,0,120,0,0,0,0,120,13.3799,13.7689,12.786,0.2103,120,120,0,0,0,0,0,120,None,None,None,None,0,3.4391,3.4404,3.4367,0.0014,0.5557,0.556,0.5554,0.0001,0.7543,0.7559,0.7529,0.0009,-0.0001,-0.0001,-0.0001,0,0,0,0,0,0,0,0,0,0,0,0,0,136.6833,299,37,51.8618,0,0,0,0,348.2667,863,21,106.3387,34,41.55,47,39,23.66,23.68,23.63
2022-11-21 04:00:00,1.4331,3.0896,0.3756,0.5832,120,121.2393,32.2729,120,75.295,75.3502,75.2281,0.0307,120,25.5114,25.5467,25.4674,0.018,120,1006.4391,1006.6042,1006.2014,0.0843,120,0,0,0,0,120,0,0,0,0,120,13.4618,14.2604,13.2775,0.2473,120,120,0,0,0,0,0,120,None,None,None,None,0,3.4407,3.4434,3.4367,0.0014,0.5551,0.5555,0.5547,0.0002,0.753,0.7535,0.7523,0.0003,-0.0001,-0.0001,-0.0001,0,0,0,0,0,0,0,0,0,0,0,0,0,132.95,313,18,63.389,0,0,0,0,344.0833,570,76,93.0939,33.6,41.5167,47,39,23.65,23.68,23.63
2022-11-21 04:10:00,1.4671,3.0344,0.5412,0.49,120,120.1654,30.5259,120,75.2871,75.3197,75.2586,0.0201,120,25.4661,25.4796,25.4552,0.0054,120,1006.3837,1006.5859,1006.2014,0.0774,120,0,0,0,0,120,0,0,0,0,120,13.4454,14.2604,12.786,0.2508,120,120,0,0,0,0,0,120,None,None,None,None,0,3.4397,3.4431,3.4367,0.0013,0.5547,0.5548,0.5545,0.0001,0.7529,0.7532,0.7526,0.0002,-0.0001,-0.0001,-0.0001,0,0,0,0,0,0,0,0,0,0,0,0,0,136.6417,307,36,53.2574,0,0,0,0,342.7667,567,174,87.1472,33,41.7833,47,39,23.66,23.68,23.63
2022-11-21 04:20:00,1.0574,2.3536,0.4584,0.355,120,130.3625,32.6011,120,75.1968,75.2586,75.1366,0.0289,120,25.4443,25.4765,25.4155,0.0185,120,1006.3813,1006.5859,1006.2014,0.0631,120,0,0,0,0,120,0,0,0,0,120,13.3758,13.7689,13.2775,0.1974,120,120,0,0,0,0,0,120,None,None,None,None,0,3.4397,3.4431,3.4367,0.0011,0.5544,0.5548,0.5542,0.0002,0.752,0.7526,0.7514,0.0003,-0.0001,-0.0001,-0.0001,0,0,0,0,0,0,0,0,0,0,0,0,0,92.1083,233,27,38.582,0,0,0,0,372.3583,731,96,95.189,33,41.6833,47,39,23.66,23.68,23.63
2022-11-21 04:30:00,0.9961,1.59,0.4124,0.263,120,115.3669,24.6819,120,75.2826,75.3502,75.1976,0.0277,120,25.4124,25.4277,25.385,0.009,120,1006.483,1006.6042,1006.3845,0.0976,120,0,0,0,0,120,0,0,0,0,120,13.4863,13.7689,13.2775,0.244,120,120,0,0.0076,0.3052,0,0.0478,120,None,None,None,None,0,3.4414,3.4434,3.4397,0.0016,0.5541,0.5543,0.5538,0.0001,0.7528,0.7535,0.752,0.0003,-0.0001,-0.0001,-0.0001,0,0,0,0,0,0,0,0,0,0,0.0003,0,0,85.45,150,22,28.5915,0,0,0,0,327.8333,511,198,70.617,33,41.55,47,39,23.66,23.68,23.63
2022-11-21 04:40:00,1.0991,2.2156,0.4124,0.3399,120,96.005,25.7747,120,75.4723,75.6554,75.3197,0.098,120,25.3653,25.3911,25.3453,0.0125,120,1006.5812,1006.6042,1006.3845,0.0412,120,0.6707,2.4032,0,0.7339,120,0.3327,1.8319,0,0.4702,120,13.5437,13.7689,12.786,0.254,120,120,0,1.086,3.0518,0,0.8231,120,None,None,None,None,0,3.443,3.4434,3.4397,0.0007,0.5536,0.5539,0.5534,0.0001,0.7547,0.7566,0.7532,0.001,-0.0001,-0.0001,-0.0001,0,0,0,0,0,0,0,0,0,0.0011,0.0031,0,0.0008,96.6417,218,22,36.9462,0,0,0,0,272.1333,523,51,74.9129,33,41.6833,47,39,23.65,23.68,23.63
2022-11-21 04:50:00,1.2731,2.3444,0.5872,0.3762,120,104.332,25.3095,120,75.839,76.0521,75.6249,0.1319,120,25.3422,25.3606,25.3301,0.0065,120,1006.5891,1006.769,1006.4028,0.025,120,5.7072,9.6118,2.163,2.0944,120,5.1414,9.1597,1.8319,2.1288,120,13.6461,13.7689,13.2775,0.2137,120,120,0,5.707,9.1555,3.0518,1.856,120,89.34,89.97,88.7,0.43,77,3.4432,3.4462,3.44,0.0004,0.5534,0.5536,0.5533,0.0001,0.7584,0.7605,0.7562,0.0013,-0.0001,-0.0001,-0.0001,0,0.0001,0.0001,0,0,0,0.0001,0,0,0.0057,0.0092,0.0031,0.0019,115.5583,232,41,40.8938,0,0,0,0,296.5333,535,8,73.8018,33,41.6667,47,39,23.65,23.68,23.63
2022-11-21 05:00:00,1.0872,2.0408,0.4952,0.3866,120,125.8842,31.0454,120,76.1953,76.3573,76.0521,0.0953,120,25.3982,25.4765,25.3514,0.0323,120,1006.634,1006.7873,1006.4028,0.0851,120,13.6413,20.9063,9.3717,3.256,120,16.1111,26.012,9.1597,5.1665,120,52.9664,86.5501,13.7689,26.2641,120,120,0,13.1993,19.837,9.1555,3.2296,120,87.43,88.7,86.18,0.68,120,3.4439,3.4465,3.44,0.0014,0.554,0.5548,0.5535,0.0003,0.762,0.7636,0.7605,0.001,-0.0003,-0.0001,-0.0005,0.0002,0.0002,0.0003,0.0001,0,0.0001,0.0002,0.0001,0,0.0132,0.0198,0.0092,0.0032,95.35,199,31,42.0169,0,0,0,0,358.05,736,112,91.1136,33,41.65,47,39,23.66,23.68,23.63
2022-11-21 05:10:00,1.1052,2.2892,0.348,0.385,120,115.7098,33.1725,120,76.3222,76.3878,76.2658,0.0252,120,25.5828,25.6688,25.4735,0.0548,120,1006.746,1006.8056,1006.5859,0.0654,120,33.9008,50.2236,20.9063,10.1803,120,35.089,56.7875,26.012,9.6489,120,38.263,87.0416,20.6542,22.1996,120,120,0,33.0668,50.6607,19.837,10.7856,120,85.09,86.18,83.89,0.68,120,3.4458,3.4468,3.4431,0.0011,0.5558,0.5567,0.5547,0.0006,0.7632,0.7639,0.7627,0.0003,-0.0002,-0.0001,-0.0005,0.0001,0.0004,0.0006,0.0003,0.0001,0.0003,0.0005,0.0002,0.0001,0.0331,0.0507,0.0198,0.0108,97.3083,226,15,41.8528,0,0,0,0,329.2083,676,2,98.8232,33,41.5,47,41,23.65,23.68,23.63
2022-11-21 05:20:00,1.0689,2.1144,0.4308,0.3392,120,130.9115,38.3825,120,76.4601,76.7846,76.0826,0.1633,120,25.8946,26.1754,25.6658,0.1654,120,1006.7809,1006.9704,1006.5859,0.0464,120,59.7314,91.315,45.1772,14.8267,120,89.1405,115.0396,58.2521,12.2682,120,240.2812,316.6919,50.651,76.1341,120,120,0,58.6947,86.3674,47.6089,12.5249,120,82.75,83.89,81.61,0.69,120,3.4463,3.4495,3.4431,0.0008,0.5589,0.5617,0.5567,0.0016,0.7646,0.7678,0.7608,0.0016,-0.0015,-0.0003,-0.002,0.0005,0.0008,0.0012,0.0006,0.0002,0.0007,0.001,0.0005,0.0001,0.0587,0.0864,0.0476,0.0125,93.3583,207,24,36.8747,0,0,0,0,375.025,993,11,121.635,33,41.45,47,39,23.65,23.68,23.63
2022-11-21 05:30:00,1.5397,3.6324,0.4768,0.6577,120,94.2242,41.8119,120,75.8975,76.3268,75.1671,0.2492,120,26.3781,26.5386,26.1724,0.1058,120,1006.7829,1006.9887,1006.5859,0.0512,120,122.867,136.9732,91.7961,15.5642,120,169.4058,204.7995,103.6819,28.9061,120,297.5711,417.011,94.4183,107.7634,120,120,0,115.9322,132.1452,86.3674,14.729,120,80.41,81.61,79.33,0.68,120,3.4464,3.4498,3.4431,0.0009,0.5638,0.5654,0.5617,0.0011,0.759,0.7633,0.7517,0.0025,-0.0018,-0.0006,-0.0026,0.0007,0.0016,0.0017,0.0012,0.0002,0.0014,0.0017,0.0009,0.0002,0.1159,0.1321,0.0864,0.0147,144.5333,372,29,71.491,0,0,0,0,293.4333,1003,78,149.6602,33,41.8,47,39,23.65,23.68,23.63
2022-11-21 05:40:00,2.1563,3.9176,0.486,0.7339,120,107.3063,37.8492,120,75.1857,75.5943,74.7703,0.2149,120,26.5445,26.6118,26.4959,0.041,120,1006.775,1006.9704,1006.5676,0.0506,120,91.8338,122.5543,75.215,15.5652,120,151.1118,196.0072,77.3037,49.4889,120,294.0919,483.3983,18.6868,187.1373,120,120,0,92.1761,118.717,59.8163,22.1398,120,78.07,79.33,76.78,0.68,120,3.4462,3.4495,3.4428,0.0008,0.5654,0.5661,0.565,0.0004,0.7519,0.7559,0.7477,0.0021,-0.0018,-0.0001,-0.003,0.0012,0.0012,0.0016,0.001,0.0002,0.0013,0.0016,0.0006,0.0004,0.0922,0.1187,0.0598,0.0221,211.5583,403,30,79.7679,0,0,0,0,316.3833,835,60,117.1404,33,41.4667,47,39,23.65,23.68,23.63
2022-11-21 05:50:00,1.7484,3.66,0.5136,0.7351,120,121.9033,38.6983,120,74.6986,75.0755,74.221,0.1755,120,26.7457,27.0086,26.6027,0.1223,120,1006.8555,1006.9887,1006.7507,0.0981,120,84.847,100.9276,75.4551,8.0957,120,215.8125,235.9412,122.0012,23.6259,120,514.6372,553.2275,221.7821,55.6594,120,120,0,125.2988,143.1318,78.1274,15.009,120,75.71,76.78,74.49,0.68,120,3.4476,3.4498,3.4458,0.0016,0.5675,0.5701,0.566,0.0012,0.747,0.7508,0.7422,0.0018,-0.0032,-0.0014,-0.0034,0.0003,0.0011,0.0013,0.001,0.0001,0.0018,0.002,0.001,0.0002,0.1253,0.1431,0.0781,0.015,167.2167,375,33,79.8977,0,0,0,0,351.1583,822,24,114.6579,33,41.7333,47,39,23.65,23.68,23.63
2022-11-21 06:00:00,2.207,5.2148,0.2744,0.9462,120,108.4922,41.3186,120,73.4547,74.2515,72.6646,0.3851,120,27.1141,27.2253,27.0177,0.0688,120,1006.9816,1007.1718,1006.769,0.047,120,89.4608,102.1291,81.9433,4.1087,120,241.7422,291.9964,108.4454,43.6144,120,513.1414,603.387,68.3548,142.3696,120,120,0,148.5946,185.2474,79.0429,23.7587,120,73.37,74.49,72.2,0.69,120,3.4497,3.4529,3.4462,0.0008,0.5711,0.5723,0.5702,0.0007,0.7345,0.7425,0.7266,0.0039,-0.0032,-0.0004,-0.0037,0.0009,0.0011,0.0013,0.001,0.0001,0.002,0.0024,0.0009,0.0004,0.1486,0.1852,0.079,0.0238,217.0667,544,7,102.8524,0,0,0,0,331.075,991,61,139.6061,33,41.3667,47,39,23.66,23.68,23.63
2022-11-21 06:10:00,2.2753,4.442,0.8908,0.8258,120,121.5248,35.5837,120,72.3093,73.0918,71.4133,0.4861,120,27.3365,27.4389,27.2039,0.0808,120,1007.0977,1007.1902,1006.9704,0.0895,120,117.5303,141.2984,95.8811,12.3937,120,330.6569,358.3085,263.0528,22.3451,120,620.6562,649.6133,492.2494,30.2173,120,120,0,221.1727,245.674,171.8192,18.0394,120,71.02,72.2,69.91,0.69,120,3.4516,3.4532,3.4495,0.0015,0.5734,0.5744,0.572,0.0008,0.7231,0.7309,0.7141,0.0049,-0.0039,-0.0031,-0.004,0.0002,0.0015,0.0018,0.0012,0.0002,0.0028,0.003,0.0022,0.0002,0.2212,0.2457,0.1718,0.018,224.4917,460,74,89.7562,0,0,0,0,351.6667,903,91,109.3496,33,41.65,47,39,23.66,23.68,23.63
2022-11-21 06:20:00,2.3935,4.6536,0.67,1.0619,120,100.4413,38.9018,120,71.0891,71.6575,70.4672,0.3175,120,27.4412,27.6312,27.3443,0.0677,120,1007.2626,1007.3733,1007.1535,0.095,120,99.4115,115.826,90.3543,7.8556,120,348.5876,370.3986,233.377,25.96,120,643.1992,679.1186,357.0158,52.5599,120,120,0,238.0723,257.8814,155.9496,20.1998,120,68.67,69.91,67.62,0.68,120,3.4544,3.4562,3.4526,0.0016,0.5744,0.5763,0.5734,0.0007,0.7109,0.7166,0.7047,0.0032,-0.004,-0.0022,-0.0042,0.0003,0.0013,0.0015,0.0011,0.0001,0.0029,0.0031,0.0019,0.0002,0.2381,0.2579,0.1559,0.0202,237.3417,483,50,115.4209,0,0,0,0,298.975,1010,16,129.7434,33.7,41.6333,47,39,23.65,23.68,23.63
2022-11-21 06:30:00,2.5119,4.9204,0.5044,0.9037,120,105.1071,38.1201,120,69.9802,71.0471,69.5822,0.3671,120,27.5986,27.7075,27.4908,0.0746,120,1007.3469,1007.5381,1007.1535,0.059,120,112.2416,121.8339,93.478,9.0696,120,345.8917,432.6819,136.6555,89.2512,120,549.9946,712.5572,51.1424,214.6534,120,120,0,249.616,318.0029,103.4578,62.4754,120,66.31,67.36,65.07,0.68,120,3.4558,3.459,3.4526,0.001,0.576,0.5771,0.5749,0.0008,0.6998,0.7105,0.6958,0.0037,-0.0034,-0.0003,-0.0044,0.0013,0.0014,0.0015,0.0012,0.0001,0.0029,0.0036,0.0011,0.0007,0.2496,0.318,0.1035,0.0625,250.2083,512,32,98.2255,0,0,0,0,308.575,816,18,118.3733,34,41.6667,47,39,23.65,23.68,23.63
2022-11-21 06:40:00,2.4661,4.718,0.5044,0.8729,120,118.1359,35.3057,120,69.6638,70.0705,69.0024,0.2942,120,27.6473,27.8692,27.5182,0.1318,120,1007.3881,1007.5381,1007.1718,0.0607,120,131.2016,147.0654,115.826,11.7639,120,424.5297,499.7263,168.8956,72.2437,120,628.2989,736.6532,52.6184,164.7766,120,120,0,320.3528,386.9747,139.4696,53.1147,120,63.97,65.07,62.78,0.69,120,3.4565,3.459,3.4529,0.001,0.5765,0.5787,0.5752,0.0013,0.6966,0.7007,0.69,0.0029,-0.0039,-0.0003,-0.0046,0.001,0.0017,0.0019,0.0015,0.0001,0.0035,0.0042,0.0014,0.0006,0.3204,0.387,0.1395,0.0531,245.225,490,32,94.8758,0,0,0,0,341.7417,908,93,109.217,34,41.5,47,39,23.66,23.68,23.63
2022-11-21 06:50:00,2.6725,5.4908,0.5964,1.1027,120,107.1092,43.6654,120,68.7267,69.3075,67.9037,0.3799,120,27.726,27.9272,27.4847,0.1543,120,1007.4189,1007.5564,1007.355,0.0757,120,197.7515,223.963,145.6236,20.9296,120,365.5687,607.0732,161.2017,159.5182,120,335.3175,747.4718,28.0309,289.6701,120,120,0,292.4182,479.4458,130.314,124.0726,120,61.62,62.78,60.49,0.69,120,3.457,3.4593,3.4559,0.0013,0.5773,0.5793,0.5748,0.0015,0.6873,0.6931,0.679,0.0038,-0.0021,-0.0002,-0.0046,0.0018,0.0025,0.0028,0.0018,0.0003,0.003,0.0051,0.0013,0.0013,0.2924,0.4794,0.1303,0.1241,267.6667,574,42,119.8602,0,0,0,0,340.8583,1014,37,166.48,34,41.5167,47,39,23.66,23.68,23.63
2022-11-21 07:00:00,2.6614,5.362,0.7988,1.0033,120,107.7832,39.0227,120,69.1071,69.5822,68.6056,0.2323,120,27.6308,27.7105,27.4938,0.0645,120,1007.513,1007.7395,1007.3733,0.0701,120,178.4011,214.1102,156.1969,13.3086,120,354.6082,582.5258,161.9352,189.6008,120,334.4735,758.7834,14.7535,348.6749,120,120,0,287.9981,460.5243,134.8918,144.9269,120,59.27,60.49,58.21,0.68,120,3.4586,3.4623,3.4562,0.0012,0.5763,0.5771,0.5749,0.0006,0.6911,0.6958,0.6861,0.0023,-0.0021,-0.0001,-0.0047,0.0022,0.0023,0.0027,0.002,0.0002,0.003,0.0049,0.0013,0.0016,0.288,0.4605,0.1349,0.1449,266.4583,560,64,109.0581,0,0,0,0,320.975,971,47,127.2837,34,41.6667,47,39,23.66,23.68,23.63
2022-11-21 07:10:00,2.1767,4.12,0.5504,0.8299,120,109.8509,40.8366,120,69.6954,70.7114,68.6361,0.4965,120,27.5321,27.7471,27.4358,0.0724,120,1007.5709,1007.7578,1007.3733,0.0851,120,263.8469,314.0764,216.2732,28.3727,120,439.0043,740.0648,234.8427,176.9078,120,308.7585,789.7631,15.7364,297.7074,120,120,0,377.4911,627.4606,203.2533,145.3193,120,56.93,58.21,55.67,0.68,120,3.4595,3.4626,3.4562,0.0014,0.5753,0.5775,0.5744,0.0007,0.697,0.7071,0.6864,0.005,-0.0019,-0.0001,-0.0049,0.0018,0.0034,0.004,0.0027,0.0004,0.0037,0.0062,0.002,0.0015,0.3775,0.6275,0.2033,0.1453,213.7667,425,37,90.2059,0,0,0,0,332.7917,973,91,139.4991,34.4,41.6667,47,39,23.67,23.68,23.63
2022-11-21 07:20:00,3.0734,5.5276,1.0288,1.0803,120,114.4275,40.0066,120,69.3111,70.7724,68.392,0.5855,120,27.8914,27.9791,27.7624,0.0488,120,1007.6576,1007.9226,1007.5381,0.099,120,229.005,252.078,196.8087,13.4135,120,483.3135,761.6807,200.7695,216.2208,120,416.6215,824.6777,15.2449,342.404,120,120,0,409.7034,643.025,166.3259,181.9155,120,54.58,55.67,53.39,0.68,120,3.461,3.4654,3.459,0.0017,0.5789,0.5798,0.5776,0.0005,0.6931,0.7077,0.6839,0.0059,-0.0026,-0.0001,-0.0051,0.0021,0.0029,0.0032,0.0025,0.0002,0.004,0.0063,0.0017,0.0018,0.4097,0.643,0.1663,0.1819,311.2417,578,89,117.4202,0,0,0,0,330.6667,706,37,116.2085,35,41.3667,47,39,23.67,23.68,23.63
2022-11-21 07:30:00,2.4404,4.6076,0.348,0.9513,120,117.7663,40.8276,120,68.9319,69.4296,68.1478,0.3254,120,27.5474,27.7624,27.4297,0.0726,120,1007.7342,1007.9409,1007.5381,0.0685,120,225.7208,296.5339,191.522,31.1102,120,252.6631,824.3289,195.2749,111.1946,120,50.4954,833.039,13.7689,143.2759,120,120,0,215.8345,701.0102,161.1377,96.347,120,52.25,53.39,51.11,0.68,120,3.4622,3.4657,3.459,0.0011,0.5755,0.5776,0.5743,0.0007,0.6893,0.6943,0.6815,0.0033,-0.0003,-0.0001,-0.0052,0.0009,0.0029,0.0038,0.0024,0.0004,0.0021,0.0069,0.0016,0.0009,0.2158,0.701,0.1611,0.0963,242.4333,478,15,103.4068,0,0,0,0,342.7333,695,142,117.9098,35,41.7,47,41,23.67,23.68,23.63
2022-11-21 07:40:00,2.0928,4.6812,0.4124,0.8135,120,101.1842,38.5098,120,69.7648,70.2231,69.4296,0.1937,120,27.6503,27.8723,27.4389,0.1511,120,1007.813,1007.9592,1007.7212,0.0876,120,325.8091,398.9031,246.5512,44.5955,120,395.3789,933.874,252.0612,161.8733,120,111.3711,825.1708,14.2604,206.3643,120,120,0,351.1536,816.0649,217.2918,141.1108,120,49.92,51.11,48.84,0.68,120,3.4636,3.466,3.462,0.0015,0.5765,0.5787,0.5744,0.0015,0.6976,0.7022,0.6943,0.0019,-0.0007,-0.0001,-0.0051,0.0013,0.0041,0.0051,0.0031,0.0006,0.0033,0.0078,0.0021,0.0013,0.3512,0.8161,0.2173,0.1411,204.65,486,22,88.4208,0,0,0,0,305.2167,982,53,131.0724,35,41.4833,47,39,23.67,23.68,23.63
2022-11-21 07:50:00,2.5026,4.6536,1.0564,0.7267,120,98.5745,33.2513,120,69.63,70.1315,69.1855,0.2086,120,27.8405,27.8875,27.796,0.0254,120,1007.8359,1007.9592,1007.7395,0.0905,120,342.352,417.6472,243.4276,47.4288,120,403.3597,1016.6735,249.497,159.7722,120,90.0081,835.9894,14.2604,183.8303,120,120,0,357.0233,894.4975,213.6296,143.6449,120,47.59,48.84,46.32,0.67,120,3.4639,3.466,3.4623,0.0015,0.5784,0.5789,0.578,0.0003,0.6963,0.7013,0.6919,0.0021,-0.0006,-0.0001,-0.0052,0.0011,0.0043,0.0053,0.0031,0.0006,0.0034,0.0085,0.0021,0.0013,0.357,0.8945,0.2136,0.1436,249.2,483,92,78.9932,0,0,0,0,285.7417,842,27,104.8521,35.4,41.4,47,39,23.67,23.68,23.63
2022-11-21 08:00:00,2.8299,5.6196,0.4584,1.4015,120,127.0849,37.2993,120,69.7879,70.6198,68.4835,0.4195,120,28.075,28.1866,27.8662,0.1061,120,1007.8962,1008.1423,1007.7395,0.1028,120,386.722,423.8953,332.3394,28.5696,120,745.6152,1081.8872,341.4562,289.0641,120,479.1773,873.3629,14.7535,355.2097,120,120,0,667.9612,971.099,306.711,253.571,120,45.27,46.32,44.06,0.67,120,3.4649,3.469,3.4623,0.0017,0.5807,0.5819,0.5787,0.0011,0.6979,0.7062,0.6848,0.0042,-0.003,-0.0001,-0.0054,0.0022,0.0049,0.0054,0.0042,0.0004,0.0062,0.009,0.0028,0.0024,0.668,0.9711,0.3067,0.2536,284.7667,588,27,152.3417,0,0,0,0,365.575,985,75,116.9946,36,41.6,47,39,23.67,23.68,23.63
2022-11-21 08:10:00,3.2971,5.3988,1.1944,0.8859,120,93.1364,29.0318,120,68.687,69.2465,67.6595,0.3651,120,27.858,28.15,27.6617,0.1127,120,1008.0151,1008.1423,1007.7578,0.0934,120,363.2404,461.1417,317.4409,33.5758,120,407.173,832.7563,339.6243,97.3754,120,63.5762,635.8427,14.2604,128.2112,120,120,0,377.2927,765.099,317.6977,85.726,120,42.96,44.06,41.82,0.67,120,3.4669,3.469,3.4626,0.0016,0.5786,0.5815,0.5766,0.0011,0.6869,0.6925,0.6766,0.0037,-0.0004,-0.0001,-0.0039,0.0008,0.0046,0.0059,0.004,0.0004,0.0034,0.0069,0.0028,0.0008,0.3773,0.7651,0.3177,0.0857,335.55,564,107,96.2961,0,0,0,0,265.7083,588,23,85.9155,36,41.5833,47,39,23.68,23.68,23.63
2022-11-21 08:20:00,2.4172,6.5396,0.4768,1.1325,120,97.1737,39.9679,120,69.6664,70.101,68.8498,0.2991,120,27.8232,27.9852,27.622,0.1318,120,1008.0595,1008.1606,1007.9409,0.0915,120,401.6969,519.7756,280.1937,75.2838,120,579.7479,1049.6459,350.2485,227.707,120,222.8074,865.4947,14.7535,309.5281,120,120,0,528.5348,952.7879,313.4251,202.119,120,40.66,41.82,39.58,0.67,120,3.4677,3.4693,3.4657,0.0015,0.5782,0.5798,0.5762,0.0013,0.6967,0.701,0.6885,0.003,-0.0014,-0.0001,-0.0054,0.0019,0.0051,0.0066,0.0036,0.001,0.0048,0.0087,0.0029,0.0019,0.5285,0.9528,0.3134,0.2021,239.9167,688,29,123.1019,0,0,0,0,293,991,101,131.3378,36,41.5167,47,39,23.68,23.68,23.63
2022-11-21 08:30:00,3.181,5.822,1.4244,1.0473,120,122.4823,36.9572,120,69.4769,70.2536,68.2394,0.5188,120,28.1017,28.2873,27.9486,0.1058,120,1008.0096,1008.1606,1007.9409,0.0863,120,229.3614,277.7906,157.3984,32.4164,120,940.9324,992.126,657.2653,55.834,120,854.5937,887.1318,532.5733,67.4481,120,120,0,840.3882,890.2249,618.9154,48.8356,120,38.38,39.58,37.36,0.66,120,3.4668,3.4693,3.4657,0.0014,0.581,0.5829,0.5795,0.0011,0.6948,0.7025,0.6824,0.0052,-0.0053,-0.0033,-0.0055,0.0004,0.0029,0.0035,0.002,0.0004,0.0078,0.0083,0.0055,0.0005,0.8404,0.8902,0.6189,0.0488,322.9333,610,132,113.8372,0,0,0,0,354.8583,892,162,111.0179,36.2,41.4333,47,39,23.68,23.68,23.63
2022-11-21 08:40:00,3.3491,6.052,0.9184,1.0168,120,117.1611,33.7773,120,68.1565,69.1549,67.1712,0.6883,120,28.327,28.4735,28.1927,0.0852,120,1007.987,1008.1606,1007.7761,0.0821,120,195.3005,235.0165,156.1969,22.7429,120,924.3329,1001.2857,334.1285,116.2483,120,845.2872,905.3271,134.2507,146.4519,120,120,0,824.4346,896.0234,273.1407,109.9531,120,36.1,37.11,34.91,0.66,120,3.4664,3.4693,3.4629,0.0014,0.5833,0.5847,0.5819,0.0008,0.6816,0.6915,0.6717,0.0069,-0.0052,-0.0008,-0.0056,0.0009,0.0025,0.003,0.002,0.0003,0.0077,0.0083,0.0028,0.001,0.8244,0.896,0.2731,0.11,341.2083,635,77,110.5168,0,0,0,0,335.8667,644,150,96.9109,37,41.6167,47,39,23.68,23.68,23.63
2022-11-21 08:50:00,3.0508,5.1596,0.8172,1.014,120,109.6052,38.0798,120,66.7913,67.9647,65.8284,0.5624,120,28.3993,28.5131,28.3178,0.0656,120,1007.9678,1008.1606,1007.7761,0.082,120,155.9728,236.9394,126.8803,27.1525,120,921.6126,982.2341,471.8824,72.0931,120,867.5761,901.8837,318.1679,98.4774,120,120,0,820.6961,875.8812,471.2058,66.6753,120,33.85,34.91,32.73,0.65,120,3.4661,3.4693,3.4629,0.0014,0.584,0.5851,0.5832,0.0007,0.6679,0.6796,0.6583,0.0056,-0.0054,-0.002,-0.0056,0.0006,0.002,0.003,0.0016,0.0003,0.0077,0.0082,0.0039,0.0006,0.8207,0.8759,0.4712,0.0667,308.7833,538,66,110.2206,0,0,0,0,320.2167,740,91,113.8304,37,41.7667,47,39,23.68,23.68,23.63
2022-11-21 09:00:00,3.3829,5.4264,0.4308,1.0188,120,134.2228,29.6426,120,65.8806,66.9576,65.096,0.4796,120,28.444,28.4826,28.3514,0.026,120,1007.9836,1008.179,1007.7944,0.0594,120,229.6118,269.6205,176.1425,29.1695,120,955.5169,1087.0156,321.3049,176.8363,120,803.582,910.2449,83.5981,204.5505,120,120,0,854.1012,980.2545,285.6533,163.018,120,31.63,32.73,30.57,0.65,120,3.4664,3.4696,3.4632,0.001,0.5844,0.5848,0.5835,0.0003,0.6588,0.6696,0.651,0.0048,-0.005,-0.0005,-0.0056,0.0013,0.0029,0.0034,0.0022,0.0004,0.008,0.0091,0.0027,0.0015,0.8541,0.9803,0.2857,0.163,344.8833,567,24,110.7423,0,0,0,0,380.8833,647,145,85.1361,37,41.65,47,39,23.68,23.68,23.63
2022-11-21 09:10:00,2.7159,5.73,0.8448,1.0315,120,121.5818,42.2468,120,65.2567,66.5304,64.333,0.525,120,28.7253,28.8763,28.4277,0.1467,120,1007.9827,1008.179,1007.7761,0.0898,120,211.7011,237.9,186.4756,16.5242,120,1029.2792,1065.7659,701.2293,45.107,120,880.0217,900.4093,536.5082,47.4899,120,120,0,919.6727,952.7879,696.4324,38.3192,120,29.43,30.57,28.44,0.63,120,3.4664,3.4696,3.4629,0.0015,0.5873,0.5888,0.5843,0.0015,0.6526,0.6653,0.6433,0.0053,-0.0055,-0.0033,-0.0056,0.0003,0.0027,0.003,0.0024,0.0002,0.0086,0.0089,0.0058,0.0004,0.9197,0.9528,0.6964,0.0383,272.3833,600,69,112.116,0,0,0,0,348.4,713,50,121.9679,37,41.55,47,39,23.68,23.68,23.63
2022-11-21 09:20:00,2.7346,6.4016,0.4216,1.2747,120,139.1848,41.4728,120,64.7786,65.3096,63.0512,0.4507,120,29.0299,29.3127,28.8244,0.1465,120,1007.9525,1008.179,1007.7761,0.0928,120,319.2008,401.3063,199.211,52.2,120,931.758,1239.0588,435.6122,217.7201,120,645.0433,902.3767,66.3874,249.4375,120,120,0,833.9386,1111.7893,381.7865,198.9726,120,27.27,28.44,26.13,0.62,120,3.4659,3.4696,3.4629,0.0015,0.5903,0.5931,0.5882,0.0015,0.6478,0.6531,0.6305,0.0045,-0.004,-0.0004,-0.0056,0.0015,0.0041,0.0051,0.0025,0.0007,0.0078,0.0103,0.0036,0.0018,0.8339,1.1118,0.3818,0.199,274.4083,673,23,138.5554,0,0,0,0,403.1667,1013,12,136.0751,37.5,41.75,47,39,23.68,23.68,23.63
2022-11-21 09:30:00,3.049,5.8312,0.486,1.1536,120,129.8419,43.4137,120,64.4716,65.7369,63.2344,0.6155,120,29.1168,29.2486,29.0014,0.0785,120,1007.8321,1007.9958,1007.6113,0.0897,120,343.6316,432.5457,271.3024,41.4912,120,1003.8166,1268.3685,408.5006,295.679,120,682.8144,916.1457,15.2449,338.4684,120,120,0,907.6739,1169.1641,363.7806,270.3766,120,25.16,26.13,24.09,0.61,120,3.4639,3.4666,3.4602,0.0015,0.5912,0.5925,0.59,0.0008,0.6447,0.6574,0.6323,0.0062,-0.0042,-0.0001,-0.0057,0.0021,0.0044,0.0055,0.0034,0.0005,0.0084,0.0106,0.0034,0.0025,0.9077,1.1692,0.3638,0.2704,308.5833,611,30,125.3906,0,0,0,0,377.6,1009,57,138.9934,38,41.75,47,39,23.68,23.68,23.63
2022-11-21 09:40:00,3.2294,6.0152,0.8632,1.1092,120,107.7059,44.2431,120,65.0784,66.6524,63.8752,0.7877,120,28.6644,29.1296,28.4368,0.2233,120,1007.8422,1008.0142,1007.6113,0.0782,120,483.0976,579.3709,406.3528,40.4126,120,800.6468,1425.9064,429.7503,370.5846,120,311.5493,927.9471,15.2449,360.1602,120,120,0,729.9036,1327.8603,384.5332,342.6781,120,23.1,24.09,22.13,0.59,120,3.464,3.4669,3.4602,0.0013,0.5866,0.5913,0.5844,0.0022,0.6508,0.6665,0.6388,0.0079,-0.0019,-0.0001,-0.0058,0.0022,0.0061,0.0074,0.0052,0.0005,0.0067,0.0119,0.0036,0.0031,0.7299,1.3279,0.3845,0.3427,328.2,631,71,120.562,0,0,0,0,320.9583,988,17,146.7741,38,41.65,47,39,23.68,23.68,23.68
2022-11-21 09:50:00,3.3168,6.7052,0.302,1.3606,120,134.2212,45.8993,120,66.9846,67.8121,66.1336,0.405,120,28.5335,28.7085,28.3605,0.1093,120,1007.8249,1008.0142,1007.6113,0.0865,120,455.723,567.1157,376.0748,60.7206,120,785.2654,1477.9316,392.0144,406.968,120,319.4707,930.4061,14.7535,354.861,120,120,0,717.9963,1392.5596,354.0147,374.4096,120,21.13,22.13,20.25,0.56,120,3.4637,3.4669,3.4602,0.0014,0.5853,0.5871,0.5836,0.0011,0.6698,0.6781,0.6613,0.0041,-0.002,-0.0001,-0.0058,0.0022,0.0058,0.0072,0.0048,0.0008,0.0065,0.0123,0.0033,0.0034,0.718,1.3926,0.354,0.3744,337.7,706,10,147.8943,0,0,0,0,384.4667,975,60,137.8871,38,41.75,47,39,23.68,23.68,23.68
2022-11-21 10:00:00,4.4927,9.2996,1.8108,1.6267,120,158.2057,32.4847,120,68.348,70.04,67.1407,0.8585,120,28.0288,28.3666,27.6891,0.2449,120,1007.8951,1008.3804,1007.6113,0.1303,120,426.2819,539.4811,362.137,53.5509,120,689.4722,1355.5642,375.1621,366.4346,120,258.7304,903.3597,12.786,353.5676,120,120,0,644.8841,1246.6811,368.3584,330.9839,120,19.26,20.25,18.28,0.53,120,3.4649,3.473,3.4602,0.0022,0.5803,0.5837,0.5769,0.0024,0.6835,0.7004,0.6714,0.0086,-0.0016,-0.0001,-0.0056,0.0022,0.0054,0.0069,0.0046,0.0007,0.0057,0.0113,0.0031,0.0031,0.6449,1.2467,0.3684,0.331,465.5083,988,174,176.8166,0,0,0,0,447.075,663,155,94.1548,38,41.5833,47,39,23.68,23.68,23.68
2022-11-21 10:10:00,3.9569,8.2968,0.578,1.639,120,145.4197,37.3349,120,70.6168,72.0542,68.7277,1.0286,120,27.2337,27.68,27.0116,0.1846,120,1007.918,1008.179,1007.6296,0.1009,120,564.5544,692.7945,394.3378,87.933,120,728.3714,1444.958,411.7983,259.4412,120,144.8024,736.1618,14.2604,183.5264,120,120,0,680.2805,1337.6263,384.8384,240.1648,120,17.52,18.28,16.68,0.48,120,3.4653,3.4696,3.4605,0.0017,0.5723,0.5768,0.5701,0.0019,0.7062,0.7205,0.6873,0.0103,-0.0009,-0.0001,-0.0046,0.0011,0.0072,0.0088,0.005,0.0011,0.0061,0.012,0.0034,0.0022,0.6803,1.3376,0.3848,0.2402,407.2667,879,40,178.157,0,0,0,0,421.8583,948,135,116.3969,39,41.6333,47,39,23.68,23.68,23.68
2022-11-21 10:20:00,3.3606,6.1072,0.716,1.229,120,161.5813,30.0045,120,72.378,73.0918,71.5354,0.4912,120,27.0417,27.1093,26.9475,0.0457,120,1007.8791,1008.1973,1007.7944,0.0908,120,517.4369,691.3528,385.6866,93.5479,120,581.0302,1373.1501,405.5702,181.6641,120,55.1467,700.2643,14.2604,103.4896,120,120,0,545.1394,1295.5107,378.4295,170.6725,120,15.97,16.68,15.27,0.42,120,3.4647,3.47,3.4632,0.0015,0.5704,0.5711,0.5695,0.0005,0.7238,0.7309,0.7154,0.0049,-0.0003,-0.0001,-0.0043,0.0006,0.0066,0.0088,0.0049,0.0012,0.0048,0.0114,0.0034,0.0015,0.5451,1.2955,0.3784,0.1707,342.4583,641,55,133.5832,0,0,0,0,456.0083,638,113,87.1772,39,41.6833,47,39,23.68,23.68,23.63
2022-11-21 10:30:00,2.633,5.224,0.9828,0.9482,120,141.3407,43.5407,120,73.502,74.2821,72.573,0.3895,120,27.2682,27.619,27.036,0.1734,120,1007.7473,1007.831,1007.6113,0.0881,120,468.9457,668.5236,309.0299,117.7005,120,578.9022,1327.7203,329.7323,248.0843,120,97.2617,713.0487,14.2604,147.3606,120,120,0,538.7483,1208.8382,304.5747,228.3829,120,14.65,15.27,14.11,0.35,120,3.4625,3.4639,3.4602,0.0015,0.5727,0.5762,0.5704,0.0017,0.735,0.7428,0.7257,0.0039,-0.0006,-0.0001,-0.0044,0.0009,0.006,0.0085,0.0039,0.0015,0.0048,0.0111,0.0027,0.0021,0.5387,1.2088,0.3046,0.2284,263.375,545,84,103.0695,0,0,0,0,404.0667,985,120,130.6806,39,41.55,47,39,23.68,23.68,23.63
2022-11-21 10:40:00,2.8156,6.5028,0.578,1.2242,120,115.0705,42.5517,120,73.19,74.0379,71.9932,0.4655,120,28.0368,28.6108,27.6281,0.3128,120,1007.7236,1008.0142,1007.6113,0.0969,120,605.1617,685.1047,498.8693,56.2827,120,992.9782,1508.7059,624.2917,259.5164,120,362.7659,916.1457,17.7038,270.4918,120,120,0,921.6819,1389.5077,575.8843,242.6793,120,13.64,14.11,13.29,0.24,120,3.4621,3.4669,3.4602,0.0016,0.5804,0.5861,0.5763,0.0031,0.7319,0.7404,0.7199,0.0047,-0.0023,-0.0001,-0.0057,0.0017,0.0077,0.0087,0.0063,0.0007,0.0083,0.0126,0.0052,0.0022,0.9217,1.3895,0.5759,0.2427,283.2167,684,40,133.0697,0,0,0,0,340.2083,1002,71,134.1683,39,41.55,47,39,23.68,23.68,23.63
2022-11-21 10:50:00,3.6624,6.558,0.8816,1.3412,120,95.5421,34.7714,120,70.0682,72.2068,69.0329,0.8468,120,28.2182,28.6962,27.6678,0.3457,120,1007.6055,1007.7944,1007.4282,0.0726,120,606.4273,653.3843,551.9764,35.3404,120,654.02,718.449,583.9916,48.5599,120,27.0795,51.6339,14.7535,9.7045,120,120,0,617.8243,679.0368,555.4369,43.9295,120,13,13.22,12.82,0.12,120,3.4601,3.4632,3.4571,0.0012,0.5822,0.587,0.5767,0.0035,0.7007,0.7221,0.6903,0.0085,-0.0002,-0.0001,-0.0003,0.0001,0.0077,0.0083,0.007,0.0004,0.0054,0.006,0.0049,0.0004,0.6178,0.679,0.5554,0.0439,375.2583,690,73,145.7852,0,0,0,0,285.7667,1011,43,123.2641,39,41.7167,47,39,23.68,23.68,23.63
2022-11-21 11:00:00,2.7906,5.5184,0.7804,1.0113,120,95.7382,38.2587,120,69.7399,70.8029,68.6361,0.5748,120,27.9449,28.1744,27.6647,0.1613,120,1007.4563,1007.6479,1007.2817,0.093,120,642.4987,724.7543,441.9173,81.4247,120,921.3744,1228.4346,710.7551,166.3023,120,247.8297,728.785,24.096,217.9608,120,120,0,858.7781,1140.4767,664.9983,150.3743,120,12.8,12.86,12.78,0.02,120,3.4576,3.4608,3.4547,0.0016,0.5795,0.5817,0.5766,0.0016,0.6974,0.708,0.6864,0.0057,-0.0015,-0.0001,-0.0045,0.0014,0.0082,0.0092,0.0056,0.001,0.0077,0.0102,0.0059,0.0014,0.8588,1.1405,0.665,0.1504,280.5,577,62,109.9259,0,0,0,0,276.575,650,45,111.6698,39,41.3,47,39,23.68,23.68,23.63
2022-11-21 11:10:00,3.6773,7.5884,0.6424,1.3194,120,112.7398,39.693,120,68.2852,69.3686,66.7135,0.5708,120,28.3209,28.4735,28.153,0.1112,120,1007.2691,1007.4648,1007.0803,0.0942,120,416.4355,456.0953,371.7488,24.1504,120,1098.8801,1331.0168,554.3157,142.022,120,644.531,898.9333,97.8601,151.571,120,120,0,998.2782,1203.0396,490.4325,131.5718,120,13.06,13.32,12.86,0.14,120,3.4545,3.4577,3.4513,0.0016,0.5832,0.5847,0.5815,0.0011,0.6829,0.6937,0.6671,0.0057,-0.004,-0.0006,-0.0056,0.0009,0.0053,0.0058,0.0047,0.0003,0.0092,0.0111,0.0046,0.0012,0.9983,1.203,0.4904,0.1316,376.875,802,47,143.4165,0,0,0,0,332.75,1010,12,128.7527,39,41.8,47,41,23.68,23.68,23.68
2022-11-21 11:20:00,2.9784,6.9076,0.8172,1.3509,120,106.4221,43.147,120,67.509,68.2699,65.8284,0.5143,120,28.5835,28.9007,28.3209,0.2176,120,1007.1607,1007.4648,1006.8972,0.1015,120,376.2027,457.778,303.7433,49.7376,120,950.2077,1349.3361,328.9988,359.8438,120,547.1179,907.2929,18.1953,352.4793,120,120,0,862.0334,1243.0189,286.2636,334.6449,120,13.74,14.16,13.32,0.26,120,3.4527,3.4577,3.4483,0.0017,0.5858,0.589,0.5832,0.0022,0.6751,0.6827,0.6583,0.0051,-0.0034,-0.0001,-0.0056,0.0022,0.0048,0.0058,0.0039,0.0006,0.0079,0.0112,0.0027,0.003,0.862,1.243,0.2863,0.3346,300.9083,728,66,146.8412,0,0,0,0,318.5,1006,70,141.1058,39,41.4167,47,39,23.68,23.68,23.68
2022-11-21 11:30:00,2.881,5.7668,0.7528,1.164,120,77.3723,45.5672,120,66.5975,67.5985,65.6453,0.4488,120,28.6076,28.8366,28.2873,0.1843,120,1007.0289,1007.1169,1006.7324,0.0985,120,440.1113,612.052,360.2142,60.1354,120,693.3038,1421.1441,377.7263,364.3671,120,241.4655,932.3735,13.7689,338.777,120,120,0,639.1212,1364.4826,342.1125,349.9924,120,14.79,15.47,14.16,0.35,120,3.4505,3.4519,3.4455,0.0016,0.5861,0.5884,0.5829,0.0018,0.666,0.676,0.6565,0.0045,-0.0015,-0.0001,-0.0058,0.0021,0.0056,0.0078,0.0046,0.0008,0.0058,0.0118,0.0031,0.003,0.6391,1.3645,0.3421,0.35,290.325,604,59,126.5201,0,0,0,0,270.2417,1020,38,188.5459,39,41.65,47,39,23.68,23.73,23.68
2022-11-21 11:40:00,2.8371,5.776,0.44,1.2516,120,93.5467,39.1751,120,68.1995,69.3991,67.3543,0.5669,120,28.4424,28.684,28.2568,0.1252,120,1006.8216,1007.1169,1006.7141,0.1018,120,613.7305,682.4614,541.163,31.1235,120,808.8229,1564.0276,571.9016,259.6437,120,175.2667,884.1814,17.2108,247.1666,120,120,0,752.767,1443.8307,532.548,235.9919,120,16.14,16.92,15.47,0.43,120,3.447,3.4519,3.4452,0.0017,0.5844,0.5868,0.5826,0.0013,0.682,0.694,0.6735,0.0057,-0.0011,-0.0001,-0.0055,0.0015,0.0078,0.0087,0.0069,0.0004,0.0067,0.013,0.0048,0.0022,0.7528,1.4438,0.5325,0.236,285.55,605,25,136.0389,0,0,0,0,284.05,902,24,132.1543,39.2,41.3,47,39,23.68,23.68,23.68
2022-11-21 11:50:00,3.3739,7.0548,1.2036,1.1843,120,108.8579,34.7791,120,68.657,69.277,68.0563,0.3217,120,28.1873,28.4796,28.034,0.12,120,1006.6022,1006.7324,1006.531,0.0887,120,516.9263,559.1858,474.1181,18.0351,120,894.5349,1297.6783,611.1032,153.3787,120,364.7658,770.5849,42.2913,162.5193,120,120,0,820.4393,1193.5789,570.0858,138.85,120,17.72,18.55,16.92,0.49,120,3.4434,3.4455,3.4422,0.0015,0.5819,0.5848,0.5803,0.0012,0.6866,0.6928,0.6806,0.0032,-0.0023,-0.0003,-0.0048,0.001,0.0066,0.0071,0.006,0.0002,0.0075,0.0108,0.0051,0.0013,0.8204,1.1936,0.5701,0.1388,343.9,744,108,128.7302,0,0,0,0,310.4917,591,48,99.4602,40,41.7167,49,41,23.68,23.68,23.63
2022-11-21 12:00:00,3.5974,6.4108,0.5688,1.2267,120,110.2997,33.8513,120,67.4393,68.3004,66.8661,0.3768,120,28.666,28.9404,28.4826,0.1372,120,1006.6028,1006.7507,1006.5127,0.092,120,461.7066,588.2622,317.2,84.4962,120,1123.0695,1406.1224,619.1633,210.2102,120,647.5922,900.9007,96.8756,256.172,120,120,0,1032.9625,1299.7833,569.7806,190.3085,120,19.48,20.33,18.55,0.53,120,3.4434,3.4458,3.4419,0.0015,0.5867,0.5894,0.5848,0.0014,0.6744,0.683,0.6687,0.0038,-0.004,-0.0006,-0.0056,0.0016,0.0059,0.0075,0.004,0.0011,0.0094,0.0117,0.0052,0.0018,1.033,1.2998,0.5698,0.1903,368.2,674,39,133.3372,0,0,0,0,315.1,605,53,97.9667,40,41.1,47,39,23.68,23.68,23.68
2022-11-21 12:10:00,3.2595,5.4172,1.222,1.1246,120,102.527,42.0146,120,66.3416,67.2628,65.5843,0.4046,120,28.902,29.0808,28.5772,0.1555,120,1006.6208,1006.7507,1006.5127,0.0935,120,553.6487,626.4709,445.2819,54.7285,120,709.4027,1513.8355,461.2581,209.6561,120,153.0638,878.7722,15.2449,182.8505,120,120,0,659.2608,1402.0203,425.428,196.3084,120,21.36,22.43,20.33,0.56,120,3.4437,3.4458,3.4419,0.0016,0.589,0.5908,0.5858,0.0015,0.6634,0.6726,0.6558,0.004,-0.0009,-0.0001,-0.0055,0.0011,0.007,0.008,0.0057,0.0007,0.0059,0.0126,0.0038,0.0017,0.6593,1.402,0.4254,0.1963,331.4667,566,110,122.2381,0,0,0,0,307.575,986,38,136.4101,40,41.95,47,39,23.68,23.68,23.68
2022-11-21 12:20:00,4.3254,8.4164,1.0656,1.6397,120,102.6134,37.8292,120,68.0217,69.5822,65.6148,1.0429,120,27.9735,28.5711,27.3534,0.3088,120,1006.6872,1006.9338,1006.531,0.0967,120,488.8348,636.563,336.6646,103.9064,120,617.1572,1307.2029,344.3866,259.084,120,132.8853,774.5198,13.2775,201.5494,120,120,0,590.4543,1283.6085,334.4829,239.6346,120,23.35,24.41,22.43,0.59,120,3.4448,3.4489,3.4422,0.0016,0.5797,0.5857,0.5735,0.0031,0.6802,0.6958,0.6561,0.0104,-0.0008,-0.0001,-0.0048,0.0013,0.0062,0.0081,0.0043,0.0013,0.0051,0.0109,0.0029,0.0022,0.5905,1.2836,0.3345,0.2396,447.325,892,93,178.2277,0,0,0,0,298.9333,767,68,113.4844,40,41.8,47,41,23.68,23.68,23.63
2022-11-21 12:30:00,4.1166,8.2324,0.8724,1.856,120,91.3827,37.0946,120,70.514,72.7561,68.8498,1.1593,120,26.5209,27.3443,25.9282,0.4422,120,1006.7191,1006.9155,1006.531,0.0849,120,542.2162,669.485,471.9559,57.1753,120,617.3953,1291.449,491.3001,163.0254,120,68.7069,639.7776,12.2946,120.1571,120,120,0,590.5637,1204.2604,474.868,150.1328,120,25.41,26.45,24.41,0.61,120,3.4453,3.4486,3.4422,0.0014,0.5652,0.5734,0.5593,0.0044,0.7051,0.7276,0.6885,0.0116,-0.0004,-0.0001,-0.004,0.0007,0.0069,0.0085,0.006,0.0007,0.0051,0.0108,0.0041,0.0014,0.5906,1.2043,0.4749,0.1501,424.6333,872,72,201.7434,0,0,0,0,279.225,1020,30,140.0112,40,41.45,47,39,23.68,23.68,23.63
2022-11-21 12:40:00,2.9271,6.2912,0.6424,1.2344,120,89.9992,38.4389,120,73.8797,75.3197,72.3899,0.8736,120,25.8898,26.0747,25.7848,0.0865,120,1006.7473,1006.9155,1006.531,0.067,120,427.181,481.3276,384.7252,25.632,120,439.4043,500.4598,392.0144,29.0886,120,15.1628,16.2278,13.7689,0.589,120,120,0,428.3502,484.9391,390.9421,26.0557,120,27.53,28.54,26.45,0.63,120,3.4458,3.4486,3.4422,0.0011,0.5589,0.5607,0.5578,0.0009,0.7388,0.7532,0.7239,0.0087,-0.0001,-0.0001,-0.0001,0,0.0054,0.0061,0.0049,0.0003,0.0037,0.0042,0.0033,0.0002,0.4284,0.4849,0.3909,0.0261,295.3333,661,47,134.1752,0,0,0,0,273.1167,992,17,132.699,40,41.5833,47,41,23.68,23.68,23.68
2022-11-21 12:50:00,2.6037,4.9296,0.762,0.9939,120,105.5452,44.0751,120,74.9898,75.7164,74.3736,0.2713,120,26.2544,26.3616,26.0717,0.0953,120,1006.608,1006.9155,1006.531,0.0948,120,361.3299,413.5622,332.3394,22.3983,120,368.4722,421.3241,340.3565,22.6985,120,15.0113,15.7364,13.7689,0.408,120,120,0,366.39,412.9154,339.9762,20.6724,120,29.69,30.67,28.54,0.63,120,3.4435,3.4486,3.4422,0.0016,0.5625,0.5636,0.5607,0.0009,0.7499,0.7572,0.7437,0.0027,-0.0001,-0.0001,-0.0001,0,0.0046,0.0053,0.0042,0.0003,0.0031,0.0035,0.0028,0.0002,0.3664,0.4129,0.34,0.0207,260.1833,513,60,108.0276,0,0,0,0,307.8167,864,2,132.6258,40,41.65,47,39,23.68,23.68,23.68
2022-11-21 13:00:00,2.905,5.8496,0.9184,1.1271,120,105.5777,33.9345,120,74.9471,75.5943,73.7632,0.5039,120,26.5809,26.795,26.3311,0.154,120,1006.3866,1006.5493,1006.1464,0.091,120,511.3813,560.3874,415.7244,39.7074,120,525.5436,581.7935,423.5222,42.6763,120,18.2155,27.0464,15.2449,2.3174,120,120,0,507.9348,563.9821,415.3569,39.5446,120,31.89,33.07,30.91,0.64,120,3.4398,3.4425,3.4358,0.0015,0.5658,0.5679,0.5633,0.0015,0.7495,0.7559,0.7376,0.005,-0.0001,-0.0001,-0.0002,0,0.0065,0.0071,0.0053,0.0005,0.0044,0.0048,0.0035,0.0004,0.5079,0.564,0.4154,0.0395,292.9333,613,77,122.5157,0,0,0,0,312.5,970,94,113.5267,40,41.4167,47,39,23.68,23.68,23.68
2022-11-21 13:10:00,2.8127,5.776,0.6424,1.0572,120,119.5021,35.8127,120,73.8599,74.4652,73.0918,0.3545,120,26.9379,27.3992,26.7217,0.2234,120,1006.2651,1006.3662,1006.1281,0.091,120,581.8522,619.5016,528.1866,22.1723,120,611.3991,685.4754,545.5234,31.6916,120,30.2227,68.3548,17.7038,12.4882,120,120,0,579.6915,647.908,515.4576,29.6168,120,34.12,35.25,33.07,0.66,120,3.4378,3.4394,3.4355,0.0015,0.5694,0.574,0.5672,0.0022,0.7386,0.7447,0.7309,0.0035,-0.0002,-0.0001,-0.0004,0.0001,0.0074,0.0079,0.0067,0.0003,0.0051,0.0057,0.0045,0.0003,0.5797,0.6479,0.5155,0.0296,282.9,605,47,114.9173,0,0,0,0,344.6333,832,104,107.1219,39.7,41.7,47,39,23.68,23.68,23.68
2022-11-21 13:20:00,2.6808,5.1964,0.9,0.9634,120,149.9354,41.0995,120,71.7015,73.2444,70.0705,0.8307,120,27.7463,28.034,27.4053,0.223,120,1006.2461,1006.3478,1006.1464,0.0924,120,497.5699,605.8047,372.4701,77.7787,120,526.1451,703.0612,380.6567,97.4285,120,34.1159,110.6461,14.7535,24.2984,120,120,0,515.9001,679.6472,377.514,89.7325,120,36.37,37.46,35.25,0.66,120,3.4374,3.4391,3.4358,0.0015,0.5775,0.5803,0.574,0.0022,0.717,0.7324,0.7007,0.0083,-0.0002,-0.0001,-0.0007,0.0002,0.0063,0.0077,0.0047,0.001,0.0044,0.0059,0.0032,0.0008,0.5159,0.6796,0.3775,0.0897,268.5667,542,75,104.7218,0,0,0,0,418.5917,633,16,119.3171,39,41.8333,47,39,23.68,23.73,23.68
2022-11-21 13:30:00,2.5917,5.3068,0.4308,1.0104,120,133.9943,42.8112,120,69.2989,70.1621,68.5141,0.4243,120,27.8911,28.0279,27.6403,0.1196,120,1006.2047,1006.3478,1006.1281,0.0843,120,388.1898,435.189,362.137,24.5392,120,396.1544,442.94,371.4982,24.6362,120,14.7366,16.2278,12.786,0.7241,120,120,0,388.6354,427.5643,367.4428,21.2453,120,38.64,39.68,37.46,0.66,120,3.4367,3.4391,3.4355,0.0014,0.5789,0.5803,0.5764,0.0012,0.693,0.7016,0.6851,0.0042,-0.0001,-0.0001,-0.0001,0,0.0049,0.0055,0.0046,0.0003,0.0033,0.0037,0.0031,0.0002,0.3886,0.4276,0.3674,0.0212,258.8833,554,24,109.8301,0,0,0,0,382.6083,803,128,123.8634,39.6,45.4,47,39,23.68,23.68,23.68
2022-11-21 13:40:00,2.243,4.7824,0.6884,0.9441,120,142.7045,43.9492,120,69.6374,70.2841,68.8498,0.3662,120,27.7627,27.9394,27.5732,0.1374,120,1006.109,1006.3478,1005.945,0.0858,120,424.2513,442.3984,403.7094,13.7131,120,430.9625,449.5342,408.5006,15.443,120,16.2281,20.1627,14.2604,1.3938,120,120,0,419.6931,431.8369,404.9806,10.0312,120,40.93,42.17,39.68,0.67,120,3.4352,3.4391,3.4324,0.0014,0.5776,0.5794,0.5757,0.0014,0.6964,0.7028,0.6885,0.0037,-0.0001,-0.0001,-0.0001,0,0.0054,0.0056,0.0051,0.0002,0.0036,0.0037,0.0034,0.0001,0.4197,0.4318,0.405,0.01,220.9833,497,52,102.623,0,0,0,0,403.9,760,51,127.6396,40,46.7833,47,41,23.68,23.68,23.68
2022-11-21 13:50:00,2.4604,5.3528,0.3204,1.0807,120,132.4648,39.2264,120,69.5491,70.3146,68.8803,0.4592,120,27.9528,28.1317,27.7807,0.1194,120,1005.9198,1006.1647,1005.7619,0.0888,120,424.3154,442.3984,380.6402,13.5753,120,430.6755,450.6339,384.6867,14.486,120,16.2773,20.1627,14.7535,1.2465,120,120,0,417.9154,435.1939,380.871,11.3298,120,43.23,44.42,42.17,0.67,120,3.432,3.4361,3.4294,0.0015,0.5795,0.5813,0.5778,0.0012,0.6955,0.7031,0.6888,0.0046,-0.0001,-0.0001,-0.0001,0,0.0054,0.0056,0.0048,0.0002,0.0036,0.0038,0.0032,0.0001,0.4179,0.4352,0.3809,0.0113,244.6083,559,12,117.4722,0,0,0,0,396.5,1005,104,137.2053,40,46.7167,49,41,23.68,23.68,23.63
2022-11-21 14:00:00,2.704,5.3436,0.7988,1.044,120,145.186,42.9627,120,69.6336,70.2536,69.1855,0.2481,120,27.8747,27.9394,27.7136,0.0573,120,1005.7865,1005.9816,1005.5788,0.0827,120,312.1639,375.1134,299.6583,13.9695,120,315.4954,379.5582,303.3529,14.0917,120,14.3961,15.7364,13.2775,0.473,120,120,0,311.2786,375.988,300.9125,14.5181,120,45.54,46.67,44.42,0.68,120,3.4298,3.433,3.4263,0.0014,0.5787,0.5794,0.5771,0.0006,0.6963,0.7025,0.6919,0.0025,-0.0001,-0.0001,-0.0001,0,0.004,0.0048,0.0038,0.0002,0.0026,0.0032,0.0025,0.0001,0.3113,0.376,0.3009,0.0145,271.0833,558,64,113.477,0,0,0,0,416.575,982,4,129.6847,40,46.7333,49,41,23.68,23.68,23.68
2022-11-21 14:10:00,2.8154,5.1228,0.44,1.0218,120,144.4839,33.8066,120,69.7651,70.3146,69.3991,0.1995,120,27.6094,27.7166,27.4267,0.0828,120,1005.6861,1005.7802,1005.5605,0.0914,120,243.7716,316.7197,174.9409,48.8479,120,246.8073,319.473,177.6891,49.1858,120,15.1747,22.1286,13.2775,1.6207,120,120,0,238.4665,310.3732,166.9363,49.4303,120,47.86,48.94,46.67,0.68,120,3.4281,3.4297,3.426,0.0015,0.5761,0.5772,0.5743,0.0008,0.6977,0.7031,0.694,0.002,-0.0001,-0.0001,-0.0001,0,0.0031,0.004,0.0022,0.0006,0.0021,0.0027,0.0015,0.0004,0.2385,0.3104,0.1669,0.0494,283.1917,534,25,111.0602,0,0,0,0,416.9417,914,153,104.3652,40,43.9,47,39,23.68,23.68,23.63
2022-11-21 14:20:00,2.6691,5.914,0.5964,1.0097,120,104.2999,41.0055,120,70.3492,70.9861,69.7958,0.3609,120,27.3789,27.561,27.3015,0.066,120,1005.5664,1005.7802,1005.3957,0.0936,120,259.8038,294.852,188.3976,29.1826,120,265.8066,342.1885,191.2449,33.6887,120,18.5515,78.1889,13.2775,12.5481,120,120,0,249.8449,321.6651,176.7022,32.2363,120,50.19,51.46,48.94,0.68,120,3.4261,3.4297,3.4233,0.0016,0.5738,0.5756,0.573,0.0007,0.7035,0.7099,0.698,0.0036,-0.0001,-0.0001,-0.0005,0.0001,0.0033,0.0037,0.0024,0.0004,0.0022,0.0029,0.0016,0.0003,0.2498,0.3217,0.1767,0.0322,267.2917,620,42,109.7483,0,0,0,0,301.4417,699,0,120.7695,40,41.5,47,39,23.68,23.68,23.63
2022-11-21 14:30:00,2.4074,6.0244,0.3572,1.1288,120,89.5116,43.709,120,70.7076,72.7561,69.1855,0.914,120,27.0975,27.619,26.3006,0.445,120,1005.5849,1005.7802,1005.414,0.0302,120,139.1596,240.3031,103.811,38.9672,120,139.3971,241.437,102.9496,40.7124,120,12.6916,23.1131,9.3442,2.4817,120,120,0.1,147.2544,232.551,115.6651,33.8888,120,52.52,53.74,51.46,0.68,120,3.4264,3.4297,3.4236,0.0005,0.571,0.5762,0.563,0.0044,0.7071,0.7276,0.6919,0.0091,-0.0001,-0.0001,-0.0001,0,0.0018,0.0031,0.0013,0.0005,0.0012,0.002,0.0009,0.0003,0.1473,0.2326,0.1157,0.0339,238.85,632,16,122.7005,0.0083,1,0,0.0913,286.0583,984,32,160.2147,39.7,41.5167,47,39,23.68,23.73,23.63
2022-11-21 14:40:00,1.1637,3.2644,0.3112,0.5714,120,98.198,50.4732,120,74.8248,77.1508,72.1152,1.4269,120,25.7245,26.2883,25.4552,0.2388,120,1005.5622,1005.6154,1005.3957,0.0665,120,147.0015,190.0795,120.152,20.0837,120,145.0118,187.2149,116.1393,20.1135,120,13.6666,14.7535,12.2946,0.5514,120,120,0,148.0605,181.2799,125.7363,15.8716,120,54.86,56.02,53.74,0.68,120,3.426,3.4269,3.4233,0.0011,0.5573,0.5629,0.5545,0.0024,0.7482,0.7715,0.7212,0.0143,-0.0001,-0.0001,-0.0001,0,0.0019,0.0024,0.0015,0.0003,0.0012,0.0016,0.001,0.0002,0.1481,0.1813,0.1257,0.0159,103.6583,332,11,62.1115,0,0,0,0,301.8667,949,2,164.0245,39,41.7167,47,39,23.68,23.68,23.68
2022-11-21 14:50:00,1.2468,2.4548,0.256,0.4963,120,100.5673,47.5235,120,78.1177,79.3481,76.9066,0.7927,120,25.475,25.6566,25.3758,0.0805,120,1005.5535,1005.7619,1005.3957,0.0777,120,215.9425,224.4433,190.3205,8.555,120,209.3461,216.1573,187.9472,7.6052,120,14.3139,14.7535,13.7689,0.2193,120,120,0,199.6267,205.9999,181.8903,6.2326,120,57.2,58.3,56.02,0.69,120,3.4259,3.4294,3.4233,0.0013,0.5547,0.5566,0.5538,0.0008,0.7812,0.7935,0.7691,0.0079,-0.0001,-0.0001,-0.0001,0,0.0027,0.0029,0.0024,0.0001,0.0017,0.0018,0.0016,0.0001,0.1996,0.206,0.1819,0.0062,112.7,244,5,53.9486,0,0,0,0,312.8583,907,17,153.8392,39,41.4667,47,39,23.68,23.68,23.68
2022-11-21 15:00:00,1.1078,2.7768,0.2376,0.601,120,98.7143,50.6832,120,79.7787,80.752,79.1345,0.3512,120,25.8989,26.1083,25.6535,0.1211,120,1005.51,1005.5971,1005.3957,0.0901,120,240.8479,276.8291,218.1953,19.7317,120,233.3616,267.0828,211.7611,20.4799,120,15.4206,26.5549,13.7689,1.9199,120,120,0,221.778,256.3555,199.8962,20.9084,120,59.54,60.59,58.3,0.68,120,3.4252,3.4266,3.4233,0.0015,0.559,0.5611,0.5565,0.0012,0.7978,0.8075,0.7913,0.0035,-0.0001,-0.0001,-0.0002,0,0.0031,0.0035,0.0028,0.0003,0.0019,0.0022,0.0018,0.0002,0.2218,0.2564,0.1999,0.0209,97.5917,279,3,65.3295,0,0,0,0,335.5,1020,47,201.5755,39.5,44.95,49,39,23.68,23.68,23.68
2022-11-21 15:10:00,2.0773,3.89,0.4492,0.6859,120,102.658,33.3175,120,80.4308,80.9351,79.928,0.2756,120,26.2545,26.386,26.1205,0.0625,120,1005.4051,1005.5971,1005.1943,0.0649,120,179.6387,228.7685,140.5772,33.1712,120,168.4655,217.623,131.8932,32.6916,120,14.0884,14.7535,13.2775,0.2677,120,120,0,154.8204,204.474,116.2755,33.8023,120,61.89,63.13,60.84,0.68,120,3.4234,3.4266,3.4199,0.0011,0.5625,0.5639,0.5612,0.0006,0.8043,0.8094,0.7993,0.0028,-0.0001,-0.0001,-0.0001,0,0.0023,0.0029,0.0018,0.0004,0.0014,0.0018,0.0011,0.0003,0.1548,0.2045,0.1163,0.0338,202.9667,400,26,74.5551,0,0,0,0,305.3083,896,34,113.5333,39.4,41.9667,47,39,23.68,23.68,23.68
2022-11-21 15:20:00,2.4273,4.2304,1.1944,0.6009,120,104.335,22.2039,120,80.443,80.8435,80.0195,0.1989,120,26.4052,26.444,26.3707,0.0177,120,1005.3674,1005.5788,1005.1943,0.0743,120,172.7259,196.3276,154.2748,15.6227,120,161.6693,186.1152,141.0516,16.2804,120,14.199,14.7535,13.7689,0.226,120,120,0,149.3449,171.514,131.2296,14.0834,120,64.24,65.42,63.13,0.69,120,3.4228,3.4263,3.4199,0.0012,0.5641,0.5644,0.5637,0.0002,0.8044,0.8084,0.8002,0.002,-0.0001,-0.0001,-0.0001,0,0.0022,0.0025,0.002,0.0002,0.0013,0.0015,0.0012,0.0001,0.1493,0.1715,0.1312,0.0141,241.0083,437,107,65.3111,0,0,0,0,297.125,529,172,64.0741,39.8,46.9,47,43,23.68,23.68,23.63
2022-11-21 15:30:00,2.2622,4.6444,0.2652,0.9585,120,120.6059,39.4132,120,80.4051,80.9046,79.4702,0.2709,120,26.5418,26.6515,26.4013,0.0596,120,1005.4581,1005.5971,1005.3774,0.0841,120,142.4738,156.1969,133.1283,5.5654,120,130.9036,143.2497,123.0996,5.4124,120,14.2072,14.7535,13.7689,0.2095,120,120,0.1,123.4448,135.5022,115.36,5.4235,120,66.59,67.71,65.42,0.69,120,3.4243,3.4266,3.423,0.0014,0.5654,0.5665,0.564,0.0006,0.8041,0.809,0.7947,0.0027,-0.0001,-0.0001,-0.0001,0,0.0018,0.002,0.0017,0.0001,0.0011,0.0012,0.001,0,0.1234,0.1355,0.1154,0.0054,223.0667,482,6,104.1819,0.0083,1,0,0.0913,362.4,997,99,140.151,40,46.8167,49,41,23.68,23.68,23.68
2022-11-21 15:40:00,2.5002,4.8836,0.8172,0.8603,120,104.2298,30.3481,120,79.7156,80.0195,79.1955,0.1872,120,26.6265,26.6973,26.5844,0.0318,120,1005.4508,1005.5971,1005.3774,0.0807,120,141.5146,149.4685,135.5307,4.0377,120,132.54,145.0816,124.9316,6.176,120,14.4452,18.6868,13.7689,0.6443,120,120,0,123.4855,135.5022,116.5807,6.0013,120,68.93,70,67.71,0.68,120,3.4242,3.4266,3.423,0.0013,0.5663,0.567,0.5658,0.0003,0.7972,0.8002,0.792,0.0019,-0.0001,-0.0001,-0.0001,0,0.0018,0.0019,0.0017,0.0001,0.0011,0.0012,0.001,0.0001,0.1235,0.1355,0.1166,0.006,248.9333,508,66,93.5083,0,0,0,0,298.4167,609,8,89.9608,40,46.8333,47,41,23.68,23.68,23.68
2022-11-21 15:50:00,2.1399,4.2304,0.2376,0.7565,120,121.574,33.0642,120,79.0569,79.4397,78.4631,0.2819,120,26.7181,26.7583,26.6576,0.0323,120,1005.5565,1005.7619,1005.3774,0.0546,120,121.1589,135.7717,108.8575,5.8944,120,119.5797,131.8932,108.4454,5.2537,120,14.1294,14.7535,13.7689,0.2447,120,120,0,112.7252,123.6,103.4578,4.4774,120,71.29,72.55,70,0.68,120,3.4259,3.4294,3.423,0.0009,0.5672,0.5676,0.5666,0.0003,0.7906,0.7944,0.7846,0.0028,-0.0001,-0.0001,-0.0001,0,0.0015,0.0017,0.0014,0.0001,0.001,0.0011,0.0009,0,0.1127,0.1236,0.1035,0.0045,209.7667,437,3,82.2329,0,0,0,0,345.1167,538,132,93.8891,40,46.3667,47,41,23.68,23.68,23.68
2022-11-21 16:00:00,1.8143,3.7704,0.6056,0.6272,120,124.5646,40.5086,120,78.3392,78.9514,77.7612,0.3876,120,26.8769,26.9262,26.7339,0.0578,120,1005.5713,1005.7802,1005.3774,0.0454,120,93.3157,108.8575,80.7417,9.1193,120,93.2805,108.0792,80.9676,8.9632,120,14.0679,14.7535,13.2775,0.2572,120,120,0,88.3536,103.4578,75.3807,9.431,120,73.63,74.84,72.55,0.69,120,3.4262,3.4297,3.423,0.0008,0.5688,0.5693,0.5673,0.0006,0.7834,0.7895,0.7776,0.0039,-0.0001,-0.0001,-0.0001,0,0.0012,0.0014,0.001,0.0001,0.0008,0.0009,0.0007,0.0001,0.0884,0.1035,0.0754,0.0094,174.375,387,43,68.1722,0,0,0,0,354.1167,640,26,115.5133,40,46.9,49,41,23.68,23.68,23.68
2022-11-21 16:10:00,2.3991,4.626,0.5964,0.8466,120,128.7594,35.2451,120,77.4725,77.9443,77.1203,0.2404,120,26.9021,26.9475,26.8255,0.0341,120,1005.5593,1005.7619,1005.3774,0.0645,120,67.7174,80.5016,61.2772,5.9799,120,68.114,80.9676,61.916,5.8759,120,13.8672,14.2604,13.2775,0.2262,120,120,0,61.4694,74.7703,55.5437,6.126,120,75.98,77.12,74.84,0.69,120,3.426,3.4294,3.423,0.0011,0.569,0.5695,0.5683,0.0003,0.7747,0.7794,0.7712,0.0024,-0.0001,-0.0001,-0.0001,0,0.0009,0.001,0.0008,0.0001,0.0006,0.0007,0.0005,0,0.0615,0.0748,0.0555,0.0061,237.95,480,42,92.0231,0,0,0,0,371.6083,928,143,108.0512,40,46.65,49,41,23.68,23.68,23.63
2022-11-21 16:20:00,2.334,4.3776,1.0012,0.8444,120,108.0806,30.4503,120,77.1956,77.456,76.9982,0.1288,120,26.7322,26.8285,26.679,0.0411,120,1005.5704,1005.7619,1005.3774,0.0622,120,61.1873,62.2386,60.0756,0.6302,120,61.4949,62.6495,60.4514,0.664,120,13.8713,14.2604,13.2775,0.2288,120,120,0,55.6937,56.1541,55.2385,0.1938,120,78.33,79.41,77.12,0.68,120,3.4262,3.4294,3.423,0.001,0.5673,0.5683,0.5668,0.0004,0.772,0.7746,0.77,0.0013,-0.0001,-0.0001,-0.0001,0,0.0008,0.0008,0.0008,0,0.0005,0.0005,0.0005,0,0.0557,0.0562,0.0552,0.0002,230.875,453,86,91.7834,0,0,0,0,318.6833,1014,81,107.6605,39,46.2833,49,41,23.68,23.68,23.68
2022-11-21 16:30:00,2.125,4.1108,0.6792,0.7648,120,120.1862,34.3074,120,77.2983,77.456,76.9982,0.104,120,26.734,26.7614,26.7003,0.014,120,1005.5483,1005.7619,1005.3591,0.0701,120,59.1426,62.2386,54.789,2.1654,120,59.257,62.6495,54.5894,2.2314,120,14.6053,15.7364,13.7689,0.4403,120,120,0,54.9766,57.9852,51.2711,1.876,120,80.67,81.95,79.41,0.68,120,3.4258,3.4294,3.4227,0.0012,0.5673,0.5676,0.567,0.0001,0.773,0.7746,0.77,0.001,-0.0001,-0.0001,-0.0001,0,0.0008,0.0008,0.0007,0,0.0005,0.0005,0.0005,0,0.055,0.058,0.0513,0.0019,208.15,424,51,83.1293,0,0,0,0,354.3583,988,17,121.9449,39,46.8333,47,41,23.68,23.68,23.68
2022-11-21 16:40:00,1.9536,4.3316,0.5964,0.8368,120,107.291,40.8688,120,77.1236,77.4865,76.8456,0.1884,120,26.7288,26.7644,26.6881,0.0213,120,1005.5547,1005.7436,1005.3774,0.035,120,53.1671,61.7583,37.7276,7.6427,120,53.3555,62.2821,37.0036,7.8666,120,14.3019,15.2449,13.7689,0.4164,120,120,0,48.3057,56.4592,34.4859,7.0882,120,83.01,84.23,81.95,0.68,120,3.4259,3.4291,3.423,0.0006,0.5673,0.5676,0.5669,0.0002,0.7712,0.7749,0.7685,0.0019,-0.0001,-0.0001,-0.0001,0,0.0007,0.0008,0.0005,0.0001,0.0004,0.0005,0.0003,0.0001,0.0483,0.0565,0.0345,0.0071,189.525,448,42,90.9534,0,0,0,0,324.8333,1011,17,139.2873,39,46.7833,49,41,23.68,23.68,23.63
2022-11-21 16:50:00,2.4406,5.0492,0.5136,0.8927,120,104.7013,36.0287,120,76.5481,76.9372,76.1132,0.2285,120,26.7346,26.7705,26.6759,0.0217,120,1005.5293,1005.5788,1005.3591,0.0663,120,28.1756,37.7276,24.0307,3.4029,120,27.8623,36.6375,23.4478,3.3716,120,13.8795,14.2604,13.2775,0.2157,120,120,0,26.3273,34.1807,22.5837,2.9413,120,85.35,86.51,84.23,0.68,120,3.4255,3.4263,3.4227,0.0011,0.5674,0.5677,0.5668,0.0002,0.7655,0.7694,0.7611,0.0023,-0.0001,-0.0001,-0.0001,0,0.0004,0.0005,0.0003,0,0.0002,0.0003,0.0002,0,0.0263,0.0342,0.0226,0.0029,242.4583,526,33,97.0299,0,0,0,0,305.2,736,26,109.0825,39,46.8,47,41,23.68,23.68,23.63
2022-11-21 17:00:00,2.1205,4.3776,0.4308,0.9149,120,102.1911,29.8755,120,76.0732,76.1742,75.808,0.0877,120,26.6159,26.6759,26.5905,0.0214,120,1005.5443,1005.7619,1005.3591,0.1038,120,17.3119,24.0307,11.7748,3.4708,120,17.1765,23.4478,11.7239,3.3874,120,13.8508,14.2604,13.2775,0.1946,120,120,0,16.9225,22.5837,11.9022,2.9985,120,87.68,88.78,86.51,0.68,120,3.4257,3.4294,3.4227,0.0017,0.5662,0.5668,0.5659,0.0002,0.7607,0.7617,0.7581,0.0009,-0.0001,-0.0001,-0.0001,0,0.0002,0.0003,0.0001,0,0.0001,0.0002,0.0001,0,0.0169,0.0226,0.0119,0.003,207.6667,453,24,99.4436,0,0,0,0,298.0417,911,61,99.1162,39,46.95,49,41,23.68,23.68,23.63
2022-11-21 17:10:00,2.2763,4.9296,0.6884,0.7381,120,102.9057,33.7278,120,75.6793,75.869,75.4723,0.0948,120,26.5828,26.621,26.5508,0.0142,120,1005.6475,1005.7619,1005.5422,0.0959,120,6.5703,11.7748,2.163,3.0952,120,6.3748,11.7239,2.1981,3.0098,120,13.8508,14.2604,13.2775,0.1946,120,120,0,6.9964,11.9022,3.0518,2.7738,120,89.38,89.79,88.78,0.31,55,3.4275,3.4294,3.4257,0.0016,0.5658,0.5662,0.5655,0.0001,0.7568,0.7587,0.7547,0.0009,-0.0001,-0.0001,-0.0001,0,0.0001,0.0001,0,0,0.0001,0.0001,0,0,0.007,0.0119,0.0031,0.0028,224.6,513,52,80.2271,0,0,0,0,308.9,1012,92,121.7695,39,46.8167,47,41,23.68,23.68,23.63
2022-11-21 17:20:00,2.3155,4.2028,0.6424,0.7621,120,103.6512,23.9172,120,75.3428,75.5028,75.1366,0.0905,120,26.5231,26.563,26.4959,0.0162,120,1005.6475,1005.7619,1005.5422,0.0935,120,0.9892,2.163,0,0.7682,120,0.7144,2.1981,0,0.6458,120,13.8386,14.2604,13.2775,0.2141,120,120,0,1.765,3.0518,0,0.9439,120,None,None,None,None,0,3.4275,3.4294,3.4257,0.0016,0.5652,0.5656,0.565,0.0002,0.7534,0.755,0.7514,0.0009,-0.0001,-0.0001,-0.0001,0,0,0,0,0,0,0,0,0,0.0018,0.0031,0,0.0009,228.8583,434,47,82.8408,0,0,0,0,296.1333,594,109,70.1225,39,46.7833,47,41,23.68,23.68,23.63
2022-11-21 17:30:00,2.1025,4.3408,0.5228,0.8127,120,109.8357,36.5517,120,74.9326,75.1366,74.6788,0.136,120,26.5114,26.5386,26.4959,0.0102,120,1005.603,1005.7619,1005.5422,0.0818,120,0,0,0,0,120,0,0,0,0,120,13.859,14.2604,13.2775,0.2206,120,120,0,0.0076,0.3052,0,0.0478,120,None,None,None,None,0,3.4267,3.4294,3.4257,0.0014,0.5651,0.5654,0.565,0.0001,0.7493,0.7514,0.7468,0.0014,-0.0001,-0.0001,-0.0001,0,0,0,0,0,0,0,0,0,0,0.0003,0,0,205.7083,449,34,88.3321,0,0,0,0,326.0083,942,37,125.949,39,46.95,49,41,23.68,23.68,23.63
2022-11-21 17:40:00,2.2422,4.9664,0.5228,0.9397,120,99.4354,33.096,120,74.322,74.6788,73.9769,0.1875,120,26.5355,26.5539,26.5203,0.0069,120,1005.5814,1005.7436,1005.5422,0.0652,120,0,0,0,0,120,0,0,0,0,120,13.7976,14.2604,13.2775,0.1835,120,120,0,0,0,0,0,120,None,None,None,None,0,3.4264,3.4291,3.4257,0.0011,0.5654,0.5655,0.5652,0.0001,0.7432,0.7468,0.7398,0.0019,-0.0001,-0.0001,-0.0001,0,0,0,0,0,0,0,0,0,0,0,0,0,220.8917,517,34,102.1369,0,0,0,0,294.925,841,61,109.9157,38.8,46.8833,49,41,23.68,23.68,23.63
2022-11-21 17:50:00,2.0339,4.028,0.5136,0.8038,120,106.0675,33.934,120,73.8291,74.0074,73.6106,0.1049,120,26.521,26.5386,26.4928,0.0094,120,1005.6795,1005.9267,1005.5239,0.0853,120,0,0,0,0,120,0,0,0,0,120,13.8549,14.2604,13.2775,0.1981,120,120,0,0,0,0,0,120,None,None,None,None,0,3.428,3.4321,3.4254,0.0014,0.5652,0.5654,0.5649,0.0001,0.7383,0.7401,0.7361,0.001,-0.0001,-0.0001,-0.0001,0,0,0,0,0,0,0,0,0,0,0,0,0,198.25,415,33,87.3736,0,0,0,0,305.9167,624,14,100.3495,38,46.8167,47,41,23.68,23.68,23.63
2022-11-21 18:00:00,1.8608,4.0648,0.4032,0.855,120,105.1915,32.1387,120,73.7213,73.8243,73.5801,0.0538,120,26.4809,26.502,26.4592,0.0106,120,1005.849,1005.945,1005.707,0.0917,120,0,0,0,0,120,0,0,0,0,120,13.8713,14.2604,13.2775,0.2103,120,120,0,0,0,0,0,120,None,None,None,None,0,3.4308,3.4324,3.4284,0.0015,0.5648,0.565,0.5646,0.0001,0.7372,0.7382,0.7358,0.0005,-0.0001,-0.0001,-0.0001,0,0,0,0,0,0,0,0,0,0,0,0,0,179.4333,419,21,92.9383,0,0,0,0,302.875,727,32,96.1872,38,46.65,49,41,23.68,23.68,23.68
2022-11-21 18:10:00,1.989,3.4944,0.946,0.5744,120,102.3342,25.9156,120,73.7449,73.8548,73.6412,0.0448,120,26.4627,26.4959,26.4226,0.0214,120,1005.9369,1006.1098,1005.7436,0.0628,120,0,0,0,0,120,0,0,0,0,120,13.8263,14.2604,13.2775,0.2033,120,120,0,0,0,0,0,120,None,None,None,None,0,3.4323,3.4352,3.4291,0.001,0.5646,0.565,0.5642,0.0002,0.7374,0.7385,0.7364,0.0004,-0.0001,-0.0001,-0.0001,0,0,0,0,0,0,0,0,0,0,0,0,0,193.375,357,80,62.4368,0,0,0,0,289.0583,531,10,76.0184,38,46.8167,49,41,23.68,23.68,23.63
2022-11-21 18:20:00,2.2095,3.936,1.0748,0.5915,120,98.8026,21.1911,120,74.0081,74.1905,73.7938,0.1058,120,26.4065,26.4318,26.3921,0.0085,120,1006.0463,1006.2929,1005.8901,0.0878,120,0,0,0,0,120,0,0,0,0,120,13.8508,14.2604,13.7689,0.1839,120,120,0,0,0,0,0,120,None,None,None,None,0,3.4341,3.4382,3.4315,0.0015,0.5641,0.5643,0.5639,0.0001,0.7401,0.7419,0.7379,0.0011,-0.0001,-0.0001,-0.0001,0,0,0,0,0,0,0,0,0,0,0,0,0,217.3417,405,94,64.2921,0,0,0,0,281.3833,542,151,61.7248,38,46.6667,49,41,23.68,23.68,23.68
2022-11-21 18:30:00,2.1114,4.6904,0.4308,0.873,120,108.7309,34.888,120,74.2976,74.4041,74.1905,0.0558,120,26.4208,26.444,26.4043,0.0086,120,1006.195,1006.2929,1006.0915,0.0885,120,0,0,0,0,120,0,0,0,0,120,13.8918,14.2604,13.2775,0.223,120,120,0,0,0,0,0,120,None,None,None,None,0,3.4366,3.4382,3.4349,0.0015,0.5642,0.5644,0.564,0.0001,0.743,0.744,0.7419,0.0006,-0.0001,-0.0001,-0.0001,0,0,0,0,0,0,0,0,0,0,0,0,0,206.675,487,24,94.8891,0,0,0,0,315.2167,819,101,106.0799,38,46.7333,49,41,23.68,23.68,23.63
2022-11-21 18:40:00,2.6423,4.2212,0.7528,0.7992,120,106.766,29.3847,120,74.4306,74.4957,74.3126,0.0486,120,26.429,26.447,26.4074,0.0123,120,1006.2673,1006.476,1006.0915,0.049,120,0,0,0,0,120,0,0,0,0,120,13.945,14.2604,13.7689,0.2366,120,120,0,0,0,0,0,120,None,None,None,None,0,3.4378,3.4413,3.4349,0.0008,0.5643,0.5645,0.5641,0.0001,0.7443,0.745,0.7431,0.0005,-0.0001,-0.0001,-0.0001,0,0,0,0,0,0,0,0,0,0,0,0,0,264.3833,436,59,86.8692,0,0,0,0,304.1583,539,29,85.5647,38,46.8833,49,41,23.68,23.68,23.63
2022-11-21 18:50:00,2.2752,4.2764,0.854,0.7012,120,99.7767,33.9143,120,74.4784,74.6178,74.4041,0.0584,120,26.4391,26.4745,26.4196,0.0094,120,1006.446,1006.6591,1006.2746,0.0949,120,0,0,0,0,120,0,0,0,0,120,13.9368,14.2604,13.7689,0.2341,120,120,0,0,0,0,0,120,None,None,None,None,0,3.4408,3.4443,3.4379,0.0016,0.5644,0.5647,0.5642,0.0001,0.7448,0.7462,0.744,0.0006,-0.0001,-0.0001,-0.0001,0,0,0,0,0,0,0,0,0,0,0,0,0,224.475,442,70,76.2199,0,0,0,0,288.0667,666,34,100.0208,38,46.8167,49,41,23.68,23.68,23.63
2022-11-21 19:00:00,2.0627,3.7704,0.7436,0.6467,120,105.7652,32.6408,120,74.4057,74.5567,74.221,0.109,120,26.4952,26.5172,26.4592,0.0101,120,1006.6402,1006.8422,1006.4394,0.08,120,0,0,0,0,120,0,0,0,0,120,13.9,14.2604,13.7689,0.2182,120,120,0,0,0,0,0,120,None,None,None,None,0,3.444,3.4474,3.4407,0.0013,0.5649,0.5652,0.5646,0.0001,0.7441,0.7456,0.7422,0.0011,-0.0001,-0.0001,-0.0001,0,0,0,0,0,0,0,0,0,0,0,0,0,201.3833,387,58,70.2966,0,0,0,0,308.7667,1012,82,110.8391,38,46.85,49,39,23.68,23.68,23.63
2022-11-21 19:10:00,1.8771,3.5128,0.5596,0.624,120,108.9761,34.5906,120,74.1328,74.3126,73.8853,0.1481,120,26.5441,26.5813,26.4867,0.0302,120,1006.7777,1007.062,1006.476,0.119,120,0,0,0,0,120,0,0,0,0,120,13.9,14.2604,13.2775,0.2274,120,120,0,0,0,0,0,120,None,None,None,None,0,3.4463,3.451,3.4413,0.002,0.5654,0.5658,0.5649,0.0003,0.7413,0.7431,0.7389,0.0015,-0.0001,-0.0001,-0.0001,0,0,0,0,0,0,0,0,0,0,0,0,0,181.2083,359,38,67.8271,0,0,0,0,312.7333,617,43,100.7144,37.3,46.65,49,41,23.68,23.68,23.63
2022-11-21 19:20:00,2.1849,4.6352,0.5964,0.8938,120,106.1171,32.882,120,73.6274,73.8853,73.3665,0.1366,120,26.5565,26.5844,26.5233,0.0146,120,1007.0482,1007.2451,1006.8239,0.0803,120,0,0,0,0,120,0,0,0,0,120,13.8754,14.2604,13.2775,0.2224,120,120,0,0,0,0,0,120,None,None,None,None,0,3.4508,3.4541,3.4471,0.0013,0.5656,0.5658,0.5652,0.0001,0.7363,0.7389,0.7337,0.0014,-0.0001,-0.0001,-0.0001,0,0,0,0,0,0,0,0,0,0,0,0,0,214.6583,481,42,97.1494,0,0,0,0,318.125,1022,94,126.6895,37,46.9333,49,41,23.68,23.68,23.63
2022-11-21 19:30:00,1.8554,3.2828,0.7252,0.6304,120,109.9864,31.9941,120,73.2513,73.4275,73.0308,0.1256,120,26.5749,26.6271,26.5233,0.0328,120,1007.1841,1007.4099,1007.0071,0.0824,120,0,0,0,0,120,0,0,0,0,120,13.859,14.2604,13.7689,0.191,120,120,0,0,0,0,0,120,None,None,None,None,0,3.4531,3.4568,3.4501,0.0014,0.5657,0.5663,0.5652,0.0003,0.7325,0.7343,0.7303,0.0013,-0.0001,-0.0001,-0.0001,0,0,0,0,0,0,0,0,0,0,0,0,0,178.85,334,56,68.518,0,0,0,0,313.2583,586,39,92.2044,37,46.75,49,41,23.68,23.68,23.63
2022-11-21 19:40:00,1.9141,3.5588,0.7528,0.6565,120,97.48,25.2609,120,73.0061,73.1529,72.9392,0.0543,120,26.5744,26.6271,26.4989,0.0403,120,1007.2202,1007.4099,1007.0254,0.0783,120,0,0,0,0,120,0,0,0,0,120,13.8099,14.2604,13.2775,0.1635,120,120,0,0,0,0,0,120,None,None,None,None,0,3.4537,3.4568,3.4504,0.0013,0.5657,0.5663,0.565,0.0004,0.7301,0.7315,0.7294,0.0005,-0.0001,-0.0001,-0.0001,0,0,0,0,0,0,0,0,0,0,0,0,0,185.2333,364,59,71.3622,0,0,0,0,277.7833,534,124,72.9191,37,46.7833,49,41,23.68,23.68,23.63
2022-11-21 19:50:00,1.8418,4.3776,0.4584,0.8611,120,95.0734,37.4958,120,73.4219,73.5801,73.1529,0.1197,120,26.494,26.5111,26.4531,0.0109,120,1007.3855,1007.4099,1007.2085,0.0626,120,0,0,0,0,120,0,0,0,0,120,13.859,14.2604,13.7689,0.191,120,120,0,0,0,0,0,120,None,None,None,None,0,3.4564,3.4568,3.4535,0.001,0.5649,0.5651,0.5645,0.0001,0.7342,0.7358,0.7315,0.0012,-0.0001,-0.0001,-0.0001,0,0,0,0,0,0,0,0,0,0,0,0,0,177.3667,453,27,93.6031,0,0,0,0,291.7833,1006,24,139.4896,37,46.7833,49,41,23.68,23.68,23.63
2022-11-21 20:00:00,2.086,4.2488,0.8448,0.8063,120,97.2715,38.533,120,73.7164,73.8243,73.4886,0.0716,120,26.4064,26.4592,26.3585,0.022,120,1007.4364,1007.593,1007.2085,0.0717,120,0,0,0,0,120,0,0,0,0,120,13.7935,14.2604,13.2775,0.1668,120,120,0,0,0,0,0,120,None,None,None,None,0,3.4573,3.4599,3.4535,0.0012,0.5641,0.5646,0.5636,0.0002,0.7372,0.7382,0.7349,0.0007,-0.0001,-0.0001,-0.0001,0,0,0,0,0,0,0,0,0,0,0,0,0,203.9083,439,69,87.646,0,0,0,0,287.3667,955,21,125.7061,37,46.7333,47,41,23.68,23.68,23.63
2022-11-21 20:10:00,2.495,4.5156,0.9552,0.6969,120,101.6114,25.2923,120,73.7604,73.8243,73.6412,0.0461,120,26.351,26.3738,26.3341,0.0093,120,1007.4941,1007.5747,1007.3916,0.0803,120,0,0,0,0,120,0,0,0,0,120,13.8427,14.2604,13.2775,0.2266,120,120,0,0,0,0,0,120,None,None,None,None,0,3.4582,3.4596,3.4565,0.0013,0.5635,0.5637,0.5633,0.0001,0.7376,0.7382,0.7364,0.0005,-0.0001,-0.0001,-0.0001,0,0,0,0,0,0,0,0,0,0,0,0,0,248.3667,468,81,75.749,0,0,0,0,290.9417,583,133,73.8,37,46.7333,47,41,23.68,23.68,23.63
2022-11-21 20:20:00,2.2128,4.1568,0.9828,0.6951,120,107.194,34.394,120,73.4779,73.6717,73.397,0.0763,120,26.3789,26.4074,26.3616,0.0116,120,1007.6012,1007.7578,1007.5381,0.0834,120,0,0,0,0,120,0,0,0,0,120,13.8467,14.2604,13.2775,0.1911,120,120,0,0,0,0,0,120,None,None,None,None,0,3.46,3.4626,3.459,0.0014,0.5638,0.5641,0.5636,0.0001,0.7348,0.7367,0.734,0.0008,-0.0001,-0.0001,-0.0001,0,0,0,0,0,0,0,0,0,0,0,0,0,217.6917,429,84,75.5495,0,0,0,0,308.775,739,72,101.8441,37,46.7167,47,41,23.68,23.68,23.63
2022-11-21 20:30:00,2.286,4.4144,0.7344,0.9041,120,107.2272,37.5236,120,73.3083,73.397,73.2444,0.0511,120,26.4296,26.4501,26.4013,0.0113,120,1007.7013,1007.7578,1007.5381,0.084,120,0,0,0,0,120,0,0,0,0,120,13.8427,14.2604,13.2775,0.1874,120,120,0,0,0,0,0,120,None,None,None,None,0,3.4617,3.4626,3.459,0.0014,0.5643,0.5645,0.564,0.0001,0.7331,0.734,0.7324,0.0005,-0.0001,-0.0001,-0.0001,0,0,0,0,0,0,0,0,0,0,0,0,0,225.65,457,57,98.2757,0,0,0,0,317.8083,959,123,120.138,37,46.8167,49,41,23.68,23.68,23.63
2022-11-21 20:40:00,2.164,4.6536,0.256,1.0057,120,107.8159,34.204,120,73.3177,73.4581,73.1834,0.0822,120,26.4092,26.444,26.3799,0.0154,120,1007.7303,1007.9226,1007.5381,0.0788,120,0,0,0,0,120,0,0,0,0,120,13.8345,14.2604,13.2775,0.1795,120,120,0,0,0,0,0,120,None,None,None,None,0,3.4622,3.4654,3.459,0.0013,0.5641,0.5644,0.5638,0.0001,0.7332,0.7346,0.7318,0.0008,-0.0001,-0.0001,-0.0001,0,0,0,0,0,0,0,0,0,0,0,0,0,212.3917,483,5,109.3162,0,0,0,0,312,617,48,100.7518,37,46.85,49,41,23.68,23.68,23.63
2022-11-21 20:50:00,2.2513,3.9452,0.7252,0.7421,120,104.3674,35.6699,120,73.6847,73.8548,73.4581,0.0987,120,26.3838,26.3952,26.3677,0.0071,120,1007.8372,1007.9409,1007.7212,0.093,120,0,0,0,0,120,0,0,0,0,120,13.8467,14.2604,13.2775,0.2207,120,120,0,0,0,0,0,120,None,None,None,None,0,3.464,3.4657,3.462,0.0016,0.5638,0.5639,0.5637,0.0001,0.7368,0.7385,0.7346,0.001,-0.0001,-0.0001,-0.0001,0,0,0,0,0,0,0,0,0,0,0,0,0,221.8833,406,56,80.667,0,0,0,0,308.4417,1017,57,119.6056,37,46.9333,47,41,23.67,23.68,23.63
2022-11-21 21:00:00,2.5157,4.8468,0.8816,0.9245,120,101.205,23.2126,120,74.0061,74.0989,73.8243,0.0675,120,26.4009,26.4348,26.3646,0.0198,120,1007.9133,1008.124,1007.7395,0.0735,120,0,0,0,0,120,0,0,0,0,120,13.859,14.2604,13.7689,0.191,120,120,0,0,0,0,0,120,None,None,None,None,0,3.4652,3.4687,3.4623,0.0012,0.564,0.5644,0.5636,0.0002,0.7401,0.741,0.7382,0.0007,-0.0001,-0.0001,-0.0001,0,0,0,0,0,0,0,0,0,0,0,0,0,250.6167,504,73,100.491,0,0,0,0,287.875,527,140,66.9833,36.9,46.8667,47,41,23.67,23.68,23.63
2022-11-21 21:10:00,3.1148,5.3896,0.762,1.1445,120,99.1421,32.6264,120,73.9792,74.0989,73.8243,0.0554,120,26.388,26.4165,26.3616,0.0146,120,1007.9421,1008.124,1007.7395,0.0665,120,0,0,0,0,120,0,0,0,0,120,13.7935,14.2604,13.2775,0.1541,120,120,0,0,0,0,0,120,None,None,None,None,0,3.4657,3.4687,3.4623,0.0011,0.5639,0.5642,0.5636,0.0001,0.7398,0.741,0.7382,0.0006,-0.0001,-0.0001,-0.0001,0,0,0,0,0,0,0,0,0,0,0,0,0,315.7417,563,60,124.4059,0,0,0,0,288.9417,916,11,106.8696,36,46.75,47,41,23.68,23.68,23.63
2022-11-21 21:20:00,2.2996,3.8992,0.4952,0.7252,120,101.5144,25.5056,120,73.6473,73.8548,73.4581,0.1171,120,26.3238,26.3707,26.2426,0.0376,120,1007.9574,1008.124,1007.7395,0.0812,120,0,0,0,0,120,0,0,0,0,120,13.7034,14.2604,13.2775,0.2008,120,120,0,0,0,0,0,120,None,None,None,None,0,3.466,3.4687,3.4623,0.0014,0.5632,0.5637,0.5624,0.0004,0.7365,0.7385,0.7346,0.0012,-0.0001,-0.0001,-0.0001,0,0,0,0,0,0,0,0,0,0,0,0,0,227.1333,401,31,78.8296,0,0,0,0,289.9417,520,122,73.9401,36,46.8667,47,41,23.67,23.68,23.63
2022-11-21 21:30:00,2.1957,4.4512,0.394,0.9043,120,103.6083,33.6961,120,73.8011,74.0074,73.5191,0.1454,120,26.1877,26.2365,26.151,0.0227,120,1007.8932,1008.124,1007.7212,0.0875,120,0,0,0,0,120,0,0,0,0,120,13.7894,14.2604,13.2775,0.1733,120,120,0,0,0,0,0,120,None,None,None,None,0,3.4649,3.4687,3.462,0.0015,0.5619,0.5624,0.5615,0.0002,0.738,0.7401,0.7352,0.0015,-0.0001,-0.0001,-0.0001,0,0,0,0,0,0,0,0,0,0,0,0,0,215.8333,461,20,98.2887,0,0,0,0,306.05,832,70,110.6123,36,46.8833,47,41,23.67,23.68,23.63
2022-11-21 21:40:00,2.6871,4.3592,0.854,0.8192,120,103.5065,23.0967,120,74.1221,74.221,73.9158,0.0968,120,26.0905,26.151,26.0564,0.0231,120,1007.8365,1008.1057,1007.7212,0.094,120,0,0,0,0,120,0,0,0,0,120,13.7689,14.2604,13.2775,0.1802,120,120,0,0,0,0,0,120,None,None,None,None,0,3.4639,3.4684,3.462,0.0016,0.5609,0.5615,0.5606,0.0002,0.7412,0.7422,0.7392,0.001,-0.0001,-0.0001,-0.0001,0,0,0,0,0,0,0,0,0,0,0,0,0,269.25,451,70,89.0483,0,0,0,0,294.7333,533,121,67.0422,36,46.9333,49,43,23.67,23.68,23.63
2022-11-21 21:50:00,2.5856,5.1596,1.0748,0.8299,120,98.7179,21.6512,120,74.0499,74.2515,73.9463,0.1005,120,26.0584,26.0869,26.0198,0.0173,120,1007.8365,1007.9409,1007.7212,0.0919,120,0,0,0,0,120,0,0,0,0,120,13.7853,14.2604,13.2775,0.2008,120,120,0,0,0,0,0,120,None,None,None,None,0,3.4639,3.4657,3.462,0.0015,0.5606,0.5609,0.5602,0.0002,0.7405,0.7425,0.7395,0.001,-0.0001,-0.0001,-0.0001,0,0,0,0,0,0,0,0,0,0,0,0,0,258.2167,538,94,90.2057,0,0,0,0,279.7583,460,43,62.7433,36,46.9,49,41,23.66,23.68,23.63
2022-11-21 22:00:00,2.2042,3.8072,0.67,0.7664,120,100.3819,31.5547,120,74.0374,74.0989,73.9769,0.0324,120,26.0492,26.0747,26.0228,0.0125,120,1007.7657,1007.9226,1007.7029,0.0731,120,0,0,0,0,120,0,0,0,0,120,13.8345,14.2604,13.2775,0.2378,120,120,0,0,0,0,0,120,None,None,None,None,0,3.4628,3.4654,3.4617,0.0012,0.5605,0.5607,0.5602,0.0001,0.7404,0.741,0.7398,0.0003,-0.0001,-0.0001,-0.0001,0,0,0,0,0,0,0,0,0,0,0,0,0,216.7583,391,50,83.3043,0,0,0,0,286.4667,582,16,92.8718,36,46.9667,47,45,23.67,23.68,23.63
2022-11-21 22:10:00,2.2986,4.1752,0.8632,0.7944,120,102.6285,29.3211,120,74.1488,74.3431,74.0684,0.0757,120,26.0523,26.0808,26.0228,0.0182,120,1007.6533,1007.9226,1007.3733,0.1105,120,0,0,0,0,120,0,0,0,0,120,13.7689,14.2604,13.2775,0.2113,120,120,0,0,0,0,0,120,None,None,None,None,0,3.4609,3.4654,3.4562,0.0018,0.5605,0.5608,0.5602,0.0002,0.7415,0.7434,0.7407,0.0008,-0.0001,-0.0001,-0.0001,0,0,0,0,0,0,0,0,0,0,0,0,0,227.0167,431,71,86.3518,0,0,0,0,302.0417,985,82,104.0257,36,46.6833,49,41,23.67,23.68,23.63
2022-11-21 22:20:00,2.0792,3.1816,1.0656,0.5275,120,99.8299,24.6251,120,74.3484,74.4041,74.2821,0.0282,120,26.0251,26.0411,25.9954,0.0113,120,1007.5471,1007.7395,1007.3733,0.0482,120,0,0,0,0,120,0,0,0,0,120,13.7566,14.2604,13.2775,0.2061,120,120,0,0,0,0,0,120,None,None,None,None,0,3.4591,3.4623,3.4562,0.0008,0.5603,0.5604,0.5599,0.0001,0.7435,0.744,0.7428,0.0003,-0.0001,-0.0001,-0.0001,0,0,0,0,0,0,0,0,0,0,0,0,0,203.175,323,93,57.3355,0,0,0,0,286.6083,727,91,76.1236,36,46.8167,49,39,23.66,23.68,23.63
2022-11-21 22:30:00,1.8793,4.0004,0.486,0.6842,120,97.3396,28.4901,120,74.5234,74.6178,74.3736,0.0776,120,25.9677,26.0015,25.9404,0.0145,120,1007.4639,1007.5564,1007.3733,0.0812,120,0,0,0,0,120,0,0,0,0,120,13.7607,14.2604,13.2775,0.1558,120,120,0,0,0,0,0,120,None,None,None,None,0,3.4577,3.4593,3.4562,0.0014,0.5597,0.56,0.5594,0.0001,0.7452,0.7462,0.7437,0.0008,-0.0001,-0.0001,-0.0001,0,0,0,0,0,0,0,0,0,0,0,0,0,181.45,412,30,74.3644,0,0,0,0,277.7167,579,66,82.9678,36,46.8833,47,41,23.66,23.68,23.63
2022-11-21 22:40:00,1.9079,3.8716,0.6792,0.6334,120,112.5383,33.8365,120,74.6531,74.7093,74.5872,0.025,120,25.9293,25.9465,25.913,0.0073,120,1007.3939,1007.5564,1007.1902,0.0559,120,0,0,0,0,120,0,0,0,0,120,13.7689,14.2604,13.2775,0.1911,120,120,0,0,0,0,0,120,None,None,None,None,0,3.4566,3.4593,3.4532,0.0009,0.5593,0.5595,0.5591,0.0001,0.7465,0.7471,0.7459,0.0003,-0.0001,-0.0001,-0.0001,0,0,0,0,0,0,0,0,0,0,0,0,0,184.5583,398,51,68.846,0,0,0,0,326.0833,665,175,99.1382,36,46.8167,47,41,23.66,23.68,23.63
2022-11-21 22:50:00,1.9976,3.9176,0.532,0.7574,120,106.894,33.085,120,74.4616,74.6483,74.2821,0.11,120,25.974,25.9984,25.9374,0.0173,120,1007.2488,1007.3916,1007.0071,0.1005,120,0,0,0,0,120,0,0,0,0,120,13.7894,14.2604,13.2775,0.1733,120,120,0,0,0,0,0,120,None,None,None,None,0,3.4541,3.4565,3.4501,0.0017,0.5597,0.56,0.5594,0.0002,0.7446,0.7465,0.7428,0.0011,-0.0001,-0.0001,-0.0001,0,0,0,0,0,0,0,0,0,0,0,0,0,194.3083,403,35,82.3213,0,0,0,0,306.225,605,95,96.0781,36,46.7667,47,41,23.66,23.68,23.63
2022-11-21 23:00:00,2.1424,3.5956,0.808,0.605,120,100.6578,24.5054,120,74.1521,74.3431,74.0379,0.0938,120,25.988,26.0137,25.9557,0.0157,120,1006.9886,1007.2085,1006.8056,0.0886,120,0,0,0,0,120,0,0,0,0,120,13.7812,14.2604,13.2775,0.2338,120,120,0,0,0,0,0,120,None,None,None,None,0,3.4498,3.4535,3.4468,0.0015,0.5599,0.5601,0.5596,0.0002,0.7415,0.7434,0.7404,0.0009,-0.0001,-0.0001,-0.0001,0,0,0,0,0,0,0,0,0,0,0,0,0,210.0417,368,65,65.7592,0,0,0,0,286.5167,571,117,71.4791,36,46.85,49,39,23.66,23.68,23.63
2022-11-21 23:10:00,2.1169,4.1844,0.8724,0.5945,120,96.7574,23.4509,120,74.1104,74.16,74.0684,0.0266,120,25.9758,26.0015,25.9465,0.0154,120,1006.8342,1007.0071,1006.6042,0.0993,120,0,0,0,0,120,0,0,0,0,120,13.7648,14.2604,13.2775,0.1963,120,120,0,0,0,0,0,120,None,None,None,None,0,3.4472,3.4501,3.4434,0.0017,0.5598,0.56,0.5595,0.0001,0.7411,0.7416,0.7407,0.0003,-0.0001,-0.0001,-0.0001,0,0,0,0,0,0,0,0,0,0,0,0,0,207.2667,432,72,64.62,0,0,0,0,280.225,906,51,84.1678,36,46.7,47,41,23.66,23.68,23.63
2022-11-21 23:20:00,2.1409,4.3684,0.3664,0.9451,120,103.2332,41.9307,120,74.0771,74.16,73.9463,0.0527,120,25.9776,26.0045,25.9496,0.016,120,1006.791,1007.0254,1006.6042,0.0742,120,0,0,0,0,120,0,0,0,0,120,13.7526,14.2604,13.2775,0.1678,120,120,0,0,0,0,0,120,None,None,None,None,0,3.4465,3.4504,3.4434,0.0012,0.5598,0.5601,0.5595,0.0002,0.7408,0.7416,0.7395,0.0005,-0.0001,-0.0001,-0.0001,0,0,0,0,0,0,0,0,0,0,0,0,0,209.8833,452,17,102.7333,0,0,0,0,312.8583,1006,2,142.9727,36,46.8,47,41,23.66,23.68,23.63
2022-11-21 23:30:00,2.269,3.706,0.6976,0.7164,120,106.2091,31.6893,120,74.0865,74.1295,74.0379,0.0242,120,25.9606,25.9801,25.9404,0.0115,120,1006.7808,1006.8422,1006.6042,0.0744,120,0,0,0,0,120,0,0,0,0,120,13.7198,14.2604,13.2775,0.1953,120,120,0,0,0,0,0,120,None,None,None,None,0,3.4463,3.4474,3.4434,0.0012,0.5596,0.5598,0.5594,0.0001,0.7409,0.7413,0.7404,0.0002,-0.0001,-0.0001,-0.0001,0,0,0,0,0,0,0,0,0,0,0,0,0,223.8083,380,53,77.8665,0,0,0,0,311.4333,954,89,105.372,35.5,46.9167,47,41,23.66,23.68,23.63
2022-11-21 23:40:00,1.9018,3.2828,0.6148,0.6433,120,100.2657,26.1911,120,74.0687,74.1295,74.0074,0.0351,120,25.9454,25.9618,25.9313,0.0075,120,1006.6808,1006.8239,1006.4211,0.0908,120,0,0,0,0,120,0,0,0,0,120,13.7444,14.2604,13.2775,0.1541,120,120,0,0,0,0,0,120,None,None,None,None,0,3.4447,3.4471,3.4404,0.0015,0.5595,0.5596,0.5593,0.0001,0.7407,0.7413,0.7401,0.0004,-0.0001,-0.0001,-0.0001,0,0,0,0,0,0,0,0,0,0,0,0,0,183.8917,334,44,69.9259,0,0,0,0,284.1833,515,30,76.0394,35,46.95,49,41,23.66,23.68,23.63
2022-11-21 23:50:00,1.493,2.878,0.4676,0.6343,120,99.8385,40.6827,120,74.1335,74.1905,74.0684,0.0262,120,25.9227,25.9435,25.8763,0.0183,120,1006.6318,1006.8239,1006.6042,0.0483,120,0,0,0,0,120,0,0,0,0,120,13.5723,14.2604,13.2775,0.25,120,120,0,0,0,0,0,120,None,None,None,None,0,3.4439,3.4471,3.4434,0.0008,0.5592,0.5594,0.5588,0.0002,0.7413,0.7419,0.7407,0.0003,-0.0001,-0.0001,-0.0001,0,0,0,0,0,0,0,0,0,0,0,0,0,139.4583,290,28,68.9485,0,0,0,0,309.55,1018,7,154.2916,35,46.4667,47,41,23.66,23.68,23.63
