datetime,Anemometer;wind_speed;Avg (m/s),Anemometer;wind_speed;Max (m/s),Anemometer;wind_speed;Min (m/s),Anemometer;wind_speed;StdDev (m/s),Anemometer;wind_speed;Count (),Wind Vane TMR;wind_direction;Avg (°),Wind Vane TMR;wind_direction;StdDev (°),Wind Vane TMR;wind_direction;Count (),Hygro/Thermo;humidity;Avg (%),Hygro/Thermo;humidity;Max (%),Hygro/Thermo;humidity;Min (%),Hygro/Thermo;humidity;StdDev (%),Hygro/Thermo;humidity;Count (),Hygro/Thermo;temperature;Avg (°C),Hygro/Thermo;temperature;Max (°C),Hygro/Thermo;temperature;Min (°C),Hygro/Thermo;temperature;StdDev (°C),Hygro/Thermo;temperature;Count (),Barometer;air_pressure;Avg (hPa),Barometer;air_pressure;Max (hPa),Barometer;air_pressure;Min (hPa),Barometer;air_pressure;StdDev (hPa),Barometer;air_pressure;Count (),DHI (Diffuse Horizontal Irradiance);solar_irradiance;Avg (W/m²),DHI (Diffuse Horizontal Irradiance);solar_irradiance;Max (W/m²),DHI (Diffuse Horizontal Irradiance);solar_irradiance;Min (W/m²),DHI (Diffuse Horizontal Irradiance);solar_irradiance;StdDev (W/m²),DHI (Diffuse Horizontal Irradiance);solar_irradiance;Count (),GHI (Global Horizontal Irradiance);solar_irradiance;Avg (W/m²),GHI (Global Horizontal Irradiance);solar_irradiance;Max (W/m²),GHI (Global Horizontal Irradiance);solar_irradiance;Min (W/m²),GHI (Global Horizontal Irradiance);solar_irradiance;StdDev (W/m²),GHI (Global Horizontal Irradiance);solar_irradiance;Count (),DNI (Direct Normal Irradiance) Pyrheliometer;solar_DNI;Avg (W/m²),DNI (Direct Normal Irradiance) Pyrheliometer;solar_DNI;Max (W/m²),DNI (Direct Normal Irradiance) Pyrheliometer;solar_DNI;Min (W/m²),DNI (Direct Normal Irradiance) Pyrheliometer;solar_DNI;StdDev (W/m²),DNI (Direct Normal Irradiance) Pyrheliometer;solar_DNI;Count (),Precipitation;precipitation;Count (),Precipitation;precipitation;Sum (mm),GTI (Global Tilt Irradiance) PV Cell;voltage;Avg (W/m2),GTI (Global Tilt Irradiance) PV Cell;voltage;Max (W/m2),GTI (Global Tilt Irradiance) PV Cell;voltage;Min (W/m2),GTI (Global Tilt Irradiance) PV Cell;voltage;StdDev (W/m2),GTI (Global Tilt Irradiance) PV Cell;voltage;Count (),Theta;other;Avg (°),Theta;other;Max (°),Theta;other;Min (°),Theta;other;StdDev (°),Theta;other;Count (),A1;channel;Avg (V),A1;channel;Max (V),A1;channel;Min (V),A1;channel;StdDev (V),A2;channel;Avg (V),A2;channel;Max (V),A2;channel;Min (V),A2;channel;StdDev (V),A3;channel;Avg (V),A3;channel;Max (V),A3;channel;Min (V),A3;channel;StdDev (V),A4;channel;Avg (V),A4;channel;Max (V),A4;channel;Min (V),A4;channel;StdDev (V),A5;channel;Avg (V),A5;channel;Max (V),A5;channel;Min (V),A5;channel;StdDev (V),A6;channel;Avg (V),A6;channel;Max (V),A6;channel;Min (V),A6;channel;StdDev (V),A7;channel;Avg (V),A7;channel;Max (V),A7;channel;Min (V),A7;channel;StdDev (V),C1;channel;Avg (I),C1;channel;Max (I),C1;channel;Min (I),C1;channel;StdDev (I),C2;channel;Avg (I),C2;channel;Max (I),C2;channel;Min (I),C2;channel;StdDev (I),D1;channel;Avg (),D1;channel;Max (),D1;channel;Min (),D1;channel;StdDev (),T;channel;Avg (°C),I;channel;Avg (mA),I;channel;Max (mA),I;channel;Min (mA),V;channel;Avg (V),V;channel;Max (V),V;channel;Min (V)
2022-11-10 00:00:00,1.9608,3.4484,0.4952,0.7216,120,135.1903,34.4287,120,76.0313,76.1437,75.9301,0.0449,120,25.9811,26.0411,25.916,0.0257,120,1008.8681,1009.0579,1008.655,0.0716,120,0,0,0,0,120,0,0,0,0,120,13.7157,14.2604,13.2775,0.2451,120,120,0,0,0,0,0,120,None,None,None,None,0,3.4811,3.4843,3.4776,0.0012,0.5598,0.5604,0.5592,0.0003,0.7603,0.7614,0.7593,0.0004,-0.0001,-0.0001,-0.0001,0,0,0,0,0,0,0,0,0,0,0,0,0,190.3,352,31,78.4353,0,0,0,0,386.1333,714,94,100.8799,35,44.6833,51,41,23.67,23.68,23.63
2022-11-10 00:10:00,1.7405,3.7336,0.4492,0.6756,120,121.8399,33.8001,120,76.0997,76.2352,75.9606,0.0509,120,25.9459,26.0106,25.855,0.0331,120,1008.8124,1008.8931,1008.655,0.0839,120,0,0,0,0,120,0,0,0,0,120,13.6911,14.2604,13.2775,0.2297,120,120,0,0,0,0,0,120,None,None,None,None,0,3.4802,3.4816,3.4776,0.0014,0.5595,0.5601,0.5585,0.0003,0.761,0.7624,0.7596,0.0005,-0.0001,-0.0001,-0.0001,0,0,0,0,0,0,0,0,0,0,0,0,0,166.3583,383,26,73.4358,0,0,0,0,347.3917,762,57,99.8957,35,42.3167,49,39,23.67,23.68,23.63
2022-11-10 00:20:00,1.9758,4.1844,0.6056,0.6568,120,120.0311,30.9447,120,76.2942,76.4794,76.1132,0.0966,120,25.8584,25.9435,25.8,0.034,120,1008.6241,1008.8748,1008.4536,0.1026,120,0,0,0,0,120,0,0,0,0,120,13.6665,14.2604,13.2775,0.2459,120,120,0,0,0,0,0,120,None,None,None,None,0,3.4771,3.4812,3.4742,0.0017,0.5586,0.5594,0.558,0.0003,0.7629,0.7648,0.7611,0.001,-0.0001,-0.0001,-0.0001,0,0,0,0,0,0,0,0,0,0,0,0,0,191.9333,432,43,71.3889,0,0,0,0,339.7917,539,59,88.9398,35,42.0333,47,39,23.67,23.68,23.63
2022-11-10 00:30:00,1.9427,3.6508,0.9092,0.6218,120,136.9883,34.8437,120,76.3881,76.4794,76.2963,0.0577,120,25.8433,25.913,25.7817,0.026,120,1008.5163,1008.6734,1008.4536,0.085,120,0,0,0,0,120,0,0,0,0,120,13.6952,14.2604,13.2775,0.2439,120,120,0,0,0,0,0,120,None,None,None,None,0,3.4753,3.4779,3.4742,0.0014,0.5584,0.5591,0.5578,0.0003,0.7639,0.7648,0.763,0.0006,-0.0001,-0.0001,-0.0001,0,0,0,0,0,0,0,0,0,0,0,0,0,188.3417,374,76,67.5913,0,0,0,0,396.0667,1018,11,118.4488,35,41.7333,47,39,23.67,23.68,23.63
2022-11-10 00:40:00,1.9102,3.3288,0.532,0.6139,120,134.1881,26.6837,120,76.3166,76.3878,76.2352,0.0372,120,25.8307,25.8855,25.7726,0.0254,120,1008.4179,1008.655,1008.2888,0.0876,120,0,0,0,0,120,0,0,0,0,120,13.6747,14.2604,13.2775,0.2044,120,120,0,0,0,0,0,120,None,None,None,None,0,3.4736,3.4776,3.4715,0.0015,0.5583,0.5588,0.5577,0.0003,0.7632,0.7639,0.7624,0.0004,-0.0001,-0.0001,-0.0001,0,0,0,0,0,0,0,0,0,0,0,0,0,184.8,339,35,66.7273,0,0,0,0,380.3833,577,161,76.6083,35,41.4167,47,39,23.67,23.68,23.63
2022-11-10 00:50:00,2.0416,3.7244,0.762,0.6636,120,139.0212,29.4112,120,76.2785,76.3573,76.1742,0.0387,120,25.844,25.8885,25.7848,0.0242,120,1008.3715,1008.4902,1008.2705,0.0893,120,0,0,0,0,120,0,0,0,0,120,13.6788,14.2604,13.2775,0.2206,120,120,0,0,0,0,0,120,None,None,None,None,0,3.4729,3.4748,3.4712,0.0015,0.5584,0.5589,0.5578,0.0002,0.7628,0.7636,0.7617,0.0004,-0.0001,-0.0001,-0.0001,0,0,0,0,0,0,0,0,0,0,0,0,0,199.0833,382,60,72.1343,0,0,0,0,395.9583,693,169,85.3034,35,41.65,47,39,23.67,23.68,23.63
2022-11-10 01:00:00,1.7668,3.8808,0.5964,0.6825,120,139.1722,34.5686,120,76.3212,76.4183,76.2352,0.0449,120,25.7901,25.8702,25.7024,0.0338,120,1008.3625,1008.4902,1008.2705,0.0886,120,0,0,0,0,120,0,0,0,0,120,13.5683,14.2604,13.2775,0.2508,120,120,0,0,0,0,0,120,None,None,None,None,0,3.4727,3.4748,3.4712,0.0015,0.5579,0.5587,0.557,0.0003,0.7632,0.7642,0.7624,0.0004,-0.0001,-0.0001,-0.0001,0,0,0,0,0,0,0,0,0,0,0,0,0,169.2167,399,42,74.1859,0,0,0,0,396.0583,774,129,100.7164,34.9,41.8833,47,39,23.67,23.68,23.63
2022-11-10 01:10:00,1.8941,3.6232,0.5688,0.7465,120,125.4553,36.3319,120,76.4189,76.5099,76.3268,0.0471,120,25.7141,25.7756,25.6505,0.0254,120,1008.3267,1008.4902,1008.1057,0.0807,120,0,0,0,0,120,0,0,0,0,120,13.6297,14.2604,13.2775,0.2313,120,120,0,0,0,0,0,120,None,None,None,None,0,3.4721,3.4748,3.4684,0.0013,0.5571,0.5578,0.5565,0.0003,0.7642,0.7651,0.7633,0.0005,-0.0001,-0.0001,-0.0001,0,0,0,0,0,0,0,0,0,0,0,0,0,183.05,371,39,81.1448,0,0,0,0,356.15,609,87,103.8219,34,41.6167,47,39,23.67,23.68,23.63
2022-11-10 01:20:00,1.4509,3.0252,0.3756,0.5136,120,119.8631,33.3756,120,76.2716,76.4489,76.0826,0.0817,120,25.6706,25.739,25.62,0.0247,120,1008.2357,1008.4719,1008.0874,0.0948,120,0,0,0,0,120,0,0,0,0,120,13.5314,13.7689,13.2775,0.2466,120,120,0,0,0,0,0,120,None,None,None,None,0,3.4706,3.4745,3.4681,0.0016,0.5567,0.5574,0.5562,0.0003,0.7627,0.7645,0.7608,0.0008,-0.0001,-0.0001,-0.0001,0,0,0,0,0,0,0,0,0,0,0,0,0,134.8833,306,18,55.8302,0,0,0,0,341.9083,675,120,97.0031,34,41.35,47,39,23.67,23.68,23.63
2022-11-10 01:30:00,1.8504,3.8716,0.8448,0.5488,120,129.2935,31.3449,120,76.0201,76.1437,75.8385,0.0823,120,25.6263,25.6871,25.5711,0.0259,120,1008.1458,1008.3071,1008.0874,0.0811,120,0,0,0,0,120,0,0,0,0,120,13.6092,14.2604,13.2775,0.2561,120,120,0,0,0,0,0,120,None,None,None,None,0,3.4691,3.4718,3.4681,0.0014,0.5563,0.5569,0.5557,0.0003,0.7602,0.7614,0.7584,0.0008,-0.0001,-0.0001,-0.0001,0,0,0,0,0,0,0,0,0,0,0,0,0,178.3,398,69,59.6533,0,0,0,0,366.6667,567,113,89.5905,34,41.2167,47,39,23.67,23.68,23.63
2022-11-10 01:40:00,1.4744,3.2184,0.2836,0.6139,120,132.6322,40.7746,120,75.7942,75.8995,75.6554,0.052,120,25.6126,25.6658,25.5589,0.0246,120,1008.0944,1008.2888,1007.9043,0.0501,120,0,0,0,0,120,0,0,0,0,120,13.6092,14.2604,13.2775,0.2639,120,120,0,0,0,0,0,120,None,None,None,None,0,3.4682,3.4715,3.4651,0.0008,0.5561,0.5567,0.5556,0.0003,0.7579,0.759,0.7566,0.0005,-0.0001,-0.0001,-0.0001,0,0,0,0,0,0,0,0,0,0,0,0,0,137.4333,327,8,66.7311,0,0,0,0,399.025,990,12,144.3808,34,41.6333,47,39,23.67,23.68,23.63
2022-11-10 01:50:00,1.5648,3.154,0.486,0.53,120,131.2245,32.9652,120,75.7419,75.8385,75.6554,0.045,120,25.6079,25.6627,25.5559,0.0238,120,1007.9962,1008.1057,1007.886,0.0952,120,0,0,0,0,120,0,0,0,0,120,13.5846,14.2604,13.2775,0.2708,120,120,0,0,0,0,0,120,None,None,None,None,0,3.4666,3.4684,3.4648,0.0016,0.5561,0.5566,0.5556,0.0002,0.7574,0.7584,0.7566,0.0004,-0.0001,-0.0001,-0.0001,0,0,0,0,0,0,0,0,0,0,0,0,0,147.2583,320,30,57.6035,0,0,0,0,374.4,630,178,94.4934,34,41.8833,47,39,23.67,23.68,23.63
2022-11-10 02:00:00,1.8517,3.7888,0.716,0.7174,120,139.9778,29.7316,120,75.8423,75.9606,75.7164,0.055,120,25.6033,25.6566,25.5498,0.0247,120,1007.9049,1008.1057,1007.7212,0.043,120,0,0,0,0,120,0,0,0,0,120,13.7198,14.2604,13.2775,0.2055,120,120,0,0,0,0,0,120,None,None,None,None,0,3.4651,3.4684,3.462,0.0007,0.556,0.5566,0.5555,0.0003,0.7584,0.7596,0.7572,0.0006,-0.0001,-0.0001,-0.0001,0,0,0,0,0,0,0,0,0,0,0,0,0,178.4417,389,55,77.9729,0,0,0,0,396.675,634,180,85.4885,34,41.85,47,39,23.67,23.68,23.63
2022-11-10 02:10:00,1.6418,3.2092,0.5596,0.5386,120,133.2297,39.4662,120,75.8553,75.9301,75.7775,0.044,120,25.5981,25.6566,25.5498,0.0255,120,1007.8237,1007.9226,1007.7029,0.0914,120,0,0,0,0,120,0,0,0,0,120,13.6215,13.7689,13.2775,0.2262,120,120,0,0,0,0,0,120,None,None,None,None,0,3.4637,3.4654,3.4617,0.0015,0.556,0.5566,0.5555,0.0003,0.7586,0.7593,0.7578,0.0004,-0.0001,-0.0001,-0.0001,0,0,0,0,0,0,0,0,0,0,0,0,0,155.6333,326,38,58.5408,0,0,0,0,381,855,52,116.7475,34,41.8167,47,39,23.66,23.68,23.63
2022-11-10 02:20:00,1.5731,3.0896,0.4584,0.5639,120,115.8236,37.4878,120,75.8896,76.0216,75.7775,0.0644,120,25.5821,25.6383,25.5284,0.0254,120,1007.7261,1007.9226,1007.7029,0.0305,120,0,0,0,0,120,0,0,0,0,120,13.601,14.2604,13.2775,0.2508,120,120,0,0,0,0,0,120,None,None,None,None,0,3.4621,3.4654,3.4617,0.0005,0.5558,0.5564,0.5553,0.0003,0.7589,0.7602,0.7578,0.0006,-0.0001,-0.0001,-0.0001,0,0,0,0,0,0,0,0,0,0,0,0,0,148.1667,313,27,61.29,0,0,0,0,336.7833,995,11,124.7021,34,41.6667,47,39,23.67,23.68,23.63
2022-11-10 02:30:00,1.4139,2.9516,0.3112,0.5745,120,134.5655,39.3201,120,76.1007,76.2963,75.8995,0.0874,120,25.5242,25.5986,25.4582,0.032,120,1007.721,1007.9226,1007.5564,0.0254,120,0,0,0,0,120,0,0,0,0,120,13.5683,14.2604,13.2775,0.2508,120,120,0,0,0,0,0,120,None,None,None,None,0,3.462,3.4654,3.4593,0.0004,0.5552,0.556,0.5546,0.0003,0.761,0.763,0.759,0.0009,-0.0001,-0.0001,-0.0001,0,0,0,0,0,0,0,0,0,0,0,0,0,130.8583,298,11,62.4444,0,0,0,0,382.8333,733,82,113.2302,34,41.7333,47,41,23.67,23.68,23.63
2022-11-10 02:40:00,1.6624,3.4852,0.44,0.6563,120,115.2522,32.7887,120,76.3754,76.5099,76.1742,0.0775,120,25.4889,25.5437,25.4308,0.0244,120,1007.7554,1007.9226,1007.7029,0.0725,120,0,0,0,0,120,0,0,0,0,120,13.5887,14.2604,13.2775,0.2543,120,120,0,0,0,0,0,120,None,None,None,None,0,3.4626,3.4654,3.4617,0.0012,0.5549,0.5554,0.5543,0.0002,0.7638,0.7651,0.7617,0.0008,-0.0001,-0.0001,-0.0001,0,0,0,0,0,0,0,0,0,0,0,0,0,157.875,356,25,71.3357,0,0,0,0,330.1583,829,35,100.5446,34,41.7167,47,39,23.67,23.68,23.63
2022-11-10 02:50:00,1.5712,2.8228,0.532,0.4934,120,122.0859,35.9419,120,76.5854,76.7235,76.3878,0.0808,120,25.4628,25.5132,25.4094,0.0257,120,1007.8047,1007.9226,1007.7029,0.0913,120,0,0,0,0,120,0,0,0,0,120,13.6297,14.2604,13.2775,0.2313,120,120,0,0,0,0,0,120,None,None,None,None,0,3.4634,3.4654,3.4617,0.0015,0.5546,0.5551,0.5541,0.0003,0.7659,0.7672,0.7639,0.0008,-0.0001,-0.0001,-0.0001,0,0,0,0,0,0,0,0,0,0,0,0,0,147.9583,284,35,53.635,0,0,0,0,350.5167,829,64,107.7646,34,41.7167,47,39,23.66,23.68,23.63
2022-11-10 03:00:00,1.3778,3.154,0.3388,0.5469,120,130.3916,36.6664,120,76.7426,76.8761,76.6015,0.0656,120,25.4351,25.4949,25.388,0.0221,120,1007.8068,1007.9226,1007.6846,0.0933,120,0,0,0,0,120,0,0,0,0,120,13.5109,14.2604,13.2775,0.27,120,120,0,0,0,0,0,120,None,None,None,None,0,3.4634,3.4654,3.4614,0.0016,0.5544,0.555,0.5539,0.0002,0.7674,0.7688,0.766,0.0007,-0.0001,-0.0001,-0.0001,0,0,0,0,0,0,0,0,0,0,0,0,0,126.9333,320,14,59.4412,0,0,0,0,372.8833,973,24,116.4329,34,41.85,47,39,23.66,23.68,23.63
2022-11-10 03:10:00,1.3638,2.4272,0.3296,0.4602,120,128.8346,37.381,120,76.9852,77.2118,76.8151,0.0917,120,25.3978,25.4704,25.3331,0.0279,120,1007.7297,1007.9043,1007.6846,0.0535,120,0,0,0,0,120,0,0,0,0,120,13.5396,14.2604,13.2775,0.2543,120,120,0,0,0,0,0,120,None,None,None,None,0,3.4622,3.4651,3.4614,0.0009,0.554,0.5547,0.5533,0.0003,0.7699,0.7721,0.7682,0.0009,-0.0001,-0.0001,-0.0001,0,0,0,0,0,0,0,0,0,0,0,0,0,125.4167,241,13,50.0241,0,0,0,0,369.5917,780,155,109.7979,34,41.6,47,39,23.66,23.68,23.63
2022-11-10 03:20:00,1.1021,2.1052,0.4308,0.4014,120,126.8838,36.6396,120,77.282,77.4255,77.1203,0.0741,120,25.3566,25.4155,25.3026,0.0254,120,1007.7627,1007.9043,1007.6846,0.0815,120,0,0,0,0,120,0,0,0,0,120,13.4577,13.7689,12.786,0.2462,120,120,0,0,0,0,0,120,None,None,None,None,0,3.4627,3.4651,3.4614,0.0014,0.5536,0.5542,0.553,0.0003,0.7728,0.7743,0.7712,0.0007,-0.0001,-0.0001,-0.0001,0,0,0,0,0,0,0,0,0,0,0,0,0,96.9667,206,24,43.6341,0,0,0,0,360.3833,672,98,105.1136,34,41.75,47,39,23.66,23.68,23.63
2022-11-10 03:30:00,1.2376,2.2432,0.532,0.3426,120,119.2441,30.0523,120,77.5872,77.8527,77.3644,0.1203,120,25.2864,25.3636,25.2171,0.0301,120,1007.9121,1008.1057,1007.7029,0.0656,120,0,0,0,0,120,0,0,0,0,120,13.5027,13.7689,13.2775,0.2459,120,120,0,0,0,0,0,120,None,None,None,None,0,3.4652,3.4684,3.4617,0.0011,0.5529,0.5536,0.5522,0.0003,0.7759,0.7785,0.7736,0.0012,-0.0001,-0.0001,-0.0001,0,0,0,0,0,0,0,0,0,0,0,0,0,111.6917,221,35,37.2357,0,0,0,0,338.4833,567,129,86.4962,34,41.6333,47,39,23.66,23.68,23.63
2022-11-10 03:40:00,1.0514,1.8476,0.3112,0.3109,120,121.003,33.842,120,77.9519,78.1274,77.7612,0.0931,120,25.2559,25.3087,25.1958,0.0248,120,1007.9441,1008.1057,1007.7029,0.0882,120,0,0,0,0,120,0,0,0,0,120,13.4945,14.2604,13.2775,0.2532,120,120,0,0,0,0,0,120,None,None,None,None,0,3.4657,3.4684,3.4617,0.0015,0.5526,0.5531,0.552,0.0003,0.7795,0.7813,0.7776,0.0009,-0.0001,-0.0001,-0.0001,0,0,0,0,0,0,0,0,0,0,0,0,0,91.4583,178,11,33.7915,0,0,0,0,358.7583,991,132,119.562,34,41.95,47,39,23.66,23.68,23.63
2022-11-10 03:50:00,1.1822,2.28,0.3204,0.4585,120,144.1419,29.5251,120,78.2617,78.4326,78.0663,0.1027,120,25.2411,25.2995,25.1836,0.0271,120,1008.0432,1008.1057,1007.886,0.0796,120,0,0,0,0,120,0,0,0,0,120,13.4986,14.2604,12.786,0.2692,120,120,0,0,0,0,0,120,None,None,None,None,0,3.4674,3.4684,3.4648,0.0013,0.5524,0.553,0.5518,0.0003,0.7826,0.7843,0.7807,0.001,-0.0001,-0.0001,-0.0001,0,0,0,0,0,0,0,0,0,0,0,0,0,105.675,225,12,49.8384,0,0,0,0,409.175,640,136,85.0441,34,41.55,47,39,23.66,23.68,23.63
2022-11-10 04:00:00,1.2455,2.1604,0.4768,0.3702,120,138.5927,28.23,120,78.4524,78.6157,78.3105,0.0652,120,25.2457,25.3026,25.1897,0.0249,120,1008.0784,1008.2888,1007.886,0.0781,120,0,0,0,0,120,0,0,0,0,120,13.5396,14.2604,13.2775,0.2543,120,120,0,0,0,0,0,120,None,None,None,None,0,3.468,3.4715,3.4648,0.0013,0.5525,0.553,0.5519,0.0003,0.7845,0.7862,0.7831,0.0007,-0.0001,-0.0001,-0.0001,0,0,0,0,0,0,0,0,0,0,0,0,0,112.55,212,29,40.2423,0,0,0,0,392.3917,612,144,81.7651,34,41.9833,47,39,23.65,23.68,23.63
2022-11-10 04:10:00,0.915,1.8936,0.2652,0.3445,120,131.8209,41.1056,120,78.6157,78.7378,78.4936,0.0603,120,25.2119,25.2629,25.1531,0.0236,120,1008.2177,1008.4536,1008.0691,0.094,120,0,0,0,0,120,0,0,0,0,120,13.5109,13.7689,13.2775,0.2465,120,120,0,0,0,0,0,120,None,None,None,None,0,3.4703,3.4742,3.4678,0.0016,0.5521,0.5526,0.5515,0.0002,0.7862,0.7874,0.7849,0.0006,-0.0001,-0.0001,-0.0001,0,0,0,0,0,0,0,0,0,0,0,0,0,76.625,183,6,37.4494,0,0,0,0,389.7667,930,20,133.9361,34,41.7167,47,39,23.66,23.68,23.63
2022-11-10 04:20:00,1.1626,2.4272,0.5044,0.426,120,115.863,39.2969,120,78.7558,78.8903,78.5852,0.0853,120,25.1841,25.2416,25.1256,0.0272,120,1008.1849,1008.2888,1008.0691,0.0923,120,0,0,0,0,120,0,0,0,0,120,13.5478,13.7689,13.2775,0.2455,120,120,0,0,0,0,0,120,None,None,None,None,0,3.4697,3.4715,3.4678,0.0015,0.5518,0.5524,0.5513,0.0003,0.7876,0.7889,0.7859,0.0009,-0.0001,-0.0001,-0.0001,0,0,0,0,0,0,0,0,0,0,0,0,0,103.5417,241,32,46.3048,0,0,0,0,340.3833,982,112,124.6991,34,41.5,47,39,23.66,23.68,23.63
2022-11-10 04:30:00,1.3099,2.2248,0.5596,0.3713,120,110.5815,29.1055,120,78.8682,78.9819,78.7683,0.0564,120,25.177,25.2324,25.1225,0.0253,120,1008.1559,1008.2888,1008.0691,0.0897,120,0,0,0,0,120,0,0,0,0,120,13.5887,14.2604,13.2775,0.2462,120,120,0,0.0687,0.6104,0,0.1397,120,None,None,None,None,0,3.4693,3.4715,3.4678,0.0015,0.5518,0.5523,0.5512,0.0003,0.7887,0.7898,0.7877,0.0006,-0.0001,-0.0001,-0.0001,0,0,0,0,0,0,0,0,0,0.0001,0.0006,0,0.0001,119.5583,219,38,40.3553,0,0,0,0,313.5833,486,82,83.2917,33.6,41.6167,47,39,23.65,23.68,23.63
2022-11-10 04:40:00,1.0569,2.2892,0.3664,0.4043,120,120.4503,34.1939,120,78.9176,79.0735,78.7988,0.0652,120,25.1749,25.2294,25.1134,0.023,120,1008.182,1008.2888,1008.0691,0.0918,120,0.811,2.4032,0,0.7714,120,0.696,2.5642,0,0.8024,120,13.5437,13.7689,13.2775,0.2459,120,120,0,1.8311,3.6622,0.3052,1.0079,120,None,None,None,None,0,3.4697,3.4715,3.4678,0.0015,0.5517,0.5523,0.5511,0.0002,0.7892,0.7907,0.788,0.0007,-0.0001,-0.0001,-0.0001,0,0,0,0,0,0,0,0,0,0.0018,0.0037,0.0003,0.001,92.0583,226,17,43.9452,0,0,0,0,346.2917,840,143,102.2873,33,41.7333,47,39,23.66,23.68,23.63
2022-11-10 04:50:00,1.2743,2.8872,0.5872,0.4068,120,116.0603,27.453,120,78.9738,79.1345,78.8293,0.0661,120,25.143,25.2049,25.0768,0.0258,120,1008.2453,1008.2705,1008.0691,0.0536,120,6.2739,9.8528,2.4032,2.1461,120,5.9291,9.5258,2.5642,2.0112,120,13.8797,15.2449,13.2775,0.4574,120,120,0,6.6301,9.4607,3.6622,1.6701,120,89.26,89.89,88.61,0.44,77,3.4708,3.4712,3.4678,0.0009,0.5514,0.5521,0.5508,0.0003,0.7897,0.7913,0.7883,0.0007,-0.0001,-0.0001,-0.0001,0,0.0001,0.0001,0,0,0,0.0001,0,0,0.0066,0.0095,0.0037,0.0017,115.6833,291,41,44.2227,0,0,0,0,328.9417,544,131,78.8839,33,41.8667,47,39,23.66,23.68,23.63
2022-11-10 05:00:00,1.0602,2.0224,0.4032,0.3804,120,131.0582,33.2362,120,79.0498,79.1345,78.9514,0.0443,120,25.1622,25.2294,25.0859,0.0282,120,1008.2617,1008.4536,1008.0691,0.0699,120,13.5191,17.0614,9.6118,2.2631,120,13.519,17.5858,9.5258,2.285,120,16.2815,24.096,14.2604,2.3533,120,120,0,12.7745,15.8696,9.4607,1.9013,120,87.31,88.61,86.04,0.69,120,3.471,3.4742,3.4678,0.0012,0.5516,0.5523,0.5509,0.0003,0.7905,0.7913,0.7895,0.0004,-0.0001,-0.0001,-0.0001,0,0.0002,0.0002,0.0001,0,0.0001,0.0001,0.0001,0,0.0128,0.0159,0.0095,0.0019,92.4167,197,21,41.3445,0,0,0,0,373.0417,703,59,97.7147,33,41.7333,47,39,23.66,23.68,23.63
2022-11-10 05:10:00,0.8894,1.8292,0,0.3765,120,127.164,41.7824,120,79.0915,79.1955,78.9819,0.0467,120,25.1889,25.2599,25.1164,0.0274,120,1008.3236,1008.4536,1008.2339,0.0864,120,22.182,26.1929,17.3016,2.737,120,22.1287,26.7455,17.2197,2.9468,120,16.8592,23.6046,15.2449,2.0757,120,120,0,19.659,23.4992,15.5644,2.5075,120,84.94,86.04,83.72,0.69,120,3.4721,3.4742,3.4706,0.0014,0.5519,0.5526,0.5512,0.0003,0.7909,0.792,0.7898,0.0005,-0.0001,-0.0001,-0.0001,0,0.0003,0.0003,0.0002,0,0.0002,0.0002,0.0001,0,0.0197,0.0235,0.0156,0.0025,74.0333,176,0,40.5201,0,0,0,0,371.5667,926,29,133.0581,33,41.7167,47,39,23.65,23.68,23.63
2022-11-10 05:20:00,1.0636,2.4824,0.4952,0.3829,120,132.7126,37.0497,120,79.3176,79.6228,79.0429,0.1428,120,25.3159,25.6017,25.1561,0.1132,120,1008.3532,1008.4719,1008.2522,0.0922,120,30.0719,35.3244,25.9528,2.6495,120,55.9109,93.4238,26.3782,21.7337,120,197.3426,381.1118,18.1953,137.8548,120,120,0,28.6645,39.9793,23.1941,4.4084,120,82.56,83.72,81.4,0.7,120,3.4726,3.4745,3.4709,0.0015,0.5532,0.556,0.5516,0.0011,0.7932,0.7962,0.7904,0.0014,-0.0012,-0.0001,-0.0024,0.0009,0.0004,0.0004,0.0003,0,0.0005,0.0008,0.0002,0.0002,0.0287,0.04,0.0232,0.0044,92.7833,247,31,41.6169,0,0,0,0,387.15,1009,81,125.5468,33,41.6,47,39,23.65,23.68,23.63
2022-11-10 05:30:00,0.9201,2.1972,0,0.3874,120,157.6337,40.6084,120,78.8947,79.3786,78.6767,0.1751,120,25.7702,25.9069,25.5467,0.083,120,1008.4707,1008.6367,1008.2522,0.0783,120,50.0031,74.0134,35.3244,10.6963,120,67.5431,144.3493,39.2017,27.3071,120,108.1253,402.2575,17.2108,102.342,120,120,0,51.0193,87.8933,33.5704,15.2586,120,80.18,81.4,79.08,0.7,120,3.4745,3.4773,3.4709,0.0013,0.5577,0.5591,0.5555,0.0008,0.7889,0.7938,0.7868,0.0018,-0.0007,-0.0001,-0.0025,0.0006,0.0006,0.0009,0.0004,0.0001,0.0006,0.0012,0.0003,0.0002,0.051,0.0879,0.0336,0.0153,77.375,216,0,41.7071,0,0,0,0,447.3167,820,154,117.2601,33,41.7167,47,39,23.66,23.68,23.63
2022-11-10 05:40:00,0.6635,1.7096,0,0.3488,120,165.0354,41.6502,120,78.7637,79.0124,78.3715,0.1539,120,26.088,26.3768,25.8519,0.1583,120,1008.5041,1008.655,1008.417,0.0888,120,103.7649,124.7173,75.4551,12.8285,120,123.4784,212.8607,81.6999,30.5426,120,103.3922,468.1534,14.2604,129.2803,120,120,0,104.8209,142.5214,75.6859,14.3762,120,77.8,79.08,76.49,0.69,120,3.4751,3.4776,3.4736,0.0015,0.5609,0.5638,0.5585,0.0016,0.7876,0.7901,0.7837,0.0015,-0.0006,-0.0001,-0.0029,0.0008,0.0013,0.0016,0.001,0.0002,0.001,0.0018,0.0007,0.0003,0.1048,0.1425,0.0757,0.0144,49.8667,163,0,36.9769,0,0,0,0,465.5083,786,88,119.2253,33,42.1,47,39,23.65,23.68,23.63
2022-11-10 05:50:00,0.8421,2.74,0.2192,0.4716,120,127.5325,63.6295,120,78.2612,78.4936,77.8222,0.1487,120,26.5299,26.8072,26.3219,0.1099,120,1008.6041,1008.8382,1008.4353,0.0834,120,104.7081,165.8094,84.1063,18.0799,120,177.1912,334.4946,91.5918,82.8541,120,270.09,592.5685,14.2604,270.1653,120,120,0,129.8079,238.9599,78.4326,44.1341,120,75.41,76.49,74.17,0.69,120,3.4767,3.4806,3.4739,0.0014,0.5653,0.5681,0.5632,0.0011,0.7826,0.7849,0.7782,0.0015,-0.0017,-0.0001,-0.0037,0.0017,0.0013,0.0021,0.0011,0.0002,0.0015,0.0028,0.0008,0.0007,0.1298,0.239,0.0784,0.0441,68.7083,275,1,51.2618,0,0,0,0,361.2083,974,2,185.4362,33,41.4167,47,39,23.66,23.68,23.63
2022-11-10 06:00:00,1.9329,4.2396,0.4216,0.8054,120,91.0821,40.7639,120,77.0564,78.1884,75.808,0.765,120,27.0621,27.2588,26.7309,0.1331,120,1008.7202,1008.8382,1008.4353,0.1009,120,152.9209,212.1874,116.0661,36.4359,120,243.8916,383.9544,119.8031,106.2138,120,309.7543,611.7467,14.2604,276.3816,120,120,0,186.7504,289.6206,98.88,73.7046,120,73.02,74.17,71.84,0.7,120,3.4787,3.4806,3.4739,0.0017,0.5706,0.5726,0.5673,0.0013,0.7706,0.7819,0.7581,0.0077,-0.0019,-0.0001,-0.0038,0.0017,0.0019,0.0027,0.0015,0.0005,0.002,0.0032,0.001,0.0009,0.1868,0.2896,0.0989,0.0737,187.275,438,23,87.5485,0,0,0,0,270.575,798,1,126.0729,33,41.65,47,39,23.66,23.68,23.63
2022-11-10 06:10:00,1.8743,3.5128,0.5596,0.6363,120,104.9529,41.9292,120,76.3133,76.8456,75.6859,0.3053,120,27.0376,27.3656,26.8255,0.1488,120,1008.7553,1009.0213,1008.6184,0.0991,120,126.9923,160.0417,98.0441,18.1849,120,343.4187,397.8764,121.2677,67.0865,120,609.4235,687.9697,28.0309,163.3421,120,120,0,247.7162,296.0295,99.7955,47.0754,120,70.64,71.84,69.51,0.7,120,3.4793,3.4837,3.477,0.0017,0.5704,0.5737,0.5683,0.0015,0.7631,0.7685,0.7569,0.0031,-0.0038,-0.0002,-0.0043,0.001,0.0016,0.002,0.0012,0.0002,0.0029,0.0033,0.001,0.0006,0.2477,0.296,0.0998,0.0471,180.9,359,38,69.1623,0,0,0,0,312.3917,886,10,134.8318,33,41.2833,49,41,23.65,23.68,23.63
2022-11-10 06:20:00,2.3398,4.2948,0.6056,0.8755,120,123.8493,38.4919,120,74.6546,75.9301,73.6717,0.5145,120,27.5287,27.683,27.3168,0.0912,120,1008.847,1009.0213,1008.6367,0.0668,120,97.8535,109.0976,87.711,7.4453,120,364.378,411.7983,186.8475,46.3767,120,664.7381,730.261,207.0303,103.1613,120,120,0,262.1515,302.4384,136.1125,34.6797,120,68.25,69.51,67.18,0.69,120,3.4808,3.4837,3.4773,0.0011,0.5753,0.5768,0.5732,0.0009,0.7465,0.7593,0.7367,0.0051,-0.0041,-0.0013,-0.0045,0.0006,0.0012,0.0014,0.0011,0.0001,0.003,0.0034,0.0016,0.0004,0.2622,0.3024,0.1361,0.0347,231.5,444,43,95.162,0,0,0,0,360.8,969,149,119.7409,33,41.6167,47,41,23.65,23.68,23.63
2022-11-10 06:30:00,2.7684,5.0492,0.716,0.9793,120,105.7636,35.3145,120,72.9331,73.8243,72.3899,0.3768,120,27.4332,27.7349,27.149,0.1943,120,1009.0135,1009.2227,1008.8198,0.1001,120,140.2169,176.3827,103.5709,20.4544,120,313.8863,509.6182,117.2377,140.6078,120,393.6933,741.0796,28.0309,302.4802,120,120,0,245.4121,405.2858,91.8607,105.3205,120,65.86,66.92,64.59,0.69,120,3.4836,3.487,3.4803,0.0017,0.5743,0.5774,0.5715,0.0019,0.7293,0.7382,0.7239,0.0038,-0.0024,-0.0002,-0.0046,0.0019,0.0018,0.0022,0.0013,0.0003,0.0026,0.0042,0.001,0.0012,0.2454,0.4053,0.0919,0.1053,278.0833,526,55,106.4455,0,0,0,0,309.7083,800,18,108.5155,33,41.9667,47,39,23.66,23.68,23.63
2022-11-10 06:40:00,2.4324,5.0216,0.3756,0.9561,120,128.3943,32.8483,120,73.1127,73.4275,72.6951,0.1462,120,27.1516,27.2191,27.0757,0.0349,120,1009.1595,1009.3875,1009.003,0.0869,120,202.8359,251.1165,159.0811,31.4099,120,263.7274,609.2713,160.4694,110.5295,120,136.2088,774.5198,14.7535,197.6025,120,120,0,229.5501,502.6399,139.7748,89.5944,120,63.47,64.59,62.26,0.7,120,3.486,3.4898,3.4834,0.0014,0.5715,0.5722,0.5708,0.0003,0.7311,0.7343,0.727,0.0015,-0.0008,-0.0001,-0.0048,0.0012,0.0026,0.0032,0.002,0.0004,0.0022,0.0051,0.0013,0.0009,0.2296,0.5026,0.1398,0.0896,241.5667,523,18,103.9278,0,0,0,0,369.9583,1000,84,107.0896,34,41.4833,47,39,23.66,23.68,23.63
2022-11-10 06:50:00,2.4346,5.2608,0.6056,0.8958,120,120.4375,37.8809,120,72.9682,73.4581,72.3594,0.2265,120,27.2562,27.619,27.0605,0.1555,120,1009.1855,1009.3875,1009.003,0.0869,120,229.9101,255.4425,198.9709,19.1537,120,496.5059,681.8115,226.7827,144.4176,120,514.3257,809.9259,43.2743,255.2389,120,120,0,419.3599,572.5272,201.117,116.3912,120,61.08,62.26,59.93,0.7,120,3.4864,3.4898,3.4834,0.0014,0.5726,0.5762,0.5706,0.0016,0.7297,0.7346,0.7236,0.0023,-0.0032,-0.0003,-0.005,0.0016,0.0029,0.0032,0.0025,0.0002,0.0041,0.0057,0.0019,0.0012,0.4194,0.5725,0.2011,0.1164,241.8083,549,43,97.3683,0,0,0,0,348.2083,757,34,111.106,34,41.8833,47,39,23.66,23.68,23.63
2022-11-10 07:00:00,2.7552,5.2884,0.486,1.0476,120,100.4795,38.5659,120,71.7839,73.0003,70.8945,0.5105,120,27.4368,27.7502,27.1795,0.1967,120,1009.34,1009.4241,1009.2044,0.086,120,217.8469,258.326,169.1732,27.729,120,236.897,429.7503,171.8271,47.4811,120,41.9223,358.9832,13.7689,63.6078,120,120,0,207.7522,360.4236,147.0992,41.1954,120,58.69,59.93,57.61,0.7,120,3.489,3.4904,3.4867,0.0014,0.5744,0.5775,0.5718,0.002,0.7178,0.73,0.7089,0.0051,-0.0003,-0.0001,-0.0022,0.0004,0.0028,0.0033,0.0021,0.0004,0.002,0.0036,0.0014,0.0004,0.2078,0.3604,0.1471,0.0412,276.65,552,30,113.8695,0,0,0,0,307.3167,963,5,137.703,34,41.5833,47,41,23.66,23.68,23.63
2022-11-10 07:10:00,2.1169,4.212,0.4492,0.8968,120,96.3141,42.2602,120,72.7488,73.4886,71.6575,0.4983,120,27.5031,27.86,27.1581,0.2389,120,1009.3915,1009.6072,1009.2044,0.0707,120,247.9269,298.6968,166.0496,42.2599,120,665.0232,785.8607,265.617,120.9145,120,698.2679,828.1212,27.5379,214.771,120,120,0,571.0598,675.3746,237.434,99.811,120,56.3,57.61,55.02,0.69,120,3.4899,3.4935,3.4867,0.0012,0.575,0.5786,0.5716,0.0024,0.7275,0.7349,0.7166,0.005,-0.0043,-0.0002,-0.0051,0.0013,0.0031,0.0038,0.0021,0.0005,0.0055,0.0065,0.0022,0.001,0.5711,0.6754,0.2374,0.0998,207.275,435,26,97.4798,0,0,0,0,289.2417,832,26,134.4296,34,41.45,47,39,23.66,23.68,23.63
2022-11-10 07:20:00,2.7163,5.2792,0.8172,1.0035,120,117.4531,29.0759,120,71.427,72.3899,70.8029,0.4183,120,27.7443,27.8967,27.6342,0.0737,120,1009.4649,1009.6072,1009.3875,0.086,120,195.6529,237.6598,155.9567,30.187,120,556.2667,773.0384,175.1236,231.3951,120,569.2428,849.7583,14.7535,342.0924,120,120,0,472.5461,669.5761,140.9955,202.2699,120,53.92,55.02,52.7,0.7,120,3.4911,3.4935,3.4898,0.0014,0.5774,0.579,0.5763,0.0007,0.7143,0.7239,0.708,0.0042,-0.0035,-0.0001,-0.0053,0.0021,0.0025,0.003,0.002,0.0004,0.0046,0.0064,0.0015,0.0019,0.4725,0.6696,0.141,0.2023,272.425,551,66,109.0779,0,0,0,0,334.8167,552,141,83.2102,34,41.65,47,39,23.67,23.68,23.63
2022-11-10 07:30:00,2.3799,4.0096,0.5872,0.694,120,118.8595,37.7736,120,70.4215,72.2678,69.3075,0.9538,120,28.2045,28.3789,27.8387,0.1245,120,1009.543,1009.8086,1009.4058,0.0942,120,213.3773,279.2323,185.0339,30.7576,120,542.9126,880.3842,195.6411,286.5451,120,491.3606,871.3954,15.7364,394.7982,120,120,0,467.3706,769.0664,166.0207,249.6012,120,51.54,52.7,50.37,0.7,120,3.4924,3.4968,3.4901,0.0016,0.582,0.5838,0.5784,0.0012,0.7042,0.7227,0.6931,0.0095,-0.003,-0.0001,-0.0054,0.0024,0.0027,0.0035,0.0024,0.0004,0.0045,0.0073,0.0016,0.0024,0.4674,0.7691,0.166,0.2496,235.8583,413,41,75.4376,0,0,0,0,338.2333,564,84,106.9117,34.5,42.0833,47,41,23.67,23.68,23.63
2022-11-10 07:40:00,2.6451,5.0308,0.716,1.03,120,110.2505,36.2315,120,69.2897,70.101,68.6972,0.3977,120,28.2126,28.3544,28.0462,0.096,120,1009.62,1009.8086,1009.4241,0.0617,120,237.77,286.2008,208.8236,22.9772,120,722.9187,884.048,311.0468,171.2868,120,685.5314,888.1147,45.7332,263.4675,120,120,0,630.3802,775.4753,272.2251,147.5559,120,49.16,50.37,48.06,0.69,120,3.4937,3.4968,3.4904,0.001,0.5821,0.5835,0.5805,0.001,0.6929,0.701,0.687,0.004,-0.0043,-0.0003,-0.0055,0.0016,0.003,0.0036,0.0027,0.0003,0.006,0.0074,0.0026,0.0014,0.6304,0.7755,0.2722,0.1476,264.6833,524,55,111.9567,0,0,0,0,311.85,656,61,105.1188,35,41.4,47,39,23.67,23.68,23.63
2022-11-10 07:50:00,2.9412,5.178,1.0196,1.0115,120,130.5295,34.5924,120,68.2412,68.7582,67.5069,0.2753,120,28.2755,28.3514,28.1927,0.033,120,1009.7534,1010.0101,1009.5889,0.0952,120,284.5731,306.6268,262.6512,11.4617,120,531.2498,943.3998,275.509,273.8644,120,340.8539,891.0651,14.7535,364.8147,120,120,0,468.5583,832.5449,245.674,240.3883,120,46.78,48.06,45.48,0.69,120,3.4959,3.5002,3.4931,0.0016,0.5828,0.5835,0.5819,0.0003,0.6824,0.6876,0.6751,0.0028,-0.0021,-0.0001,-0.0055,0.0023,0.0036,0.0039,0.0033,0.0001,0.0044,0.0079,0.0023,0.0023,0.4686,0.8325,0.2457,0.2404,296.8667,540,88,109.9479,0,0,0,0,382.7417,989,200,118.5176,35,41.7,47,39,23.67,23.68,23.63
2022-11-10 08:00:00,2.7639,5.684,0.67,1.1345,120,134.4773,34.2951,120,68.0514,68.7887,67.3849,0.389,120,28.1309,28.2202,27.9241,0.0771,120,1009.9245,1010.0284,1009.6072,0.0968,120,286.5576,334.7425,253.0394,22.171,120,542.192,1027.6639,262.6867,295.2201,120,336.8051,897.9504,15.2449,368.9604,120,120,0,485.9004,922.2694,234.077,264.6114,120,44.41,45.48,43.17,0.69,120,3.4987,3.5005,3.4935,0.0016,0.5813,0.5822,0.5792,0.0008,0.6805,0.6879,0.6738,0.0039,-0.0021,-0.0001,-0.0056,0.0023,0.0036,0.0043,0.0032,0.0003,0.0045,0.0086,0.0022,0.0025,0.4859,0.9223,0.2341,0.2646,277.6,595,50,123.31,0,0,0,0,382.4,730,175,98.9435,35,41.65,47,39,23.67,23.68,23.63
2022-11-10 08:10:00,2.0962,4.2672,0.4216,0.9664,120,120.6764,46.7052,120,67.9665,68.7277,67.4154,0.2839,120,28.0364,28.3178,27.8936,0.1321,120,1009.9048,1010.1932,1009.8086,0.0952,120,305.6497,370.5472,235.2567,38.6583,120,529.5096,1074.9256,242.1693,298.7516,120,281.3636,899.9178,14.7535,347.4707,120,120,0,478.192,961.6382,213.0192,272.0096,120,42.04,43.17,40.87,0.69,120,3.4984,3.5032,3.4968,0.0016,0.5804,0.5832,0.5789,0.0013,0.6797,0.6873,0.6742,0.0028,-0.0017,-0.0001,-0.0056,0.0022,0.0039,0.0047,0.003,0.0005,0.0044,0.009,0.002,0.0025,0.4782,0.9616,0.213,0.272,205.0167,441,23,105.0415,0,0,0,0,359.9,973,99,144.753,35.9,41.5167,47,39,23.67,23.68,23.63
2022-11-10 08:20:00,2.9363,5.5552,0.4216,1.1442,120,99.2106,33.2309,120,67.6033,69.1244,66.5914,0.6536,120,28.4788,28.6199,28.2171,0.1168,120,1009.9828,1010.1932,1009.8086,0.0748,120,346.0386,398.663,322.7276,19.3277,120,710.0866,1145.6351,334.8607,337.5316,120,437.9639,923.5224,15.2449,396.7088,120,120,0,641.6364,1038.8501,304.2695,305.3337,120,39.68,40.87,38.57,0.69,120,3.4997,3.5032,3.4968,0.0012,0.5848,0.5862,0.5822,0.0012,0.676,0.6912,0.6659,0.0065,-0.0027,-0.0001,-0.0057,0.0025,0.0044,0.0051,0.0041,0.0002,0.0059,0.0095,0.0028,0.0028,0.6416,1.0389,0.3043,0.3053,296.3417,581,23,124.3687,0,0,0,0,285.55,555,27,96.4415,36,41.9333,47,39,23.68,23.68,23.63
2022-11-10 08:30:00,3.2674,5.3344,1.0196,1.0096,120,104.5063,33.4742,120,67.3813,68.3309,66.805,0.3574,120,28.2305,28.3148,28.0859,0.0637,120,1010.1091,1010.3946,1009.9918,0.099,120,341.8213,395.5394,309.5102,18.9013,120,781.7819,1157.3589,321.6723,348.7887,120,515.4896,919.5875,15.7364,397.0034,120,120,0,707.4725,1052.8886,282.6014,315.3621,120,37.34,38.57,36.29,0.68,120,3.5018,3.5066,3.4999,0.0016,0.5823,0.5831,0.5809,0.0006,0.6738,0.6833,0.6681,0.0036,-0.0032,-0.0001,-0.0057,0.0025,0.0043,0.005,0.0039,0.0002,0.0065,0.0096,0.0027,0.0029,0.7075,1.0529,0.2826,0.3154,332.325,557,88,109.7434,0,0,0,0,305.8,879,92,106.3297,36,41.3833,47,39,23.68,23.68,23.63
2022-11-10 08:40:00,2.7605,4.8928,0.854,0.8797,120,104.2112,39.8501,120,67.8091,68.5446,66.9271,0.39,120,28.4276,28.7115,28.0828,0.2102,120,1010.1607,1010.3946,1010.0101,0.089,120,322.0444,409.7173,283.5575,39.1644,120,892.7763,1226.2365,315.443,303.2834,120,646.166,923.5224,21.1457,343.4021,120,120,0,809.7018,1117.893,284.1273,276.3975,120,34.99,36.03,33.76,0.68,120,3.5027,3.5066,3.5002,0.0015,0.5843,0.5871,0.5808,0.0021,0.6781,0.6854,0.6693,0.0039,-0.004,-0.0001,-0.0057,0.0021,0.0041,0.0052,0.0036,0.0005,0.0074,0.0102,0.0026,0.0025,0.8097,1.1179,0.2841,0.2764,277.2333,509,70,95.6147,0,0,0,0,308.825,988,39,129.4029,36.4,41.65,47,39,23.68,23.68,23.63
2022-11-10 08:50:00,2.6018,5.4816,0.5964,1.2392,120,101.3301,38.3542,120,67.0972,68.2699,66.1946,0.5533,120,28.5203,28.7207,28.2354,0.1789,120,1010.1711,1010.2481,1010.0101,0.0849,120,295.9194,372.9504,223.722,43.8212,120,621.3246,1187.401,233.0108,332.0673,120,359.2703,918.1131,14.7535,338.8948,120,120,0,561.1387,1087.9849,204.1688,307.6069,120,32.67,33.76,31.5,0.68,120,3.5029,3.5041,3.5002,0.0014,0.5852,0.5872,0.5824,0.0018,0.671,0.6827,0.6619,0.0055,-0.0022,-0.0001,-0.0057,0.0021,0.0038,0.0047,0.0028,0.0006,0.0052,0.0099,0.0019,0.0028,0.5611,1.088,0.2042,0.3076,259.975,573,42,134.6972,0,0,0,0,303.2583,1012,27,133.1483,37,41.7,47,41,23.68,23.68,23.63
2022-11-10 09:00:00,3.0441,5.684,0.5044,1.0836,120,111.4433,34.4683,120,67.0161,68.392,65.8284,0.723,120,28.4025,28.6535,28.095,0.1756,120,1010.2106,1010.4312,1010.0284,0.0933,120,348.4657,420.0504,291.4882,35.7512,120,516.3203,1182.2713,304.0864,275.0184,120,182.0817,910.2449,14.7535,302.1377,120,120,0,464.624,1069.0634,267.6473,250.283,120,30.36,31.5,29.26,0.67,120,3.5035,3.5072,3.5005,0.0016,0.584,0.5865,0.5809,0.0018,0.6702,0.6839,0.6583,0.0072,-0.0011,-0.0001,-0.0056,0.0019,0.0044,0.0053,0.0037,0.0005,0.0043,0.0098,0.0025,0.0023,0.4646,1.0691,0.2676,0.2503,308.05,595,32,117.7834,0,0,0,0,321.775,614,96,99.8456,37,41.6167,47,39,23.68,23.68,23.63
2022-11-10 09:10:00,2.7625,5.6012,0.4952,1.0837,120,139.1251,39.7581,120,67.8053,69.0634,66.7745,0.6883,120,28.2264,28.4735,27.9699,0.1954,120,1010.1738,1010.4129,1010.0284,0.1029,120,330.8635,402.748,292.689,26.5567,120,556.34,1291.0828,308.1164,356.126,120,239.769,928.9317,14.2604,361.7503,120,120,0,507.4745,1181.0663,279.5495,327.0235,120,28.07,29.26,27.04,0.66,120,3.5029,3.5069,3.5005,0.0017,0.5823,0.5847,0.5797,0.0019,0.6781,0.6906,0.6677,0.0069,-0.0015,-0.0001,-0.0058,0.0022,0.0042,0.0051,0.0037,0.0003,0.0046,0.0108,0.0026,0.003,0.5075,1.1811,0.2795,0.327,277.45,586,31,117.7928,0,0,0,0,396.425,715,195,113.0883,37,41.7667,47,39,23.68,23.68,23.63
2022-11-10 09:20:00,2.708,5.1136,0.5596,1.105,120,89.3362,44.8159,120,67.199,68.2394,66.2252,0.4928,120,28.626,28.9221,28.3331,0.1862,120,1010.0558,1010.2481,1009.8453,0.0892,120,209.5825,352.5252,161.9646,55.5197,120,1088.4661,1254.0804,614.0336,72.4061,120,906.847,932.865,290.137,71.496,120,120,0,988.052,1146.2752,571.9169,69.7315,120,25.8,27.04,24.6,0.65,120,3.5009,3.5041,3.4974,0.0015,0.5863,0.5892,0.5833,0.0019,0.672,0.6824,0.6623,0.0049,-0.0056,-0.0018,-0.0058,0.0004,0.0027,0.0045,0.0021,0.0007,0.0091,0.0104,0.0051,0.0006,0.9881,1.1463,0.5719,0.0697,271.525,533,38,120.1139,0,0,0,0,280.0667,959,58,152.5465,37.4,41.7167,49,39,23.68,23.68,23.63
2022-11-10 09:30:00,2.7194,4.9296,0.5596,1.0509,120,105.872,42.2411,120,66.1102,67.3543,64.333,0.8456,120,29.04,29.2181,28.8977,0.1007,120,1010.0523,1010.2481,1009.8453,0.063,120,202.3273,241.985,170.3748,19.1183,120,923.7956,1156.2593,211.7611,344.694,120,726.7201,945.651,15.7364,352.7156,120,120,0,837.3719,1043.4278,177.6177,320.3284,120,23.58,24.6,22.45,0.64,120,3.5009,3.5041,3.4974,0.001,0.5904,0.5922,0.589,0.001,0.6611,0.6735,0.6433,0.0085,-0.0045,-0.0001,-0.0059,0.0022,0.0026,0.0031,0.0022,0.0002,0.0077,0.0096,0.0018,0.0029,0.8374,1.0434,0.1776,0.3203,272.7583,513,38,114.2281,0,0,0,0,315.3083,978,94,134.3087,38,41.6167,47,39,23.68,23.68,23.63
2022-11-10 09:40:00,3.2337,5.8864,1.2956,1.0502,120,110.7039,36.2075,120,65.1674,66.805,64.0584,0.6195,120,28.6522,28.8855,28.4094,0.1473,120,1009.9762,1010.0833,1009.6805,0.1069,120,299.3257,376.315,199.9323,36.8924,120,1014.9297,1293.2809,317.6411,293.2937,120,707.3899,959.9114,26.0635,308.6562,120,120,0,924.1081,1181.6767,284.7377,273.6936,120,21.4,22.45,20.35,0.63,120,3.4996,3.5014,3.4947,0.0018,0.5865,0.5888,0.5841,0.0015,0.6517,0.6681,0.6406,0.0062,-0.0044,-0.0002,-0.006,0.0019,0.0038,0.0048,0.0025,0.0005,0.0085,0.0108,0.0026,0.0024,0.9241,1.1817,0.2847,0.2737,328.6583,617,118,114.1497,0,0,0,0,321.0417,926,7,113.2793,38,41.7667,47,41,23.68,23.68,23.63
2022-11-10 09:50:00,2.8422,5.5552,0.486,1.1891,120,110.8255,40.9169,120,65.9652,66.8355,64.7603,0.6222,120,28.9909,29.2303,28.5437,0.2083,120,1009.9109,1010.0833,1009.6622,0.1045,120,193.6763,331.378,150.6701,50.7082,120,1073.6586,1269.1008,320.9388,197.0928,120,864.2525,942.7006,24.5875,222.5762,120,120,0,985.7021,1182.8974,290.5362,179.7149,120,19.28,20.35,18.32,0.61,120,3.4985,3.5014,3.4944,0.0017,0.5899,0.5923,0.5854,0.0021,0.6597,0.6684,0.6476,0.0062,-0.0054,-0.0002,-0.0059,0.0014,0.0025,0.0042,0.0019,0.0006,0.0089,0.0106,0.0027,0.0016,0.9857,1.1829,0.2905,0.1797,286.1083,581,30,129.2515,0,0,0,0,343.4583,1022,97,152.5906,38,41.4333,49,39,23.68,23.68,23.63
2022-11-10 10:00:00,3.0933,5.592,0.9644,0.9993,120,119.9848,47.2256,120,64.7132,65.981,63.4175,0.6925,120,29.1504,29.3249,28.9587,0.1228,120,1009.8196,1010.0833,1009.6622,0.1117,120,211.3547,305.6654,136.0118,53.9802,120,962.5939,1275.3289,247.6651,334.143,120,728.8634,960.4028,24.5875,345.8532,120,120,0,878.1218,1168.2485,209.9674,312.2463,120,17.24,18.32,16.17,0.58,120,3.497,3.5014,3.4944,0.0019,0.5915,0.5933,0.5896,0.0012,0.6471,0.6598,0.6342,0.0069,-0.0045,-0.0002,-0.006,0.0021,0.0027,0.0039,0.0017,0.0007,0.008,0.0106,0.0021,0.0028,0.8781,1.1682,0.21,0.3122,313.4,585,82,108.618,0,0,0,0,348.1583,916,1,140.8464,38,41.6167,47,39,23.68,23.73,23.63
2022-11-10 10:10:00,2.5823,5.086,0.4952,1.1383,120,118.0118,41.4,120,64.7669,65.7369,63.8447,0.5014,120,29.169,29.4867,28.9221,0.1563,120,1009.66,1009.8819,1009.479,0.0707,120,189.0846,273.4654,133.1283,39.983,120,1131.5999,1221.8391,497.8956,109.1529,120,905.5194,954.5021,340.2965,106.1689,120,120,0,1034.1146,1123.6915,500.1984,104.3836,120,15.32,16.17,14.38,0.54,120,3.4943,3.498,3.4913,0.0012,0.5917,0.5949,0.5892,0.0016,0.6477,0.6574,0.6384,0.005,-0.0056,-0.0021,-0.0059,0.0007,0.0024,0.0035,0.0017,0.0005,0.0094,0.0102,0.0041,0.0009,1.0341,1.1237,0.5002,0.1044,257.8583,530,31,123.7272,0,0,0,0,338.725,722,83,119.8583,39,41.5167,49,39,23.68,23.68,23.68
2022-11-10 10:20:00,3.1589,6.3832,0.716,1.2332,120,110.385,39.2272,120,64.5232,66.2557,63.2038,0.7835,120,29.2157,29.4806,28.9404,0.1638,120,1009.566,1009.9002,1009.479,0.0908,120,136.0957,198.4906,102.8496,30.4072,120,1035.8738,1173.8451,175.1236,252.3214,120,856.9008,958.9285,19.1782,251.4237,120,120,0,947.3785,1082.1863,148.0148,231.5456,120,13.57,14.38,12.78,0.48,120,3.4928,3.4983,3.4913,0.0015,0.5922,0.5948,0.5894,0.0016,0.6452,0.6626,0.632,0.0078,-0.0053,-0.0001,-0.006,0.0016,0.0017,0.0025,0.0013,0.0004,0.0086,0.0098,0.0015,0.0021,0.9474,1.0822,0.148,0.2315,320.5333,671,55,134.0471,0,0,0,0,328.2417,975,15,134.7307,39,41.9333,47,39,23.68,23.68,23.68
2022-11-10 10:30:00,3.0696,6.6316,0.808,1.1942,120,97.5871,34.888,120,64.1517,65.5843,62.6545,0.8,120,29.417,29.5782,29.1418,0.1227,120,1009.5184,1009.7171,1009.3326,0.0513,120,171.2301,243.1866,123.9968,30.1516,120,1055.9538,1193.6291,364.9028,215.238,120,839.0418,967.7796,120.4802,222.3469,120,120,0,967.0298,1102.6338,309.1525,199.3839,120,12.07,12.78,11.45,0.4,120,3.492,3.4953,3.4889,0.0009,0.5942,0.5958,0.5914,0.0012,0.6415,0.6558,0.6265,0.008,-0.0052,-0.0007,-0.006,0.0014,0.0022,0.0031,0.0016,0.0004,0.0088,0.0099,0.003,0.0018,0.967,1.1026,0.3092,0.1994,310.825,698,65,129.8086,0,0,0,0,282.625,689,60,102.8351,39,41.5,47,39,23.68,23.68,23.63
2022-11-10 10:40:00,3.0369,5.9784,0.7804,1.1687,120,115.3282,42.7678,120,63.9304,64.7908,62.7766,0.4899,120,29.2785,29.447,29.1296,0.099,120,1009.5273,1009.6988,1009.3142,0.0768,120,164.9101,293.6504,115.5858,51.6812,120,1071.552,1254.8127,371.8643,199.7665,120,856.1099,974.1734,77.6974,227.3366,120,120,0,983.7438,1152.6841,336.314,184.4843,120,10.9,11.45,10.5,0.28,120,3.4921,3.495,3.4886,0.0013,0.5928,0.5945,0.5913,0.001,0.6393,0.6479,0.6278,0.0049,-0.0053,-0.0005,-0.006,0.0014,0.0021,0.0037,0.0015,0.0007,0.0089,0.0105,0.0031,0.0017,0.9837,1.1527,0.3363,0.1845,307.275,627,62,127.03,0,0,0,0,338.6833,793,117,126.7094,39,41.5833,47,41,23.68,23.68,23.63
2022-11-10 10:50:00,3.2005,6.0704,0.9828,1.2144,120,117.4292,38.9876,120,64.0952,65.5232,62.1357,0.9523,120,29.2658,29.4806,29.0472,0.1408,120,1009.3712,1009.534,1009.1494,0.0787,120,99.6157,141.7787,87.2299,12.2733,120,1106.7875,1146.7335,1091.4118,12.4718,120,948.0646,954.0106,935.3239,3.2707,120,120,0,1015.0583,1055.3301,999.176,12.3252,120,10.2,10.43,10.03,0.13,120,3.4895,3.4922,3.4858,0.0013,0.5927,0.5948,0.5905,0.0014,0.641,0.6552,0.6214,0.0095,-0.0059,-0.0058,-0.0059,0,0.0013,0.0018,0.0011,0.0002,0.0092,0.0096,0.0091,0.0001,1.0151,1.0553,0.9992,0.0123,325.05,637,84,132.0037,0,0,0,0,336.7083,672,4,112.461,39,41.6667,47,39,23.68,23.68,23.68
2022-11-10 11:00:00,3.5281,6.5948,0.8172,1.0909,120,102.7501,42.6252,120,65.1023,66.4693,62.9292,0.9023,120,29.0222,29.1571,28.8855,0.0751,120,1009.1954,1009.3509,1008.9663,0.0908,120,97.0344,102.1291,86.5094,3.2946,120,1102.2415,1113.395,1083.7191,5.2233,120,945.991,953.5192,915.1611,4.2918,120,120,0,1011.0655,1022.9804,979.9493,5.4266,120,10.06,10.18,10.01,0.05,120,3.4866,3.4892,3.4828,0.0015,0.5902,0.5916,0.5888,0.0008,0.651,0.6647,0.6293,0.009,-0.0059,-0.0057,-0.0059,0,0.0012,0.0013,0.0011,0,0.0092,0.0093,0.009,0,1.0111,1.023,0.9799,0.0054,360.6583,694,66,118.5815,0,0,0,0,305.8167,1014,17,144.2195,39.3,41.85,47,39,23.68,23.68,23.63
2022-11-10 11:10:00,3.7443,6.5764,0.8356,1.3592,120,112.4323,36.3324,120,65.1939,66.0115,64.272,0.4073,120,28.9498,29.1113,28.8763,0.0467,120,1009.127,1009.3509,1008.9663,0.083,120,147.9907,208.3425,95.1598,23.9715,120,1106.3784,1230.6327,621.7275,111.351,120,902.7163,972.6974,419.4699,108.589,120,120,0,1019.0664,1123.6915,515.4576,97.6706,120,10.49,10.87,10.18,0.21,120,3.4855,3.4892,3.4828,0.0014,0.5895,0.5911,0.5888,0.0005,0.6519,0.6601,0.6427,0.0041,-0.0056,-0.0026,-0.006,0.0007,0.0019,0.0026,0.0012,0.0003,0.0092,0.0103,0.0052,0.0009,1.0191,1.1237,0.5155,0.0977,384.1583,692,68,147.739,0,0,0,0,327.4167,880,99,112.0003,40,41.6,47,39,23.68,23.68,23.68
2022-11-10 11:20:00,3.3234,5.8588,1.0932,1.0589,120,113.5508,45.7512,120,64.4716,65.8895,63.4175,0.5453,120,29.2711,29.4012,29.1144,0.0741,120,1008.9341,1009.1678,1008.7466,0.1068,120,145.1592,243.6677,105.7331,33.2821,120,1094.0837,1215.9772,446.2365,138.3346,120,894.2826,990.8927,189.8179,153.8671,120,120,0,1000.6663,1155.736,362.5599,137.7868,120,11.44,11.99,10.87,0.34,120,3.4822,3.4861,3.4791,0.0018,0.5927,0.594,0.5911,0.0007,0.6447,0.6589,0.6342,0.0055,-0.0056,-0.0012,-0.0061,0.001,0.0018,0.0031,0.0013,0.0004,0.0091,0.0101,0.0037,0.0012,1.0007,1.1557,0.3626,0.1378,338.4167,614,96,115.1009,0,0,0,0,322.7833,760,12,130.6271,40,41.65,47,39,23.68,23.68,23.68
2022-11-10 11:30:00,3.0135,5.086,0.762,1.0065,120,126.7267,39.085,120,64.2473,65.2791,63.3259,0.5584,120,29.3729,29.5508,29.2334,0.0791,120,1008.7013,1008.9846,1008.5635,0.1288,120,126.5557,182.6307,96.6016,21.4772,120,1080.1831,1150.0312,406.3025,110.0706,120,904.8104,950.0773,212.931,118.7583,120,120,0,996.3047,1060.8234,341.1969,101.4742,120,12.79,13.63,11.99,0.44,120,3.4784,3.4831,3.4761,0.0021,0.5937,0.5955,0.5923,0.0008,0.6425,0.6528,0.6333,0.0056,-0.0056,-0.0013,-0.0059,0.0007,0.0016,0.0023,0.0012,0.0003,0.009,0.0096,0.0034,0.0009,0.9963,1.0608,0.3412,0.1015,304.725,530,60,109.4055,0,0,0,0,369.575,1005,91,128.8185,40,43.3,47,39,23.68,23.68,23.63
2022-11-10 11:40:00,3.51,7.248,0.9828,1.456,120,109.3439,32.8469,120,63.9276,64.9434,62.9597,0.4268,120,29.3718,29.566,29.1876,0.1177,120,1008.4901,1008.7832,1008.2156,0.1076,120,139.6462,241.0244,94.9197,50.243,120,1004.2684,1192.8968,255.7251,224.1346,120,828.3255,950.0773,30.4882,251.454,120,120,0,926.8471,1113.3152,230.4147,210.8874,120,14.43,15.34,13.63,0.51,120,3.4748,3.4797,3.4703,0.0018,0.5937,0.5957,0.5919,0.0012,0.6393,0.6494,0.6296,0.0043,-0.0051,-0.0002,-0.0059,0.0016,0.0018,0.0031,0.0012,0.0006,0.0084,0.0099,0.0021,0.0019,0.9268,1.1133,0.2304,0.2109,358.7,765,84,158.2628,0,0,0,0,311.375,544,89,93.8561,40,41.5667,47,39,23.68,23.68,23.63
2022-11-10 11:50:00,3.7369,5.8956,0.4768,1.1914,120,103.045,36.0949,120,64.3607,65.7674,63.5701,0.5746,120,29.0282,29.1815,28.8916,0.0754,120,1008.2757,1008.5818,1008.1973,0.0876,120,114.2161,239.3417,88.1913,43.8727,120,1003.0594,1104.6014,297.1248,187.1226,120,858.5194,947.6184,96.8756,217.9535,120,120,0,921.7582,1057.4664,262.4592,174.4145,120,16.27,17.21,15.34,0.56,120,3.4713,3.4764,3.47,0.0015,0.5903,0.5918,0.5889,0.0008,0.6436,0.6577,0.6357,0.0057,-0.0053,-0.0006,-0.0059,0.0014,0.0015,0.003,0.0011,0.0006,0.0084,0.0092,0.0025,0.0016,0.9218,1.0575,0.2625,0.1744,383.3583,618,29,129.5001,0,0,0,0,308.1667,998,85,123.2597,40,41.5,47,39,23.68,23.68,23.63
2022-11-10 12:00:00,3.3737,6.8432,0.6884,1.4381,120,113.1005,39.9753,120,63.5571,64.6992,62.2578,0.6763,120,29.1445,29.2334,29.0381,0.0636,120,1008.2287,1008.417,1008.0142,0.0537,120,188.7622,260.9693,145.3835,29.3623,120,903.0743,1189.2329,242.1693,320.7929,120,700.2676,961.8788,36.882,330.5854,120,120,0,828.7581,1104.77,205.6947,301.9401,120,18.25,19.2,17.21,0.59,120,3.4705,3.4736,3.4669,0.0009,0.5915,0.5923,0.5904,0.0006,0.6356,0.647,0.6226,0.0068,-0.0043,-0.0002,-0.006,0.0021,0.0024,0.0033,0.0018,0.0004,0.0075,0.0099,0.002,0.0027,0.8288,1.1048,0.2057,0.3019,343.875,721,52,156.3159,0,0,0,0,336.0083,942,62,130.9749,40,41.9,47,39,23.68,23.68,23.63
2022-11-10 12:10:00,3.4048,6.6684,0.4492,1.7363,120,90.9692,43.1386,120,63.4309,64.8824,62.0136,0.8173,120,29.4871,29.7461,29.1571,0.1523,120,1008.1376,1008.3987,1007.8494,0.1014,120,113.0667,225.4047,80.7417,34.7628,120,1052.7451,1150.3974,570.8019,55.4156,120,928.5337,966.3052,300.4641,64.7817,120,120,0,967.6097,1069.3686,453.5051,55.9114,120,20.33,21.5,19.2,0.62,120,3.469,3.4733,3.4642,0.0017,0.5949,0.5975,0.5916,0.0015,0.6343,0.6488,0.6201,0.0082,-0.0058,-0.0019,-0.006,0.0004,0.0014,0.0029,0.001,0.0004,0.0088,0.0096,0.0048,0.0005,0.9676,1.0694,0.4535,0.0559,347.2583,702,26,188.7268,0,0,0,0,288.6083,1003,38,150.2648,40,41.7,47,39,23.68,23.68,23.68
2022-11-10 12:20:00,3.5374,7.1008,0.394,1.4114,120,114.6201,36.5905,120,63.9126,65.4622,61.5864,1.0118,120,29.3557,29.5996,29.1845,0.1285,120,1008.0377,1008.2339,1007.831,0.0676,120,145.3354,244.8693,92.7567,48.7009,120,923.0811,1126.9496,239.2389,272.5246,120,782.3912,944.175,29.0139,308.6391,120,120,0,847.5346,1046.4797,209.9674,254.6262,120,22.49,23.63,21.5,0.64,120,3.4673,3.4706,3.4639,0.0011,0.5936,0.596,0.5918,0.0013,0.6391,0.6546,0.6159,0.0101,-0.0049,-0.0002,-0.0059,0.0019,0.0018,0.0031,0.0012,0.0006,0.0077,0.0094,0.002,0.0023,0.8475,1.0465,0.21,0.2546,361.675,749,20,153.4172,0,0,0,0,330.8583,746,112,107.4353,40,41.6667,47,39,23.68,23.68,23.63
2022-11-10 12:30:00,3.9946,7.0272,1.2772,1.3159,120,105.2322,34.4637,120,63.8353,65.2791,62.1357,0.7772,120,28.9399,29.2639,28.7603,0.135,120,1007.9261,1008.0508,1007.6846,0.0954,120,112.3938,206.4205,84.1063,30.8041,120,988.6397,1079.6879,212.8607,139.9377,120,897.5119,942.2092,47.7006,154.2017,120,120,0,907.9079,1042.5123,185.8577,133.3891,120,24.69,25.8,23.63,0.65,120,3.4654,3.4675,3.4614,0.0016,0.5894,0.5926,0.5876,0.0014,0.6384,0.6528,0.6214,0.0078,-0.0056,-0.0003,-0.0058,0.001,0.0014,0.0026,0.0011,0.0004,0.0082,0.009,0.0018,0.0012,0.9079,1.0425,0.1859,0.1334,411.3667,741,116,143.0356,0,0,0,0,311.525,1017,121,118.0392,40,41.3833,47,39,23.68,23.68,23.68
2022-11-10 12:40:00,3.5544,6.4568,1.0472,1.2311,120,93.5336,35.8825,120,63.8577,65.1875,61.9831,0.8054,120,29.2083,29.3158,28.974,0.0984,120,1007.7189,1007.8494,1007.4648,0.0956,120,158.1576,258.0858,92.2764,48.9266,120,881.7547,1088.4814,187.9472,266.946,120,753.6029,935.8153,24.096,312.3468,120,120,0,809.8163,1004.6693,160.5274,247.4437,120,26.94,28,25.8,0.66,120,3.462,3.4642,3.4577,0.0016,0.5921,0.5932,0.5897,0.001,0.6386,0.6519,0.6198,0.0081,-0.0047,-0.0001,-0.0058,0.0019,0.002,0.0033,0.0012,0.0006,0.0073,0.0091,0.0016,0.0022,0.8098,1.0047,0.1605,0.2474,363.525,679,91,133.8191,0,0,0,0,274.6083,709,3,110.7795,40,41.6167,47,41,23.68,23.68,23.63
2022-11-10 12:50:00,3.6151,7.1192,1.0748,1.3821,120,111.8224,37.8142,120,64.0418,65.0044,62.7155,0.5728,120,29.0616,29.1571,28.9618,0.0595,120,1007.5584,1007.6846,1007.3,0.0966,120,109.1998,210.2654,76.1764,38.8898,120,926.812,1056.6074,225.3169,159.2031,120,870.9775,934.8324,32.9471,193.2231,120,120,0,849.6556,1000.3967,196.234,147.0037,120,29.21,30.23,28,0.66,120,3.4593,3.4614,3.455,0.0016,0.5906,0.5916,0.5896,0.0006,0.6404,0.65,0.6272,0.0057,-0.0054,-0.0002,-0.0058,0.0012,0.0014,0.0027,0.001,0.0005,0.0077,0.0088,0.0019,0.0013,0.8497,1.0004,0.1962,0.147,370.1167,751,94,150.2232,0,0,0,0,334.325,984,74,130.0853,40,41.8667,47,39,23.68,23.68,23.68
2022-11-10 13:00:00,2.9976,7.0272,0.6884,1.3246,120,120.3822,52.0247,120,63.3407,64.7298,61.0675,1.0325,120,29.6382,30.0116,29.0777,0.2518,120,1007.4584,1007.6662,1007.3,0.0591,120,79.28,86.5094,74.7346,3.1228,120,926.9279,938.2701,918.4862,5.348,120,923.9111,928.4386,914.6697,2.5348,120,120,0,849.5361,860.0116,839.5642,5.312,120,31.52,32.74,30.48,0.67,120,3.4576,3.4611,3.455,0.001,0.5964,0.6001,0.5908,0.0025,0.6334,0.6473,0.6107,0.0103,-0.0057,-0.0057,-0.0058,0,0.001,0.0011,0.0009,0,0.0077,0.0078,0.0077,0,0.8495,0.86,0.8396,0.0053,303,741,52,143.981,0,0,0,0,360.95,992,101,155.406,40,41.5667,47,41,23.68,23.68,23.68
2022-11-10 13:10:00,3.5931,6.1072,1.5532,1.0411,120,120.0188,36.2266,120,63.1268,64.0278,61.9526,0.5056,120,29.4692,29.6393,29.3524,0.068,120,1007.3649,1007.4831,1007.1169,0.083,120,76.895,86.5094,72.3315,3.5491,120,901.2517,923.2485,882.2161,11.9226,120,922.1981,928.4386,916.1457,3.4425,120,120,0,824.5287,845.0575,807.2146,10.6787,120,33.83,35,32.74,0.68,120,3.4561,3.4581,3.4519,0.0014,0.5947,0.5964,0.5935,0.0007,0.6313,0.6403,0.6195,0.0051,-0.0057,-0.0057,-0.0058,0,0.001,0.0011,0.0009,0,0.0075,0.0077,0.0073,0.0001,0.8245,0.8451,0.8072,0.0107,367.725,641,146,113.1657,0,0,0,0,348.6583,997,33,117.3466,40,41.55,47,39,23.68,23.68,23.63
2022-11-10 13:20:00,3.0001,6.3372,0.4492,1.4032,120,116.098,46.2219,120,63.2397,64.1194,61.8305,0.6765,120,29.4996,29.917,29.3005,0.1835,120,1007.1731,1007.4831,1006.8972,0.1072,120,72.6697,76.8969,69.4472,1.5963,120,869.4478,882.2161,854.3721,8.7417,120,916.8051,922.5379,911.7193,2.5899,120,120,0,794.2696,807.5198,779.7479,8.3566,120,36.16,37.29,35,0.68,120,3.4529,3.4581,3.4483,0.0018,0.595,0.5992,0.593,0.0018,0.6324,0.6412,0.6183,0.0068,-0.0057,-0.0057,-0.0057,0,0.0009,0.001,0.0009,0,0.0072,0.0073,0.0071,0.0001,0.7943,0.8075,0.7797,0.0084,303.2667,666,26,152.5245,0,0,0,0,342.675,1015,28,145.6648,40,41.5,47,39,23.68,23.68,23.68
2022-11-10 13:30:00,3.6017,7.2204,1.1668,1.2721,120,132.01,34.0627,120,63.186,64.7603,61.1896,1.1307,120,29.4238,29.8895,29.1784,0.1914,120,1007.0547,1007.3183,1006.8972,0.1054,120,72.6977,75.6953,70.1685,1.2343,120,838.1934,854.0048,822.1309,9.2896,120,908.6461,913.1953,904.3426,2.0906,120,120,0,764.0258,779.7479,748.619,8.9718,120,38.51,39.58,37.29,0.68,120,3.4509,3.4553,3.4483,0.0018,0.5942,0.5989,0.5918,0.0019,0.6319,0.6476,0.6119,0.0113,-0.0056,-0.0056,-0.0057,0,0.0009,0.001,0.0009,0,0.007,0.0071,0.0068,0.0001,0.764,0.7797,0.7486,0.009,368.6667,762,104,138.2746,0,0,0,0,373.95,693,138,97.2052,40,41.4,47,39,23.68,23.73,23.63
2022-11-10 13:40:00,3.0377,6.4844,0.9184,1.2816,120,96.4307,35.2542,120,63.1919,64.2109,62.1967,0.5415,120,29.4782,29.5965,29.3555,0.0688,120,1006.8383,1007.1169,1006.7141,0.1087,120,70.2166,73.5331,67.7654,1.2425,120,805.3119,821.3986,788.425,9.6868,120,901.8353,907.786,895.9829,2.6756,120,120,0,732.2281,748.3139,715.659,9.4726,120,40.86,42.13,39.58,0.68,120,3.4473,3.4519,3.4452,0.0018,0.5948,0.596,0.5936,0.0007,0.6319,0.6421,0.622,0.0054,-0.0056,-0.0056,-0.0056,0,0.0009,0.0009,0.0009,0,0.0067,0.0068,0.0066,0.0001,0.7322,0.7483,0.7157,0.0095,307.3583,682,77,139.2996,0,0,0,0,288.6667,986,41,123.4652,40,41.5667,47,39,23.68,23.68,23.68
2022-11-10 13:50:00,3.2297,5.9876,0.7712,1.1325,120,102.1536,31.5612,120,63.2763,64.0889,62.4104,0.4514,120,29.4956,29.7095,29.3188,0.1318,120,1006.7368,1006.9338,1006.531,0.0593,120,69.3375,72.0913,67.285,1.2113,120,771.1236,789.1585,755.0852,9.9408,120,893.5778,900.9007,887.6233,3.2997,120,120,0,698.9425,718.7109,683.6146,9.8461,120,43.23,44.44,42.13,0.69,120,3.4456,3.4489,3.4422,0.001,0.595,0.5971,0.5932,0.0013,0.6328,0.6409,0.6241,0.0045,-0.0055,-0.0055,-0.0056,0,0.0009,0.0009,0.0009,0,0.0064,0.0066,0.0063,0.0001,0.6989,0.7187,0.6836,0.0098,328.225,628,61,123.0973,0,0,0,0,296.0167,893,59,101.484,40,41.5833,47,39,23.68,23.73,23.68
2022-11-10 14:00:00,3.472,6.7052,0.6424,1.3199,120,93.4169,28.6737,120,63.3836,64.272,62.3188,0.4545,120,29.3416,29.4012,29.2578,0.0377,120,1006.6443,1006.7507,1006.531,0.0909,120,71.2398,74.2535,67.285,1.3615,120,737.2589,756.9172,720.2809,10.6455,120,884.0131,894.5085,876.8047,3.8865,120,120,0,665.6061,684.5302,649.4339,10.242,120,45.59,46.75,44.44,0.69,120,3.4441,3.4458,3.4422,0.0015,0.5934,0.594,0.5926,0.0004,0.6338,0.6427,0.6232,0.0045,-0.0055,-0.0054,-0.0056,0,0.0009,0.0009,0.0009,0,0.0061,0.0063,0.006,0.0001,0.6656,0.6845,0.6494,0.0102,354.5667,706,47,143.4658,0,0,0,0,274.6,1001,24,105.3239,40,41.6333,47,39,23.68,23.68,23.63
2022-11-10 14:10:00,3.2453,6.4752,0.9552,1.3162,120,109.0135,38.6035,120,63.5825,64.3635,62.4714,0.4697,120,29.3954,29.5294,29.2395,0.0962,120,1006.5455,1006.7324,1006.3478,0.0647,120,68.935,72.5717,65.6031,1.8501,120,701.5074,722.8451,681.8115,11.4788,120,876.6982,883.1969,868.4451,3.7915,120,120,0,629.8817,651.8754,610.6754,11.1184,120,47.96,49.06,46.75,0.69,120,3.4424,3.4455,3.4391,0.0011,0.5939,0.5953,0.5924,0.001,0.6358,0.6436,0.6247,0.0047,-0.0054,-0.0054,-0.0055,0,0.0009,0.0009,0.0008,0,0.0058,0.006,0.0057,0.0001,0.6299,0.6519,0.6107,0.0111,329.925,681,81,143.0682,0,0,0,0,319.9583,1000,118,123.2698,40,41.5167,49,39,23.68,23.68,23.68
2022-11-10 14:20:00,2.8185,5.638,1.0104,1.0227,120,129.8827,31.9557,120,64.3241,64.9739,62.9597,0.515,120,29.6431,30.0146,29.4379,0.1843,120,1006.5484,1006.7324,1006.3478,0.0657,120,67.3129,72.0913,64.4016,1.8386,120,663.9791,684.377,645.9076,10.9308,120,866.5393,875.8218,861.0683,3.5413,120,120,0,592.0515,612.8117,571.9169,11.2959,120,50.34,51.64,49.06,0.69,120,3.4425,3.4455,3.4391,0.0011,0.5964,0.6001,0.5944,0.0018,0.6432,0.6497,0.6296,0.0051,-0.0054,-0.0053,-0.0054,0,0.0009,0.0009,0.0008,0,0.0055,0.0057,0.0054,0.0001,0.5921,0.6128,0.5719,0.0113,283.5333,590,87,111.1677,0,0,0,0,372.225,832,181,95.4806,40,41.4667,47,39,23.68,23.68,23.63
2022-11-10 14:30:00,3.3194,6.5488,1.0564,1.1975,120,100.5196,41.0649,120,63.937,65.981,62.1052,1.1716,120,29.5411,30.0299,29.2608,0.2451,120,1006.42,1006.5676,1006.3478,0.0902,120,78.1246,98.0441,66.3236,10.0095,120,633.1767,646.6411,602.6759,8.4347,120,849.4834,863.0358,784.8453,9.1372,120,120,0,560.4623,573.748,534.9895,8.1048,120,52.73,53.96,51.64,0.69,120,3.4403,3.4428,3.4391,0.0015,0.5954,0.6003,0.5926,0.0024,0.6394,0.6598,0.6211,0.0117,-0.0053,-0.0049,-0.0054,0.0001,0.001,0.0012,0.0008,0.0001,0.0053,0.0054,0.005,0.0001,0.5605,0.5737,0.535,0.0081,337.975,689,92,130.1641,0,0,0,0,296.7417,867,46,126.7287,40,42.0167,47,41,23.68,23.68,23.63
2022-11-10 14:40:00,3.6502,6.1532,1.3968,1.0342,120,118.3819,39.058,120,65.6425,66.9881,63.9058,0.6846,120,29.0444,29.3249,28.9129,0.0946,120,1006.3434,1006.5493,1006.1464,0.0577,120,74.7503,87.2299,65.8433,7.4018,120,590.8977,619.8956,507.054,19.0418,120,836.4806,847.2994,699.2797,15.6595,120,120,0,517.3752,546.5865,440.0769,18.4881,120,55.11,56.29,53.96,0.7,120,3.4391,3.4425,3.4358,0.001,0.5904,0.5933,0.5891,0.0009,0.6564,0.6699,0.6391,0.0068,-0.0052,-0.0043,-0.0053,0.0001,0.0009,0.0011,0.0008,0.0001,0.0049,0.0052,0.0042,0.0002,0.5174,0.5466,0.4401,0.0185,373.9333,646,129,112.416,0,0,0,0,344.775,782,113,114.4605,40,41.5,47,39,23.68,23.73,23.63
2022-11-10 14:50:00,3.1862,5.6564,0.6332,1.118,120,110.473,34.5387,120,66.6003,67.4154,65.6453,0.4923,120,29.0818,29.2608,28.9373,0.1007,120,1006.2886,1006.3662,1006.1464,0.089,120,84.9492,95.8811,73.2921,6.0581,120,547.5594,588.0216,183.9172,64.8857,120,798.3612,835.0048,142.6104,116.5034,120,120,0,474.5221,515.7628,151.3718,59.3791,120,57.49,58.62,56.29,0.7,120,3.4381,3.4394,3.4358,0.0015,0.5908,0.5926,0.5894,0.001,0.666,0.6742,0.6565,0.0049,-0.005,-0.0009,-0.0052,0.0007,0.0011,0.0012,0.0009,0.0001,0.0046,0.0049,0.0015,0.0005,0.4745,0.5158,0.1514,0.0594,323.5,592,46,121.5213,0,0,0,0,320.975,996,36,114.2185,40,41.2667,47,39,23.68,23.68,23.68
2022-11-10 15:00:00,2.8846,5.6932,0.8816,0.9562,120,113.2874,42.7212,120,66.1855,66.9881,65.3096,0.421,120,29.1888,29.3493,29.0167,0.1085,120,1006.2661,1006.3845,1006.1464,0.0918,120,79.3501,86.5094,70.1685,4.078,120,516.3936,542.2257,460.1585,16.1,120,807.2251,820.7444,722.8843,14.2237,120,120,0,441.9462,467.5436,397.6562,15.7351,120,59.88,60.94,58.62,0.69,120,3.4378,3.4397,3.4358,0.0015,0.5919,0.5935,0.5902,0.0011,0.6619,0.6699,0.6531,0.0042,-0.005,-0.0045,-0.0051,0.0001,0.001,0.0011,0.0009,0.0001,0.0043,0.0045,0.0038,0.0001,0.4419,0.4675,0.3977,0.0157,290.7167,596,73,103.9349,0,0,0,0,341.5417,946,53,142.9735,40,41.6667,47,39,23.68,23.68,23.63
2022-11-10 15:10:00,2.8625,6.42,0.6148,1.2519,120,114.9854,32.2211,120,66.2224,67.7511,64.4246,0.9455,120,29.3123,29.5752,29.1296,0.1331,120,1006.2073,1006.3662,1006.1464,0.0784,120,89.4789,101.648,75.215,5.1725,120,404.129,504.4898,106.2473,112.0555,120,627.0736,803.0406,50.1595,226.0387,120,120,0,339.0149,427.8695,90.0296,98.1281,120,62.27,63.53,61.2,0.69,120,3.4368,3.4394,3.4358,0.0013,0.5931,0.5958,0.5913,0.0013,0.6622,0.6775,0.6442,0.0095,-0.0039,-0.0003,-0.005,0.0014,0.0011,0.0013,0.001,0.0001,0.0034,0.0042,0.0009,0.0009,0.339,0.4279,0.09,0.0981,288.3167,675,44,136.0793,0,0,0,0,329.65,606,145,92.4993,40,41.65,47,39,23.68,23.68,23.63
2022-11-10 15:20:00,3.069,5.546,0.6516,1.1023,120,131.737,43.9175,120,66.7033,67.9342,65.2181,0.7868,120,28.8907,29.1784,28.7085,0.1235,120,1006.236,1006.5493,1006.1464,0.0915,120,122.1001,146.585,86.7496,14.4138,120,343.9378,483.9736,95.2557,143.2001,120,486.6643,787.7973,17.7038,305.7769,120,120,0,288.3541,405.2858,77.2118,119.1579,120,64.65,65.86,63.53,0.7,120,3.4373,3.4425,3.4358,0.0015,0.5889,0.5918,0.5871,0.0012,0.667,0.6793,0.6522,0.0079,-0.003,-0.0001,-0.0049,0.0019,0.0016,0.0019,0.0011,0.0002,0.0029,0.004,0.0008,0.0012,0.2884,0.4053,0.0772,0.1192,310.7583,580,48,119.8119,0,0,0,0,374.4333,767,39,126.755,40,41.4667,47,39,23.68,23.68,23.63
2022-11-10 15:30:00,2.7468,5.1044,0.624,1.1501,120,114.209,42.3485,120,67.6918,69.5822,66.5304,0.8685,120,28.6313,28.9709,28.3575,0.2058,120,1006.1826,1006.3845,1005.9816,0.0766,120,122.7168,134.8102,103.0898,9.5702,120,271.6074,447.3361,117.2377,133.3011,120,367.8474,747.4718,18.1953,321.555,120,120,0,222.0756,365.0014,97.3541,106.3973,120,67.04,68.19,65.86,0.7,120,3.4364,3.4397,3.433,0.0013,0.5863,0.5897,0.5836,0.0021,0.6769,0.6958,0.6653,0.0087,-0.0023,-0.0001,-0.0046,0.002,0.0016,0.0017,0.0013,0.0001,0.0023,0.0037,0.001,0.0011,0.2221,0.365,0.0974,0.1064,275.7417,532,45,125.0092,0,0,0,0,334.6667,785,27,125.0566,40,41.9167,47,39,23.68,23.68,23.63
2022-11-10 15:40:00,3.308,5.8588,0.5412,1.2006,120,95.5985,30.9043,120,68.0247,69.3686,67.1407,0.6107,120,28.6303,28.858,28.2476,0.1925,120,1006.195,1006.3662,1005.9816,0.0735,120,114.8609,140.0968,93.9583,13.3414,120,335.7128,414.7299,118.7035,79.7024,120,593.0194,725.3432,17.7038,218.6164,120,120,0,266.2384,333.8725,98.2696,61.6179,120,69.43,70.51,68.19,0.69,120,3.4366,3.4394,3.433,0.0012,0.5863,0.5886,0.5825,0.0019,0.6802,0.6937,0.6714,0.0061,-0.0037,-0.0001,-0.0045,0.0014,0.0015,0.0018,0.0012,0.0002,0.0028,0.0035,0.001,0.0007,0.2662,0.3339,0.0983,0.0616,336.7417,614,36,130.5017,0,0,0,0,282.3417,866,58,102.9853,40,41.7167,47,39,23.68,23.68,23.68
2022-11-10 15:50:00,2.4757,5.2976,0.7896,0.9129,120,111.8215,40.1651,120,69.3498,69.8264,68.0868,0.3687,120,28.5243,28.9099,28.2324,0.2311,120,1006.1647,1006.3662,1005.9633,0.0902,120,101.0875,126.3992,87.9512,8.7976,120,300.8253,351.3481,126.3974,60.4781,120,592.6095,701.2472,25.079,194.3665,120,120,0,229.5297,272.2251,108.6459,42.5969,120,71.82,73.1,70.51,0.69,120,3.4361,3.4394,3.4327,0.0015,0.5852,0.5891,0.5823,0.0023,0.6935,0.6983,0.6809,0.0037,-0.0037,-0.0002,-0.0044,0.0012,0.0013,0.0016,0.0011,0.0001,0.0025,0.0029,0.0011,0.0005,0.2295,0.2722,0.1086,0.0426,246.275,553,63,99.2314,0,0,0,0,324.6167,948,81,123.9837,40,41.5333,47,39,23.68,23.68,23.68
2022-11-10 16:00:00,2.7977,5.6564,0.8908,0.9224,120,99.9151,28.5931,120,68.7801,69.6738,67.568,0.5495,120,28.5536,28.8824,28.446,0.111,120,1006.2389,1006.3662,1006.1464,0.0903,120,113.4271,132.1669,99.9661,9.9335,120,274.8803,336.3265,120.9016,51.4941,120,554.7155,667.807,31.4728,179.0248,120,120,0,206.5518,255.7451,102.5422,34.7977,120,74.2,75.42,73.1,0.7,120,3.4373,3.4394,3.4358,0.0015,0.5855,0.5888,0.5845,0.0011,0.6878,0.6967,0.6757,0.0055,-0.0034,-0.0002,-0.0041,0.0011,0.0014,0.0017,0.0013,0.0001,0.0023,0.0028,0.001,0.0004,0.2066,0.2557,0.1025,0.0348,281.275,592,74,100.2579,0,0,0,0,293.45,977,108,101.0533,40,41.9833,47,39,23.68,23.68,23.68
2022-11-10 16:10:00,2.7751,5.8496,0.9276,1.0399,120,105.5278,31.9663,120,69.291,69.8874,68.5141,0.3313,120,28.5384,28.6535,28.4429,0.068,120,1006.2413,1006.3662,1006.1464,0.092,120,78.6753,103.0898,67.5252,7.777,120,228.2996,274.0432,196.7395,19.2597,120,594.4249,630.9249,551.7531,20.2664,120,120,0,155.9877,199.8962,128.4829,17.4716,120,76.59,77.75,75.42,0.7,120,3.4374,3.4394,3.4358,0.0015,0.5854,0.5865,0.5844,0.0007,0.6929,0.6989,0.6851,0.0033,-0.0037,-0.0034,-0.0039,0.0001,0.001,0.0013,0.0009,0.0001,0.0019,0.0023,0.0016,0.0002,0.156,0.1999,0.1285,0.0175,278.8167,613,78,113.0375,0,0,0,0,303.9917,762,11,96.8923,40,41.6333,47,41,23.68,23.68,23.63
2022-11-10 16:20:00,2.6579,5.0768,1.038,0.8839,120,115.4632,32.1442,120,69.6359,70.1621,68.5751,0.3953,120,28.2705,28.4704,28.1683,0.0617,120,1006.3021,1006.3662,1006.1464,0.0825,120,64.171,67.285,61.5173,1.3899,120,134.4848,196.3733,67.0456,47.1714,120,341.7063,566.505,24.096,219.5677,120,120,0,89.7015,127.8726,55.2385,24.4157,120,78.97,80.07,77.75,0.7,120,3.4384,3.4394,3.4358,0.0014,0.5827,0.5847,0.5817,0.0006,0.6964,0.7016,0.6858,0.004,-0.0021,-0.0001,-0.0035,0.0014,0.0008,0.0009,0.0008,0,0.0011,0.0016,0.0006,0.0004,0.0897,0.1279,0.0552,0.0244,266.075,529,90,96.0808,0,0,0,0,326.75,514,92,91.5216,40,41.5667,47,39,23.68,23.73,23.68
2022-11-10 16:30:00,2.869,4.764,0.7528,0.8607,120,120.165,35.5709,120,70.1844,70.4672,69.8874,0.1753,120,28.0542,28.1744,27.8906,0.0711,120,1006.3874,1006.5676,1006.3295,0.0763,120,55.49,62.9591,51.9055,2.2056,120,101.301,154.2413,55.3217,31.1888,120,281.0316,509.9533,18.1953,181.4595,120,120,0,63.8142,92.1659,45.1674,11.8313,120,81.35,82.65,80.07,0.69,120,3.4398,3.4428,3.4388,0.0013,0.5805,0.5817,0.5789,0.0007,0.7018,0.7047,0.6989,0.0018,-0.0017,-0.0001,-0.0032,0.0011,0.0007,0.0008,0.0007,0,0.0008,0.0013,0.0005,0.0003,0.0638,0.0922,0.0452,0.0118,289.0167,495,59,93.552,0,0,0,0,352.8917,986,54,124.4812,40,41.6833,47,41,23.68,23.68,23.63
2022-11-10 16:40:00,2.5825,4.8284,0.5044,0.8319,120,101.6512,33.7228,120,70.8246,71.5659,70.3757,0.3358,120,27.7723,27.8845,27.6617,0.0745,120,1006.4246,1006.7507,1006.3295,0.0982,120,58.1454,70.4087,47.8205,6.7993,120,70.0466,109.5438,48.3601,19.4421,120,104.4167,383.5707,16.7193,117.3014,120,120,0,54.7197,70.1926,43.0311,7.9065,120,83.73,84.96,82.65,0.69,120,3.4404,3.4458,3.4388,0.0016,0.5777,0.5788,0.5766,0.0008,0.7082,0.7157,0.7038,0.0034,-0.0006,-0.0001,-0.0024,0.0007,0.0007,0.0009,0.0006,0.0001,0.0006,0.0009,0.0004,0.0002,0.0547,0.0702,0.043,0.0079,257.8833,502,32,90.4197,0,0,0,0,295.25,590,138,98.3311,40,41.65,47,39,23.68,23.68,23.68
2022-11-10 16:50:00,2.452,4.7088,1.1208,0.7642,120,131.9457,36.2408,120,71.5712,71.9932,71.0776,0.2752,120,27.6268,27.7166,27.564,0.0477,120,1006.5126,1006.5493,1006.3478,0.0624,120,36.5521,53.1071,24.7512,9.7917,120,46.251,54.2221,37.7359,4.0916,120,140.2822,250.796,16.2278,94.0038,120,120,0,34.2316,49.1348,24.4148,8.6159,120,86.1,87.28,84.96,0.69,120,3.4419,3.4425,3.4391,0.001,0.5763,0.5772,0.5756,0.0005,0.7157,0.7199,0.7108,0.0028,-0.0009,-0.0001,-0.0016,0.0006,0.0005,0.0007,0.0003,0.0001,0.0004,0.0005,0.0003,0,0.0342,0.0491,0.0244,0.0086,243.7,489,99,83.0636,0,0,0,0,376.7833,752,179,104.4946,40,41.85,47,41,23.68,23.73,23.68
2022-11-10 17:00:00,2.408,5.1688,0.5504,0.9891,120,130.5416,33.3886,120,71.7399,71.9626,71.3218,0.1281,120,27.695,27.7899,27.564,0.0616,120,1006.6108,1006.7507,1006.3478,0.0987,120,18.2971,24.9913,12.015,3.1608,120,21.9119,37.3697,11.7239,7.6254,120,60.2814,205.5543,13.7689,70.2426,120,120,0,18.6163,24.4148,12.8178,2.9456,120,88.47,89.59,87.28,0.69,120,3.4435,3.4458,3.4391,0.0016,0.5769,0.5779,0.5756,0.0006,0.7174,0.7196,0.7132,0.0013,-0.0004,-0.0001,-0.0013,0.0004,0.0002,0.0003,0.0002,0,0.0002,0.0003,0.0001,0.0001,0.0186,0.0244,0.0128,0.0029,238.9083,539,37,107.5082,0,0,0,0,369.1833,595,93,95.6893,40,41.4833,47,39,23.68,23.73,23.68
2022-11-10 17:10:00,2.6381,4.7456,0.6608,0.9085,120,121.5008,37.0194,120,72.2996,72.7561,71.749,0.2813,120,27.4113,27.5762,27.3077,0.0739,120,1006.702,1006.7507,1006.5127,0.0629,120,5.7132,12.015,2.163,2.8211,120,5.4864,11.7239,1.8319,2.8325,120,13.7444,14.2604,13.2775,0.1785,120,120,0,6.269,12.5126,2.4415,2.8939,120,89.8,89.84,89.59,0.1,16,3.445,3.4458,3.4419,0.001,0.5741,0.5758,0.5731,0.0007,0.723,0.7276,0.7175,0.0028,-0.0001,-0.0001,-0.0001,0,0.0001,0.0002,0,0,0,0.0001,0,0,0.0063,0.0125,0.0024,0.0029,263.925,493,49,98.751,0,0,0,0,352.4667,1018,28,119.5252,40,41.65,47,41,23.68,23.68,23.68
2022-11-10 17:20:00,2.1802,3.568,0.9368,0.6646,120,125.0532,35.4729,120,72.8192,73.0003,72.6341,0.0863,120,27.3544,27.4023,27.3168,0.0175,120,1006.7301,1006.9338,1006.5127,0.0711,120,0.9712,2.163,0.2402,0.4891,120,0.6868,1.8319,0,0.4546,120,13.8467,14.2604,13.2775,0.1911,120,120,0,1.503,2.7467,0,0.6809,120,None,None,None,None,0,3.4455,3.4489,3.4419,0.0012,0.5735,0.574,0.5732,0.0002,0.7282,0.73,0.7263,0.0009,-0.0001,-0.0001,-0.0001,0,0,0,0,0,0,0,0,0,0.0015,0.0027,0,0.0007,214.15,365,79,72.2392,0,0,0,0,356.275,658,154,101.3486,39,41.4,47,39,23.68,23.68,23.63
2022-11-10 17:30:00,2.4849,4.4052,0.7436,0.7554,120,98.3015,27.9654,120,72.8879,73.1529,72.573,0.1278,120,27.2561,27.3931,27.1551,0.0593,120,1006.7473,1006.9155,1006.6958,0.0678,120,0.06,0.4803,0,0.1401,120,0,0,0,0,120,13.8345,14.2604,13.2775,0.2008,120,120,0,0.0076,0.3052,0,0.0478,120,None,None,None,None,0,3.4458,3.4486,3.4449,0.0011,0.5726,0.5739,0.5716,0.0006,0.7289,0.7315,0.7257,0.0013,-0.0001,-0.0001,-0.0001,0,0,0,0,0,0,0,0,0,0,0.0003,0,0,247.275,456,58,82.1136,0,0,0,0,287.2,949,58,97.9072,39,41.5667,47,39,23.68,23.68,23.63
2022-11-10 17:40:00,2.5014,4.3868,0.6424,0.8037,120,104.0622,37.4911,120,73.0931,73.336,72.7561,0.1455,120,27.0952,27.2008,26.9994,0.0428,120,1006.7426,1006.9155,1006.5127,0.0785,120,0,0,0,0,120,0,0,0,0,120,13.7321,14.2604,13.2775,0.182,120,120,0,0,0,0,0,120,None,None,None,None,0,3.4457,3.4486,3.4419,0.0013,0.5709,0.572,0.57,0.0004,0.7309,0.7334,0.7276,0.0015,-0.0001,-0.0001,-0.0001,0,0,0,0,0,0,0,0,0,0,0,0,0,249.0667,454,47,87.3572,0,0,0,0,314.6583,859,65,125.7573,39,41.5,47,39,23.68,23.73,23.68
2022-11-10 17:50:00,1.9848,4.2672,0.348,0.8365,120,105.0761,33.8931,120,73.4133,73.6412,73.1834,0.1113,120,27.0139,27.091,26.9262,0.0332,120,1006.9381,1007.1169,1006.6958,0.1146,120,0,0,0,0,120,0,0,0,0,120,13.7812,14.2604,13.2775,0.174,120,120,0,0,0,0,0,120,None,None,None,None,0,3.449,3.4519,3.4449,0.0019,0.5701,0.5709,0.5693,0.0003,0.7341,0.7364,0.7318,0.0011,-0.0001,-0.0001,-0.0001,0,0,0,0,0,0,0,0,0,0,0,0,0,192.9083,441,15,90.9272,0,0,0,0,302.2417,715,39,101.1758,39,41.6333,47,39,23.68,23.68,23.63
2022-11-10 18:00:00,2.1031,4.0832,0.578,0.8075,120,116.4065,36.6271,120,73.693,73.8853,73.4581,0.1192,120,26.99,27.036,26.9414,0.0211,120,1007.0388,1007.1169,1006.8789,0.0869,120,0,0,0,0,120,0,0,0,0,120,13.814,14.2604,13.2775,0.156,120,120,0,0,0,0,0,120,None,None,None,None,0,3.4506,3.4519,3.448,0.0014,0.5699,0.5704,0.5694,0.0002,0.7369,0.7389,0.7346,0.0012,-0.0001,-0.0001,-0.0001,0,0,0,0,0,0,0,0,0,0,0,0,0,205.7667,421,40,87.7741,0,0,0,0,330.6917,594,16,105.3543,39,41.5667,47,39,23.68,23.68,23.63
2022-11-10 18:10:00,1.8931,3.2828,0.578,0.6274,120,109.8526,38.2781,120,73.8823,74.1295,73.7022,0.0893,120,27.0117,27.0788,26.9384,0.0273,120,1007.0916,1007.3,1006.8972,0.07,120,0,0,0,0,120,0,0,0,0,120,13.8181,14.2604,13.2775,0.1733,120,120,0,0,0,0,0,120,None,None,None,None,0,3.4515,3.455,3.4483,0.0012,0.5701,0.5708,0.5694,0.0003,0.7388,0.7413,0.737,0.0009,-0.0001,-0.0001,-0.0001,0,0,0,0,0,0,0,0,0,0,0,0,0,182.9417,334,40,68.1983,0,0,0,0,322.875,1015,33,125.2703,39,41.5667,47,39,23.68,23.68,23.63
2022-11-10 18:20:00,2.1165,4.3868,0.716,0.7902,120,104.5997,33.9477,120,74.1317,74.3736,73.8853,0.1234,120,26.9781,27.0421,26.914,0.0256,120,1007.1441,1007.3,1007.0803,0.084,120,0,0,0,0,120,0,0,0,0,120,13.8386,14.2604,13.2775,0.1835,120,120,0,0,0,0,0,120,None,None,None,None,0,3.4524,3.455,3.4513,0.0014,0.5698,0.5704,0.5691,0.0003,0.7413,0.7437,0.7389,0.0012,-0.0001,-0.0001,-0.0001,0,0,0,0,0,0,0,0,0,0,0,0,0,207.225,454,55,85.8944,0,0,0,0,310.0583,859,27,112.4586,39,41.4667,47,39,23.68,23.68,23.68
2022-11-10 18:30:00,2.0049,3.6048,0.8724,0.6597,120,119.5257,32.3043,120,74.5239,74.7093,74.2821,0.128,120,26.9676,27.0269,26.9109,0.0249,120,1007.2491,1007.4465,1007.062,0.0819,120,0,0,0,0,120,0,0,0,0,120,13.8386,14.2604,13.2775,0.1943,120,120,0,0,0,0,0,120,None,None,None,None,0,3.4542,3.4574,3.451,0.0014,0.5697,0.5703,0.5691,0.0003,0.7452,0.7471,0.7428,0.0013,-0.0001,-0.0001,-0.0001,0,0,0,0,0,0,0,0,0,0,0,0,0,195.1,369,72,71.7068,0,0,0,0,339.5917,598,38,93.1646,39,41.3333,47,39,23.68,23.68,23.68
2022-11-10 18:40:00,2.0429,3.4208,0.6792,0.6168,120,109.0831,37.4745,120,75.0961,75.4723,74.6483,0.2148,120,26.9403,27.0086,26.8804,0.0273,120,1007.3923,1007.4648,1007.2451,0.0711,120,0,0,0,0,120,0,0,0,0,120,13.945,14.2604,13.2775,0.2451,120,120,0,0,0,0,0,120,None,None,None,None,0,3.4565,3.4577,3.4541,0.0012,0.5694,0.5701,0.5688,0.0003,0.751,0.7547,0.7465,0.0021,-0.0001,-0.0001,-0.0001,0,0,0,0,0,0,0,0,0,0,0,0,0,199.225,349,51,67.0455,0,0,0,0,328.05,984,87,132.1996,39,41.4,47,39,23.68,23.68,23.63
2022-11-10 18:50:00,2.2574,3.8256,0.9,0.6444,120,111.6984,32.8765,120,75.7787,76.1132,75.3807,0.2098,120,26.929,26.9811,26.8743,0.0205,120,1007.4364,1007.6296,1007.2634,0.0656,120,0,0,0,0,120,0,0,0,0,120,14.0761,14.2604,13.7689,0.2389,120,120,0,0,0,0,0,120,None,None,None,None,0,3.4573,3.4605,3.4544,0.0011,0.5693,0.5698,0.5687,0.0002,0.7578,0.7611,0.7538,0.0021,-0.0001,-0.0001,-0.0001,0,0,0,0,0,0,0,0,0,0,0,0,0,222.5417,393,75,70.0413,0,0,0,0,320.9083,535,155,94.0258,38.3,41.5,47,39,23.68,23.68,23.68
2022-11-10 19:00:00,2.0717,4.7456,0.8632,0.8345,120,122.8961,36.0409,120,76.3794,76.6015,76.0216,0.1442,120,27.0017,27.091,26.8865,0.0479,120,1007.6646,1007.8127,1007.4282,0.1034,120,0,0,0,0,120,0,0,0,0,120,14.0884,14.2604,13.7689,0.2354,120,120,0,0,0,0,0,120,None,None,None,None,0,3.4611,3.4635,3.4571,0.0017,0.57,0.5709,0.5689,0.0005,0.7638,0.766,0.7602,0.0014,-0.0001,-0.0001,-0.0001,0,0,0,0,0,0,0,0,0,0,0,0,0,202.3583,493,71,90.7052,0,0,0,0,352.525,660,148,102.9392,38,41.6333,47,39,23.68,23.68,23.68
2022-11-10 19:10:00,2.2939,4.1292,0.9,0.7573,120,105.908,32.8064,120,76.6015,76.9066,76.2963,0.1476,120,27.0816,27.1398,27.0208,0.0265,120,1007.781,1007.9775,1007.6113,0.0628,120,0.016,0.4803,0,0.0745,120,0,0,0,0,120,13.7239,14.2604,12.2946,0.4725,120,120,0,0,0,0,0,120,None,None,None,None,0,3.463,3.4663,3.4602,0.001,0.5708,0.5714,0.5702,0.0003,0.766,0.7691,0.763,0.0015,-0.0001,-0.0001,-0.0001,0,0,0,0,0,0,0,0,0,0,0,0,0,226.5083,426,75,82.3204,0,0,0,0,305.2667,704,104,96.4663,38,41.5333,47,39,23.68,23.73,23.63
2022-11-10 19:20:00,2.5664,4.8836,0.7988,0.9161,120,130.509,39.3554,120,77.1111,77.4865,76.7541,0.2183,120,27.0109,27.1001,26.8987,0.0509,120,1007.8985,1007.9958,1007.7761,0.094,120,0,0,0,0,120,0,0,0,0,120,13.8918,14.2604,13.2775,0.2795,120,120,0,0,0,0,0,120,None,None,None,None,0,3.465,3.4666,3.4629,0.0016,0.5701,0.571,0.569,0.0005,0.7711,0.7749,0.7675,0.0022,-0.0001,-0.0001,-0.0001,0,0,0,0,0,0,0,0,0,0,0,0,0,256.1333,508,64,99.5761,0,0,0,0,373.325,991,27,122.6239,38,41.4667,47,39,23.68,23.68,23.68
2022-11-10 19:30:00,2.5001,4.9572,0.7252,0.9109,120,125.2959,34.626,120,77.8876,78.1579,77.3949,0.1919,120,26.9085,26.9658,26.8529,0.0284,120,1008.0027,1008.179,1007.7761,0.0736,120,0,0,0,0,120,0,0,0,0,120,14.1334,14.2604,13.7689,0.216,120,120,0,0,0,0,0,120,None,None,None,None,0,3.4667,3.4696,3.4629,0.0012,0.5691,0.5697,0.5685,0.0003,0.7789,0.7816,0.7739,0.0019,-0.0001,-0.0001,-0.0001,0,0,0,0,0,0,0,0,0,0,0,0,0,248.925,516,56,99.007,0,0,0,0,356.875,661,141,99.2299,38,41.75,47,39,23.68,23.68,23.68
2022-11-10 19:40:00,2.5702,4.9204,0.6884,1.0585,120,104.2297,33.378,120,78.252,78.4631,78.0053,0.1046,120,26.8515,26.917,26.7888,0.0263,120,1008.1393,1008.3621,1007.9592,0.0776,120,0,0,0,0,120,0,0,0,0,120,14.0515,14.2604,13.7689,0.244,120,120,0,0,0,0,0,120,None,None,None,None,0,3.469,3.4727,3.466,0.0013,0.5685,0.5692,0.5679,0.0003,0.7825,0.7846,0.7801,0.001,-0.0001,-0.0001,-0.0001,0,0,0,0,0,0,0,0,0,0,0,0,0,256.5417,512,52,115.057,0,0,0,0,299.2417,734,37,101.3844,38,41.7167,47,39,23.68,23.68,23.63
2022-11-10 19:50:00,2.4369,4.6536,1.314,0.6047,120,102.0014,28.9915,120,78.3967,78.5241,78.28,0.0559,120,26.8505,26.9231,26.7736,0.0295,120,1008.1478,1008.3438,1007.9592,0.0624,120,0,0,0,0,120,0,0,0,0,120,13.9614,14.2604,13.7689,0.2409,120,120,0,0,0,0,0,120,None,None,None,None,0,3.4691,3.4724,3.466,0.001,0.5685,0.5692,0.5677,0.0003,0.784,0.7852,0.7828,0.0006,-0.0001,-0.0001,-0.0001,0,0,0,0,0,0,0,0,0,0,0,0,0,242.05,483,120,65.7336,0,0,0,0,294.8667,740,73,88.9756,38,41.8833,47,39,23.68,23.68,23.63
2022-11-10 20:00:00,2.1289,3.9452,0.5596,0.7579,120,103.4054,37.3787,120,78.2629,78.4326,78.0663,0.0862,120,26.8518,26.9231,26.7705,0.0353,120,1008.204,1008.3621,1007.9592,0.0901,120,0,0,0,0,120,0,0,0,0,120,13.9246,14.2604,13.2775,0.2466,120,120,0,0,0,0,0,120,None,None,None,None,0,3.4701,3.4727,3.466,0.0015,0.5685,0.5692,0.5677,0.0003,0.7826,0.7843,0.7807,0.0009,-0.0001,-0.0001,-0.0001,0,0,0,0,0,0,0,0,0,0,0,0,0,208.575,406,38,82.3852,0,0,0,0,306.8917,1017,97,124.0518,38,41.5,47,39,23.68,23.68,23.68
2022-11-10 20:10:00,2.3498,4.5432,1.0196,0.7195,120,100.9932,26.645,120,78.1582,78.2495,77.9748,0.0711,120,26.8217,26.8651,26.7553,0.0254,120,1008.3366,1008.5269,1008.1423,0.0661,120,0,0,0,0,120,0,0,0,0,120,13.9328,14.2604,13.2775,0.2412,120,120,0,0,0,0,0,120,None,None,None,None,0,3.4723,3.4754,3.469,0.0011,0.5682,0.5686,0.5675,0.0003,0.7816,0.7825,0.7797,0.0007,-0.0001,-0.0001,-0.0001,0,0,0,0,0,0,0,0,0,0,0,0,0,232.5833,471,88,78.209,0,0,0,0,289.1,649,133,78.478,37.2,42.25,47,39,23.68,23.68,23.63
2022-11-10 20:20:00,2.1565,4.4236,0.7988,0.7695,120,108.7304,31.0399,120,78.0445,78.1884,77.8527,0.0742,120,26.7435,26.8377,26.6302,0.0482,120,1008.3486,1008.5452,1008.124,0.0597,120,0,0,0,0,120,0,0,0,0,120,13.9205,14.2604,13.7689,0.2279,120,120,0,0,0,0,0,120,None,None,None,None,0,3.4725,3.4758,3.4687,0.001,0.5674,0.5684,0.5663,0.0005,0.7804,0.7819,0.7785,0.0007,-0.0001,-0.0001,-0.0001,0,0,0,0,0,0,0,0,0,0,0,0,0,211.575,458,64,83.6432,0,0,0,0,309.8917,574,33,90.0289,37,41.5667,47,39,23.68,23.68,23.68
2022-11-10 20:30:00,2.1165,4.2304,0.7804,0.7521,120,108.4665,32.5431,120,77.9104,78.0969,77.7001,0.0868,120,26.6922,26.7522,26.6393,0.0219,120,1008.3633,1008.5269,1008.1423,0.0676,120,0,0,0,0,120,0,0,0,0,120,14.0311,14.7535,13.7689,0.2544,120,120,0,0,0,0,0,120,None,None,None,None,0,3.4727,3.4754,3.469,0.0011,0.5669,0.5675,0.5664,0.0002,0.7791,0.781,0.777,0.0009,-0.0001,-0.0001,-0.0001,0,0,0,0,0,0,0,0,0,0,0,0,0,207.225,437,62,81.7453,0,0,0,0,316.3333,958,30,107.5897,37,41.7667,47,39,23.68,23.68,23.68
2022-11-10 20:40:00,2.0541,3.5772,0.5596,0.6973,120,103.456,31.7798,120,77.7266,77.8222,77.6086,0.0442,120,26.7188,26.8011,26.6424,0.0299,120,1008.4085,1008.5452,1008.3254,0.0872,120,0,0,0,0,120,0,0,0,0,120,14.0515,14.2604,13.7689,0.244,120,120,0,0,0,0,0,120,None,None,None,None,0,3.4735,3.4758,3.4721,0.0015,0.5672,0.568,0.5664,0.0003,0.7773,0.7782,0.7761,0.0004,-0.0001,-0.0001,-0.0001,0,0,0,0,0,0,0,0,0,0,0,0,0,200.4417,366,38,75.7945,0,0,0,0,299.425,706,80,96.2452,37,41.8667,47,41,23.68,23.68,23.68
2022-11-10 20:50:00,2.2756,3.522,1.1116,0.5593,120,99.2734,22.8593,120,77.9115,78.2495,77.6391,0.1623,120,26.7246,26.795,26.6515,0.0295,120,1008.4379,1008.5269,1008.3254,0.0875,120,0,0,0,0,120,0,0,0,0,120,13.9205,14.2604,13.7689,0.2279,120,120,0,0,0,0,0,120,None,None,None,None,0,3.474,3.4754,3.4721,0.0015,0.5673,0.5679,0.5665,0.0003,0.7791,0.7825,0.7764,0.0016,-0.0001,-0.0001,-0.0001,0,0,0,0,0,0,0,0,0,0,0,0,0,224.5167,360,98,60.7893,0,0,0,0,283.2667,594,80,68.2174,37,41.9,47,41,23.68,23.68,23.63
2022-11-10 21:00:00,1.9099,4.5432,0.4584,0.8688,120,107.7638,37.1353,120,78.4824,78.7683,78.1274,0.1715,120,26.6702,26.7278,26.5966,0.0272,120,1008.4596,1008.5269,1008.3071,0.0802,120,0,0,0,0,120,0,0,0,0,120,13.9368,14.2604,13.7689,0.2341,120,120,0,0,0,0,0,120,None,None,None,None,0,3.4743,3.4754,3.4718,0.0013,0.5667,0.5673,0.566,0.0003,0.7848,0.7877,0.7813,0.0017,-0.0001,-0.0001,-0.0001,0,0,0,0,0,0,0,0,0,0,0,0,0,184.775,471,27,94.4301,0,0,0,0,315.5583,1015,2,122.7194,37,41.5167,47,39,23.68,23.68,23.68
2022-11-10 21:10:00,1.994,3.5404,0.7896,0.681,120,106.7117,33.9552,120,78.8044,78.9514,78.4936,0.1012,120,26.6734,26.7736,26.5813,0.0398,120,1008.5002,1008.71,1008.3254,0.0445,120,0,0,0,0,120,0,0,0,0,120,14.0925,14.2604,13.7689,0.2341,120,120,0,0,0,0,0,120,None,None,None,None,0,3.475,3.4785,3.4721,0.0007,0.5667,0.5677,0.5658,0.0004,0.788,0.7895,0.7849,0.001,-0.0001,-0.0001,-0.0001,0,0,0,0,0,0,0,0,0,0,0,0,0,193.9167,362,63,74.0263,0,0,0,0,313.1417,1001,107,113.2428,37,41.4667,47,39,23.68,23.68,23.68
2022-11-10 21:20:00,1.4986,2.878,0.3388,0.5507,120,121.0739,34.7518,120,78.6762,78.8903,78.4631,0.1045,120,26.7929,26.8712,26.7126,0.0359,120,1008.489,1008.5086,1008.3254,0.0496,120,0,0,0,0,120,0,0,0,0,120,14.0597,14.2604,13.7689,0.2426,120,120,0,0,0,0,0,120,None,None,None,None,0,3.4748,3.4751,3.4721,0.0008,0.5679,0.5687,0.5671,0.0004,0.7868,0.7889,0.7846,0.001,-0.0001,-0.0001,-0.0001,0,0,0,0,0,0,0,0,0,0,0,0,0,140.0667,290,14,59.8557,0,0,0,0,344.85,636,88,100.0536,37,41.8,47,39,23.68,23.68,23.63
2022-11-10 21:30:00,1.526,3.4024,0.6332,0.5237,120,135.546,35.4973,120,78.4974,78.5852,78.4021,0.0484,120,26.8341,26.8926,26.7705,0.0257,120,1008.4678,1008.5269,1008.3254,0.0724,120,0,0,0,0,120,0,0,0,0,120,14.0188,14.2604,13.2775,0.2548,120,120,0,0,0,0,0,120,None,None,None,None,0,3.4745,3.4754,3.4721,0.0012,0.5683,0.5689,0.5677,0.0003,0.785,0.7859,0.784,0.0005,-0.0001,-0.0001,-0.0001,0,0,0,0,0,0,0,0,0,0,0,0,0,143.0417,347,46,56.9202,0,0,0,0,382.6167,612,2,103.1039,37,41.55,47,39,23.68,23.68,23.63
2022-11-10 21:40:00,1.9343,3.614,0.9828,0.5285,120,109.6994,29.2454,120,78.3944,78.4936,78.28,0.0602,120,26.8598,26.914,26.798,0.0233,120,1008.4309,1008.5269,1008.3071,0.0884,120,0,0,0,0,120,0,0,0,0,120,13.9328,14.2604,13.2775,0.2412,120,120,0,0,0,0,0,120,None,None,None,None,0,3.4738,3.4754,3.4718,0.0015,0.5686,0.5691,0.568,0.0002,0.7839,0.7849,0.7828,0.0006,-0.0001,-0.0001,-0.0001,0,0,0,0,0,0,0,0,0,0,0,0,0,187.425,370,84,57.4422,0,0,0,0,325.5167,970,189,108.7175,37,41.4667,47,41,23.68,23.68,23.68
2022-11-10 21:50:00,1.5411,2.924,0.5872,0.5858,120,117.0025,33.8051,120,78.4427,78.5546,78.28,0.0647,120,26.8492,26.9231,26.7705,0.0282,120,1008.4666,1008.5086,1008.3071,0.0706,120,0,0,0,0,120,0,0,0,0,120,13.8427,14.2604,13.2775,0.1874,120,120,0,0,0,0,0,120,None,None,None,None,0,3.4744,3.4751,3.4718,0.0012,0.5685,0.5692,0.5677,0.0003,0.7844,0.7855,0.7828,0.0006,-0.0001,-0.0001,-0.0001,0,0,0,0,0,0,0,0,0,0,0,0,0,144.6833,295,41,63.6696,0,0,0,0,340.9667,1021,58,112.7936,37,41.6833,47,41,23.68,23.68,23.63
2022-11-10 22:00:00,1.3947,2.5192,0.256,0.495,120,108.5134,35.1743,120,78.5526,78.6462,78.4326,0.0546,120,26.8082,26.8743,26.7553,0.0251,120,1008.4852,1008.5269,1008.3071,0.0518,120,0,0,0,0,120,0,0,0,0,120,13.7976,14.2604,13.2775,0.1835,120,120,0,0,0,0,0,120,None,None,None,None,0,3.4748,3.4754,3.4718,0.0009,0.5681,0.5687,0.5675,0.0003,0.7855,0.7865,0.7843,0.0005,-0.0001,-0.0001,-0.0001,0,0,0,0,0,0,0,0,0,0,0,0,0,128.775,251,5,53.8,0,0,0,0,308.6083,570,46,101.2583,36,41.8833,47,39,23.68,23.68,23.63
2022-11-10 22:10:00,1.5514,2.786,0.2744,0.5567,120,120.7464,30.4964,120,78.7001,78.8293,78.5241,0.0697,120,26.7467,26.8255,26.6668,0.031,120,1008.5047,1008.71,1008.3071,0.0465,120,0,0,0,0,120,0,0,0,0,120,13.8099,14.2604,13.2775,0.1867,120,120,0,0,0,0,0,120,None,None,None,None,0,3.4751,3.4785,3.4718,0.0008,0.5675,0.5683,0.5667,0.0003,0.787,0.7883,0.7852,0.0007,-0.0001,-0.0001,-0.0001,0,0,0,0,0,0,0,0,0,0,0,0,0,145.8083,280,7,60.5119,0,0,0,0,343.4333,566,134,87.1263,36,41.4167,47,39,23.68,23.68,23.68
2022-11-10 22:20:00,1.7413,3.338,0.4768,0.5546,120,125.8606,32.3015,120,79.0462,79.2871,78.7072,0.1199,120,26.6668,26.737,26.5996,0.0281,120,1008.4303,1008.6917,1008.3071,0.0892,120,0,0,0,0,120,0,0,0,0,120,13.9205,14.2604,13.7689,0.2279,120,120,0,0,0,0,0,120,None,None,None,None,0,3.4738,3.4782,3.4718,0.0015,0.5667,0.5674,0.566,0.0003,0.7905,0.7929,0.7871,0.0012,-0.0001,-0.0001,-0.0001,0,0,0,0,0,0,0,0,0,0,0,0,0,166.4417,340,29,60.2805,0,0,0,0,359.3917,587,177,92.396,36,41.8,47,39,23.68,23.68,23.68
2022-11-10 22:30:00,1.5022,2.7216,0.4768,0.5021,120,107.7542,34.311,120,79.3603,79.5312,79.1345,0.0989,120,26.6349,26.6912,26.5691,0.0224,120,1008.191,1008.3254,1008.124,0.0855,120,0,0,0,0,120,0,0,0,0,120,13.8754,14.2604,13.2775,0.2224,120,120,0,0,0,0,0,120,None,None,None,None,0,3.4699,3.4721,3.4687,0.0014,0.5664,0.5669,0.5657,0.0002,0.7936,0.7953,0.7913,0.001,-0.0001,-0.0001,-0.0001,0,0,0,0,0,0,0,0,0,0,0,0,0,140.4583,273,29,54.5721,0,0,0,0,315.9,1007,79,114.2174,36,41.65,47,39,23.68,23.68,23.68
2022-11-10 22:40:00,1.3229,2.3628,0.3572,0.4105,120,109.1778,26.8046,120,79.6729,79.8975,79.4702,0.1126,120,26.602,26.6576,26.5386,0.0272,120,1008.1336,1008.3254,1007.9409,0.0645,120,0,0,0,0,120,0,0,0,0,120,13.945,14.2604,13.2775,0.2451,120,120,0,0,0,0,0,120,None,None,None,None,0,3.4689,3.4721,3.4657,0.0011,0.566,0.5666,0.5654,0.0003,0.7967,0.799,0.7947,0.0011,-0.0001,-0.0001,-0.0001,0,0,0,0,0,0,0,0,0,0,0,0,0,120.9667,234,16,44.6171,0,0,0,0,310.725,569,126,77.7565,36,42.05,47,39,23.68,23.68,23.63
2022-11-10 22:50:00,1.4308,3.8532,0.5412,0.567,120,113.0306,44.4981,120,80.034,80.2026,79.8059,0.1015,120,26.6179,26.6851,26.5355,0.0323,120,1008.0822,1008.1606,1007.9226,0.0856,120,0,0,0,0,120,0,0,0,0,120,14.0147,14.2604,13.7689,0.2468,120,120,0,0,0,0,0,120,None,None,None,None,0,3.468,3.4693,3.4654,0.0014,0.5662,0.5668,0.5654,0.0003,0.8003,0.802,0.7981,0.001,-0.0001,-0.0001,-0.0001,0,0,0,0,0,0,0,0,0,0,0,0,0,132.6917,396,36,61.6265,0,0,0,0,333.1167,987,34,138.539,36,41.7,47,39,23.68,23.68,23.63
2022-11-10 23:00:00,2.0073,3.5036,0.6148,0.6184,120,97.783,26.5489,120,80.2566,80.4468,80.0806,0.0797,120,26.6143,26.6881,26.5355,0.0337,120,1007.9354,1008.1423,1007.7578,0.0602,120,0,0,0,0,120,0,0,0,0,120,13.9368,14.2604,13.2775,0.2508,120,120,0,0,0,0,0,120,None,None,None,None,0,3.4656,3.469,3.4626,0.001,0.5661,0.5669,0.5654,0.0003,0.8026,0.8045,0.8008,0.0008,-0.0001,-0.0001,-0.0001,0,0,0,0,0,0,0,0,0,0,0,0,0,195.3583,358,44,67.2183,0,0,0,0,278.9333,608,43,77.9296,36,41.9833,47,39,23.68,23.68,23.63
2022-11-10 23:10:00,2.198,4.2856,0.8264,0.7455,120,97.9872,23.778,120,80.4341,80.5689,80.2942,0.0652,120,26.5395,26.621,26.4745,0.031,120,1007.8776,1007.9592,1007.7395,0.0889,120,0,0,0,0,120,0,0,0,0,120,13.9368,14.2604,13.7689,0.2341,120,120,0,0,0,0,0,120,None,None,None,None,0,3.4646,3.466,3.4623,0.0015,0.5654,0.5662,0.5647,0.0003,0.8043,0.8057,0.8029,0.0007,-0.0001,-0.0001,-0.0001,0,0,0,0,0,0,0,0,0,0,0,0,0,216.0833,443,67,81.0304,0,0,0,0,279.35,546,81,69.2881,36,41.75,47,39,23.68,23.68,23.68
2022-11-10 23:20:00,1.8704,3.384,0.854,0.4982,120,101.9311,29.1446,120,80.3535,80.5689,80.1111,0.1175,120,26.5937,26.6607,26.4989,0.0358,120,1007.8571,1007.9592,1007.7395,0.0899,120,0,0,0,0,120,0,0,0,0,120,13.9491,14.2604,13.7689,0.2378,120,120,0,0,0,0,0,120,None,None,None,None,0,3.4643,3.466,3.4623,0.0015,0.5659,0.5666,0.565,0.0004,0.8035,0.8057,0.8011,0.0012,-0.0001,-0.0001,-0.0001,0,0,0,0,0,0,0,0,0,0,0,0,0,180.475,345,70,54.1479,0,0,0,0,295.8333,929,20,99.2598,36,41.6333,47,39,23.68,23.68,23.63
2022-11-10 23:30:00,1.5737,3.4668,0.486,0.699,120,127.4421,35.4734,120,80.0483,80.2637,79.8669,0.0826,120,26.6149,26.679,26.5569,0.0294,120,1007.7931,1007.9592,1007.7395,0.0688,120,0,0,0,0,120,0,0,0,0,120,13.9041,14.2604,13.7689,0.2204,120,120,0,0,0,0,0,120,None,None,None,None,0,3.4632,3.466,3.4623,0.0011,0.5662,0.5668,0.5656,0.0003,0.8005,0.8026,0.7987,0.0008,-0.0001,-0.0001,-0.0001,0,0,0,0,0,0,0,0,0,0,0,0,0,148.225,354,30,75.98,0,0,0,0,370.2,994,163,112.5613,36,41.7333,47,39,23.68,23.68,23.63
2022-11-10 23:40:00,1.4907,2.9884,0.5228,0.5067,120,101.7198,31.8675,120,79.8016,79.9585,79.6228,0.0792,120,26.6269,26.6881,26.5661,0.0252,120,1007.7508,1007.9592,1007.5564,0.0937,120,0,0,0,0,120,0,0,0,0,120,13.8713,14.2604,13.2775,0.2103,120,120,0,0,0,0,0,120,None,None,None,None,0,3.4625,3.466,3.4593,0.0016,0.5663,0.5669,0.5657,0.0003,0.798,0.7996,0.7962,0.0008,-0.0001,-0.0001,-0.0001,0,0,0,0,0,0,0,0,0,0,0,0,0,139.2083,302,34,55.072,0,0,0,0,309.775,990,103,128.7192,36,41.6333,47,39,23.68,23.68,23.63
2022-11-10 23:50:00,1.5803,3.2552,0.624,0.5373,120,109.7911,40.0825,120,79.605,79.7754,79.4092,0.0769,120,26.6288,26.6912,26.563,0.0271,120,1007.5784,1007.7578,1007.4099,0.064,120,0,0,0,0,120,0,0,0,0,120,13.8795,14.2604,13.2775,0.2249,120,120,0,0,0,0,0,120,None,None,None,None,0,3.4596,3.4626,3.4568,0.0011,0.5663,0.5669,0.5656,0.0003,0.796,0.7978,0.7941,0.0008,-0.0001,-0.0001,-0.0001,0,0,0,0,0,0,0,0,0,0,0,0,0,148.9417,331,45,58.4037,0,0,0,0,324.75,944,26,129.2102,36,41.9,47,39,23.68,23.68,23.63
