datetime,Anemometer;wind_speed;Avg (m/s),Anemometer;wind_speed;Max (m/s),Anemometer;wind_speed;Min (m/s),Anemometer;wind_speed;StdDev (m/s),Anemometer;wind_speed;Count (),Wind Vane TMR;wind_direction;Avg (°),Wind Vane TMR;wind_direction;StdDev (°),Wind Vane TMR;wind_direction;Count (),Hygro/Thermo;humidity;Avg (%),Hygro/Thermo;humidity;Max (%),Hygro/Thermo;humidity;Min (%),Hygro/Thermo;humidity;StdDev (%),Hygro/Thermo;humidity;Count (),Hygro/Thermo;temperature;Avg (°C),Hygro/Thermo;temperature;Max (°C),Hygro/Thermo;temperature;Min (°C),Hygro/Thermo;temperature;StdDev (°C),Hygro/Thermo;temperature;Count (),Barometer;air_pressure;Avg (hPa),Barometer;air_pressure;Max (hPa),Barometer;air_pressure;Min (hPa),Barometer;air_pressure;StdDev (hPa),Barometer;air_pressure;Count (),DHI (Diffuse Horizontal Irradiance);solar_irradiance;Avg (W/m²),DHI (Diffuse Horizontal Irradiance);solar_irradiance;Max (W/m²),DHI (Diffuse Horizontal Irradiance);solar_irradiance;Min (W/m²),DHI (Diffuse Horizontal Irradiance);solar_irradiance;StdDev (W/m²),DHI (Diffuse Horizontal Irradiance);solar_irradiance;Count (),GHI (Global Horizontal Irradiance);solar_irradiance;Avg (W/m²),GHI (Global Horizontal Irradiance);solar_irradiance;Max (W/m²),GHI (Global Horizontal Irradiance);solar_irradiance;Min (W/m²),GHI (Global Horizontal Irradiance);solar_irradiance;StdDev (W/m²),GHI (Global Horizontal Irradiance);solar_irradiance;Count (),DNI (Direct Normal Irradiance) Pyrheliometer;solar_DNI;Avg (W/m²),DNI (Direct Normal Irradiance) Pyrheliometer;solar_DNI;Max (W/m²),DNI (Direct Normal Irradiance) Pyrheliometer;solar_DNI;Min (W/m²),DNI (Direct Normal Irradiance) Pyrheliometer;solar_DNI;StdDev (W/m²),DNI (Direct Normal Irradiance) Pyrheliometer;solar_DNI;Count (),Precipitation;precipitation;Count (),Precipitation;precipitation;Sum (mm),GTI (Global Tilt Irradiance) PV Cell;voltage;Avg (W/m2),GTI (Global Tilt Irradiance) PV Cell;voltage;Max (W/m2),GTI (Global Tilt Irradiance) PV Cell;voltage;Min (W/m2),GTI (Global Tilt Irradiance) PV Cell;voltage;StdDev (W/m2),GTI (Global Tilt Irradiance) PV Cell;voltage;Count (),Theta;other;Avg (°),Theta;other;Max (°),Theta;other;Min (°),Theta;other;StdDev (°),Theta;other;Count (),A1;channel;Avg (V),A1;channel;Max (V),A1;channel;Min (V),A1;channel;StdDev (V),A2;channel;Avg (V),A2;channel;Max (V),A2;channel;Min (V),A2;channel;StdDev (V),A3;channel;Avg (V),A3;channel;Max (V),A3;channel;Min (V),A3;channel;StdDev (V),A4;channel;Avg (V),A4;channel;Max (V),A4;channel;Min (V),A4;channel;StdDev (V),A5;channel;Avg (V),A5;channel;Max (V),A5;channel;Min (V),A5;channel;StdDev (V),A6;channel;Avg (V),A6;channel;Max (V),A6;channel;Min (V),A6;channel;StdDev (V),A7;channel;Avg (V),A7;channel;Max (V),A7;channel;Min (V),A7;channel;StdDev (V),C1;channel;Avg (I),C1;channel;Max (I),C1;channel;Min (I),C1;channel;StdDev (I),C2;channel;Avg (I),C2;channel;Max (I),C2;channel;Min (I),C2;channel;StdDev (I),D1;channel;Avg (),D1;channel;Max (),D1;channel;Min (),D1;channel;StdDev (),T;channel;Avg (°C),I;channel;Avg (mA),I;channel;Max (mA),I;channel;Min (mA),V;channel;Avg (V),V;channel;Max (V),V;channel;Min (V)
2022-12-01 00:00:00,1.2992,2.4456,0.3296,0.5275,120,68.9994,33.4636,120,75.6017,75.7164,75.5028,0.0622,120,26.5463,26.56,26.5294,0.0055,120,1005.0401,1005.1759,1004.7914,0.0955,120,0,0,0,0,120,0,0,0,0,120,13.8222,14.2604,13.2775,0.1994,120,120,0,0,0,0,0,120,None,None,None,None,0,3.4173,3.4196,3.4132,0.0016,0.5655,0.5656,0.5653,0.0001,0.756,0.7572,0.755,0.0006,-0.0001,-0.0001,-0.0001,0,0,0,0,0,0,0,0,0,0,0,0,0,118.3917,243,13,57.3356,0,0,0,0,218.6667,1020,7,140.0865,37,48.1833,53,47,23.67,23.68,23.63
2022-12-01 00:10:00,1.4627,3.016,0.4216,0.5869,120,66.8581,36.2524,120,75.6709,75.808,75.5333,0.0783,120,26.5129,26.5386,26.4898,0.0139,120,1004.881,1004.9745,1004.7548,0.088,120,0,0,0,0,120,0,0,0,0,120,13.8345,14.2604,13.2775,0.2107,120,120,0,0,0,0,0,120,None,None,None,None,0,3.4147,3.4162,3.4126,0.0015,0.5651,0.5654,0.5649,0.0001,0.7567,0.7581,0.7553,0.0008,-0.0001,-0.0001,-0.0001,0,0,0,0,0,0,0,0,0,0,0,0,0,136.1667,305,23,63.7941,0,0,0,0,223.3083,988,20,151.7714,37,48.2667,49,47,23.67,23.68,23.63
2022-12-01 00:20:00,1.0887,2.1144,0.2652,0.4347,120,68.6626,32.6869,120,75.7378,75.869,75.6554,0.0546,120,26.5303,26.5478,26.5142,0.0097,120,1004.7874,1004.9562,1004.59,0.0625,120,0,0,0,0,120,0,0,0,0,120,13.7812,14.2604,13.2775,0.174,120,120,0,0,0,0,0,120,None,None,None,None,0,3.4131,3.4159,3.4098,0.001,0.5653,0.5655,0.5651,0.0001,0.7574,0.7587,0.7566,0.0005,-0.0001,-0.0001,-0.0001,0,0,0,0,0,0,0,0,0,0,0,0,0,95.5083,207,6,47.2487,0,0,0,0,217.25,873,61,125.6738,37,48.7333,53,47,23.67,23.68,23.63
2022-12-01 00:30:00,1.2848,2.8044,0.3388,0.5014,120,64.9541,46.5298,120,75.9977,76.1437,75.8385,0.09,120,26.5106,26.5233,26.4928,0.0072,120,1004.7024,1004.8097,1004.5717,0.0918,120,0,0,0,0,120,0,0,0,0,120,13.8181,14.2604,13.2775,0.1953,120,120,0,0,0,0,0,120,None,None,None,None,0,3.4117,3.4135,3.4095,0.0015,0.5651,0.5652,0.5649,0.0001,0.76,0.7614,0.7584,0.0009,-0.0001,-0.0001,-0.0001,0,0,0,0,0,0,0,0,0,0,0,0,0,116.825,282,14,54.4961,0,0,0,0,233.2333,994,12,181.4662,37,48.05,51,47,23.67,23.68,23.63
2022-12-01 00:40:00,1.1468,2.2432,0,0.5294,120,82.4032,48.0418,120,76.2912,76.4489,76.1742,0.0719,120,26.4926,26.502,26.4806,0.0047,120,1004.6377,1004.7914,1004.3886,0.0943,120,0,0,0,0,120,0,0,0,0,120,13.8181,14.2604,13.2775,0.1953,120,120,0,0,0,0,0,120,None,None,None,None,0,3.4106,3.4132,3.4065,0.0016,0.5649,0.565,0.5648,0.0001,0.7629,0.7645,0.7617,0.0007,-0.0001,-0.0001,-0.0001,0,0,0,0,0,0,0,0,0,0,0,0,0,102.4,221,0,56.3963,0,0,0,0,289.0583,994,39,185.9438,36.9,46.75,49,41,23.68,23.68,23.63
2022-12-01 00:50:00,1.5433,3.0528,0.3756,0.6161,120,63.3567,31.3981,120,76.5989,76.8761,76.4183,0.1125,120,26.4805,26.4959,26.4562,0.0108,120,1004.4618,1004.6083,1004.3703,0.0883,120,0,0,0,0,120,0,0,0,0,120,13.8508,14.2604,13.7689,0.1839,120,120,0,0,0,0,0,120,None,None,None,None,0,3.4077,3.4101,3.4062,0.0015,0.5648,0.565,0.5646,0.0001,0.766,0.7688,0.7642,0.0011,-0.0001,-0.0001,-0.0001,0,0,0,0,0,0,0,0,0,0,0,0,0,144.925,309,18,66.9653,0,0,0,0,196.6917,974,34,120.4408,36,46.9333,49,41,23.67,23.68,23.63
2022-12-01 01:00:00,1.3784,2.556,0.4952,0.5045,120,62.0351,32.8682,120,77.1162,77.3949,76.8761,0.1651,120,26.4689,26.4806,26.4592,0.0046,120,1004.3956,1004.4252,1004.2055,0.031,120,0,0,0,0,120,0,0,0,0,120,13.8058,14.2604,13.2775,0.1582,120,120,0,0,0,0,0,120,None,None,None,None,0,3.4066,3.4071,3.4034,0.0005,0.5647,0.5648,0.5646,0.0001,0.7712,0.7739,0.7688,0.0017,-0.0001,-0.0001,-0.0001,0,0,0,0,0,0,0,0,0,0,0,0,0,127,255,31,54.8337,0,0,0,0,219.375,987,7,165.7422,36,46.9667,49,43,23.67,23.68,23.63
2022-12-01 01:10:00,1.8455,3.246,0.5228,0.6868,120,63.7354,34.9012,120,77.7278,78.0969,77.3949,0.1903,120,26.4657,26.4867,26.4348,0.0144,120,1004.2512,1004.4069,1004.0223,0.0913,120,0,0,0,0,120,0,0,0,0,120,13.8467,14.2604,13.2775,0.2297,120,120,0,0,0,0,0,120,None,None,None,None,0,3.4042,3.4068,3.4004,0.0015,0.5647,0.5649,0.5644,0.0001,0.7773,0.781,0.7739,0.0019,-0.0001,-0.0001,-0.0001,0,0,0,0,0,0,0,0,0,0,0,0,0,177.7667,330,34,74.6519,0,0,0,0,213,959,24,145.9759,36,46.9167,47,41,23.67,23.68,23.63
2022-12-01 01:20:00,1.3209,4.4788,0.3572,0.6539,120,68.0843,39.9209,120,78.4219,78.7683,78.0969,0.1785,120,26.4393,26.4562,26.4196,0.0082,120,1004.1487,1004.2421,1004.0223,0.0904,120,0,0,0,0,120,0,0,0,0,120,13.8181,14.2604,13.2775,0.2055,120,120,0,0,0,0,0,120,None,None,None,None,0,3.4025,3.404,3.4004,0.0015,0.5644,0.5646,0.5642,0.0001,0.7842,0.7877,0.781,0.0018,-0.0001,-0.0001,-0.0001,0,0,0,0,0,0,0,0,0,0,0,0,0,120.75,464,16,71.0769,0,0,0,0,211.0667,857,15,136.1176,36,46.9167,47,41,23.67,23.68,23.63
2022-12-01 01:30:00,1.5738,3.7336,0.348,0.7981,120,70.8544,26.5273,120,78.7149,78.8903,78.4936,0.0984,120,26.3991,26.444,26.3616,0.0255,120,1004.0628,1004.2238,1004.0223,0.0714,120,0,0,0,0,120,0,0,0,0,120,13.8427,14.2604,13.2775,0.2079,120,120,0,0,0,0,0,120,None,None,None,None,0,3.401,3.4037,3.4004,0.0012,0.564,0.5644,0.5636,0.0003,0.7871,0.7889,0.7849,0.001,-0.0001,-0.0001,-0.0001,0,0,0,0,0,0,0,0,0,0,0,0,0,148.2417,383,15,86.746,0,0,0,0,208.6167,919,7,97.2973,36,46.9167,47,41,23.67,23.68,23.63
2022-12-01 01:40:00,1.4777,3.8532,0.394,0.6232,120,75.0968,36.5034,120,78.8115,78.8903,78.7378,0.044,120,26.3873,26.4043,26.3677,0.0083,120,1004.0436,1004.2238,1003.8575,0.0575,120,0,0,0,0,120,0,0,0,0,120,13.7935,14.2604,13.2775,0.2,120,120,0,0,0,0,0,120,None,None,None,None,0,3.4007,3.4037,3.3976,0.001,0.5639,0.564,0.5637,0.0001,0.7881,0.7889,0.7874,0.0004,-0.0001,-0.0001,-0.0001,0,0,0,0,0,0,0,0,0,0,0,0,0,137.7917,396,20,67.74,0,0,0,0,247.7167,1017,11,161.6955,36,46.9333,47,41,23.67,23.68,23.63
2022-12-01 01:50:00,1.3024,3.0528,0.2284,0.6677,120,72.8219,51.2861,120,78.7861,78.8293,78.7378,0.0246,120,26.3963,26.4226,26.3799,0.0094,120,1004.0651,1004.2421,1003.8575,0.083,120,0,0,0,0,120,0,0,0,0,120,13.7935,14.2604,13.2775,0.2099,120,120,0,0,0,0,0,120,None,None,None,None,0,3.4011,3.404,3.3976,0.0014,0.564,0.5642,0.5638,0.0001,0.7879,0.7883,0.7874,0.0002,-0.0001,-0.0001,-0.0001,0,0,0,0,0,0,0,0,0,0,0,0,0,118.7417,309,2,72.5753,0,0,0,0,284.5917,1022,0,214.2289,36,46.8167,49,41,23.67,23.68,23.63
2022-12-01 02:00:00,1.0453,2.05,0.2192,0.4187,120,77.1303,43.1285,120,78.7197,78.8293,78.6462,0.0441,120,26.4336,26.4501,26.4165,0.0085,120,1004.1247,1004.2421,1004.0223,0.0935,120,0,0,0,0,120,0,0,0,0,120,13.7935,14.2604,13.2775,0.1785,120,120,0,0,0,0,0,120,None,None,None,None,0,3.4021,3.404,3.4004,0.0016,0.5643,0.5645,0.5642,0.0001,0.7872,0.7883,0.7865,0.0004,-0.0001,-0.0001,-0.0001,0,0,0,0,0,0,0,0,0,0,0,0,0,90.7917,200,1,45.5144,0,0,0,0,247.525,907,30,143.9078,36,46.9333,49,41,23.67,23.68,23.63
2022-12-01 02:10:00,0.9672,2.5192,0,0.5189,120,73.0813,38.1614,120,78.7561,78.8293,78.7072,0.0307,120,26.4354,26.4562,26.4165,0.0113,120,1004.106,1004.3886,1004.004,0.0967,120,0,0,0,0,120,0,0,0,0,120,13.7853,14.2604,13.2775,0.1795,120,120,0,0,0,0,0,120,None,None,None,None,0,3.4018,3.4065,3.4001,0.0016,0.5644,0.5646,0.5642,0.0001,0.7876,0.7883,0.7871,0.0003,-0.0001,-0.0001,-0.0001,0,0,0,0,0,0,0,0,0,0,0,0,0,82.4917,251,0,56.0873,0,0,0,0,237.3,1013,9,155.6251,36,46.85,49,41,23.67,23.68,23.63
2022-12-01 02:20:00,0.8716,1.7556,0.2468,0.3454,120,93.6859,48.4379,120,78.7866,78.8293,78.6157,0.0436,120,26.4525,26.4654,26.4348,0.0076,120,1004.2151,1004.4069,1004.0223,0.0438,120,0,0,0,0,120,0,0,0,0,120,13.7812,14.2604,13.2775,0.162,120,120,0,0,0,0,0,120,None,None,None,None,0,3.4036,3.4068,3.4004,0.0007,0.5645,0.5646,0.5644,0.0001,0.7879,0.7883,0.7862,0.0004,-0.0001,-0.0001,-0.0001,0,0,0,0,0,0,0,0,0,0,0,0,0,71.9167,168,4,37.5389,0,0,0,0,299.65,1017,20,169.1242,36,46.9667,49,41,23.67,23.68,23.63
2022-12-01 02:30:00,1.5195,3.154,0.44,0.6727,120,73.5654,34.4157,120,78.676,78.7378,78.6157,0.0366,120,26.4237,26.444,26.4074,0.0083,120,1004.2102,1004.4069,1004.0223,0.039,120,0,0,0,0,120,0,0,0,0,120,13.814,14.2604,13.2775,0.1911,120,120,0,0,0,0,0,120,None,None,None,None,0,3.4035,3.4068,3.4004,0.0006,0.5642,0.5644,0.5641,0.0001,0.7868,0.7874,0.7862,0.0004,-0.0001,-0.0001,-0.0001,0,0,0,0,0,0,0,0,0,0,0,0,0,142.3333,320,25,73.1245,0,0,0,0,223.9917,853,2,117.9594,36,46.8167,47,41,23.67,23.68,23.63
2022-12-01 02:40:00,1.0943,2.4456,0.3664,0.4317,120,81.5918,52.198,120,78.4763,78.6462,78.3105,0.1119,120,26.4611,26.4837,26.4257,0.0171,120,1004.199,1004.3703,1004.0223,0.0472,120,0,0,0,0,120,0,0,0,0,120,13.773,14.2604,13.2775,0.216,120,120,0,0,0,0,0,120,None,None,None,None,0,3.4033,3.4062,3.4004,0.0008,0.5646,0.5648,0.5643,0.0002,0.7848,0.7865,0.7831,0.0011,-0.0001,-0.0001,-0.0001,0,0,0,0,0,0,0,0,0,0,0,0,0,96.1167,243,17,46.9241,0,0,0,0,275.75,976,25,181.8665,36,46.6333,47,41,23.67,23.68,23.63
2022-12-01 02:50:00,1.3298,2.8228,0.348,0.556,120,69.8077,49.2811,120,78.1131,78.341,77.9138,0.1229,120,26.4382,26.4745,26.3921,0.0229,120,1004.1798,1004.3703,1004.004,0.0704,120,0,0,0,0,120,0,0,0,0,120,13.7321,14.2604,13.2775,0.1929,120,120,0,0,0,0,0,120,None,None,None,None,0,3.403,3.4062,3.4001,0.0012,0.5644,0.5647,0.5639,0.0002,0.7811,0.7834,0.7791,0.0012,-0.0001,-0.0001,-0.0001,0,0,0,0,0,0,0,0,0,0,0,0,0,121.7167,284,15,60.4367,0,0,0,0,275.5417,1008,36,212.9091,36,46.9167,49,41,23.67,23.68,23.63
2022-12-01 03:00:00,1.3098,2.694,0.2744,0.5781,120,77.5335,47.5632,120,77.8568,78.0053,77.7001,0.087,120,26.4255,26.4623,26.3891,0.0196,120,1004.3338,1004.4069,1004.1871,0.0832,120,0,0,0,0,120,0,0,0,0,120,13.7526,14.2604,13.2775,0.1795,120,120,0,0,0,0,0,120,None,None,None,None,0,3.4056,3.4068,3.4031,0.0014,0.5643,0.5646,0.5639,0.0002,0.7786,0.7801,0.777,0.0009,-0.0001,-0.0001,-0.0001,0,0,0,0,0,0,0,0,0,0,0,0,0,119.5417,270,7,62.8403,0,0,0,0,274.4333,1004,17,188.5789,36,46.8333,49,41,23.67,23.68,23.63
2022-12-01 03:10:00,0.9436,1.7556,0,0.3932,120,86.9567,49.8423,120,77.6053,77.7306,77.5781,0.0407,120,26.4737,26.4928,26.447,0.012,120,1004.4543,1004.59,1004.2055,0.0916,120,0,0,0,0,120,0,0,0,0,120,13.773,14.2604,13.2775,0.216,120,120,0,0,0,0,0,120,None,None,None,None,0,3.4076,3.4098,3.4034,0.0015,0.5647,0.5649,0.5645,0.0001,0.7761,0.7773,0.7758,0.0004,-0.0001,-0.0001,-0.0001,0,0,0,0,0,0,0,0,0,0,0,0,0,80.5,168,0,41.0587,0,0,0,0,276.9167,939,20,162.0176,36,46.85,49,41,23.67,23.68,23.63
2022-12-01 03:20:00,1.506,3.3104,0.5412,0.6857,120,84.4125,29.8106,120,77.6218,77.7306,77.517,0.0512,120,26.4824,26.502,26.4501,0.0117,120,1004.4571,1004.59,1004.3703,0.0892,120,0,0,0,0,120,0,0,0,0,120,13.7526,14.2604,13.2775,0.2008,120,120,0,0,0,0,0,120,None,None,None,None,0,3.4076,3.4098,3.4062,0.0015,0.5648,0.565,0.5645,0.0001,0.7762,0.7773,0.7752,0.0005,-0.0001,-0.0001,-0.0001,0,0,0,0,0,0,0,0,0,0,0,0,0,140.875,337,36,74.537,0,0,0,0,240.1167,514,34,85.6566,36,46.9333,47,45,23.66,23.68,23.63
2022-12-01 03:30:00,1.9881,3.4392,0.8356,0.5983,120,72.9598,29.8657,120,77.8535,78.0053,77.7001,0.084,120,26.4189,26.4531,26.3982,0.0134,120,1004.5173,1004.7548,1004.3703,0.0917,120,0,0,0,0,120,0,0,0,0,120,13.7485,14.2604,13.2775,0.1953,120,120,0,0,0,0,0,120,None,None,None,None,0,3.4086,3.4126,3.4062,0.0015,0.5642,0.5645,0.564,0.0001,0.7785,0.7801,0.777,0.0008,-0.0001,-0.0001,-0.0001,0,0,0,0,0,0,0,0,0,0,0,0,0,193.275,351,68,65.0338,0,0,0,0,217.5917,943,45,108.1634,36,46.95,49,41,23.66,23.68,23.63
2022-12-01 03:40:00,1.6856,3.9636,0.3756,0.7371,120,80.6685,39.1386,120,78.0282,78.0969,77.9748,0.026,120,26.4213,26.4348,26.3982,0.0089,120,1004.5309,1004.59,1004.3886,0.0764,120,0,0,0,0,120,0,0,0,0,120,13.728,14.2604,13.2775,0.2073,120,120,0,0,0,0,0,120,None,None,None,None,0,3.4088,3.4098,3.4065,0.0013,0.5642,0.5644,0.564,0.0001,0.7803,0.781,0.7797,0.0003,-0.0001,-0.0001,-0.0001,0,0,0,0,0,0,0,0,0,0,0,0,0,160.3917,408,18,80.122,0,0,0,0,256.5,961,10,147.8604,36,46.9,47,41,23.66,23.68,23.63
2022-12-01 03:50:00,1.6783,3.6416,0.394,0.7516,120,77.4185,42.2315,120,78.1063,78.2495,78.0053,0.0555,120,26.3856,26.4074,26.3646,0.0113,120,1004.6385,1004.7731,1004.5534,0.0898,120,0,0,0,0,120,0,0,0,0,120,13.7321,14.2604,13.2775,0.182,120,120,0,0,0,0,0,120,None,None,None,None,0,3.4106,3.4129,3.4092,0.0015,0.5639,0.5641,0.5636,0.0001,0.7811,0.7825,0.7801,0.0006,-0.0001,-0.0001,-0.0001,0,0,0,0,0,0,0,0,0,0,0,0,0,159.6,373,20,81.6945,0,0,0,0,263.7083,997,1,177.8831,36,46.9167,47,41,23.66,23.68,23.63
2022-12-01 04:00:00,1.8461,3.7152,0.3756,0.8729,120,76.5817,40.9387,120,78.046,78.2495,77.8222,0.0872,120,26.4002,26.4135,26.3768,0.007,120,1004.6638,1004.7731,1004.5534,0.0918,120,0,0,0,0,120,0,0,0,0,120,13.7362,14.2604,13.2775,0.1988,120,120,0,0,0,0,0,120,None,None,None,None,0,3.4111,3.4129,3.4092,0.0015,0.564,0.5641,0.5638,0.0001,0.7805,0.7825,0.7782,0.0009,-0.0001,-0.0001,-0.0001,0,0,0,0,0,0,0,0,0,0,0,0,0,177.8333,381,18,94.8754,0,0,0,0,262.8417,1005,48,173.225,36,46.8,49,41,23.67,23.68,23.63
2022-12-01 04:10:00,1.6053,3.4944,0.394,0.6094,120,71.9029,32.13,120,77.9181,77.9748,77.8527,0.0341,120,26.3522,26.3799,26.328,0.0123,120,1004.7421,1004.9379,1004.5534,0.0668,120,0,0,0,0,120,0,0,0,0,120,13.6788,14.2604,13.2775,0.2112,120,120,0,0,0,0,0,120,None,None,None,None,0,3.4124,3.4156,3.4092,0.0011,0.5635,0.5638,0.5633,0.0001,0.7792,0.7797,0.7785,0.0003,-0.0001,-0.0001,-0.0001,0,0,0,0,0,0,0,0,0,0,0,0,0,151.6667,357,20,66.2377,0,0,0,0,227.6667,1020,14,138.8363,36,46.8667,49,41,23.66,23.68,23.63
2022-12-01 04:20:00,1.7313,3.7612,0.3296,0.7545,120,68.8288,38.2524,120,77.883,77.9443,77.7917,0.0441,120,26.393,26.4196,26.3616,0.0166,120,1004.9052,1005.121,1004.7365,0.0775,120,0,0,0,0,120,0,0,0,0,120,13.728,14.2604,13.2775,0.2348,120,120,0,0,0,0,0,120,None,None,None,None,0,3.4151,3.4187,3.4123,0.0013,0.5639,0.5642,0.5636,0.0002,0.7788,0.7794,0.7779,0.0004,-0.0001,-0.0001,-0.0001,0,0,0,0,0,0,0,0,0,0,0,0,0,165.3583,386,13,82.0105,0,0,0,0,231.725,934,33,157.0344,36,46.8833,47,41,23.66,23.68,23.63
2022-12-01 04:30:00,1.6506,3.6232,0.4308,0.7067,120,75.3105,43.6136,120,77.7436,77.8527,77.6391,0.061,120,26.3881,26.4226,26.3585,0.0208,120,1004.9959,1005.1393,1004.7548,0.0928,120,0,0,0,0,120,0,0,0,0,120,13.7526,14.2604,13.2775,0.1678,120,120,0,0,0,0,0,120,None,None,None,None,0,3.4166,3.419,3.4126,0.0015,0.5639,0.5642,0.5636,0.0002,0.7774,0.7785,0.7764,0.0006,-0.0001,-0.0001,-0.0001,0,0,0,0,0,0,0,0,0,0,0,0,0,156.5833,371,24,76.8102,0,0,0,0,270.9167,1011,24,189.2199,36,46.7667,49,41,23.66,23.68,23.63
2022-12-01 04:40:00,1.9043,4.2212,0.5136,0.7816,120,70.417,40.5203,120,77.5859,77.7306,77.4255,0.0729,120,26.3815,26.4348,26.3524,0.0251,120,1005.0621,1005.1393,1004.9196,0.0893,120,0.2182,0.9614,0,0.2734,120,0.2075,0.7323,0,0.2877,120,13.814,14.2604,13.2775,0.2014,120,120,0,0.412,1.5259,0,0.4591,120,None,None,None,None,0,3.4177,3.419,3.4153,0.0015,0.5638,0.5644,0.5635,0.0003,0.7759,0.7773,0.7743,0.0007,-0.0001,-0.0001,-0.0001,0,0,0,0,0,0,0,0,0,0.0004,0.0015,0,0.0005,184.1583,436,33,84.9555,0,0,0,0,224.1833,968,8,141.577,36,46.8667,49,41,23.66,23.68,23.63
2022-12-01 04:50:00,1.2632,2.8136,0,0.6937,120,88.9688,58.4802,120,77.3886,77.456,77.3339,0.0259,120,26.4685,26.5111,26.4257,0.0257,120,1005.1149,1005.3041,1004.9196,0.067,120,4.5377,10.3331,0.7213,2.9688,120,4.4361,10.2581,0.3661,2.9012,120,13.7771,14.2604,13.2775,0.2206,120,120,0,4.9847,10.6815,1.5259,2.9289,120,89.56,89.93,89.18,0.28,51,3.4186,3.4217,3.4153,0.0011,0.5647,0.5651,0.5643,0.0003,0.7739,0.7746,0.7733,0.0003,-0.0001,-0.0001,-0.0001,0,0.0001,0.0001,0,0,0,0.0001,0,0,0.005,0.0107,0.0015,0.0029,114.6667,283,0,75.0779,0,0,0,0,317.9583,1020,21,206.6648,36,46.8833,47,41,23.66,23.68,23.63
2022-12-01 05:00:00,1.9868,4.3224,0.4952,0.8726,120,70.1284,38.9659,120,77.4616,77.7001,77.3339,0.0982,120,26.4713,26.5203,26.4348,0.026,120,1005.1903,1005.3224,1005.1027,0.0894,120,14.216,17.5425,10.5732,2.1747,120,14.0441,17.5858,9.892,2.2,120,14.0024,14.2604,13.2775,0.2546,120,120,0,13.9393,17.0904,10.6815,1.9874,120,87.92,89.18,86.69,0.67,120,3.4198,3.422,3.4184,0.0015,0.5647,0.5652,0.5644,0.0003,0.7746,0.777,0.7733,0.001,-0.0001,-0.0001,-0.0001,0,0.0002,0.0002,0.0001,0,0.0001,0.0001,0.0001,0,0.0139,0.0171,0.0107,0.002,193.1333,447,31,94.8467,0,0,0,0,251.0917,972,26,178.6457,35,46.8833,47,41,23.66,23.68,23.63
2022-12-01 05:10:00,2.1388,3.9452,0.5596,0.6711,120,74.2932,30.8778,120,77.4949,77.7306,77.3949,0.0849,120,26.4646,26.4928,26.447,0.0101,120,1005.2898,1005.4872,1005.121,0.0504,120,23.3054,31.2394,17.3016,4.1206,120,23.1392,31.1417,17.2197,4.124,120,13.8713,14.2604,13.2775,0.2103,120,120,0,22.3268,29.9081,17.0904,3.9632,120,85.62,86.69,84.44,0.67,120,3.4215,3.4248,3.4187,0.0008,0.5646,0.5649,0.5645,0.0001,0.7749,0.7773,0.7739,0.0008,-0.0001,-0.0001,-0.0001,0,0.0003,0.0004,0.0002,0.0001,0.0002,0.0003,0.0001,0,0.0223,0.0299,0.0171,0.004,209.65,406,38,72.9421,0,0,0,0,229.175,989,43,125.4128,35,46.8,49,41,23.65,23.68,23.63
2022-12-01 05:20:00,1.7985,3.568,0.486,0.7116,120,59.6549,34.2807,120,77.1925,77.3949,77.0287,0.1036,120,26.5488,26.5996,26.4928,0.0334,120,1005.3958,1005.5055,1005.2858,0.092,120,39.0493,47.5803,31.2394,4.9922,120,38.9938,47.994,31.1417,5.0758,120,13.9246,14.2604,13.2775,0.2547,120,120,0,37.5174,45.7778,29.9081,4.6175,120,83.31,84.44,82.18,0.68,120,3.4233,3.4251,3.4214,0.0015,0.5655,0.566,0.5649,0.0003,0.7719,0.7739,0.7703,0.001,-0.0001,-0.0001,-0.0001,0,0.0005,0.0006,0.0004,0.0001,0.0003,0.0004,0.0003,0,0.0375,0.0458,0.0299,0.0046,172.6583,365,30,77.3461,0,0,0,0,207.8417,1013,42,163.3071,35,46.95,47,43,23.66,23.68,23.63
2022-12-01 05:30:00,1.8361,3.7888,0.302,0.778,120,77.5193,49.1249,120,77.0895,77.2118,76.9677,0.0686,120,26.631,26.6668,26.5935,0.0175,120,1005.4701,1005.6703,1005.2858,0.0694,120,54.0902,64.1606,47.5803,5.2182,120,54.4758,64.8475,47.994,5.3372,120,14.4248,15.2449,13.7689,0.295,120,120,0,51.5076,60.7318,45.4726,4.8363,120,81,82.18,79.92,0.68,120,3.4245,3.4278,3.4214,0.0012,0.5663,0.5667,0.5659,0.0002,0.7709,0.7721,0.7697,0.0007,-0.0001,-0.0001,-0.0001,0,0.0007,0.0008,0.0006,0.0001,0.0005,0.0005,0.0004,0,0.0515,0.0607,0.0455,0.0048,176.75,389,10,84.5648,0,0,0,0,281.7583,995,45,187.2921,35,46.8667,47,41,23.65,23.68,23.63
2022-12-01 05:40:00,2.202,4.1476,0.8908,0.7072,120,77.7058,31.3871,120,77.3041,77.456,77.1508,0.0874,120,26.6571,26.6729,26.6454,0.0059,120,1005.5403,1005.6887,1005.3041,0.0891,120,75.1989,81.463,64.1606,5.1008,120,75.185,81.3337,64.8475,5.0548,120,14.8677,16.2278,14.2604,0.5051,120,120,0,69.9815,74.7703,61.037,4.058,120,78.68,79.92,77.41,0.67,120,3.4257,3.4281,3.4217,0.0015,0.5666,0.5667,0.5665,0.0001,0.773,0.7746,0.7715,0.0009,-0.0001,-0.0001,-0.0001,0,0.001,0.001,0.0008,0.0001,0.0006,0.0007,0.0005,0,0.07,0.0748,0.061,0.0041,216.525,428,74,76.8659,0,0,0,0,235.7333,924,36,113.7508,35,46.9333,49,45,23.66,23.68,23.63
2022-12-01 05:50:00,2.7957,4.8652,0.7344,0.8647,120,76.2921,34.2914,120,77.2696,77.456,77.1203,0.0887,120,26.6364,26.6637,26.6088,0.0136,120,1005.6638,1005.8718,1005.4689,0.0841,120,82.6382,86.0283,79.7803,1.7903,120,82.6651,86.8295,79.5018,1.8284,120,16.3016,40.3239,13.7689,5.3105,120,120,0,73.5165,76.2963,70.1926,1.5261,120,76.36,77.41,75.15,0.68,120,3.4277,3.4312,3.4245,0.0014,0.5664,0.5666,0.5661,0.0001,0.7727,0.7746,0.7712,0.0009,-0.0001,-0.0001,-0.0003,0,0.001,0.0011,0.001,0,0.0007,0.0007,0.0007,0,0.0735,0.0763,0.0702,0.0015,281.0583,506,57,93.9916,0,0,0,0,253.1333,1010,5,162.5172,35,46.8333,49,41,23.65,23.68,23.63
2022-12-01 06:00:00,2.5744,5.0308,0.5228,0.9527,120,81.0188,33.7222,120,76.7645,77.1508,76.5099,0.1814,120,26.7178,26.7766,26.6637,0.0286,120,1005.7779,1006.0366,1005.652,0.0962,120,94.0907,100.6874,80.9819,5.0618,120,93.8026,100.7515,80.2353,5.0099,120,14.4041,17.7038,13.7689,0.6939,120,120,0,83.3206,90.3348,71.1081,4.8946,120,74.04,75.15,72.89,0.68,120,3.4296,3.4339,3.4275,0.0016,0.5672,0.5678,0.5666,0.0003,0.7676,0.7715,0.7651,0.0018,-0.0001,-0.0001,-0.0001,0,0.0012,0.0013,0.001,0.0001,0.0008,0.0008,0.0007,0,0.0833,0.0903,0.0711,0.0049,257,524,34,103.5529,0,0,0,0,243.15,967,56,116.8219,35,46.95,49,41,23.66,23.68,23.63
2022-12-01 06:10:00,2.3749,5.1412,0.4768,0.919,120,70.7536,42.1614,120,76.3095,76.5099,76.1437,0.1214,120,26.7879,26.8163,26.7675,0.0104,120,1005.8741,1006.0549,1005.6703,0.0646,120,102.4373,106.6945,97.3228,2.6286,120,102.0825,106.2473,97.0876,2.6152,120,14.5929,15.7364,13.7689,0.4696,120,120,0,88.257,94.3022,84.5363,2.9627,120,71.72,72.89,70.63,0.68,120,3.4312,3.4342,3.4278,0.0011,0.5679,0.5682,0.5677,0.0001,0.7631,0.7651,0.7614,0.0012,-0.0001,-0.0001,-0.0001,0,0.0013,0.0014,0.0012,0,0.0008,0.0009,0.0008,0,0.0883,0.0943,0.0845,0.003,235.3167,536,29,99.8895,0,0,0,0,245.7167,1004,5,171.8067,35,46.85,47,41,23.66,23.68,23.63
2022-12-01 06:20:00,1.8992,4.4972,0.394,0.7991,120,61.8722,41.9405,120,76.0511,76.3268,75.7775,0.1603,120,26.8742,26.9109,26.8011,0.0339,120,1005.9771,1006.0732,1005.8351,0.0919,120,105.9277,116.7874,92.2764,7.1302,120,105.6729,116.5054,92.3253,6.961,120,14.5927,17.2108,13.7689,0.7133,120,120,0,87.199,97.9644,75.9911,6.3169,120,69.4,70.63,68.36,0.67,120,3.433,3.4346,3.4306,0.0015,0.5687,0.5691,0.568,0.0003,0.7605,0.7633,0.7578,0.0016,-0.0001,-0.0001,-0.0001,0,0.0013,0.0015,0.0012,0.0001,0.0009,0.001,0.0008,0.0001,0.0872,0.098,0.076,0.0063,183.6083,466,20,86.8562,0,0,0,0,239.5833,960,8,204.3453,35,46.8833,49,41,23.65,23.68,23.63
2022-12-01 06:30:00,1.9256,4.6996,0.348,0.934,120,85.8792,51.3177,120,75.8738,76.0216,75.5638,0.086,120,26.9313,27.0025,26.8804,0.0379,120,1006.0875,1006.2563,1005.8535,0.0855,120,92.5468,101.8882,84.1063,5.6262,120,94.1842,122.3673,84.2653,8.008,120,18.2565,61.961,13.7689,8.9004,120,120,0,76.2302,97.6592,67.7511,6.4762,120,67.08,68.11,65.85,0.67,120,3.4348,3.4376,3.4309,0.0014,0.5693,0.57,0.5688,0.0004,0.7587,0.7602,0.7556,0.0009,-0.0001,-0.0001,-0.0004,0.0001,0.0012,0.0013,0.0011,0.0001,0.0008,0.001,0.0007,0.0001,0.0762,0.0977,0.0678,0.0065,186.475,488,15,101.5228,0,0,0,0,308.4917,992,79,196.0156,35,47,49,45,23.66,23.68,23.63
2022-12-01 06:40:00,1.9697,3.5496,0.8724,0.6477,120,74.3768,34.9941,120,75.8441,76.0216,75.5943,0.0871,120,26.9944,27.0269,26.9689,0.0155,120,1006.204,1006.4211,1006.0366,0.079,120,114.5946,130.7252,96.8425,8.9379,120,116.3709,134.4574,97.0876,9.6527,120,18.4737,28.0309,13.7689,3.6383,120,120,0,94.0606,108.6459,79.0429,7.3559,120,64.76,65.85,63.59,0.68,120,3.4367,3.4404,3.4339,0.0013,0.5699,0.5703,0.5697,0.0002,0.7584,0.7602,0.7559,0.0009,-0.0001,-0.0001,-0.0002,0,0.0015,0.0017,0.0012,0.0001,0.001,0.0011,0.0008,0.0001,0.0941,0.1086,0.079,0.0074,191.2667,363,72,70.4043,0,0,0,0,226.9083,966,16,123.1722,35,46.8667,49,43,23.66,23.68,23.63
2022-12-01 06:50:00,2.1705,3.9268,0.4492,0.8497,120,83.3121,41.555,120,75.9412,76.2352,75.7164,0.1318,120,27.0405,27.1551,26.9872,0.0443,120,1006.3819,1006.4394,1006.2014,0.0834,120,213.5595,285,131.2055,50.6866,120,240.8264,409.9664,134.4574,82.97,120,65.5392,254.7309,17.7038,71.2513,120,120,0,202.8133,343.9436,108.9511,71.6994,120,62.44,63.59,61.33,0.68,120,3.4397,3.4407,3.4367,0.0014,0.5704,0.5716,0.5699,0.0004,0.7594,0.7624,0.7572,0.0013,-0.0004,-0.0001,-0.0016,0.0004,0.0027,0.0036,0.0017,0.0006,0.002,0.0034,0.0011,0.0007,0.2028,0.3439,0.109,0.0717,213.1,404,26,92.3587,0,0,0,0,264.5583,994,8,152.9655,35,46.9833,49,45,23.66,23.68,23.63
2022-12-01 07:00:00,1.8221,3.936,0.302,0.8778,120,94.565,46.8029,120,75.5727,76.2352,75.0145,0.3212,120,27.439,27.6373,27.1581,0.143,120,1006.4313,1006.6408,1006.2197,0.0835,120,236.2581,265.5354,206.9008,15.7303,120,253.9057,315.443,219.455,18.5976,120,43.2461,116.5469,14.2604,31.583,120,120,0,212.7903,265.8162,180.0592,15.5757,120,60.13,61.33,59.07,0.67,120,3.4405,3.444,3.437,0.0014,0.5744,0.5764,0.5716,0.0014,0.7557,0.7624,0.7501,0.0032,-0.0003,-0.0001,-0.0007,0.0002,0.003,0.0034,0.0026,0.0002,0.0021,0.0026,0.0018,0.0002,0.2128,0.2658,0.1801,0.0156,175.225,405,10,95.4161,0,0,0,0,307.4167,1020,49,172.7161,35,46.8,47,41,23.66,23.68,23.63
2022-12-01 07:10:00,2.267,3.9176,0.6056,0.8013,120,77.2645,33.6557,120,74.5616,75.0755,74.0684,0.2845,120,27.569,27.6586,27.3687,0.0956,120,1006.5976,1006.6408,1006.4211,0.0725,120,195.3985,285.2402,141.5386,46.594,120,199.5121,296.7587,142.5174,50.4186,120,18.076,36.882,13.2775,7.528,120,120,0,171.5395,252.9984,122.9896,43.3071,120,57.81,59.07,56.57,0.67,120,3.4433,3.444,3.4404,0.0012,0.5757,0.5766,0.5737,0.001,0.7456,0.7508,0.7407,0.0028,-0.0001,-0.0001,-0.0002,0,0.0025,0.0036,0.0018,0.0006,0.0017,0.0025,0.0012,0.0004,0.1715,0.253,0.123,0.0433,223.5917,403,43,87.0934,0,0,0,0,225.575,641,10,101.3803,35.9,46.95,49,45,23.66,23.68,23.63
2022-12-01 07:20:00,2.2157,5.4816,0.3388,1.0731,120,70.4489,47.2868,120,74.4156,74.9535,73.7022,0.3485,120,27.4694,27.6159,27.3168,0.1154,120,1006.6446,1006.8239,1006.6042,0.056,120,278.6236,328.0142,262.411,18.7752,120,297.5921,406.6687,275.1429,32.3715,120,41.3405,133.2662,26.0635,23.0498,120,120,0,249.9669,343.9436,230.1096,27.4288,120,55.5,56.57,54.32,0.67,120,3.4441,3.4471,3.4434,0.0009,0.5747,0.5762,0.5732,0.0011,0.7442,0.7495,0.737,0.0035,-0.0003,-0.0002,-0.0008,0.0001,0.0035,0.0042,0.0033,0.0002,0.0025,0.0034,0.0023,0.0003,0.25,0.3439,0.2301,0.0274,218.0083,573,14,116.6389,0,0,0,0,265.0417,1022,6,204.8074,36,46.8,47,41,23.66,23.68,23.63
2022-12-01 07:30:00,2.0308,4.2948,0.394,0.9085,120,87.4881,45.7998,120,73.5674,74.2821,72.4815,0.5508,120,27.8833,28.0767,27.6159,0.1658,120,1006.7576,1007.0254,1006.6042,0.0889,120,286.8019,345.7961,223.2417,35.8758,120,375.0974,688.407,228.2473,99.4447,120,143.8516,549.7857,14.7535,110.1529,120,120,0,313.0131,571.6117,187.3837,84.7288,120,53.2,54.32,52.08,0.67,120,3.446,3.4504,3.4434,0.0015,0.5788,0.5808,0.5762,0.0017,0.7357,0.7428,0.7248,0.0055,-0.0009,-0.0001,-0.0034,0.0007,0.0036,0.0044,0.0028,0.0005,0.0031,0.0057,0.0019,0.0008,0.313,0.5716,0.1874,0.0847,197.9167,444,20,98.7495,0,0,0,0,293.7083,1018,5,177.6455,36,46.6667,47,41,23.66,23.68,23.63
2022-12-01 07:40:00,2.5738,5.3712,0.5596,1.0557,120,71.4679,36.8783,120,72.7691,73.3055,72.2678,0.2548,120,27.8377,27.9943,27.741,0.0756,120,1006.8525,1007.0254,1006.6225,0.095,120,249.5469,331.378,202.5756,42.0004,120,338.5368,734.9352,205.1669,163.8242,120,140.4502,636.8273,13.7689,190.525,120,120,0,294.1755,637.2265,183.4162,140.9529,120,50.91,52.08,49.84,0.67,120,3.4475,3.4504,3.4437,0.0016,0.5784,0.5799,0.5774,0.0008,0.7277,0.7331,0.7227,0.0025,-0.0009,-0.0001,-0.004,0.0012,0.0032,0.0042,0.0026,0.0005,0.0028,0.0061,0.0017,0.0014,0.2942,0.6372,0.1834,0.141,256.9333,561,38,114.7542,0,0,0,0,224.9167,931,24,132.7361,36,46.8,49,41,23.66,23.68,23.63
2022-12-01 07:50:00,2.3804,5.0768,0.3756,1.0886,120,90.8357,46.9391,120,73.1689,73.7327,72.7256,0.2413,120,27.8759,28.0798,27.8051,0.068,120,1006.8868,1007.0254,1006.6225,0.0977,120,357.1607,428.9409,204.9787,73.1884,120,559.4053,990.6603,206.6315,285.3135,120,288.3997,807.467,13.7689,335.1744,120,120,0,499.0768,874.9657,193.7925,241.2214,120,48.62,49.84,47.37,0.66,120,3.4481,3.4504,3.4437,0.0016,0.5788,0.5808,0.578,0.0007,0.7317,0.7373,0.7273,0.0024,-0.0018,-0.0001,-0.005,0.0021,0.0045,0.0054,0.0026,0.0009,0.0047,0.0083,0.0017,0.0024,0.4991,0.875,0.1938,0.2412,235.9167,529,18,118.3253,0,0,0,0,300.3833,1018,77,174.4214,36,46.7,49,41,23.66,23.68,23.63
2022-12-01 08:00:00,2.2386,4.7456,0.6424,0.9016,120,70.174,45.5632,120,72.5743,73.4581,71.3828,0.6038,120,28.5334,28.974,28.0828,0.31,120,1006.9985,1007.0437,1006.8239,0.0633,120,405.5297,476.7614,349.4008,43.2154,120,726.8663,894.6723,387.9844,154.9436,120,432.993,707.6394,27.0464,196.9964,120,120,0,636.845,791.6501,336.6192,136.8589,120,46.33,47.37,45.15,0.66,120,3.45,3.4507,3.4471,0.0011,0.5853,0.5897,0.5808,0.0031,0.7257,0.7346,0.7138,0.006,-0.0027,-0.0002,-0.0044,0.0012,0.0052,0.0061,0.0044,0.0005,0.0061,0.0075,0.0032,0.0013,0.6368,0.7917,0.3366,0.1369,220.5,493,47,98.0043,0,0,0,0,256.15,995,21,189.9203,36,45.3,47,39,23.66,23.68,23.63
2022-12-01 08:10:00,3.0315,6.512,0.8908,1.1176,120,62.738,40.666,120,70.3205,71.5964,69.7653,0.369,120,28.7775,29.0106,28.4613,0.1677,120,1007.0101,1007.2268,1006.8239,0.0618,120,439.4325,469.5528,366.222,28.5354,120,568.4912,719.5486,375.1621,99.715,120,167.9108,354.5569,14.2604,97.6177,120,120,0,500.3713,631.428,330.8206,88.334,120,44.06,45.15,42.94,0.66,120,3.4502,3.4538,3.4471,0.001,0.5878,0.5901,0.5846,0.0017,0.7032,0.716,0.6977,0.0037,-0.001,-0.0001,-0.0022,0.0006,0.0056,0.006,0.0047,0.0004,0.0047,0.006,0.0031,0.0008,0.5004,0.6314,0.3308,0.0883,306.6833,685,74,121.4807,0,0,0,0,240.4417,1022,18,202.3701,36,41.0833,45,39,23.67,23.68,23.63
2022-12-01 08:20:00,2.0971,5.9876,0.5136,1.0461,120,67.2235,59.235,120,71.3586,72.2068,70.8029,0.3879,120,28.6941,28.9404,28.4582,0.1692,120,1006.9658,1007.0437,1006.8239,0.0904,120,489.9963,600.9984,381.3614,73.4517,120,643.4502,1102.7695,391.2821,221.0509,120,190.335,617.6474,14.7535,189.3231,120,120,0,574.5109,983.0012,344.2488,199.2947,120,41.81,42.94,40.75,0.66,120,3.4494,3.4507,3.4471,0.0015,0.5869,0.5894,0.5846,0.0017,0.7136,0.7221,0.708,0.0039,-0.0012,-0.0001,-0.0038,0.0012,0.0062,0.0076,0.0048,0.0009,0.0054,0.0092,0.0033,0.0018,0.5745,0.983,0.3442,0.1993,205.125,628,33,113.7047,0,0,0,0,290.8083,1001,34,233.6565,36,44.1333,49,41,23.67,23.68,23.63
2022-12-01 08:30:00,3.1552,6.8984,0.67,1.264,120,85.4941,40.4002,120,70.8271,71.7795,70.0705,0.4479,120,28.5451,28.9312,28.2995,0.2041,120,1006.9362,1007.0437,1006.6408,0.1044,120,467.0694,542.3646,417.1661,42.4344,120,604.6609,1135.0096,425.7203,223.3057,120,166.7757,708.6239,13.7689,223.4913,120,120,0,542.9853,1015.0456,380.5658,201.8267,120,39.57,40.75,38.57,0.65,120,3.4489,3.4507,3.444,0.0017,0.5855,0.5893,0.583,0.002,0.7083,0.7178,0.7007,0.0045,-0.001,-0.0001,-0.0044,0.0014,0.0059,0.0069,0.0053,0.0005,0.005,0.0095,0.0035,0.0019,0.543,1.015,0.3806,0.2018,320.1333,727,50,137.3884,0,0,0,0,277.025,1004,45,156.2294,36.2,46.9167,49,41,23.67,23.68,23.63
2022-12-01 08:40:00,2.9978,6.4292,0.5044,1.1017,120,83.7583,40.4439,120,71.2569,71.9932,70.5283,0.3507,120,28.5629,28.7268,28.3605,0.112,120,1006.8477,1007.062,1006.6408,0.0891,120,481.4375,524.5819,448.4055,22.2702,120,802.4298,1026.5654,460.5258,164.4966,120,371.4085,656.0055,15.7364,178.474,120,120,0,712.6962,913.1138,405.591,148.4037,120,37.34,38.33,36.18,0.64,120,3.4475,3.451,3.444,0.0015,0.5856,0.5873,0.5836,0.0011,0.7126,0.7199,0.7053,0.0035,-0.0023,-0.0001,-0.0041,0.0011,0.0061,0.0067,0.0057,0.0003,0.0067,0.0086,0.0038,0.0014,0.7127,0.9131,0.4056,0.1484,303.0167,676,32,119.748,0,0,0,0,269.8583,1018,5,163.3111,37,46.8833,47,43,23.67,23.68,23.63
2022-12-01 08:50:00,2.1691,5.3068,0.2928,1.2029,120,67.0436,55.8797,120,70.1921,71.6575,68.9413,0.9454,120,29.0183,29.2578,28.7329,0.1387,120,1006.8679,1007.0437,1006.6591,0.0776,120,455.0222,495.5055,384.485,28.2255,120,642.2504,941.934,394.5786,142.0883,120,207.1613,516.3455,15.2449,136.8577,120,120,0,570.0578,832.8501,343.3332,129.5106,120,35.15,36.18,34.05,0.64,120,3.4478,3.4507,3.4443,0.0013,0.5902,0.5926,0.5873,0.0014,0.7019,0.7166,0.6894,0.0095,-0.0013,-0.0001,-0.0032,0.0008,0.0058,0.0063,0.0049,0.0004,0.0053,0.0078,0.0033,0.0012,0.5701,0.8329,0.3433,0.1295,212.9417,554,9,130.7476,0,0,0,0,299.9583,1001,10,240.8693,37,46.9833,47,45,23.67,23.68,23.63
2022-12-01 09:00:00,2.7804,6.2636,0.6516,1.18,120,86.186,45.2789,120,69.9672,70.864,69.3381,0.3212,120,29.1213,29.2883,28.9618,0.109,120,1006.8302,1006.8789,1006.6591,0.0738,120,521.6663,565.1929,464.7465,22.8433,120,984.7348,1325.8884,525.7395,207.156,120,504.1791,864.5102,42.2913,214.9892,120,120,0,887.257,1196.0204,465.4073,189.0918,120,32.98,34.05,31.95,0.63,120,3.4472,3.448,3.4443,0.0012,0.5912,0.5929,0.5896,0.0011,0.6997,0.7086,0.6934,0.0032,-0.0031,-0.0003,-0.0054,0.0013,0.0066,0.0072,0.0059,0.0003,0.0082,0.011,0.0044,0.0017,0.8873,1.196,0.4654,0.1891,279.3917,658,48,128.2616,0,0,0,0,273.275,1014,36,155.1297,37,46.65,47,41,23.67,23.68,23.63
2022-12-01 09:10:00,3.3112,6.6316,0.8816,1.0518,120,80.3263,37.9263,120,69.4034,70.101,68.5446,0.3254,120,29.0311,29.2608,28.858,0.1148,120,1006.8566,1007.062,1006.6591,0.0787,120,461.0538,548.6126,306.8669,85.4421,120,680.6916,988.8295,316.5426,233.7273,120,235.0522,490.7751,14.2604,160.4099,120,120,0,625.1106,899.0753,299.9969,208.8839,120,30.84,31.95,29.88,0.62,120,3.4476,3.451,3.4443,0.0013,0.5903,0.5926,0.5886,0.0011,0.694,0.701,0.6854,0.0033,-0.0015,-0.0001,-0.003,0.001,0.0059,0.007,0.0039,0.0011,0.0057,0.0082,0.0026,0.0019,0.6251,0.8991,0.3,0.2089,337.0917,698,73,114.328,0,0,0,0,240.5583,977,27,126.6809,37.7,46.4667,47,41,23.67,23.68,23.63
2022-12-01 09:20:00,3.5635,6.006,1.0012,1.0669,120,74.1995,27.2969,120,70.2401,71.5659,69.216,0.6175,120,28.5302,28.8488,28.3483,0.1562,120,1006.861,1007.0803,1006.6774,0.0807,120,489.0711,609.8898,341.9512,73.7616,120,558.3733,974.9076,352.4466,131.418,120,73.6653,387.9971,13.7689,76.6848,120,120,0,524.9921,888.3938,335.0932,120.0383,120,28.75,29.88,27.64,0.6,120,3.4477,3.4513,3.4446,0.0013,0.5853,0.5885,0.5835,0.0016,0.7024,0.7157,0.6922,0.0062,-0.0005,-0.0001,-0.0024,0.0005,0.0062,0.0077,0.0043,0.0009,0.0047,0.0081,0.0029,0.0011,0.525,0.8884,0.3351,0.12,364.5083,630,86,115.9623,0,0,0,0,223.6583,817,111,98.4047,38,46.2167,47,41,23.68,23.68,23.63
2022-12-01 09:30:00,3.2614,6.5672,1.2588,1.2065,120,92.0594,38.7573,120,71.2193,72.0237,70.2536,0.5631,120,28.5876,28.8244,28.3178,0.1863,120,1006.845,1007.062,1006.6591,0.0758,120,571.4211,690.6315,447.685,65.5169,120,706.6305,1463.6423,468.2197,233.6165,120,138.3848,796.1569,15.2449,197.8683,120,120,0,648.3556,1337.0159,421.4606,217.879,120,26.7,27.64,25.68,0.59,120,3.4474,3.451,3.4443,0.0013,0.5859,0.5882,0.5832,0.0019,0.7122,0.7202,0.7025,0.0056,-0.0009,-0.0001,-0.0049,0.0012,0.0073,0.0088,0.0057,0.0008,0.0059,0.0122,0.0039,0.0019,0.6484,1.337,0.4215,0.2179,331.675,691,114,131.1371,0,0,0,0,284.4417,964,2,139.872,38,46.2,47,41,23.68,23.68,23.63
2022-12-01 09:40:00,3.2617,5.7944,0.348,1.1508,120,95.1498,39.557,120,70.6516,71.7795,69.8569,0.4758,120,28.9227,29.1021,28.7176,0.1502,120,1006.8116,1006.8972,1006.6774,0.0861,120,511.7978,601.4787,474.5992,31.5491,120,1107.4805,1347.8703,712.587,110.4866,120,604.6986,841.3986,110.1531,120.4582,120,120,0,1004.443,1229.5908,628.3761,103.7681,120,24.73,25.68,23.79,0.57,120,3.4469,3.4483,3.4446,0.0014,0.5892,0.591,0.5872,0.0015,0.7065,0.7178,0.6986,0.0048,-0.0038,-0.0007,-0.0052,0.0007,0.0065,0.0076,0.006,0.0004,0.0092,0.0112,0.0059,0.0009,1.0044,1.2296,0.6284,0.1038,331.7083,607,15,125.0868,0,0,0,0,288.375,965,69,132.4093,38,46.2833,49,41,23.68,23.68,23.63
2022-12-01 09:50:00,3.171,7.11,0.5596,1.3541,120,88.0853,50.7297,120,69.5565,71.1692,68.0563,0.8903,120,29.3223,29.4958,29.096,0.1193,120,1006.8465,1007.0986,1006.6591,0.0792,120,552.0726,617.8197,472.1961,44.6779,120,913.4059,1326.2545,490.5678,221.3464,120,354.9674,814.8437,15.7364,216.636,120,120,0,837.6415,1204.5656,451.9791,200.4041,120,22.83,23.79,21.99,0.54,120,3.4474,3.4516,3.4443,0.0013,0.5932,0.595,0.591,0.0012,0.6956,0.7117,0.6806,0.0089,-0.0022,-0.0001,-0.0051,0.0013,0.007,0.0078,0.006,0.0006,0.0076,0.011,0.0041,0.0018,0.8376,1.2046,0.452,0.2004,321.85,750,38,147.1818,0,0,0,0,277.05,831,24,157.6281,38,45.7333,47,41,23.68,23.68,23.63
2022-12-01 10:00:00,3.6746,6.8708,0.6056,1.2796,120,84.3839,35.3166,120,69.585,70.9861,68.4835,0.6147,120,28.7841,29.096,28.6505,0.1269,120,1006.8294,1007.0803,1006.6958,0.0893,120,626.2522,682.4614,548.6126,36.3435,120,878.9215,1243.0888,573,187.7505,120,239.4821,546.8353,19.1782,159.7339,120,120,0,812.8427,1153.9048,532.8532,172.2491,120,21.04,21.99,20.12,0.5,120,3.4472,3.4513,3.4449,0.0015,0.5878,0.591,0.5865,0.0013,0.6958,0.7099,0.6848,0.0061,-0.0015,-0.0001,-0.0034,0.001,0.008,0.0087,0.007,0.0005,0.0073,0.0104,0.0048,0.0016,0.8128,1.1539,0.5329,0.1722,376.5833,724,43,139.091,0,0,0,0,248.925,681,1,107.9224,39,46.0167,49,39,23.68,23.68,23.63
2022-12-01 10:10:00,2.4254,5.5276,0.3572,1.1895,120,63.335,55.7229,120,70.2844,71.5354,68.8803,0.8519,120,29.2589,29.5416,28.7512,0.2553,120,1006.785,1006.9155,1006.6774,0.0922,120,533.9317,670.6866,407.074,65.0522,120,629.7877,1064.6675,423.1561,165.4401,120,87.5125,474.0541,14.2604,119.4177,120,120,0,583.875,985.7479,395.8251,150.7237,120,19.39,20.12,18.59,0.46,120,3.4464,3.4486,3.4446,0.0015,0.5926,0.5954,0.5875,0.0026,0.7028,0.7154,0.6888,0.0085,-0.0005,-0.0001,-0.0029,0.0007,0.0068,0.0085,0.0052,0.0008,0.0052,0.0089,0.0035,0.0014,0.5839,0.9857,0.3958,0.1507,240.8,578,16,129.2916,0,0,0,0,269.4167,1022,3,227.2294,39,46.2167,47,41,23.68,23.68,23.63
2022-12-01 10:20:00,2.4635,5.96,0.4492,1.1975,120,81.7088,48.5737,120,69.8319,71.0471,68.6056,0.6659,120,29.239,29.4104,29.0991,0.1034,120,1006.726,1006.8972,1006.5127,0.0579,120,390.6569,622.1449,279.2323,108.2878,120,454.868,1056.6074,293.8271,213.0416,120,60.4494,447.0077,13.2775,114.6911,120,120,0,430.049,980.2545,283.517,197.0592,120,17.91,18.59,17.24,0.4,120,3.4454,3.4483,3.4419,0.001,0.5924,0.5941,0.591,0.001,0.6983,0.7105,0.6861,0.0067,-0.0004,-0.0001,-0.0028,0.0007,0.005,0.0079,0.0035,0.0014,0.0038,0.0088,0.0024,0.0018,0.43,0.9803,0.2835,0.1971,244.95,625,26,130.1676,0,0,0,0,253.15,977,1,156.4633,39,46.3,49,41,23.68,23.68,23.68
2022-12-01 10:30:00,1.6648,4.396,0.44,0.8301,120,83.6579,62.0442,120,70.0474,70.9555,68.8803,0.4602,120,29.0481,29.2059,28.9465,0.0588,120,1006.68,1006.7324,1006.4943,0.0775,120,277.6203,407.074,214.5906,57.6527,120,290.7166,426.8199,224.2173,60.7404,120,15.0806,18.1953,13.7689,0.9225,120,120,0,287.9142,418.4088,224.0059,59.7362,120,16.65,17.24,16.13,0.33,120,3.4447,3.4455,3.4416,0.0013,0.5905,0.5921,0.5895,0.0006,0.7005,0.7096,0.6888,0.0046,-0.0001,-0.0001,-0.0001,0,0.0035,0.0052,0.0027,0.0007,0.0024,0.0036,0.0019,0.0005,0.2879,0.4184,0.224,0.0597,158.1333,455,25,90.2234,0,0,0,0,313.2,990,8,221.8677,39,45.2333,47,41,23.68,23.68,23.63
2022-12-01 10:40:00,2.4752,5.1044,0.532,1.077,120,77.4313,44.8923,120,69.9917,70.925,68.9718,0.5555,120,29.1572,29.2944,29.0411,0.0754,120,1006.6167,1006.7507,1006.3295,0.1031,120,605.2798,685.585,410.1976,88.9492,120,689.9577,892.108,430.1164,131.7006,120,66.4488,186.3761,15.2449,46.6648,120,120,0,649.4059,831.6294,421.4606,115.8586,120,15.66,16.13,15.3,0.24,120,3.4436,3.4458,3.4388,0.0017,0.5916,0.5929,0.5904,0.0008,0.6999,0.7093,0.6897,0.0056,-0.0004,-0.0001,-0.0012,0.0003,0.0077,0.0087,0.0052,0.0011,0.0057,0.0074,0.0036,0.0011,0.6494,0.8316,0.4215,0.1159,246.2167,532,35,117.0651,0,0,0,0,254.0833,1008,4,166.2367,39.3,46.05,47,41,23.68,23.68,23.68
2022-12-01 10:50:00,2.6555,6.7236,0.44,1.3559,120,88.1658,50.4545,120,69.3594,70.4367,68.0258,0.6881,120,29.2114,29.27,29.0472,0.0612,120,1006.4899,1006.5493,1006.3295,0.084,120,608.4257,731.0024,468.3512,85.93,120,728.4417,1102.7695,494.2317,187.3815,120,98.9458,350.1321,14.2604,99.0357,120,120,0,674.6142,1018.4027,460.5243,170.6332,120,14.99,15.23,14.77,0.14,120,3.4415,3.4425,3.4388,0.0014,0.5921,0.5927,0.5905,0.0006,0.6936,0.7044,0.6803,0.0069,-0.0006,-0.0001,-0.0022,0.0006,0.0077,0.0093,0.0059,0.0011,0.0061,0.0092,0.0041,0.0016,0.6746,1.0184,0.4605,0.1706,265.8167,708,25,147.3823,0,0,0,0,287.8167,925,0,172.7381,40,46.3167,47,41,23.68,23.68,23.63
2022-12-01 11:00:00,3.1971,6.7972,0.854,1.3726,120,77.2353,48.968,120,67.9675,68.8192,66.9576,0.5226,120,29.235,29.3707,29.0899,0.099,120,1006.3561,1006.5493,1006.1464,0.0704,120,629.8287,722.8323,461.6228,73.986,120,819.8689,1087.3818,485.8043,166.6245,120,167.2757,350.1321,14.7535,90.7406,120,120,0,751.0987,998.8708,445.8754,153.3308,120,14.7,14.77,14.67,0.03,120,3.4393,3.4425,3.4358,0.0012,0.5924,0.5937,0.5909,0.001,0.6797,0.6882,0.6696,0.0052,-0.001,-0.0001,-0.0022,0.0006,0.008,0.0092,0.0059,0.0009,0.0068,0.0091,0.004,0.0014,0.7511,0.9989,0.4459,0.1533,324.6833,716,70,149.1993,0,0,0,0,290.35,1013,17,208.3342,40,46.0333,47,41,23.68,23.68,23.63
2022-12-01 11:10:00,3.2976,6.0704,1.038,1.1622,120,79.8147,40.9093,120,67.5306,68.453,66.4388,0.5241,120,28.9945,29.2608,28.861,0.1027,120,1006.2601,1006.3662,1005.9633,0.0963,120,564.6085,731.9638,445.522,109.3158,120,647.7367,1122.9196,469.6843,199.9361,120,70.8092,363.4096,14.7535,94.59,120,120,0,598.9079,1033.6619,432.1421,184.752,120,14.8,14.97,14.68,0.09,120,3.4377,3.4394,3.4327,0.0016,0.5899,0.5926,0.5886,0.001,0.6753,0.6845,0.6644,0.0052,-0.0004,-0.0001,-0.0023,0.0006,0.0072,0.0093,0.0057,0.0014,0.0054,0.0094,0.0039,0.0017,0.5989,1.0337,0.4321,0.1848,335.6083,637,90,126.3247,0,0,0,0,256.4417,944,65,147.3828,40,46.7333,49,41,23.68,23.68,23.63
2022-12-01 11:20:00,2.8033,5.6104,0.4768,0.944,120,68.2391,43.4913,120,67.8269,68.3309,67.3543,0.2464,120,29.0928,29.2029,28.9343,0.0838,120,1006.2047,1006.3662,1005.9633,0.0836,120,644.6935,710.0961,570.9606,33.3607,120,768.9162,929.8439,612.5678,74.8718,120,104.6912,246.3713,28.0309,45.136,120,120,0,707.119,855.4338,564.8976,69.2665,120,15.28,15.6,14.97,0.19,120,3.4367,3.4394,3.4327,0.0014,0.5909,0.592,0.5893,0.0008,0.6783,0.6833,0.6735,0.0025,-0.0006,-0.0002,-0.0015,0.0003,0.0082,0.009,0.0073,0.0004,0.0064,0.0077,0.0051,0.0006,0.7071,0.8554,0.5649,0.0693,281.875,587,29,102.6089,0,0,0,0,262.4583,1013,23,205.3003,40,44.0167,47,39,23.68,23.68,23.68
2022-12-01 11:30:00,3.0674,6.3372,0.6148,1.0865,120,89.9602,45.91,120,68.1336,69.0329,67.1407,0.5874,120,29.0584,29.1754,28.9434,0.0649,120,1006.1525,1006.3662,1005.9633,0.0673,120,542.863,644.0126,400.826,78.4788,120,619.5751,993.958,423.5222,128.7172,120,61.3428,325.5446,13.7689,58.0998,120,120,0,569.2236,911.8931,390.3317,118.5921,120,16.11,16.67,15.6,0.29,120,3.4359,3.4394,3.4327,0.0011,0.5906,0.5917,0.5894,0.0006,0.6813,0.6903,0.6714,0.0059,-0.0004,-0.0001,-0.002,0.0004,0.0069,0.0082,0.0051,0.001,0.0052,0.0083,0.0035,0.0011,0.5692,0.9119,0.3903,0.1186,310.5917,666,44,118.0995,0,0,0,0,287.0333,1002,2,167.414,40,45.9667,47,41,23.68,23.68,23.63
2022-12-01 11:40:00,3.0836,6.3372,0.67,1.2074,120,78.6297,36.8849,120,69.0293,69.7653,68.2089,0.3908,120,28.9804,29.1449,28.8122,0.1055,120,1006.0807,1006.3662,1005.9633,0.0968,120,568.4133,636.8039,435.9102,69.6095,120,672.8605,951.0936,458.6939,132.6823,120,88.6066,329.9694,14.7535,79.7707,120,120,0,619.246,879.2383,419.6295,123.4654,120,17.24,17.91,16.67,0.37,120,3.4347,3.4394,3.4327,0.0016,0.5898,0.5915,0.5881,0.001,0.6903,0.6977,0.6821,0.0039,-0.0006,-0.0001,-0.002,0.0005,0.0072,0.0081,0.0055,0.0009,0.0056,0.0079,0.0038,0.0011,0.6192,0.8792,0.4196,0.1235,312.35,666,50,131.2426,0,0,0,0,245.7583,884,23,131.9603,40,46.2833,49,41,23.68,23.68,23.68
2022-12-01 11:50:00,3.7437,7.0548,1.36,1.2643,120,68.2821,31.3497,120,70.0674,70.8945,69.0939,0.3804,120,28.6232,28.8061,28.3636,0.1045,120,1005.9986,1006.1831,1005.7985,0.0634,120,431.0459,616.1378,317.2,98.781,120,455.9763,703.4274,327.533,122.4409,120,24.1002,73.7641,13.7689,16.5631,120,120,0,432.9636,648.5183,318.0029,106.9384,120,18.62,19.35,17.91,0.43,120,3.4333,3.4364,3.43,0.0011,0.5862,0.5881,0.5836,0.001,0.7007,0.7089,0.6909,0.0038,-0.0001,-0.0001,-0.0005,0.0001,0.0055,0.0078,0.004,0.0013,0.0038,0.0059,0.0027,0.001,0.433,0.6485,0.318,0.1069,384.1,744,125,137.4275,0,0,0,0,211.0417,948,38,116.4275,40.4,45.7833,47,41,23.68,23.68,23.68
2022-12-01 12:00:00,3.3879,7.1008,1.0472,1.4039,120,57.2175,31.7563,120,71.319,72.3289,70.7419,0.4009,120,28.3243,28.3819,28.2751,0.0254,120,1005.8422,1005.9999,1005.414,0.101,120,540.4119,664.4386,427.2591,71.8344,120,637.6249,927.6459,440.0084,166.0884,120,92.9588,332.9198,14.7535,101.236,120,120,0,596.5504,870.0827,415.3569,155.3589,120,20.19,20.96,19.35,0.48,120,3.4307,3.4333,3.4236,0.0017,0.5832,0.5838,0.5827,0.0003,0.7132,0.7233,0.7074,0.004,-0.0006,-0.0001,-0.0021,0.0006,0.0069,0.0084,0.0054,0.0009,0.0053,0.0077,0.0037,0.0014,0.5966,0.8701,0.4154,0.1554,345.425,749,91,152.5974,0,0,0,0,192.7833,996,12,152.6823,40.9,45.7667,49,41,23.68,23.68,23.68
2022-12-01 12:10:00,2.6944,5.0952,0.7712,1.0057,120,60.9957,41.9161,120,70.9873,71.8101,69.7958,0.5838,120,28.469,28.6993,28.2629,0.1491,120,1005.7494,1005.7985,1005.5788,0.0788,120,576.938,603.8819,499.1094,25.6966,120,779.2448,1048.9136,520.6098,149.1253,120,198.617,461.2697,16.2278,130.4638,120,120,0,719.0288,982.696,488.9065,137.0239,120,21.91,22.9,20.96,0.52,120,3.4292,3.43,3.4263,0.0013,0.5847,0.587,0.5826,0.0015,0.7099,0.7181,0.698,0.0058,-0.0012,-0.0001,-0.0029,0.0008,0.0073,0.0077,0.0063,0.0003,0.0065,0.0087,0.0043,0.0012,0.719,0.9827,0.4889,0.137,270.0417,531,61,109.3162,0,0,0,0,205.7917,944,5,155.6485,41,46.2333,47,41,23.68,23.68,23.68
2022-12-01 12:20:00,2.5895,5.4356,0.5504,1.2484,120,97.7337,46.9736,120,68.1282,69.9484,66.744,1.0442,120,29.0442,29.3127,28.7023,0.1712,120,1005.6136,1005.8168,1005.414,0.0789,120,504.2904,540.4417,485.1724,12.2252,120,840.8374,1388.1705,530.1357,299.9421,120,341.231,913.1953,34.4231,308.2903,120,120,0,759.1759,1263.1611,473.3421,274.5722,120,23.76,24.75,22.9,0.55,120,3.4269,3.4303,3.4236,0.0013,0.5904,0.5931,0.587,0.0017,0.6813,0.6995,0.6674,0.0104,-0.0021,-0.0002,-0.0057,0.0019,0.0064,0.0069,0.0062,0.0002,0.007,0.0116,0.0044,0.0025,0.7592,1.2632,0.4733,0.2746,258.6417,568,37,135.701,0,0,0,0,304.4667,1020,2,159.08,41,46.8333,49,41,23.68,23.68,23.68
2022-12-01 12:30:00,3.0508,6.2084,0.7804,1.1434,120,74.296,40.535,120,65.7203,67.4459,64.9434,0.6447,120,29.4633,29.5935,29.2792,0.0957,120,1005.4498,1005.6154,1005.2309,0.0783,120,528.9194,545.7283,508.0008,11.3982,120,691.7285,847.7767,621.3613,62.7125,120,163.8333,317.1834,89.5005,64.6859,120,120,0,622.4352,767.5405,557.8783,58.1001,120,25.69,26.68,24.75,0.58,120,3.4242,3.4269,3.4205,0.0013,0.5946,0.5959,0.5928,0.001,0.6572,0.6745,0.6494,0.0064,-0.001,-0.0006,-0.002,0.0004,0.0067,0.0069,0.0065,0.0001,0.0058,0.0071,0.0052,0.0005,0.6224,0.7675,0.5579,0.0581,308.7833,652,62,124.2814,0,0,0,0,228.6833,1022,18,139.4545,41,46.0333,47,41,23.68,23.68,23.68
2022-12-01 12:40:00,3.0634,6.052,0.7804,1.2947,120,78.1199,46.5334,120,65.6992,66.8355,64.9434,0.4754,120,29.2041,29.3799,29.0869,0.0972,120,1005.3995,1005.6154,1005.2309,0.0808,120,548.7364,577.2087,521.9386,17.8499,120,823.2701,1408.6879,634.1837,182.3297,120,285.2033,873.3629,108.6787,178.0834,120,120,0,748.3266,1288.4915,572.2221,169.6513,120,27.7,28.67,26.68,0.6,120,3.4233,3.4269,3.4205,0.0013,0.592,0.5938,0.5909,0.001,0.657,0.6684,0.6494,0.0048,-0.0018,-0.0007,-0.0054,0.0011,0.007,0.0073,0.0066,0.0002,0.0069,0.0117,0.0053,0.0015,0.7483,1.2885,0.5722,0.1697,310.15,635,62,140.7268,0,0,0,0,290.0667,1014,17,201.6178,41,46.5667,49,41,23.68,23.68,23.63
2022-12-01 12:50:00,2.9503,5.8772,0.7804,1.0681,120,73.858,41.0797,120,66.1847,66.9881,64.7603,0.5593,120,29.3368,29.4562,29.1754,0.0742,120,1005.2431,1005.4506,1005.0478,0.0605,120,525.3489,576.4874,483.0094,25.3507,120,646.6437,1042.3193,507.054,113.6557,120,126.304,494.7083,24.5875,107.6653,120,120,0,590.4289,979.6442,458.6932,105.9019,120,29.77,30.71,28.67,0.61,120,3.4207,3.4242,3.4175,0.001,0.5934,0.5946,0.5917,0.0007,0.6618,0.6699,0.6476,0.0056,-0.0008,-0.0002,-0.0031,0.0007,0.0067,0.0073,0.0061,0.0003,0.0054,0.0087,0.0042,0.0009,0.5904,0.9796,0.4587,0.1059,297.8583,616,62,116.0977,0,0,0,0,233.7917,991,24,150.0395,41,46.6833,47,41,23.68,23.68,23.68
2022-12-01 13:00:00,2.3991,6.0612,0.44,1.0902,120,89.6234,46.2247,120,66.802,68.6666,65.2486,0.8608,120,29.1642,29.5019,29.0594,0.0939,120,1005.0993,1005.2675,1004.8647,0.0958,120,471.2306,549.8134,341.4709,74.5058,120,872.1467,1154.4274,615.8655,186.2088,120,440.3694,879.7551,104.7438,282.9692,120,120,0,801.6144,1053.8041,565.8132,168.8187,120,31.89,33.02,30.94,0.62,120,3.4183,3.4211,3.4144,0.0016,0.5916,0.595,0.5906,0.0009,0.668,0.6867,0.6525,0.0086,-0.0027,-0.0006,-0.0055,0.0018,0.006,0.007,0.0043,0.0009,0.0073,0.0096,0.0051,0.0016,0.8016,1.0538,0.5658,0.1688,237.9417,636,25,118.5036,0,0,0,0,286.2917,1013,81,163.6232,41,46.2,47,41,23.68,23.68,23.68
2022-12-01 13:10:00,3.3923,6.7696,0.5964,1.3825,120,83.3071,43.305,120,66.5591,68.453,65.5843,0.4573,120,29.5362,29.6179,29.3555,0.077,120,1004.9046,1005.0661,1004.6815,0.0811,120,277.1558,341.4709,229.7299,33.2306,120,963.4275,1052.2113,413.2641,88.2904,120,775.6542,865.4947,139.1669,117.0008,120,120,0,875.5837,959.5019,388.5006,87.0157,120,34.04,35.14,33.02,0.63,120,3.4151,3.4178,3.4114,0.0014,0.5954,0.5962,0.5936,0.0008,0.6656,0.6845,0.6558,0.0046,-0.0048,-0.0009,-0.0054,0.0007,0.0035,0.0043,0.0029,0.0004,0.008,0.0088,0.0034,0.0007,0.8756,0.9595,0.3885,0.087,345.9,713,42,150.2741,0,0,0,0,289.8,971,33,185.9047,41,46.8333,47,41,23.68,23.68,23.68
2022-12-01 13:20:00,3.2972,6.9444,1.0104,1.2381,120,79.9642,37.0274,120,66.5838,67.5069,65.0044,0.6304,120,29.545,29.7888,29.3646,0.1464,120,1004.8273,1004.9013,1004.6632,0.084,120,226.0973,281.8756,189.1189,26.5171,120,860.197,1019.6038,523.5414,146.7962,120,733.4286,859.1009,304.399,177.5509,120,120,0,769.8752,930.8145,448.0117,134.8153,120,36.23,37.28,35.14,0.64,120,3.4138,3.415,3.4111,0.0014,0.5955,0.5979,0.5937,0.0015,0.6658,0.6751,0.65,0.0063,-0.0046,-0.0019,-0.0053,0.0011,0.0029,0.0036,0.0024,0.0003,0.0072,0.0085,0.0044,0.0012,0.7699,0.9308,0.448,0.1348,335.5667,732,87,134.5778,0,0,0,0,246.25,966,37,135.3469,41,46.9833,49,45,23.68,23.68,23.68
2022-12-01 13:30:00,3.1094,6.6776,0.716,1.4357,120,90.2617,39.5399,120,66.6395,67.9037,65.7064,0.521,120,29.4165,29.5294,29.328,0.0568,120,1004.8363,1004.9013,1004.6815,0.0806,120,224.9719,284.5189,186.4756,29.6713,120,825.9995,974.9076,578.4958,132.3464,120,720.3437,854.6761,382.5878,171.2678,120,120,0,737.6222,871.6086,512.4058,120.5571,120,38.44,39.45,37.28,0.65,120,3.4139,3.415,3.4114,0.0013,0.5942,0.5953,0.5933,0.0006,0.6664,0.679,0.6571,0.0052,-0.0045,-0.0024,-0.0053,0.0011,0.0029,0.0036,0.0024,0.0004,0.0069,0.0081,0.0048,0.0011,0.7376,0.8716,0.5124,0.1206,315.15,703,55,156.0527,0,0,0,0,279.05,1004,42,142.2691,41,45.6833,47,41,23.68,23.68,23.68
2022-12-01 13:40:00,3.1995,6.9904,0.762,1.2073,120,80.74,40.6181,120,67.289,68.2699,65.5538,0.7767,120,29.5763,29.8438,29.2975,0.1934,120,1004.7707,1004.9013,1004.4984,0.0991,120,383.7923,514.489,286.6819,70.9151,120,792.4463,1074.1933,424.2545,208.0351,120,501.6548,832.5459,46.2246,304.2533,120,120,0,709.8173,963.7745,384.8384,184.0423,120,40.67,41.88,39.45,0.65,120,3.4128,3.415,3.4083,0.0017,0.5958,0.5984,0.593,0.0019,0.6729,0.6827,0.6555,0.0078,-0.0031,-0.0003,-0.0052,0.0019,0.0049,0.0065,0.0036,0.0009,0.0066,0.0089,0.0035,0.0017,0.7098,0.9638,0.3848,0.184,324.9417,737,60,131.2229,0,0,0,0,250.4417,939,11,142.8786,41,41.0833,43,39,23.68,23.73,23.68
2022-12-01 13:50:00,3.1823,6.6132,0.8448,1.2241,120,83.7382,42.2639,120,67.7938,69.4906,65.8895,1.0287,120,29.2847,29.5264,29.1052,0.131,120,1004.6376,1004.883,1004.4801,0.1033,120,510.6163,544.2866,430.1425,35.6027,120,781.5804,1184.1032,537.4634,130.5911,120,344.4233,813.3677,138.184,142.6105,120,120,0,712.1367,1069.0634,491.0428,116.2357,120,42.92,44.07,41.88,0.66,120,3.4106,3.4147,3.408,0.0017,0.5928,0.5953,0.591,0.0013,0.6779,0.6949,0.6589,0.0103,-0.0021,-0.0009,-0.005,0.0009,0.0065,0.0069,0.0055,0.0005,0.0065,0.0099,0.0045,0.0011,0.7121,1.0691,0.491,0.1162,323.075,696,69,133.0532,0,0,0,0,267.275,1006,28,149.8846,41,41.15,47,39,23.68,23.68,23.68
2022-12-01 14:00:00,2.7917,6.926,0.394,1.4627,120,90.5407,49.4547,120,67.7475,68.9413,66.5304,0.5726,120,29.2023,29.447,28.7847,0.24,120,1004.5755,1004.6999,1004.4801,0.0885,120,259.916,427.0189,208.1024,68.3096,120,271.6166,515.4802,213.2269,81.0741,120,23.965,115.0709,12.786,16.8161,120,120,0,263.9164,471.511,212.714,69.5878,120,45.18,46.29,44.07,0.66,120,3.4096,3.4117,3.408,0.0015,0.592,0.5945,0.5878,0.0024,0.6775,0.6894,0.6653,0.0057,-0.0001,-0.0001,-0.0007,0.0001,0.0033,0.0054,0.0026,0.0009,0.0023,0.0043,0.0018,0.0007,0.2639,0.4715,0.2127,0.0696,280.625,730,20,158.9859,0,0,0,0,321.4833,1018,19,203.9071,41,46.2,47,41,23.68,23.68,23.68
2022-12-01 14:10:00,2.4392,6.4384,0.3112,1.2807,120,75.9574,52.8953,120,67.0779,68.6056,65.7369,0.9679,120,28.3125,28.7725,28.1164,0.1841,120,1004.6507,1004.7182,1004.4984,0.0783,120,235.361,261.4496,208.3425,18.933,120,239.3975,285.401,211.7611,21.7502,120,17.65,56.5517,11.8015,9.3734,120,120,0,229.311,263.3747,208.7466,15.2878,120,47.45,48.51,46.29,0.67,120,3.4108,3.412,3.4083,0.0013,0.5831,0.5877,0.5812,0.0018,0.6708,0.6861,0.6574,0.0097,-0.0001,-0.0001,-0.0004,0.0001,0.003,0.0033,0.0026,0.0002,0.002,0.0024,0.0018,0.0002,0.2293,0.2634,0.2087,0.0153,242.3,677,11,139.2102,0,0,0,0,280.4417,1009,20,201.1344,41,46.75,49,41,23.68,23.68,23.68
2022-12-01 14:20:00,2.4595,6.4108,0.6884,1.1926,120,93.3402,43.7971,120,68.7419,69.216,68.1478,0.3049,120,28.3806,28.504,28.2934,0.0601,120,1004.691,1004.6999,1004.5167,0.0187,120,265.2707,278.2709,252.5591,7.3095,120,270.8441,295.6591,256.0912,8.4852,120,20.8341,55.5688,14.2604,7.9406,120,120,0,244.7686,267.037,230.1096,7.7125,120,49.74,50.99,48.51,0.66,120,3.4115,3.4117,3.4086,0.0003,0.5838,0.585,0.5829,0.0006,0.6874,0.6922,0.6815,0.003,-0.0001,-0.0001,-0.0003,0,0.0034,0.0035,0.0032,0.0001,0.0023,0.0025,0.0021,0.0001,0.2448,0.267,0.2301,0.0077,244.5083,674,52,129.6277,0,0,0,0,292.8,992,14,158.603,41,46.8333,47,41,23.68,23.68,23.68
2022-12-01 14:30:00,2.6919,5.8588,0.4676,1.2196,120,95.4049,42.2298,120,68.935,69.4296,68.453,0.1949,120,28.5043,28.6261,28.272,0.0964,120,1004.6454,1004.7182,1004.4984,0.0805,120,240.4835,277.3102,203.2969,27.4995,120,242.823,279.9052,205.1669,27.9792,120,15.3757,17.2108,13.7689,0.7801,120,120,0,216.1016,256.3555,178.5333,29.648,120,52.03,53.23,50.99,0.67,120,3.4108,3.412,3.4083,0.0013,0.585,0.5863,0.5827,0.001,0.6893,0.6943,0.6845,0.0019,-0.0001,-0.0001,-0.0001,0,0.0031,0.0035,0.0026,0.0003,0.002,0.0023,0.0017,0.0002,0.2161,0.2564,0.1785,0.0296,269.7667,614,28,132.5652,0,0,0,0,294.2167,1008,35,150.7362,41,46.8667,49,41,23.68,23.68,23.68
2022-12-01 14:40:00,2.593,4.81,0.6056,0.8797,120,72.0422,41.8273,120,69.3505,69.7043,68.6972,0.253,120,28.2571,28.3544,28.1927,0.0508,120,1004.5718,1004.6999,1004.4801,0.0894,120,263.6807,274.426,249.4346,7.5894,120,280.4307,348.7827,252.7947,24.9484,120,37.9842,130.3158,14.7535,30.0117,120,120,0,245.4349,308.5421,218.5125,22.7115,120,54.33,55.47,53.23,0.67,120,3.4095,3.4117,3.408,0.0015,0.5826,0.5835,0.5819,0.0005,0.6935,0.697,0.687,0.0025,-0.0002,-0.0001,-0.0008,0.0002,0.0033,0.0035,0.0032,0.0001,0.0023,0.0029,0.0021,0.0002,0.2454,0.3085,0.2185,0.0227,259.025,500,43,95.6223,0,0,0,0,257.6333,974,0,187.4441,41,46.85,49,41,23.68,23.68,23.68
2022-12-01 14:50:00,3.4958,6.3372,0.8448,1.1793,120,77.5771,26.4405,120,68.4416,69.0329,67.7816,0.362,120,28.2352,28.4002,28.0615,0.1242,120,1004.5143,1004.6999,1004.3153,0.059,120,271.016,287.4024,261.2094,6.9469,120,284.586,341.0888,268.9148,18.0341,120,35.9394,126.874,15.2449,28.885,120,120,0,246.4929,297.2503,233.1614,16.0478,120,56.64,57.72,55.47,0.67,120,3.4086,3.4117,3.4053,0.001,0.5824,0.584,0.5806,0.0012,0.6844,0.6903,0.6778,0.0036,-0.0002,-0.0001,-0.0008,0.0002,0.0034,0.0037,0.0033,0.0001,0.0024,0.0028,0.0022,0.0001,0.2465,0.2973,0.2332,0.016,357.15,666,69,128.1852,0,0,0,0,230.3833,1004,31,103.8511,41,46.7167,47,41,23.68,23.73,23.68
2022-12-01 15:00:00,2.6004,5.6748,0.6884,1.0277,120,82.8559,46.4099,120,69.4774,70.1621,68.9413,0.3477,120,28.1304,28.2629,28.0493,0.058,120,1004.5083,1004.6999,1004.3153,0.0502,120,254.2508,272.9843,227.5669,13.8092,120,263.5992,287.2329,231.1789,17.9298,120,30.0094,83.1067,16.2278,12.626,120,120,0,225.0384,249.9466,196.8444,15.4195,120,58.94,59.98,57.72,0.67,120,3.4085,3.4117,3.4053,0.0008,0.5813,0.5826,0.5805,0.0006,0.6948,0.7016,0.6894,0.0035,-0.0002,-0.0001,-0.0005,0.0001,0.0032,0.0035,0.0029,0.0002,0.0022,0.0024,0.0019,0.0001,0.225,0.2499,0.1968,0.0154,259.825,594,52,111.707,0,0,0,0,281.6917,1018,3,185.4839,41,46.85,49,41,23.68,23.68,23.68
2022-12-01 15:10:00,2.5123,5.362,0.624,1.0897,120,85.8839,43.073,120,69.5405,70.04,69.0024,0.2649,120,28.323,28.4033,28.1805,0.06,120,1004.6231,1004.7182,1004.4984,0.0902,120,173.2526,260.0079,106.9346,41.0227,120,183.9873,276.9748,107.7119,49.8744,120,34.0051,120.9733,13.7689,23.7114,120,120,0,156.8321,235.6029,89.4192,42.8181,120,61.26,62.48,60.23,0.67,120,3.4104,3.412,3.4083,0.0015,0.5832,0.584,0.5818,0.0006,0.6954,0.7004,0.69,0.0026,-0.0002,-0.0001,-0.0008,0.0001,0.0022,0.0033,0.0014,0.0005,0.0015,0.0023,0.0009,0.0004,0.1568,0.2356,0.0894,0.0428,250.25,560,45,118.4412,0,0,0,0,270.6833,907,54,146.7574,41,46.8667,49,41,23.68,23.68,23.68
2022-12-01 15:20:00,2.2516,4.3868,0.302,0.9898,120,89.2913,41.5926,120,69.9151,70.4978,69.3075,0.2516,120,28.0142,28.1774,27.8997,0.0771,120,1004.6165,1004.6999,1004.4801,0.0935,120,105.8756,110.0591,99.9661,2.7843,120,108.3963,116.8715,101.1176,4.7511,120,18.4984,31.9642,13.7689,5.4605,120,120,0,89.6863,95.8281,83.9259,3.8203,120,63.58,64.74,62.48,0.68,120,3.4103,3.4117,3.408,0.0016,0.5801,0.5818,0.579,0.0008,0.6992,0.705,0.6931,0.0025,-0.0001,-0.0001,-0.0002,0,0.0013,0.0014,0.0013,0,0.0009,0.001,0.0008,0,0.0897,0.0958,0.0839,0.0038,221.9167,454,10,107.583,0,0,0,0,269.1833,942,33,132.9906,41,46.8667,47,41,23.68,23.68,23.63
2022-12-01 15:30:00,2.4826,4.8284,0.2376,1.0561,120,91.6902,41.1453,120,70.451,71.1386,70.0705,0.2376,120,27.8893,27.9455,27.8448,0.0297,120,1004.5408,1004.6999,1004.4801,0.0854,120,118.7038,131.4457,109.3378,4.4554,120,134.0391,186.8475,116.1393,13.8382,120,47.8685,140.6429,20.1627,23.8781,120,120,0,110.5457,157.4755,94.6074,12.4613,120,65.89,67,64.74,0.68,120,3.409,3.4117,3.408,0.0014,0.5789,0.5795,0.5785,0.0003,0.7045,0.7114,0.7007,0.0024,-0.0003,-0.0001,-0.0009,0.0001,0.0015,0.0017,0.0014,0.0001,0.0011,0.0016,0.001,0.0001,0.1105,0.1575,0.0946,0.0125,247.025,502,3,114.7894,0,0,0,0,271.225,714,42,122.4844,41,46.7,49,41,23.68,23.68,23.68
2022-12-01 15:40:00,1.3055,3.5588,0.2928,0.833,120,78.3165,57.3361,120,71.0339,71.5049,70.4367,0.3142,120,28.2067,28.4216,27.8784,0.1695,120,1004.5647,1004.7182,1004.4618,0.0963,120,125.2581,145.3835,108.6173,12.4521,120,160.5213,236.6747,111.0096,40.821,120,95.8847,257.1898,14.2604,75.795,120,120,0,135.9066,196.234,95.8281,32.7732,120,68.21,69.27,67,0.68,120,3.4094,3.412,3.4077,0.0016,0.5821,0.5842,0.5788,0.0017,0.7103,0.715,0.7044,0.0031,-0.0006,-0.0001,-0.0016,0.0005,0.0016,0.0018,0.0014,0.0002,0.0013,0.002,0.0009,0.0003,0.1359,0.1962,0.0958,0.0328,119.075,364,9,90.5399,0,0,0,0,292.925,1019,5,211.9922,41,46.8167,49,41,23.68,23.68,23.68
2022-12-01 15:50:00,2.2399,4.5892,0.6516,0.8431,120,92.0551,47.4292,120,70.6476,71.2912,70.2231,0.2863,120,28.311,28.4246,28.2263,0.0696,120,1004.599,1004.6999,1004.4618,0.0963,120,143.5831,170.615,127.3606,13.2066,120,207.0532,366.3685,135.9232,74.8986,120,191.089,564.5375,19.1782,185.1105,120,120,0,169.4108,285.3481,116.2755,53.7459,120,70.53,71.78,69.27,0.67,120,3.41,3.4117,3.4077,0.0016,0.5831,0.5843,0.5823,0.0007,0.7065,0.7129,0.7022,0.0029,-0.0012,-0.0001,-0.0035,0.0011,0.0018,0.0022,0.0016,0.0002,0.0017,0.0031,0.0011,0.0006,0.1694,0.2853,0.1163,0.0537,220.6417,476,48,91.6391,0,0,0,0,289.175,903,0,153.1968,41,46.8667,47,41,23.68,23.68,23.63
2022-12-01 16:00:00,2.8004,6.19,0.6148,1.2855,120,80.2607,46.5865,120,70.762,71.1692,69.9789,0.3097,120,28.251,28.385,28.1072,0.1013,120,1004.6979,1004.8647,1004.4801,0.0642,120,122.024,139.1354,110.0591,9.3871,120,143.8424,246.5666,112.4754,33.4371,120,77.6363,346.1972,16.2278,76.3966,120,120,0,121.4891,192.5718,100.1007,23.8265,120,72.85,74.04,71.78,0.68,120,3.4116,3.4144,3.408,0.0011,0.5825,0.5838,0.5811,0.001,0.7076,0.7117,0.6998,0.0031,-0.0005,-0.0001,-0.0021,0.0005,0.0015,0.0018,0.0014,0.0001,0.0012,0.0021,0.0009,0.0003,0.1215,0.1926,0.1001,0.0238,281.5667,650,44,139.7238,0,0,0,0,271.3417,996,7,176.9832,41,46.85,47,41,23.68,23.73,23.68
2022-12-01 16:10:00,3.0218,5.9968,0.3204,1.2552,120,72.1521,33.5412,120,71.2498,71.7185,70.6503,0.2553,120,27.8685,28.1011,27.7105,0.112,120,1004.8495,1005.0478,1004.6632,0.0662,120,105.4771,113.6638,98.0441,4.9335,120,105.7523,112.4754,98.9196,4.5477,120,17.359,22.6217,15.2449,1.7126,120,120,0,94.3149,101.6266,86.9778,4.8825,120,75.17,76.3,74.04,0.68,120,3.4142,3.4175,3.4111,0.0011,0.5787,0.581,0.5771,0.0011,0.7125,0.7172,0.7065,0.0026,-0.0001,-0.0001,-0.0001,0,0.0013,0.0014,0.0012,0.0001,0.0009,0.0009,0.0008,0,0.0943,0.1016,0.087,0.0049,305.625,629,12,136.437,0,0,0,0,225.2417,993,12,129.3429,41,46.85,47,41,23.68,23.68,23.63
2022-12-01 16:20:00,2.5181,5.3896,0.5228,0.9496,120,77.2554,40.4293,120,71.8647,72.0847,71.6269,0.1144,120,27.7837,27.8448,27.7044,0.0485,120,1004.884,1005.0661,1004.8463,0.0584,120,75.6635,99.9661,59.3551,12.9,120,93.7385,141.7851,61.916,22.4545,120,90.5532,273.4177,18.1953,89.6553,120,120,0,73.2673,98.5748,51.2711,14.1205,120,77.49,78.56,76.3,0.68,120,3.4147,3.4178,3.4141,0.001,0.5778,0.5785,0.577,0.0005,0.7186,0.7208,0.7163,0.0011,-0.0006,-0.0001,-0.0017,0.0006,0.001,0.0013,0.0008,0.0002,0.0008,0.0012,0.0005,0.0002,0.0733,0.0986,0.0513,0.0141,250.875,563,34,103.2182,0,0,0,0,238.3583,945,17,134.0053,41,46.85,49,41,23.68,23.68,23.68
2022-12-01 16:30:00,2.8828,6.1256,0.7068,1.1209,120,72.4276,35.7389,120,71.953,72.2678,71.6575,0.1401,120,27.7866,27.8356,27.7075,0.043,120,1005.0174,1005.2309,1004.8647,0.0802,120,49.5445,62.7189,33.6425,11.0294,120,78.815,109.5438,35.904,23.6714,120,161.8048,243.9123,27.5379,65.0549,120,120,0,53.3311,72.0237,30.5185,14.5485,120,79.8,81.07,78.56,0.67,120,3.417,3.4205,3.4144,0.0013,0.5779,0.5784,0.5771,0.0004,0.7195,0.7227,0.7166,0.0014,-0.001,-0.0002,-0.0015,0.0004,0.0006,0.0008,0.0004,0.0001,0.0007,0.0009,0.0003,0.0002,0.0533,0.072,0.0305,0.0145,290.525,643,54,121.8375,0,0,0,0,233.575,958,6,142.9553,41,46.75,47,41,23.68,23.68,23.63
2022-12-01 16:40:00,2.5827,5.5092,0.6792,1.06,120,86.0497,42.2562,120,72.0305,72.2983,71.6269,0.1432,120,27.6786,27.7288,27.564,0.0418,120,1005.0768,1005.2492,1005.0295,0.0702,120,39.0993,46.3787,33.6425,3.7439,120,39.8396,46.8956,34.072,3.94,120,21.0144,70.3207,13.7689,11.8902,120,120,0,35.3735,42.4207,30.2133,3.8743,120,82.12,83.32,81.07,0.67,120,3.4179,3.4208,3.4172,0.0012,0.5768,0.5773,0.5756,0.0004,0.7203,0.723,0.7163,0.0014,-0.0001,-0.0001,-0.0004,0.0001,0.0005,0.0006,0.0004,0,0.0003,0.0004,0.0003,0,0.0354,0.0424,0.0302,0.0039,257.9,576,51,115.2148,0,0,0,0,279.325,1002,39,161.0113,41,46.9833,47,45,23.68,23.68,23.63
2022-12-01 16:50:00,2.7753,5.3804,0.6056,1.0353,120,67.3308,34.0128,120,71.4537,71.9626,71.0166,0.3418,120,27.5507,27.5915,27.5152,0.0241,120,1005.2226,1005.4323,1005.0295,0.1227,120,25.8286,40.1307,17.7827,7.3091,120,26.4824,41.3998,17.5858,8.0876,120,22.2069,61.4695,13.7689,11.6761,120,120,0,24.041,36.9274,16.7852,6.529,120,84.43,85.57,83.32,0.68,120,3.4204,3.4239,3.4172,0.002,0.5755,0.5759,0.5752,0.0002,0.7145,0.7196,0.7102,0.0034,-0.0001,-0.0001,-0.0004,0.0001,0.0003,0.0005,0.0002,0.0001,0.0002,0.0003,0.0001,0.0001,0.024,0.0369,0.0168,0.0065,278.8333,562,43,112.531,0,0,0,0,208.8833,921,12,124.292,41,46.6167,47,41,23.68,23.68,23.68
2022-12-01 17:00:00,2.7851,4.994,0.9276,1.03,120,75.3894,38.0605,120,71.0779,71.7185,70.6503,0.3043,120,27.4539,27.5335,27.3962,0.0512,120,1005.3407,1005.4323,1005.2126,0.0894,120,10.9418,18.263,8.1701,2.8484,120,10.7925,17.952,8.4262,2.8348,120,13.8099,14.2604,13.2775,0.1635,120,120,0,10.4094,17.0904,8.24,2.5447,120,86.74,87.82,85.57,0.67,120,3.4223,3.4239,3.4202,0.0015,0.5745,0.5753,0.574,0.0005,0.7108,0.7172,0.7065,0.003,-0.0001,-0.0001,-0.0001,0,0.0001,0.0002,0.0001,0,0.0001,0.0001,0.0001,0,0.0104,0.0171,0.0082,0.0025,279.9,520,78,111.9585,0,0,0,0,239.0417,921,20,140.9813,40.4,46.9,47,41,23.68,23.68,23.68
2022-12-01 17:10:00,2.9133,5.684,1.0288,0.9666,120,76.3085,30.798,120,72.1491,72.7561,71.5659,0.3388,120,27.3438,27.4114,27.2832,0.0371,120,1005.4038,1005.6154,1005.1943,0.1095,120,4.6018,8.4102,2.163,1.921,120,4.5613,8.4262,2.1981,1.8584,120,13.8058,14.2604,13.2775,0.1448,120,120,0,4.8728,8.5452,2.7467,1.7671,120,88.91,89.82,87.82,0.6,107,3.4234,3.4269,3.4199,0.0018,0.5734,0.5741,0.5728,0.0004,0.7215,0.7276,0.7157,0.0034,-0.0001,-0.0001,-0.0001,0,0.0001,0.0001,0,0,0,0.0001,0,0,0.0049,0.0085,0.0027,0.0018,293.8417,595,89,105.0689,0,0,0,0,228.275,977,17,111.8129,40,46.9833,47,45,23.68,23.68,23.63
2022-12-01 17:20:00,2.3748,4.7548,0.5044,0.9149,120,76.1361,34.1254,120,73.1137,73.4581,72.7561,0.191,120,27.2524,27.2924,27.2069,0.0268,120,1005.5454,1005.7619,1005.2309,0.0864,120,0.8049,2.163,0,0.5491,120,0.6777,2.1981,0,0.5451,120,13.8304,14.2604,13.7689,0.1632,120,120,0,1.4318,2.4415,0,0.6816,120,None,None,None,None,0,3.4258,3.4294,3.4205,0.0014,0.5725,0.5729,0.5721,0.0003,0.7311,0.7346,0.7276,0.0019,-0.0001,-0.0001,-0.0001,0,0,0,0,0,0,0,0,0,0.0014,0.0024,0,0.0007,235.3083,494,32,99.4461,0,0,0,0,234.7083,842,55,118.9246,40,46.7667,47,41,23.68,23.68,23.68
2022-12-01 17:30:00,1.9237,6.006,0.3664,1.1336,120,91.165,47.0507,120,73.6457,73.9158,73.3665,0.1343,120,27.2448,27.2741,27.2039,0.0185,120,1005.6989,1005.9633,1005.414,0.1216,120,0.1362,2.6433,0,0.5294,120,0,0,0,0,120,13.2569,14.2604,11.8015,0.6816,120,120,0,0,0,0,0,120,None,None,None,None,0,3.4283,3.4327,3.4236,0.002,0.5725,0.5727,0.572,0.0002,0.7365,0.7392,0.7337,0.0013,-0.0001,-0.0001,-0.0001,0,0,0,-0.0001,0,0,0,0,0,0,0,0,0,186.275,630,17,123.2143,0,0,0,0,293.0667,1006,13,166.0206,40,46.9333,49,43,23.68,23.68,23.68
2022-12-01 17:40:00,2.0699,4.4788,0.2928,0.9847,120,84.0733,49.2617,120,74.0608,74.3736,73.6717,0.1714,120,27.1169,27.2314,26.9567,0.0786,120,1005.7808,1005.9633,1005.7436,0.0496,120,3.8489,5.7669,0,1.688,120,0,0,0,0,120,13.728,14.2604,12.786,0.3346,120,120,0,0,0,0,0,120,None,None,None,None,0,3.4297,3.4327,3.4291,0.0008,0.5712,0.5723,0.5696,0.0008,0.7406,0.7437,0.7367,0.0017,-0.0001,-0.0001,-0.0001,0,0,0.0001,0,0,0,0,0,0,0,0,0,0,202.1583,464,9,107.0318,0,0,0,0,269.625,887,0,158.6888,40,46.8667,49,41,23.68,23.68,23.63
2022-12-01 17:50:00,2.3463,4.35,0.6884,0.8272,120,68.2156,36.4316,120,74.4908,74.9229,74.0684,0.189,120,26.8113,26.9536,26.7309,0.068,120,1005.8055,1005.9633,1005.7436,0.0768,120,4.8082,5.7669,3.1236,0.489,120,0,0,0,0,120,13.9696,14.2604,13.2775,0.2508,120,120,0,0,0,0,0,120,None,None,None,None,0,3.4301,3.4327,3.4291,0.0013,0.5681,0.5695,0.5673,0.0007,0.7449,0.7492,0.7407,0.0019,-0.0001,-0.0001,-0.0001,0,0.0001,0.0001,0,0,0,0,0,0,0,0,0,0,232.2083,450,52,89.9174,0,0,0,0,223.175,996,7,147.8223,40,46.2167,49,39,23.68,23.73,23.68
2022-12-01 18:00:00,2.2486,4.7456,0.7712,0.8785,120,81.6562,37.3038,120,75.0066,75.1976,74.8619,0.0831,120,26.8066,26.8377,26.7461,0.0225,120,1005.9107,1006.1464,1005.7436,0.0868,120,0.9731,3.1236,0,0.95,120,0,0,0,0,120,14.0351,14.2604,13.7689,0.2459,120,120,0,0,0,0,0,120,None,None,None,None,0,3.4318,3.4358,3.4291,0.0014,0.5681,0.5684,0.5675,0.0002,0.7501,0.752,0.7486,0.0008,-0.0001,-0.0001,-0.0001,0,0,0,0,0,0,0,0,0,0,0,0,0,221.5833,493,61,95.4895,0,0,0,0,263.6167,1019,87,155.1445,40,46.9667,49,45,23.68,23.68,23.68
2022-12-01 18:10:00,1.9953,3.936,0.394,0.8349,120,77.71,45.1251,120,75.2747,75.5333,75.045,0.1108,120,26.8339,26.8499,26.8163,0.0078,120,1006.0347,1006.1464,1005.9267,0.0938,120,0,0,0,0,120,0,0,0,0,120,13.9696,14.2604,13.2775,0.2508,120,120,0,0,0,0,0,120,None,None,None,None,0,3.4339,3.4358,3.4321,0.0016,0.5683,0.5685,0.5682,0.0001,0.7527,0.7553,0.7505,0.0011,-0.0001,-0.0001,-0.0001,0,0,0,0,0,0,0,0,0,0,0,0,0,194.05,405,20,90.7541,0,0,0,0,269.2833,988,0,178.8783,39.8,46.9667,47,45,23.68,23.68,23.68
2022-12-01 18:20:00,1.4237,2.97,0.4032,0.6072,120,85.037,44.7433,120,75.5603,75.6859,75.4723,0.0519,120,26.8628,26.8743,26.8377,0.0081,120,1006.1002,1006.3295,1005.9267,0.0705,120,0,0,0,0,120,0,0,0,0,120,13.9,14.2604,13.2775,0.2274,120,120,0,0,0,0,0,120,None,None,None,None,0,3.435,3.4388,3.4321,0.0012,0.5686,0.5687,0.5684,0.0001,0.7556,0.7569,0.7547,0.0005,-0.0001,-0.0001,-0.0001,0,0,0,0,0,0,0,0,0,0,0,0,0,131.925,300,21,66.0013,0,0,0,0,293.1417,1019,36,193.3098,39,46.35,49,41,23.68,23.68,23.68
2022-12-01 18:30:00,1.8881,4.0924,0.624,0.7944,120,89.1728,37.7215,120,75.7808,76.0216,75.5638,0.1466,120,26.8379,26.8621,26.8102,0.0136,120,1006.1487,1006.3295,1005.945,0.0704,120,0,0,0,0,120,0,0,0,0,120,13.9942,14.2604,13.7689,0.2459,120,120,0,0,0,0,0,120,None,None,None,None,0,3.4358,3.4388,3.4324,0.0012,0.5684,0.5686,0.5681,0.0001,0.7578,0.7602,0.7556,0.0015,-0.0001,-0.0001,-0.0001,0,0,0,0,0,0,0,0,0,0,0,0,0,182.4,422,45,86.343,0,0,0,0,259.0583,672,24,110.7178,39,46.8833,49,41,23.68,23.68,23.68
2022-12-01 18:40:00,2.1658,4.9664,0.4492,1.0085,120,85.9889,39.8899,120,76.1259,76.2352,75.9911,0.0628,120,26.8625,26.8773,26.8316,0.0096,120,1006.2633,1006.5127,1006.1098,0.0945,120,0,0,0,0,120,0,0,0,0,120,13.9491,14.2604,13.7689,0.2378,120,120,0,0,0,0,0,120,None,None,None,None,0,3.4377,3.4419,3.4352,0.0016,0.5686,0.5688,0.5683,0.0001,0.7613,0.7624,0.7599,0.0006,-0.0001,-0.0001,-0.0001,0,0,0,0,0,0,0,0,0,0,0,0,0,212.5917,517,26,109.6149,0,0,0,0,265.65,938,0,140.8269,39,46.6833,47,41,23.68,23.68,23.68
2022-12-01 18:50:00,2.0351,4.2764,0.4492,0.7941,120,78.2822,41.4969,120,76.3062,76.4183,76.1437,0.0591,120,26.8145,26.8346,26.7888,0.0132,120,1006.4098,1006.6958,1006.2929,0.1019,120,0,0,0,0,120,0,0,0,0,120,13.9164,14.2604,13.7689,0.2262,120,120,0,0,0,0,0,120,None,None,None,None,0,3.4402,3.4449,3.4382,0.0017,0.5682,0.5684,0.5679,0.0001,0.7631,0.7642,0.7614,0.0006,-0.0001,-0.0001,-0.0001,0,0,0,0,0,0,0,0,0,0,0,0,0,198.3833,442,26,86.3108,0,0,0,0,240.975,689,42,129.8896,39,46.9,47,41,23.68,23.68,23.68
2022-12-01 19:00:00,2.2811,4.6812,0.4492,1.0999,120,75.2204,45.5997,120,76.4148,76.5099,76.2352,0.055,120,26.8183,26.8438,26.795,0.0112,120,1006.5966,1006.7141,1006.476,0.0948,120,0,0,0,0,120,0,0,0,0,120,13.9614,14.2604,13.7689,0.2409,120,120,0,0,0,0,0,120,None,None,None,None,0,3.4433,3.4452,3.4413,0.0016,0.5682,0.5684,0.5679,0.0001,0.7641,0.7651,0.7624,0.0005,-0.0001,-0.0001,-0.0001,0,0,0,0,0,0,0,0,0,0,0,0,0,225.125,486,26,119.5578,0,0,0,0,279.9833,978,16,198.657,39,46.9333,47,43,23.68,23.68,23.63
2022-12-01 19:10:00,2.01,4.7548,0.3388,1.0039,120,72.3174,45.021,120,76.5684,76.7846,76.3878,0.1223,120,26.8605,26.9201,26.8255,0.0307,120,1006.8798,1007.0803,1006.5127,0.1401,120,0,0,0,0,120,0,0,0,0,120,14.031,14.2604,13.7689,0.2462,120,120,0,0,0,0,0,120,None,None,None,None,0,3.448,3.4513,3.4419,0.0023,0.5686,0.5692,0.5683,0.0003,0.7657,0.7678,0.7639,0.0012,-0.0001,-0.0001,-0.0001,0,0,0,0,0,0,0,0,0,0,0,0,0,195.65,494,14,109.1206,0,0,0,0,244.025,914,10,162.0924,39,46.95,47,41,23.68,23.68,23.68
2022-12-01 19:20:00,1.7584,3.2368,0.302,0.7143,120,75.7454,46.3431,120,76.7726,76.8761,76.632,0.055,120,26.8926,26.9262,26.8407,0.023,120,1007.1697,1007.4099,1007.0437,0.0974,120,0,0,0,0,120,0,0,0,0,120,13.8959,14.2604,13.2775,0.2341,120,120,0,0,0,0,0,120,None,None,None,None,0,3.4528,3.4568,3.4507,0.0016,0.5689,0.5693,0.5684,0.0002,0.7677,0.7688,0.7663,0.0006,-0.0001,-0.0001,-0.0001,0,0,0,0,0,0,0,0,0,0,0,0,0,168.3,329,10,77.6361,0,0,0,0,270.25,975,34,188.4523,39,46.85,49,41,23.68,23.68,23.68
2022-12-01 19:30:00,2.0855,3.9636,0.3756,0.8611,120,80.0915,40.2613,120,76.5206,76.7846,76.0216,0.1953,120,26.7282,26.8438,26.6759,0.046,120,1007.2904,1007.4282,1007.0437,0.0748,120,0,0,0,0,120,0,0,0,0,120,13.8877,14.2604,13.7689,0.2113,120,120,0,0,0,0,0,120,None,None,None,None,0,3.4548,3.4571,3.4507,0.0012,0.5673,0.5684,0.5668,0.0005,0.7652,0.7678,0.7602,0.002,-0.0001,-0.0001,-0.0001,0,0,0,0,0,0,0,0,0,0,0,0,0,203.8583,408,18,93.5965,0,0,0,0,258.45,941,32,153.8934,38.5,46.8167,49,41,23.68,23.68,23.63
2022-12-01 19:40:00,1.514,2.8596,0.394,0.5868,120,74.0269,44.1436,120,75.3573,76.0826,74.6483,0.4483,120,26.7355,26.7888,26.679,0.0301,120,1007.4535,1007.6113,1007.2451,0.0852,120,0,0,0,0,120,0,0,0,0,120,13.8713,14.2604,13.7689,0.2004,120,120,0,0,0,0,0,120,None,None,None,None,0,3.4576,3.4602,3.4541,0.0014,0.5674,0.5679,0.5668,0.0003,0.7536,0.7608,0.7465,0.0045,-0.0001,-0.0001,-0.0001,0,0,0,0,0,0,0,0,0,0,0,0,0,141.7417,288,20,63.7841,0,0,0,0,263.55,1007,5,187.537,38,46.8833,49,41,23.68,23.68,23.68
2022-12-01 19:50:00,1.6319,3.5404,0.4216,0.7004,120,91.9226,38.461,120,74.3065,74.6483,74.16,0.1485,120,26.781,26.8011,26.7522,0.0115,120,1007.5079,1007.6113,1007.4099,0.0878,120,0,0,0,0,120,0,0,0,0,120,13.859,14.2604,13.2775,0.2013,120,120,0,0,0,0,0,120,None,None,None,None,0,3.4585,3.4602,3.4568,0.0015,0.5678,0.568,0.5675,0.0001,0.7431,0.7465,0.7416,0.0015,-0.0001,-0.0001,-0.0001,0,0,0,0,0,0,0,0,0,0,0,0,0,154.55,362,23,76.1356,0,0,0,0,276.575,918,21,125.8066,38,46.8,49,41,23.68,23.68,23.63
2022-12-01 20:00:00,1.646,3.4852,0.2284,0.7394,120,101.0596,43.3393,120,74.3833,74.5567,74.1905,0.1014,120,26.7642,26.7827,26.7431,0.0111,120,1007.5907,1007.6113,1007.5198,0.0099,120,0,0,0,0,120,0,0,0,0,120,13.9123,14.2604,13.7689,0.2243,120,120,0,0,0,0,0,120,None,None,None,None,0,3.4598,3.4602,3.4587,0.0002,0.5676,0.5678,0.5674,0.0001,0.7438,0.7456,0.7419,0.001,-0.0001,-0.0001,-0.0001,0,0,0,0,0,0,0,0,0,0,0,0,0,156.0917,356,2,80.3726,0,0,0,0,311.1667,1011,15,153.9019,38,46.7333,49,41,23.68,23.68,23.68
2022-12-01 20:10:00,1.5544,3.7612,0.4308,0.6523,120,94.4193,41.9673,120,74.9074,75.3197,74.4652,0.2643,120,26.724,26.7675,26.7064,0.0138,120,1007.5916,1007.7761,1007.4099,0.0302,120,0,0,0,0,120,0,0,0,0,120,13.9368,14.2604,13.7689,0.2341,120,120,0,0,0,0,0,120,None,None,None,None,0,3.4599,3.4629,3.4568,0.0005,0.5672,0.5677,0.5671,0.0001,0.7491,0.7532,0.7447,0.0026,-0.0001,-0.0001,-0.0001,0,0,0,0,0,0,0,0,0,0,0,0,0,146.1333,386,24,70.9028,0,0,0,0,280.075,694,45,124.2573,38,46.8833,47,41,23.68,23.68,23.68
2022-12-01 20:20:00,1.6911,4.0924,0.5228,0.8161,120,78.7125,36.799,120,75.6134,75.8385,75.2892,0.1797,120,26.7132,26.7431,26.6881,0.0141,120,1007.5764,1007.7761,1007.4099,0.0605,120,0,0,0,0,120,0,0,0,0,120,13.9328,14.2604,13.7689,0.2326,120,120,0,0,0,0,0,120,None,None,None,None,0,3.4596,3.4629,3.4568,0.001,0.5671,0.5674,0.5669,0.0001,0.7561,0.7584,0.7529,0.0018,-0.0001,-0.0001,-0.0001,0,0,0,0,0,0,0,0,0,0,0,0,0,160.9917,422,34,88.7021,0,0,0,0,248.7,956,5,142.3992,38,47,49,45,23.68,23.68,23.63
2022-12-01 20:30:00,1.7839,5.0676,0.6516,0.8852,120,92.8709,36.3804,120,75.9578,76.1437,75.6859,0.1334,120,26.6849,26.737,26.6454,0.0251,120,1007.6691,1007.7944,1007.5747,0.0904,120,0,0,0,0,120,0,0,0,0,120,13.9614,14.2604,13.2775,0.2572,120,120,0,0,0,0,0,120,None,None,None,None,0,3.4612,3.4632,3.4596,0.0015,0.5668,0.5674,0.5665,0.0003,0.7596,0.7614,0.7569,0.0013,-0.0001,-0.0001,-0.0001,0,0,0,0,0,0,0,0,0,0,0,0,0,171.075,528,48,96.2164,0,0,0,0,276.7167,1012,27,123.9009,38,46.8667,47,41,23.68,23.68,23.63
2022-12-01 20:40:00,1.8772,4.5708,0.348,0.8829,120,94.2787,37.3821,120,76.1066,76.2352,75.8995,0.1118,120,26.6986,26.7339,26.6454,0.023,120,1007.7622,1007.7944,1007.5747,0.0375,120,0,0,0,0,120,0,0,0,0,120,13.9573,14.2604,13.7689,0.2399,120,120,0,0,0,0,0,120,None,None,None,None,0,3.4627,3.4632,3.4596,0.0006,0.567,0.5673,0.5665,0.0002,0.7611,0.7624,0.759,0.0011,-0.0001,-0.0001,-0.0001,0,0,0,0,0,0,0,0,0,0,0,0,0,181.2167,474,15,95.9717,0,0,0,0,284.4,970,14,130.6673,38,46.95,47,45,23.68,23.68,23.68
2022-12-01 20:50:00,1.8948,4.5064,0.5688,0.7279,120,93.9851,34.3185,120,75.9746,76.0216,75.8995,0.0349,120,26.692,26.7095,26.6698,0.0101,120,1007.7691,1007.9592,1007.5747,0.0398,120,0,0,0,0,120,0,0,0,0,120,13.9368,14.2604,13.2775,0.2588,120,120,0,0,0,0,0,120,None,None,None,None,0,3.4628,3.466,3.4596,0.0007,0.5669,0.5671,0.5667,0.0001,0.7597,0.7602,0.759,0.0003,-0.0001,-0.0001,-0.0001,0,0,0,0,0,0,0,0,0,0,0,0,0,183.125,467,39,79.1188,0,0,0,0,281.7833,1018,49,124.1348,38,46.8333,49,41,23.68,23.68,23.63
2022-12-01 21:00:00,1.513,3.2736,0.3204,0.7426,120,99.2256,45.1835,120,76.0926,76.1742,75.9911,0.039,120,26.6716,26.6881,26.6424,0.0094,120,1007.8387,1007.9775,1007.7578,0.0913,120,0,0,0,0,120,0,0,0,0,120,13.8386,14.2604,13.7689,0.1721,120,120,0,0,0,0,0,120,None,None,None,None,0,3.464,3.4663,3.4626,0.0015,0.5667,0.5669,0.5664,0.0001,0.7609,0.7617,0.7599,0.0004,-0.0001,-0.0001,-0.0001,0,0,0,0,0,0,0,0,0,0,0,0,0,141.6333,333,12,80.7124,0,0,0,0,296.3417,738,10,135.285,38,46.9,47,41,23.68,23.68,23.63
2022-12-01 21:10:00,1.7202,3.8072,0.2928,0.7486,120,88.6342,39.3322,120,76.1755,76.2658,75.9606,0.066,120,26.6068,26.6454,26.5874,0.0104,120,1007.8726,1007.9775,1007.7578,0.09,120,0,0,0,0,120,0,0,0,0,120,13.8959,14.2604,13.2775,0.2252,120,120,0,0,0,0,0,120,None,None,None,None,0,3.4645,3.4663,3.4626,0.0015,0.5661,0.5665,0.5659,0.0001,0.7618,0.7627,0.7596,0.0007,-0.0001,-0.0001,-0.0001,0,0,0,0,0,0,0,0,0,0,0,0,0,164.15,391,9,81.3691,0,0,0,0,273.9167,921,87,134.968,37.2,46.8833,49,41,23.68,23.68,23.63
2022-12-01 21:20:00,1.8277,3.982,0.8448,0.6778,120,99.272,36.8449,120,76.0974,76.2047,75.9606,0.0668,120,26.6134,26.6302,26.5935,0.0111,120,1007.8033,1007.9592,1007.593,0.0753,120,0,0,0,0,120,0,0,0,0,120,13.8877,14.2604,13.7689,0.2113,120,120,0,0,0,0,0,120,None,None,None,None,0,3.4634,3.466,3.4599,0.0013,0.5661,0.5663,0.5659,0.0001,0.761,0.762,0.7596,0.0007,-0.0001,-0.0001,-0.0001,0,0,0,0,0,0,0,0,0,0,0,0,0,175.8333,410,69,73.6726,0,0,0,0,292.6583,980,8,125.2893,37,46.9,47,41,23.68,23.68,23.63
2022-12-01 21:30:00,2.2026,4.8376,0.5044,0.7883,120,88.7444,33.7681,120,76.0287,76.0826,75.9606,0.0333,120,26.6474,26.6729,26.6179,0.0153,120,1007.884,1007.9775,1007.7578,0.0866,120,0,0,0,0,120,0,0,0,0,120,13.9328,14.2604,13.2775,0.2412,120,120,0,0,0,0,0,120,None,None,None,None,0,3.4647,3.4663,3.4626,0.0014,0.5665,0.5667,0.5662,0.0001,0.7603,0.7608,0.7596,0.0003,-0.0001,-0.0001,-0.0001,0,0,0,0,0,0,0,0,0,0,0,0,0,216.5917,503,32,85.6896,0,0,0,0,274.1,1017,48,137.0556,37,46.9333,49,43,23.68,23.68,23.63
2022-12-01 21:40:00,2.219,4.5984,0.7528,0.8177,120,97.6249,32.0682,120,75.9585,76.0216,75.8995,0.0335,120,26.6216,26.6698,26.5813,0.0273,120,1007.8257,1007.9592,1007.7578,0.0855,120,0,0,0,0,120,0,0,0,0,120,13.9328,14.2604,13.2775,0.2412,120,120,0,0,0,0,0,120,None,None,None,None,0,3.4638,3.466,3.4626,0.0014,0.5662,0.5667,0.5658,0.0003,0.7596,0.7602,0.759,0.0003,-0.0001,-0.0001,-0.0001,0,0,0,0,0,0,0,0,0,0,0,0,0,218.3667,477,59,88.8764,0,0,0,0,286.2,1013,48,111.4014,37,46.7667,47,41,23.68,23.68,23.63
2022-12-01 21:50:00,1.8004,4.7916,0.4492,0.777,120,95.9774,35.7565,120,75.9026,75.9606,75.808,0.0348,120,26.5793,26.6027,26.5661,0.0093,120,1007.8469,1007.9592,1007.7395,0.0884,120,0,0,0,0,120,0,0,0,0,120,13.8836,14.2604,13.2775,0.2274,120,120,0,0,0,0,0,120,None,None,None,None,0,3.4641,3.466,3.4623,0.0015,0.5658,0.566,0.5657,0.0001,0.759,0.7596,0.7581,0.0003,-0.0001,-0.0001,-0.0001,0,0,0,0,0,0,0,0,0,0,0,0,0,172.875,498,26,84.4617,0,0,0,0,275.425,607,8,104.8036,37,46.7667,49,41,23.68,23.68,23.63
2022-12-01 22:00:00,2.0651,3.7244,0.4768,0.7325,120,84.0095,30.9614,120,75.7116,75.8385,75.6249,0.043,120,26.5827,26.6057,26.56,0.012,120,1007.7944,1007.9592,1007.5381,0.0891,120,0,0,0,0,120,0,0,0,0,120,13.8795,14.2604,13.7689,0.2061,120,120,0,0,0,0,0,120,None,None,None,None,0,3.4632,3.466,3.459,0.0015,0.5658,0.5661,0.5656,0.0001,0.7571,0.7584,0.7562,0.0004,-0.0001,-0.0001,-0.0001,0,0,0,0,0,0,0,0,0,0,0,0,0,201.6417,382,29,79.6246,0,0,0,0,244.7083,663,35,94.7654,37,46.8833,49,41,23.68,23.68,23.63
2022-12-01 22:10:00,2.0866,4.5432,0.5136,0.8099,120,92.0657,36.1603,120,75.6681,75.7164,75.5943,0.029,120,26.5493,26.5691,26.5294,0.0118,120,1007.6762,1007.7761,1007.5564,0.0961,120,0,0,0,0,120,0,0,0,0,120,13.9,14.2604,13.7689,0.2182,120,120,0,0,0,0,0,120,None,None,None,None,0,3.4613,3.4629,3.4593,0.0016,0.5655,0.5657,0.5653,0.0001,0.7567,0.7572,0.7559,0.0003,-0.0001,-0.0001,-0.0001,0,0,0,0,0,0,0,0,0,0,0,0,0,203.975,471,33,88.0345,0,0,0,0,291.0833,1005,64,150.5938,37,46.9833,49,45,23.68,23.68,23.63
2022-12-01 22:20:00,1.7909,3.7704,0.3572,0.8032,120,97.8005,41.4506,120,75.6348,75.7164,75.5638,0.0376,120,26.538,26.5569,26.5233,0.0073,120,1007.6464,1007.7761,1007.5564,0.0956,120,0,0,0,0,120,0,0,0,0,120,13.8672,14.2604,13.2775,0.217,120,120,0,0,0,0,0,120,None,None,None,None,0,3.4608,3.4629,3.4593,0.0016,0.5654,0.5656,0.5652,0.0001,0.7563,0.7572,0.7556,0.0004,-0.0001,-0.0001,-0.0001,0,0,0,0,0,0,0,0,0,0,0,0,0,171.8417,387,16,87.3092,0,0,0,0,291.6833,830,21,128.5958,37,46.9667,47,45,23.68,23.68,23.63
2022-12-01 22:30:00,1.6179,3.6876,0.4676,0.7397,120,91.4337,42.2746,120,75.5315,75.6249,75.4112,0.0421,120,26.5155,26.56,26.4684,0.0286,120,1007.5286,1007.7395,1007.3916,0.069,120,0,0,0,0,120,0,0,0,0,120,13.7607,14.2604,13.2775,0.2112,120,120,0,0,0,0,0,120,None,None,None,None,0,3.4588,3.4623,3.4565,0.0012,0.5652,0.5656,0.5647,0.0003,0.7553,0.7562,0.7541,0.0004,-0.0001,-0.0001,-0.0001,0,0,0,0,0,0,0,0,0,0,0,0,0,153.0333,378,28,80.3976,0,0,0,0,280.2333,918,8,139.8641,37,46.8667,49,39,23.68,23.68,23.63
2022-12-01 22:40:00,1.8954,3.752,0.4216,0.8385,120,86.8344,42.2965,120,75.6333,75.7469,75.5333,0.0649,120,26.4548,26.4745,26.4379,0.0078,120,1007.4107,1007.5747,1007.2085,0.0526,120,0,0,0,0,120,0,0,0,0,120,13.8304,14.2604,13.2775,0.1864,120,120,0,0,0,0,0,120,None,None,None,None,0,3.4568,3.4596,3.4535,0.0009,0.5645,0.5647,0.5644,0.0001,0.7563,0.7575,0.7553,0.0006,-0.0001,-0.0001,-0.0001,0,0,0,0,0,0,0,0,0,0,0,0,0,183.1917,385,23,91.1466,0,0,0,0,275.025,1017,2,151.8212,37,46.9167,49,41,23.68,23.68,23.63
2022-12-01 22:50:00,1.6747,3.9084,0.2744,1.0132,120,86.3992,57.9289,120,75.8235,75.9911,75.7469,0.0623,120,26.4901,26.5081,26.4592,0.0126,120,1007.3518,1007.5564,1007.1902,0.0904,120,0,0,0,0,120,0,0,0,0,120,13.8713,14.2604,13.2775,0.2197,120,120,0,0,0,0,0,120,None,None,None,None,0,3.4559,3.4593,3.4532,0.0015,0.5649,0.5651,0.5646,0.0001,0.7582,0.7599,0.7575,0.0006,-0.0001,-0.0001,-0.0001,0,0,0,0,0,0,0,0,0,0,0,0,0,159.2083,402,7,110.1288,0,0,0,0,315.5833,1012,0,212.5275,37,46.85,47,41,23.68,23.68,23.63
2022-12-01 23:00:00,1.8473,4.35,0.256,0.8383,120,76.2811,41.836,120,76.2001,76.4489,75.9606,0.1289,120,26.5134,26.5294,26.4989,0.0079,120,1007.2739,1007.4099,1007.1902,0.0931,120,0,0,0,0,120,0,0,0,0,120,13.8672,14.2604,13.7689,0.1974,120,120,0,0,0,0,0,120,None,None,None,None,0,3.4546,3.4568,3.4532,0.0016,0.5651,0.5653,0.565,0.0001,0.762,0.7645,0.7596,0.0013,-0.0001,-0.0001,-0.0001,0,0,0,0,0,0,0,0,0,0,0,0,0,177.9667,450,5,91.1149,0,0,0,0,239.6667,779,28,135.0516,37,46.7667,49,41,23.68,23.68,23.63
2022-12-01 23:10:00,1.8458,4.396,0.2836,0.8429,120,90.6641,36.4959,120,76.7223,77.0287,76.4489,0.1382,120,26.4969,26.5264,26.4562,0.022,120,1007.1058,1007.2268,1007.0071,0.0954,120,0,0,0,0,120,0,0,0,0,120,13.8713,14.2604,13.2775,0.2288,120,120,0,0,0,0,0,120,None,None,None,None,0,3.4518,3.4538,3.4501,0.0016,0.565,0.5653,0.5646,0.0002,0.7672,0.7703,0.7645,0.0014,-0.0001,-0.0001,-0.0001,0,0,0,0,0,0,0,0,0,0,0,0,0,177.8,455,8,91.6244,0,0,0,0,265.7917,697,51,109.0107,36.4,46.8667,49,41,23.67,23.68,23.63
2022-12-01 23:20:00,1.644,3.4576,0.532,0.6382,120,84.7886,48.4429,120,77.2375,77.4255,76.9982,0.0909,120,26.4883,26.5081,26.4562,0.0138,120,1006.9398,1007.2085,1006.6408,0.1092,120,0,0,0,0,120,0,0,0,0,120,13.8795,14.2604,13.2775,0.2157,120,120,0,0,0,0,0,120,None,None,None,None,0,3.449,3.4535,3.444,0.0018,0.5649,0.5651,0.5646,0.0001,0.7724,0.7743,0.77,0.0009,-0.0001,-0.0001,-0.0001,0,0,0,0,0,0,0,0,0,0,0,0,0,155.875,353,35,69.3647,0,0,0,0,288.1083,1013,26,179.2951,36,46.9167,49,41,23.67,23.68,23.63
2022-12-01 23:30:00,1.6402,3.7244,0.4216,0.725,120,96.7557,55.5663,120,77.605,77.7917,77.3949,0.1168,120,26.5182,26.5355,26.502,0.0064,120,1006.7779,1007.0071,1006.6408,0.0838,120,0,0,0,0,120,0,0,0,0,120,13.8795,14.2604,13.2775,0.2249,120,120,0,0,0,0,0,120,None,None,None,None,0,3.4463,3.4501,3.444,0.0014,0.5652,0.5654,0.565,0.0001,0.7761,0.7779,0.7739,0.0012,-0.0001,-0.0001,-0.0001,0,0,0,0,0,0,0,0,0,0,0,0,0,155.4583,382,23,78.8033,0,0,0,0,314.6083,904,11,179.1149,36,46.9,47,43,23.67,23.68,23.63
2022-12-01 23:40:00,1.763,4.3224,0.3204,0.8747,120,89.3471,41.6629,120,77.7963,77.9443,77.6086,0.0841,120,26.4861,26.5325,26.4623,0.0208,120,1006.727,1006.8422,1006.6225,0.091,120,0,0,0,0,120,0,0,0,0,120,13.8467,14.2604,13.2775,0.2014,120,120,0,0,0,0,0,120,None,None,None,None,0,3.4455,3.4474,3.4437,0.0015,0.5649,0.5653,0.5646,0.0002,0.778,0.7794,0.7761,0.0008,-0.0001,-0.0001,-0.0001,0,0,0,0,0,0,0,0,0,0,0,0,0,168.8083,447,12,95.0778,0,0,0,0,267.3917,1007,7,138.0725,36,46.0167,47,39,23.67,23.68,23.63
2022-12-01 23:50:00,2.5131,4.7364,0.8264,0.8914,120,83.5745,39.8615,120,77.676,77.9138,77.3949,0.1749,120,26.4584,26.4898,26.4043,0.0273,120,1006.7856,1007.0071,1006.6225,0.0962,120,0,0,0,0,120,0,0,0,0,120,13.8386,14.2604,13.2775,0.2234,120,120,0,0,0,0,0,120,None,None,None,None,0,3.4464,3.4501,3.4437,0.0016,0.5646,0.5649,0.564,0.0003,0.7768,0.7791,0.7739,0.0017,-0.0001,-0.0001,-0.0001,0,0,0,0,0,0,0,0,0,0,0,0,0,250.3417,492,67,96.8878,0,0,0,0,258.5583,964,3,140.0315,36,46.35,49,41,23.67,23.68,23.63
