datetime,Anemometer;wind_speed;Avg (m/s),Anemometer;wind_speed;Max (m/s),Anemometer;wind_speed;Min (m/s),Anemometer;wind_speed;StdDev (m/s),Anemometer;wind_speed;Count (),Wind Vane TMR;wind_direction;Avg (°),Wind Vane TMR;wind_direction;StdDev (°),Wind Vane TMR;wind_direction;Count (),Hygro/Thermo;humidity;Avg (%),Hygro/Thermo;humidity;Max (%),Hygro/Thermo;humidity;Min (%),Hygro/Thermo;humidity;StdDev (%),Hygro/Thermo;humidity;Count (),Hygro/Thermo;temperature;Avg (°C),Hygro/Thermo;temperature;Max (°C),Hygro/Thermo;temperature;Min (°C),Hygro/Thermo;temperature;StdDev (°C),Hygro/Thermo;temperature;Count (),Barometer;air_pressure;Avg (hPa),Barometer;air_pressure;Max (hPa),Barometer;air_pressure;Min (hPa),Barometer;air_pressure;StdDev (hPa),Barometer;air_pressure;Count (),DHI (Diffuse Horizontal Irradiance);solar_irradiance;Avg (W/m²),DHI (Diffuse Horizontal Irradiance);solar_irradiance;Max (W/m²),DHI (Diffuse Horizontal Irradiance);solar_irradiance;Min (W/m²),DHI (Diffuse Horizontal Irradiance);solar_irradiance;StdDev (W/m²),DHI (Diffuse Horizontal Irradiance);solar_irradiance;Count (),GHI (Global Horizontal Irradiance);solar_irradiance;Avg (W/m²),GHI (Global Horizontal Irradiance);solar_irradiance;Max (W/m²),GHI (Global Horizontal Irradiance);solar_irradiance;Min (W/m²),GHI (Global Horizontal Irradiance);solar_irradiance;StdDev (W/m²),GHI (Global Horizontal Irradiance);solar_irradiance;Count (),DNI (Direct Normal Irradiance) Pyrheliometer;solar_DNI;Avg (W/m²),DNI (Direct Normal Irradiance) Pyrheliometer;solar_DNI;Max (W/m²),DNI (Direct Normal Irradiance) Pyrheliometer;solar_DNI;Min (W/m²),DNI (Direct Normal Irradiance) Pyrheliometer;solar_DNI;StdDev (W/m²),DNI (Direct Normal Irradiance) Pyrheliometer;solar_DNI;Count (),Precipitation;precipitation;Count (),Precipitation;precipitation;Sum (mm),GTI (Global Tilt Irradiance) PV Cell;voltage;Avg (W/m2),GTI (Global Tilt Irradiance) PV Cell;voltage;Max (W/m2),GTI (Global Tilt Irradiance) PV Cell;voltage;Min (W/m2),GTI (Global Tilt Irradiance) PV Cell;voltage;StdDev (W/m2),GTI (Global Tilt Irradiance) PV Cell;voltage;Count (),Theta;other;Avg (°),Theta;other;Max (°),Theta;other;Min (°),Theta;other;StdDev (°),Theta;other;Count (),A1;channel;Avg (V),A1;channel;Max (V),A1;channel;Min (V),A1;channel;StdDev (V),A2;channel;Avg (V),A2;channel;Max (V),A2;channel;Min (V),A2;channel;StdDev (V),A3;channel;Avg (V),A3;channel;Max (V),A3;channel;Min (V),A3;channel;StdDev (V),A4;channel;Avg (V),A4;channel;Max (V),A4;channel;Min (V),A4;channel;StdDev (V),A5;channel;Avg (V),A5;channel;Max (V),A5;channel;Min (V),A5;channel;StdDev (V),A6;channel;Avg (V),A6;channel;Max (V),A6;channel;Min (V),A6;channel;StdDev (V),A7;channel;Avg (V),A7;channel;Max (V),A7;channel;Min (V),A7;channel;StdDev (V),C1;channel;Avg (I),C1;channel;Max (I),C1;channel;Min (I),C1;channel;StdDev (I),C2;channel;Avg (I),C2;channel;Max (I),C2;channel;Min (I),C2;channel;StdDev (I),D1;channel;Avg (),D1;channel;Max (),D1;channel;Min (),D1;channel;StdDev (),T;channel;Avg (°C),I;channel;Avg (mA),I;channel;Max (mA),I;channel;Min (mA),V;channel;Avg (V),V;channel;Max (V),V;channel;Min (V)
2022-11-25 00:00:00,1.9089,4.4236,0.578,0.8652,120,82.3147,40.1729,120,79.8006,79.8975,79.7143,0.0409,120,26.4342,26.4531,26.4226,0.007,120,1006.2938,1006.4577,1006.238,0.0744,120,0,0,0,0,120,0,0,0,0,120,13.8508,14.2604,13.2775,0.2238,120,120,0,0,0,0,0,120,None,None,None,None,0,3.4382,3.441,3.4373,0.0012,0.5643,0.5645,0.5642,0.0001,0.798,0.799,0.7971,0.0004,-0.0001,-0.0001,-0.0001,0,0,0,0,0,0,0,0,0,0,0,0,0,184.6667,458,40,94.0462,0,0,0,0,278.9333,967,26,176.0835,37,48,51,39,23.67,23.68,23.63
2022-11-25 00:10:00,1.9146,3.798,0.4952,0.724,120,91.5144,38.6662,120,79.9692,80.1721,79.8364,0.0895,120,26.4104,26.4348,26.386,0.0119,120,1006.1948,1006.4577,1006.0549,0.0965,120,0,0,0,0,120,0,0,0,0,120,13.9041,14.2604,13.7689,0.2204,120,120,0,0,0,0,0,120,None,None,None,None,0,3.4366,3.441,3.4342,0.0016,0.5641,0.5644,0.5639,0.0001,0.7997,0.8017,0.7984,0.0009,-0.0001,-0.0001,-0.0001,0,0,0,0,0,0,0,0,0,0,0,0,0,185.2833,390,31,78.6991,0,0,0,0,294.15,1014,7,158.609,37,48.1167,49,47,23.67,23.68,23.63
2022-11-25 00:20:00,1.5428,3.7612,0.3112,0.7303,120,93.5736,43.5519,120,80.2591,80.3552,80.1416,0.0452,120,26.4334,26.4592,26.4013,0.0161,120,1006.2468,1006.4577,1006.0549,0.0621,120,0,0,0,0,120,0,0,0,0,120,13.9205,14.2604,13.2775,0.2451,120,120,0,0,0,0,0,120,None,None,None,None,0,3.4374,3.441,3.4342,0.001,0.5643,0.5646,0.564,0.0002,0.8026,0.8036,0.8014,0.0005,-0.0001,-0.0001,-0.0001,0,0,0,0,0,0,0,0,0,0,0,0,0,144.8667,386,11,79.3753,0,0,0,0,287.7,925,4,144.5683,37,48.3667,53,47,23.67,23.68,23.63
2022-11-25 00:30:00,2.0022,4.0924,0.532,0.8137,120,98.9996,39.8115,120,80.3,80.3858,80.1721,0.055,120,26.3881,26.4318,26.3646,0.0184,120,1006.2424,1006.2746,1006.0549,0.0404,120,0,0,0,0,120,0,0,0,0,120,13.814,14.2604,13.2775,0.1685,120,120,0,0,0,0,0,120,None,None,None,None,0,3.4374,3.4379,3.4342,0.0007,0.5639,0.5643,0.5636,0.0002,0.803,0.8039,0.8017,0.0006,-0.0001,-0.0001,-0.0001,0,0,0,0,0,0,0,0,0,0,0,0,0,194.8083,422,35,88.4408,0,0,0,0,297.4083,929,46,130.2485,37,47.9833,53,41,23.67,23.68,23.63
2022-11-25 00:40:00,2.0853,4.9664,0.67,0.8535,120,95.4291,38.9951,120,80.3626,80.4468,80.2942,0.0419,120,26.3728,26.386,26.3585,0.0055,120,1006.1235,1006.2746,1005.8718,0.0974,120,0,0,0,0,120,0,0,0,0,120,13.8304,14.2604,13.2775,0.197,120,120,0,0,0,0,0,120,None,None,None,None,0,3.4354,3.4379,3.4312,0.0016,0.5637,0.5639,0.5636,0.0001,0.8036,0.8045,0.8029,0.0004,-0.0001,-0.0001,-0.0001,0,0,0,0,0,0,0,0,0,0,0,0,0,203.8417,517,50,92.7762,0,0,0,0,292.1333,965,15,141.7305,36.5,46.9,49,41,23.67,23.68,23.63
2022-11-25 00:50:00,2.0741,5.4264,0.7988,0.934,120,96.373,46.2515,120,80.3766,80.4468,80.2942,0.049,120,26.3691,26.3921,26.3463,0.013,120,1006.0529,1006.238,1005.8718,0.0591,120,0,0,0,0,120,0,0,0,0,120,13.8508,14.2604,13.2775,0.2238,120,120,0,0,0,0,0,120,None,None,None,None,0,3.4342,3.4373,3.4312,0.001,0.5637,0.5639,0.5635,0.0001,0.8038,0.8045,0.8029,0.0005,-0.0001,-0.0001,-0.0001,0,0,0,0,0,0,0,0,0,0,0,0,0,202.6167,567,64,101.5196,0,0,0,0,298,1005,11,154.5077,36,46.9,49,41,23.67,23.68,23.63
2022-11-25 01:00:00,1.7435,3.9544,0.3204,0.8411,120,78.5008,50.7056,120,80.506,80.7215,80.3552,0.1044,120,26.3979,26.4287,26.3799,0.0114,120,1006.0021,1006.0915,1005.8535,0.0882,120,0,0,0,0,120,0,0,0,0,120,13.8181,14.2604,13.2775,0.2055,120,120,0,0,0,0,0,120,None,None,None,None,0,3.4334,3.4349,3.4309,0.0015,0.564,0.5643,0.5638,0.0001,0.8051,0.8072,0.8036,0.001,-0.0001,-0.0001,-0.0001,0,0,0,0,0,0,0,0,0,0,0,0,0,166.6833,407,12,91.4238,0,0,0,0,277.1333,1008,4,192.743,36,47,49,45,23.67,23.68,23.63
2022-11-25 01:10:00,1.9986,3.936,0.5136,0.7831,120,76.2196,41.8434,120,80.7942,81.0572,80.6299,0.1235,120,26.3979,26.4257,26.3707,0.0175,120,1006.0149,1006.0732,1005.8718,0.0831,120,0,0,0,0,120,0,0,0,0,120,13.8754,14.2604,13.2775,0.2399,120,120,0,0,0,0,0,120,None,None,None,None,0,3.4336,3.4346,3.4312,0.0014,0.564,0.5643,0.5637,0.0002,0.8079,0.8106,0.8063,0.0012,-0.0001,-0.0001,-0.0001,0,0,0,0,0,0,0,0,0,0,0,0,0,194.4083,405,33,85.1181,0,0,0,0,260.375,1014,24,177.0478,36,46.8667,49,43,23.67,23.68,23.63
2022-11-25 01:20:00,1.8103,3.5956,0.2192,0.7107,120,77.6083,46.5268,120,81.1607,81.2708,81.0266,0.0737,120,26.3553,26.3891,26.2609,0.036,120,1005.9424,1006.0915,1005.8535,0.0915,120,0,0,0,0,120,0,0,0,0,120,13.8345,14.2604,13.2775,0.2107,120,120,0,0,0,0,0,120,None,None,None,None,0,3.4324,3.4349,3.4309,0.0015,0.5635,0.5639,0.5626,0.0004,0.8116,0.8127,0.8103,0.0007,-0.0001,-0.0001,-0.0001,0,0,0,0,0,0,0,0,0,0,0,0,0,173.95,368,1,77.2521,0,0,0,0,263.05,1011,7,179.8987,36,46.7333,47,41,23.67,23.68,23.63
2022-11-25 01:30:00,2.1492,3.844,0.4308,0.7846,120,90.1376,36.6533,120,81.3196,81.5455,80.9046,0.1508,120,26.1941,26.2639,26.0533,0.0663,120,1005.9105,1006.0915,1005.8535,0.0753,120,0,0,0,0,120,0,0,0,0,120,13.8181,14.2604,13.2775,0.2151,120,120,0,0,0,0,0,120,None,None,None,None,0,3.4318,3.4349,3.4309,0.0013,0.5619,0.5626,0.5605,0.0007,0.8132,0.8155,0.809,0.0015,-0.0001,-0.0001,-0.0001,0,0,0,0,0,0,0,0,0,0,0,0,0,210.7833,395,24,85.2865,0,0,0,0,280.4083,991,114,137.4722,36,46.8,47,41,23.67,23.68,23.63
2022-11-25 01:40:00,1.5685,3.4024,0.4032,0.701,120,91.6485,37.3833,120,81.2672,81.3623,81.1487,0.046,120,26.0444,26.093,26.0228,0.0172,120,1005.9062,1006.0732,1005.8535,0.0719,120,0,0,0,0,120,0,0,0,0,120,13.7034,13.7689,13.2775,0.1678,120,120,0,0,0,0,0,120,None,None,None,None,0,3.4318,3.4346,3.4309,0.0012,0.5604,0.5609,0.5602,0.0002,0.8127,0.8136,0.8115,0.0005,-0.0001,-0.0001,-0.0001,0,0,0,0,0,0,0,0,0,0,0,0,0,147.6583,347,21,76.1947,0,0,0,0,276.0083,889,47,122.7359,36,46.7,47,41,23.67,23.68,23.63
2022-11-25 01:50:00,1.7533,3.8808,0.4492,0.7995,120,91.7444,36.1428,120,81.0251,81.3013,80.813,0.1264,120,26.1762,26.2456,26.093,0.0427,120,1005.875,1006.0732,1005.6887,0.0575,120,0,0,0,0,120,0,0,0,0,120,13.814,14.2604,13.2775,0.2297,120,120,0,0,0,0,0,120,None,None,None,None,0,3.4312,3.4346,3.4281,0.001,0.5618,0.5625,0.5609,0.0004,0.8103,0.813,0.8081,0.0013,-0.0001,-0.0001,-0.0001,0,0,0,0,0,0,0,0,0,0,0,0,0,167.75,399,26,86.8999,0,0,0,0,275.675,997,49,126.0398,36,46.75,49,41,23.67,23.68,23.63
2022-11-25 02:00:00,1.6456,4.166,0.2836,0.7933,120,76.286,46.2438,120,80.6968,80.7825,80.6604,0.0245,120,26.2667,26.3067,26.2365,0.0196,120,1005.9586,1006.0732,1005.8535,0.0943,120,0,0,0,0,120,0,0,0,0,120,13.9,14.2604,13.2775,0.2527,120,120,0,0,0,0,0,120,None,None,None,None,0,3.4326,3.4346,3.4309,0.0016,0.5627,0.5631,0.5624,0.0002,0.807,0.8078,0.8066,0.0002,-0.0001,-0.0001,-0.0001,0,0,0,0,0,0,0,0,0,0,0,0,0,156.0417,430,8,86.2305,0,0,0,0,282.575,992,16,206.5604,36,46.7667,47,41,23.67,23.68,23.63
2022-11-25 02:10:00,1.6761,3.568,0.3848,0.6829,120,87.9952,40.9296,120,80.5127,80.752,80.05,0.2034,120,26.3176,26.3555,26.2395,0.0292,120,1006.0364,1006.238,1005.8535,0.0717,120,0,0,0,0,120,0,0,0,0,120,13.8222,14.2604,13.2775,0.2093,120,120,0,0,0,0,0,120,None,None,None,None,0,3.4339,3.4373,3.4309,0.0012,0.5632,0.5635,0.5624,0.0003,0.8051,0.8075,0.8005,0.002,-0.0001,-0.0001,-0.0001,0,0,0,0,0,0,0,0,0,0,0,0,0,159.3583,365,19,74.2337,0,0,0,0,270.9833,988,4,143.9037,36,46.9,47,41,23.67,23.68,23.63
2022-11-25 02:20:00,2.2091,4.7824,0.578,0.9199,120,78.6066,42.3694,120,80.2421,80.4468,79.8975,0.1765,120,26.2997,26.3494,26.2273,0.0395,120,1006.0564,1006.238,1006.0366,0.0194,120,0,0,0,0,120,0,0,0,0,120,13.8304,14.2604,13.2775,0.2513,120,120,0,0,0,0,0,120,None,None,None,None,0,3.4343,3.4373,3.4339,0.0003,0.563,0.5635,0.5623,0.0004,0.8024,0.8045,0.799,0.0018,-0.0001,-0.0001,-0.0001,0,0,0,0,0,0,0,0,0,0,0,0,0,217.2917,497,40,99.9847,0,0,0,0,246.4667,976,31,145.0683,36,46.8667,49,41,23.67,23.68,23.63
2022-11-25 02:30:00,1.8402,4.0832,0.3204,0.837,120,88.1256,40.0527,120,79.5437,79.928,79.2566,0.2197,120,26.3396,26.3616,26.3158,0.0127,120,1006.0584,1006.238,1005.8535,0.0349,120,0,0,0,0,120,0,0,0,0,120,13.7607,14.2604,13.2775,0.2013,120,120,0,0,0,0,0,120,None,None,None,None,0,3.4343,3.4373,3.4309,0.0006,0.5634,0.5636,0.5632,0.0001,0.7954,0.7993,0.7926,0.0022,-0.0001,-0.0001,-0.0001,0,0,0,0,0,0,0,0,0,0,0,0,0,177.1917,421,12,90.9792,0,0,0,0,294.025,1020,87,169.9103,36,46.8,47,39,23.67,23.68,23.63
2022-11-25 02:40:00,2.2615,4.58,0.7988,0.9266,120,83.9322,37.486,120,79.0272,79.2871,78.8598,0.1141,120,26.3073,26.328,26.2822,0.011,120,1006.1414,1006.2563,1006.0366,0.0931,120,0,0,0,0,120,0,0,0,0,120,13.7976,14.2604,13.2775,0.2044,120,120,0,0,0,0,0,120,None,None,None,None,0,3.4357,3.4376,3.4339,0.0016,0.5631,0.5633,0.5628,0.0001,0.7903,0.7929,0.7886,0.0011,-0.0001,-0.0001,-0.0001,0,0,0,0,0,0,0,0,0,0,0,0,0,222.9917,475,64,100.7189,0,0,0,0,268.6833,994,87,148.9441,36,46.75,49,41,23.67,23.68,23.63
2022-11-25 02:50:00,2.2967,4.1016,0.6608,0.7756,120,76.3773,36.1025,120,78.7317,78.8903,78.4631,0.1128,120,26.3661,26.3982,26.3158,0.0252,120,1005.9891,1006.238,1005.8535,0.0941,120,0,0,0,0,120,0,0,0,0,120,13.8304,14.2604,13.2775,0.1864,120,120,0,0,0,0,0,120,None,None,None,None,0,3.4332,3.4373,3.4309,0.0016,0.5637,0.564,0.5632,0.0003,0.7873,0.7889,0.7846,0.0011,-0.0001,-0.0001,-0.0001,0,0,0,0,0,0,0,0,0,0,0,0,0,226.8167,423,49,84.3035,0,0,0,0,240.125,988,14,136.681,36,46.9667,49,41,23.66,23.68,23.63
2022-11-25 03:00:00,2.2486,4.718,0.3848,0.9641,120,77.8896,35.2751,120,78.4519,78.5546,78.28,0.0648,120,26.3619,26.3891,26.3341,0.0128,120,1006.0134,1006.0732,1005.8535,0.0795,120,0,0,0,0,120,0,0,0,0,120,13.8427,14.2604,13.2775,0.1979,120,120,0,0,0,0,0,120,None,None,None,None,0,3.4336,3.4346,3.4309,0.0013,0.5636,0.5639,0.5633,0.0001,0.7845,0.7855,0.7828,0.0006,-0.0001,-0.0001,-0.0001,0,0,0,0,0,0,0,0,0,0,0,0,0,221.5833,490,19,104.7893,0,0,0,0,245.5333,994,27,140.4016,36,46.9333,49,41,23.66,23.68,23.63
2022-11-25 03:10:00,1.8396,4.1476,0.6056,0.7546,120,79.4174,41.2179,120,78.3743,78.4936,78.3105,0.055,120,26.4022,26.4196,26.3707,0.0129,120,1006.0942,1006.2563,1005.8535,0.0824,120,0,0,0,0,120,0,0,0,0,120,13.8631,14.2604,13.7689,0.1943,120,120,0,0,0,0,0,120,None,None,None,None,0,3.4349,3.4376,3.4309,0.0014,0.564,0.5642,0.5637,0.0001,0.7837,0.7849,0.7831,0.0005,-0.0001,-0.0001,-0.0001,0,0,0,0,0,0,0,0,0,0,0,0,0,177.1333,428,43,82.0164,0,0,0,0,260.9167,993,51,160.3328,36,46.85,47,41,23.66,23.68,23.63
2022-11-25 03:20:00,2.1653,4.2764,0.5228,0.8246,120,76.6162,36.1807,120,78.3611,78.4936,78.2495,0.0616,120,26.4132,26.4379,26.3982,0.0092,120,1006.1338,1006.2563,1006.0182,0.0933,120,0,0,0,0,120,0,0,0,0,120,13.8263,14.2604,13.2775,0.1823,120,120,0,0,0,0,0,120,None,None,None,None,0,3.4356,3.4376,3.4336,0.0016,0.5641,0.5644,0.564,0.0001,0.7836,0.7849,0.7825,0.0006,-0.0001,-0.0001,-0.0001,0,0,0,0,0,0,0,0,0,0,0,0,0,212.5333,442,34,89.6251,0,0,0,0,241.0833,913,5,138.4235,36,46.95,49,45,23.66,23.68,23.63
2022-11-25 03:30:00,2.5816,4.58,0.6516,0.8384,120,76.2434,38.1303,120,78.416,78.5546,78.3105,0.0544,120,26.4138,26.4348,26.3952,0.0104,120,1006.1812,1006.2563,1006.0366,0.0851,120,0,0,0,0,120,0,0,0,0,120,13.8263,14.2604,13.2775,0.2224,120,120,0,0,0,0,0,120,None,None,None,None,0,3.4364,3.4376,3.4339,0.0014,0.5641,0.5644,0.5639,0.0001,0.7842,0.7855,0.7831,0.0005,-0.0001,-0.0001,-0.0001,0,0,0,0,0,0,0,0,0,0,0,0,0,257.7833,475,48,91.1329,0,0,0,0,256.6,1004,7,171.6692,36,46.8167,49,41,23.66,23.68,23.63
2022-11-25 03:40:00,2.2897,5.04,0.4768,0.9727,120,79.5128,35.0525,120,78.4677,78.5546,78.3715,0.0403,120,26.4178,26.4501,26.383,0.0178,120,1006.0962,1006.2563,1006.0366,0.0806,120,0,0,0,0,120,0,0,0,0,120,13.7362,14.2604,13.2775,0.2087,120,120,0,0,0,0,0,120,None,None,None,None,0,3.4349,3.4376,3.4339,0.0013,0.5642,0.5645,0.5638,0.0002,0.7847,0.7855,0.7837,0.0004,-0.0001,-0.0001,-0.0001,0,0,0,0,0,0,0,0,0,0,0,0,0,226.05,525,29,105.7233,0,0,0,0,247.125,1017,8,141.0251,35.9,46.8667,47,41,23.66,23.68,23.63
2022-11-25 03:50:00,2.3086,4.0556,0.624,0.9486,120,91.9156,44.52,120,78.5775,78.6767,78.341,0.0758,120,26.355,26.3891,26.2975,0.032,120,1006.1902,1006.2563,1006.0366,0.0829,120,0,0,0,0,120,0,0,0,0,120,13.7198,14.2604,13.2775,0.1847,120,120,0,0,0,0,0,120,None,None,None,None,0,3.4365,3.4376,3.4339,0.0014,0.5635,0.5639,0.563,0.0003,0.7858,0.7868,0.7834,0.0008,-0.0001,-0.0001,-0.0001,0,0,0,0,0,0,0,0,0,0,0,0,0,228.1083,418,45,103.1049,0,0,0,0,290.3,907,26,151.0288,35,46.8667,47,41,23.66,23.68,23.63
2022-11-25 04:00:00,1.697,4.2856,0.348,0.8981,120,76.9904,39.8543,120,78.5857,78.7378,78.4326,0.0785,120,26.2983,26.3219,26.2731,0.0149,120,1006.3019,1006.4394,1006.2197,0.0938,120,0,0,0,0,120,0,0,0,0,120,13.6584,13.7689,13.2775,0.2061,120,120,0,0,0,0,0,120,None,None,None,None,0,3.4384,3.4407,3.437,0.0016,0.563,0.5632,0.5627,0.0001,0.7859,0.7874,0.7843,0.0008,-0.0001,-0.0001,-0.0001,0,0,0,0,0,0,0,0,0,0,0,0,0,161.625,443,15,97.6249,0,0,0,0,256.1417,1019,11,174.0188,35,46.8,47,41,23.66,23.68,23.63
2022-11-25 04:10:00,1.4639,3.4392,0.394,0.6894,120,87.7635,53.3661,120,78.4196,78.4631,78.3715,0.02,120,26.2857,26.3128,26.2548,0.0128,120,1006.3727,1006.6042,1006.2197,0.0889,120,0,0,0,0,120,0,0,0,0,120,13.7116,14.2604,13.2775,0.1823,120,120,0,0,0,0,0,120,None,None,None,None,0,3.4395,3.4434,3.437,0.0015,0.5629,0.5631,0.5625,0.0001,0.7842,0.7846,0.7837,0.0002,-0.0001,-0.0001,-0.0001,0,0,0,0,0,0,0,0,0,0,0,0,0,136.2917,351,20,74.9337,0,0,0,0,314.25,1020,18,206.5197,35,46.6833,47,41,23.67,23.68,23.63
2022-11-25 04:20:00,2.0633,3.8716,0.7896,0.657,120,76.8754,33.4984,120,78.7118,78.8903,78.4326,0.1206,120,26.2779,26.3067,26.2487,0.0166,120,1006.3279,1006.6042,1006.2197,0.0985,120,0,0,0,0,120,0,0,0,0,120,13.8427,14.2604,13.2775,0.2266,120,120,0,0,0,0,0,120,None,None,None,None,0,3.4388,3.4434,3.437,0.0016,0.5628,0.5631,0.5625,0.0002,0.7871,0.7889,0.7843,0.0012,-0.0001,-0.0001,-0.0001,0,0,0,0,0,0,0,0,0,0,0,0,0,201.45,398,63,71.4089,0,0,0,0,226.9417,638,58,101.867,35,46.8333,49,41,23.66,23.68,23.63
2022-11-25 04:30:00,1.9472,3.9636,0.4032,0.7994,120,93.9152,44.7279,120,79.0167,79.1955,78.8293,0.1324,120,26.2564,26.3036,26.2212,0.0204,120,1006.2841,1006.4394,1006.2197,0.0845,120,0,0,0,0,120,0,0,0,0,120,13.7239,14.2604,13.2775,0.2384,120,120,0,0.061,0.3052,0,0.1226,120,None,None,None,None,0,3.4381,3.4407,3.437,0.0014,0.5626,0.563,0.5622,0.0002,0.7902,0.792,0.7883,0.0013,-0.0001,-0.0001,-0.0001,0,0,0,0,0,0,0,0,0,0.0001,0.0003,0,0.0001,188.825,408,21,86.89,0,0,0,0,287.4167,1012,10,146.1585,35,46.9333,49,43,23.66,23.68,23.63
2022-11-25 04:40:00,2.159,5.04,0.348,0.8442,120,90.1181,46.1198,120,79.3502,79.4702,79.1955,0.0677,120,26.2077,26.2304,26.1876,0.0125,120,1006.388,1006.6042,1006.2197,0.078,120,0.9271,2.6433,0,0.8185,120,0.8609,2.5642,0,0.7639,120,13.6993,14.2604,13.2775,0.1943,120,120,0,1.5081,3.0518,0,0.8832,120,None,None,None,None,0,3.4398,3.4434,3.437,0.0013,0.5621,0.5623,0.5619,0.0001,0.7935,0.7947,0.792,0.0007,-0.0001,-0.0001,-0.0001,0,0,0,0,0,0,0,0,0,0.0015,0.0031,0,0.0009,211.85,525,15,91.76,0,0,0,0,291.9917,994,17,164.8439,35,46.65,49,41,23.66,23.68,23.63
2022-11-25 04:50:00,2.0686,4.0924,0.6148,0.669,120,84.3567,33.5674,120,79.4173,79.5007,79.3176,0.0431,120,26.2064,26.2304,26.1846,0.0111,120,1006.527,1006.6408,1006.238,0.0982,120,8.5027,15.3795,2.4032,4.0259,120,8.3837,15.3878,2.1981,4.0592,120,13.859,14.7535,13.2775,0.2702,120,120,0,8.268,14.0385,3.0518,3.4209,120,89.36,89.86,88.85,0.36,64,3.4421,3.444,3.4373,0.0016,0.5621,0.5623,0.5618,0.0001,0.7942,0.795,0.7932,0.0004,-0.0001,-0.0001,-0.0001,0,0.0001,0.0002,0,0.0001,0.0001,0.0001,0,0,0.0083,0.014,0.0031,0.0034,202.0167,422,44,72.7209,0,0,0,0,246.2,615,29,100.9889,35,46.8,49,41,23.66,23.68,23.63
2022-11-25 05:00:00,1.9122,4.7364,0.302,0.8359,120,83.1827,46.5413,120,79.284,79.3786,79.165,0.0475,120,26.2432,26.3097,26.2151,0.026,120,1006.4954,1006.6408,1006.4028,0.0929,120,27.2985,34.1228,15.8598,5.7631,120,29.74,39.934,15.7539,7.9398,120,51.7658,102.778,14.2604,34.7034,120,120,0,25.6483,32.3496,14.3437,5.567,120,87.58,88.85,86.34,0.67,120,3.4416,3.444,3.44,0.0015,0.5624,0.5631,0.5622,0.0003,0.7928,0.7938,0.7917,0.0005,-0.0003,-0.0001,-0.0006,0.0002,0.0003,0.0004,0.0002,0.0001,0.0002,0.0003,0.0001,0.0001,0.0256,0.0323,0.0143,0.0056,185.0167,492,10,90.8598,0,0,0,0,290.525,1021,60,186.947,35,46.8,47,41,23.66,23.68,23.63
2022-11-25 05:10:00,2.1346,3.8992,0.8816,0.7808,120,82.3434,35.8647,120,78.9466,79.165,78.7378,0.1075,120,26.3921,26.4959,26.3036,0.0538,120,1006.5487,1006.8056,1006.4028,0.0957,120,45.9219,51.1843,33.1622,5.5228,120,55.2851,70.7095,38.4682,9.2445,120,110.9079,196.7032,25.572,48.8613,120,120,0,39.8495,43.9466,30.8237,4.0822,120,85.26,86.34,84.07,0.68,120,3.4425,3.4468,3.44,0.0016,0.5639,0.565,0.563,0.0005,0.7895,0.7917,0.7874,0.0011,-0.0007,-0.0002,-0.0012,0.0003,0.0006,0.0006,0.0004,0.0001,0.0005,0.0006,0.0003,0.0001,0.0398,0.0439,0.0308,0.0041,209.2,401,73,84.8678,0,0,0,0,239.8083,836,3,112.6868,35,46.8667,49,41,23.66,23.68,23.63
2022-11-25 05:20:00,1.8934,3.936,0.348,0.9005,120,74.9718,43.2236,120,78.4313,78.7988,78.1884,0.1627,120,26.5748,26.6088,26.4928,0.0327,120,1006.6056,1006.8239,1006.4028,0.0595,120,65.8191,90.1134,49.9827,14.2428,120,71.4663,122.3673,53.1236,16.7665,120,60.7239,291.1215,17.2108,67.3245,120,120,0,58.1835,79.3481,43.0311,12.3456,120,82.93,84.07,81.8,0.68,120,3.4434,3.4471,3.44,0.001,0.5657,0.5661,0.5649,0.0003,0.7843,0.788,0.7819,0.0016,-0.0004,-0.0001,-0.0018,0.0004,0.0008,0.0011,0.0006,0.0002,0.0006,0.001,0.0004,0.0001,0.0582,0.0793,0.043,0.0123,182.975,405,15,97.8852,0,0,0,0,260.675,1014,40,181.3847,35,46.85,49,41,23.66,23.68,23.63
2022-11-25 05:30:00,2.3429,5.3252,0.8724,0.872,120,73.1404,31.5024,120,78.2248,78.5241,77.9748,0.1435,120,26.6946,26.8255,26.5844,0.0736,120,1006.5612,1006.6408,1006.4211,0.0881,120,69.2153,80.9819,62.2386,5.7351,120,118.05,146.5474,90.1273,10.252,120,309.9101,373.7367,102.2849,38.4315,120,120,0,62.8274,78.7377,56.4592,5.8409,120,80.6,81.8,79.52,0.68,120,3.4427,3.444,3.4404,0.0015,0.5669,0.5683,0.5658,0.0007,0.7822,0.7852,0.7797,0.0014,-0.0019,-0.0006,-0.0023,0.0002,0.0009,0.001,0.0008,0.0001,0.001,0.0012,0.0008,0.0001,0.0628,0.0787,0.0565,0.0058,231.8417,556,72,94.7794,0,0,0,0,231.2667,1019,53,134.4302,35,46.8667,49,41,23.66,23.68,23.63
2022-11-25 05:40:00,2.0074,4.2304,0.4952,0.8196,120,80.8034,45.3254,120,77.7072,78.1579,77.3034,0.2551,120,27.0176,27.1795,26.8255,0.1068,120,1006.6152,1006.8239,1006.4028,0.0494,120,91.7658,109.3378,78.0984,10.4559,120,166.9268,184.6495,115.0396,13.6042,120,377.2727,443.5659,77.2059,74.6021,120,120,0,98.5977,113.834,79.6533,7.5766,120,78.27,79.52,76.99,0.68,120,3.4436,3.4471,3.44,0.0008,0.5702,0.5718,0.5683,0.0011,0.7771,0.7816,0.773,0.0026,-0.0023,-0.0005,-0.0028,0.0005,0.0012,0.0014,0.001,0.0001,0.0014,0.0015,0.001,0.0001,0.0986,0.1138,0.0797,0.0076,195.3667,437,31,89.0861,0,0,0,0,265.45,1020,18,167.5835,35,46.6333,47,41,23.66,23.68,23.63
2022-11-25 05:50:00,2.2077,4.5064,0.44,0.976,120,67.7954,38.9445,120,76.7734,77.2729,76.1437,0.3811,120,27.2813,27.3595,27.1734,0.0579,120,1006.6948,1006.9887,1006.5859,0.0952,120,89.9194,116.7874,79.0598,7.4157,120,141.1954,195.2749,91.5918,41.3293,120,223.9056,457.3348,13.7689,186.1508,120,120,0,89.8287,111.3926,66.8355,15.1513,120,75.93,76.99,74.72,0.68,120,3.4449,3.4498,3.4431,0.0016,0.5728,0.5736,0.5717,0.0006,0.7677,0.7727,0.7614,0.0038,-0.0014,-0.0001,-0.0028,0.0012,0.0011,0.0015,0.001,0.0001,0.0012,0.0016,0.0008,0.0003,0.0898,0.1114,0.0668,0.0152,217.1417,467,25,106.0836,0,0,0,0,223.825,950,15,151.6531,35,46.7167,47,41,23.66,23.68,23.63
2022-11-25 06:00:00,1.8719,3.9176,0.2376,0.7632,120,73.168,48.9205,120,76.5272,76.7846,76.2047,0.1533,120,27.0868,27.2344,27.0269,0.0547,120,1006.9417,1007.0071,1006.6225,0.09,120,136.6504,182.1496,114.3843,15.6215,120,138.0661,219.8211,114.3073,19.3887,120,21.7808,137.6926,14.2604,17.352,120,120,0,123.071,191.6562,95.8281,19.604,120,73.6,74.72,72.44,0.68,120,3.449,3.4501,3.4437,0.0015,0.5709,0.5723,0.5703,0.0006,0.7653,0.7678,0.762,0.0015,-0.0001,-0.0001,-0.0009,0.0001,0.0017,0.0023,0.0015,0.0002,0.0011,0.0018,0.001,0.0002,0.1231,0.1917,0.0958,0.0196,180.6417,403,3,82.9618,0,0,0,0,280.6167,1010,52,203.0601,35,46.8333,49,41,23.66,23.68,23.63
2022-11-25 06:10:00,2.184,5.7484,0,1.051,120,81.0249,38.7764,120,76.8705,77.1203,76.5404,0.1501,120,27.1423,27.2619,27.0269,0.0752,120,1007.074,1007.1902,1006.9704,0.0923,120,206.4285,232.8535,185.5142,13.0542,120,270.9602,437.8103,190.1453,93.5579,120,200.6825,587.6507,14.7535,232.9216,120,120,0,231.0582,335.3984,175.7866,57.1078,120,71.26,72.44,70.16,0.68,120,3.4512,3.4532,3.4495,0.0015,0.5714,0.5726,0.5703,0.0008,0.7687,0.7712,0.7654,0.0015,-0.0012,-0.0001,-0.0036,0.0014,0.0026,0.003,0.0024,0.0002,0.0023,0.0036,0.0016,0.0008,0.2311,0.3354,0.1758,0.0571,214.7583,602,0,113.8593,0,0,0,0,265.3083,968,7,159.4157,35,46.9333,47,41,23.66,23.68,23.63
2022-11-25 06:20:00,2.2904,5.7116,0.3388,1.1376,120,79.8992,43.7709,120,76.7881,77.1508,76.2963,0.1954,120,27.5613,28.0065,27.268,0.209,120,1007.1549,1007.3733,1006.9887,0.0767,120,203.5148,233.3346,184.7929,13.6766,120,395.8278,441.4742,223.1188,59.6788,120,513.4077,636.3358,54.0928,158.3166,120,120,0,303.2446,339.671,191.351,39.4791,120,68.92,70.16,67.88,0.68,120,3.4526,3.4562,3.4498,0.0013,0.5756,0.5801,0.5727,0.0021,0.7679,0.7715,0.763,0.002,-0.0032,-0.0003,-0.0039,0.001,0.0026,0.003,0.0023,0.0002,0.0033,0.0037,0.0019,0.0005,0.3032,0.3397,0.1914,0.0395,226.1333,598,14,123.6532,0,0,0,0,256.2083,863,29,149.6336,35.3,46.9167,49,41,23.66,23.68,23.63
2022-11-25 06:30:00,2.4625,5.0768,0.4032,1.0427,120,83.959,47.6729,120,75.2752,76.7541,74.4346,0.5591,120,28.1114,28.1622,28.0248,0.029,120,1007.239,1007.3916,1006.9887,0.093,120,162.0764,186.2346,146.8252,9.9606,120,338.1156,442.2065,161.569,101.59,120,420.8875,651.5791,22.1286,232.4168,120,120,0,256.9837,330.5155,130.0088,71.1596,120,66.58,67.63,65.35,0.68,120,3.454,3.4565,3.4498,0.0016,0.5811,0.5816,0.5803,0.0003,0.7528,0.7675,0.7443,0.0056,-0.0026,-0.0001,-0.004,0.0014,0.0021,0.0024,0.0019,0.0001,0.0028,0.0037,0.0013,0.0008,0.257,0.3305,0.13,0.0712,244.8333,529,21,113.3366,0,0,0,0,270.15,823,43,155.066,36,46.8667,49,41,23.66,23.68,23.63
2022-11-25 06:40:00,2.8105,5.4908,0.5872,1.1084,120,88.9829,36.2779,120,74.4212,74.9535,73.7632,0.2484,120,27.9296,28.0584,27.8234,0.0705,120,1007.3159,1007.4099,1007.1902,0.0934,120,166.9046,191.7622,142.9803,14.88,120,395.0706,503.7575,152.0432,115.0778,120,505.2159,699.7712,32.4557,225.3326,120,120,0,305.1953,392.7732,118.717,87.9864,120,64.25,65.35,63.07,0.68,120,3.4553,3.4568,3.4532,0.0016,0.5793,0.5806,0.5782,0.0007,0.7442,0.7495,0.7376,0.0025,-0.0031,-0.0002,-0.0043,0.0014,0.0021,0.0024,0.0018,0.0002,0.0033,0.0042,0.0013,0.001,0.3052,0.3928,0.1187,0.088,282.6667,574,41,120.4781,0,0,0,0,274.475,895,105,129.6639,36,46.8333,49,41,23.66,23.68,23.63
2022-11-25 06:50:00,2.7908,6.65,0.7436,1.1718,120,88.3845,42.0978,120,73.9812,74.4652,73.5801,0.233,120,27.8958,27.9943,27.8143,0.0498,120,1007.3629,1007.5564,1007.1902,0.0899,120,172.5998,213.8701,150.9102,14.7152,120,443.4496,563.8415,164.1333,116.563,120,550.179,709.6068,32.4557,227.9272,120,120,0,348.969,455.031,133.0607,90.1698,120,61.91,63.07,60.79,0.68,120,3.456,3.4593,3.4532,0.0015,0.579,0.5799,0.5781,0.0005,0.7398,0.7447,0.7358,0.0023,-0.0034,-0.0002,-0.0044,0.0014,0.0022,0.0027,0.0019,0.0002,0.0037,0.0047,0.0014,0.001,0.349,0.455,0.1331,0.0902,280.5167,700,58,127.3718,0,0,0,0,279.75,1018,2,151.4123,36,46.8333,49,41,23.66,23.68,23.63
2022-11-25 07:00:00,2.4003,4.4236,0.44,1.0198,120,72.0982,42.7896,120,73.8889,74.4041,73.336,0.2873,120,28.0201,28.0828,27.9424,0.0365,120,1007.4285,1007.5747,1007.2085,0.0677,120,202.9261,235.0165,178.0646,17.4943,120,314.7443,637.4814,180.6194,172.3114,120,214.6935,734.1943,14.2604,287.0405,120,120,0,263.4612,521.8665,153.8133,138.8617,120,59.58,60.79,58.52,0.68,120,3.4571,3.4596,3.4535,0.0011,0.5802,0.5808,0.5794,0.0004,0.7389,0.744,0.7334,0.0029,-0.0013,-0.0001,-0.0046,0.0018,0.0026,0.003,0.0023,0.0002,0.0026,0.0053,0.0015,0.0014,0.2635,0.5219,0.1538,0.1389,238.075,458,25,110.8451,0,0,0,0,231.1833,987,4,155.6183,36,46.85,47,41,23.67,23.68,23.63
2022-11-25 07:10:00,2.4389,6.0888,0.3664,1.1799,120,78.2297,51.2032,120,74.3576,75.0755,73.6412,0.3183,120,28.0522,28.3392,27.9089,0.1143,120,1007.5146,1007.593,1007.3916,0.0774,120,284.1506,342.4323,221.3189,35.4468,120,524.8079,735.3013,232.6447,177.4317,120,424.1659,756.816,15.7364,320.9744,120,120,0,449.1028,627.7657,208.7466,141.6,120,57.25,58.52,56,0.68,120,3.4586,3.4599,3.4565,0.0013,0.5805,0.5834,0.5791,0.0011,0.7436,0.7508,0.7364,0.0032,-0.0026,-0.0001,-0.0047,0.002,0.0036,0.0043,0.0028,0.0004,0.0044,0.0061,0.0019,0.0015,0.4491,0.6278,0.2087,0.1416,242.2667,639,17,128.2501,0,0,0,0,291.8333,999,56,198.7854,36,46.5,49,41,23.67,23.68,23.63
2022-11-25 07:20:00,2.2508,5.2056,0.5596,1.1365,120,95.1955,53.7563,120,73.5504,74.4652,72.9087,0.3774,120,28.4165,28.4979,28.33,0.0537,120,1007.6489,1007.7761,1007.4099,0.0925,120,212.8687,249.1945,181.4291,16.0176,120,466.7018,693.1693,221.2869,187.9169,120,421.2646,772.0609,14.2604,308.1647,120,120,0,393.3988,584.7346,181.2799,156.6454,120,54.92,56,53.73,0.68,120,3.4608,3.4629,3.4568,0.0015,0.5842,0.585,0.5833,0.0005,0.7355,0.7447,0.7291,0.0038,-0.0026,-0.0001,-0.0048,0.0019,0.0027,0.0032,0.0023,0.0002,0.0039,0.0058,0.0018,0.0016,0.3934,0.5847,0.1813,0.1566,221.825,543,38,123.5292,0,0,0,0,310.5333,906,27,174.7749,36.3,46.7167,49,41,23.67,23.68,23.63
2022-11-25 07:30:00,2.8136,6.3832,0.5228,1.064,120,66.0434,38.2307,120,72.7531,73.5801,72.0847,0.3012,120,28.1688,28.4551,27.8326,0.2149,120,1007.783,1007.9592,1007.5747,0.0721,120,218.0331,335.2228,149.7087,48.1224,120,315.1381,834.2209,151.3097,182.383,120,156.7806,771.0764,13.2775,228.4843,120,120,0,268.1,719.0161,126.957,157.441,120,52.6,53.73,51.47,0.68,120,3.463,3.466,3.4596,0.0012,0.5817,0.5846,0.5783,0.0022,0.7275,0.7358,0.7208,0.003,-0.001,-0.0001,-0.0048,0.0014,0.0028,0.0043,0.0019,0.0006,0.0026,0.0069,0.0013,0.0015,0.2681,0.719,0.127,0.1574,283,671,34,115.6558,0,0,0,0,232.1083,998,11,178.5937,37,46.6,47,41,23.67,23.68,23.63
2022-11-25 07:40:00,2.1109,5.2792,0.4952,1.1059,120,82.0075,49.3441,120,73.9766,74.6483,73.0613,0.4737,120,28.2094,28.5589,27.8356,0.2326,120,1007.7874,1007.9775,1007.7395,0.0672,120,279.5587,347.9591,210.7457,48.5648,120,485.6278,856.2041,215.7911,231.3793,120,306.8121,804.0251,14.7535,291.4283,120,120,0,423.4545,740.0738,188.2992,200.6726,120,50.28,51.47,49.21,0.68,120,3.4631,3.4663,3.4623,0.0011,0.5821,0.5856,0.5784,0.0023,0.7398,0.7465,0.7306,0.0047,-0.0019,-0.0001,-0.005,0.0018,0.0036,0.0044,0.0027,0.0006,0.004,0.0071,0.0018,0.0019,0.4235,0.7401,0.1883,0.2007,206.6167,551,31,120.2027,0,0,0,0,280.6083,968,8,185.0525,37,46.8167,49,41,23.67,23.68,23.63
2022-11-25 07:50:00,2.7144,6.1256,0.2928,1.1424,120,63.3075,40.2292,120,72.8579,73.5801,72.0847,0.3314,120,28.4634,28.5498,28.3941,0.0514,120,1007.799,1007.9592,1007.7578,0.0734,120,200.2547,266.0157,143.9417,39.2292,120,691.0537,808.5762,213.2269,143.4504,120,694.0346,825.6623,54.5859,205.9472,120,120,0,592.0184,701.3153,174.5659,126.4529,120,47.97,49.21,46.71,0.67,120,3.4633,3.466,3.4626,0.0012,0.5846,0.5855,0.5839,0.0005,0.7286,0.7358,0.7208,0.0033,-0.0043,-0.0003,-0.0051,0.0013,0.0025,0.0034,0.0018,0.0005,0.0058,0.0067,0.0018,0.0012,0.592,0.7013,0.1746,0.1265,272.2167,643,9,124.1788,0,0,0,0,259.5,1020,26,225.2693,37,46.7667,47,41,23.68,23.68,23.63
2022-11-25 08:00:00,3.1108,6.5948,0.5228,1.4684,120,71.158,42.8432,120,72.07,72.9087,71.2302,0.446,120,28.4901,28.5498,28.385,0.0382,120,1007.8037,1007.9775,1007.7578,0.0698,120,219.9135,273.2244,181.4291,20.4127,120,638.4157,889.5426,202.6014,256.437,120,567.8658,829.5956,16.2278,341.1549,120,120,0,551.327,776.3909,166.6311,223.8746,120,45.67,46.71,44.47,0.67,120,3.4634,3.4663,3.4626,0.0012,0.5849,0.5855,0.5838,0.0004,0.7207,0.7291,0.7123,0.0045,-0.0035,-0.0001,-0.0051,0.0021,0.0028,0.0035,0.0023,0.0003,0.0053,0.0074,0.0017,0.0021,0.5513,0.7764,0.1666,0.2239,315.3083,694,34,159.6076,0,0,0,0,242.325,966,36,161.2485,37.1,46.8333,47,41,23.68,23.68,23.63
2022-11-25 08:10:00,3.2196,5.9508,0.8172,1.1816,120,71.631,37.7209,120,72.0242,72.7256,71.4133,0.3272,120,28.3439,28.4216,28.2507,0.0422,120,1007.8077,1007.9775,1007.593,0.0732,120,286.4675,379.6787,238.6213,34.2678,120,590.6565,973.8079,250.2293,287.7994,120,397.9593,837.4637,15.2449,356.9869,120,120,0,521.0095,864.2842,216.071,254.3596,120,43.38,44.47,42.24,0.67,120,3.4635,3.4663,3.4599,0.0012,0.5834,0.5842,0.5825,0.0004,0.7202,0.7273,0.7141,0.0033,-0.0025,-0.0001,-0.0052,0.0022,0.0036,0.0048,0.003,0.0004,0.0049,0.0081,0.0021,0.0024,0.521,0.8643,0.2161,0.2544,327.1333,624,66,128.4338,0,0,0,0,228.075,957,16,138.8575,38,46.6333,49,41,23.68,23.68,23.63
2022-11-25 08:20:00,2.8932,6.7144,0.946,1.446,120,72.237,42.5079,120,72.5888,73.6106,71.6269,0.5457,120,28.3214,28.5559,28.095,0.1669,120,1007.8167,1007.9775,1007.593,0.0754,120,176.4687,268.8992,121.5937,52.556,120,816.7395,923.982,273.6771,112.4383,120,804.6802,873.8543,36.882,161.8769,120,120,0,713.6041,811.182,229.8044,99.7855,120,41.1,42.24,40.03,0.66,120,3.4636,3.4663,3.4599,0.0013,0.5832,0.5856,0.5809,0.0017,0.7259,0.7361,0.7163,0.0055,-0.005,-0.0002,-0.0054,0.001,0.0022,0.0034,0.0015,0.0007,0.0068,0.0077,0.0023,0.0009,0.7136,0.8112,0.2298,0.0998,291.65,707,80,157.1784,0,0,0,0,257.5,977,1,187.4252,38,46.8167,49,41,23.68,23.68,23.63
2022-11-25 08:30:00,2.3507,5.5092,0.5228,1.0805,120,95.7612,50.891,120,72.206,72.8782,70.3452,0.6287,120,28.8879,29.1723,28.5559,0.1964,120,1007.7825,1007.9775,1007.593,0.0666,120,113.3951,122.3142,107.1756,4.6418,120,831.3668,841.5486,820.2989,5.1524,120,869.3218,876.3132,856.1505,4.49,120,120,0,727.2993,739.4635,715.9642,5.7793,120,38.83,40.03,37.83,0.65,120,3.463,3.4663,3.4599,0.0011,0.5889,0.5917,0.5856,0.002,0.7221,0.7288,0.7035,0.0063,-0.0054,-0.0053,-0.0054,0,0.0014,0.0016,0.0014,0.0001,0.0069,0.007,0.0068,0,0.7273,0.7395,0.716,0.0058,232.6833,576,34,117.4461,0,0,0,0,303.85,877,23,166.0124,38,46.9333,49,43,23.68,23.68,23.63
2022-11-25 08:40:00,2.8909,5.454,0.6792,1.0166,120,85.5842,42.2988,120,70.3459,71.2302,69.6127,0.3921,120,28.8272,29.0777,28.6169,0.1344,120,1007.8175,1007.9958,1007.6113,0.06,120,109.1177,128.8024,104.5323,3.9481,120,857.4828,883.6807,841.9148,8.824,120,879.6897,883.69,870.904,2.6942,120,120,0,754.2217,776.6961,739.1583,9.0001,120,36.58,37.58,35.4,0.65,120,3.4636,3.4666,3.4602,0.001,0.5883,0.5908,0.5862,0.0013,0.7035,0.7123,0.6961,0.0039,-0.0055,-0.0054,-0.0055,0,0.0014,0.0016,0.0013,0.0001,0.0071,0.0074,0.007,0.0001,0.7542,0.7767,0.7392,0.009,291.4,570,51,110.5016,0,0,0,0,268.9083,971,32,147.3658,38.3,46.8333,47,41,23.68,23.68,23.63
2022-11-25 08:50:00,2.6388,5.7668,0.624,1.0958,120,73.9872,40.1899,120,70.01,70.7724,68.7887,0.5183,120,28.7567,28.9251,28.5864,0.1056,120,1007.8019,1007.9958,1007.6113,0.0575,120,116.499,125.6787,112.4622,2.8972,120,887.5067,901.6339,866.096,7.5181,120,881.661,893.524,865.4947,3.8328,120,120,0,783.1762,795.3124,766.0146,7.5502,120,34.35,35.4,33.24,0.65,120,3.4634,3.4666,3.4602,0.001,0.5876,0.5893,0.5859,0.0011,0.7001,0.7077,0.6879,0.0052,-0.0055,-0.0054,-0.0055,0,0.0015,0.0016,0.0014,0,0.0074,0.0075,0.0072,0.0001,0.7832,0.7953,0.766,0.0076,264,604,45,119.1039,0,0,0,0,243.5833,985,4,158.8879,39,46.6667,49,41,23.68,23.68,23.63
2022-11-25 09:00:00,3.1821,6.1808,1.2496,1.0265,120,54.388,37.2,120,69.6923,70.6198,68.9413,0.3722,120,28.7483,28.8458,28.681,0.0517,120,1007.6714,1007.8127,1007.593,0.0804,120,131.1234,213.6299,112.7024,22.3167,120,912.8258,978.5702,567.8715,50.6151,120,870.4529,895.4915,416.5195,73.2765,120,120,0,806.3143,866.4205,465.7124,49.3548,120,32.15,33.24,31.11,0.64,120,3.4612,3.4635,3.4599,0.0013,0.5875,0.5885,0.5868,0.0005,0.6969,0.7062,0.6894,0.0037,-0.0054,-0.0026,-0.0056,0.0005,0.0017,0.0027,0.0014,0.0003,0.0076,0.0082,0.0047,0.0004,0.8063,0.8664,0.4657,0.0494,323.0583,649,113,111.5724,0,0,0,0,202.8667,1022,4,183.9392,39,46.9,49,41,23.68,23.68,23.63
2022-11-25 09:10:00,2.9803,5.776,1.3324,0.9027,120,88.5988,42.4589,120,69.2226,70.2536,68.1173,0.6256,120,29.0515,29.1907,28.8397,0.099,120,1007.6792,1007.831,1007.4465,0.0854,120,215.7122,411.3992,134.089,90.2846,120,886.258,1124.3854,330.4646,188.5931,120,728.6299,901.3922,21.1457,279.8903,120,120,0,789.4172,1030.9153,290.231,169.6986,120,29.99,31.11,29.01,0.63,120,3.4613,3.4639,3.4574,0.0014,0.5905,0.5919,0.5884,0.001,0.6922,0.7025,0.6812,0.0063,-0.0045,-0.0001,-0.0056,0.0017,0.0027,0.0052,0.0017,0.0011,0.0074,0.0094,0.0028,0.0016,0.7894,1.0309,0.2902,0.1697,301.1167,605,122,98.1178,0,0,0,0,291.0667,1011,27,173.8325,39,46.8667,49,41,23.68,23.68,23.63
2022-11-25 09:20:00,3.4775,6.5028,1.4244,1.2628,120,80.4129,37.3625,120,69.0842,70.2231,68.1783,0.4624,120,28.7242,28.9587,28.5894,0.1169,120,1007.6061,1007.831,1007.4465,0.077,120,203.3065,303.022,132.6472,42.2498,120,957.1564,1099.1056,361.9724,159.1998,120,801.0863,905.3271,92.9423,203.4677,120,120,0,847.2523,974.1508,260.3229,156.0909,120,27.85,29.01,26.73,0.61,120,3.4601,3.4639,3.4574,0.0013,0.5872,0.5896,0.5859,0.0012,0.6908,0.7022,0.6818,0.0046,-0.005,-0.0006,-0.0056,0.0013,0.0026,0.0038,0.0017,0.0005,0.008,0.0092,0.003,0.0013,0.8473,0.9742,0.2603,0.1561,355.1583,684,132,137.2577,0,0,0,0,248.9667,1017,30,142.6213,39.5,46.7333,49,41,23.68,23.68,23.63
2022-11-25 09:30:00,2.9042,5.9508,0.624,1.1429,120,82.3688,41.0808,120,69.8846,70.6503,68.8498,0.4222,120,28.7558,28.858,28.6169,0.0531,120,1007.5317,1007.6662,1007.3,0.0932,120,123.8583,163.6465,112.9425,11.0018,120,983.2694,1026.1981,609.6375,37.0762,120,900.1713,914.6697,504.544,38.4061,120,120,0,877.3487,916.4708,549.6384,31.5925,120,25.77,26.73,24.73,0.6,120,3.4589,3.4611,3.455,0.0016,0.5876,0.5886,0.5862,0.0005,0.6988,0.7065,0.6885,0.0042,-0.0056,-0.0031,-0.0057,0.0002,0.0016,0.0021,0.0014,0.0001,0.0082,0.0085,0.0051,0.0003,0.8773,0.9165,0.5496,0.0316,292.85,624,45,124.23,0,0,0,0,254.225,991,49,139.4562,40,46.95,47,45,23.68,23.68,23.68
2022-11-25 09:40:00,3.0235,6.098,0.9644,1.1494,120,94.666,38.7598,120,70.2653,71.2302,69.4906,0.4356,120,28.7515,28.9282,28.6688,0.0804,120,1007.5288,1007.6662,1007.4465,0.0856,120,123.5399,134.089,112.4622,6.0403,120,1008.4603,1025.4658,991.0276,7.5489,120,911.6827,919.096,902.3767,3.4474,120,120,0,902.0661,921.3538,883.5109,7.251,120,23.76,24.73,22.8,0.58,120,3.4588,3.4611,3.4574,0.0014,0.5875,0.5893,0.5867,0.0008,0.7027,0.7123,0.6949,0.0044,-0.0057,-0.0056,-0.0057,0,0.0016,0.0017,0.0014,0.0001,0.0084,0.0085,0.0083,0.0001,0.9021,0.9214,0.8835,0.0073,305.8167,640,82,124.9366,0,0,0,0,281.3833,862,68,122.6248,40,46.8167,49,41,23.68,23.68,23.63
2022-11-25 09:50:00,3.1488,5.4632,1.2588,1.0114,120,92.903,36.6878,120,69.9739,70.5893,69.3991,0.2336,120,28.8509,28.9038,28.7085,0.0466,120,1007.4734,1007.6662,1007.2817,0.0622,120,140.4652,262.1709,113.9039,36.6258,120,989.6808,1129.1477,260.4886,150.0178,120,861.007,920.5704,35.4061,177.9008,120,120,0,887.374,1008.6367,213.6296,134.0732,120,21.82,22.8,20.96,0.55,120,3.4579,3.4611,3.4547,0.001,0.5885,0.589,0.5871,0.0005,0.6997,0.7059,0.694,0.0023,-0.0053,-0.0002,-0.0057,0.0011,0.0018,0.0033,0.0014,0.0005,0.0082,0.0094,0.0022,0.0013,0.8874,1.0086,0.2136,0.1341,319.4333,571,114,109.9312,0,0,0,0,283.0417,1007,29,139.6701,40,46.9,49,41,23.68,23.68,23.68
2022-11-25 10:00:00,3.2111,6.1072,0.67,1.0664,120,76.4873,28.443,120,70.5097,71.4743,69.8874,0.4069,120,28.7623,28.8458,28.681,0.0531,120,1007.4783,1007.6662,1007.3,0.0406,120,132.6113,150.6701,120.152,8.4171,120,1046.3641,1067.2317,1026.9316,10.4701,120,915.4733,920.5704,900.9007,3.6694,120,120,0,939.1359,960.7227,921.659,9.6998,120,19.99,20.96,19.04,0.51,120,3.458,3.4611,3.455,0.0007,0.5876,0.5885,0.5868,0.0005,0.7051,0.7147,0.6989,0.0041,-0.0057,-0.0056,-0.0057,0,0.0017,0.0019,0.0015,0.0001,0.0087,0.0089,0.0086,0.0001,0.9391,0.9607,0.9217,0.0097,326.2083,641,50,115.9091,0,0,0,0,217.6083,454,23,82.0491,40.3,46.6167,47,41,23.68,23.73,23.68
2022-11-25 10:10:00,2.7302,6.1256,0.5228,1.1875,120,78.5773,52.5249,120,70.407,71.5354,68.7887,0.491,120,28.9056,29.0991,28.7146,0.1379,120,1007.4508,1007.6662,1007.3,0.0641,120,132.0506,199.9323,115.3457,20.4983,120,1035.3884,1069.7959,586.1897,78.4931,120,894.881,927.9471,406.1924,89.9749,120,120,0,930.9697,963.7745,487.6858,69.2392,120,18.3,19.04,17.47,0.47,120,3.4575,3.4611,3.455,0.0011,0.5891,0.591,0.5871,0.0014,0.7041,0.7154,0.6879,0.0049,-0.0056,-0.0025,-0.0058,0.0006,0.0017,0.0025,0.0015,0.0003,0.0086,0.0089,0.0049,0.0007,0.931,0.9638,0.4877,0.0692,273.9333,643,34,129.0802,0,0,0,0,277.7417,1022,39,192.6505,41,46.8833,49,41,23.68,23.68,23.68
2022-11-25 10:20:00,3.1538,5.3436,0.486,1.1339,120,78.9351,43.6233,120,69.6715,70.8335,68.5751,0.5076,120,28.801,29.0503,28.6505,0.0874,120,1007.4216,1007.6662,1007.3,0.0838,120,132.351,183.111,114.6244,16.2252,120,1048.3241,1077.4898,748.1249,53.4718,120,902.7696,932.3735,539.95,59.9268,120,120,0,947.9609,989.7153,669.8813,46.644,120,16.78,17.47,16.1,0.41,120,3.457,3.4611,3.455,0.0014,0.588,0.5905,0.5865,0.0009,0.6967,0.7083,0.6858,0.0051,-0.0056,-0.0034,-0.0058,0.0004,0.0017,0.0023,0.0015,0.0002,0.0087,0.009,0.0062,0.0004,0.948,0.9897,0.6699,0.0466,319.9833,558,30,123.253,0,0,0,0,265,1011,31,174.8802,41,46.8167,49,41,23.68,23.68,23.68
2022-11-25 10:30:00,3.4669,5.9876,0.8632,1.1001,120,65.883,32.7819,120,68.9093,69.9789,67.8732,0.6145,120,28.6549,28.797,28.4918,0.1015,120,1007.3832,1007.5014,1007.3,0.0875,120,112.4199,131.9268,107.1756,5.3991,120,1065.2138,1095.4418,1054.0432,8.8599,120,930.054,934.8324,923.5224,2.1452,120,120,0,959.9801,985.4427,949.1256,7.3729,120,15.5,16.1,14.98,0.34,120,3.4564,3.4584,3.455,0.0015,0.5866,0.588,0.5849,0.001,0.6891,0.6998,0.6787,0.0061,-0.0058,-0.0057,-0.0058,0,0.0014,0.0017,0.0014,0.0001,0.0089,0.0091,0.0088,0.0001,0.96,0.9854,0.9491,0.0074,354.0083,628,71,119.5762,0,0,0,0,212.15,1014,5,141.0455,41,46.6333,47,41,23.68,23.68,23.63
2022-11-25 10:40:00,2.8395,5.4632,0.5136,1.1942,120,85.3177,46.9224,120,69.0975,70.0705,68.1478,0.4543,120,28.9103,29.0869,28.5101,0.1514,120,1007.3467,1007.5014,1007.1169,0.0752,120,137.2732,185.5142,117.2677,18.4561,120,1085.6633,1136.1092,1024.3673,15.8477,120,921.3621,933.8479,817.7941,13.0966,120,120,0,979.6823,1029.9997,928.6782,15.0702,120,14.51,14.98,14.16,0.24,120,3.4558,3.4584,3.4519,0.0013,0.5891,0.5909,0.5851,0.0015,0.691,0.7007,0.6815,0.0045,-0.0057,-0.0051,-0.0058,0.0001,0.0017,0.0024,0.0015,0.0002,0.009,0.0095,0.0085,0.0001,0.9797,1.03,0.9287,0.0151,285.8167,571,33,129.806,0,0,0,0,284.9833,967,26,172.6637,41,46.8333,49,41,23.68,23.68,23.68
2022-11-25 10:50:00,2.8032,5.8404,0.5136,1.3482,120,93.9323,52.5988,120,68.4057,69.3381,67.6595,0.3854,120,28.9445,29.0808,28.8366,0.0696,120,1007.3186,1007.5014,1007.1169,0.0494,120,126.1472,134.3291,117.0276,4.5187,120,1085.0404,1097.6411,1068.6975,7.514,120,926.7222,932.865,909.2604,3.9102,120,120,0,978.693,987.8841,964.3849,5.8925,120,13.87,14.09,13.67,0.13,120,3.4553,3.4584,3.4519,0.0008,0.5894,0.5908,0.5884,0.0007,0.6841,0.6934,0.6766,0.0039,-0.0058,-0.0056,-0.0058,0,0.0016,0.0017,0.0015,0.0001,0.009,0.0091,0.0089,0.0001,0.9787,0.9879,0.9644,0.0059,281.875,612,33,146.5409,0,0,0,0,308.475,942,62,178.1271,41,46.6833,49,41,23.68,23.73,23.68
2022-11-25 11:00:00,2.6511,5.8404,0.6792,1.1843,120,97.122,49.0392,120,68.467,69.4296,67.7511,0.4363,120,29.0621,29.1449,28.9282,0.0411,120,1007.241,1007.5014,1007.1169,0.0971,120,118.902,127.8409,114.1441,3.1419,120,1078.397,1085.5498,1070.8956,3.3237,120,927.1853,932.865,919.5875,3.1888,120,120,0,973.6778,980.5597,967.1316,2.8406,120,13.63,13.67,13.62,0.02,120,3.454,3.4584,3.4519,0.0016,0.5906,0.5915,0.5893,0.0004,0.6847,0.6943,0.6775,0.0044,-0.0058,-0.0057,-0.0058,0,0.0015,0.0016,0.0014,0,0.009,0.009,0.0089,0,0.9737,0.9806,0.9671,0.0028,265.3417,612,51,128.7307,0,0,0,0,312.0333,980,7,171.8539,41,46.8167,49,41,23.68,23.68,23.68
2022-11-25 11:10:00,3.1459,5.9692,0.6148,1.2044,120,63.1583,31.1214,120,68.0965,69.0634,67.1712,0.435,120,28.9942,29.1632,28.7634,0.1386,120,1007.1412,1007.3366,1006.9521,0.0396,120,139.2837,183.111,117.5087,13.51,120,1072.9106,1101.3037,747.7587,40.5415,120,903.4949,931.8821,606.8289,46.343,120,120,0,969.2831,1015.656,697.0428,42.7288,120,13.83,14.05,13.66,0.12,120,3.4524,3.4556,3.4492,0.0007,0.5899,0.5916,0.5876,0.0014,0.681,0.6906,0.6717,0.0043,-0.0056,-0.0038,-0.0058,0.0003,0.0018,0.0023,0.0015,0.0002,0.0089,0.0092,0.0062,0.0003,0.9693,1.0157,0.697,0.0427,319.1167,626,44,130.9125,0,0,0,0,196.6583,993,5,122.4774,42,46.6,49,41,23.68,23.68,23.68
2022-11-25 11:20:00,2.4885,4.7732,0.8264,1.0188,120,84.1254,52.8158,120,69.0235,69.6738,68.1173,0.3175,120,28.9865,29.3188,28.742,0.2014,120,1007.105,1007.3183,1006.9338,0.0732,120,188.9044,277.5504,145.3835,28.6373,120,1042.5967,1183.7371,227.8812,219.8197,120,822.4859,928.9317,20.6542,230.4901,120,120,0,938.0779,1110.5686,194.4029,209.6064,120,14.42,14.81,14.05,0.23,120,3.4518,3.4553,3.4489,0.0012,0.5899,0.5932,0.5874,0.002,0.6902,0.6967,0.6812,0.0032,-0.0051,-0.0001,-0.0058,0.0014,0.0024,0.0035,0.0018,0.0004,0.0087,0.0099,0.0019,0.0018,0.9381,1.1106,0.1944,0.2096,247.6583,496,67,110.7361,0,0,0,0,293.775,994,1,195.9783,42,46.7667,49,41,23.68,23.68,23.68
2022-11-25 11:30:00,3.1307,6.512,1.0932,1.1323,120,93.1706,34.0531,120,68.1928,69.1549,67.2323,0.5826,120,29.212,29.4684,28.8,0.2117,120,1007.1187,1007.1535,1006.9521,0.0589,120,148.6776,221.5598,120.3921,24.5086,120,1060.3869,1130.2473,797.2185,62.2,120,890.6355,926.9642,572.4057,74.0723,120,120,0,961.0965,1035.1878,718.7109,58.0212,120,15.39,16.02,14.81,0.33,120,3.452,3.4526,3.4492,0.001,0.5921,0.5947,0.588,0.0021,0.6819,0.6915,0.6723,0.0058,-0.0055,-0.0036,-0.0058,0.0005,0.0019,0.0028,0.0015,0.0003,0.0088,0.0094,0.0066,0.0005,0.9611,1.0352,0.7187,0.058,317.4667,685,96,123.0711,0,0,0,0,285.1417,956,33,130.3313,42,46.6833,49,41,23.68,23.68,23.68
2022-11-25 11:40:00,3.0347,5.3988,0.9368,1.067,120,89.6817,41.6754,120,69.0171,69.9789,68.1173,0.469,120,28.7756,28.8519,28.7085,0.0407,120,1007.0188,1007.1535,1006.7507,0.1034,120,135.3288,156.437,128.8024,6.2329,120,1071.7138,1093.611,1061.7359,7.9792,120,919.2885,924.9968,900.9007,3.6674,120,120,0,968.3548,987.2738,957.3656,7.0524,120,16.65,17.38,16.02,0.41,120,3.4503,3.4526,3.4458,0.0017,0.5878,0.5885,0.5871,0.0004,0.6902,0.6998,0.6812,0.0047,-0.0057,-0.0056,-0.0057,0,0.0017,0.002,0.0016,0.0001,0.0089,0.0091,0.0088,0.0001,0.9684,0.9873,0.9574,0.0071,307.0333,564,79,115.9824,0,0,0,0,272.5167,795,93,129.4104,42,46.7667,47,41,23.68,23.68,23.68
2022-11-25 11:50:00,2.7636,5.8404,0.3204,1.2636,120,81.9426,49.1949,120,69.2577,70.1621,68.2089,0.5573,120,28.9036,29.0289,28.7695,0.0696,120,1006.8216,1006.9704,1006.5493,0.0963,120,171.3542,238.3811,128.8024,27.8156,120,977.6029,1141.9712,208.8307,238.7595,120,797.2547,929.4231,23.6046,255.522,120,120,0,879.663,1043.1227,169.9881,221.3181,120,18.14,18.93,17.38,0.47,120,3.447,3.4495,3.4425,0.0016,0.589,0.5903,0.5877,0.0007,0.6926,0.7016,0.6821,0.0056,-0.0049,-0.0001,-0.0058,0.0016,0.0022,0.003,0.0016,0.0004,0.0081,0.0095,0.0017,0.002,0.8797,1.0431,0.17,0.2213,277.5667,612,12,137.3482,0,0,0,0,283.7917,1017,2,190.7251,42,46.5333,47,41,23.68,23.68,23.63
2022-11-25 12:00:00,2.7209,5.3528,0.7804,1.0848,120,87.8987,43.1413,120,69.158,70.2841,68.1478,0.4945,120,29.1866,29.3951,28.9648,0.1464,120,1006.7373,1006.9521,1006.5493,0.0803,120,136.2699,160.0417,125.6787,9.6184,120,1049.5149,1065.3998,1033.1597,6.9919,120,914.0924,922.5379,902.3767,3.693,120,120,0,949.9725,967.4367,932.9508,7.2386,120,19.82,20.64,18.93,0.51,120,3.4456,3.4492,3.4425,0.0013,0.5919,0.5939,0.5897,0.0015,0.6916,0.7028,0.6815,0.0049,-0.0057,-0.0056,-0.0057,0,0.0017,0.002,0.0016,0.0001,0.0087,0.0089,0.0086,0.0001,0.95,0.9674,0.933,0.0072,272.925,559,62,117.9112,0,0,0,0,278.0167,935,12,154.0709,42,46.5167,49,41,23.68,23.68,23.68
2022-11-25 12:10:00,3.0932,5.7668,0.6608,1.2867,120,86.7096,47.3775,120,68.2173,69.0939,67.2628,0.4926,120,29.2747,29.4562,29.1083,0.1131,120,1006.7335,1006.9521,1006.5493,0.076,120,152.5545,173.0181,136.0118,11.3904,120,1047.2831,1067.5978,1025.0996,12.3211,120,906.8347,916.1457,894.5085,5.3724,120,120,0,947.5768,967.4367,926.5419,12.2867,120,21.64,22.67,20.64,0.55,120,3.4456,3.4492,3.4425,0.0013,0.5927,0.5946,0.5911,0.0011,0.6822,0.6909,0.6726,0.0049,-0.0056,-0.0056,-0.0057,0,0.0019,0.0022,0.0017,0.0001,0.0087,0.0089,0.0085,0.0001,0.9476,0.9674,0.9265,0.0123,313.3917,604,49,139.8585,0,0,0,0,289.4417,1008,9,176.5953,42,46.8,47,41,23.68,23.68,23.68
2022-11-25 12:20:00,3.3858,5.6472,1.1392,1.0585,120,96.6534,36.6494,120,68.3164,69.6738,66.9576,0.69,120,28.9436,29.2212,28.7878,0.1442,120,1006.6788,1006.7873,1006.5493,0.0984,120,179.8209,268.6591,131.6858,39.2161,120,1007.5992,1115.9592,444.7719,127.0855,120,848.9958,911.7193,203.0954,155.4068,120,120,0,911.5752,1014.7404,384.5332,118.5631,120,23.56,24.6,22.67,0.57,120,3.4446,3.4465,3.4425,0.0016,0.5894,0.5922,0.5879,0.0014,0.6832,0.6967,0.6696,0.0069,-0.0053,-0.0013,-0.0057,0.001,0.0023,0.0034,0.0017,0.0005,0.0084,0.0093,0.0037,0.0011,0.9116,1.0147,0.3845,0.1186,345.1917,591,101,115.0535,0,0,0,0,291.0667,881,41,124.7206,42,46.7,47,41,23.68,23.68,23.68
2022-11-25 12:30:00,2.5981,4.764,0.6516,0.9442,120,78.8682,44.8852,120,68.7483,69.8874,67.9342,0.4888,120,29.2685,29.4531,28.9801,0.1384,120,1006.5563,1006.7507,1006.3662,0.0545,120,149.1662,173.9795,132.1669,8.8157,120,1012.3835,1043.4178,969.7779,14.0607,120,901.4664,913.1953,877.2962,7.6217,120,120,0,913.0807,942.1064,891.1405,12.6497,120,25.57,26.59,24.6,0.6,120,3.4426,3.4458,3.4394,0.0009,0.5927,0.5945,0.5898,0.0014,0.6875,0.6989,0.6793,0.0049,-0.0056,-0.0054,-0.0057,0,0.0019,0.0022,0.0017,0.0001,0.0084,0.0087,0.0081,0.0001,0.9131,0.9421,0.8911,0.0126,259.575,495,48,102.6301,0,0,0,0,272.2667,1007,34,179.0882,42,46.75,47,41,23.68,23.68,23.68
2022-11-25 12:40:00,2.4556,5.6932,0.4492,1.1291,120,87.4094,50.2963,120,67.8653,68.6361,67.0797,0.3946,120,29.437,29.5447,29.3555,0.0536,120,1006.4328,1006.5859,1006.3662,0.0846,120,191.7019,269.1394,130.7252,46.1934,120,909.6262,1078.9556,249.1309,225.7419,120,762.6963,906.31,44.2588,267.5595,120,120,0,822.9011,988.1893,217.9022,208.7229,120,27.65,28.64,26.59,0.61,120,3.4405,3.4431,3.4394,0.0014,0.5944,0.5955,0.5936,0.0005,0.6787,0.6864,0.6708,0.0039,-0.0047,-0.0003,-0.0056,0.0017,0.0024,0.0034,0.0017,0.0006,0.0076,0.009,0.0021,0.0019,0.8229,0.9882,0.2179,0.2087,244.0833,596,26,122.7249,0,0,0,0,303.7417,905,9,184.2406,42,46.9167,49,41,23.68,23.68,23.68
2022-11-25 12:50:00,2.8409,5.7208,0.6332,1.0472,120,90.0787,45.0133,120,68.0301,69.0634,67.2933,0.4431,120,29.3057,29.4073,29.209,0.0555,120,1006.3605,1006.5676,1006.1647,0.0796,120,179.5365,226.1252,146.1047,21.5696,120,894.9318,1039.0216,214.3253,211.9102,120,776.2894,902.8682,22.6217,246.1765,120,120,0,807.2832,954.9242,182.1955,198.4224,120,29.77,30.73,28.64,0.62,120,3.4393,3.4428,3.4361,0.0013,0.5931,0.5941,0.5921,0.0006,0.6803,0.6906,0.6729,0.0044,-0.0048,-0.0001,-0.0056,0.0015,0.0023,0.0029,0.0019,0.0003,0.0075,0.0087,0.0018,0.0018,0.8073,0.9549,0.1822,0.1984,285.9667,599,46,113.8288,0,0,0,0,295.4583,1020,26,177.5888,42,46.7333,49,41,23.68,23.73,23.68
2022-11-25 13:00:00,3.0935,6.0336,0.7436,1.0098,120,90.4849,42.1178,120,67.8368,68.7277,67.0492,0.4147,120,29.2236,29.3249,29.1021,0.0493,120,1006.2197,1006.3845,1006.1647,0.0721,120,156.6577,190.8008,141.5386,13.425,120,952.4547,969.4118,821.0324,15.6331,120,883.5747,896.9675,774.0267,16.9252,120,120,0,857.2827,874.9657,764.1835,13.4349,120,31.94,33.1,30.97,0.63,120,3.437,3.4397,3.4361,0.0012,0.5922,0.5933,0.591,0.0005,0.6784,0.6873,0.6705,0.0041,-0.0055,-0.0048,-0.0056,0.0001,0.002,0.0024,0.0018,0.0002,0.0079,0.0081,0.0068,0.0001,0.8573,0.875,0.7642,0.0134,313.425,633,58,109.7653,0,0,0,0,276.9667,1007,25,144.3836,42,46.55,47,41,23.68,23.68,23.68
2022-11-25 13:10:00,3.2959,6.8524,0.2744,1.3723,120,94.4382,36.6774,120,68.5654,70.2536,66.6829,0.9777,120,28.8185,29.1876,28.6199,0.1733,120,1006.1374,1006.3845,1005.9999,0.0835,120,164.2432,190.5606,147.7866,13.7331,120,935.901,969.7779,792.8223,19.7411,120,877.9522,891.0651,725.8347,23.1526,120,120,0,839.4319,874.6605,774.5598,16.2297,120,34.14,35.25,33.1,0.65,120,3.4356,3.4397,3.4333,0.0014,0.5882,0.5919,0.5862,0.0017,0.6857,0.7025,0.6668,0.0098,-0.0054,-0.0045,-0.0055,0.0001,0.0021,0.0024,0.0019,0.0002,0.0078,0.0081,0.0066,0.0002,0.8394,0.8747,0.7746,0.0162,335.425,722,7,149.1657,0,0,0,0,279.2583,699,8,112.498,42,46.95,49,41,23.68,23.68,23.68
2022-11-25 13:20:00,2.9551,6.6408,0.5688,1.2918,120,67.6032,39.3486,120,68.5222,69.216,67.4154,0.3374,120,29.2925,29.3799,29.1907,0.0406,120,1006.003,1006.1831,1005.7985,0.078,120,192.3787,254.4811,149.7087,30.5338,120,787.0545,1002.018,208.0972,251.6945,120,696.3705,881.7225,22.1286,305.2456,120,120,0,702.236,899.6857,169.3777,230.2066,120,36.36,37.43,35.25,0.65,120,3.4334,3.4364,3.43,0.0013,0.5929,0.5938,0.5919,0.0004,0.6852,0.6922,0.6742,0.0034,-0.0043,-0.0001,-0.0055,0.0019,0.0024,0.0032,0.0019,0.0004,0.0066,0.0083,0.0017,0.0021,0.7022,0.8997,0.1694,0.2302,298.3833,699,39,140.4175,0,0,0,0,214.3167,860,6,139.4555,42,46.7167,47,41,23.68,23.68,23.68
2022-11-25 13:30:00,3.369,5.9508,0.9276,1.159,120,79.1126,34.9985,120,68.3945,69.7958,66.8355,0.9501,120,28.8227,29.331,28.6261,0.1937,120,1005.8843,1006.0182,1005.6337,0.0964,120,149.781,185.0339,125.4386,15.2549,120,859.0276,916.2881,569.7035,47.3246,120,852.7701,883.69,334.8872,68.7844,120,120,0,765.5492,821.2531,412.6103,48.9836,120,38.6,39.63,37.43,0.66,120,3.4314,3.4336,3.4272,0.0016,0.5882,0.5933,0.5863,0.0019,0.6839,0.698,0.6684,0.0095,-0.0053,-0.0021,-0.0055,0.0004,0.0019,0.0024,0.0016,0.0002,0.0072,0.0076,0.0047,0.0004,0.7655,0.8213,0.4126,0.049,343.3667,624,78,125.9809,0,0,0,0,250.6917,976,26,146.533,42,46.8333,47,41,23.68,23.68,23.68
2022-11-25 13:40:00,2.7128,4.5892,0.7988,0.9038,120,77.83,37.989,120,68.8976,69.7653,68.0868,0.4762,120,29.0274,29.1937,28.9221,0.0556,120,1005.8316,1006.0182,1005.6337,0.057,120,163.4383,235.4968,123.9968,36.6009,120,707.4701,902.7323,163.0336,254.0336,120,678.2123,876.8047,15.7364,328.4979,120,120,0,628.928,807.5198,132.7555,231.617,120,40.87,42.09,39.63,0.66,120,3.4305,3.4336,3.4272,0.001,0.5903,0.5919,0.5892,0.0006,0.689,0.6977,0.6809,0.0048,-0.0042,-0.0001,-0.0054,0.002,0.0021,0.003,0.0016,0.0005,0.0059,0.0075,0.0014,0.0021,0.6289,0.8075,0.1328,0.2316,272.0417,476,64,98.2366,0,0,0,0,256.7083,1017,4,166.6196,42,46.9333,49,41,23.68,23.68,23.68
2022-11-25 13:50:00,2.6262,5.684,0.6792,1.2155,120,81.9048,42.1095,120,69.2554,70.4062,68.0868,0.6686,120,29.0647,29.328,28.8488,0.129,120,1005.8194,1005.9999,1005.7253,0.021,120,162.523,182.1496,144.9032,11.2109,120,805.2142,841.5486,470.7839,58.3921,120,830.0099,864.5102,352.591,80.597,120,120,0,713.5914,748.619,381.1762,52.9905,120,43.15,44.32,42.09,0.67,120,3.4303,3.4333,3.4288,0.0004,0.5907,0.5933,0.5885,0.0013,0.6926,0.7041,0.6809,0.0067,-0.0052,-0.0022,-0.0054,0.0005,0.0021,0.0023,0.0018,0.0001,0.0067,0.007,0.0039,0.0005,0.7136,0.7486,0.3812,0.053,262.625,595,51,132.1148,0,0,0,0,250.0833,820,6,131.8152,42,46.8333,47,41,23.68,23.68,23.68
2022-11-25 14:00:00,2.4457,5.0216,0.5504,1.176,120,99.4329,38.5017,120,68.5733,69.7653,67.1712,0.7637,120,29.4592,29.679,29.2883,0.1188,120,1005.7814,1005.9999,1005.6154,0.0822,120,174.7665,223.722,137.2134,24.9292,120,762.2391,849.9748,378.0924,88.6465,120,785.9811,854.1847,222.2752,126.1529,120,120,0,674.281,755.9435,299.9969,80.2135,120,45.44,46.56,44.32,0.67,120,3.4297,3.4333,3.4269,0.0014,0.5946,0.5968,0.5929,0.0012,0.6857,0.6977,0.6717,0.0076,-0.0049,-0.0014,-0.0053,0.0008,0.0022,0.0028,0.0017,0.0003,0.0063,0.0071,0.0032,0.0007,0.6743,0.7559,0.3,0.0802,243.0083,523,37,127.8227,0,0,0,0,304.3083,947,77,134.474,42,46.9,49,43,23.68,23.68,23.68
2022-11-25 14:10:00,2.3308,4.8744,0.578,0.9659,120,85.5162,45.0191,120,68.6346,69.8569,67.8732,0.557,120,29.2512,29.3799,29.1052,0.0824,120,1005.8338,1006.0182,1005.6337,0.0639,120,169.6721,187.4362,129.7638,14.9795,120,667.6305,789.5246,213.2269,144.2184,120,698.1325,843.8576,45.7332,208.9091,120,120,0,583.0816,697.0428,178.2281,132.7319,120,47.74,48.81,46.56,0.67,120,3.4306,3.4336,3.4272,0.0011,0.5925,0.5938,0.591,0.0008,0.6863,0.6986,0.6787,0.0056,-0.0043,-0.0003,-0.0052,0.0013,0.0022,0.0024,0.0016,0.0002,0.0056,0.0066,0.0018,0.0012,0.5831,0.697,0.1782,0.1327,230.525,507,40,104.9839,0,0,0,0,289.1667,976,14,174.1435,42,46.7,49,41,23.68,23.68,23.68
2022-11-25 14:20:00,2.3427,5.1412,0.6516,1.0087,120,83.51,50.5611,120,68.1611,70.0095,66.4083,1.1607,120,29.8005,30.0848,29.3677,0.203,120,1005.7018,1005.8351,1005.6154,0.0929,120,179.5365,208.5835,130.0039,19.1176,120,565.0718,762.7791,197.473,200.5507,120,562.4934,819.7615,29.0139,303.6241,120,120,0,494.0998,674.7642,163.274,179.2255,120,50.05,51.31,48.81,0.67,120,3.4284,3.4306,3.4269,0.0015,0.598,0.6008,0.5937,0.002,0.6816,0.7001,0.6641,0.0116,-0.0035,-0.0002,-0.0051,0.0019,0.0023,0.0026,0.0017,0.0002,0.0047,0.0064,0.0016,0.0017,0.4941,0.6748,0.1633,0.1792,231.8167,536,48,109.6376,0,0,0,0,273.2167,948,0,170.2988,42,46.7667,49,41,23.68,23.68,23.68
2022-11-25 14:30:00,2.1086,4.5616,0.578,0.976,120,100.7533,53.7799,120,67.9734,69.1855,67.0186,0.5384,120,29.5613,29.6973,29.3951,0.0971,120,1005.6787,1005.8351,1005.6154,0.0829,120,191.5117,210.9866,171.8165,11.2553,120,585.2251,723.9448,235.9412,167.028,120,599.5966,812.8762,56.5517,264.5673,120,120,0,510.4984,637.2265,200.5066,149.5046,120,52.37,53.57,51.31,0.67,120,3.428,3.4306,3.4269,0.0014,0.5956,0.597,0.5939,0.001,0.6797,0.6919,0.6702,0.0054,-0.0037,-0.0004,-0.005,0.0016,0.0024,0.0027,0.0022,0.0001,0.0049,0.006,0.002,0.0014,0.5105,0.6372,0.2005,0.1495,206.3667,473,40,106.0876,0,0,0,0,328.2667,1005,7,187.9194,42,46.5,47,41,23.68,23.68,23.68
2022-11-25 14:40:00,2.6655,4.6168,0.808,0.9127,120,101.9403,37.5285,120,67.8526,68.7277,66.8355,0.4671,120,29.3828,29.6393,29.2425,0.1131,120,1005.6679,1005.8351,1005.6154,0.0758,120,158.1256,205.6992,134.8102,19.5139,120,608.8101,668.2569,310.3145,66.8887,120,735.3792,795.6639,181.9497,130.2882,120,120,0,523.5883,587.7865,269.1732,57.9892,120,54.68,55.84,53.57,0.68,120,3.4278,3.4306,3.4269,0.0013,0.5938,0.5964,0.5924,0.0011,0.6785,0.6873,0.6684,0.0047,-0.0046,-0.0011,-0.0049,0.0008,0.002,0.0026,0.0017,0.0002,0.0051,0.0056,0.0026,0.0006,0.5236,0.5878,0.2692,0.058,266.9,479,65,99.2083,0,0,0,0,301.9917,783,46,117.2516,42,46.6833,47,41,23.68,23.68,23.68
2022-11-25 14:50:00,2.2687,4.396,0.302,0.898,120,84.204,39.7443,120,68.4378,69.3991,67.5069,0.4664,120,29.3551,29.6118,29.1815,0.1592,120,1005.6308,1005.8351,1005.6154,0.0331,120,147.1717,174.7008,118.4693,18.9897,120,573.0067,622.8271,393.4802,35.6241,120,737.6372,762.2253,387.0142,39.4825,120,120,0,486.1599,533.7687,324.1066,32.4483,120,57.01,58.11,55.84,0.68,120,3.4272,3.4306,3.4269,0.0006,0.5936,0.5961,0.5918,0.0016,0.6844,0.694,0.6751,0.0047,-0.0046,-0.0024,-0.0047,0.0002,0.0019,0.0022,0.0015,0.0002,0.0048,0.0052,0.0033,0.0003,0.4862,0.5338,0.3241,0.0324,223.775,455,10,97.6075,0,0,0,0,277.0667,1012,60,165.5785,42,46.7667,47,41,23.68,23.68,23.68
2022-11-25 15:00:00,2.8394,5.7116,0.9276,0.9999,120,63.2083,27.0907,120,67.3025,68.1783,66.6829,0.3287,120,29.3051,29.5843,29.0014,0.1906,120,1005.6183,1005.652,1005.4323,0.0406,120,118.7078,127.6008,107.8961,6.5955,120,514.2352,539.2941,453.1981,19.9431,120,733.2769,754.3571,629.4505,16.1802,120,120,0,429.3369,451.3688,367.4428,17.9303,120,59.34,60.38,58.11,0.68,120,3.427,3.4275,3.4239,0.0007,0.593,0.5958,0.59,0.0019,0.673,0.6818,0.6668,0.0033,-0.0046,-0.0039,-0.0047,0.0001,0.0015,0.0016,0.0014,0.0001,0.0043,0.0045,0.0038,0.0002,0.4293,0.4514,0.3674,0.0179,285.8083,598,78,108.6868,0,0,0,0,200.5833,1001,17,129.1281,42,46.7167,49,41,23.68,23.73,23.68
2022-11-25 15:10:00,2.5498,4.6628,0.4216,0.8607,120,98.6648,39.6045,120,68.259,69.0024,67.568,0.3326,120,29.0671,29.209,28.974,0.0767,120,1005.5432,1005.652,1005.4323,0.0896,120,111.8431,124.237,103.5709,6.6858,120,467.1078,483.2401,442.94,12.9225,120,707.3244,726.3261,690.9201,8.2923,120,120,0,384.7519,400.708,360.4236,13.8007,120,61.67,62.91,60.63,0.68,120,3.4257,3.4275,3.4239,0.0015,0.5907,0.5921,0.5897,0.0008,0.6826,0.69,0.6757,0.0033,-0.0044,-0.0043,-0.0045,0.0001,0.0014,0.0016,0.0013,0.0001,0.0039,0.004,0.0037,0.0001,0.3848,0.4007,0.3604,0.0138,254.325,484,23,93.5563,0,0,0,0,299.0167,1007,17,135.7483,42,46.8333,49,41,23.68,23.73,23.68
2022-11-25 15:20:00,2.2927,5.132,0.4032,1.176,120,89.1107,38.2882,120,68.0726,69.0024,67.1102,0.4937,120,29.1872,29.2883,29.0716,0.0674,120,1005.4874,1005.6337,1005.2675,0.0762,120,102.8337,112.4622,99.0047,3.0393,120,419.1716,443.6723,410.6987,8.5506,120,680.1302,701.7386,667.807,7.2313,120,120,0,336.3038,359.2029,327.4636,8.8095,120,64.01,65.18,62.91,0.68,120,3.4248,3.4272,3.4211,0.0013,0.5919,0.5929,0.5907,0.0007,0.6807,0.69,0.6711,0.0049,-0.0042,-0.0041,-0.0044,0,0.0013,0.0014,0.0013,0,0.0035,0.0037,0.0034,0.0001,0.3363,0.3592,0.3275,0.0088,226.375,535,21,127.8284,0,0,0,0,285.3417,963,5,154.8286,42,46.8,47,41,23.68,23.68,23.68
2022-11-25 15:30:00,2.4778,5.1596,0.4768,1.0712,120,116.0783,41.0727,120,68.1979,68.9413,67.2323,0.4799,120,29.1713,29.3097,29.0045,0.1037,120,1005.6145,1005.8168,1005.4323,0.053,120,107.1392,115.826,103.0898,3.0586,120,386.5036,411.7983,371.8643,11.1664,120,656.9807,672.2333,638.7931,7.2,120,120,0,303.4277,327.7688,288.3999,11.0089,120,66.34,67.46,65.18,0.68,120,3.4269,3.4303,3.4239,0.0009,0.5917,0.5931,0.59,0.001,0.682,0.6894,0.6723,0.0048,-0.0041,-0.004,-0.0042,0,0.0014,0.0015,0.0013,0,0.0032,0.0034,0.0031,0.0001,0.3034,0.3278,0.2884,0.011,246.5,538,29,116.4361,0,0,0,0,331.75,622,86,116.4636,42,46.9667,49,43,23.68,23.68,23.68
2022-11-25 15:40:00,2.4576,4.626,0.6976,0.9508,120,82.2816,41.1465,120,68.5021,69.1244,67.8732,0.2839,120,29.1002,29.1968,28.9679,0.0551,120,1005.6291,1005.8168,1005.6154,0.0307,120,125.1319,143.9417,105.4929,14.2524,120,362.7691,373.6963,301.521,11.4761,120,618.4105,658.4644,439.631,37.5075,120,120,0,280.2438,289.3155,236.5185,8.404,120,68.68,69.74,67.46,0.68,120,3.4272,3.4303,3.4269,0.0005,0.591,0.592,0.5897,0.0006,0.685,0.6912,0.6787,0.0028,-0.0038,-0.0027,-0.0041,0.0002,0.0016,0.0018,0.0013,0.0002,0.003,0.0031,0.0025,0.0001,0.2802,0.2893,0.2365,0.0084,244.3,480,53,103.3489,0,0,0,0,258.425,986,20,147.3306,42,46.4167,47,39,23.68,23.73,23.68
2022-11-25 15:50:00,2.8765,4.9848,0.7344,1.0265,120,90.3499,35.7007,120,69.4825,70.5283,68.6666,0.4402,120,28.8599,28.974,28.6108,0.0819,120,1005.6359,1005.8168,1005.4506,0.0816,120,140.6254,163.4063,119.911,15.0193,120,305.1058,371.8643,135.5558,63.9875,120,479.3003,599.4538,52.127,161.5239,120,120,0,232.2687,283.8221,112.3081,46.6046,120,71.02,72.27,69.74,0.68,120,3.4273,3.4303,3.4242,0.0014,0.5886,0.5897,0.5861,0.0008,0.6948,0.7053,0.6867,0.0044,-0.003,-0.0003,-0.0037,0.001,0.0018,0.0021,0.0015,0.0002,0.0025,0.0031,0.0011,0.0005,0.2323,0.2838,0.1123,0.0466,289.8333,519,57,111.5711,0,0,0,0,273.4333,929,24,127.5904,42,46.85,49,41,23.68,23.68,23.68
2022-11-25 16:00:00,2.328,4.6168,0.3572,0.9075,120,92.0477,40.2985,120,70.4382,70.9861,69.4296,0.3482,120,28.5222,28.5894,28.4704,0.0268,120,1005.7205,1005.9999,1005.6154,0.0943,120,115.6199,121.8339,106.6945,3.798,120,254.6812,296.3926,129.6951,41.7488,120,464.2155,562.5717,55.0773,138.4321,120,120,0,185.4381,217.597,104.3733,27.1886,120,73.35,74.55,72.27,0.68,120,3.4287,3.4333,3.4269,0.0016,0.5852,0.5859,0.5847,0.0003,0.7044,0.7099,0.6943,0.0035,-0.0029,-0.0003,-0.0035,0.0009,0.0015,0.0015,0.0014,0,0.0021,0.0025,0.0011,0.0003,0.1854,0.2176,0.1044,0.0272,230.2167,479,16,98.6421,0,0,0,0,297.4167,998,31,162.6604,42,46.9167,49,41,23.68,23.68,23.68
2022-11-25 16:10:00,2.2201,4.5708,0.302,0.9977,120,101.3016,46.9768,120,70.6074,71.6575,69.7348,0.6019,120,28.7945,29.0289,28.5528,0.1487,120,1005.8129,1005.9999,1005.7802,0.0306,120,117.8967,130.485,107.8961,7.2065,120,248.8803,254.2593,237.0408,3.7459,120,498.8354,519.7889,469.1379,11.2116,120,120,0,176.5648,181.5851,165.7155,3.0011,120,75.69,76.82,74.55,0.68,120,3.4302,3.4333,3.4297,0.0005,0.5879,0.5903,0.5855,0.0015,0.7061,0.7166,0.6973,0.006,-0.0031,-0.0029,-0.0032,0.0001,0.0015,0.0017,0.0014,0.0001,0.0021,0.0021,0.002,0,0.1766,0.1816,0.1657,0.003,218.4917,474,10,108.4473,0,0,0,0,314.3083,963,10,161.9818,42,46.5333,49,41,23.68,23.68,23.68
2022-11-25 16:20:00,2.4733,4.626,0.7712,0.8943,120,91.6205,34.0449,120,70.8215,71.4438,70.1621,0.3155,120,28.4557,28.6871,28.153,0.1533,120,1005.9714,1006.0182,1005.7985,0.0708,120,104.4678,123.0354,81.463,13.3375,120,131.2058,235.2089,84.6315,39.0719,120,127.8654,475.5301,25.079,128.5584,120,120,0,102.0259,164.1896,68.9718,24.6408,120,78.02,79.1,76.82,0.68,120,3.4329,3.4336,3.43,0.0012,0.5846,0.5869,0.5815,0.0015,0.7082,0.7144,0.7016,0.0032,-0.0008,-0.0002,-0.003,0.0008,0.0013,0.0016,0.001,0.0002,0.0011,0.002,0.0007,0.0003,0.102,0.1642,0.069,0.0246,246.0083,480,61,97.2068,0,0,0,0,278.35,1015,90,125.4687,42,46.6167,49,41,23.68,23.68,23.68
2022-11-25 16:30:00,2.0292,4.4788,0.5044,0.8085,120,94.1967,30.4462,120,72.0232,72.4815,71.5049,0.2424,120,28.1102,28.1591,28.0493,0.0302,120,1005.9653,1006.1831,1005.7985,0.0757,120,74.2156,82.4236,68.2465,4.6934,120,112.0507,133.3577,84.6315,14.4514,120,221.9428,363.4096,28.5224,98.3483,120,120,0,75.9758,90.0296,68.0563,4.8519,120,80.35,81.62,79.1,0.68,120,3.4328,3.4364,3.43,0.0013,0.5811,0.5816,0.5805,0.0003,0.7202,0.7248,0.715,0.0024,-0.0014,-0.0002,-0.0023,0.0006,0.0009,0.001,0.0009,0.0001,0.0009,0.0011,0.0007,0.0001,0.076,0.09,0.0681,0.0049,197.7417,464,32,87.8837,0,0,0,0,275.4917,973,39,105.5091,42,46.85,47,41,23.68,23.73,23.63
2022-11-25 16:40:00,1.8896,4.074,0.4308,0.918,120,97.0775,56.2256,120,72.4235,72.9698,71.9016,0.3076,120,27.9896,28.0828,27.9058,0.0605,120,1005.9288,1006.1831,1005.7985,0.0938,120,55.2477,67.7654,50.7039,3.865,120,65.6167,101.4838,52.7575,10.9923,120,89.7417,227.6845,24.096,68.3327,120,120,0,48.9746,67.1407,43.0311,4.773,120,82.68,83.89,81.62,0.68,120,3.4321,3.4364,3.43,0.0016,0.5799,0.5808,0.5791,0.0006,0.7242,0.7297,0.719,0.0031,-0.0006,-0.0001,-0.0014,0.0004,0.0007,0.0009,0.0006,0,0.0005,0.0008,0.0004,0.0001,0.049,0.0671,0.043,0.0048,182.5667,420,24,99.7858,0,0,0,0,340.5917,1007,24,212.4774,42,46.85,47,41,23.68,23.68,23.68
2022-11-25 16:50:00,1.7459,4.0556,0.2652,0.8506,120,98.5199,50.6052,120,72.5514,73.0003,72.2678,0.1722,120,27.9822,28.0187,27.9455,0.0154,120,1005.9841,1006.2014,1005.7985,0.0549,120,38.6848,53.8276,25.2315,6.7091,120,51.2702,74.7395,27.1116,11.8704,120,130.8815,188.835,37.3735,44.8285,120,120,0,34.402,48.5244,22.5837,5.9377,120,85.01,86.16,83.89,0.68,120,3.4331,3.4367,3.43,0.0009,0.5798,0.5802,0.5795,0.0001,0.7255,0.73,0.7227,0.0017,-0.0008,-0.0002,-0.0012,0.0003,0.0005,0.0007,0.0003,0.0001,0.0004,0.0006,0.0002,0.0001,0.0344,0.0485,0.0226,0.0059,166.9417,418,6,92.4599,0,0,0,0,320.3583,989,52,174.2117,42,46.9167,49,41,23.68,23.68,23.68
2022-11-25 17:00:00,1.8403,3.5864,0.2376,0.7239,120,96.4389,41.903,120,72.5992,72.9392,72.4204,0.1321,120,27.8057,27.9699,27.5976,0.1216,120,1006.0669,1006.2014,1005.9816,0.0925,120,17.6503,24.7512,12.015,3.7341,120,18.7062,26.7455,12.4562,4.2084,120,25.801,42.2913,15.2449,8.4709,120,120,0,16.3808,22.8889,11.2919,3.327,120,87.33,88.42,86.16,0.68,120,3.4344,3.4367,3.433,0.0015,0.5781,0.5797,0.576,0.0012,0.726,0.7294,0.7242,0.0013,-0.0002,-0.0001,-0.0003,0.0001,0.0002,0.0003,0.0002,0,0.0002,0.0002,0.0001,0,0.0164,0.0229,0.0113,0.0033,177.2083,367,3,78.6852,0,0,0,0,300.0083,992,10,150.5834,42,46.8333,49,41,23.68,23.68,23.63
2022-11-25 17:10:00,2.4274,4.1752,0.6608,0.857,120,100.5479,32.5612,120,73.1796,73.5191,72.8782,0.1811,120,27.4641,27.6006,27.2924,0.0889,120,1006.1374,1006.2014,1005.9816,0.0798,120,7.0029,12.015,2.4032,2.8544,120,6.8237,12.09,2.1981,2.8911,120,14.0477,15.7364,13.2775,0.4543,120,120,0,6.8489,11.597,2.7467,2.4745,120,89.27,89.93,88.42,0.46,81,3.4356,3.4367,3.433,0.0013,0.5746,0.576,0.5729,0.0009,0.7318,0.7352,0.7288,0.0018,-0.0001,-0.0001,-0.0001,0,0.0001,0.0002,0,0,0.0001,0.0001,0,0,0.0068,0.0116,0.0027,0.0025,241.025,431,49,93.1538,0,0,0,0,291.0417,779,27,101.2776,42,46.7667,49,41,23.68,23.68,23.68
2022-11-25 17:20:00,1.6251,3.6416,0.4676,0.726,120,95.1797,47.7745,120,74.0458,74.3736,73.5191,0.2123,120,27.3018,27.3412,27.268,0.0186,120,1006.2185,1006.3845,1006.1464,0.078,120,0.5587,2.4032,0,0.7432,120,0.4518,2.1981,0,0.6594,120,13.7403,14.2604,13.2775,0.1721,120,120,0,1.1826,3.0518,0,0.907,120,None,None,None,None,0,3.437,3.4397,3.4358,0.0013,0.573,0.5734,0.5727,0.0002,0.7405,0.7437,0.7352,0.0021,-0.0001,-0.0001,-0.0001,0,0,0,0,0,0,0,0,0,0.0012,0.0031,0,0.0009,153.8167,373,28,78.918,0,0,0,0,318.65,1020,21,189.7742,42,46.9667,47,45,23.68,23.68,23.63
2022-11-25 17:30:00,2.1517,4.2672,0.5228,0.8326,120,102.5507,34.794,120,74.3377,74.6788,74.0684,0.1403,120,27.2357,27.3412,27.1245,0.0733,120,1006.2603,1006.3845,1006.1464,0.0936,120,0,0,0,0,120,0,0,0,0,120,13.7689,14.2604,13.2775,0.1274,120,120,0,0,0,0,0,120,None,None,None,None,0,3.4377,3.4397,3.4358,0.0016,0.5724,0.5734,0.5713,0.0007,0.7434,0.7468,0.7407,0.0014,-0.0001,-0.0001,-0.0001,0,0,0,0,0,0,0,0,0,0,0,0,0,211.0583,441,34,90.4959,0,0,0,0,316.475,1002,108,140.2781,41.4,46.9667,47,45,23.68,23.68,23.68
2022-11-25 17:40:00,1.5658,3.2368,0.3756,0.6719,120,87.0094,49.4357,120,74.8288,75.0145,74.6788,0.0788,120,27.1786,27.2161,27.1276,0.0229,120,1006.339,1006.5493,1006.1647,0.0652,120,0,0,0,0,120,0,0,0,0,120,13.8386,14.2604,13.2775,0.2141,120,120,0,0,0,0,0,120,None,None,None,None,0,3.439,3.4425,3.4361,0.0011,0.5718,0.5722,0.5713,0.0002,0.7483,0.7501,0.7468,0.0008,-0.0001,-0.0001,-0.0001,0,0,0,0,0,0,0,0,0,0,0,0,0,147.3667,329,18,73.0349,0,0,0,0,300.15,1011,30,188.5209,41,46.95,47,41,23.68,23.68,23.63
2022-11-25 17:50:00,1.9631,4.028,0.4124,0.7987,120,105.7069,43.9433,120,74.8777,75.0145,74.6483,0.0797,120,27.1353,27.21,27.0452,0.0584,120,1006.442,1006.5676,1006.3478,0.096,120,0,0,0,0,120,0,0,0,0,120,13.8017,14.2604,13.2775,0.1526,120,120,0,0,0,0,0,120,None,None,None,None,0,3.4407,3.4428,3.4391,0.0016,0.5714,0.5721,0.5705,0.0006,0.7488,0.7501,0.7465,0.0008,-0.0001,-0.0001,-0.0001,0,0,0,0,0,0,0,0,0,0,0,0,0,190.55,415,22,86.8114,0,0,0,0,327.1583,1011,42,159.7077,41,46.8,47,41,23.68,23.68,23.68
2022-11-25 18:00:00,1.4441,3.1356,0.2652,0.7149,120,102.2634,47.4269,120,75,75.1366,74.8619,0.0752,120,27.0472,27.0727,27.0116,0.0158,120,1006.48,1006.5493,1006.3295,0.0896,120,0,0,0,0,120,0,0,0,0,120,13.8058,14.2604,13.2775,0.1705,120,120,0,0,0,0,0,120,None,None,None,None,0,3.4413,3.4425,3.4388,0.0015,0.5705,0.5707,0.5701,0.0002,0.75,0.7514,0.7486,0.0008,-0.0001,-0.0001,-0.0001,0,0,0,0,0,0,0,0,0,0,0,0,0,134.1417,318,6,77.7111,0,0,0,0,308.3333,814,15,143.3388,41,46.9667,49,41,23.68,23.68,23.68
2022-11-25 18:10:00,1.5157,4.3316,0.302,0.8965,120,100.555,46.9312,120,75.1699,75.4418,75.0145,0.096,120,27.0175,27.0421,26.9842,0.0146,120,1006.6124,1006.7507,1006.531,0.0938,120,0,0,0,0,120,0,0,0,0,120,13.8467,14.2604,13.2775,0.2014,120,120,0,0,0,0,0,120,None,None,None,None,0,3.4435,3.4458,3.4422,0.0016,0.5702,0.5704,0.5698,0.0001,0.7517,0.7544,0.7501,0.001,-0.0001,-0.0001,-0.0001,0,0,0,0,0,0,0,0,0,0,0,0,0,141.925,448,10,97.4432,0,0,0,0,315.6167,955,58,159.3073,41,46.85,49,41,23.68,23.68,23.68
2022-11-25 18:20:00,1.9131,3.7152,0.6976,0.6693,120,85.9429,30.7234,120,75.6099,75.9301,75.4112,0.1596,120,26.9991,27.0116,26.9842,0.0065,120,1006.7904,1006.9155,1006.7141,0.0837,120,0,0,0,0,120,0,0,0,0,120,13.8836,14.2604,13.2775,0.2182,120,120,0,0,0,0,0,120,None,None,None,None,0,3.4465,3.4486,3.4452,0.0014,0.57,0.5701,0.5698,0.0001,0.7561,0.7593,0.7541,0.0016,-0.0001,-0.0001,-0.0001,0,0,0,0,0,0,0,0,0,0,0,0,0,185.125,381,53,72.7448,0,0,0,0,247.975,611,106,90.3648,41,46.8833,47,43,23.68,23.68,23.68
2022-11-25 18:30:00,2.09,4.6996,0.578,0.8372,120,82.967,37.2341,120,76.1317,76.3573,75.8995,0.1037,120,26.9947,27.0269,26.9109,0.0328,120,1006.8906,1007.0986,1006.7141,0.0745,120,0,0,0,0,120,0,0,0,0,120,13.8713,14.2604,13.7689,0.2004,120,120,0,0,0,0,0,120,None,None,None,None,0,3.4482,3.4516,3.4452,0.0012,0.5699,0.5703,0.5691,0.0003,0.7613,0.7636,0.759,0.001,-0.0001,-0.0001,-0.0001,0,0,0,0,0,0,0,0,0,0,0,0,0,204.35,488,40,90.9984,0,0,0,0,259.95,977,12,142.8215,41,46.7833,47,41,23.68,23.68,23.68
2022-11-25 18:40:00,1.7157,3.1632,0.6608,0.5665,120,81.9738,37.8163,120,76.6518,76.8456,76.3573,0.1442,120,26.866,26.9109,26.8255,0.0196,120,1007.0421,1007.2817,1006.8789,0.0895,120,0,0,0,0,120,0,0,0,0,120,13.8304,14.2604,13.2775,0.1864,120,120,0,0,0,0,0,120,None,None,None,None,0,3.4507,3.4547,3.448,0.0015,0.5687,0.5691,0.5683,0.0002,0.7665,0.7685,0.7636,0.0014,-0.0001,-0.0001,-0.0001,0,0,0,0,0,0,0,0,0,0,0,0,0,163.6667,321,49,61.5813,0,0,0,0,260.625,957,20,147.1046,40.2,46.8833,47,41,23.68,23.68,23.63
2022-11-25 18:50:00,1.5216,3.7612,0.3756,0.7021,120,91.9242,45.9557,120,76.97,77.0898,76.7235,0.1051,120,26.8213,26.8468,26.7919,0.0148,120,1007.2001,1007.4465,1007.0803,0.0954,120,0,0,0,0,120,0,0,0,0,120,13.8672,14.2604,13.2775,0.2074,120,120,0,0,0,0,0,120,None,None,None,None,0,3.4533,3.4574,3.4513,0.0016,0.5682,0.5685,0.5679,0.0001,0.7697,0.7709,0.7672,0.0011,-0.0001,-0.0001,-0.0001,0,0,0,0,0,0,0,0,0,0,0,0,0,142.5667,386,18,76.3118,0,0,0,0,306.9917,1016,47,175.2409,40,46.8333,47,41,23.68,23.68,23.68
2022-11-25 19:00:00,1.8587,4.4972,0.7712,0.7593,120,97.2067,30.7447,120,76.97,77.1203,76.7846,0.0839,120,26.7726,26.8346,26.74,0.0268,120,1007.3212,1007.4648,1007.2634,0.0736,120,0,0,0,0,120,0,0,0,0,120,13.8959,14.2604,13.7689,0.216,120,120,0,0,0,0,0,120,None,None,None,None,0,3.4554,3.4577,3.4544,0.0012,0.5677,0.5684,0.5674,0.0003,0.7697,0.7712,0.7678,0.0008,-0.0001,-0.0001,-0.0001,0,0,0,0,0,0,0,0,0,0,0,0,0,179.2083,466,61,82.5356,0,0,0,0,282.9167,975,31,105.7573,40,46.9333,47,41,23.68,23.68,23.68
2022-11-25 19:10:00,2.1313,4.6168,0.6976,0.8374,120,93.3972,34.3616,120,77.1541,77.2729,77.0592,0.0429,120,26.7392,26.7522,26.7187,0.0088,120,1007.423,1007.6296,1007.2634,0.079,120,0,0,0,0,120,0,0,0,0,120,13.9123,14.2604,13.2775,0.2417,120,120,0,0,0,0,0,120,None,None,None,None,0,3.4571,3.4605,3.4544,0.0013,0.5674,0.5675,0.5672,0.0001,0.7715,0.7727,0.7706,0.0004,-0.0001,-0.0001,-0.0001,0,0,0,0,0,0,0,0,0,0,0,0,0,208.8333,479,53,91.0201,0,0,0,0,273.15,810,34,106.5835,40,46.8833,49,41,23.68,23.68,23.63
2022-11-25 19:20:00,1.7945,3.936,0.6424,0.7417,120,93.6304,35.6558,120,77.3247,77.4255,77.2423,0.0492,120,26.7373,26.7522,26.7217,0.006,120,1007.5147,1007.6479,1007.4282,0.0894,120,0,0,0,0,120,0,0,0,0,120,13.9,14.2604,13.7689,0.2182,120,120,0,0,0,0,0,120,None,None,None,None,0,3.4586,3.4608,3.4571,0.0015,0.5674,0.5675,0.5672,0.0001,0.7732,0.7743,0.7724,0.0005,-0.0001,-0.0001,-0.0001,0,0,0,0,0,0,0,0,0,0,0,0,0,172.225,405,47,80.6243,0,0,0,0,290.25,992,52,137.4583,40,46.8833,49,41,23.68,23.68,23.68
2022-11-25 19:30:00,1.7624,4.534,0.5412,0.7823,120,95.3651,35.1672,120,77.502,77.6391,77.3644,0.0792,120,26.7051,26.74,26.6851,0.0125,120,1007.604,1007.8127,1007.4282,0.0598,120,0,0,0,0,120,0,0,0,0,120,13.9205,14.2604,13.7689,0.2279,120,120,0,0,0,0,0,120,None,None,None,None,0,3.4601,3.4635,3.4571,0.001,0.5671,0.5674,0.5668,0.0001,0.775,0.7764,0.7736,0.0008,-0.0001,-0.0001,-0.0001,0,0,0,0,0,0,0,0,0,0,0,0,0,168.7417,470,36,85.038,0,0,0,0,281.0417,938,34,116.09,40,46.8167,47,41,23.68,23.68,23.63
2022-11-25 19:40:00,2.2287,4.4328,0.854,0.7491,120,100.8693,29.9893,120,77.6915,77.9138,77.5475,0.1118,120,26.6573,26.7034,26.6302,0.0243,120,1007.6499,1007.8127,1007.593,0.0735,120,0,0,0,0,120,0,0,0,0,120,13.9491,14.2604,13.7689,0.2378,120,120,0,0,0,0,0,120,None,None,None,None,0,3.4608,3.4635,3.4599,0.0012,0.5666,0.567,0.5663,0.0002,0.7769,0.7791,0.7755,0.0011,-0.0001,-0.0001,-0.0001,0,0,0,0,0,0,0,0,0,0,0,0,0,219.425,459,70,81.4185,0,0,0,0,291.1667,670,113,89.0929,39.5,46.7667,49,41,23.68,23.68,23.63
2022-11-25 19:50:00,1.8049,3.8808,0.486,0.7256,120,91.2251,36.8248,120,77.9501,78.0663,77.8527,0.0585,120,26.642,26.6637,26.6271,0.0073,120,1007.7711,1007.9775,1007.593,0.0691,120,0,0,0,0,120,0,0,0,0,120,13.9246,14.2604,13.7689,0.2296,120,120,0,0,0,0,0,120,None,None,None,None,0,3.4629,3.4663,3.4599,0.0012,0.5664,0.5666,0.5663,0.0001,0.7795,0.7807,0.7785,0.0006,-0.0001,-0.0001,-0.0001,0,0,0,0,0,0,0,0,0,0,0,0,0,173.3583,399,30,78.8676,0,0,0,0,270.025,1011,6,126.7982,39,46.9333,49,41,23.68,23.68,23.63
2022-11-25 20:00:00,2.2018,3.8072,0.6884,0.7343,120,85.372,31.922,120,77.8509,78.0358,77.7306,0.0581,120,26.6193,26.6668,26.5844,0.0219,120,1007.9102,1007.9958,1007.7761,0.0908,120,0,0,0,0,120,0,0,0,0,120,13.9983,14.2604,13.2775,0.2543,120,120,0,0,0,0,0,120,None,None,None,None,0,3.4652,3.4666,3.4629,0.0015,0.5662,0.5667,0.5658,0.0002,0.7785,0.7804,0.7773,0.0006,-0.0001,-0.0001,-0.0001,0,0,0,0,0,0,0,0,0,0,0,0,0,216.5,391,52,79.8127,0,0,0,0,264.7,1017,34,134.2562,39,46.9333,49,41,23.68,23.68,23.63
2022-11-25 20:10:00,1.5517,4.1752,0.4676,0.7203,120,91.8125,43.4998,120,77.6396,77.8527,77.4255,0.107,120,26.6856,26.74,26.6302,0.0337,120,1007.9992,1008.179,1007.7944,0.0709,120,0,0,0,0,120,0,0,0,0,120,14.0556,14.2604,13.2775,0.2515,120,120,0,0,0,0,0,120,None,None,None,None,0,3.4667,3.4696,3.4632,0.0012,0.5669,0.5674,0.5663,0.0003,0.7764,0.7785,0.7743,0.0011,-0.0001,-0.0001,-0.0001,0,0,0,0,0,0,0,0,0,0,0,0,0,145.8417,431,28,78.2888,0,0,0,0,269.7667,665,0,128.2202,39,47,49,45,23.68,23.68,23.68
2022-11-25 20:20:00,1.9298,5.1964,0.4032,0.9301,120,94.8327,41.0393,120,77.4186,77.4865,77.3339,0.035,120,26.7292,26.7492,26.6942,0.0136,120,1007.9905,1008.179,1007.7761,0.0756,120,0,0,0,0,120,0,0,0,0,120,14.0024,14.2604,13.7689,0.2465,120,120,0,0,0,0,0,120,None,None,None,None,0,3.4665,3.4696,3.4629,0.0013,0.5673,0.5675,0.5669,0.0001,0.7742,0.7749,0.7733,0.0004,-0.0001,-0.0001,-0.0001,0,0,0,0,0,0,0,0,0,0,0,0,0,186.9333,542,21,101.1005,0,0,0,0,292.7417,982,72,144.5353,39,46.8167,49,41,23.68,23.68,23.63
2022-11-25 20:30:00,2.2981,4.2212,0.762,0.8253,120,84.148,33.5115,120,77.5605,77.7001,77.3644,0.0894,120,26.6859,26.7064,26.6729,0.0063,120,1007.9878,1008.179,1007.7761,0.0833,120,0,0,0,0,120,0,0,0,0,120,14.0106,14.2604,13.7689,0.2467,120,120,0,0,0,0,0,120,None,None,None,None,0,3.4665,3.4696,3.4629,0.0014,0.5669,0.5671,0.5667,0.0001,0.7756,0.777,0.7736,0.0009,-0.0001,-0.0001,-0.0001,0,0,0,0,0,0,0,0,0,0,0,0,0,226.9667,436,60,89.7082,0,0,0,0,243.3833,613,21,99.5142,39,46.7833,49,41,23.68,23.68,23.63
2022-11-25 20:40:00,2.176,4.1384,0.348,0.7947,120,99.3297,36.1377,120,77.6724,77.7917,77.517,0.0822,120,26.6599,26.6973,26.6424,0.0139,120,1007.9557,1008.179,1007.7761,0.0498,120,0,0,0,0,120,0,0,0,0,120,13.941,14.7535,13.7689,0.2439,120,120,0,0,0,0,0,120,None,None,None,None,0,3.4659,3.4696,3.4629,0.0008,0.5666,0.567,0.5664,0.0001,0.7767,0.7779,0.7752,0.0008,-0.0001,-0.0001,-0.0001,0,0,0,0,0,0,0,0,0,0,0,0,0,213.6917,427,15,86.3838,0,0,0,0,297.9833,959,111,124.5559,39,46.8667,47,41,23.68,23.68,23.63
2022-11-25 20:50:00,2.1158,4.5064,0.808,0.8204,120,90.5276,42.239,120,77.8151,77.9443,77.7306,0.0602,120,26.6384,26.6576,26.6118,0.0105,120,1007.9614,1008.1606,1007.7761,0.0424,120,0,0,0,0,120,0,0,0,0,120,13.9532,14.2604,13.7689,0.2389,120,120,0,0,0,0,0,120,None,None,None,None,0,3.466,3.4693,3.4629,0.0007,0.5664,0.5666,0.5661,0.0001,0.7782,0.7794,0.7773,0.0006,-0.0001,-0.0001,-0.0001,0,0,0,0,0,0,0,0,0,0,0,0,0,207.15,467,65,89.1749,0,0,0,0,285.7333,973,2,154.4084,38.1,46.7,47,41,23.68,23.68,23.63
2022-11-25 21:00:00,2.2164,4.672,0.6792,0.8146,120,92.1436,35.3551,120,77.9115,77.9443,77.8527,0.0254,120,26.687,26.7248,26.6454,0.0214,120,1007.9859,1008.1606,1007.7761,0.0724,120,0,0,0,0,120,0,0,0,0,120,14.0351,14.2604,13.2775,0.254,120,120,0,0,0,0,0,120,None,None,None,None,0,3.4664,3.4693,3.4629,0.0012,0.5669,0.5673,0.5665,0.0002,0.7791,0.7794,0.7785,0.0003,-0.0001,-0.0001,-0.0001,0,0,0,0,0,0,0,0,0,0,0,0,0,218.0833,485,51,88.5389,0,0,0,0,277.5,962,25,122.9804,38,46.8,47,41,23.68,23.68,23.63
2022-11-25 21:10:00,2.1364,4.5708,0.5596,0.9943,120,90.9448,42.7883,120,77.8497,77.9443,77.7612,0.0404,120,26.7011,26.7309,26.6698,0.0169,120,1007.9914,1008.1606,1007.9409,0.0663,120,0,0,0,0,120,0,0,0,0,120,13.9164,14.2604,13.2775,0.235,120,120,0,0,0,0,0,120,None,None,None,None,0,3.4665,3.4693,3.4657,0.0011,0.567,0.5673,0.5667,0.0002,0.7785,0.7794,0.7776,0.0004,-0.0001,-0.0001,-0.0001,0,0,0,0,0,0,0,0,0,0,0,0,0,209.3917,474,38,108.0775,0,0,0,0,298.2083,995,23,169.9107,38,46.65,49,41,23.68,23.68,23.63
2022-11-25 21:20:00,2.3876,4.856,0.4952,0.8783,120,92.4206,39.1398,120,78.0361,78.1884,77.9138,0.089,120,26.6826,26.7095,26.6668,0.0095,120,1008.1097,1008.1606,1007.9409,0.0691,120,0,0,0,0,120,0,0,0,0,120,13.9983,14.2604,13.7689,0.2462,120,120,0,0,0,0,0,120,None,None,None,None,0,3.4685,3.4693,3.4657,0.0012,0.5668,0.5671,0.5667,0.0001,0.7804,0.7819,0.7791,0.0009,-0.0001,-0.0001,-0.0001,0,0,0,0,0,0,0,0,0,0,0,0,0,236.7,505,31,95.4622,0,0,0,0,287.6417,1004,9,144.0124,38,46.65,49,41,23.68,23.68,23.63
2022-11-25 21:30:00,1.9558,5.086,0.5688,0.8987,120,94.0357,41.3597,120,78.2601,78.4021,78.1884,0.0569,120,26.7284,26.7461,26.7034,0.0092,120,1008.1196,1008.1606,1007.9409,0.0517,120,0,0,0,0,120,0,0,0,0,120,13.9696,14.2604,13.2775,0.2508,120,120,0,0,0,0,0,120,None,None,None,None,0,3.4687,3.4693,3.4657,0.0009,0.5673,0.5675,0.567,0.0001,0.7826,0.784,0.7819,0.0006,-0.0001,-0.0001,-0.0001,0,0,0,0,0,0,0,0,0,0,0,0,0,189.7583,530,39,97.6841,0,0,0,0,289.125,1011,1,147.2274,38,46.8667,49,41,23.68,23.68,23.63
2022-11-25 21:40:00,1.8826,4.396,0.4676,0.8747,120,94.0803,44.3803,120,78.4244,78.5546,78.0663,0.1115,120,26.6902,26.7309,26.5844,0.0353,120,1008.1111,1008.3254,1007.9409,0.0731,120,0,0,0,0,120,0,0,0,0,120,13.8099,14.2604,13.2775,0.2168,120,120,0,0,0,0,0,120,None,None,None,None,0,3.4685,3.4721,3.4657,0.0012,0.5669,0.5673,0.5658,0.0003,0.7842,0.7855,0.7807,0.0011,-0.0001,-0.0001,-0.0001,0,0,0,0,0,0,0,0,0,0,0,0,0,181.8083,455,28,95.0718,0,0,0,0,288.05,916,46,141.797,38,46.85,49,41,23.68,23.68,23.63
2022-11-25 21:50:00,2.2717,4.304,0.5872,0.9113,120,97.417,39.2446,120,78.3418,78.5241,78.1579,0.0908,120,26.5535,26.5905,26.5203,0.0186,120,1008.131,1008.3254,1007.9409,0.0267,120,0,0,0,0,120,0,0,0,0,120,13.8222,14.2604,13.2775,0.189,120,120,0,0,0,0,0,120,None,None,None,None,0,3.4689,3.4721,3.4657,0.0004,0.5655,0.5659,0.5652,0.0002,0.7834,0.7852,0.7816,0.0009,-0.0001,-0.0001,-0.0001,0,0,0,0,0,0,0,0,0,0,0,0,0,224.1,445,41,99.0558,0,0,0,0,296.4,942,57,135.5108,38,46.9333,49,43,23.67,23.68,23.63
2022-11-25 22:00:00,1.902,3.6048,0.8172,0.6318,120,90.4094,32.3021,120,78.0251,78.2495,77.8527,0.108,120,26.5657,26.6027,26.5172,0.0266,120,1008.1201,1008.3254,1007.9409,0.0557,120,0,0,0,0,120,0,0,0,0,120,13.7935,14.2604,13.2775,0.2,120,120,0,0,0,0,0,120,None,None,None,None,0,3.4687,3.4721,3.4657,0.0009,0.5657,0.566,0.5652,0.0003,0.7803,0.7825,0.7785,0.0011,-0.0001,-0.0001,-0.0001,0,0,0,0,0,0,0,0,0,0,0,0,0,183.9167,369,66,68.6775,0,0,0,0,264.8,944,42,108.8648,38,46.8167,47,41,23.68,23.68,23.63
2022-11-25 22:10:00,1.9223,4.074,0.624,0.7425,120,91.5665,37.6053,120,78.0211,78.0969,77.8222,0.0581,120,26.4846,26.5355,26.4043,0.0408,120,1008.1129,1008.3254,1007.9409,0.0627,120,0,0,0,0,120,0,0,0,0,120,13.8099,14.2604,13.2775,0.2168,120,120,0,0,0,0,0,120,None,None,None,None,0,3.4685,3.4721,3.4657,0.001,0.5648,0.5654,0.564,0.0004,0.7802,0.781,0.7782,0.0006,-0.0001,-0.0001,-0.0001,0,0,0,0,0,0,0,0,0,0,0,0,0,186.125,420,45,80.7099,0,0,0,0,264.55,658,12,110.5139,37.8,46.8333,49,41,23.67,23.68,23.63
2022-11-25 22:20:00,1.6419,3.7796,0.394,0.8041,120,90.3128,44.1255,120,78.1373,78.2495,78.0358,0.0446,120,26.4199,26.4715,26.3952,0.0196,120,1008.1567,1008.3254,1008.124,0.0634,120,0,0,0,0,120,0,0,0,0,120,13.8017,14.2604,13.2775,0.1526,120,120,0,0,0,0,0,120,None,None,None,None,0,3.4693,3.4721,3.4687,0.0011,0.5642,0.5647,0.5639,0.0002,0.7814,0.7825,0.7804,0.0004,-0.0001,-0.0001,-0.0001,0,0,0,0,0,0,0,0,0,0,0,0,0,155.6417,388,20,87.3991,0,0,0,0,280,989,33,154.1529,37,46.7833,47,41,23.67,23.68,23.63
2022-11-25 22:30:00,1.4085,3.0804,0.302,0.6334,120,86.263,35.7259,120,78.1419,78.28,78.0053,0.0742,120,26.4595,26.4928,26.4257,0.0188,120,1008.1141,1008.3254,1007.9409,0.085,120,0,0,0,0,120,0,0,0,0,120,13.7526,14.2604,13.2775,0.1795,120,120,0,0,0,0,0,120,None,None,None,None,0,3.4686,3.4721,3.4657,0.0014,0.5646,0.5649,0.5643,0.0002,0.7814,0.7828,0.7801,0.0007,-0.0001,-0.0001,-0.0001,0,0,0,0,0,0,0,0,0,0,0,0,0,130.2667,312,10,68.8456,0,0,0,0,259.8583,1000,16,127.1649,37,46.7833,47,39,23.67,23.68,23.63
2022-11-25 22:40:00,1.3138,2.7676,0.302,0.644,120,97.1736,47.7397,120,78.4043,78.7378,78.2495,0.1319,120,26.3585,26.4318,26.2975,0.0426,120,1007.9635,1008.1606,1007.7578,0.0891,120,0,0,0,0,120,0,0,0,0,120,13.7444,14.2604,13.2775,0.1785,120,120,0,0,0,0,0,120,None,None,None,None,0,3.4661,3.4693,3.4626,0.0015,0.5636,0.5643,0.563,0.0004,0.784,0.7874,0.7825,0.0013,-0.0001,-0.0001,-0.0001,0,0,0,0,0,0,0,0,0,0,0,0,0,119.975,278,10,70.0007,0,0,0,0,307.1583,1011,45,164.9929,37,46.8333,49,41,23.67,23.68,23.63
2022-11-25 22:50:00,1.8731,3.9544,0.7804,0.6577,120,101.0868,35.786,120,78.8736,79.0735,78.7072,0.1124,120,26.3021,26.3128,26.2914,0.0057,120,1007.8983,1008.124,1007.7395,0.0841,120,0,0,0,0,120,0,0,0,0,120,13.8058,14.2604,13.2775,0.182,120,120,0,0,0,0,0,120,None,None,None,None,0,3.465,3.4687,3.4623,0.0014,0.563,0.5631,0.5629,0.0001,0.7887,0.7907,0.7871,0.0011,-0.0001,-0.0001,-0.0001,0,0,0,0,0,0,0,0,0,0,0,0,0,180.775,407,62,71.4838,0,0,0,0,290.0583,688,30,105.0774,37,46.8333,47,41,23.67,23.68,23.63
2022-11-25 23:00:00,1.6112,3.2552,0.5412,0.6876,120,104.7088,38.5674,120,79.1574,79.3481,79.0124,0.0896,120,26.2848,26.3158,26.2334,0.0245,120,1007.7499,1007.9409,1007.5564,0.0585,120,0,0,0,0,120,0,0,0,0,120,13.7607,14.2604,13.2775,0.191,120,120,0,0,0,0,0,120,None,None,None,None,0,3.4625,3.4657,3.4593,0.001,0.5628,0.5632,0.5623,0.0003,0.7916,0.7935,0.7901,0.0009,-0.0001,-0.0001,-0.0001,0,0,0,0,0,0,0,0,0,0,0,0,0,152.3,331,36,74.7388,0,0,0,0,313.425,1012,32,133.9008,37,46.8667,47,41,23.67,23.68,23.63
2022-11-25 23:10:00,1.7406,2.9148,0.5228,0.5372,120,102.652,31.9356,120,79.6358,79.8364,79.3481,0.1454,120,26.2351,26.2487,26.2182,0.006,120,1007.6957,1007.7761,1007.5564,0.0905,120,0,0,0,0,120,0,0,0,0,120,13.7771,14.2604,13.2775,0.191,120,120,0,0,0,0,0,120,None,None,None,None,0,3.4616,3.4629,3.4593,0.0015,0.5624,0.5625,0.5622,0.0001,0.7964,0.7984,0.7935,0.0015,-0.0001,-0.0001,-0.0001,0,0,0,0,0,0,0,0,0,0,0,0,0,166.3667,294,34,58.3966,0,0,0,0,294.9417,646,50,94.9279,37,46.7833,47,41,23.67,23.68,23.63
2022-11-25 23:20:00,1.9376,3.8348,0.5688,0.8079,120,97.1683,33.0437,120,80.1218,80.3552,79.8059,0.1704,120,26.2172,26.2334,26.1998,0.0083,120,1007.6725,1007.7761,1007.5381,0.0974,120,0,0,0,0,120,0,0,0,0,120,13.773,14.2604,13.2775,0.1857,120,120,0,0,0,0,0,120,None,None,None,None,0,3.4612,3.4629,3.459,0.0016,0.5622,0.5623,0.562,0.0001,0.8012,0.8036,0.7981,0.0017,-0.0001,-0.0001,-0.0001,0,0,0,0,0,0,0,0,0,0,0,0,0,187.7833,394,39,87.8152,0,0,0,0,286.7417,1006,57,115.6313,37,46.8833,49,41,23.66,23.68,23.63
2022-11-25 23:30:00,1.9996,3.7796,0.4492,0.7253,120,102.9331,28.3835,120,80.5686,80.813,80.3247,0.1575,120,26.1994,26.2334,26.1785,0.0132,120,1007.6098,1007.7761,1007.5381,0.0823,120,0,0,0,0,120,0,0,0,0,120,13.8058,14.2604,13.2775,0.2398,120,120,0,0,0,0,0,120,None,None,None,None,0,3.4602,3.4629,3.459,0.0014,0.562,0.5623,0.5618,0.0001,0.8057,0.8081,0.8032,0.0016,-0.0001,-0.0001,-0.0001,0,0,0,0,0,0,0,0,0,0,0,0,0,194.5167,388,26,78.8323,0,0,0,0,306.3,1011,159,108.959,37,46.95,47,45,23.67,23.68,23.63
2022-11-25 23:40:00,2.3103,4.396,0.8356,0.8049,120,105.2767,29.035,120,80.9404,81.0877,80.7825,0.067,120,26.1819,26.1998,26.1632,0.0102,120,1007.6101,1007.7761,1007.4099,0.0883,120,0,0,0,0,120,0,0,0,0,120,13.7935,14.2604,13.2775,0.2099,120,120,0,0,0,0,0,120,None,None,None,None,0,3.4602,3.4629,3.4568,0.0015,0.5618,0.562,0.5616,0.0001,0.8094,0.8109,0.8078,0.0007,-0.0001,-0.0001,-0.0001,0,0,0,0,0,0,0,0,0,0,0,0,0,228.2917,455,68,87.4858,0,0,0,0,298.2417,517,21,84.1613,37,46.9667,47,45,23.67,23.68,23.63
2022-11-25 23:50:00,1.9328,3.5772,0.7712,0.6767,120,95.1645,29.5815,120,81.1904,81.3013,81.0877,0.0544,120,26.1854,26.209,26.1602,0.0091,120,1007.5259,1007.5747,1007.3733,0.0615,120,0,0,0,0,120,0,0,0,0,120,13.8222,14.2604,13.2775,0.1661,120,120,0,0,0,0,0,120,None,None,None,None,0,3.4588,3.4596,3.4562,0.001,0.5618,0.5621,0.5616,0.0001,0.8119,0.813,0.8109,0.0005,-0.0001,-0.0001,-0.0001,0,0,0,0,0,0,0,0,0,0,0,0,0,187.2583,366,61,73.552,0,0,0,0,276.5833,926,67,99.9631,37,46.6333,49,45,23.66,23.68,23.63
