datetime,Anemometer;wind_speed;Avg (m/s),Anemometer;wind_speed;Max (m/s),Anemometer;wind_speed;Min (m/s),Anemometer;wind_speed;StdDev (m/s),Anemometer;wind_speed;Count (),Wind Vane TMR;wind_direction;Avg (°),Wind Vane TMR;wind_direction;StdDev (°),Wind Vane TMR;wind_direction;Count (),Hygro/Thermo;humidity;Avg (%),Hygro/Thermo;humidity;Max (%),Hygro/Thermo;humidity;Min (%),Hygro/Thermo;humidity;StdDev (%),Hygro/Thermo;humidity;Count (),Hygro/Thermo;temperature;Avg (°C),Hygro/Thermo;temperature;Max (°C),Hygro/Thermo;temperature;Min (°C),Hygro/Thermo;temperature;StdDev (°C),Hygro/Thermo;temperature;Count (),Barometer;air_pressure;Avg (hPa),Barometer;air_pressure;Max (hPa),Barometer;air_pressure;Min (hPa),Barometer;air_pressure;StdDev (hPa),Barometer;air_pressure;Count (),DHI (Diffuse Horizontal Irradiance);solar_irradiance;Avg (W/m²),DHI (Diffuse Horizontal Irradiance);solar_irradiance;Max (W/m²),DHI (Diffuse Horizontal Irradiance);solar_irradiance;Min (W/m²),DHI (Diffuse Horizontal Irradiance);solar_irradiance;StdDev (W/m²),DHI (Diffuse Horizontal Irradiance);solar_irradiance;Count (),GHI (Global Horizontal Irradiance);solar_irradiance;Avg (W/m²),GHI (Global Horizontal Irradiance);solar_irradiance;Max (W/m²),GHI (Global Horizontal Irradiance);solar_irradiance;Min (W/m²),GHI (Global Horizontal Irradiance);solar_irradiance;StdDev (W/m²),GHI (Global Horizontal Irradiance);solar_irradiance;Count (),DNI (Direct Normal Irradiance) Pyrheliometer;solar_DNI;Avg (W/m²),DNI (Direct Normal Irradiance) Pyrheliometer;solar_DNI;Max (W/m²),DNI (Direct Normal Irradiance) Pyrheliometer;solar_DNI;Min (W/m²),DNI (Direct Normal Irradiance) Pyrheliometer;solar_DNI;StdDev (W/m²),DNI (Direct Normal Irradiance) Pyrheliometer;solar_DNI;Count (),Precipitation;precipitation;Count (),Precipitation;precipitation;Sum (mm),GTI (Global Tilt Irradiance) PV Cell;voltage;Avg (W/m2),GTI (Global Tilt Irradiance) PV Cell;voltage;Max (W/m2),GTI (Global Tilt Irradiance) PV Cell;voltage;Min (W/m2),GTI (Global Tilt Irradiance) PV Cell;voltage;StdDev (W/m2),GTI (Global Tilt Irradiance) PV Cell;voltage;Count (),Theta;other;Avg (°),Theta;other;Max (°),Theta;other;Min (°),Theta;other;StdDev (°),Theta;other;Count (),A1;channel;Avg (V),A1;channel;Max (V),A1;channel;Min (V),A1;channel;StdDev (V),A2;channel;Avg (V),A2;channel;Max (V),A2;channel;Min (V),A2;channel;StdDev (V),A3;channel;Avg (V),A3;channel;Max (V),A3;channel;Min (V),A3;channel;StdDev (V),A4;channel;Avg (V),A4;channel;Max (V),A4;channel;Min (V),A4;channel;StdDev (V),A5;channel;Avg (V),A5;channel;Max (V),A5;channel;Min (V),A5;channel;StdDev (V),A6;channel;Avg (V),A6;channel;Max (V),A6;channel;Min (V),A6;channel;StdDev (V),A7;channel;Avg (V),A7;channel;Max (V),A7;channel;Min (V),A7;channel;StdDev (V),C1;channel;Avg (I),C1;channel;Max (I),C1;channel;Min (I),C1;channel;StdDev (I),C2;channel;Avg (I),C2;channel;Max (I),C2;channel;Min (I),C2;channel;StdDev (I),D1;channel;Avg (),D1;channel;Max (),D1;channel;Min (),D1;channel;StdDev (),T;channel;Avg (°C),I;channel;Avg (mA),I;channel;Max (mA),I;channel;Min (mA),V;channel;Avg (V),V;channel;Max (V),V;channel;Min (V)
2022-10-31 00:00:00,1.1645,2.3536,0.3848,0.4387,120,122.856,39.8765,120,79.2937,79.4702,79.0735,0.118,120,25.2621,25.3056,25.2446,0.0154,120,1006.1057,1006.238,1005.9999,0.0911,120,0,0,0,0,120,0,0,0,0,120,13.4577,13.7689,12.786,0.2462,120,120,0,0,0,0,0,120,None,None,None,None,0,3.4351,3.4373,3.4333,0.0015,0.5526,0.5531,0.5524,0.0001,0.7929,0.7947,0.7907,0.0012,-0.0001,-0.0001,-0.0001,0,0,0,0,0,0,0,0,0,0,0,0,0,103.75,233,19,47.6848,0,0,0,0,354.725,997,14,124.9421,34,44.2667,53,41,23.65,23.68,23.63
2022-10-31 00:10:00,1.3101,2.5836,0.4492,0.46,120,132.0905,30.3067,120,79.6253,79.7143,79.4702,0.0673,120,25.2629,25.2934,25.2385,0.0146,120,1006.0974,1006.2197,1005.9999,0.0887,120,0,0,0,0,120,0,0,0,0,120,13.4863,13.7689,13.2775,0.244,120,120,0,0,0,0,0,120,None,None,None,None,0,3.435,3.437,3.4333,0.0015,0.5526,0.5529,0.5524,0.0001,0.7963,0.7971,0.7947,0.0007,-0.0001,-0.0001,-0.0001,0,0,0,0,0,0,0,0,0,0,0,0,0,119.575,258,26,49.9991,0,0,0,0,377.8083,740,160,89.4573,34,42,49,41,23.66,23.68,23.63
2022-10-31 00:20:00,1.73,3.4944,0.7252,0.533,120,110.3927,24.7593,120,79.7655,79.928,79.6533,0.0725,120,25.2963,25.3301,25.2782,0.011,120,1006.0787,1006.238,1005.9999,0.0825,120,0,0,0,0,120,0,0,0,0,120,13.5191,14.2604,13.2775,0.2627,120,120,0,0,0,0,0,120,None,None,None,None,0,3.4346,3.4373,3.4333,0.0014,0.553,0.5533,0.5528,0.0001,0.7977,0.7993,0.7965,0.0007,-0.0001,-0.0001,-0.0001,0,0,0,0,0,0,0,0,0,0,0,0,0,165.2167,357,56,57.9374,0,0,0,0,314.0583,532,169,71.0319,34,41.7,47,39,23.66,23.68,23.63
2022-10-31 00:30:00,1.6048,3.3472,0.4584,0.7166,120,122.2967,37.4583,120,79.826,79.928,79.7754,0.0327,120,25.3455,25.3728,25.3209,0.0118,120,1006.0518,1006.2197,1005.8351,0.0699,120,0,0,0,0,120,0,0,0,0,120,13.4618,14.2604,13.2775,0.2473,120,120,0,0,0,0,0,120,None,None,None,None,0,3.4342,3.437,3.4306,0.0012,0.5535,0.5537,0.5532,0.0001,0.7983,0.7993,0.7978,0.0003,-0.0001,-0.0001,-0.0001,0,0,0,0,0,0,0,0,0,0,0,0,0,151.6083,341,27,77.8905,0,0,0,0,360.3333,979,122,126.7205,34,41.45,47,39,23.66,23.68,23.63
2022-10-31 00:40:00,1.8962,3.9268,0.716,0.6379,120,124.6624,32.5477,120,79.8593,79.9585,79.8059,0.0363,120,25.3459,25.3697,25.3209,0.0147,120,1006.0147,1006.2014,1005.8351,0.0468,120,0,0,0,0,120,0,0,0,0,120,13.4741,13.7689,13.2775,0.2418,120,120,0,0,0,0,0,120,None,None,None,None,0,3.4336,3.4367,3.4306,0.0008,0.5535,0.5537,0.5532,0.0001,0.7986,0.7996,0.7981,0.0004,-0.0001,-0.0001,-0.0001,0,0,0,0,0,0,0,0,0,0,0,0,0,183.2833,404,55,69.3348,0,0,0,0,352.5417,639,67,94.5779,34,41.5333,47,39,23.66,23.68,23.63
2022-10-31 00:50:00,1.7857,3.3012,0.8264,0.4847,120,125.6184,33.9692,120,79.9572,80.0195,79.8975,0.0302,120,25.3374,25.3697,25.3178,0.0108,120,1005.9703,1006.0366,1005.8351,0.0821,120,0,0,0,0,120,0,0,0,0,120,13.5355,14.2604,13.2775,0.2546,120,120,0,0,0,0,0,120,None,None,None,None,0,3.4328,3.4339,3.4306,0.0014,0.5534,0.5537,0.5532,0.0001,0.7996,0.8002,0.799,0.0003,-0.0001,-0.0001,-0.0001,0,0,0,0,0,0,0,0,0,0,0,0,0,171.2667,336,67,52.6898,0,0,0,0,361.05,1017,97,111.0495,34,41.4333,47,39,23.66,23.68,23.63
2022-10-31 01:00:00,2.0715,3.6784,0.9184,0.6177,120,143.1109,27.8308,120,80.0094,80.0806,79.928,0.0425,120,25.3835,25.4125,25.3453,0.0175,120,1005.942,1006.0366,1005.8168,0.0915,120,0,0,0,0,120,0,0,0,0,120,13.515,13.7689,13.2775,0.2466,120,120,0,0,0,0,0,120,None,None,None,None,0,3.4324,3.4339,3.4303,0.0015,0.5538,0.5541,0.5534,0.0002,0.8001,0.8008,0.7993,0.0004,-0.0001,-0.0001,-0.0001,0,0,0,0,0,0,0,0,0,0,0,0,0,202.3333,377,77,67.1411,0,0,0,0,405.0083,576,166,79.8621,33.5,41.5,47,39,23.65,23.68,23.63
2022-10-31 01:10:00,1.5931,2.9976,0.532,0.5708,120,126.4588,40.3384,120,79.9389,79.989,79.8975,0.023,120,25.3566,25.3972,25.3148,0.0225,120,1006.0195,1006.2197,1005.8535,0.0251,120,0,0,0,0,120,0,0,0,0,120,13.3717,13.7689,13.2775,0.1943,120,120,0,0,0,0,0,120,None,None,None,None,0,3.4337,3.437,3.4309,0.0004,0.5536,0.554,0.5532,0.0002,0.7994,0.7999,0.799,0.0002,-0.0001,-0.0001,-0.0001,0,0,0,0,0,0,0,0,0,0,0,0,0,150.3417,303,35,62.0437,0,0,0,0,364.9083,681,119,115.2457,33,41.35,47,39,23.66,23.68,23.63
2022-10-31 01:20:00,2.0446,4.3316,0.7988,0.6627,120,123.3415,34.3734,120,80.0142,80.1111,79.8975,0.0468,120,25.2998,25.327,25.2812,0.0088,120,1005.981,1006.0549,1005.8351,0.0761,120,0,0,0,0,120,0,0,0,0,120,13.4413,13.7689,13.2775,0.2326,120,120,0,0,0,0,0,120,None,None,None,None,0,3.433,3.4342,3.4306,0.0013,0.553,0.5533,0.5528,0.0001,0.8001,0.8011,0.799,0.0005,-0.0001,-0.0001,-0.0001,0,0,0,0,0,0,0,0,0,0,0,0,0,199.4083,448,64,72.0363,0,0,0,0,361.3417,1021,90,114.9956,33,41.6,47,39,23.65,23.68,23.63
2022-10-31 01:30:00,1.5812,3.614,0.4952,0.5933,120,127.6646,35.3489,120,79.9173,80.0806,79.8364,0.0512,120,25.2694,25.3026,25.2385,0.0181,120,1005.8811,1006.0366,1005.6337,0.0835,120,0,0,0,0,120,0,0,0,0,120,13.4536,13.7689,13.2775,0.2366,120,120,0,0,0,0,0,120,None,None,None,None,0,3.4314,3.4339,3.4272,0.0014,0.5527,0.553,0.5524,0.0002,0.7992,0.8008,0.7984,0.0005,-0.0001,-0.0001,-0.0001,0,0,0,0,0,0,0,0,0,0,0,0,0,149.0417,370,31,64.4934,0,0,0,0,365.1833,849,33,107.37,33,41.7167,47,39,23.65,23.68,23.63
2022-10-31 01:40:00,1.4415,3.7888,0.3112,0.7743,120,134.3491,37.9196,120,79.8214,79.928,79.7143,0.0532,120,25.2387,25.2568,25.2019,0.0125,120,1005.8721,1006.0366,1005.6337,0.0797,120,0,0,0,0,120,0,0,0,0,120,13.4003,13.7689,12.786,0.2405,120,120,0,0,0,0,0,120,None,None,None,None,0,3.4312,3.4339,3.4272,0.0013,0.5524,0.5526,0.552,0.0001,0.7982,0.7993,0.7971,0.0005,-0.0001,-0.0001,-0.0001,0,0,0,0,0,0,0,0,0,0,0,0,0,133.8583,389,11,84.1604,0,0,0,0,386.9333,969,120,116.7538,33,41.7167,47,39,23.65,23.68,23.63
2022-10-31 01:50:00,1.3621,2.9884,0.2744,0.5704,120,134.3682,29.8053,120,79.7466,79.8059,79.6838,0.0286,120,25.2163,25.2294,25.2019,0.0059,120,1005.9548,1006.0366,1005.8168,0.0882,120,0,0,0,0,120,0,0,0,0,120,13.4085,13.7689,12.786,0.2361,120,120,0,0,0,0,0,120,None,None,None,None,0,3.4326,3.4339,3.4303,0.0015,0.5522,0.5523,0.552,0.0001,0.7975,0.7981,0.7968,0.0003,-0.0001,-0.0001,-0.0001,0,0,0,0,0,0,0,0,0,0,0,0,0,125.225,302,7,62.0035,0,0,0,0,382.3417,688,122,86.6222,33,41.4667,47,39,23.65,23.68,23.63
2022-10-31 02:00:00,1.5596,3.0068,0.4952,0.5653,120,129.0544,28.9795,120,79.6864,79.7449,79.5923,0.0379,120,25.2668,25.3056,25.2232,0.0215,120,1006.0169,1006.2197,1005.8168,0.05,120,0,0,0,0,120,0,0,0,0,120,13.556,13.7689,13.2775,0.2446,120,120,0,0,0,0,0,120,None,None,None,None,0,3.4336,3.437,3.4303,0.0008,0.5527,0.5531,0.5522,0.0002,0.7969,0.7974,0.7959,0.0004,-0.0001,-0.0001,-0.0001,0,0,0,0,0,0,0,0,0,0,0,0,0,146.7,304,31,61.4445,0,0,0,0,369.175,739,146,86.5981,33,41.45,47,39,23.65,23.68,23.63
2022-10-31 02:10:00,1.245,2.3168,0.3388,0.4656,120,122.8305,39.8432,120,79.6078,79.6838,79.5312,0.0415,120,25.2974,25.3209,25.2812,0.0103,120,1005.9804,1006.0366,1005.8168,0.0754,120,0,0,0,0,120,0,0,0,0,120,13.4044,13.7689,13.2775,0.216,120,120,0,0,0,0,0,120,None,None,None,None,0,3.433,3.4339,3.4303,0.0013,0.553,0.5532,0.5528,0.0001,0.7961,0.7968,0.7953,0.0004,-0.0001,-0.0001,-0.0001,0,0,0,0,0,0,0,0,0,0,0,0,0,112.5,229,14,50.6127,0,0,0,0,354.1667,937,39,125.2041,33,41.5667,47,39,23.65,23.68,23.63
2022-10-31 02:20:00,0.9999,1.8476,0.3756,0.3005,120,110.3989,42.5487,120,79.7105,79.8669,79.6228,0.072,120,25.2745,25.2995,25.2507,0.0118,120,1006.0726,1006.2197,1005.8351,0.098,120,0,0,0,0,120,0,0,0,0,120,13.4044,13.7689,13.2775,0.216,120,120,0,0,0,0,0,120,None,None,None,None,0,3.4345,3.437,3.4306,0.0016,0.5527,0.553,0.5525,0.0001,0.7971,0.7987,0.7962,0.0007,-0.0001,-0.0001,-0.0001,0,0,0,0,0,0,0,0,0,0,0,0,0,85.8583,178,18,32.6677,0,0,0,0,341.7583,1014,40,152.9361,33,41.6,47,39,23.65,23.68,23.63
2022-10-31 02:30:00,1.2221,2.4364,0,0.5234,120,135.3762,43.8166,120,79.9905,80.1416,79.8364,0.0819,120,25.2429,25.2629,25.211,0.0131,120,1006.1734,1006.2197,1005.9999,0.0694,120,0,0,0,0,120,0,0,0,0,120,13.4167,13.7689,13.2775,0.2224,120,120,0,0,0,0,0,120,None,None,None,None,0,3.4362,3.437,3.4333,0.0012,0.5524,0.5526,0.5521,0.0001,0.7999,0.8014,0.7984,0.0008,-0.0001,-0.0001,-0.0001,0,0,0,0,0,0,0,0,0,0,0,0,0,110.2,242,0,56.4831,0,0,0,0,398.35,974,88,134.9827,33,41.6,47,39,23.65,23.68,23.63
2022-10-31 02:40:00,1.1938,2.602,0.2468,0.4993,120,141.4227,32.2797,120,80.2438,80.3247,80.1111,0.0454,120,25.185,25.2171,25.1256,0.0228,120,1006.1878,1006.2197,1005.9999,0.0513,120,0,0,0,0,120,0,0,0,0,120,13.3676,13.7689,12.786,0.2206,120,120,0,0,0,0,0,120,None,None,None,None,0,3.4365,3.437,3.4333,0.0009,0.5518,0.5522,0.5513,0.0002,0.8024,0.8032,0.8011,0.0005,-0.0001,-0.0001,-0.0001,0,0,0,0,0,0,0,0,0,0,0,0,0,106.9333,260,4,54.2705,0,0,0,0,402.55,749,167,93.1794,33,41.5333,47,41,23.65,23.68,23.63
2022-10-31 02:50:00,1.5034,3.062,0.3756,0.567,120,126.289,32.1314,120,80.3812,80.4773,80.2637,0.0449,120,25.1657,25.2171,25.1195,0.0316,120,1006.2006,1006.4028,1005.9999,0.0863,120,0,0,0,0,120,0,0,0,0,120,13.4782,13.7689,13.2775,0.2426,120,120,0,0,0,0,0,120,None,None,None,None,0,3.4367,3.44,3.4333,0.0014,0.5517,0.5522,0.5512,0.0003,0.8038,0.8048,0.8026,0.0004,-0.0001,-0.0001,-0.0001,0,0,0,0,0,0,0,0,0,0,0,0,0,140.5833,310,18,61.6268,0,0,0,0,358.2917,598,102,92.2368,33,41.7,47,39,23.65,23.68,23.63
2022-10-31 03:00:00,1.6779,3.1632,0.5228,0.5516,120,129.8811,28.5849,120,80.2171,80.3247,80.0806,0.0802,120,25.2314,25.2477,25.211,0.0081,120,1006.3453,1006.6042,1006.1831,0.1105,120,0,0,0,0,120,0,0,0,0,120,13.4577,13.7689,13.2775,0.2378,120,120,0,0,0,0,0,120,None,None,None,None,0,3.4391,3.4434,3.4364,0.0018,0.5523,0.5525,0.5521,0.0001,0.8022,0.8032,0.8008,0.0008,-0.0001,-0.0001,-0.0001,0,0,0,0,0,0,0,0,0,0,0,0,0,159.55,321,34,59.9563,0,0,0,0,369.0833,578,203,81.7361,33,41.5333,47,39,23.65,23.68,23.63
2022-10-31 03:10:00,1.3522,2.5836,0.4124,0.4752,120,125.3911,35.6525,120,79.971,80.0806,79.8975,0.0393,120,25.1617,25.2232,25.1103,0.0331,120,1006.3686,1006.5859,1006.2014,0.0653,120,0,0,0,0,120,0,0,0,0,120,13.3307,13.7689,12.786,0.1661,120,120,0,0,0,0,0,120,None,None,None,None,0,3.4395,3.4431,3.4367,0.0011,0.5516,0.5522,0.5511,0.0003,0.7997,0.8008,0.799,0.0004,-0.0001,-0.0001,-0.0001,0,0,0,0,0,0,0,0,0,0,0,0,0,124.15,258,22,51.6564,0,0,0,0,357.85,747,8,107.5218,33,41.65,47,39,23.64,23.68,23.63
2022-10-31 03:20:00,1.2512,2.8688,0.4676,0.446,120,132.1836,32.5441,120,79.9099,79.989,79.8364,0.0487,120,25.093,25.1103,25.0615,0.0107,120,1006.3877,1006.5859,1006.1831,0.0468,120,0,0,0,0,120,0,0,0,0,120,13.3348,13.7689,12.786,0.1931,120,120,0,0,0,0,0,120,None,None,None,None,0,3.4398,3.4431,3.4364,0.0008,0.5509,0.5511,0.5506,0.0001,0.7991,0.7999,0.7984,0.0005,-0.0001,-0.0001,-0.0001,0,0,0,0,0,0,0,0,0,0,0,0,0,113.175,289,28,48.4738,0,0,0,0,389.5833,1001,19,119.721,33,41.7833,49,39,23.65,23.68,23.63
2022-10-31 03:30:00,1.0273,2.2524,0.2744,0.4803,120,148.0493,37.4533,120,79.8578,79.928,79.8059,0.0337,120,25.0607,25.0798,25.0279,0.0112,120,1006.4449,1006.6042,1006.3662,0.0907,120,0,0,0,0,120,0,0,0,0,120,13.3307,13.7689,12.786,0.189,120,120,0,0,0,0,0,120,None,None,None,None,0,3.4407,3.4434,3.4394,0.0015,0.5506,0.5508,0.5503,0.0001,0.7986,0.7993,0.7981,0.0003,-0.0001,-0.0001,-0.0001,0,0,0,0,0,0,0,0,0,0,0,0,0,88.8417,222,7,52.2098,0,0,0,0,422.3,898,61,112.1753,33,41.6333,47,39,23.65,23.68,23.63
2022-10-31 03:40:00,0.8303,2.0684,0,0.4094,120,136.2116,47.1323,120,79.9305,80.0195,79.8059,0.0629,120,25.0046,25.0401,24.9699,0.017,120,1006.5917,1006.769,1006.3845,0.0599,120,0,0,0,0,120,0,0,0,0,120,13.2652,13.7689,12.786,0.196,120,120,0,0,0,0,0,120,None,None,None,None,0,3.4432,3.4462,3.4397,0.001,0.5501,0.5504,0.5497,0.0002,0.7993,0.8002,0.7981,0.0006,-0.0001,-0.0001,-0.0001,0,0,0,0,0,0,0,0,0,0,0,0,0,67.8083,202,0,43.8094,0,0,0,0,402.1417,932,94,144.2213,33,41.5,47,39,23.64,23.68,23.63
2022-10-31 03:50:00,0.5628,1.498,0,0.3382,120,134.0402,53.6259,120,80.195,80.3858,80.0195,0.1048,120,24.9036,24.9791,24.8204,0.0458,120,1006.7321,1006.9521,1006.5676,0.0754,120,0,0,0,0,120,0,0,0,0,120,13.2365,13.7689,12.786,0.1867,120,120,0,0,0,0,0,120,None,None,None,None,0,3.4455,3.4492,3.4428,0.0013,0.549,0.5498,0.5482,0.0005,0.802,0.8039,0.8002,0.001,-0.0001,-0.0001,-0.0001,0,0,0,0,0,0,0,0,0,0,0,0,0,39.3,140,0,35.4312,0,0,0,0,409.8167,976,74,167.5888,33,41.45,47,39,23.64,23.68,23.63
2022-10-31 04:00:00,0.6394,1.6544,0,0.3415,120,121.4469,63.5527,120,80.6253,80.9351,80.3247,0.2007,120,24.6842,24.8235,24.5824,0.0726,120,1006.7663,1006.9704,1006.5676,0.054,120,0,0,0,0,120,0,0,0,0,120,13.2816,13.7689,12.786,0.1857,120,120,0,0,0,0,0,120,None,None,None,None,0,3.4461,3.4495,3.4428,0.0009,0.5468,0.5482,0.5458,0.0007,0.8063,0.8094,0.8032,0.002,-0.0001,-0.0001,-0.0001,0,0,0,0,0,0,0,0,0,0,0,0,0,48.575,157,0,33.9321,0,0,0,0,407.8417,992,19,209.355,33,41.4667,47,39,23.64,23.68,23.63
2022-10-31 04:10:00,0.6472,1.2588,0,0.2805,120,140.3327,57.5914,120,81.2538,81.576,80.9046,0.188,120,24.5513,24.5976,24.5274,0.0168,120,1006.934,1006.9887,1006.7507,0.0642,120,0,0,0,0,120,0,0,0,0,120,13.429,13.7689,12.786,0.2366,120,120,0,0,0,0,0,120,None,None,None,None,0,3.4489,3.4498,3.4458,0.0011,0.5455,0.546,0.5453,0.0002,0.8125,0.8158,0.809,0.0019,-0.0001,-0.0001,-0.0001,0,0,0,0,0,0,0,0,0,0,0,0,0,47.7083,114,0,30.1147,0,0,0,0,413.4667,1013,89,168.4212,33,41.7833,47,39,23.65,23.68,23.63
2022-10-31 04:20:00,0.454,1.4152,0,0.2177,120,93.4811,50.1504,120,81.6416,81.8506,81.5455,0.0731,120,24.5408,24.564,24.4877,0.0192,120,1006.9576,1007.1352,1006.769,0.0342,120,0,0,0,0,120,0,0,0,0,120,13.2775,13.7689,12.786,0.1911,120,120,0,0,0,0,0,120,None,None,None,None,0,3.4493,3.4523,3.4462,0.0006,0.5454,0.5456,0.5449,0.0002,0.8164,0.8185,0.8155,0.0007,-0.0001,-0.0001,-0.0001,0,0,0,0,0,0,0,0,0,0,0,0,0,27.0917,131,0,22.7123,0,0,0,0,298.6333,1006,1,169.9567,33,41.7167,47,39,23.64,23.68,23.63
2022-10-31 04:30:00,0.4381,1.5532,0,0.323,120,111.021,57.605,120,82.0442,82.1558,81.8506,0.0801,120,24.4693,24.4999,24.4298,0.0168,120,1006.9424,1006.9704,1006.7507,0.0476,120,0,0,0,0,120,0,0,0,0,120,13.2447,13.7689,12.786,0.1883,120,120,0,0.0102,0.3052,0,0.055,120,None,None,None,None,0,3.449,3.4495,3.4458,0.0008,0.5447,0.545,0.5443,0.0002,0.8204,0.8216,0.8185,0.0008,-0.0001,-0.0001,-0.0001,0,0,0,0,0,0,0,0,0,0,0.0003,0,0.0001,30.125,146,0,28.5518,0,0,0,0,386.275,1010,2,203.0819,33,41.4167,47,39,23.65,23.68,23.63
2022-10-31 04:40:00,0.1035,0.5688,0,0.1612,120,292.7953,44.05,120,82.2237,82.4,82.1253,0.0825,120,24.2788,24.4298,24.0788,0.1061,120,1006.9703,1007.1535,1006.7507,0.0932,120,0.04,0.4803,0,0.1219,120,0.177,1.0996,0,0.3077,120,13.1055,13.2775,12.786,0.2354,120,120,0,1.175,2.7467,0,0.9071,120,None,None,None,None,0,3.4495,3.4526,3.4458,0.0016,0.5428,0.5443,0.5408,0.0011,0.8222,0.824,0.8213,0.0008,-0.0001,-0.0001,-0.0001,0,0,0,0,0,0,0,0,0,0.0012,0.0027,0,0.0009,4.025,39,0,8.1668,0,0,0,0,759.9167,1002,16,219.2202,33,41.5667,47,39,23.65,23.68,23.63
2022-10-31 04:50:00,0.1471,0.762,0,0.2089,120,272.2854,52.9133,120,82.6337,83.0103,82.4,0.1643,120,23.8981,24.0788,23.7278,0.1085,120,1007.0864,1007.1535,1006.9155,0.0907,120,3.941,8.8913,0.4803,2.4927,120,4.4605,9.1597,0.7323,2.3921,120,13.0932,13.2775,12.786,0.2389,120,120,0,5.7731,10.0711,3.0518,2.0381,120,89.46,89.97,88.93,0.37,64,3.4514,3.4526,3.4486,0.0015,0.539,0.5408,0.5373,0.0011,0.8263,0.8301,0.824,0.0016,-0.0001,-0.0001,-0.0001,0,0.0001,0.0001,0,0,0,0.0001,0,0,0.0058,0.0101,0.0031,0.002,7.2417,60,0,13.6234,0,0,0,0,731.5083,953,0,182.2032,33,41.8667,47,39,23.65,23.68,23.63
2022-10-31 05:00:00,0.2426,0.6792,0,0.2344,120,292.1698,46.843,120,83.2921,83.5902,83.0103,0.1908,120,23.6265,23.7278,23.5417,0.0559,120,1007.1508,1007.3366,1006.9521,0.0551,120,14.6465,21.6276,9.1315,3.6067,120,14.7921,21.6158,9.1597,3.49,120,13.4905,14.7535,12.786,0.3756,120,120,0,14.3157,19.2267,9.7659,2.7771,120,87.62,88.93,86.32,0.7,120,3.4525,3.4556,3.4492,0.0009,0.5363,0.5373,0.5354,0.0006,0.8329,0.8359,0.8301,0.0019,-0.0001,-0.0001,-0.0001,0,0.0002,0.0003,0.0001,0,0.0001,0.0002,0.0001,0,0.0143,0.0192,0.0098,0.0028,13.0583,51,0,16.4528,0,0,0,0,778.3833,1022,43,187.914,33,41.7,47,39,23.65,23.68,23.63
2022-10-31 05:10:00,0.3064,1.038,0,0.269,120,282.6212,54.9346,120,83.9979,84.3226,83.5902,0.2439,120,23.5642,23.7034,23.502,0.0624,120,1007.1796,1007.3366,1006.9521,0.078,120,28.3798,34.6039,21.6276,3.6146,120,43.6834,61.5498,21.6158,11.8361,120,153.9408,236.0442,15.7364,67.7735,120,120,0,24.8294,29.6029,19.5318,2.9702,120,85.2,86.32,83.97,0.7,120,3.453,3.4556,3.4492,0.0013,0.5356,0.537,0.535,0.0006,0.84,0.8432,0.8359,0.0024,-0.001,-0.0001,-0.0015,0.0004,0.0004,0.0004,0.0003,0,0.0004,0.0005,0.0002,0.0001,0.0248,0.0296,0.0195,0.003,17.9,90,0,21.723,0,0,0,0,728.2583,1011,0,216.67,32.7,41.5667,47,39,23.65,23.68,23.63
2022-10-31 05:20:00,0.9061,1.9672,0.2836,0.4064,120,257.0322,31.4978,120,84.1698,84.2921,84.048,0.05,120,23.7898,23.856,23.6943,0.0497,120,1007.2913,1007.4831,1007.1352,0.074,120,39.59,45.8976,34.363,3.1891,120,77.3709,91.958,61.916,8.6424,120,281.6218,303.4144,236.5356,19.228,120,120,0,37.4081,46.6933,29.9081,5.0671,120,82.79,83.97,81.62,0.71,120,3.4549,3.4581,3.4523,0.0012,0.5379,0.5386,0.5369,0.0005,0.8417,0.8429,0.8405,0.0005,-0.0017,-0.0015,-0.0019,0.0001,0.0005,0.0006,0.0004,0,0.0006,0.0008,0.0005,0.0001,0.0374,0.0467,0.0299,0.0051,75.6667,191,8,44.169,0,0,0,0,730.8,1018,517,90.7543,32,41.7667,47,39,23.65,23.68,23.63
2022-10-31 05:30:00,0.792,2.1696,0,0.3859,120,252.1825,34.9597,120,84.5464,84.9025,84.2311,0.1995,120,23.9581,24.2009,23.8285,0.1109,120,1007.4027,1007.5014,1007.3,0.0822,120,56.8878,61.2772,45.8976,4.7986,120,119.4667,132.6255,91.958,12.1611,120,360.18,396.3568,302.923,24.591,120,120,0,64.094,72.3289,46.9985,8.071,120,80.38,81.62,79.26,0.71,120,3.4567,3.4584,3.455,0.0014,0.5396,0.542,0.5383,0.0011,0.8455,0.849,0.8423,0.002,-0.0022,-0.0019,-0.0025,0.0002,0.0007,0.0008,0.0006,0.0001,0.001,0.0011,0.0008,0.0001,0.0641,0.0723,0.047,0.0081,64.0167,213,0,40.5525,0,0,0,0,703.15,1004,6,119.4159,32,41.3333,47,39,23.64,23.68,23.63
2022-10-31 05:40:00,0.7,1.728,0,0.4005,120,249.272,32.4949,120,84.5902,84.8415,84.4447,0.0999,120,24.4053,24.6159,24.207,0.1288,120,1007.4654,1007.6662,1007.3183,0.0586,120,61.3514,74.9748,56.7118,4.2354,120,106.0424,147.6471,64.4814,34.1936,120,221.0329,412.5846,13.7689,179.9173,120,120,0,70.0654,85.1466,55.5437,9.7514,120,77.96,79.26,76.64,0.7,120,3.4578,3.4611,3.4553,0.001,0.5441,0.5462,0.5421,0.0013,0.8459,0.8484,0.8444,0.001,-0.0014,-0.0001,-0.0026,0.0011,0.0008,0.001,0.0007,0.0001,0.0009,0.0012,0.0005,0.0003,0.0701,0.0851,0.0555,0.0098,54.975,165,0,40.8546,0,0,0,0,706.875,979,331,95.8594,32,41.5,47,39,23.64,23.68,23.63
2022-10-31 05:50:00,0.4888,0.8632,0,0.1396,120,211.8073,21.7932,120,84.6042,84.9635,84.4142,0.1634,120,24.5501,24.6373,24.4237,0.0691,120,1007.5014,1007.6846,1007.3183,0.0696,120,67.1488,77.6181,55.0291,8.3937,120,68.8407,79.5018,57.1537,8.1353,120,13.7566,14.2604,13.2775,0.2157,120,120,0,64.5339,76.6015,51.2711,9.3289,120,75.54,76.64,74.28,0.7,120,3.4584,3.4614,3.4553,0.0012,0.5455,0.5464,0.5442,0.0007,0.846,0.8496,0.8441,0.0016,-0.0001,-0.0001,-0.0001,0,0.0009,0.001,0.0007,0.0001,0.0006,0.0007,0.0005,0.0001,0.0645,0.0766,0.0513,0.0093,30.4917,71,0,14.6322,0,0,0,0,601.5,761,439,62.3011,32,41.5833,47,39,23.64,23.68,23.63
2022-10-31 06:00:00,0.4593,1.0104,0,0.2122,120,243.8788,28.1743,120,85.2944,85.5129,84.933,0.1551,120,24.4202,24.445,24.3931,0.013,120,1007.5291,1007.6846,1007.3183,0.0821,120,82.416,108.6173,57.4323,16.381,120,84.0877,110.2773,59.3517,16.4236,120,13.7976,14.2604,13.2775,0.265,120,120,0,75.2078,98.88,52.797,14.8899,120,73.12,74.28,71.92,0.71,120,3.4588,3.4614,3.4553,0.0014,0.5442,0.5444,0.5439,0.0001,0.8529,0.8551,0.8493,0.0016,-0.0001,-0.0001,-0.0001,0,0.001,0.0014,0.0007,0.0002,0.0007,0.0009,0.0005,0.0001,0.0752,0.0989,0.0528,0.0149,28.4333,87,0,20.6629,0,0,0,0,692.225,907,447,81.3813,32,41.55,47,39,23.64,23.68,23.63
2022-10-31 06:10:00,0.4367,0.9184,0,0.2122,120,258.592,41.2061,120,85.6995,86.0012,85.2687,0.1526,120,24.4523,24.5793,24.384,0.0593,120,1007.6984,1007.886,1007.4831,0.0781,120,132.4591,152.8331,108.6173,13.9554,120,135.996,154.6074,110.6435,12.6608,120,18.445,38.8495,13.7689,5.884,120,120,0,124.0832,142.5214,99.4903,12.537,120,70.7,71.92,69.56,0.71,120,3.4616,3.4648,3.4581,0.0013,0.5445,0.5458,0.5438,0.0006,0.857,0.86,0.8527,0.0015,-0.0001,-0.0001,-0.0002,0,0.0017,0.0019,0.0014,0.0002,0.0011,0.0013,0.0009,0.0001,0.1241,0.1425,0.0995,0.0125,26.7333,77,0,19.3733,0,0,0,0,717.4167,1010,36,144.6427,32,41.9833,47,39,23.64,23.68,23.63
2022-10-31 06:20:00,0.5546,1.084,0,0.2565,120,231.5317,24.3632,120,85.8656,86.0317,85.6655,0.0914,120,24.738,24.9059,24.5824,0.087,120,1007.7459,1008.0508,1007.6479,0.0966,120,129.96,149.9488,117.5087,8.496,120,132.4362,152.4094,120.1693,8.4962,120,14.1007,14.7535,13.7689,0.2562,120,120,0,119.3604,135.8074,107.7303,7.2438,120,68.28,69.56,67.2,0.7,120,3.4624,3.4675,3.4608,0.0016,0.5474,0.5491,0.5458,0.0009,0.8587,0.8603,0.8567,0.0009,-0.0001,-0.0001,-0.0001,0,0.0016,0.0019,0.0015,0.0001,0.0011,0.0013,0.001,0.0001,0.1194,0.1358,0.1077,0.0072,39.3583,95,0,24.2091,0,0,0,0,657.5,909,411,71.0476,32,41.6333,47,39,23.64,23.68,23.63
2022-10-31 06:30:00,0.4968,1.36,0,0.2443,120,267.3389,51.2763,120,85.9745,86.3369,85.6349,0.2096,120,25.2125,25.565,24.9028,0.218,120,1008.0193,1008.2522,1007.8494,0.0789,120,219.6432,250.6362,151.1504,30.3954,120,259.7646,530.1357,153.509,70.1888,120,97.4747,650.5962,14.2604,126.5637,120,120,0,227.9148,436.7199,136.7229,57.4816,120,65.85,66.93,64.57,0.7,120,3.467,3.4709,3.4642,0.0013,0.5521,0.5556,0.549,0.0022,0.8597,0.8634,0.8563,0.0021,-0.0006,-0.0001,-0.004,0.0008,0.0028,0.0032,0.0019,0.0004,0.0022,0.0044,0.0013,0.0006,0.2279,0.4367,0.1367,0.0575,32.7,125,0,23.9136,0,0,0,0,702.7833,999,2,200.2323,32,41.5667,47,39,23.64,23.68,23.63
2022-10-31 06:40:00,0.3708,1.13,0,0.2264,120,131.9959,91.3089,120,85.4203,86.4589,84.17,0.7423,120,26.2429,26.7187,25.5711,0.3641,120,1008.1016,1008.2705,1007.8677,0.0867,120,186.6595,244.6283,133.1283,43.3097,120,290.8448,553.5834,138.1212,165.5431,120,226.7786,680.593,14.2604,270.4831,120,120,0,251.4013,464.7969,126.6518,133.117,120,63.43,64.57,62.21,0.71,120,3.4684,3.4712,3.4645,0.0014,0.5624,0.5672,0.5557,0.0036,0.8542,0.8646,0.8417,0.0074,-0.0014,-0.0001,-0.0042,0.0017,0.0024,0.0031,0.0017,0.0006,0.0024,0.0046,0.0012,0.0014,0.2514,0.4648,0.1267,0.1331,20.7083,100,0,20.1625,0,0,0,0,459.475,1018,27,266.6952,32.9,41.65,47,39,23.65,23.68,23.63
2022-10-31 06:50:00,1.04,3.6048,0.256,0.5894,120,146.1513,57.5682,120,84.344,85.0856,83.0103,0.4715,120,26.971,27.3748,26.6851,0.2302,120,1008.2051,1008.417,1008.0325,0.078,120,294.1532,374.3921,177.5843,51.1155,120,454.7307,732.0048,182.0852,148.2436,120,315.93,725.3432,15.2449,253.1144,120,120,0,407.0889,640.8887,170.2933,122.7047,120,61,62.21,59.84,0.71,120,3.4701,3.4736,3.4672,0.0013,0.5697,0.5737,0.5668,0.0023,0.8434,0.8509,0.8301,0.0047,-0.002,-0.0001,-0.0045,0.0016,0.0037,0.0048,0.0023,0.0006,0.0038,0.0061,0.0015,0.0012,0.4071,0.6409,0.1703,0.1227,90.2167,369,5,64.0689,0,0,0,0,421.5417,963,17,173.9267,33,41.7333,47,39,23.64,23.68,23.63
2022-10-31 07:00:00,2.0124,3.9544,0.5596,0.8096,120,96.5275,36.4991,120,82.8763,83.9259,82.0338,0.4385,120,27.4793,27.7136,27.3199,0.1235,120,1008.2809,1008.4536,1008.0508,0.1083,120,165.2405,235.2567,146.3449,23.1569,120,574.3775,620.2617,549.9196,17.6983,120,736.1783,751.8982,719.9339,8.2658,120,120,0,483.0521,528.8858,459.9139,17.3505,120,58.58,59.84,57.48,0.71,120,3.4713,3.4742,3.4675,0.0018,0.5748,0.5771,0.5732,0.0012,0.8288,0.8393,0.8203,0.0044,-0.0046,-0.0045,-0.0047,0.0001,0.0021,0.003,0.0019,0.0003,0.0048,0.0052,0.0046,0.0001,0.4831,0.5289,0.4599,0.0174,195.9083,407,38,87.9947,0,0,0,0,291.0667,995,24,133.249,33,41.55,47,39,23.65,23.68,23.63
2022-10-31 07:10:00,2.6074,4.8652,0.5044,1.0173,120,108.5901,38.791,120,80.6342,82.0338,79.5923,0.557,120,27.6185,27.741,27.5091,0.0652,120,1008.3894,1008.4536,1008.2339,0.079,120,148.8198,161.0032,126.6402,9.2757,120,586.1685,607.4394,413.9964,25.9412,120,740.051,774.0267,373.2436,45.2087,120,120,0,497.9247,516.9835,267.9525,26.8037,120,56.15,57.48,54.85,0.7,120,3.4732,3.4742,3.4706,0.0013,0.5762,0.5774,0.5751,0.0006,0.8063,0.8203,0.7959,0.0056,-0.0046,-0.0023,-0.0048,0.0003,0.0019,0.002,0.0016,0.0001,0.0049,0.0051,0.0034,0.0002,0.4979,0.517,0.268,0.0268,260.5833,506,32,110.5799,0,0,0,0,312.975,614,92,111.2318,33,41.6833,47,39,23.65,23.68,23.63
2022-10-31 07:20:00,2.7559,5.2976,0.624,1.117,120,110.8114,33.4299,120,77.7339,79.989,75.6554,1.474,120,27.8692,28.0737,27.6373,0.1343,120,1008.4709,1008.655,1008.2522,0.1018,120,126.9602,137.2134,118.2291,5.4117,120,618.0304,633.8175,599.0132,9.58,120,781.7602,793.2066,764.1927,6.9752,120,120,0,528.5501,542.0087,512.1006,8.0158,120,53.73,54.85,52.49,0.71,120,3.4745,3.4776,3.4709,0.0017,0.5787,0.5807,0.5764,0.0013,0.7773,0.7999,0.7566,0.0147,-0.0049,-0.0047,-0.0049,0,0.0016,0.0017,0.0015,0.0001,0.0051,0.0053,0.005,0.0001,0.5286,0.542,0.5121,0.008,276.7333,553,45,121.4172,0,0,0,0,324.5083,983,62,111.1235,33,41.6667,47,41,23.66,23.68,23.63
2022-10-31 07:30:00,2.9329,5.1872,0.3756,1.1095,120,96.1178,38.8194,120,75.2342,76.8151,74.0379,0.7802,120,27.6509,27.7014,27.5884,0.0352,120,1008.5218,1008.8382,1008.417,0.1027,120,163.6726,216.5134,126.6402,25.9285,120,691.0324,759.8487,632.3517,36.8057,120,794.5705,803.5321,740.5881,8.6198,120,120,0,594.6684,661.0309,539.2621,34.6472,120,51.3,52.49,50.12,0.71,120,3.4754,3.4806,3.4736,0.0017,0.5765,0.577,0.5759,0.0003,0.7523,0.7682,0.7404,0.0078,-0.0049,-0.0046,-0.005,0.0001,0.0021,0.0027,0.0016,0.0003,0.0058,0.0063,0.0053,0.0003,0.5947,0.661,0.5393,0.0346,295.9667,541,18,120.5947,0,0,0,0,289.4417,761,69,122.6671,33.1,42.0333,47,39,23.66,23.68,23.63
2022-10-31 07:40:00,3.0515,5.2976,0.716,0.8813,120,106.661,29.3389,120,73.601,74.4957,72.8477,0.4444,120,27.5352,27.6586,27.4023,0.0904,120,1008.6145,1008.8565,1008.417,0.0931,120,283.0211,340.7496,218.9165,26.1375,120,433.3714,895.0384,257.9232,187.868,120,217.9759,830.5801,15.7364,269.8607,120,120,0,376.6086,809.9612,215.7659,167.1844,120,48.88,50.12,47.76,0.71,120,3.4769,3.4809,3.4736,0.0016,0.5754,0.5766,0.574,0.0009,0.736,0.745,0.7285,0.0044,-0.0014,-0.0001,-0.0052,0.0017,0.0036,0.0043,0.0028,0.0003,0.0036,0.0075,0.0021,0.0016,0.3766,0.81,0.2158,0.1672,308.8583,553,55,95.7983,0,0,0,0,311.25,1009,99,103.0458,34,41.7167,47,39,23.66,23.68,23.63
2022-10-31 07:50:00,2.3393,4.2028,0.6884,0.7367,120,120.5617,37.067,120,73.2582,74.221,72.3899,0.4312,120,27.6131,27.738,27.4419,0.066,120,1008.666,1008.8565,1008.4353,0.0619,120,351.874,430.8638,272.2638,50.664,120,565.4473,1027.2977,278.0732,279.8579,120,295.9728,838.9397,14.7535,339.1182,120,120,0,508.1662,936.0027,245.674,254.9029,120,46.46,47.76,45.14,0.7,120,3.4778,3.4809,3.4739,0.001,0.5761,0.5774,0.5744,0.0007,0.7326,0.7422,0.7239,0.0043,-0.0018,-0.0001,-0.0052,0.0021,0.0045,0.0055,0.0035,0.0006,0.0047,0.0086,0.0023,0.0023,0.5082,0.936,0.2457,0.2549,231.4417,434,52,80.0784,0,0,0,0,345.8083,983,4,119.6406,34,41.6667,47,39,23.66,23.68,23.63
2022-10-31 08:00:00,2.6784,4.1292,0.4124,0.7333,120,116.7451,47.8612,120,72.8881,73.5191,72.3899,0.2821,120,27.9382,28.0218,27.7441,0.0791,120,1008.728,1008.8748,1008.6367,0.0966,120,358.8809,427.7394,287.1622,42.7652,120,632.392,1043.7839,297.1248,273.881,120,354.7871,841.3986,15.2449,326.7805,120,120,0,580.0806,954.3138,268.5629,253.5656,120,44.04,45.14,42.78,0.7,120,3.4788,3.4812,3.4773,0.0016,0.5794,0.5802,0.5774,0.0008,0.7289,0.7352,0.7239,0.0028,-0.0022,-0.0001,-0.0052,0.002,0.0046,0.0054,0.0036,0.0005,0.0053,0.0087,0.0025,0.0023,0.5801,0.9543,0.2686,0.2536,268.3083,426,22,79.7081,0,0,0,0,356.725,1002,76,154.4916,34,41.7667,47,41,23.66,23.68,23.63
2022-10-31 08:10:00,2.6384,5.04,0.7068,1.1264,120,139.4051,40.345,120,72.5257,73.2444,71.9626,0.2758,120,27.949,28.1408,27.8753,0.0656,120,1008.7025,1008.8748,1008.4719,0.0866,120,356.8263,458.2583,290.2866,42.1488,120,624.4509,1081.8872,298.9568,300.7039,120,340.7392,842.873,14.2604,355.2497,120,120,0,578.018,1001.9227,271.3096,276.0998,120,41.62,42.78,40.43,0.71,120,3.4784,3.4812,3.4745,0.0014,0.5795,0.5814,0.5787,0.0007,0.7253,0.7324,0.7196,0.0028,-0.0021,-0.0001,-0.0052,0.0022,0.0045,0.0058,0.0037,0.0005,0.0052,0.009,0.0025,0.0025,0.578,1.0019,0.2713,0.2761,263.9583,525,54,122.4307,0,0,0,0,399.5333,866,105,119.5039,34.6,41.95,47,39,23.67,23.68,23.63
2022-10-31 08:20:00,2.4316,4.3132,0.7896,0.8051,120,98.1156,41.1424,120,71.732,72.3289,71.2302,0.2469,120,28.1929,28.2293,28.1408,0.0233,120,1008.6842,1008.8748,1008.4536,0.0874,120,354.3591,404.1898,286.6819,28.2163,120,514.1923,1118.1573,294.5606,246.5283,120,194.0764,868.9365,14.2604,277.5599,120,120,0,472.8741,1037.6293,268.2577,231.2308,120,39.21,40.43,38.08,0.71,120,3.4781,3.4812,3.4742,0.0015,0.5819,0.5823,0.5814,0.0002,0.7173,0.7233,0.7123,0.0025,-0.0012,-0.0001,-0.0054,0.0017,0.0045,0.0051,0.0036,0.0004,0.0043,0.0093,0.0025,0.0021,0.4729,1.0376,0.2683,0.2312,241.475,446,63,87.5086,0,0,0,0,288.4833,840,48,125.1362,35,41.95,47,39,23.67,23.68,23.63
2022-10-31 08:30:00,2.3197,5.2332,0.6056,1.0045,120,91.3266,34.5095,120,71.349,71.9321,70.7419,0.3139,120,28.1526,28.2354,27.9089,0.0831,120,1008.7683,1008.8931,1008.655,0.0988,120,330.7053,421.2512,210.9866,62.9811,120,377.4757,1128.7815,219.0888,178.3416,120,59.9494,843.3645,13.2775,168.8198,120,120,0,351.5809,1048.0056,205.0844,166.8731,120,36.8,38.08,35.73,0.7,120,3.4795,3.4816,3.4776,0.0016,0.5815,0.5824,0.5791,0.0008,0.7135,0.7193,0.7074,0.0031,-0.0004,-0.0001,-0.0052,0.001,0.0042,0.0053,0.0027,0.0008,0.0031,0.0094,0.0018,0.0015,0.3516,1.048,0.2051,0.1669,229.3167,546,43,109.1896,0,0,0,0,260.0667,560,20,100.1757,35,41.7,47,39,23.67,23.68,23.63
2022-10-31 08:40:00,2.5583,4.948,1.0656,0.9471,120,92.3985,34.8145,120,72.0336,73.0003,71.1386,0.4338,120,27.8654,27.915,27.7532,0.0512,120,1008.7817,1008.8931,1008.6734,0.1,120,300.3009,362.6173,212.1874,41.5757,120,580.1815,1100.2053,220.9208,357.2281,120,325.5931,851.7257,14.2604,368.5447,120,120,0,540.3175,1022.9804,206.9155,330.698,120,34.4,35.47,33.13,0.7,120,3.4797,3.4816,3.4779,0.0017,0.5786,0.5792,0.5775,0.0005,0.7203,0.73,0.7114,0.0043,-0.002,-0.0001,-0.0053,0.0023,0.0038,0.0046,0.0027,0.0005,0.0048,0.0092,0.0018,0.003,0.5403,1.023,0.2069,0.3307,255.25,515,93,102.9406,0,0,0,0,267.9917,604,56,102.4409,35.4,41.9,47,39,23.67,23.68,23.63
2022-10-31 08:50:00,2.1619,4.028,0.2284,0.8523,120,79.7703,40.3617,120,72.1694,72.6951,71.749,0.2076,120,27.7812,27.8753,27.6739,0.0582,120,1008.7791,1008.9114,1008.6734,0.1009,120,252.6368,290.7669,230.6913,15.36,120,290.0174,942.6663,239.2389,110.4205,120,46.9712,771.0764,13.7689,118.6477,120,120,0,265.7374,880.7642,216.6814,102.9994,120,32,33.13,30.8,0.7,120,3.4797,3.4819,3.4779,0.0017,0.5778,0.5787,0.5767,0.0006,0.7217,0.727,0.7175,0.0021,-0.0003,-0.0001,-0.0048,0.0007,0.0032,0.0037,0.0029,0.0002,0.0024,0.0079,0.002,0.0009,0.2657,0.8808,0.2167,0.103,212.1667,415,2,92.6396,0,0,0,0,239.3,687,5,123.7714,36,42.0667,47,39,23.67,23.68,23.63
2022-10-31 09:00:00,2.7435,4.304,0.7988,0.8536,120,82.8096,36.8081,120,72.9191,73.6106,72.2068,0.3589,120,27.6099,27.6739,27.5762,0.0209,120,1008.7558,1008.9297,1008.5086,0.094,120,409.1203,461.863,296.5339,50.2859,120,638.5042,1259.9424,308.4826,291.2123,120,242.3753,871.8869,14.2604,278.899,120,120,0,596.1282,1170.9952,284.7377,273.0346,120,29.61,30.8,28.47,0.7,120,3.4793,3.4822,3.4751,0.0016,0.5761,0.5767,0.5758,0.0002,0.7292,0.7361,0.7221,0.0036,-0.0015,-0.0001,-0.0054,0.0017,0.0052,0.0059,0.0038,0.0006,0.0053,0.0105,0.0026,0.0024,0.5961,1.171,0.2847,0.273,275.3833,445,64,92.782,0,0,0,0,247.8417,746,36,117.2995,36,41.85,47,39,23.68,23.68,23.63
2022-10-31 09:10:00,3.2034,5.6564,1.2772,1.0044,120,79.0531,32.3638,120,73.2487,74.0074,72.5425,0.3824,120,27.7926,27.8906,27.6342,0.0755,120,1008.6497,1008.9114,1008.4902,0.0967,120,384.337,501.7528,300.3787,51.7205,120,973.1851,1295.479,376.9928,297.6112,120,623.7337,895,16.7193,328.2291,120,120,0,899.561,1201.8189,328.9895,277.0335,120,27.24,28.47,26.16,0.69,120,3.4775,3.4819,3.4748,0.0016,0.5779,0.5789,0.5763,0.0008,0.7325,0.7401,0.7254,0.0038,-0.0039,-0.0001,-0.0056,0.002,0.0049,0.0064,0.0038,0.0007,0.0081,0.0108,0.0031,0.0025,0.8996,1.2018,0.329,0.277,325.375,592,116,109.1754,0,0,0,0,231.5333,738,8,101.0262,36,41.7333,47,41,23.68,23.68,23.63
2022-10-31 09:20:00,3.0462,5.9416,0.5872,1.3115,120,83.6308,48.9558,120,72.5341,73.5496,71.4133,0.6126,120,28.1561,28.3575,27.8967,0.1543,120,1008.5463,1008.7283,1008.4902,0.0744,120,317.9853,396.7409,236.6984,54.4087,120,969.4939,1225.503,336.3265,295.0377,120,674.6389,900.9007,15.7364,335.8048,120,120,0,887.7199,1129.1848,296.9451,276.7918,120,24.87,26.16,23.61,0.68,120,3.4758,3.4788,3.4748,0.0012,0.5816,0.5836,0.579,0.0015,0.7253,0.7355,0.7141,0.0061,-0.0042,-0.0001,-0.0056,0.0021,0.004,0.005,0.003,0.0007,0.0081,0.0102,0.0028,0.0025,0.8877,1.1292,0.2969,0.2768,308.2833,623,41,142.5491,0,0,0,0,281.575,967,29,177.0132,36.8,41.7833,47,39,23.68,23.68,23.63
2022-10-31 09:30:00,3.1032,5.4172,1.1852,1.0712,120,81.2178,38.933,120,70.6832,71.749,69.9484,0.3786,120,28.2057,28.385,28.0432,0.1022,120,1008.5531,1008.7283,1008.4902,0.0739,120,300.0767,363.8189,241.7449,36.1152,120,747.8257,1245.2869,277.7071,399.035,120,460.9741,907.786,14.7535,406.6132,120,120,0,675.5857,1144.7493,237.434,374.727,120,22.53,23.61,21.33,0.68,120,3.4759,3.4788,3.4748,0.0012,0.5821,0.5838,0.5804,0.001,0.7068,0.7175,0.6995,0.0038,-0.0029,-0.0001,-0.0056,0.0025,0.0038,0.0046,0.0031,0.0005,0.0062,0.0104,0.0023,0.0033,0.6756,1.1447,0.2374,0.3747,314.475,566,106,116.4395,0,0,0,0,251.0167,837,53,130.9382,37,41.55,47,39,23.68,23.68,23.63
2022-10-31 09:40:00,2.8284,5.7576,0.4216,1.2702,120,71.5151,47.9426,120,70.8352,71.3218,70.1621,0.2717,120,28.0432,28.1256,27.9486,0.0499,120,1008.4838,1008.71,1008.3254,0.0861,120,310.5679,422.6937,261.4496,42.9243,120,437.6671,1193.2629,276.9748,264.5723,120,130.4184,901.3922,13.7689,263.6373,120,120,0,393.0174,1096.2249,237.1288,246.8606,120,20.21,21.33,19.09,0.67,120,3.4747,3.4785,3.4721,0.0014,0.5804,0.5813,0.5795,0.0005,0.7084,0.7132,0.7016,0.0027,-0.0008,-0.0001,-0.0056,0.0016,0.0039,0.0054,0.0033,0.0005,0.0036,0.0099,0.0023,0.0022,0.393,1.0962,0.2371,0.2469,284.6083,603,23,138.0669,0,0,0,0,238.8417,1020,23,171.1784,37,41.5333,47,39,23.68,23.68,23.63
2022-10-31 09:50:00,3.3879,5.9784,1.1392,1.034,120,101.2709,29.6797,120,71.54,72.0847,70.8029,0.3057,120,27.8628,27.9486,27.7532,0.0545,120,1008.4043,1008.5452,1008.1423,0.0983,120,311.8815,356.6102,232.8535,41.7947,120,559.7472,1254.0804,244.3673,381.2506,120,249.4977,892.0496,13.7689,359.1646,120,120,0,517.2328,1166.4174,219.4281,358.5146,120,17.93,19.09,16.88,0.66,120,3.4734,3.4758,3.469,0.0016,0.5786,0.5795,0.5775,0.0006,0.7154,0.7208,0.708,0.0031,-0.0015,-0.0001,-0.0055,0.0022,0.004,0.0045,0.003,0.0005,0.0047,0.0104,0.002,0.0032,0.5172,1.1664,0.2194,0.3585,345.425,627,101,112.3918,0,0,0,0,288.8,540,40,86.3301,37.2,44.15,47,41,23.68,23.68,23.63
2022-10-31 10:00:00,3.3078,6.2452,0.7896,1.2852,120,88.2063,37.4346,120,72.4062,73.5496,71.3828,0.5492,120,27.603,27.7502,27.4938,0.0641,120,1008.2855,1008.5269,1008.1423,0.0917,120,324.3072,394.0976,239.8228,33.9231,120,774.8147,1307.9364,305.551,407.077,120,440.8489,929.9146,15.2449,395.0833,120,120,0,709.68,1205.7863,273.1407,381.3937,120,15.7,16.88,14.5,0.64,120,3.4714,3.4754,3.469,0.0015,0.576,0.5775,0.5749,0.0006,0.7241,0.7355,0.7138,0.0055,-0.0027,-0.0001,-0.0058,0.0025,0.0041,0.005,0.003,0.0004,0.0065,0.0109,0.0025,0.0034,0.7097,1.2058,0.2731,0.3814,336.7167,656,63,139.6969,0,0,0,0,268.8583,1012,4,131.4579,38,46.35,49,41,23.68,23.68,23.63
2022-10-31 10:10:00,3.0986,5.5368,0.6792,1.1407,120,69.4722,40.0219,120,72.4108,73.9769,70.925,0.8128,120,28.1299,28.2873,27.7288,0.1371,120,1008.177,1008.3621,1007.9775,0.0495,120,247.252,307.5882,204.2575,30.1389,120,995.6831,1250.7827,289.431,323.671,120,717.9053,930.4061,15.7364,335.6857,120,120,0,903.9455,1153.5997,242.6222,308.9769,120,13.54,14.5,12.46,0.61,120,3.4696,3.4727,3.4663,0.0008,0.5813,0.5829,0.5773,0.0014,0.7241,0.7398,0.7093,0.0081,-0.0045,-0.0001,-0.0058,0.0021,0.0031,0.0039,0.0026,0.0004,0.0083,0.0104,0.0024,0.0027,0.9039,1.1536,0.2426,0.309,313.9833,579,51,123.9866,0,0,0,0,263.7583,1021,5,206.5046,38,46.4,47,41,23.68,23.68,23.63
2022-10-31 10:20:00,3.4674,6.0796,1.6176,0.9075,120,72.4289,28.3216,120,70.908,71.3218,70.4367,0.1829,120,27.9244,28.2354,27.6281,0.1757,120,1008.1948,1008.3621,1007.9775,0.0674,120,310.8042,386.1669,242.9465,41.7196,120,353.7442,1022.9016,258.2893,105.0102,120,38.9923,589.6181,13.7689,82.1317,120,120,0,315.2282,878.6279,226.4473,102.0719,120,11.51,12.46,10.56,0.57,120,3.4699,3.4727,3.4663,0.0011,0.5792,0.5824,0.5763,0.0018,0.7091,0.7132,0.7044,0.0018,-0.0002,-0.0001,-0.0037,0.0005,0.0039,0.0049,0.0031,0.0005,0.0029,0.0085,0.0022,0.0009,0.3152,0.8786,0.2264,0.1021,354.0667,638,153,98.6452,0,0,0,0,215.9167,1013,22,108.8409,38.5,46.3,49,41,23.68,23.68,23.63
2022-10-31 10:30:00,2.8608,5.776,0.6148,1.0518,120,72.8412,43.9866,120,71.8863,72.3899,70.9861,0.3405,120,27.7312,28.0706,27.5549,0.1361,120,1008.1048,1008.3621,1007.9592,0.0955,120,312.3021,420.7709,246.311,42.6816,120,835.6503,1318.9268,279.9052,420.7609,120,496.0692,931.3906,14.7535,411.3858,120,120,0,762.9653,1233.5581,233.4666,394.6883,120,9.68,10.56,8.91,0.5,120,3.4684,3.4727,3.466,0.0016,0.5773,0.5807,0.5756,0.0014,0.7189,0.7239,0.7099,0.0034,-0.0031,-0.0001,-0.0058,0.0026,0.004,0.0053,0.0031,0.0005,0.007,0.011,0.0023,0.0035,0.763,1.2336,0.2335,0.3947,288.1333,605,44,114.3287,0,0,0,0,243.7167,979,7,170.1555,39,46.3,47,41,23.68,23.68,23.63
2022-10-31 10:40:00,3.1823,7.5976,1.2588,1.1966,120,72.6755,36.1783,120,70.7605,72.0542,70.1926,0.4316,120,28.0097,28.1652,27.9058,0.0752,120,1008.01,1008.179,1007.8127,0.0707,120,279.0621,350.6024,225.1638,30.6399,120,588.2629,1271.2989,247.6651,374.9705,120,295.3623,925.9813,14.2604,354.3141,120,120,0,528.7866,1178.6248,204.1688,352.9209,120,8.19,8.91,7.65,0.37,120,3.4668,3.4696,3.4635,0.0012,0.5801,0.5817,0.5791,0.0008,0.7076,0.7205,0.7019,0.0043,-0.0018,-0.0001,-0.0057,0.0022,0.0035,0.0045,0.0029,0.0004,0.0049,0.0106,0.0021,0.0031,0.5288,1.1786,0.2042,0.3529,323.075,803,114,130.0677,0,0,0,0,251.1583,1011,2,172.0607,39,46.3667,47,41,23.68,23.68,23.63
2022-10-31 10:50:00,3.31,5.408,1.13,1.08,120,68.5554,31.3464,120,70.4451,71.2302,68.9413,0.5577,120,28.1223,28.2873,28.0401,0.0763,120,1007.8883,1008.0142,1007.7761,0.0941,120,312.6285,422.9339,234.2953,53.9095,120,951.0411,1301.7083,379.9244,336.0989,120,603.0143,942.2092,20.6542,344.0842,120,120,0,860.0828,1227.1493,326.548,316.7929,120,7.23,7.55,6.99,0.18,120,3.4648,3.4669,3.4629,0.0016,0.5812,0.5829,0.5804,0.0008,0.7045,0.7123,0.6894,0.0056,-0.0037,-0.0001,-0.0058,0.0021,0.004,0.0054,0.003,0.0007,0.0079,0.0108,0.0032,0.0028,0.8601,1.2271,0.3265,0.3168,336.9583,565,100,117.3901,0,0,0,0,209.9,894,47,114.5334,39,46.1833,47,41,23.68,23.68,23.63
2022-10-31 11:00:00,3.1272,5.8864,0.5872,1.17,120,75.3725,38.3721,120,69.7635,71.0471,68.4835,0.7324,120,28.2079,28.3972,28.0401,0.1162,120,1007.7709,1007.831,1007.593,0.0722,120,328.7008,418.1276,261.2094,43.5693,120,706.4656,1339.4442,281.7371,405.2249,120,352.9266,917.62,13.7689,378.5419,120,120,0,645.5224,1232.6426,242.317,380.9786,120,7.05,7.24,6.98,0.08,120,3.4628,3.4639,3.4599,0.0012,0.5821,0.584,0.5804,0.0012,0.6976,0.7105,0.6848,0.0073,-0.0022,-0.0001,-0.0057,0.0023,0.0042,0.0053,0.0033,0.0006,0.0059,0.0112,0.0023,0.0034,0.6455,1.2326,0.2423,0.381,317.0917,617,41,127.1782,0,0,0,0,240.7333,1009,63,143.5949,39,46.1,47,39,23.68,23.68,23.68
2022-10-31 11:10:00,2.7443,6.4384,0.5044,1.1467,120,75.3264,45.7424,120,70.0502,71.0471,69.3075,0.3801,120,28.0035,28.0828,27.9363,0.0332,120,1007.692,1007.8127,1007.4282,0.1017,120,330.415,476.0409,223.963,81.558,120,603.4519,1397.6963,241.437,421,120,253.7063,925.9813,14.2604,339.3975,120,120,0,542.5428,1306.1922,204.474,395.5321,120,7.68,8.2,7.24,0.29,120,3.4615,3.4635,3.4571,0.0017,0.58,0.5808,0.5794,0.0003,0.7005,0.7105,0.6931,0.0038,-0.0016,-0.0001,-0.0057,0.0021,0.0042,0.006,0.0028,0.001,0.005,0.0116,0.002,0.0035,0.5425,1.3062,0.2045,0.3955,275.4667,677,32,124.6454,0,0,0,0,277.325,1000,47,201.2203,39,46.0833,47,41,23.68,23.68,23.63
2022-10-31 11:20:00,3.2824,5.73,0.9644,1.0697,120,88.5651,34.5487,120,70.6379,72.0237,69.5517,0.6283,120,27.9342,28.0767,27.8417,0.0601,120,1007.5094,1007.6479,1007.2634,0.0935,120,361.0416,445.522,264.8142,50.4552,120,740.0555,1367.2881,278.8067,417.3132,120,356.623,925.4882,13.7689,375.1801,120,120,0,683.4773,1282.3878,247.1999,394.8661,120,8.96,9.68,8.2,0.45,120,3.4585,3.4608,3.4544,0.0016,0.5793,0.5808,0.5784,0.0006,0.7064,0.7202,0.6955,0.0063,-0.0022,-0.0001,-0.0057,0.0023,0.0046,0.0057,0.0034,0.0006,0.0062,0.0114,0.0023,0.0035,0.6835,1.2824,0.2472,0.3949,333.9583,600,82,116.2714,0,0,0,0,282.9917,1007,54,152.7429,39,46.2333,49,39,23.68,23.68,23.63
2022-10-31 11:30:00,2.7588,5.2608,0.8908,1.1034,120,105.719,38.5802,120,70.6923,71.9626,69.6127,0.4237,120,28.1697,28.3239,28.0706,0.0514,120,1007.4497,1007.6479,1007.2634,0.0633,120,373.9258,501.9937,255.6827,72.8092,120,447.7758,937.5378,278.0732,141.3401,120,69.6125,544.8679,14.2604,106.487,120,120,0,407.8799,1066.6219,242.317,147.372,120,10.66,11.68,9.68,0.54,120,3.4575,3.4608,3.4544,0.0011,0.5817,0.5832,0.5807,0.0005,0.7069,0.7196,0.6961,0.0042,-0.0004,-0.0001,-0.0034,0.0007,0.0047,0.0064,0.0032,0.0009,0.0037,0.0078,0.0023,0.0012,0.4079,1.0666,0.2423,0.1474,277.0417,549,74,119.9343,0,0,0,0,310.6417,959,33,124.245,39,45.8167,49,41,23.68,23.68,23.63
2022-10-31 11:40:00,3.4321,6.4936,0.8816,1.0771,120,98.9322,32.0485,120,69.379,70.5283,68.2089,0.5648,120,28.2775,28.385,28.1622,0.0649,120,1007.3251,1007.4648,1007.2634,0.0791,120,382.2844,444.3205,325.3709,30.4729,120,734.3127,1347.5042,345.1188,388.6482,120,338.9197,909.2604,14.7535,369.2098,120,120,0,677.2744,1260.7196,307.3214,369.3935,120,12.61,13.67,11.68,0.6,120,3.4554,3.4577,3.4544,0.0013,0.5828,0.5838,0.5816,0.0006,0.6938,0.7053,0.6821,0.0056,-0.0021,-0.0001,-0.0056,0.0023,0.0049,0.0056,0.0041,0.0004,0.0061,0.0112,0.0029,0.0032,0.6773,1.2607,0.3073,0.3694,350.2333,683,73,117.0761,0,0,0,0,298.5083,1009,96,118.9555,39,46.2833,49,41,23.68,23.68,23.68
2022-10-31 11:50:00,2.6362,4.8192,0.7896,0.9522,120,86.2248,37.0954,120,69.3063,70.2841,68.1173,0.4329,120,28.0993,28.1683,28.0676,0.021,120,1007.2077,1007.3,1007.0803,0.0915,120,307.3478,390.4929,258.0858,45.5836,120,433.3714,1305.7383,268.9148,302.8053,120,125.087,905.8186,14.2604,270.1756,120,120,0,393.8897,1218.9093,238.0444,287.0746,120,14.72,15.78,13.67,0.63,120,3.4535,3.455,3.4513,0.0015,0.581,0.5817,0.5807,0.0002,0.6931,0.7028,0.6812,0.0043,-0.0008,-0.0001,-0.0056,0.0017,0.0039,0.005,0.0033,0.0006,0.0036,0.0109,0.0022,0.0025,0.3939,1.2189,0.238,0.2871,263.7167,501,63,103.5026,0,0,0,0,267.225,968,32,132.8304,39,46.2333,47,41,23.68,23.68,23.68
2022-10-31 12:00:00,3.2583,5.2976,0.8632,1.0546,120,78.1742,40.8772,120,70.0685,70.7724,69.4296,0.3549,120,27.9808,28.153,27.8234,0.1173,120,1007.0707,1007.2817,1006.7141,0.082,120,333.3066,421.011,224.9236,57.3061,120,399.6014,1289.6182,234.1092,173.6641,120,66.5553,910.2449,13.7689,154.4972,120,120,0,354.0376,1202.4293,198.9807,159.4639,120,16.92,17.96,15.78,0.65,120,3.4512,3.4547,3.4452,0.0014,0.5798,0.5815,0.5782,0.0012,0.7007,0.7077,0.6943,0.0035,-0.0004,-0.0001,-0.0056,0.001,0.0042,0.0053,0.0029,0.0007,0.0033,0.0107,0.0019,0.0014,0.354,1.2024,0.199,0.1595,331.3333,553,71,114.6301,0,0,0,0,256.4667,978,7,160.9343,39,45.95,49,41,23.68,23.68,23.68
2022-10-31 12:10:00,2.8048,5.9968,0.67,1.062,120,89.0343,37.1228,120,71.1447,72.1763,70.101,0.5023,120,27.7496,27.8295,27.6922,0.0324,120,1006.9077,1007.0986,1006.6958,0.0836,120,283.1413,424.6157,216.7535,57.3688,120,378.5779,1283.7563,223.8511,229.4415,120,101.6751,887.1318,13.7689,190.8324,120,120,0,341.1842,1181.6767,191.0459,224.5743,120,19.18,20.43,17.96,0.66,120,3.4485,3.4516,3.4449,0.0014,0.5775,0.5783,0.5769,0.0003,0.7114,0.7218,0.701,0.005,-0.0006,-0.0001,-0.0055,0.0012,0.0036,0.0054,0.0028,0.0007,0.0032,0.0107,0.0019,0.0019,0.3412,1.1817,0.191,0.2246,282.0417,629,50,115.4394,0,0,0,0,267.7333,904,70,126.3636,39,45.3833,47,39,23.68,23.68,23.68
2022-10-31 12:20:00,2.5186,5.0584,0.4952,0.9883,120,91.3749,46.8447,120,71.3449,72.2068,70.0095,0.6783,120,28.2112,28.4704,27.8387,0.2157,120,1006.6839,1006.8972,1006.4943,0.0944,120,288.518,333.7811,240.5433,24.7707,120,709.5554,1229.533,254.2593,408.0826,120,421.1006,908.7689,15.7364,401.4408,120,120,0,654.1999,1137.1197,220.6488,386.0085,120,21.49,22.69,20.43,0.68,120,3.4447,3.4483,3.4416,0.0016,0.5821,0.5847,0.5784,0.0022,0.7134,0.7221,0.7001,0.0068,-0.0026,-0.0001,-0.0056,0.0025,0.0037,0.0042,0.0031,0.0003,0.0059,0.0102,0.0021,0.0034,0.6542,1.1371,0.2206,0.386,250.9333,527,31,107.4201,0,0,0,0,287.675,994,12,162.0175,39,41.65,47,41,23.68,23.68,23.68
2022-10-31 12:30:00,2.7039,6.3832,0.532,1.2026,120,94.1607,38.8202,120,69.7226,70.5893,68.5751,0.5879,120,28.3341,28.4551,28.0401,0.0992,120,1006.5642,1006.7141,1006.3295,0.0876,120,306.0422,370.7882,257.3646,34.6469,120,472.9575,1235.0288,268.5486,321.3635,120,170.5991,891.5582,13.7689,303.4137,120,120,0,430.5348,1149.9374,238.6547,300.493,120,23.82,24.98,22.69,0.69,120,3.4427,3.4452,3.4388,0.0015,0.5833,0.5846,0.5804,0.001,0.6972,0.7059,0.6858,0.0059,-0.0011,-0.0001,-0.0055,0.0019,0.0039,0.0047,0.0033,0.0004,0.0039,0.0103,0.0022,0.0027,0.4305,1.1499,0.2387,0.3005,271.075,671,35,130.7228,0,0,0,0,283.4583,914,37,130.0082,39,41.6333,47,39,23.68,23.68,23.63
2022-10-31 12:40:00,2.9787,5.822,0.808,1.045,120,100.8847,32.1593,120,69.6743,70.4978,68.392,0.559,120,28.1809,28.4613,27.9486,0.189,120,1006.3265,1006.531,1006.1281,0.102,120,254.8055,318.6417,211.9472,25.4641,120,897.5147,1169.449,223.485,346.5903,120,673.8521,909.2604,15.7364,356.3043,120,120,0,835.0881,1095.9197,197.1496,328.8901,120,26.17,27.29,24.98,0.69,120,3.4388,3.4422,3.4355,0.0017,0.5818,0.5846,0.5795,0.0019,0.6967,0.705,0.6839,0.0056,-0.0042,-0.0001,-0.0056,0.0022,0.0032,0.004,0.0027,0.0003,0.0075,0.0097,0.0019,0.0029,0.8351,1.0959,0.1971,0.3289,300.95,610,65,113.5889,0,0,0,0,295.8583,902,114,104.3017,39,41.85,47,39,23.68,23.68,23.68
2022-10-31 12:50:00,3.5203,5.7208,1.038,1.0478,120,108.1238,31.7397,120,68.5283,69.277,67.5069,0.4152,120,28.2726,28.4033,28.1347,0.0801,120,1006.2355,1006.3478,1005.9633,0.0955,120,233.4946,337.1457,190.0795,42.2169,120,714.1594,1128.7815,204.7995,382.6955,120,519.1287,900.9007,14.7535,410.7413,120,120,0,661.5497,1062.0441,179.4488,359.6737,120,28.54,29.6,27.29,0.69,120,3.4373,3.4391,3.4327,0.0016,0.5827,0.584,0.5814,0.0008,0.6853,0.6928,0.6751,0.0042,-0.0032,-0.0001,-0.0056,0.0025,0.003,0.0043,0.0024,0.0005,0.0059,0.0094,0.0017,0.0032,0.6615,1.062,0.1794,0.3597,359.8167,599,90,113.8862,0,0,0,0,315.9833,998,102,107.1615,39,41.4667,47,39,23.68,23.68,23.68
2022-10-31 13:00:00,3.1296,5.638,0.9736,1.0668,120,103.9307,31.2232,120,67.6473,68.392,66.2252,0.4546,120,28.5387,28.9251,28.2568,0.2434,120,1006.1098,1006.3295,1005.945,0.0761,120,296.7505,393.1362,245.5898,42.7097,120,871.527,1154.4274,346.5846,270.8066,120,631.1306,909.2604,40.8153,318.2162,120,120,0,806.4618,1082.1863,311.594,256.1637,120,30.93,32.19,29.86,0.69,120,3.4352,3.4388,3.4324,0.0013,0.5854,0.5893,0.5826,0.0024,0.6765,0.6839,0.6623,0.0045,-0.0039,-0.0003,-0.0056,0.002,0.0038,0.005,0.0031,0.0005,0.0073,0.0096,0.0029,0.0023,0.8065,1.0822,0.3116,0.2562,317.35,590,83,115.9514,0,0,0,0,311.075,1010,63,117.026,39,41.3333,47,39,23.68,23.68,23.63
2022-10-31 13:10:00,3.1141,5.684,0.9644,1.1315,120,109.011,40.6605,120,66.2333,67.0492,65.5538,0.3717,120,28.5662,28.8977,28.4216,0.139,120,1006.0179,1006.1464,1005.9267,0.0898,120,255.935,325.1299,211.4669,31.9086,120,598.0968,1100.2053,225.3169,328.269,120,385.69,919.5875,15.7364,353.6652,120,120,0,550.1445,1022.6753,193.7925,311.4092,120,33.32,34.53,32.19,0.7,120,3.4336,3.4358,3.4321,0.0015,0.5857,0.589,0.5842,0.0014,0.6623,0.6705,0.6555,0.0037,-0.0024,-0.0001,-0.0057,0.0022,0.0032,0.0041,0.0027,0.0004,0.005,0.0092,0.0019,0.0027,0.5501,1.0227,0.1938,0.3114,315.6583,595,82,122.9923,0,0,0,0,317.4167,802,46,121.7698,39,41.5,47,39,23.68,23.73,23.63
2022-10-31 13:20:00,2.9633,5.8864,0.9828,1.0813,120,97.6042,35.6895,120,66.4332,67.0797,65.8284,0.2938,120,28.552,28.6291,28.4979,0.0321,120,1005.9517,1006.1464,1005.7619,0.052,120,230.0723,278.0307,200.1724,22.3002,120,744.281,1008.6134,250.5966,290.8877,120,597.2567,889.0993,17.7038,344.9273,120,120,0,690.3541,940.5805,222.4799,275.1578,120,35.72,36.87,34.53,0.7,120,3.4325,3.4358,3.4294,0.0009,0.5855,0.5863,0.585,0.0003,0.6643,0.6708,0.6583,0.0029,-0.0037,-0.0001,-0.0055,0.0021,0.0029,0.0035,0.0025,0.0003,0.0062,0.0084,0.0021,0.0024,0.6904,0.9406,0.2225,0.2752,299.2667,617,84,117.5325,0,0,0,0,292.8833,978,5,128.4893,39,41.3333,45,39,23.68,23.73,23.68
2022-10-31 13:30:00,3.074,6.6132,0.808,1.1318,120,97.4099,38.4648,120,66.9296,67.9952,65.7674,0.5922,120,28.5348,28.7176,28.4063,0.1033,120,1005.9256,1006.1464,1005.7436,0.0667,120,225.2583,299.8984,165.8094,40.7865,120,595.9994,996.1561,236.6747,311.3705,120,442.6807,872.3783,13.7689,396.3045,120,120,0,542.1232,917.6916,206.3051,290.0626,120,38.13,39.22,36.87,0.7,120,3.4321,3.4358,3.4291,0.0011,0.5854,0.5872,0.5841,0.001,0.6693,0.68,0.6577,0.0059,-0.0027,-0.0001,-0.0054,0.0025,0.0029,0.0038,0.0021,0.0005,0.005,0.0083,0.002,0.0026,0.5421,0.9177,0.2063,0.2901,311.3,696,65,123.024,0,0,0,0,302.3417,1015,64,144.1453,39,41.1167,47,39,23.68,23.68,23.68
2022-10-31 13:40:00,3.3427,5.362,0.9,0.9088,120,96.0938,28.6829,120,67.2231,68.1173,66.2252,0.5945,120,28.3098,28.4613,28.2263,0.056,120,1005.9181,1006.1464,1005.7436,0.0719,120,256.758,274.6669,233.815,12.5639,120,676.2982,976.3721,258.2893,283.715,120,522.87,870.4125,22.1286,350.4253,120,120,0,620.9398,927.7627,220.954,268.3973,120,40.54,41.84,39.22,0.7,120,3.432,3.4358,3.4291,0.0012,0.5831,0.5846,0.5823,0.0006,0.6722,0.6812,0.6623,0.0059,-0.0032,-0.0001,-0.0054,0.0022,0.0033,0.0035,0.003,0.0002,0.0056,0.0081,0.0022,0.0024,0.6209,0.9278,0.221,0.2684,340.5083,560,75,98.779,0,0,0,0,281.575,839,139,94.1366,39,41.9333,47,39,23.68,23.73,23.63
2022-10-31 13:50:00,3.1491,6.1164,0.716,1.1035,120,93.2587,33.9433,120,68.6028,69.277,67.9037,0.3479,120,28.4188,28.5742,28.208,0.0961,120,1005.9059,1006.1281,1005.7436,0.0873,120,332.4095,384.7252,258.326,27.1455,120,505.5338,1014.8415,284.3025,243.028,120,221.1765,851.7257,14.2604,289.779,120,120,0,457.7548,941.1908,251.4725,229.4896,120,42.95,44.19,41.84,0.71,120,3.4318,3.4355,3.4291,0.0015,0.5842,0.5857,0.5821,0.001,0.686,0.6928,0.679,0.0035,-0.0014,-0.0001,-0.0053,0.0018,0.0042,0.0049,0.0033,0.0003,0.0042,0.0085,0.0024,0.002,0.4578,0.9412,0.2515,0.2295,319.4667,642,55,119.941,0,0,0,0,287.3417,1006,94,130.9261,39,41.4167,47,39,23.68,23.68,23.68
2022-10-31 14:00:00,2.8774,5.8404,0.5136,1.1883,120,83.2397,40.0293,120,70.0781,70.925,68.9718,0.5023,120,28.0577,28.2049,27.9363,0.0553,120,1005.9113,1006.1281,1005.7436,0.0812,120,291.2355,358.7724,192.2425,52.9729,120,373.58,958.4202,195.6411,201.7549,120,117.0057,840.4141,13.7689,234.2638,120,120,0,337.2982,893.2768,173.04,190.6566,120,45.37,46.55,44.19,0.71,120,3.4319,3.4355,3.4291,0.0014,0.5806,0.582,0.5794,0.0006,0.7008,0.7093,0.6897,0.005,-0.0007,-0.0001,-0.0052,0.0015,0.0037,0.0046,0.0024,0.0007,0.0031,0.008,0.0016,0.0017,0.3373,0.8933,0.173,0.1907,289.9333,612,33,129.1617,0,0,0,0,245.1833,838,7,123.5563,39,41.6167,47,39,23.68,23.68,23.68
2022-10-31 14:10:00,2.4303,5.7024,0.2836,1.1321,120,114.2225,42.4103,120,71.6503,72.6035,70.6503,0.5309,120,28.2192,28.7329,27.8875,0.2985,120,1005.7802,1005.9633,1005.5605,0.0808,120,271.4285,328.2543,192.0024,44.6382,120,597.1687,891.0084,195.6411,237.4499,120,460.0643,834.5134,13.7689,306.0456,120,120,0,546.0499,816.0649,171.514,220.5399,120,47.79,48.91,46.55,0.71,120,3.4297,3.4327,3.426,0.0013,0.5822,0.5873,0.5789,0.003,0.7165,0.726,0.7065,0.0053,-0.0029,-0.0001,-0.0052,0.0019,0.0034,0.0042,0.0024,0.0006,0.005,0.0074,0.0016,0.002,0.546,0.8161,0.1715,0.2205,241.3417,597,8,123.0495,0,0,0,0,330.025,874,16,126.2764,39,41.8667,47,39,23.68,23.68,23.68
2022-10-31 14:20:00,2.8929,6.236,0.8356,1.2492,120,119.5009,37.0735,120,70.3668,71.3218,69.6738,0.363,120,28.4712,28.7573,28.2232,0.2043,120,1005.8039,1005.9633,1005.5788,0.0908,120,226.648,298.2165,183.8323,32.4065,120,513.5359,859.5006,189.7791,261.4486,120,426.9936,839.4312,15.2449,351.42,120,120,0,466.4373,792.5657,162.0533,243.9749,120,50.21,51.53,48.91,0.7,120,3.4301,3.4327,3.4263,0.0015,0.5847,0.5876,0.5822,0.002,0.7037,0.7132,0.6967,0.0036,-0.0027,-0.0001,-0.0052,0.0022,0.0029,0.0038,0.0023,0.0004,0.0043,0.0072,0.0016,0.0022,0.4664,0.7926,0.1621,0.244,291.6167,655,68,135.7869,0,0,0,0,342.3917,717,60,107.818,39,41.55,47,41,23.68,23.73,23.68
2022-10-31 14:30:00,2.4711,4.6812,0.7068,1.0184,120,97.3251,48.1246,120,69.8553,70.925,69.1549,0.3535,120,28.2908,28.4857,28.2202,0.0671,120,1005.7686,1005.9633,1005.5605,0.0596,120,195.3585,246.311,150.9102,29.5364,120,484.3028,745.5606,197.8391,196.6825,120,459.7488,813.8592,15.2449,333.1057,120,120,0,439.6522,679.6472,176.0918,180.1011,120,52.63,53.89,51.53,0.71,120,3.4295,3.4327,3.426,0.001,0.5829,0.5849,0.5822,0.0007,0.6986,0.7093,0.6915,0.0035,-0.0029,-0.0001,-0.0051,0.0021,0.0025,0.0031,0.0019,0.0004,0.004,0.0062,0.0016,0.0016,0.4397,0.6796,0.1761,0.1801,245.7667,486,54,110.6947,0,0,0,0,305.0417,933,10,161.3889,39,41.6833,47,39,23.68,23.68,23.68
2022-10-31 14:40:00,2.9212,5.1504,1.0748,0.9481,120,104.3852,36.6335,120,68.6285,69.6432,67.8121,0.5104,120,28.4424,28.623,28.2812,0.1209,120,1005.672,1005.7802,1005.5605,0.0932,120,176.2684,201.1339,152.8331,13.5012,120,496.3165,676.3169,175.1236,189.038,120,533.9633,795.6639,14.2604,319.6986,120,120,0,451.1221,613.1169,155.6444,172.9276,120,55.06,56.26,53.89,0.71,120,3.4279,3.4297,3.426,0.0016,0.5844,0.5862,0.5828,0.0012,0.6863,0.6964,0.6781,0.0051,-0.0033,-0.0001,-0.0049,0.002,0.0022,0.0026,0.0019,0.0002,0.0041,0.0056,0.0015,0.0016,0.4511,0.6131,0.1556,0.1729,294.7,537,94,103.0552,0,0,0,0,309.1417,950,57,120.0295,39,41.7333,47,39,23.68,23.68,23.68
2022-10-31 14:50:00,2.4281,4.6444,0.854,1.0161,120,102.9764,44.8761,120,68.686,70.0095,67.8121,0.6117,120,28.643,28.7207,28.3666,0.0837,120,1005.6008,1005.7802,1005.5605,0.0652,120,181.4029,214.1102,135.2906,23.0291,120,546.4785,664.593,157.539,159.1514,120,644.1171,794.1895,36.882,249.031,120,120,0,492.3526,605.182,135.5022,146.2142,120,57.48,58.62,56.26,0.71,120,3.4267,3.4297,3.426,0.0011,0.5864,0.5872,0.5837,0.0008,0.6869,0.7001,0.6781,0.0061,-0.004,-0.0002,-0.0049,0.0015,0.0023,0.0027,0.0017,0.0003,0.0046,0.0055,0.0013,0.0013,0.4924,0.6052,0.1355,0.1462,241.1,482,70,110.4404,0,0,0,0,318.85,1007,2,156.7015,39,41.5,47,39,23.68,23.68,23.68
2022-10-31 15:00:00,2.961,6.0704,0.9552,0.994,120,113.5375,37.4051,120,68.4375,69.1549,67.5985,0.3951,120,28.8237,28.9068,28.7298,0.0463,120,1005.5307,1005.5971,1005.3774,0.0789,120,157.7611,179.026,141.2984,10.8965,120,538.5131,578.4958,219.8211,69.3877,120,720.4011,771.5678,153.4289,118.4571,120,120,0,479.3847,517.8991,174.5659,65.688,120,59.9,60.98,58.62,0.7,120,3.4255,3.4266,3.423,0.0013,0.5882,0.5891,0.5873,0.0005,0.6844,0.6915,0.676,0.004,-0.0045,-0.001,-0.0048,0.0007,0.002,0.0023,0.0018,0.0001,0.0045,0.0048,0.0018,0.0006,0.4794,0.5179,0.1746,0.0657,299.025,637,81,108.0389,0,0,0,0,330.9,816,105,113.086,39,41.4667,47,39,23.68,23.68,23.68
2022-10-31 15:10:00,2.6344,5.2056,0.5136,1.0047,120,100.275,42.0692,120,68.2429,68.8192,67.7206,0.2713,120,28.6946,28.8305,28.5681,0.0895,120,1005.5206,1005.5788,1005.3774,0.0822,120,124.419,150.6701,101.648,13.9777,120,415.2942,525.7395,143.617,114.2806,120,599.0352,750.4222,34.9146,245.3033,120,120,0,359.9785,461.1347,122.3792,99.4198,120,62.33,63.61,61.25,0.7,120,3.4253,3.4263,3.423,0.0014,0.5869,0.5883,0.5857,0.0009,0.6824,0.6882,0.6772,0.0027,-0.0037,-0.0002,-0.0047,0.0015,0.0016,0.0019,0.0013,0.0002,0.0035,0.0044,0.0012,0.001,0.36,0.4611,0.1224,0.0994,263.525,543,33,109.2031,0,0,0,0,293.4,698,21,124.4574,39,41.4833,47,39,23.68,23.68,23.63
2022-10-31 15:20:00,2.3544,5.1872,0.6332,1.0278,120,97.6131,43.6137,120,68.2106,68.7887,67.7511,0.2445,120,28.6104,28.7817,28.5528,0.0635,120,1005.6107,1005.7802,1005.3957,0.0792,120,102.1088,124.7173,91.5559,9.2199,120,391.0619,445.8703,186.4814,64.2448,120,638.4413,723.3758,173.0986,146.2353,120,120,0,331.8964,379.9554,155.9496,54.3702,120,64.75,65.97,63.61,0.71,120,3.4268,3.4297,3.4233,0.0013,0.5861,0.5878,0.5855,0.0006,0.6821,0.6879,0.6775,0.0024,-0.004,-0.0011,-0.0045,0.0009,0.0013,0.0016,0.0012,0.0001,0.0033,0.0037,0.0016,0.0005,0.3319,0.38,0.1559,0.0544,233.0917,541,46,111.7202,0,0,0,0,303.3167,1022,4,150.4446,39,41.65,47,39,23.68,23.68,23.63
2022-10-31 15:30:00,2.4949,4.7272,0.9828,0.862,120,113.8428,39.4543,120,67.9332,68.4225,67.3238,0.2577,120,28.7704,28.8153,28.6871,0.034,120,1005.7686,1005.9633,1005.7436,0.0356,120,106.8188,128.5622,83.385,12.3109,120,367.2785,429.018,233.7431,56.1193,120,633.2861,705.6735,381.6049,96.0388,120,120,0,307.0086,363.4754,192.5718,49.387,120,67.17,68.33,65.97,0.71,120,3.4295,3.4327,3.4291,0.0006,0.5877,0.5881,0.5869,0.0003,0.6793,0.6842,0.6732,0.0026,-0.0039,-0.0024,-0.0044,0.0006,0.0014,0.0016,0.0011,0.0002,0.0031,0.0036,0.0019,0.0005,0.307,0.3635,0.1926,0.0494,248.3583,491,84,93.6913,0,0,0,0,331.2833,1010,51,125.0211,39,41.7667,47,39,23.68,23.73,23.63
2022-10-31 15:40:00,2.3196,4.5248,1.0932,0.6818,120,122.2212,39.6691,120,68.4482,69.277,67.5985,0.4239,120,28.5061,28.684,28.3392,0.1066,120,1005.8174,1005.9633,1005.7436,0.0859,120,94.2229,105.974,82.1835,7.7396,120,247.1096,326.0684,116.1393,52.5199,120,419.1909,627.4831,53.1099,145.0737,120,120,0,201.3077,262.4592,97.9644,41.6076,120,69.59,70.7,68.33,0.7,120,3.4303,3.4327,3.4291,0.0014,0.5851,0.5868,0.5834,0.0011,0.6845,0.6928,0.676,0.0042,-0.0026,-0.0003,-0.0039,0.0009,0.0012,0.0013,0.001,0.0001,0.0021,0.0027,0.001,0.0004,0.2013,0.2625,0.098,0.0416,229.3083,469,96,74.1107,0,0,0,0,348.8167,867,18,118.2796,39,41.4333,47,39,23.68,23.68,23.63
2022-10-31 15:50:00,2.3316,4.2028,0.7252,0.802,120,119.9154,37.8107,120,69.1504,69.7348,68.4835,0.2375,120,28.3666,28.4216,28.2904,0.0333,120,1005.8562,1005.9633,1005.7436,0.0931,120,84.1222,92.9976,79.3,4.1525,120,264.3258,285.401,95.6218,37.2044,120,552.7731,610.7638,53.6014,113.222,120,120,0,205.9847,224.9214,79.6533,28.3349,120,72.02,73.32,70.7,0.7,120,3.4309,3.4327,3.4291,0.0016,0.5837,0.5842,0.5829,0.0003,0.6915,0.6973,0.6848,0.0024,-0.0034,-0.0003,-0.0038,0.0007,0.0011,0.0012,0.001,0.0001,0.0022,0.0024,0.0008,0.0003,0.206,0.2249,0.0797,0.0283,230.6083,434,56,87.1718,0,0,0,0,350.4583,997,2,125.3169,39,41.5333,47,39,23.68,23.73,23.63
2022-10-31 16:00:00,2.7667,5.8772,1.0748,0.9009,120,120.3645,32.7663,120,69.6074,70.2231,68.9718,0.3342,120,28.2553,28.3697,28.0798,0.0712,120,1005.9328,1006.1464,1005.7619,0.0865,120,84.3384,93.9583,76.4165,5.1112,120,221.0363,259.0228,116.1393,25.0534,120,486.7504,556.671,87.533,97.8189,120,120,0,167.2669,200.5066,97.3541,17.5153,120,74.44,75.68,73.32,0.71,120,3.4322,3.4358,3.4294,0.0014,0.5826,0.5837,0.5808,0.0007,0.6961,0.7022,0.6897,0.0033,-0.003,-0.0005,-0.0035,0.0006,0.0011,0.0012,0.001,0.0001,0.0018,0.0022,0.001,0.0002,0.1673,0.2005,0.0974,0.0175,277.9,616,94,97.9251,0,0,0,0,342.925,632,87,94.9033,39,41.3667,47,39,23.68,23.68,23.68
2022-10-31 16:10:00,2.8393,5.0308,0.67,0.8678,120,128.2268,30.0624,120,70.2905,70.8945,69.6127,0.2938,120,27.8668,28.0737,27.7227,0.1154,120,1005.9575,1006.1464,1005.9267,0.0448,120,75.5894,79.7803,72.3315,1.7283,120,168.9021,213.593,82.4334,42.6123,120,393.1893,532.5733,30.9813,179.5026,120,120,0,122.3614,157.7807,68.9718,26.2347,120,76.85,78.03,75.68,0.71,120,3.4326,3.4358,3.4321,0.0007,0.5787,0.5807,0.5772,0.0011,0.7029,0.7089,0.6961,0.0029,-0.0024,-0.0002,-0.0033,0.0011,0.001,0.001,0.0009,0,0.0014,0.0018,0.0007,0.0004,0.1224,0.1578,0.069,0.0262,285.7917,524,50,94.3278,0,0,0,0,363.8833,639,132,86.7158,39,41.3167,47,39,23.68,23.68,23.63
2022-10-31 16:20:00,2.6548,5.1964,0.67,1.055,120,124.145,38.2951,120,71.1252,71.688,70.6503,0.2918,120,27.7291,27.8173,27.6464,0.0526,120,1006.0694,1006.3295,1005.9267,0.0967,120,70.6111,79.5402,58.874,5.1127,120,152.5651,178.7875,89.0276,19.747,120,419.4656,479.9565,57.0432,88.0491,120,120,0,104.8438,126.0414,75.6859,12.8425,120,79.27,80.39,78.03,0.71,120,3.4345,3.4388,3.4321,0.0016,0.5773,0.5782,0.5765,0.0005,0.7113,0.7169,0.7065,0.0029,-0.0026,-0.0004,-0.003,0.0005,0.0009,0.001,0.0007,0.0001,0.0013,0.0015,0.0007,0.0002,0.1048,0.126,0.0757,0.0128,265.7417,542,50,114.6724,0,0,0,0,365.775,1018,53,130.2927,39,41.75,47,39,23.68,23.68,23.63
2022-10-31 16:30:00,2.4958,4.5616,0.5872,0.8824,120,113.3068,41.3647,120,71.3556,71.8406,70.8335,0.2757,120,27.6999,27.7715,27.6525,0.0295,120,1006.11,1006.3295,1005.9267,0.0689,120,52.6885,59.3551,48.3008,3.5412,120,108.3626,130.7935,87.5618,13.6064,120,352.4716,411.6017,236.5356,44.9505,120,120,0,67.0695,83.9259,54.3229,9.6617,120,81.68,83,80.39,0.7,120,3.4352,3.4388,3.4321,0.0011,0.577,0.5777,0.5765,0.0003,0.7136,0.7184,0.7083,0.0028,-0.0022,-0.0015,-0.0026,0.0003,0.0007,0.0008,0.0006,0,0.0009,0.0011,0.0007,0.0001,0.0671,0.0839,0.0543,0.0097,248.4583,473,41,95.9166,0,0,0,0,345.1083,1021,92,141.461,39,41.5667,47,39,23.68,23.73,23.68
2022-10-31 16:40:00,2.8741,5.2792,0.9644,0.9606,120,108.0613,32.7145,120,71.8787,72.8172,71.3218,0.4041,120,27.5377,27.7441,27.3138,0.1446,120,1006.1193,1006.3112,1005.9267,0.0434,120,43.2445,48.7819,37.0071,3.223,120,72.7853,91.958,53.1236,11.4883,120,260.2261,327.5105,127.3655,50.2497,120,120,0,43.8882,54.0178,34.4859,5.8833,120,84.1,85.35,83,0.7,120,3.4353,3.4385,3.4321,0.0007,0.5754,0.5774,0.5731,0.0014,0.7188,0.7282,0.7132,0.004,-0.0016,-0.0008,-0.002,0.0003,0.0005,0.0006,0.0005,0,0.0006,0.0008,0.0004,0.0001,0.0439,0.054,0.0345,0.0059,289.575,551,82,104.4115,0,0,0,0,317.025,930,67,106.4262,39,41.65,47,39,23.68,23.68,23.63
2022-10-31 16:50:00,3.3288,6.2268,1.452,0.8806,120,112.3296,24.8059,120,73.0603,73.5801,72.6341,0.276,120,27.1399,27.3321,26.9323,0.1194,120,1006.2201,1006.3478,1005.945,0.0996,120,29.1948,37.0071,22.348,4.1443,120,37.9222,54.2221,26.7455,7.6801,120,108.8137,192.2768,18.1953,53.3803,120,120,0,27.1742,34.1807,21.0578,3.5664,120,86.51,87.7,85.35,0.71,120,3.437,3.4391,3.4324,0.0017,0.5714,0.5733,0.5693,0.0012,0.7306,0.7358,0.7263,0.0028,-0.0007,-0.0001,-0.0012,0.0003,0.0004,0.0005,0.0003,0.0001,0.0003,0.0005,0.0002,0.0001,0.0272,0.0342,0.0211,0.0036,339,654,135,95.7202,0,0,0,0,318.4583,496,90,71.063,39,41.7167,47,39,23.68,23.68,23.68
2022-10-31 17:00:00,2.6087,4.5524,1.084,0.8617,120,110.3991,29.253,120,74.0692,74.4041,73.6717,0.1459,120,26.924,26.975,26.8285,0.038,120,1006.2607,1006.3295,1006.1098,0.0885,120,15.9841,22.8291,8.4102,4.7845,120,16.7125,27.1116,8.06,6.0166,120,15.9247,25.079,13.2775,2.9106,120,120,0,15.5899,21.363,9.1555,4.0877,120,88.81,89.78,87.7,0.64,110,3.4377,3.4388,3.4352,0.0015,0.5692,0.5697,0.5683,0.0004,0.7407,0.744,0.7367,0.0015,-0.0001,-0.0001,-0.0002,0,0.0002,0.0003,0.0001,0.0001,0.0001,0.0002,0.0001,0.0001,0.0156,0.0214,0.0092,0.0041,260.725,472,95,93.6608,0,0,0,0,316.3,604,107,85.264,38.5,41.5333,47,39,23.68,23.68,23.68
2022-10-31 17:10:00,2.6277,4.7548,0.578,0.8755,120,116.0342,29.8162,120,74.6228,74.8924,74.221,0.1842,120,26.7639,26.8316,26.7156,0.0246,120,1006.3317,1006.5127,1006.1281,0.0634,120,3.4003,8.4102,0.2402,2.3008,120,3.3095,8.06,0.3661,2.2515,120,13.7075,14.2604,13.2775,0.1752,120,120,0,4.4023,8.8504,1.5259,2.1727,120,None,None,None,None,0,3.4389,3.4419,3.4355,0.0011,0.5676,0.5683,0.5672,0.0003,0.7462,0.7489,0.7422,0.0018,-0.0001,-0.0001,-0.0001,0,0,0.0001,0,0,0,0.0001,0,0,0.0044,0.0089,0.0015,0.0022,262.7917,494,40,95.1647,0,0,0,0,334.5,799,189,90.0136,38,41.5833,47,39,23.68,23.68,23.63
2022-10-31 17:20:00,2.5752,4.672,0.762,0.9187,120,108.7949,30.0946,120,75.0938,75.3502,74.8009,0.1401,120,26.6948,26.737,26.6424,0.0246,120,1006.3584,1006.5127,1006.1098,0.0908,120,0.024,0.2402,0,0.0723,120,0.0214,0.3661,0,0.0862,120,13.7198,14.2604,13.2775,0.2055,120,120,0,0.4145,1.5259,0,0.5578,120,None,None,None,None,0,3.4393,3.4419,3.4352,0.0015,0.5669,0.5674,0.5664,0.0003,0.7509,0.7535,0.748,0.0014,-0.0001,-0.0001,-0.0001,0,0,0,0,0,0,0,0,0,0.0004,0.0015,0,0.0006,257.0917,485,60,99.8592,0,0,0,0,307.7167,498,31,87.1669,38,41.5833,47,39,23.68,23.68,23.68
2022-10-31 17:30:00,2.8927,4.8376,0.5964,0.9721,120,110.8159,31.4557,120,75.5623,75.8385,75.0145,0.2112,120,26.5695,26.6576,26.5233,0.0266,120,1006.4975,1006.6958,1006.2929,0.0836,120,0,0,0,0,120,0,0,0,0,120,13.7116,14.2604,13.2775,0.2033,120,120,0,0,0,0,0,120,None,None,None,None,0,3.4416,3.4449,3.4382,0.0014,0.5657,0.5666,0.5652,0.0003,0.7556,0.7584,0.7501,0.0021,-0.0001,-0.0001,-0.0001,0,0,0,0,0,0,0,0,0,0,0,0,0,291.6,503,42,105.6642,0,0,0,0,316.0167,548,8,90.8985,38,41.6167,47,41,23.68,23.73,23.63
2022-10-31 17:40:00,2.6026,4.8928,0.5044,0.892,120,109.5412,32.1688,120,76.0895,76.3268,75.7164,0.1488,120,26.5016,26.5294,26.4837,0.0105,120,1006.5955,1006.6958,1006.476,0.0925,120,0,0,0,0,120,0,0,0,0,120,13.7403,14.2604,13.2775,0.2141,120,120,0,0,0,0,0,120,None,None,None,None,0,3.4433,3.4449,3.4413,0.0015,0.565,0.5653,0.5648,0.0001,0.7609,0.7633,0.7572,0.0015,-0.0001,-0.0001,-0.0001,0,0,0,0,0,0,0,0,0,0,0,0,0,260.0667,509,32,96.959,0,0,0,0,311.125,530,41,92.2941,38,41.5833,47,39,23.68,23.68,23.63
2022-10-31 17:50:00,2.0542,4.3224,0.8172,0.7027,120,114.4009,33.6588,120,76.5267,76.7235,76.2963,0.0877,120,26.5054,26.5355,26.4745,0.0133,120,1006.7605,1006.8972,1006.6591,0.0962,120,0,0,0,0,120,0,0,0,0,120,13.7894,14.2604,13.2775,0.148,120,120,0,0,0,0,0,120,None,None,None,None,0,3.446,3.4483,3.4443,0.0016,0.5651,0.5654,0.5647,0.0001,0.7653,0.7672,0.763,0.0009,-0.0001,-0.0001,-0.0001,0,0,0,0,0,0,0,0,0,0,0,0,0,200.4583,447,66,76.3844,0,0,0,0,324.7333,665,11,98.7407,38,41.5667,47,39,23.68,23.68,23.63
2022-10-31 18:00:00,2.2849,4.6352,0.9,0.7697,120,109.7655,29.8992,120,76.7688,76.9372,76.632,0.0774,120,26.472,26.5111,26.4165,0.0214,120,1006.8375,1007.062,1006.6591,0.1034,120,0,0,0,0,120,0,0,0,0,120,13.7935,14.2604,13.2775,0.1785,120,120,0,0,0,0,0,120,None,None,None,None,0,3.4473,3.451,3.4443,0.0017,0.5647,0.5651,0.5642,0.0002,0.7677,0.7694,0.7663,0.0008,-0.0001,-0.0001,-0.0001,0,0,0,0,0,0,0,0,0,0,0,0,0,225.5333,481,75,83.6605,0,0,0,0,312.125,605,23,87.3094,38,41.6667,49,39,23.68,23.68,23.63
2022-10-31 18:10:00,2.3019,4.166,0.624,0.8453,120,116.3091,36.2159,120,76.999,77.1508,76.7846,0.0937,120,26.3826,26.4318,26.3494,0.0209,120,1007.0037,1007.2451,1006.8422,0.0921,120,0,0,0,0,120,0,0,0,0,120,13.7689,14.2604,13.2775,0.1802,120,120,0,0,0,0,0,120,None,None,None,None,0,3.4501,3.4541,3.4474,0.0015,0.5638,0.5643,0.5635,0.0002,0.77,0.7715,0.7678,0.0009,-0.0001,-0.0001,-0.0001,0,0,0,0,0,0,0,0,0,0,0,0,0,227.3833,430,45,91.8843,0,0,0,0,347.9917,1008,48,127.3536,38,41.6667,47,39,23.68,23.68,23.68
2022-10-31 18:20:00,2.6614,5.04,0.8908,1.0251,120,108.0553,31.6698,120,77.1673,77.3339,77.0287,0.0785,120,26.3484,26.3738,26.3189,0.0123,120,1007.0884,1007.2634,1007.0254,0.0752,120,0,0,0,0,120,0,0,0,0,120,13.814,14.2604,13.2775,0.1911,120,120,0,0,0,0,0,120,None,None,None,None,0,3.4515,3.4544,3.4504,0.0013,0.5635,0.5637,0.5632,0.0001,0.7717,0.7733,0.7703,0.0008,-0.0001,-0.0001,-0.0001,0,0,0,0,0,0,0,0,0,0,0,0,0,266.4583,525,74,111.4288,0,0,0,0,320.9167,975,86,112.0859,38,41.45,47,39,23.68,23.68,23.63
2022-10-31 18:30:00,2.2707,4.396,0.6516,0.9081,120,119.208,34.5523,120,77.3192,77.3949,77.1508,0.0579,120,26.3396,26.3646,26.3067,0.0115,120,1007.1088,1007.2634,1007.0254,0.0918,120,0,0,0,0,120,0,0,0,0,120,13.8058,14.2604,13.2775,0.1929,120,120,0,0,0,0,0,120,None,None,None,None,0,3.4518,3.4544,3.4504,0.0015,0.5634,0.5636,0.5631,0.0001,0.7732,0.7739,0.7715,0.0006,-0.0001,-0.0001,-0.0001,0,0,0,0,0,0,0,0,0,0,0,0,0,223.9917,455,48,98.7046,0,0,0,0,349.8917,991,97,112.6818,37.3,41.6333,47,39,23.68,23.68,23.68
2022-10-31 18:40:00,2.4001,4.8468,0.4676,1.0505,120,116.2263,34.7357,120,77.5185,77.6391,77.3644,0.0805,120,26.3283,26.3646,26.2975,0.014,120,1007.1683,1007.2634,1007.0437,0.0945,120,0,0,0,0,120,0,0,0,0,120,13.8467,14.2604,13.2775,0.2014,120,120,0,0,0,0,0,120,None,None,None,None,0,3.4528,3.4544,3.4507,0.0016,0.5633,0.5636,0.563,0.0001,0.7752,0.7764,0.7736,0.0008,-0.0001,-0.0001,-0.0001,0,0,0,0,0,0,0,0,0,0,0,0,0,238.05,504,28,114.1881,0,0,0,0,334.8083,1011,2,115.4872,37,41.7167,47,39,23.68,23.68,23.68
2022-10-31 18:50:00,2.7375,5.6748,0.9368,0.8964,120,123.5968,35.0626,120,77.6765,77.8222,77.5475,0.0734,120,26.3492,26.3891,26.3128,0.0171,120,1007.3377,1007.4282,1007.2268,0.0863,120,0,0,0,0,120,0,0,0,0,120,13.8672,14.2604,13.7689,0.1974,120,120,0,0,0,0,0,120,None,None,None,None,0,3.4556,3.4571,3.4538,0.0014,0.5635,0.5639,0.5631,0.0002,0.7768,0.7782,0.7755,0.0007,-0.0001,-0.0001,-0.0001,0,0,0,0,0,0,0,0,0,0,0,0,0,274.725,594,79,97.4316,0,0,0,0,354.4417,717,52,102.6477,37,41.4667,47,39,23.68,23.68,23.63
2022-10-31 19:00:00,2.4876,4.212,0.5228,0.816,120,115.1766,35.6338,120,77.7807,77.8832,77.6696,0.0464,120,26.2966,26.3189,26.27,0.0093,120,1007.4378,1007.6113,1007.2268,0.0895,120,0,0,0,0,120,0,0,0,0,120,13.8713,14.2604,13.2775,0.2103,120,120,0,0,0,0,0,120,None,None,None,None,0,3.4573,3.4602,3.4538,0.0015,0.563,0.5632,0.5627,0.0001,0.7778,0.7788,0.7767,0.0005,-0.0001,-0.0001,-0.0001,0,0,0,0,0,0,0,0,0,0,0,0,0,247.5667,435,34,88.6934,0,0,0,0,337.6,927,150,112.5076,37,41.4833,47,39,23.68,23.68,23.68
2022-10-31 19:10:00,2.5426,4.0096,0.5504,0.8818,120,106.4521,31.1642,120,77.8191,77.9138,77.7612,0.0353,120,26.32,26.3433,26.2883,0.0106,120,1007.5486,1007.7761,1007.4099,0.0791,120,0,0,0,0,120,0,0,0,0,120,13.8181,14.2604,13.2775,0.2151,120,120,0,0,0,0,0,120,None,None,None,None,0,3.4591,3.4629,3.4568,0.0013,0.5632,0.5634,0.5629,0.0001,0.7782,0.7791,0.7776,0.0004,-0.0001,-0.0001,-0.0001,0,0,0,0,0,0,0,0,0,0,0,0,0,253.5417,413,37,95.8461,0,0,0,0,311.6667,1004,127,106.7313,37,41.7,47,39,23.68,23.68,23.63
2022-10-31 19:20:00,2.8499,4.9388,0.7896,0.8788,120,115.9988,30.0907,120,77.8153,77.8832,77.7306,0.0357,120,26.2786,26.3372,26.2304,0.0267,120,1007.5846,1007.7761,1007.4099,0.0519,120,0,0,0,0,120,0,0,0,0,120,13.8549,14.2604,13.7689,0.1875,120,120,0,0,0,0,0,120,None,None,None,None,0,3.4597,3.4629,3.4568,0.0009,0.5628,0.5634,0.5623,0.0003,0.7782,0.7788,0.7773,0.0004,-0.0001,-0.0001,-0.0001,0,0,0,0,0,0,0,0,0,0,0,0,0,286.9417,514,63,95.5182,0,0,0,0,329.25,529,77,86.0255,37,41.5167,47,39,23.68,23.68,23.68
2022-10-31 19:30:00,2.8118,5.086,0.8908,0.9792,120,113.7327,31.0583,120,77.8314,77.9443,77.7612,0.0424,120,26.2462,26.27,26.2243,0.0083,120,1007.6508,1007.7944,1007.4099,0.091,120,0,0,0,0,120,0,0,0,0,120,13.859,14.2604,13.2775,0.2383,120,120,0,0,0,0,0,120,None,None,None,None,0,3.4608,3.4632,3.4568,0.0015,0.5625,0.5627,0.5622,0.0001,0.7783,0.7794,0.7776,0.0004,-0.0001,-0.0001,-0.0001,0,0,0,0,0,0,0,0,0,0,0,0,0,282.8083,530,74,106.4378,0,0,0,0,325.0917,690,17,91.5299,37,41.5333,47,39,23.68,23.68,23.68
2022-10-31 19:40:00,2.6247,5.5828,0.5596,0.9281,120,115.9187,31.6648,120,77.7393,77.7917,77.6696,0.0327,120,26.2356,26.2609,26.2029,0.0124,120,1007.721,1007.7944,1007.5564,0.0838,120,0,0,0,0,120,0,0,0,0,120,13.8345,14.2604,13.2775,0.1904,120,120,0,0,0,0,0,120,None,None,None,None,0,3.462,3.4632,3.4593,0.0014,0.5624,0.5626,0.562,0.0001,0.7774,0.7779,0.7767,0.0003,-0.0001,-0.0001,-0.0001,0,0,0,0,0,0,0,0,0,0,0,0,0,262.4667,584,38,100.8763,0,0,0,0,339.6583,1020,110,109.1687,36.8,41.7,47,41,23.68,23.68,23.68
2022-10-31 19:50:00,2.5832,5.086,0.4308,1.0335,120,97.3096,31.7756,120,77.7001,77.7917,77.5781,0.047,120,26.1871,26.2304,26.1632,0.0133,120,1007.7946,1007.9592,1007.593,0.0715,120,0,0,0,0,120,0,0,0,0,120,13.8427,14.2604,13.2775,0.2079,120,120,0,0,0,0,0,120,None,None,None,None,0,3.4632,3.466,3.4599,0.0012,0.5619,0.5623,0.5616,0.0001,0.777,0.7779,0.7758,0.0005,-0.0001,-0.0001,-0.0001,0,0,0,0,0,0,0,0,0,0,0,0,0,257.9583,530,24,112.3357,0,0,0,0,296.7917,1003,21,129.4228,36,41.4833,47,39,23.68,23.68,23.63
2022-10-31 20:00:00,2.814,4.58,1.2588,0.7349,120,101.2253,27.7072,120,77.8395,78.0053,77.7001,0.0836,120,26.189,26.2151,26.1632,0.0113,120,1007.8263,1007.9592,1007.7395,0.0861,120,0,0,0,0,120,0,0,0,0,120,13.8631,14.2604,13.7689,0.1943,120,120,0,0,0,0,0,120,None,None,None,None,0,3.4638,3.466,3.4623,0.0014,0.5619,0.5622,0.5616,0.0001,0.7784,0.7801,0.777,0.0008,-0.0001,-0.0001,-0.0001,0,0,0,0,0,0,0,0,0,0,0,0,0,283.0417,475,114,79.8843,0,0,0,0,289.5,553,56,80.7878,36,41.7167,47,39,23.68,23.68,23.63
2022-10-31 20:10:00,2.5722,5.73,0.7896,0.9887,120,104.8189,35.5358,120,78.1884,78.5241,78.0053,0.1562,120,26.1688,26.2059,26.1327,0.0184,120,1007.909,1008.124,1007.7395,0.0705,120,0,0,0,0,120,0,0,0,0,120,13.8263,14.2604,13.2775,0.2033,120,120,0,0,0,0,0,120,None,None,None,None,0,3.4652,3.4687,3.4623,0.0012,0.5617,0.5621,0.5613,0.0002,0.7819,0.7852,0.7801,0.0016,-0.0001,-0.0001,-0.0001,0,0,0,0,0,0,0,0,0,0,0,0,0,256.7583,600,63,107.4635,0,0,0,0,314.7917,1003,0,125.696,36,41.5333,47,39,23.68,23.68,23.63
2022-10-31 20:20:00,2.8616,5.7116,0.6056,1.0623,120,108.8725,35.6236,120,78.6022,78.8293,78.4326,0.1138,120,26.1248,26.1693,26.0808,0.0249,120,1008.0067,1008.3071,1007.7761,0.099,120,0,0,0,0,120,0,0,0,0,120,13.7935,14.2604,13.2775,0.1785,120,120,0,0,0,0,0,120,None,None,None,None,0,3.4668,3.4718,3.4629,0.0016,0.5613,0.5617,0.5608,0.0003,0.786,0.7883,0.7843,0.0011,-0.0001,-0.0001,-0.0001,0,0,0,0,0,0,0,0,0,0,0,0,0,288.2167,598,43,115.4688,0,0,0,0,314.4833,648,121,103.5046,36,41.8333,47,39,23.68,23.68,23.63
2022-10-31 20:30:00,2.4446,4.4052,0.716,0.8772,120,114.9336,29.9103,120,78.9771,79.0735,78.8598,0.05,120,26.119,26.1449,26.093,0.0113,120,1008.0369,1008.1423,1007.9226,0.0945,120,0,0,0,0,120,0,0,0,0,120,13.8058,14.2604,13.2775,0.1705,120,120,0,0,0,0,0,120,None,None,None,None,0,3.4673,3.469,3.4654,0.0016,0.5612,0.5615,0.5609,0.0001,0.7898,0.7907,0.7886,0.0005,-0.0001,-0.0001,-0.0001,0,0,0,0,0,0,0,0,0,0,0,0,0,242.8917,456,55,95.3468,0,0,0,0,331.05,750,182,89.2871,36,41.45,49,39,23.68,23.68,23.63
2022-10-31 20:40:00,2.1468,4.4052,0.5228,0.8558,120,103.1772,30.9536,120,79.1612,79.3176,79.0124,0.0687,120,26.0754,26.1205,26.0045,0.0304,120,1008.0721,1008.1423,1007.9226,0.0838,120,0,0,0,0,120,0,0,0,0,120,13.7648,14.2604,13.2775,0.2341,120,120,0,0,0,0,0,120,None,None,None,None,0,3.4679,3.469,3.4654,0.0014,0.5607,0.5612,0.5601,0.0003,0.7916,0.7932,0.7901,0.0007,-0.0001,-0.0001,-0.0001,0,0,0,0,0,0,0,0,0,0,0,0,0,210.5167,456,34,93.0228,0,0,0,0,305.4917,978,138,108.0872,36,41.5167,47,39,23.68,23.68,23.63
2022-10-31 20:50:00,2.6396,5.6932,0.716,1.0312,120,102.8979,27.8221,120,79.4351,79.5618,79.2871,0.0615,120,25.9942,26.035,25.9557,0.0187,120,1008.0879,1008.3071,1007.9043,0.0786,120,0,0,0,0,120,0,0,0,0,120,13.7566,14.2604,13.2775,0.2061,120,120,0,0,0,0,0,120,None,None,None,None,0,3.4681,3.4718,3.4651,0.0013,0.5599,0.5604,0.5596,0.0002,0.7944,0.7956,0.7929,0.0006,-0.0001,-0.0001,-0.0001,0,0,0,0,0,0,0,0,0,0,0,0,0,264.0833,596,55,112.0861,0,0,0,0,294.475,703,89,83.2105,36,41.5333,49,39,23.68,23.68,23.63
2022-10-31 21:00:00,2.7744,5.5276,0.8356,1.0932,120,101.3321,27.1741,120,79.4829,79.5923,79.3176,0.0586,120,25.9738,25.9984,25.9526,0.0095,120,1008.1103,1008.3071,1007.9226,0.055,120,0,0,0,0,120,0,0,0,0,120,13.7403,14.2604,13.2775,0.2492,120,120,0,0,0,0,0,120,None,None,None,None,0,3.4685,3.4718,3.4654,0.0009,0.5597,0.56,0.5595,0.0001,0.7948,0.7959,0.7932,0.0006,-0.0001,-0.0001,-0.0001,0,0,0,0,0,0,0,0,0,0,0,0,0,278.7417,578,68,118.8293,0,0,0,0,291.3917,766,126,83.9246,36,41.6333,47,39,23.68,23.68,23.63
2022-10-31 21:10:00,2.4115,4.9112,0.578,0.8687,120,107.4063,25.5658,120,79.2189,79.4397,79.0735,0.1055,120,25.9732,26.0198,25.916,0.0232,120,1008.1016,1008.124,1007.9043,0.0422,120,0,0,0,0,120,0,0,0,0,120,13.7116,14.2604,13.2775,0.2483,120,120,0,0,0,0,0,120,None,None,None,None,0,3.4684,3.4687,3.4651,0.0007,0.5597,0.5602,0.5592,0.0002,0.7922,0.7944,0.7907,0.0011,-0.0001,-0.0001,-0.0001,0,0,0,0,0,0,0,0,0,0,0,0,0,239.2917,511,40,94.4244,0,0,0,0,306.425,616,19,75.8093,36,41.5167,47,39,23.68,23.68,23.63
2022-10-31 21:20:00,2.2481,4.12,0.716,0.7157,120,100.7339,31.4202,120,79.0923,79.1955,78.9819,0.0525,120,25.8888,25.9374,25.8489,0.026,120,1008.1048,1008.2888,1007.9226,0.0464,120,0,0,0,0,120,0,0,0,0,120,13.7689,14.2604,13.2775,0.1911,120,120,0,0,0,0,0,120,None,None,None,None,0,3.4684,3.4715,3.4654,0.0008,0.5589,0.5594,0.5585,0.0003,0.7909,0.792,0.7898,0.0005,-0.0001,-0.0001,-0.0001,0,0,0,0,0,0,0,0,0,0,0,0,0,221.5333,425,55,77.7891,0,0,0,0,290.9,833,43,98.514,35,41.6333,47,39,23.68,23.68,23.63
2022-10-31 21:30:00,2.7634,5.04,1.3416,0.7829,120,102.7748,25.3684,120,79.0928,79.1955,79.0124,0.0397,120,25.881,25.9038,25.8489,0.0088,120,1008.0605,1008.124,1007.9043,0.084,120,0,0,0,0,120,0,0,0,0,120,13.7935,14.2604,13.2775,0.2284,120,120,0,0,0,0,0,120,None,None,None,None,0,3.4677,3.4687,3.4651,0.0014,0.5588,0.559,0.5585,0.0001,0.7909,0.792,0.7901,0.0004,-0.0001,-0.0001,-0.0001,0,0,0,0,0,0,0,0,0,0,0,0,0,277.5417,525,123,85.0962,0,0,0,0,295.6667,650,117,76.5007,35,41.8333,47,39,23.68,23.68,23.63
2022-10-31 21:40:00,2.3191,4.0832,0.8356,0.7013,120,105.5815,21.9274,120,79.0569,79.104,79.0124,0.0209,120,25.8822,25.9099,25.8397,0.013,120,1008.019,1008.124,1007.9043,0.0954,120,0,0,0,0,120,0,0,0,0,120,13.7403,14.2604,13.2775,0.2141,120,120,0,0,0,0,0,120,None,None,None,None,0,3.467,3.4687,3.4651,0.0016,0.5588,0.5591,0.5584,0.0001,0.7906,0.791,0.7901,0.0002,-0.0001,-0.0001,-0.0001,0,0,0,0,0,0,0,0,0,0,0,0,0,229.25,421,68,76.2229,0,0,0,0,300.0167,520,128,63.1699,35,41.5333,47,39,23.68,23.68,23.63
2022-10-31 21:50:00,2.0488,3.6232,0.624,0.679,120,102.5586,29.3341,120,79.2767,79.4397,79.0429,0.1191,120,25.8697,25.916,25.8275,0.021,120,1007.9925,1008.124,1007.886,0.0937,120,0,0,0,0,120,0,0,0,0,120,13.7771,14.2604,13.2775,0.2296,120,120,0,0,0,0,0,120,None,None,None,None,0,3.4665,3.4687,3.4648,0.0016,0.5587,0.5592,0.5583,0.0002,0.7928,0.7944,0.7904,0.0012,-0.0001,-0.0001,-0.0001,0,0,0,0,0,0,0,0,0,0,0,0,0,199.8667,371,45,73.803,0,0,0,0,297.15,721,105,90.2786,35,41.4167,47,39,23.68,23.68,23.63
2022-10-31 22:00:00,2.0533,5.178,0.5044,0.9136,120,106.0557,41.0745,120,79.533,79.6838,79.3786,0.0763,120,25.8884,25.9191,25.8519,0.0134,120,1007.971,1008.1057,1007.886,0.0898,120,0,0,0,0,120,0,0,0,0,120,13.7526,14.2604,13.2775,0.2291,120,120,0,0,0,0,0,120,None,None,None,None,0,3.4662,3.4684,3.4648,0.0015,0.5589,0.5592,0.5585,0.0001,0.7953,0.7968,0.7938,0.0008,-0.0001,-0.0001,-0.0001,0,0,0,0,0,0,0,0,0,0,0,0,0,200.3583,540,32,99.3018,0,0,0,0,347.4167,1018,79,172.4809,35,41.5333,47,39,23.68,23.68,23.63
2022-10-31 22:10:00,2.4957,4.1844,0.762,0.797,120,99.3681,27.0697,120,79.7967,79.928,79.6533,0.0712,120,25.8716,25.8977,25.8428,0.0116,120,1007.9397,1008.1057,1007.886,0.0694,120,0,0,0,0,120,0,0,0,0,120,13.7485,14.2604,13.2775,0.1733,120,120,0,0,0,0,0,120,None,None,None,None,0,3.4657,3.4684,3.4648,0.0012,0.5587,0.559,0.5584,0.0001,0.798,0.7993,0.7965,0.0007,-0.0001,-0.0001,-0.0001,0,0,0,0,0,0,0,0,0,0,0,0,0,248.4417,432,60,86.6317,0,0,0,0,286.575,751,13,86.4129,35,41.55,47,39,23.68,23.68,23.63
2022-10-31 22:20:00,2.0679,4.0464,0.808,0.6249,120,100.8231,28.6963,120,79.9732,80.1111,79.8669,0.0605,120,25.8727,25.9007,25.8428,0.0115,120,1007.8983,1008.1057,1007.7212,0.0668,120,0,0,0,0,120,0,0,0,0,120,13.6788,14.2604,13.2775,0.2013,120,120,0,0,0,0,0,120,None,None,None,None,0,3.465,3.4684,3.462,0.0011,0.5587,0.559,0.5584,0.0001,0.7997,0.8011,0.7987,0.0006,-0.0001,-0.0001,-0.0001,0,0,0,0,0,0,0,0,0,0,0,0,0,201.95,417,65,67.9201,0,0,0,0,286.8833,589,72,83.4402,35,41.6667,47,39,23.68,23.68,23.63
2022-10-31 22:30:00,2.4375,4.166,0.6516,0.7676,120,104.5712,28.4505,120,80.1574,80.2637,79.9585,0.0955,120,25.8086,25.858,25.7787,0.0194,120,1007.7863,1007.9226,1007.5381,0.0908,120,0,0,0,0,120,0,0,0,0,120,13.687,14.2604,13.2775,0.2048,120,120,0,0,0,0,0,120,None,None,None,None,0,3.4631,3.4654,3.459,0.0015,0.5581,0.5586,0.5578,0.0002,0.8016,0.8026,0.7996,0.001,-0.0001,-0.0001,-0.0001,0,0,0,0,0,0,0,0,0,0,0,0,0,242.1167,430,48,83.4386,0,0,0,0,297.85,524,83,81.6695,35,41.3333,47,39,23.68,23.68,23.63
2022-10-31 22:40:00,2.4308,4.5432,1.0288,0.8393,120,102.6557,29.8193,120,80.4147,80.5383,80.2332,0.0634,120,25.7856,25.8153,25.7573,0.011,120,1007.6405,1007.7395,1007.5198,0.0913,120,0,0,0,0,120,0,0,0,0,120,13.6952,14.2604,13.2775,0.1874,120,120,0,0,0,0,0,120,None,None,None,None,0,3.4607,3.4623,3.4587,0.0015,0.5579,0.5582,0.5576,0.0001,0.8041,0.8054,0.8023,0.0006,-0.0001,-0.0001,-0.0001,0,0,0,0,0,0,0,0,0,0,0,0,0,241.3917,471,89,91.2298,0,0,0,0,300.525,914,134,99.4441,35,41.6833,47,39,23.68,23.68,23.63
2022-10-31 22:50:00,1.8978,4.1936,0.302,1.0178,120,104.8698,45.63,120,80.5709,80.6909,80.4468,0.0573,120,25.7695,25.8061,25.7085,0.0243,120,1007.6559,1007.7395,1007.5381,0.0855,120,0,0,0,0,120,0,0,0,0,120,13.601,14.2604,13.2775,0.2426,120,120,0,0,0,0,0,120,None,None,None,None,0,3.4609,3.4623,3.459,0.0014,0.5577,0.5581,0.5571,0.0002,0.8057,0.8069,0.8045,0.0006,-0.0001,-0.0001,-0.0001,0,0,0,0,0,0,0,0,0,0,0,0,0,183.4583,433,10,110.63,0,0,0,0,316.2583,991,20,148.5482,35,41.5333,47,39,23.67,23.68,23.63
2022-10-31 23:00:00,2.4942,4.6536,0.578,1.0524,120,103.1122,23.4461,120,80.8611,80.9656,80.6604,0.0662,120,25.6835,25.7329,25.6078,0.0271,120,1007.607,1007.7395,1007.5198,0.0876,120,0,0,0,0,120,0,0,0,0,120,13.6502,14.2604,13.2775,0.2548,120,120,0,0,0,0,0,120,None,None,None,None,0,3.4601,3.4623,3.4587,0.0015,0.5568,0.5573,0.5561,0.0003,0.8086,0.8097,0.8066,0.0007,-0.0001,-0.0001,-0.0001,0,0,0,0,0,0,0,0,0,0,0,0,0,248.2833,483,40,114.3889,0,0,0,0,293.45,478,114,67.5437,35,41.45,47,39,23.68,23.68,23.63
2022-10-31 23:10:00,2.2098,4.0648,0.946,0.7282,120,101.4029,23.0894,120,81.0968,81.1792,80.9656,0.041,120,25.6303,25.6658,25.6047,0.0105,120,1007.5942,1007.7395,1007.355,0.0926,120,0,0,0,0,120,0,0,0,0,120,13.6624,14.2604,13.2775,0.2224,120,120,0,0,0,0,0,120,None,None,None,None,0,3.4599,3.4623,3.4559,0.0015,0.5563,0.5567,0.5561,0.0001,0.811,0.8118,0.8097,0.0004,-0.0001,-0.0001,-0.0001,0,0,0,0,0,0,0,0,0,0,0,0,0,217.3667,419,80,79.1521,0,0,0,0,288.9417,527,175,66.9534,35,41.5833,47,39,23.67,23.68,23.63
2022-10-31 23:20:00,1.9144,3.6876,0.3296,0.7847,120,104.2269,31.7412,120,81.0966,81.1792,81.0266,0.0363,120,25.6195,25.6474,25.5925,0.0099,120,1007.5108,1007.7212,1007.3366,0.0716,120,0,0,0,0,120,0,0,0,0,120,13.7034,14.2604,13.2775,0.1795,120,120,0,0,0,0,0,120,None,None,None,None,0,3.4585,3.462,3.4556,0.0012,0.5562,0.5565,0.5559,0.0001,0.811,0.8118,0.8103,0.0004,-0.0001,-0.0001,-0.0001,0,0,0,0,0,0,0,0,0,0,0,0,0,185.2583,378,13,85.2943,0,0,0,0,304.6167,879,114,102.0208,35,41.25,47,39,23.67,23.68,23.63
2022-10-31 23:30:00,2.626,4.4328,0.716,0.7755,120,97.7697,26.1697,120,81.0119,81.0877,80.9046,0.0396,120,25.6429,25.7054,25.6047,0.0249,120,1007.3547,1007.5198,1007.1718,0.0528,120,0,0,0,0,120,0,0,0,0,120,13.7566,14.2604,13.2775,0.2157,120,120,0,0,0,0,0,120,None,None,None,None,0,3.4559,3.4587,3.4529,0.0009,0.5564,0.5571,0.5561,0.0003,0.8101,0.8109,0.809,0.0004,-0.0001,-0.0001,-0.0001,0,0,0,0,0,0,0,0,0,0,0,0,0,262.6083,459,55,84.2939,0,0,0,0,289.3583,963,85,100.4455,34.1,41.8667,47,39,23.67,23.68,23.63
2022-10-31 23:40:00,1.8623,4.6168,0.4676,0.7753,120,110.932,33.3489,120,80.7952,80.9351,80.5994,0.0926,120,25.7116,25.7512,25.678,0.0143,120,1007.2832,1007.3916,1007.1535,0.0935,120,0,0,0,0,120,0,0,0,0,120,13.6747,14.2604,13.2775,0.2572,120,120,0,0,0,0,0,120,None,None,None,None,0,3.4547,3.4565,3.4526,0.0016,0.5571,0.5575,0.5568,0.0001,0.808,0.8094,0.806,0.0009,-0.0001,-0.0001,-0.0001,0,0,0,0,0,0,0,0,0,0,0,0,0,179.6,479,28,84.2706,0,0,0,0,322.075,896,46,105.2732,34,41.5167,47,39,23.67,23.68,23.63
2022-10-31 23:50:00,2.5465,4.4328,0.7804,0.817,120,102.0437,21.9458,120,80.6721,80.752,80.5689,0.0434,120,25.7056,25.739,25.6719,0.013,120,1007.2436,1007.3916,1007.1535,0.089,120,0,0,0,0,120,0,0,0,0,120,13.7075,14.2604,13.2775,0.2258,120,120,0,0,0,0,0,120,None,None,None,None,0,3.4541,3.4565,3.4526,0.0015,0.5571,0.5574,0.5567,0.0001,0.8067,0.8075,0.8057,0.0004,-0.0001,-0.0001,-0.0001,0,0,0,0,0,0,0,0,0,0,0,0,0,253.9667,459,62,88.8048,0,0,0,0,290.3083,550,79,63.8006,34,41.85,47,39,23.67,23.68,23.63
