datetime,Anemometer;wind_speed;Avg (m/s),Anemometer;wind_speed;Max (m/s),Anemometer;wind_speed;Min (m/s),Anemometer;wind_speed;StdDev (m/s),Anemometer;wind_speed;Count (),Wind Vane TMR;wind_direction;Avg (°),Wind Vane TMR;wind_direction;StdDev (°),Wind Vane TMR;wind_direction;Count (),Hygro/Thermo;humidity;Avg (%),Hygro/Thermo;humidity;Max (%),Hygro/Thermo;humidity;Min (%),Hygro/Thermo;humidity;StdDev (%),Hygro/Thermo;humidity;Count (),Hygro/Thermo;temperature;Avg (°C),Hygro/Thermo;temperature;Max (°C),Hygro/Thermo;temperature;Min (°C),Hygro/Thermo;temperature;StdDev (°C),Hygro/Thermo;temperature;Count (),Barometer;air_pressure;Avg (hPa),Barometer;air_pressure;Max (hPa),Barometer;air_pressure;Min (hPa),Barometer;air_pressure;StdDev (hPa),Barometer;air_pressure;Count (),DHI (Diffuse Horizontal Irradiance);solar_irradiance;Avg (W/m²),DHI (Diffuse Horizontal Irradiance);solar_irradiance;Max (W/m²),DHI (Diffuse Horizontal Irradiance);solar_irradiance;Min (W/m²),DHI (Diffuse Horizontal Irradiance);solar_irradiance;StdDev (W/m²),DHI (Diffuse Horizontal Irradiance);solar_irradiance;Count (),GHI (Global Horizontal Irradiance);solar_irradiance;Avg (W/m²),GHI (Global Horizontal Irradiance);solar_irradiance;Max (W/m²),GHI (Global Horizontal Irradiance);solar_irradiance;Min (W/m²),GHI (Global Horizontal Irradiance);solar_irradiance;StdDev (W/m²),GHI (Global Horizontal Irradiance);solar_irradiance;Count (),DNI (Direct Normal Irradiance) Pyrheliometer;solar_DNI;Avg (W/m²),DNI (Direct Normal Irradiance) Pyrheliometer;solar_DNI;Max (W/m²),DNI (Direct Normal Irradiance) Pyrheliometer;solar_DNI;Min (W/m²),DNI (Direct Normal Irradiance) Pyrheliometer;solar_DNI;StdDev (W/m²),DNI (Direct Normal Irradiance) Pyrheliometer;solar_DNI;Count (),Precipitation;precipitation;Count (),Precipitation;precipitation;Sum (mm),GTI (Global Tilt Irradiance) PV Cell;voltage;Avg (W/m2),GTI (Global Tilt Irradiance) PV Cell;voltage;Max (W/m2),GTI (Global Tilt Irradiance) PV Cell;voltage;Min (W/m2),GTI (Global Tilt Irradiance) PV Cell;voltage;StdDev (W/m2),GTI (Global Tilt Irradiance) PV Cell;voltage;Count (),Theta;other;Avg (°),Theta;other;Max (°),Theta;other;Min (°),Theta;other;StdDev (°),Theta;other;Count (),A1;channel;Avg (V),A1;channel;Max (V),A1;channel;Min (V),A1;channel;StdDev (V),A2;channel;Avg (V),A2;channel;Max (V),A2;channel;Min (V),A2;channel;StdDev (V),A3;channel;Avg (V),A3;channel;Max (V),A3;channel;Min (V),A3;channel;StdDev (V),A4;channel;Avg (V),A4;channel;Max (V),A4;channel;Min (V),A4;channel;StdDev (V),A5;channel;Avg (V),A5;channel;Max (V),A5;channel;Min (V),A5;channel;StdDev (V),A6;channel;Avg (V),A6;channel;Max (V),A6;channel;Min (V),A6;channel;StdDev (V),A7;channel;Avg (V),A7;channel;Max (V),A7;channel;Min (V),A7;channel;StdDev (V),C1;channel;Avg (I),C1;channel;Max (I),C1;channel;Min (I),C1;channel;StdDev (I),C2;channel;Avg (I),C2;channel;Max (I),C2;channel;Min (I),C2;channel;StdDev (I),D1;channel;Avg (),D1;channel;Max (),D1;channel;Min (),D1;channel;StdDev (),T;channel;Avg (°C),I;channel;Avg (mA),I;channel;Max (mA),I;channel;Min (mA),V;channel;Avg (V),V;channel;Max (V),V;channel;Min (V)
2022-11-01 00:00:00,2.3454,4.3684,0.5504,0.9261,120,101.6037,37.1095,120,80.5147,80.6299,80.3552,0.0523,120,25.6709,25.7298,25.6322,0.0232,120,1007.239,1007.3916,1007.1718,0.0879,120,0,0,0,0,120,0,0,0,0,120,13.642,14.2604,13.2775,0.2341,120,120,0,0,0,0,0,120,None,None,None,None,0,3.454,3.4565,3.4529,0.0015,0.5567,0.5573,0.5563,0.0002,0.8051,0.8063,0.8036,0.0005,-0.0001,-0.0001,-0.0001,0,0,0,0,0,0,0,0,0,0,0,0,0,232.1083,452,37,100.6662,0,0,0,0,300.5083,828,56,117.791,34.6,44.3333,49,41,23.66,23.68,23.63
2022-11-01 00:10:00,2.2269,4.0464,0.5044,0.7945,120,100.5874,30.2515,120,80.3334,80.5689,80.1111,0.1002,120,25.6623,25.6902,25.6169,0.015,120,1007.1975,1007.3733,1007.1535,0.0617,120,0,0,0,0,120,0,0,0,0,120,13.5478,14.2604,13.2775,0.2615,120,120,0,0,0,0,0,120,None,None,None,None,0,3.4533,3.4562,3.4526,0.001,0.5566,0.5569,0.5562,0.0001,0.8033,0.8057,0.8011,0.001,-0.0001,-0.0001,-0.0001,0,0,0,0,0,0,0,0,0,0,0,0,0,219.225,417,32,86.3587,0,0,0,0,293.7,917,43,102.3606,34.4,41.8167,47,39,23.67,23.68,23.63
2022-11-01 00:20:00,2.2436,4.7456,0.4124,0.8917,120,102.2792,28.8202,120,80.1759,80.3247,79.9585,0.0938,120,25.6395,25.681,25.6017,0.0165,120,1007.1374,1007.1902,1006.9704,0.0727,120,0,0,0,0,120,0,0,0,0,120,13.5764,13.7689,13.2775,0.2409,120,120,0,0,0,0,0,120,None,None,None,None,0,3.4523,3.4532,3.4495,0.0012,0.5564,0.5568,0.556,0.0002,0.8018,0.8032,0.7996,0.0009,-0.0001,-0.0001,-0.0001,0,0,0,0,0,0,0,0,0,0,0,0,0,221.0417,493,22,96.9236,0,0,0,0,293.5,734,100,86.8258,34,41.4167,47,39,23.67,23.68,23.63
2022-11-01 00:30:00,2.3171,3.9544,0.6516,0.8198,120,99.8315,27.3771,120,79.915,79.989,79.8364,0.0323,120,25.5962,25.6474,25.5589,0.0184,120,1006.8932,1007.0071,1006.769,0.0991,120,0,0,0,0,120,0,0,0,0,120,13.556,14.2604,13.2775,0.2527,120,120,0,0,0,0,0,120,None,None,None,None,0,3.4482,3.4501,3.4462,0.0017,0.556,0.5565,0.5556,0.0002,0.7992,0.7999,0.7984,0.0003,-0.0001,-0.0001,-0.0001,0,0,0,0,0,0,0,0,0,0,0,0,0,229.0333,407,48,89.1089,0,0,0,0,285.9417,773,31,85.7736,34,41.5,47,39,23.67,23.68,23.63
2022-11-01 00:40:00,1.8912,3.8992,0.5504,0.7432,120,95.9668,26.4475,120,79.768,79.8669,79.6838,0.036,120,25.5409,25.5925,25.4949,0.0203,120,1006.758,1006.8056,1006.5859,0.0766,120,0,0,0,0,120,0,0,0,0,120,13.4822,13.7689,13.2775,0.2433,120,120,0,0,0,0,0,120,None,None,None,None,0,3.446,3.4468,3.4431,0.0013,0.5554,0.5559,0.555,0.0002,0.7977,0.7987,0.7968,0.0004,-0.0001,-0.0001,-0.0001,0,0,0,0,0,0,0,0,0,0,0,0,0,182.7417,401,37,80.7785,0,0,0,0,279.1083,929,47,93.1524,34,41.5667,47,39,23.67,23.68,23.63
2022-11-01 00:50:00,2.3502,5.132,0.6608,1.0171,120,103.8837,34.5255,120,79.7288,79.8059,79.6228,0.0329,120,25.4507,25.5101,25.388,0.0319,120,1006.6213,1006.9887,1006.5859,0.0643,120,0,0,0,0,120,0,0,0,0,120,13.5764,13.7689,13.2775,0.2409,120,120,0,0,0,0,0,120,None,None,None,None,0,3.4437,3.4498,3.4431,0.0011,0.5545,0.5551,0.5539,0.0003,0.7973,0.7981,0.7962,0.0003,-0.0001,-0.0001,-0.0001,0,0,0,0,0,0,0,0,0,0,0,0,0,232.6333,535,49,110.5556,0,0,0,0,310.6167,1005,6,125.1049,34,41.3333,47,39,23.66,23.68,23.63
2022-11-01 01:00:00,1.8006,3.2736,0.6148,0.6255,120,104.7157,30.3551,120,79.7446,79.8364,79.6838,0.0303,120,25.3953,25.4247,25.3697,0.0117,120,1006.6759,1006.8056,1006.5676,0.097,120,0,0,0,0,120,0,0,0,0,120,13.5027,13.7689,13.2775,0.2459,120,120,0,0,0,0,0,120,None,None,None,None,0,3.4446,3.4468,3.4428,0.0016,0.554,0.5543,0.5537,0.0001,0.7974,0.7984,0.7968,0.0003,-0.0001,-0.0001,-0.0001,0,0,0,0,0,0,0,0,0,0,0,0,0,172.8917,333,44,67.9844,0,0,0,0,304.2417,730,101,94.0534,34,41.3,45,39,23.66,23.68,23.63
2022-11-01 01:10:00,1.4937,3.338,0.4584,0.5728,120,99.1896,33.4188,120,79.7006,79.7754,79.6533,0.0277,120,25.4007,25.4399,25.3758,0.0135,120,1006.7367,1006.8056,1006.5859,0.0877,120,0,0,0,0,120,0,0,0,0,120,13.515,13.7689,13.2775,0.2466,120,120,0,0,0,0,0,120,None,None,None,None,0,3.4456,3.4468,3.4431,0.0015,0.554,0.5544,0.5538,0.0001,0.797,0.7978,0.7965,0.0003,-0.0001,-0.0001,-0.0001,0,0,0,0,0,0,0,0,0,0,0,0,0,139.5333,340,27,62.2563,0,0,0,0,289.3083,793,21,104.715,34,41.3167,47,39,23.66,23.68,23.63
2022-11-01 01:20:00,1.4221,2.8688,0.4124,0.5701,120,100.6494,40.3745,120,79.6945,79.7754,79.6228,0.0287,120,25.421,25.4552,25.3789,0.0151,120,1006.6768,1006.8056,1006.5676,0.096,120,0,0,0,0,120,0,0,0,0,120,13.4863,13.7689,13.2775,0.244,120,120,0,0,0,0,0,120,None,None,None,None,0,3.4446,3.4468,3.4428,0.0016,0.5542,0.5545,0.5538,0.0001,0.7969,0.7978,0.7962,0.0003,-0.0001,-0.0001,-0.0001,0,0,0,0,0,0,0,0,0,0,0,0,0,131.75,289,22,61.964,0,0,0,0,316.0083,1020,42,156.5751,34,41.2167,47,39,23.66,23.68,23.63
2022-11-01 01:30:00,1.8356,3.8992,0.6332,0.6785,120,96.8135,26.499,120,79.7352,79.8059,79.6228,0.0532,120,25.3427,25.3911,25.2995,0.0191,120,1006.6019,1006.8056,1006.5676,0.0409,120,0,0,0,0,120,0,0,0,0,120,13.5519,14.2604,13.2775,0.2611,120,120,0,0,0,0,0,120,None,None,None,None,0,3.4434,3.4468,3.4428,0.0007,0.5534,0.5539,0.553,0.0002,0.7974,0.7981,0.7962,0.0005,-0.0001,-0.0001,-0.0001,0,0,0,0,0,0,0,0,0,0,0,0,0,176.6917,401,46,73.7472,0,0,0,0,277.525,544,80,77.849,34,41.7,47,39,23.66,23.68,23.63
2022-11-01 01:40:00,1.8846,3.7152,0.7712,0.5806,120,102.5343,23.9758,120,79.7777,79.8975,79.6228,0.0648,120,25.3679,25.4186,25.3026,0.0284,120,1006.5967,1006.8056,1006.4028,0.0406,120,0,0,0,0,120,0,0,0,0,120,13.4986,14.2604,13.2775,0.2537,120,120,0,0,0,0,0,120,None,None,None,None,0,3.4433,3.4468,3.44,0.0007,0.5537,0.5542,0.553,0.0003,0.7978,0.799,0.7962,0.0006,-0.0001,-0.0001,-0.0001,0,0,0,0,0,0,0,0,0,0,0,0,0,182.025,381,61,63.105,0,0,0,0,291.7167,540,11,70.7184,34,41.4833,47,39,23.66,23.68,23.63
2022-11-01 01:50:00,1.7764,3.6232,0.5596,0.7081,120,101.1569,25.5806,120,79.532,79.6533,79.4092,0.0724,120,25.4081,25.4369,25.385,0.0115,120,1006.5938,1006.7873,1006.5676,0.02,120,0,0,0,0,120,0,0,0,0,120,13.4945,13.7689,13.2775,0.2451,120,120,0,0,0,0,0,120,None,None,None,None,0,3.4432,3.4465,3.4428,0.0003,0.5541,0.5544,0.5538,0.0001,0.7953,0.7965,0.7941,0.0007,-0.0001,-0.0001,-0.0001,0,0,0,0,0,0,0,0,0,0,0,0,0,170.2583,371,38,76.9724,0,0,0,0,291.2167,753,120,79.3884,34,41.6667,47,41,23.65,23.68,23.63
2022-11-01 02:00:00,1.9164,3.706,0.4676,0.6773,120,103.856,31.5304,120,79.4102,79.4702,79.3786,0.023,120,25.3834,25.4186,25.3575,0.0104,120,1006.5697,1006.6225,1006.3845,0.0577,120,0,0,0,0,120,0,0,0,0,120,13.5764,14.2604,13.2775,0.2492,120,120,0,0,0,0,0,120,None,None,None,None,0,3.4428,3.4437,3.4397,0.001,0.5538,0.5542,0.5536,0.0001,0.7941,0.7947,0.7938,0.0002,-0.0001,-0.0001,-0.0001,0,0,0,0,0,0,0,0,0,0,0,0,0,185.475,380,28,73.625,0,0,0,0,301.275,995,14,109.1172,34,41.55,47,39,23.66,23.68,23.63
2022-11-01 02:10:00,1.785,3.1264,0.5596,0.5977,120,104.4491,32.2642,120,79.4689,79.5923,79.3481,0.0613,120,25.3627,25.3972,25.3362,0.0112,120,1006.5442,1006.8056,1006.3845,0.0948,120,0,0,0,0,120,0,0,0,0,120,13.4904,14.2604,13.2775,0.2527,120,120,0,0,0,0,0,120,None,None,None,None,0,3.4424,3.4468,3.4397,0.0016,0.5536,0.554,0.5534,0.0001,0.7947,0.7959,0.7935,0.0006,-0.0001,-0.0001,-0.0001,0,0,0,0,0,0,0,0,0,0,0,0,0,171.2,317,38,64.9629,0,0,0,0,300.1083,678,36,96.1788,34,41.6833,47,39,23.66,23.68,23.63
2022-11-01 02:20:00,1.7138,3.9452,0.3388,0.7897,120,108.064,32.785,120,79.7253,79.8975,79.5618,0.0688,120,25.3808,25.4094,25.3484,0.0113,120,1006.697,1006.9704,1006.5859,0.0985,120,0,0,0,0,120,0,0,0,0,120,13.4659,14.2604,12.786,0.2563,120,120,0,0,0,0,0,120,None,None,None,None,0,3.4449,3.4495,3.4431,0.0016,0.5538,0.5541,0.5535,0.0001,0.7973,0.799,0.7956,0.0007,-0.0001,-0.0001,-0.0001,0,0,0,0,0,0,0,0,0,0,0,0,0,163.4583,406,14,85.8368,0,0,0,0,310.4917,622,11,97.1133,34,41.4667,47,39,23.66,23.68,23.63
2022-11-01 02:30:00,1.5221,2.8596,0.4768,0.5779,120,109.623,27.0223,120,80.1085,80.4163,79.8059,0.157,120,25.3851,25.4247,25.3575,0.0141,120,1006.8018,1006.9887,1006.5859,0.0779,120,0,0,0,0,120,0,0,0,0,120,13.556,13.7689,13.2775,0.2446,120,120,0,0,0,0,0,120,None,None,None,None,0,3.4467,3.4498,3.4431,0.0013,0.5538,0.5543,0.5536,0.0001,0.8011,0.8042,0.7981,0.0016,-0.0001,-0.0001,-0.0001,0,0,0,0,0,0,0,0,0,0,0,0,0,142.6167,288,29,62.8137,0,0,0,0,314.0417,546,186,78.3134,34,41.2667,47,39,23.66,23.68,23.63
2022-11-01 02:40:00,1.8179,3.752,0.7528,0.6317,120,96.5554,29.8651,120,80.299,80.5078,80.0806,0.1116,120,25.3769,25.4582,25.2416,0.0583,120,1006.7924,1006.9887,1006.5859,0.0801,120,0,0,0,0,120,0,0,0,0,120,13.4331,13.7689,12.786,0.2383,120,120,0,0,0,0,0,120,None,None,None,None,0,3.4465,3.4498,3.4431,0.0013,0.5538,0.5546,0.5524,0.0006,0.803,0.8051,0.8008,0.0011,-0.0001,-0.0001,-0.0001,0,0,0,0,0,0,0,0,0,0,0,0,0,174.775,385,59,68.6651,0,0,0,0,283.925,1016,106,107.4532,34,41.5,47,39,23.65,23.68,23.63
2022-11-01 02:50:00,2.3245,3.9084,1.0012,0.5574,120,100.0941,23.0968,120,80.2721,80.3552,80.1416,0.0596,120,25.2297,25.2751,25.1897,0.0199,120,1006.8567,1006.9887,1006.6042,0.0985,120,0,0,0,0,120,0,0,0,0,120,13.47,13.7689,12.786,0.2492,120,120,0,0,0,0,0,120,None,None,None,None,0,3.4476,3.4498,3.4434,0.0016,0.5523,0.5527,0.5519,0.0002,0.8027,0.8036,0.8014,0.0006,-0.0001,-0.0001,-0.0001,0,0,0,0,0,0,0,0,0,0,0,0,0,229.8333,402,86,60.5876,0,0,0,0,283.5,490,58,66.7788,33.4,41.6833,47,39,23.66,23.68,23.63
2022-11-01 03:00:00,2.0905,3.9176,0.8448,0.6751,120,104.5853,27.1791,120,79.8644,80.2942,79.4702,0.2509,120,25.3419,25.4002,25.2355,0.0391,120,1007.002,1007.1718,1006.9521,0.0699,120,0,0,0,0,120,0,0,0,0,120,13.4782,13.7689,13.2775,0.2426,120,120,0,0,0,0,0,120,None,None,None,None,0,3.45,3.4529,3.4492,0.0012,0.5534,0.554,0.5524,0.0004,0.7986,0.8029,0.7947,0.0025,-0.0001,-0.0001,-0.0001,0,0,0,0,0,0,0,0,0,0,0,0,0,204.4,403,69,73.3803,0,0,0,0,300.85,786,91,84.4322,33,41.6833,47,39,23.65,23.68,23.63
2022-11-01 03:10:00,1.8441,3.0896,0.5412,0.5271,120,102.1683,27.2218,120,79.3985,79.5312,79.3176,0.0565,120,25.3999,25.4369,25.3606,0.0132,120,1007.1825,1007.355,1006.9521,0.0886,120,0,0,0,0,120,0,0,0,0,120,13.5478,14.2604,13.2775,0.2537,120,120,0,0,0,0,0,120,None,None,None,None,0,3.453,3.4559,3.4492,0.0015,0.554,0.5544,0.5536,0.0001,0.794,0.7953,0.7932,0.0006,-0.0001,-0.0001,-0.0001,0,0,0,0,0,0,0,0,0,0,0,0,0,177.625,313,36,57.2968,0,0,0,0,293.2917,533,164,79.0403,33,41.85,47,41,23.65,23.68,23.63
2022-11-01 03:20:00,1.189,2.4088,0.2376,0.4701,120,97.7675,45.6979,120,79.3481,79.4092,79.2261,0.0494,120,25.4045,25.443,25.3301,0.0242,120,1007.3376,1007.355,1007.1535,0.045,120,0,0,0,0,120,0,0,0,0,120,13.429,13.7689,13.2775,0.2279,120,120,0,0,0,0,0,120,None,None,None,None,0,3.4556,3.4559,3.4526,0.0007,0.5541,0.5544,0.5533,0.0002,0.7935,0.7941,0.7923,0.0005,-0.0001,-0.0001,-0.0001,0,0,0,0,0,0,0,0,0,0,0,0,0,106.4083,239,3,51.1014,0,0,0,0,328.0417,1019,11,188.7132,33,41.6333,47,39,23.65,23.68,23.63
2022-11-01 03:30:00,1.6374,4.5248,0.3296,0.7569,120,96.1461,30.4743,120,79.4361,79.5312,79.2871,0.0535,120,25.3052,25.3575,25.2568,0.021,120,1007.3719,1007.5198,1007.3366,0.0576,120,0,0,0,0,120,0,0,0,0,120,13.4249,13.7689,12.786,0.235,120,120,0,0,0,0,0,120,None,None,None,None,0,3.4562,3.4587,3.4556,0.001,0.5531,0.5536,0.5526,0.0002,0.7944,0.7953,0.7929,0.0005,-0.0001,-0.0001,-0.0001,0,0,0,0,0,0,0,0,0,0,0,0,0,155.15,469,13,82.2699,0,0,0,0,272.6417,530,39,88.8032,33,41.5833,47,39,23.65,23.68,23.63
2022-11-01 03:40:00,1.544,3.2644,0.4308,0.6621,120,93.1265,49.7548,120,79.4417,79.5618,79.3786,0.0461,120,25.2919,25.3606,25.2507,0.0268,120,1007.4502,1007.5198,1007.3366,0.0803,120,0,0,0,0,120,0,0,0,0,120,13.4044,13.7689,12.786,0.2252,120,120,0,0,0,0,0,120,None,None,None,None,0,3.4575,3.4587,3.4556,0.0013,0.5529,0.5536,0.5525,0.0003,0.7944,0.7956,0.7938,0.0005,-0.0001,-0.0001,-0.0001,0,0,0,0,0,0,0,0,0,0,0,0,0,145,332,24,71.9668,0,0,0,0,305.0083,1005,4,178.3674,33,41.5833,47,39,23.65,23.68,23.63
2022-11-01 03:50:00,1.5046,3.2644,0.5136,0.6004,120,95.8457,36.2969,120,79.268,79.4092,79.165,0.0597,120,25.3426,25.3697,25.3178,0.0114,120,1007.4801,1007.5381,1007.3366,0.0658,120,0,0,0,0,120,0,0,0,0,120,13.3676,13.7689,12.786,0.2112,120,120,0,0,0,0,0,120,None,None,None,None,0,3.458,3.459,3.4556,0.0011,0.5534,0.5537,0.5532,0.0001,0.7927,0.7941,0.7917,0.0006,-0.0001,-0.0001,-0.0001,0,0,0,0,0,0,0,0,0,0,0,0,0,140.7167,332,33,65.2587,0,0,0,0,280.2333,829,23,115.2036,33,41.35,47,39,23.65,23.68,23.63
2022-11-01 04:00:00,1.2163,2.5284,0.302,0.462,120,105.0186,39.9154,120,79.2978,79.3786,79.2261,0.0387,120,25.3207,25.3514,25.2812,0.0138,120,1007.5292,1007.7029,1007.3366,0.0744,120,0,0,0,0,120,0,0,0,0,120,13.4208,13.7689,12.786,0.2332,120,120,0,0,0,0,0,120,None,None,None,None,0,3.4588,3.4617,3.4556,0.0012,0.5532,0.5535,0.5528,0.0001,0.793,0.7938,0.7923,0.0004,-0.0001,-0.0001,-0.0001,0,0,0,0,0,0,0,0,0,0,0,0,0,109.3833,252,10,50.2124,0,0,0,0,309.4917,898,16,126.7658,33,41.6667,47,39,23.65,23.68,23.63
2022-11-01 04:10:00,1.2785,2.51,0.302,0.4775,120,102.0516,41.2519,120,79.5185,79.7143,79.3176,0.1145,120,25.2861,25.3148,25.2568,0.0122,120,1007.6664,1007.886,1007.5014,0.0895,120,0,0,0,0,120,0,0,0,0,120,13.4536,13.7689,12.786,0.2451,120,120,0,0,0,0,0,120,None,None,None,None,0,3.4611,3.4648,3.4584,0.0015,0.5529,0.5532,0.5526,0.0001,0.7952,0.7971,0.7932,0.0011,-0.0001,-0.0001,-0.0001,0,0,0,0,0,0,0,0,0,0,0,0,0,116.1417,250,10,51.9038,0,0,0,0,322.0917,1003,12,163.623,33,41.7833,47,39,23.65,23.68,23.63
2022-11-01 04:20:00,1.0599,2.1788,0.2928,0.4429,120,106.177,45.7914,120,79.9033,80.05,79.6533,0.1084,120,25.3052,25.3484,25.2568,0.0229,120,1007.841,1008.0874,1007.6662,0.0848,120,0,0,0,0,120,0,0,0,0,120,13.4413,14.2604,12.786,0.2653,120,120,0,0,0,0,0,120,None,None,None,None,0,3.464,3.4681,3.4611,0.0014,0.5531,0.5535,0.5526,0.0002,0.799,0.8005,0.7965,0.0011,-0.0001,-0.0001,-0.0001,0,0,0,0,0,0,0,0,0,0,0,0,0,92.3833,214,9,48.136,0,0,0,0,330.9167,1016,25,160.7415,33,41.45,47,39,23.65,23.68,23.63
2022-11-01 04:30:00,0.8312,2.4088,0,0.4537,120,87.6278,43.2194,120,80.1612,80.3552,79.989,0.0942,120,25.3264,25.3575,25.2904,0.0117,120,1007.9261,1008.0874,1007.6846,0.096,120,0,0,0,0,120,0,0,0,0,120,13.4372,13.7689,13.2775,0.2312,120,120,0,0,0,0,0,120,None,None,None,None,0,3.4654,3.4681,3.4614,0.0016,0.5533,0.5536,0.5529,0.0001,0.8016,0.8036,0.7999,0.0009,-0.0001,-0.0001,-0.0001,0,0,0,0,0,0,0,0,0,0,0,0,0,67.7167,239,0,49.0113,0,0,0,0,272.0917,907,16,146.7529,33,41.5833,47,39,23.65,23.68,23.63
2022-11-01 04:40:00,0.8493,1.8844,0.2652,0.3435,120,99.4018,42.0103,120,80.5066,80.6604,80.3247,0.0993,120,25.315,25.3362,25.2843,0.0106,120,1008.0351,1008.0874,1007.8677,0.0746,120,1.2856,3.1236,0,1.0977,120,0.8273,2.5642,0,0.8942,120,13.5805,13.7689,13.2775,0.2399,120,120,0,1.1444,3.0518,0,0.9861,120,None,None,None,None,0,3.4673,3.4681,3.4645,0.0012,0.5532,0.5534,0.5528,0.0001,0.8051,0.8066,0.8032,0.001,-0.0001,-0.0001,-0.0001,0,0,0,0,0,0,0,0,0,0.0011,0.0031,0,0.001,69.4917,182,6,37.3404,0,0,0,0,311.7083,1008,72,148.9228,33,41.35,47,39,23.65,23.68,23.63
2022-11-01 04:50:00,1.3622,3.3564,0.2376,0.6656,120,91.0679,41.3107,120,80.7746,80.9046,80.6604,0.0718,120,25.3254,25.3667,25.2965,0.0144,120,1008.001,1008.0874,1007.8677,0.0896,120,8.729,13.4567,2.8835,3.2186,120,8.3501,13.5558,2.5642,3.1214,120,13.8224,15.2449,13.2775,0.5013,120,120,0,8.2909,13.123,3.0518,2.9305,120,89.41,89.92,88.88,0.37,64,3.4667,3.4681,3.4645,0.0015,0.5533,0.5537,0.553,0.0001,0.8077,0.809,0.8066,0.0007,-0.0001,-0.0001,-0.0001,0,0.0001,0.0002,0,0,0.0001,0.0001,0,0,0.0083,0.0131,0.0031,0.0029,125.2417,342,3,72.343,0,0,0,0,282.4583,1010,20,150.2281,33,41.6667,49,39,23.65,23.68,23.63
2022-11-01 05:00:00,1.1387,2.2156,0.4584,0.4665,120,86.4028,38.3587,120,80.8095,80.874,80.7215,0.047,120,25.3805,25.443,25.3362,0.0221,120,1008.0979,1008.2705,1007.8677,0.0853,120,19.4045,24.511,13.9378,3.4479,120,23.9667,38.102,13.5558,7.9394,120,74.4808,174.5746,14.7535,58.6398,120,120,0,17.4896,21.6681,13.123,2.6312,120,87.57,88.88,86.28,0.7,120,3.4683,3.4712,3.4645,0.0014,0.5538,0.5544,0.5534,0.0002,0.8081,0.8087,0.8072,0.0005,-0.0005,-0.0001,-0.0011,0.0004,0.0002,0.0003,0.0002,0,0.0002,0.0003,0.0001,0.0001,0.0175,0.0217,0.0131,0.0026,100.9417,218,27,50.7045,0,0,0,0,268.2583,972,17,146.9626,33,41.6167,47,39,23.65,23.68,23.63
2022-11-01 05:10:00,1.2206,3.0344,0.2836,0.5146,120,95.9328,47.1913,120,80.4323,80.7825,80.0806,0.2341,120,25.5523,25.6261,25.4155,0.0597,120,1008.1797,1008.4353,1008.0508,0.0966,120,33.6365,40.1307,24.7512,3.9267,120,46.1228,70.7095,34.072,11.9338,120,141.1019,285.7122,22.1286,93.6527,120,120,0,29.0714,33.8755,21.6681,2.9685,120,85.16,86.28,83.93,0.7,120,3.4697,3.4739,3.4675,0.0016,0.5555,0.5563,0.5542,0.0006,0.8043,0.8078,0.8008,0.0023,-0.0009,-0.0001,-0.0018,0.0006,0.0004,0.0005,0.0003,0.0001,0.0004,0.0006,0.0003,0.0001,0.0291,0.0339,0.0217,0.003,109.85,307,8,55.9399,0,0,0,0,307.0333,1007,14,166.6294,33,41.7667,47,39,23.65,23.68,23.63
2022-11-01 05:20:00,1.2255,2.9056,0.302,0.5761,120,92.8806,50.047,120,80.0094,80.3858,79.3176,0.2104,120,25.8419,26.1663,25.6169,0.1529,120,1008.2705,1008.4536,1008.0691,0.0551,120,47.9585,62.4787,40.1307,7.4527,120,88.6459,112.1092,71.0756,10.9834,120,313.9629,355.05,112.1205,36.4013,120,120,0,43.2803,61.037,34.1807,8.8067,120,82.75,83.93,81.58,0.71,120,3.4712,3.4742,3.4678,0.0009,0.5584,0.5617,0.5562,0.0015,0.8001,0.8039,0.7932,0.0021,-0.0019,-0.0007,-0.0022,0.0002,0.0006,0.0008,0.0005,0.0001,0.0007,0.0009,0.0006,0.0001,0.0433,0.061,0.0342,0.0088,110.375,293,10,62.62,0,0,0,0,296.2583,872,0,161.8982,33,41.4667,47,39,23.65,23.68,23.63
2022-11-01 05:30:00,1.0699,1.8936,0.348,0.3572,120,95.9481,54.4466,120,78.8942,79.3481,78.5546,0.2453,120,26.2608,26.3128,26.148,0.0373,120,1008.3094,1008.4719,1008.2339,0.0844,120,60.6746,70.8898,55.2701,5.0299,120,92.1814,144.7155,59.3517,29.9347,120,190.5973,443.5659,17.7038,157.3369,120,120,0,60.6199,81.4844,49.1348,11.2902,120,80.34,81.58,79.22,0.7,120,3.4718,3.4745,3.4706,0.0014,0.5626,0.5631,0.5615,0.0004,0.7889,0.7935,0.7855,0.0025,-0.0012,-0.0001,-0.0028,0.001,0.0008,0.0009,0.0007,0.0001,0.0008,0.0012,0.0005,0.0002,0.0606,0.0815,0.0491,0.0113,93.4667,183,15,38.8276,0,0,0,0,326.825,1004,25,198.0878,33,41.6167,47,39,23.65,23.68,23.63
2022-11-01 05:40:00,1.4775,2.924,0.4768,0.5757,120,98.1882,39.3208,120,78.459,78.8598,77.9443,0.1816,120,26.4205,26.6668,26.2792,0.0999,120,1008.3871,1008.4536,1008.2339,0.083,120,79.1478,94.4394,59.5953,10.7874,120,172.0376,210.6615,126.7635,21.0187,120,450.6227,511.4277,169.6568,48.8087,120,120,0,104.826,136.4177,76.2963,16.6658,120,77.93,79.22,76.61,0.7,120,3.4731,3.4742,3.4706,0.0014,0.5642,0.5667,0.5628,0.001,0.7846,0.7886,0.7794,0.0018,-0.0028,-0.0011,-0.0032,0.0003,0.001,0.0012,0.0008,0.0001,0.0014,0.0018,0.0011,0.0002,0.1048,0.1364,0.0763,0.0167,137.7667,295,29,62.578,0,0,0,0,309.2167,1018,101,150.4202,33,41.5833,47,39,23.65,23.68,23.63
2022-11-01 05:50:00,1.4499,3.6416,0.4676,0.6636,120,100.3825,43.6651,120,77.5282,77.8527,77.0898,0.1833,120,26.6333,26.7095,26.505,0.0588,120,1008.4628,1008.6367,1008.2522,0.0762,120,104.3597,119.911,90.3543,7.6922,120,127.6368,235.9412,94.5234,34.3424,120,98.9172,527.164,16.2278,137.1317,120,120,0,104.1698,160.5274,81.1792,18.1673,120,75.51,76.61,74.25,0.7,120,3.4744,3.4773,3.4709,0.0013,0.5663,0.5671,0.5651,0.0006,0.7753,0.7785,0.7709,0.0018,-0.0006,-0.0001,-0.0033,0.0009,0.0013,0.0015,0.0011,0.0001,0.0011,0.002,0.0008,0.0003,0.1042,0.1605,0.0812,0.0182,134.7667,373,28,72.1305,0,0,0,0,298.625,729,50,131.0938,33,41.5833,47,39,23.65,23.68,23.63
2022-11-01 06:00:00,1.2692,3.2736,0.2744,0.6521,120,89.1211,48.8234,120,77.3034,77.7612,76.9372,0.2365,120,26.4777,26.5722,26.3219,0.0755,120,1008.5621,1008.8198,1008.417,0.096,120,97.1466,123.9968,85.548,10.5765,120,118.0989,318.7407,85.3637,63.5507,120,78.2508,609.7809,13.2775,177.8309,120,120,0,98.5773,231.6355,74.16,42.1906,120,73.09,74.25,71.89,0.71,120,3.476,3.4803,3.4736,0.0016,0.5648,0.5657,0.5632,0.0008,0.773,0.7776,0.7694,0.0024,-0.0005,-0.0001,-0.0038,0.0011,0.0012,0.0016,0.0011,0.0001,0.001,0.0027,0.0007,0.0005,0.0986,0.2316,0.0742,0.0422,115.1333,333,7,70.8859,0,0,0,0,299.9167,1006,8,179.6954,33,41.65,47,39,23.65,23.68,23.63
2022-11-01 06:10:00,2.054,4.994,0.2192,1.0672,120,83.748,46.7853,120,77.2497,77.9748,76.632,0.3727,120,26.5234,26.6363,26.3372,0.0942,120,1008.8066,1009.003,1008.6184,0.0719,120,154.6572,185.9945,125.4386,16.3931,120,265.9653,398.6086,151.6771,87.3622,120,330.1746,650.5962,26.0635,257.9559,120,120,0,208.1566,306.1006,126.0414,58.944,120,70.68,71.89,69.54,0.71,120,3.4801,3.4834,3.477,0.0012,0.5652,0.5664,0.5634,0.0009,0.7725,0.7797,0.7663,0.0037,-0.002,-0.0002,-0.004,0.0016,0.002,0.0024,0.0016,0.0002,0.0022,0.0033,0.0013,0.0007,0.2082,0.3061,0.126,0.0589,200.4333,520,1,116.0051,0,0,0,0,282.9083,1000,20,176.8271,33,41.65,47,39,23.65,23.68,23.63
2022-11-01 06:20:00,1.7723,4.2948,0.2928,0.9674,120,86.3664,42.8795,120,76.513,77.8832,75.4112,0.9477,120,27.0528,27.2283,26.5874,0.2119,120,1008.8896,1009.0213,1008.8015,0.0863,120,113.6534,152.352,98.7646,17.0666,120,320.1482,394.946,127.1297,91.5254,120,536.9466,694.855,43.2743,229.8498,120,120,0,241.1166,300.9125,100.7111,66.6176,120,68.26,69.54,67.18,0.7,120,3.4815,3.4837,3.48,0.0014,0.5705,0.5723,0.5659,0.0021,0.7651,0.7788,0.7541,0.0095,-0.0033,-0.0003,-0.0043,0.0014,0.0014,0.0019,0.0013,0.0002,0.0027,0.0033,0.0011,0.0008,0.2411,0.3009,0.1007,0.0666,169.8167,444,9,105.1503,0,0,0,0,278.6667,911,10,157.1456,33,41.6667,47,39,23.65,23.68,23.63
2022-11-01 06:30:00,2.502,4.7272,1.0748,0.8812,120,94.6992,30.2123,120,74.9568,75.6859,74.0074,0.4175,120,27.1845,27.2649,27.1276,0.0326,120,1008.9496,1009.0213,1008.8015,0.0859,120,119.2625,136.0118,102.3693,11.4482,120,379.7258,472.982,141.0516,79.5214,120,605.1083,765.1756,67.3703,185.1481,120,120,0,292.0469,367.748,111.3926,60.2248,120,65.83,66.91,64.55,0.7,120,3.4825,3.4837,3.48,0.0014,0.5718,0.5726,0.5713,0.0003,0.7496,0.7569,0.7401,0.0042,-0.0038,-0.0004,-0.0047,0.0011,0.0015,0.0017,0.0013,0.0001,0.0032,0.0039,0.0012,0.0007,0.292,0.3677,0.1114,0.0602,249.1333,491,94,95.7864,0,0,0,0,277.8333,960,80,104.392,33,41.2333,47,39,23.66,23.68,23.63
2022-11-01 06:40:00,2.5511,4.3868,0.992,0.7709,120,94.8793,32.1552,120,74.1348,74.6178,73.7022,0.2543,120,27.042,27.2008,26.9201,0.082,120,1009.041,1009.2044,1008.8198,0.0764,120,146.1564,179.7465,126.1591,16.6648,120,351.0697,532.6999,136.2893,148.962,120,435.7961,748.4563,19.1782,296.8185,120,120,0,280.0048,426.3436,108.0355,119.0475,120,63.41,64.55,62.19,0.71,120,3.484,3.4867,3.4803,0.0013,0.5704,0.572,0.5692,0.0008,0.7413,0.7462,0.737,0.0025,-0.0027,-0.0001,-0.0046,0.0018,0.0019,0.0023,0.0016,0.0002,0.0029,0.0044,0.0011,0.0012,0.28,0.4263,0.108,0.119,254.4667,454,85,83.7913,0,0,0,0,285.1083,961,122,115.4573,34,41.4833,47,39,23.66,23.68,23.63
2022-11-01 06:50:00,2.3542,4.6076,0.6424,0.9313,120,84.4519,34.1436,120,74.2925,74.6788,73.6717,0.2327,120,27.1825,27.5854,27.0086,0.155,120,1009.1824,1009.4058,1008.9846,0.0697,120,166.1757,223.2417,122.3142,32.6978,120,486.8674,623.5594,144.7155,127.0342,120,623.5616,756.3245,46.7177,215.9071,120,120,0,397.8113,522.7821,114.1392,106.1458,120,60.99,62.19,59.83,0.71,120,3.4864,3.4901,3.4831,0.0012,0.5718,0.5758,0.5701,0.0015,0.7429,0.7468,0.7367,0.0023,-0.0039,-0.0003,-0.0047,0.0013,0.0021,0.0028,0.0016,0.0004,0.0041,0.0052,0.0012,0.0011,0.3978,0.5228,0.1141,0.1061,233.0667,478,47,101.233,0,0,0,0,268.1667,987,77,140.3574,34,41.65,47,39,23.66,23.68,23.63
2022-11-01 07:00:00,2.4577,4.9572,0.4768,1.1797,120,99.3521,44.1834,120,73.3708,74.0989,72.6341,0.3067,120,27.6213,27.7624,27.561,0.0569,120,1009.2366,1009.4058,1009.1861,0.071,120,190.4724,225.885,153.7937,22.6334,120,459.2614,632.7191,181.3529,163.5523,120,486.7463,804.0251,19.1782,294.661,120,120,0,382.8267,531.0221,150.7614,136.6279,120,58.57,59.83,57.47,0.7,120,3.4873,3.4901,3.4864,0.0012,0.5762,0.5776,0.5756,0.0006,0.7337,0.741,0.7263,0.0031,-0.003,-0.0001,-0.005,0.0018,0.0024,0.0029,0.002,0.0003,0.0038,0.0053,0.0015,0.0014,0.3828,0.531,0.1508,0.1366,244.3167,516,29,128.2276,0,0,0,0,306.1583,1012,45,148.3446,34,41.3833,47,39,23.66,23.68,23.63
2022-11-01 07:10:00,2.446,4.35,0.6148,0.9144,120,80.5657,35.2541,120,72.6302,73.3665,72.0847,0.334,120,27.706,27.7715,27.6556,0.0315,120,1009.285,1009.4241,1009.1861,0.091,120,180.5378,204.9787,158.1197,15.0783,120,580.4379,688.0408,230.0792,128.5938,120,676.483,805.4995,70.8137,215.7911,120,120,0,493.1664,594.5006,197.7599,110.4056,120,56.15,57.47,54.85,0.7,120,3.4881,3.4904,3.4864,0.0015,0.5771,0.5777,0.5766,0.0003,0.7263,0.7337,0.7208,0.0033,-0.0042,-0.0004,-0.005,0.0013,0.0023,0.0026,0.002,0.0002,0.0048,0.0057,0.0019,0.0011,0.4932,0.5945,0.1978,0.1104,243.0417,450,44,99.3926,0,0,0,0,248.9583,1020,48,139.6844,34,41.9333,47,39,23.66,23.68,23.63
2022-11-01 07:20:00,2.1359,4.1844,0.762,0.8857,120,76.3431,44.1033,120,72.0646,72.573,71.4743,0.2972,120,27.8241,27.8967,27.7288,0.0427,120,1009.3855,1009.6072,1009.2044,0.0823,120,173.9675,216.9937,142.9803,23.7911,120,564.6199,716.9832,165.599,202.8185,120,619.0293,825.1708,16.7193,315.3686,120,120,0,486.0276,618.9154,139.4696,175.195,120,53.73,54.85,52.49,0.71,120,3.4898,3.4935,3.4867,0.0014,0.5782,0.579,0.5773,0.0004,0.7206,0.7257,0.7147,0.003,-0.0038,-0.0001,-0.0051,0.002,0.0022,0.0028,0.0018,0.0003,0.0047,0.006,0.0014,0.0017,0.486,0.6189,0.1395,0.1752,209.3333,432,60,96.2712,0,0,0,0,261.4833,1021,11,180.8691,34.1,41.5833,47,39,23.67,23.68,23.63
2022-11-01 07:30:00,2.9016,5.2516,1.0196,0.9761,120,95.7985,31.4337,120,71.3238,72.2373,70.7724,0.2858,120,27.7913,27.9394,27.6159,0.1177,120,1009.4061,1009.6072,1009.2044,0.0408,120,220.278,287.1622,156.1969,40.1303,120,562.9438,819.5666,196.3733,203.8001,120,519.8498,849.7583,16.2278,313.7333,120,120,0,490.5596,722.9835,165.4103,179.9985,120,51.31,52.49,50.13,0.71,120,3.4901,3.4935,3.4867,0.0007,0.5779,0.5794,0.5762,0.0012,0.7132,0.7224,0.7077,0.0029,-0.0032,-0.0001,-0.0053,0.0019,0.0028,0.0036,0.002,0.0005,0.0047,0.0068,0.0016,0.0017,0.4906,0.723,0.1654,0.18,292.5667,548,88,106.094,0,0,0,0,273.925,554,11,91.1702,35,41.5333,47,41,23.67,23.68,23.63
2022-11-01 07:40:00,2.6287,6.006,0.7252,1.2601,120,98.5055,44.2312,120,71.8879,72.8477,70.864,0.4511,120,27.8251,28.2598,27.5487,0.2459,120,1009.4064,1009.6255,1009.2227,0.0757,120,195.8751,233.815,158.8402,22.6652,120,770.0611,819.2005,338.5246,68.604,120,822.1458,849.2668,189.3265,89.3869,120,120,0,670.5705,713.2176,274.3614,63.3932,120,48.89,50.13,47.77,0.71,120,3.4901,3.4938,3.487,0.0013,0.5783,0.5826,0.5755,0.0025,0.7189,0.7285,0.7086,0.0045,-0.0051,-0.0012,-0.0053,0.0006,0.0025,0.003,0.002,0.0003,0.0064,0.0068,0.0028,0.0006,0.6706,0.7132,0.2744,0.0634,262.9,630,56,136.9677,0,0,0,0,285.7667,651,48,126.291,35,41.5667,47,39,23.67,23.68,23.63
2022-11-01 07:50:00,2.9728,5.1596,0.7252,0.9603,120,97.5261,34.884,120,70.5649,71.2912,70.0095,0.3143,120,27.9623,28.2568,27.7532,0.1626,120,1009.5351,1009.8086,1009.4241,0.0958,120,233.4966,288.1236,168.4528,41.5662,120,692.6383,918.8523,241.8031,224.5823,120,629.8274,874.3458,35.8991,320.2634,120,120,0,607.6057,812.7079,204.7792,200.6068,120,46.47,47.77,45.15,0.7,120,3.4923,3.4968,3.4904,0.0016,0.5796,0.5826,0.5775,0.0016,0.7056,0.7129,0.7001,0.0031,-0.0039,-0.0002,-0.0054,0.002,0.003,0.0037,0.0021,0.0005,0.0058,0.0077,0.002,0.0019,0.6076,0.8127,0.2048,0.2006,300.3,538,56,104.3757,0,0,0,0,290.2083,924,17,122.7195,35,41.5667,47,39,23.67,23.68,23.63
2022-11-01 08:00:00,2.7641,5.868,0.7988,1.0315,120,99.7376,37.7377,120,70.9777,71.7795,70.2231,0.4133,120,27.8323,27.9577,27.7532,0.0603,120,1009.6347,1009.827,1009.4424,0.0621,120,221.6918,253.0394,188.878,18.2523,120,729.8339,909.6939,200.4034,251.7297,120,662.2261,892.5411,16.2278,327.6296,120,120,0,641.6033,808.1301,165.1051,229.6168,120,44.06,45.15,42.8,0.7,120,3.4939,3.4971,3.4907,0.001,0.5783,0.5796,0.5775,0.0006,0.7098,0.7178,0.7022,0.0041,-0.0041,-0.0001,-0.0055,0.002,0.0028,0.0032,0.0024,0.0002,0.0061,0.0076,0.0017,0.0021,0.6416,0.8081,0.1651,0.2296,277.6167,615,64,112.1195,0,0,0,0,296.275,957,26,127.874,35.6,41.5667,47,39,23.67,23.68,23.63
2022-11-01 08:10:00,1.8516,3.7152,0.532,0.7788,120,82.2649,51.2003,120,71.2399,72.3289,70.2536,0.5612,120,28.1544,28.3941,27.7929,0.1951,120,1009.6286,1009.827,1009.4424,0.0394,120,183.4956,234.0551,143.2205,28.5733,120,755.5712,914.8223,199.6711,213.4408,120,723.4787,885.1644,16.2278,279.286,120,120,0,669.7236,815.7598,164.7999,190.8766,120,41.65,42.8,40.45,0.71,120,3.4938,3.4971,3.4907,0.0007,0.5815,0.5839,0.5779,0.0019,0.7124,0.7233,0.7025,0.0056,-0.0045,-0.0001,-0.0055,0.0017,0.0023,0.003,0.0018,0.0004,0.0063,0.0076,0.0017,0.0018,0.6697,0.8158,0.1648,0.1909,178.4333,381,35,84.6565,0,0,0,0,295.8417,1012,20,203.4802,36,41.7,47,39,23.67,23.68,23.63
2022-11-01 08:20:00,2.257,5.8312,0.6424,1.0681,120,90.4783,42.3799,120,70.0786,71.1692,69.0024,0.4897,120,28.4219,28.5589,28.2904,0.0828,120,1009.6788,1009.8453,1009.4424,0.0816,120,207.58,248.9543,182.8709,15.0773,120,877.3583,986.6303,282.1044,144.7067,120,811.8107,920.079,107.6958,179.006,120,120,0,779.1553,890.8353,230.7199,137.7649,120,39.24,40.45,38.11,0.7,120,3.4946,3.4974,3.4907,0.0014,0.5842,0.5856,0.5829,0.0008,0.7008,0.7117,0.69,0.0049,-0.005,-0.0007,-0.0057,0.0011,0.0026,0.0032,0.0023,0.0002,0.0073,0.0082,0.0024,0.0012,0.7792,0.8908,0.2307,0.1378,222.5,611,47,116.0952,0,0,0,0,286.2917,929,56,150.1273,36,41.5333,47,39,23.68,23.68,23.63
2022-11-01 08:30:00,2.5775,5.4632,0.302,1.3164,120,87.5029,56.4946,120,69.248,70.4062,68.4835,0.4806,120,28.4991,28.7023,28.2202,0.1322,120,1009.8056,1010.0284,1009.6255,0.0873,120,245.71,291.9685,216.2732,23.4413,120,840.0619,1055.8739,241.0708,237.53,120,698.4646,909.7519,19.1782,279.7007,120,120,0,752.4974,947.5997,199.591,220.085,120,36.84,38.11,35.76,0.7,120,3.4968,3.5005,3.4938,0.0015,0.585,0.587,0.5822,0.0013,0.6925,0.7041,0.6848,0.0048,-0.0043,-0.0001,-0.0056,0.0017,0.0031,0.0037,0.0027,0.0003,0.007,0.0088,0.002,0.002,0.7525,0.9476,0.1996,0.2201,257.3333,571,10,143.0876,0,0,0,0,294,989,2,182.7105,36.7,41.55,47,39,23.68,23.68,23.63
2022-11-01 08:40:00,2.2903,4.6352,0.486,0.9156,120,79.2282,49.8622,120,70.2564,71.1997,68.8803,0.5715,120,28.3208,28.6077,28.0889,0.1652,120,1009.7836,1010.0284,1009.6438,0.0942,120,191.784,241.2646,149.9488,20.9652,120,875.3646,1033.5258,207.3649,253.473,120,776.8426,915.6542,16.7193,290.5221,120,120,0,780.2591,919.8279,163.8844,235.2219,120,34.43,35.5,33.17,0.69,120,3.4964,3.5005,3.4941,0.0016,0.5832,0.5861,0.5809,0.0016,0.7026,0.712,0.6888,0.0057,-0.0048,-0.0001,-0.0057,0.0018,0.0024,0.0031,0.0019,0.0003,0.0073,0.0086,0.0017,0.0021,0.7803,0.9198,0.1639,0.2352,226.1167,481,30,99.526,0,0,0,0,277.4083,1010,12,199.1709,37,41.7833,47,39,23.68,23.68,23.63
2022-11-01 08:50:00,3.1025,5.6564,0.854,0.8595,120,98.4323,23.4108,120,69.3096,70.3146,68.6056,0.4162,120,28.1755,28.5742,27.8936,0.2242,120,1009.8195,1010.0467,1009.6438,0.0891,120,189.0145,243.4276,148.9882,20.4571,120,967.4942,1043.7839,256.4586,140.1528,120,859.9455,926.9642,50.651,165.9975,120,120,0,866.184,940.2753,208.4414,134.9906,120,32.04,33.17,30.84,0.7,120,3.497,3.5008,3.4941,0.0015,0.5818,0.5857,0.5789,0.0022,0.6931,0.7031,0.6861,0.0042,-0.0053,-0.0003,-0.0058,0.001,0.0024,0.0031,0.0019,0.0003,0.0081,0.0087,0.0021,0.0012,0.8662,0.9403,0.2084,0.135,314.4,592,70,93.4218,0,0,0,0,278.8,443,53,67.626,37,41.65,47,39,23.68,23.68,23.63
2022-11-01 09:00:00,2.6017,5.4172,0.762,0.9493,120,91.5043,36.6538,120,70.2267,71.2912,69.0329,0.6197,120,27.9813,28.2904,27.86,0.115,120,1009.8416,1010.0467,1009.6438,0.0653,120,209.3642,272.5039,175.9016,21.8724,120,881.3243,1091.7791,204.0672,296.5765,120,723.1754,926.9642,18.6868,324.951,120,120,0,789.9843,985.7479,162.9688,278.1065,120,29.67,30.84,28.53,0.7,120,3.4974,3.5008,3.4941,0.0011,0.5798,0.5829,0.5786,0.0011,0.7023,0.7129,0.6903,0.0062,-0.0045,-0.0001,-0.0058,0.002,0.0027,0.0035,0.0022,0.0003,0.0073,0.0091,0.0017,0.0025,0.79,0.9857,0.163,0.2781,259.9667,566,60,103.1875,0,0,0,0,263.5667,622,0,108.2168,37.8,41.8,47,39,23.68,23.73,23.68
2022-11-01 09:10:00,2.5947,6.2176,0.624,1.216,120,89.8778,34.6006,120,69.8854,70.7114,69.0939,0.4307,120,28.3113,28.4155,28.2141,0.0567,120,1009.8328,1010.065,1009.6622,0.0892,120,227.1066,273.4654,196.8087,18.9823,120,964.8441,1134.2773,253.527,265.7658,120,780.9939,935.8153,15.7364,286.1721,120,120,0,872.0308,1020.2338,209.0518,247.0613,120,27.3,28.53,26.22,0.69,120,3.4972,3.5011,3.4944,0.0015,0.5831,0.5841,0.5821,0.0006,0.6989,0.7071,0.6909,0.0043,-0.0048,-0.0001,-0.0058,0.0018,0.0029,0.0035,0.0025,0.0002,0.008,0.0094,0.0021,0.0022,0.872,1.0202,0.2091,0.2471,259.2083,653,45,132.1756,0,0,0,0,276.6167,911,88,132.8779,38,41.6667,47,41,23.68,23.73,23.63
2022-11-01 09:20:00,2.7673,5.316,0.7804,0.9094,120,82.0201,33.721,120,69.3958,70.4062,68.6972,0.4074,120,28.2942,28.3666,28.1958,0.0525,120,1009.6759,1009.8819,1009.479,0.1077,120,248.876,339.3079,203.0559,31.7667,120,898.1099,1209.0168,259.7551,347.8306,120,669.373,933.3564,15.7364,371.5837,120,120,0,809.9918,1100.4975,214.5451,324.0557,120,24.94,26.22,23.68,0.68,120,3.4946,3.498,3.4913,0.0018,0.5829,0.5837,0.582,0.0005,0.694,0.7041,0.687,0.0041,-0.0042,-0.0001,-0.0058,0.0023,0.0032,0.0043,0.0026,0.0004,0.0075,0.0101,0.0022,0.0029,0.81,1.1005,0.2145,0.3241,277.9667,555,62,98.847,0,0,0,0,250.8417,946,12,127.376,38,41.5333,47,39,23.68,23.68,23.68
2022-11-01 09:30:00,2.806,5.2792,0.854,0.975,120,72.3027,33.7285,120,69.1143,70.1315,67.7816,0.6339,120,28.4108,28.5528,28.153,0.1048,120,1009.5772,1009.6988,1009.479,0.0902,120,212.5382,305.9063,175.6614,31.8104,120,1005.5476,1181.9052,266.3505,261.582,120,805.971,931.3906,16.7193,281.2368,120,120,0,913.0655,1073.6412,222.1748,239.9248,120,22.61,23.68,21.42,0.68,120,3.493,3.495,3.4913,0.0015,0.5841,0.5855,0.5815,0.001,0.6911,0.7013,0.6778,0.0063,-0.005,-0.0001,-0.0058,0.0017,0.0027,0.0039,0.0022,0.0004,0.0084,0.0098,0.0022,0.0022,0.9131,1.0736,0.2222,0.2399,282.175,551,70,105.9729,0,0,0,0,211.725,624,4,100.8992,38.7,41.5667,47,39,23.68,23.68,23.68
2022-11-01 09:40:00,2.5918,5.0032,0.9,0.8622,120,85.6861,39.8223,120,69.6875,70.4978,68.4835,0.405,120,28.2171,28.449,28.0828,0.0999,120,1009.4198,1009.5157,1009.2959,0.0936,120,197.327,237.6598,160.2819,24.0799,120,1035.9807,1187.7671,244.3673,233.5989,120,837.0256,955.4866,24.096,242.7442,120,120,0,945.0107,1092.2575,202.3377,216.6789,120,20.3,21.42,19.19,0.67,120,3.4903,3.4919,3.4883,0.0016,0.5822,0.5845,0.5808,0.001,0.6969,0.705,0.6848,0.0041,-0.0052,-0.0001,-0.0059,0.0015,0.0025,0.003,0.002,0.0003,0.0086,0.0099,0.002,0.0019,0.945,1.0923,0.2023,0.2167,258.8917,521,75,93.7128,0,0,0,0,258.4833,912,48,128.5226,39,41.6333,47,39,23.68,23.68,23.63
2022-11-01 09:50:00,2.8929,6.2636,0.5688,1.2192,120,89.3182,45.8157,120,69.1804,70.3757,68.0258,0.6039,120,28.2759,28.4551,28.0706,0.1065,120,1009.2798,1009.4974,1009.1311,0.0866,120,152.4664,207.1417,134.089,16.3865,120,1091.5862,1152.9616,835.3205,51.3051,120,924.0831,947.1254,627.4831,53.333,120,120,0,995.7935,1063.2649,640.5835,51.8611,120,18.04,19.19,17,0.65,120,3.488,3.4916,3.4855,0.0014,0.5828,0.5846,0.5807,0.0011,0.6918,0.7038,0.6803,0.006,-0.0057,-0.0039,-0.0059,0.0003,0.0019,0.0026,0.0017,0.0002,0.0091,0.0096,0.007,0.0004,0.9958,1.0633,0.6406,0.0519,291.6167,658,39,132.5168,0,0,0,0,308.2667,1015,6,193.2169,39,41.55,47,39,23.68,23.68,23.68
2022-11-01 10:00:00,2.7104,5.6748,0.6148,1.3107,120,90.1463,46.7651,120,69.1427,70.1621,68.0563,0.5983,120,28.5324,28.6901,28.3331,0.0952,120,1009.1287,1009.3326,1008.948,0.07,120,160.823,233.5748,126.8803,29.5278,120,1004.7111,1197.2929,224.9508,224.0965,120,823.7809,956.4695,23.6046,233.2257,120,120,0,918.9225,1117.2826,191.351,209.9353,120,15.83,17,14.65,0.63,120,3.4855,3.4889,3.4825,0.0012,0.5853,0.5869,0.5833,0.0009,0.6914,0.7016,0.6806,0.006,-0.0051,-0.0001,-0.0059,0.0014,0.002,0.003,0.0016,0.0004,0.0084,0.01,0.0019,0.0019,0.9189,1.1173,0.1914,0.2099,271.7833,594,44,142.467,0,0,0,0,292.625,985,35,166.6357,39,41.3,47,39,23.68,23.68,23.63
2022-11-01 10:10:00,2.7996,6.282,0.3572,1.2896,120,87.6703,43.5759,120,68.524,69.8264,67.4459,0.661,120,28.6134,28.8031,28.4674,0.1104,120,1008.9982,1009.1678,1008.7649,0.0785,120,143.6212,199.211,121.8339,19.7352,120,1100.0677,1150.7635,884.7803,31.9078,120,922.1244,941.7161,713.0487,29.6368,120,120,0,1006.948,1055.6352,862.7583,27.6031,120,13.7,14.65,12.63,0.6,120,3.4833,3.4861,3.4794,0.0013,0.5861,0.588,0.5847,0.0011,0.6852,0.6983,0.6745,0.0066,-0.0057,-0.0044,-0.0058,0.0002,0.0018,0.0025,0.0015,0.0003,0.0092,0.0096,0.0074,0.0003,1.0069,1.0556,0.8628,0.0276,281.475,660,16,140.1749,0,0,0,0,267.3583,705,70,131.109,40,41.4333,47,39,23.68,23.68,23.68
2022-11-01 10:20:00,2.9893,6.8892,1.2496,1.1816,120,66.6788,35.6717,120,68.3119,69.0329,67.5375,0.3529,120,28.4282,28.5253,28.3453,0.059,120,1008.9831,1009.1678,1008.7649,0.0675,120,201.4042,296.0535,125.9189,45.5083,120,956.4969,1229.8992,215.0588,317.9947,120,724.3105,949.0928,14.7535,316.4996,120,120,0,877.9285,1136.2041,177.9229,298.6752,120,11.7,12.63,10.77,0.56,120,3.4831,3.4861,3.4794,0.0011,0.5843,0.5853,0.5835,0.0006,0.6831,0.6903,0.6754,0.0035,-0.0045,-0.0001,-0.0059,0.002,0.0026,0.0038,0.0016,0.0006,0.008,0.0102,0.0018,0.0026,0.8779,1.1362,0.1779,0.2987,302.1,726,113,128.4379,0,0,0,0,207.3083,1018,8,131.3508,40,41.2833,47,39,23.68,23.68,23.63
2022-11-01 10:30:00,3.3825,6.8064,0.9552,1.0652,120,78.267,38.347,120,68.7773,70.0095,67.6901,0.473,120,28.228,28.3422,28.1591,0.0422,120,1008.8699,1008.9846,1008.5818,0.1052,120,219.9856,298.4567,154.7551,48.2084,120,1002.5007,1239.425,302.2545,289.94,120,746.6159,968.7641,41.3084,298.3086,120,120,0,912.2262,1170.0796,249.031,271.8873,120,9.91,10.77,9.15,0.48,120,3.4812,3.4831,3.4764,0.0018,0.5823,0.5834,0.5816,0.0004,0.6878,0.7001,0.6769,0.0047,-0.0046,-0.0003,-0.006,0.0019,0.0028,0.0038,0.002,0.0006,0.0084,0.0103,0.0025,0.0024,0.9122,1.1701,0.249,0.2719,344.8333,717,81,115.7878,0,0,0,0,238.8,1012,0,133.9122,40,41.8,47,39,23.68,23.68,23.68
2022-11-01 10:40:00,2.7986,6.2912,0.302,1.3251,120,93.713,38.8231,120,69.6659,70.7419,68.2394,0.633,120,28.1849,28.5925,28.0432,0.1536,120,1008.7873,1008.9846,1008.5818,0.0685,120,194.3693,313.8362,148.748,44.1658,120,1077.7436,1271.6651,280.6387,270.8953,120,829.8131,957.4525,25.572,283.4151,120,120,0,987.1339,1172.216,235.9081,251.5048,120,8.46,9.15,7.94,0.36,120,3.4798,3.4831,3.4764,0.0011,0.5818,0.5859,0.5804,0.0015,0.6967,0.7074,0.6824,0.0063,-0.0052,-0.0002,-0.0059,0.0018,0.0025,0.004,0.0019,0.0006,0.009,0.0106,0.0023,0.0023,0.9871,1.1722,0.2359,0.2515,281.375,661,10,144.0312,0,0,0,0,300.05,1001,102,149.7494,40,41.5667,47,39,23.68,23.68,23.68
2022-11-01 10:50:00,2.7034,5.5368,0.808,1.101,120,97.8801,39.5339,120,69.1824,70.1926,68.0868,0.4885,120,28.6174,28.7725,28.507,0.0924,120,1008.766,1008.8198,1008.5818,0.0657,120,254.1066,343.1528,191.522,45.2978,120,999.2095,1288.8848,324.2365,351.4155,120,695.4156,953.0277,18.1953,368.4671,120,120,0,912.5619,1185.0337,278.634,333.2795,120,7.54,7.84,7.32,0.17,120,3.4794,3.4803,3.4764,0.0011,0.5862,0.5877,0.5851,0.0009,0.6918,0.7019,0.6809,0.0049,-0.0043,-0.0001,-0.0059,0.0023,0.0032,0.0044,0.0024,0.0006,0.0083,0.0107,0.0027,0.0029,0.9126,1.185,0.2786,0.3333,271.025,579,65,119.6778,0,0,0,0,312.275,969,26,158.1848,40,41.7833,47,39,23.68,23.73,23.68
2022-11-01 11:00:00,2.8345,5.2884,0.6976,1.0945,120,67.6885,37.2658,120,68.4754,70.101,67.0186,0.9196,120,28.5839,28.8702,28.153,0.2439,120,1008.7837,1008.9846,1008.5818,0.0688,120,246.9777,342.4323,184.7929,42.0927,120,932.6189,1297.6783,257.1909,391.3202,120,641.1009,955.4866,15.2449,383.2075,120,120,0,850.4644,1197.2411,213.0192,372.5646,120,7.37,7.55,7.3,0.07,120,3.4797,3.4831,3.4764,0.0011,0.5858,0.5887,0.5815,0.0024,0.6848,0.701,0.6702,0.0092,-0.004,-0.0001,-0.0059,0.0024,0.0031,0.0043,0.0023,0.0005,0.0078,0.0108,0.0021,0.0033,0.8505,1.1972,0.213,0.3726,285.2667,552,53,118.9653,0,0,0,0,206.2083,728,3,118.2861,40,41.5,47,39,23.68,23.73,23.68
2022-11-01 11:10:00,3.0152,5.8312,0.716,1.1218,120,86.0416,38.8116,120,69.0438,69.9789,68.1173,0.4685,120,28.161,28.272,28.0615,0.0623,120,1008.6537,1008.8198,1008.3987,0.0898,120,261.2296,333.0606,220.5984,28.2728,120,762.5231,1300.2425,259.7551,457.3177,120,472.5509,952.0432,14.2604,436.0333,120,120,0,693.4161,1201.2085,216.3762,431.0914,120,7.97,8.48,7.55,0.28,120,3.4776,3.4803,3.4733,0.0015,0.5816,0.5827,0.5806,0.0006,0.6904,0.6998,0.6812,0.0047,-0.0029,-0.0001,-0.0059,0.0027,0.0033,0.0042,0.0028,0.0004,0.0064,0.0108,0.0022,0.0038,0.6934,1.2012,0.2164,0.4311,304.9167,611,55,121.9375,0,0,0,0,262.0417,823,17,128.9898,40.7,41.8333,47,39,23.68,23.73,23.63
2022-11-01 11:20:00,3.1121,5.914,1.222,1.038,120,83.9073,35.6271,120,68.8434,69.6738,68.0563,0.3482,120,28.2856,28.4704,28.1469,0.1038,120,1008.4112,1008.6184,1008.2156,0.1348,120,282.7308,346.2772,246.5512,27.2978,120,1028.1343,1324.7887,305.9184,343.2161,120,706.7506,960.4028,19.1782,340.9217,120,120,0,947.0173,1225.9285,263.9851,322.8006,120,9.21,9.91,8.48,0.43,120,3.4735,3.477,3.4703,0.0022,0.5829,0.5847,0.5815,0.001,0.6884,0.6967,0.6806,0.0035,-0.0044,-0.0001,-0.006,0.0021,0.0036,0.0044,0.0031,0.0003,0.0086,0.011,0.0025,0.0029,0.947,1.2259,0.264,0.3228,315.45,620,110,112.8212,0,0,0,0,271.475,1011,8,159.5533,41,41.65,47,39,23.68,23.68,23.63
2022-11-01 11:30:00,3.4192,6.0796,0.716,1.2207,120,111.6489,32.6412,120,68.3363,69.0634,66.9576,0.5108,120,28.2245,28.4735,28.1286,0.1128,120,1008.1961,1008.417,1008.0325,0.0921,120,244.122,319.8433,211.4669,27.0663,120,960.008,1276.7947,250.5966,385.2457,120,680.8104,953.5192,14.7535,378.4846,120,120,0,881.8883,1176.4885,210.2725,364.6953,120,10.88,11.88,9.91,0.53,120,3.4699,3.4736,3.4672,0.0015,0.5823,0.5847,0.5813,0.0011,0.6834,0.6906,0.6696,0.0051,-0.0042,-0.0001,-0.0059,0.0023,0.0031,0.0041,0.0027,0.0003,0.008,0.0106,0.0021,0.0032,0.8819,1.1765,0.2103,0.3647,348.825,638,55,132.6893,0,0,0,0,323.475,807,122,99.4485,41,42.0167,47,39,23.68,23.73,23.68
2022-11-01 11:40:00,3.0333,5.73,1.2312,1.0546,120,87.8624,40.0755,120,68.9652,70.04,67.8732,0.6013,120,28.3381,28.5253,28.1286,0.1103,120,1007.9621,1008.2339,1007.6479,0.1122,120,236.5805,310.7118,179.9874,42.7095,120,994.3764,1299.8764,300.4226,280.9872,120,727.2611,965.8137,25.572,294.2594,120,120,0,909.7568,1225.6233,253.6088,267.3573,120,12.8,13.84,11.88,0.59,120,3.466,3.4706,3.4608,0.0019,0.5834,0.5853,0.5813,0.0011,0.6897,0.7004,0.6787,0.006,-0.0045,-0.0002,-0.006,0.0018,0.003,0.0039,0.0023,0.0005,0.0083,0.0108,0.0025,0.0023,0.9098,1.2256,0.2536,0.2674,306.875,600,111,114.6311,0,0,0,0,271.625,1007,52,142.7536,41,41.75,47,39,23.68,23.73,23.63
2022-11-01 11:50:00,3.3004,6.328,0.7804,1.2778,120,106.2525,37.2799,120,69.161,70.1926,67.9342,0.5648,120,28.4356,28.6016,28.3026,0.0857,120,1007.7537,1007.886,1007.6479,0.096,120,195.8672,231.8929,171.5764,17.9951,120,1159.5476,1243.0888,653.2353,59.0787,120,935.1847,972.2059,426.8466,59.0406,120,120,0,1065.5258,1137.73,490.4325,70.4394,120,14.87,15.92,13.84,0.63,120,3.4626,3.4648,3.4608,0.0016,0.5844,0.586,0.583,0.0009,0.6916,0.7019,0.6793,0.0056,-0.0058,-0.0026,-0.006,0.0004,0.0025,0.0029,0.0022,0.0002,0.0097,0.0104,0.0054,0.0005,1.0655,1.1377,0.4904,0.0704,335.9167,665,62,138.8928,0,0,0,0,314.6167,972,105,123.9003,41,41.8333,47,39,23.68,23.68,23.68
2022-11-01 12:00:00,2.9239,5.7576,0.44,1.2212,120,91.45,40.1142,120,68.8149,69.9789,67.6901,0.6315,120,28.4905,28.7054,28.3697,0.1061,120,1007.6379,1007.8677,1007.4831,0.0766,120,234.8884,284.7591,200.1724,20.9205,120,958.8784,1228.4346,282.1044,316.6695,120,711.115,953.0277,26.5549,321.6704,120,120,0,875.8202,1137.73,235.9081,304.6383,120,17.05,18.08,15.92,0.65,120,3.4606,3.4645,3.4581,0.0013,0.5849,0.587,0.5837,0.0011,0.6881,0.6998,0.6769,0.0063,-0.0044,-0.0002,-0.0059,0.002,0.003,0.0036,0.0025,0.0003,0.008,0.0102,0.0024,0.0026,0.8758,1.1377,0.2359,0.3046,294.9917,603,25,132.7434,0,0,0,0,280.4333,952,77,135.5348,41,41.7833,47,39,23.68,23.68,23.68
2022-11-01 12:10:00,2.7115,5.5092,0.762,1.1789,120,90.0477,42.0047,120,69.1415,70.6198,67.9952,0.6376,120,28.5103,28.742,28.4002,0.0784,120,1007.4866,1007.6662,1007.3183,0.0365,120,245.5598,305.4252,199.211,26.3368,120,1110.1428,1265.0708,313.2449,202.5652,120,858.7696,953.0277,49.6681,202.3145,120,120,0,1021.9632,1161.2293,262.154,188.5685,120,19.3,20.54,18.08,0.66,120,3.4581,3.4611,3.4553,0.0006,0.5851,0.5874,0.584,0.0008,0.6914,0.7062,0.68,0.0064,-0.0053,-0.0003,-0.0059,0.0013,0.0031,0.0039,0.0025,0.0003,0.0092,0.0105,0.0026,0.0017,1.022,1.1612,0.2622,0.1886,271.9,576,60,128.1431,0,0,0,0,285.6917,1002,48,155.9655,41,41.65,47,39,23.68,23.68,23.68
2022-11-01 12:20:00,3.2912,5.2792,0.8816,1.1975,120,100.8996,37.3427,120,68.4278,69.3381,67.2323,0.5381,120,28.4543,28.7573,28.2904,0.1785,120,1007.476,1007.6846,1007.3,0.06,120,252.1822,323.2079,209.3039,32.4444,120,916.4834,1242.3565,272.5786,375.9567,120,670.9466,948.6014,14.7535,392.8754,120,120,0,842.1532,1149.9374,236.8236,352.986,120,21.59,22.79,20.54,0.67,120,3.4579,3.4614,3.455,0.001,0.5845,0.5876,0.5829,0.0018,0.6843,0.6934,0.6723,0.0054,-0.0042,-0.0001,-0.0059,0.0024,0.0032,0.0041,0.0027,0.0004,0.0076,0.0103,0.0023,0.0031,0.8422,1.1499,0.2368,0.353,334.9167,551,73,130.1579,0,0,0,0,299.7,952,0,124.3977,41,41.5667,47,39,23.68,23.68,23.63
2022-11-01 12:30:00,3.8639,6.0244,1.3048,1.0826,120,102.1442,22.5776,120,68.5217,69.1549,67.8426,0.3497,120,28.1322,28.3544,27.8753,0.1293,120,1007.3275,1007.5014,1007.1169,0.0849,120,231.7024,294.3717,192.4827,27.2219,120,879.6451,1172.0132,272.2125,326.398,120,665.3487,953.0277,24.5875,348.0673,120,120,0,799.8749,1093.4782,231.6355,307.8425,120,23.91,25.07,22.79,0.68,120,3.4555,3.4584,3.4519,0.0014,0.5813,0.5835,0.5787,0.0013,0.6852,0.6915,0.6784,0.0035,-0.0041,-0.0002,-0.0059,0.0022,0.0029,0.0037,0.0024,0.0003,0.0073,0.0098,0.0023,0.0027,0.7999,1.0935,0.2316,0.3078,397.1583,632,119,117.6758,0,0,0,0,289.925,472,87,65.2545,41,41.6833,47,39,23.68,23.68,23.68
2022-11-01 12:40:00,2.8378,6.42,0.67,1.0702,120,94.3073,46.6699,120,69.5791,70.3757,68.2089,0.5558,120,28.3189,28.742,27.8692,0.3044,120,1007.0905,1007.3183,1006.7507,0.1091,120,198.871,259.2874,154.7551,27.2894,120,1047.2862,1136.1092,453.1981,108.5118,120,886.7219,941.7161,230.1434,123.8068,120,120,0,959.1027,1054.4145,404.9806,102.8987,120,26.25,27.36,25.07,0.69,120,3.4515,3.4553,3.4458,0.0018,0.5832,0.5874,0.5787,0.003,0.6958,0.7038,0.6821,0.0056,-0.0055,-0.0014,-0.0058,0.0008,0.0025,0.0033,0.002,0.0003,0.0087,0.0095,0.0038,0.0009,0.9591,1.0544,0.405,0.1029,285.625,675,50,116.324,0,0,0,0,298.5167,917,14,161.6944,41,41.6667,47,39,23.68,23.73,23.68
2022-11-01 12:50:00,3.2738,6.2176,0.9828,1.176,120,71.5526,38.2012,120,68.0461,69.1549,67.2323,0.4228,120,28.6574,28.8153,28.4368,0.1083,120,1007.0058,1007.1352,1006.7507,0.0973,120,297.221,382.8032,246.7913,40.7202,120,992.2668,1213.413,360.5066,230.7971,120,743.4194,950.0773,105.7283,239.5,120,120,0,912.5975,1122.4708,319.5288,220.6514,120,28.61,29.67,27.36,0.69,120,3.4501,3.4523,3.4458,0.0016,0.5866,0.5881,0.5844,0.0011,0.6805,0.6915,0.6723,0.0042,-0.0046,-0.0007,-0.0059,0.0015,0.0038,0.0049,0.0031,0.0005,0.0083,0.0101,0.003,0.0019,0.9126,1.1225,0.3195,0.2207,333.025,653,84,127.8228,0,0,0,0,232.05,970,1,147.6476,41,41.6167,47,39,23.68,23.68,23.63
2022-11-01 13:00:00,3.1788,5.9784,1.1852,1.17,120,78.1551,33.9356,120,68.5385,69.3991,67.6595,0.3594,120,28.3956,28.4704,28.3087,0.0466,120,1006.9068,1007.1535,1006.7324,0.0905,120,270.5634,373.1906,201.6142,40.8914,120,912.2153,1207.551,321.6723,244.3316,120,700.3251,922.0464,68.3548,278.1103,120,120,0,840.5866,1113.6204,292.6725,230.4015,120,30.99,32.25,29.93,0.69,120,3.4484,3.4526,3.4455,0.0015,0.584,0.5847,0.5831,0.0005,0.6854,0.694,0.6766,0.0036,-0.0043,-0.0004,-0.0057,0.0017,0.0034,0.0047,0.0026,0.0005,0.0076,0.0101,0.0027,0.002,0.8406,1.1136,0.2927,0.2304,322.6917,627,106,127.1746,0,0,0,0,234.3083,888,41,114.7011,41,41.55,47,39,23.68,23.73,23.63
2022-11-01 13:10:00,2.7661,5.9784,0.5964,1.1765,120,80.8436,43.1811,120,69.042,70.04,68.1173,0.5103,120,28.4783,28.623,28.2629,0.1261,120,1006.7557,1006.9521,1006.5493,0.0568,120,233.1142,270.3409,200.1724,19.2978,120,766.1776,1080.0552,231.545,357.7458,120,602.2849,927.9471,14.7535,403.4085,120,120,0,705.5371,1002.2278,199.2859,337.6486,120,33.38,34.58,32.25,0.7,120,3.4459,3.4492,3.4425,0.0009,0.5848,0.5862,0.5826,0.0013,0.6904,0.7004,0.6812,0.0051,-0.0037,-0.0001,-0.0058,0.0025,0.003,0.0034,0.0025,0.0002,0.0064,0.009,0.0019,0.003,0.7055,1.0022,0.1993,0.3376,277.8333,627,42,127.8855,0,0,0,0,255.2667,942,20,147.5987,41,41.8333,47,41,23.68,23.73,23.68
2022-11-01 13:20:00,2.9774,6.0796,0.4768,1.3486,120,86.0655,44.408,120,68.9591,70.1621,67.6901,0.6691,120,28.2982,28.5559,28.1927,0.0879,120,1006.6793,1006.9338,1006.531,0.1113,120,166.3939,249.4346,134.8102,26.6746,120,812.8896,973.0756,186.1152,239.9232,120,751.808,913.6868,16.2278,299.8074,120,120,0,742.1288,894.8027,154.1185,226.2793,120,35.77,36.92,34.58,0.7,120,3.4447,3.4489,3.4422,0.0019,0.583,0.5856,0.5819,0.0009,0.6896,0.7016,0.6769,0.0067,-0.0047,-0.0001,-0.0057,0.0019,0.0021,0.0032,0.0017,0.0003,0.0068,0.0081,0.0015,0.002,0.7421,0.8948,0.1541,0.2263,300.8,638,29,146.5866,0,0,0,0,280.3333,1007,41,163.0626,41,41.5167,47,39,23.68,23.68,23.68
2022-11-01 13:30:00,3.232,5.8496,0.6516,1.1995,120,71.901,39.3784,120,68.686,70.04,67.4154,0.7188,120,28.32,28.5345,28.1317,0.1401,120,1006.7359,1006.9338,1006.5493,0.0494,120,159.1648,192.4827,144.422,15.8492,120,776.8328,940.102,227.8812,235.4368,120,741.559,909.7519,51.1424,296.5867,120,120,0,707.3784,865.8101,191.351,218.0292,120,38.17,39.26,36.92,0.7,120,3.4456,3.4489,3.4425,0.0008,0.5832,0.5854,0.5813,0.0014,0.6869,0.7004,0.6742,0.0072,-0.0046,-0.0003,-0.0056,0.0018,0.002,0.0024,0.0018,0.0002,0.0065,0.0078,0.0019,0.002,0.7074,0.8658,0.1914,0.218,328.475,613,48,130.3822,0,0,0,0,246.5333,997,15,165.2547,41,41.4167,47,39,23.68,23.73,23.68
2022-11-01 13:40:00,3.1314,5.9048,0.7252,1.3185,120,85.7608,39.5233,120,68.4011,69.7348,67.2323,0.6723,120,28.4207,28.6444,28.1774,0.1534,120,1006.7309,1006.9155,1006.531,0.0507,120,138.9413,166.0496,129.5236,8.2538,120,855.367,880.3842,793.1885,13.8563,120,888.3898,898.4418,805.4995,11.7092,120,120,0,781.2942,803.2472,722.9835,12.6457,120,40.58,41.87,39.26,0.7,120,3.4455,3.4486,3.4422,0.0008,0.5842,0.5864,0.5818,0.0015,0.684,0.6973,0.6723,0.0067,-0.0055,-0.005,-0.0056,0.0001,0.0018,0.0021,0.0016,0.0001,0.0071,0.0073,0.0066,0.0001,0.7813,0.8032,0.723,0.0126,317.5417,619,56,143.313,0,0,0,0,270.7167,989,55,150.9301,41,41.6833,47,39,23.68,23.73,23.68
2022-11-01 13:50:00,2.8927,5.6012,0.5596,1.2448,120,80.473,35.9909,120,68.9029,70.0705,67.9952,0.4521,120,28.3737,28.4674,28.2293,0.0795,120,1006.729,1006.9338,1006.531,0.054,120,171.8969,233.0945,114.3843,30.487,120,740.7669,920.6843,238.5054,181.4973,120,732.7852,916.1457,40.3239,254.2178,120,120,0,675.1406,847.8042,205.3896,169.2805,120,42.99,44.22,41.87,0.7,120,3.4455,3.4489,3.4422,0.0009,0.5837,0.5847,0.5823,0.0008,0.689,0.7007,0.68,0.0045,-0.0045,-0.0003,-0.0057,0.0016,0.0022,0.003,0.0015,0.0004,0.0062,0.0077,0.002,0.0015,0.6751,0.8478,0.2054,0.1693,291.6,586,38,135.3084,0,0,0,0,247.8167,1015,2,135.2918,41,42.3833,47,39,23.68,23.68,23.68
2022-11-01 14:00:00,2.5187,5.7116,0.4216,1.1853,120,101.8918,46.3771,120,69.1781,70.5283,67.8426,0.7226,120,28.6443,28.9099,28.2843,0.1951,120,1006.7235,1006.769,1006.531,0.0571,120,160.899,222.2803,114.1441,29.2117,120,707.4151,851.8067,194.1753,198.4528,120,732.8918,882.214,22.1286,277.7845,120,120,0,643.9711,781.2738,164.7999,183.9307,120,45.4,46.58,44.22,0.71,120,3.4454,3.4462,3.4422,0.001,0.5864,0.5891,0.5828,0.0019,0.6918,0.7053,0.6784,0.0072,-0.0045,-0.0001,-0.0055,0.0017,0.002,0.0028,0.0014,0.0004,0.0059,0.0071,0.0016,0.0017,0.644,0.7813,0.1648,0.1839,250.9417,598,23,128.8362,0,0,0,0,308.6417,1003,60,153.6854,41,41.5,47,39,23.68,23.68,23.63
2022-11-01 14:10:00,2.6733,5.9416,0.8172,0.9494,120,73.6034,40.5613,120,68.1237,69.1855,67.0492,0.6154,120,28.6553,28.8305,28.5009,0.1055,120,1006.6788,1006.7507,1006.531,0.0873,120,203.2986,224.9236,164.1268,16.0977,120,563.4506,849.9748,169.2629,265.377,120,503.4784,879.7551,14.2604,358.9316,120,120,0,505.9613,784.9361,138.2489,249.1078,120,47.81,48.93,46.58,0.71,120,3.4446,3.4458,3.4422,0.0015,0.5866,0.5883,0.585,0.001,0.6812,0.6919,0.6705,0.0062,-0.0031,-0.0001,-0.0055,0.0022,0.0026,0.0029,0.0021,0.0002,0.0047,0.0071,0.0014,0.0022,0.506,0.7849,0.1382,0.2491,267.75,623,66,103.1934,0,0,0,0,238.1417,995,13,154.49,41,41.65,47,39,23.68,23.68,23.68
2022-11-01 14:20:00,2.2193,5.224,0.4492,1.2158,120,105.8613,48.596,120,68.5621,69.5822,67.2018,0.6416,120,28.743,28.977,28.507,0.1298,120,1006.6787,1006.769,1006.531,0.0895,120,202.2152,222.5205,164.1268,16.9352,120,538.2902,804.1789,169.6291,252.9014,120,499.9377,869.9194,14.2604,364.4978,120,120,0,484.9213,733.9701,138.554,234.5909,120,50.23,51.55,48.93,0.7,120,3.4446,3.4462,3.4422,0.0015,0.5874,0.5898,0.5851,0.0013,0.6856,0.6958,0.672,0.0064,-0.0031,-0.0001,-0.0054,0.0023,0.0026,0.0028,0.0021,0.0002,0.0045,0.0067,0.0014,0.0021,0.4849,0.734,0.1386,0.2346,218.4,545,26,132.1468,0,0,0,0,328.1833,961,11,160.6644,41,41.7,47,39,23.68,23.73,23.68
2022-11-01 14:30:00,3.0015,4.9848,0.3848,0.9896,120,88.0632,37.4869,120,68.381,69.9484,67.1712,0.7984,120,28.4227,28.8031,28.2202,0.152,120,1006.6622,1006.769,1006.531,0.0936,120,145.017,219.1567,117.0276,28.3287,120,550.0873,727.9748,168.5294,181.9924,120,638.1218,862.5443,23.1131,312.1973,120,120,0,489.6339,664.9983,136.7229,168.3576,120,52.65,53.91,51.55,0.7,120,3.4444,3.4462,3.4422,0.0016,0.5842,0.588,0.5822,0.0015,0.6838,0.6995,0.6717,0.008,-0.004,-0.0001,-0.0054,0.0019,0.0018,0.0028,0.0015,0.0004,0.0046,0.0061,0.0014,0.0015,0.4896,0.665,0.1367,0.1684,303.425,519,19,107.5658,0,0,0,0,274.15,1006,12,143.8936,41,41.55,47,39,23.68,23.73,23.68
2022-11-01 14:40:00,2.8556,5.132,0.6608,0.9943,120,90.4584,38.0043,120,69.0092,70.0095,67.9037,0.5427,120,28.4948,28.6413,28.4033,0.084,120,1006.6431,1006.7507,1006.3662,0.0948,120,153.768,182.8709,116.7874,17.2399,120,587.1516,691.7035,199.3049,136.6642,120,715.504,839.4312,70.3207,222.6621,120,120,0,522.6473,618.9154,165.7155,125.536,120,55.07,56.27,53.91,0.71,120,3.4441,3.4458,3.4394,0.0016,0.5849,0.5864,0.584,0.0008,0.6901,0.7001,0.679,0.0054,-0.0044,-0.0004,-0.0052,0.0014,0.002,0.0023,0.0015,0.0002,0.0049,0.0058,0.0017,0.0011,0.5226,0.6189,0.1657,0.1255,287.5667,535,49,108.0772,0,0,0,0,283.6,1020,30,151.3222,41,41.5333,47,39,23.68,23.73,23.68
2022-11-01 14:50:00,2.8729,4.994,0.7896,0.8711,120,92.6878,36.7502,120,68.8279,69.7348,68.2699,0.4021,120,28.51,28.6291,28.3575,0.0685,120,1006.6413,1006.7507,1006.531,0.092,120,146.2105,171.5764,113.4228,16.9817,120,482.0465,618.7971,158.6375,183.1701,120,586.9502,823.6948,15.7364,330.5724,120,120,0,422.6992,547.5021,130.0088,166.291,120,57.49,58.63,56.27,0.71,120,3.444,3.4458,3.4422,0.0015,0.5851,0.5863,0.5836,0.0007,0.6883,0.6973,0.6827,0.004,-0.0036,-0.0001,-0.0051,0.0021,0.0019,0.0022,0.0014,0.0002,0.004,0.0052,0.0013,0.0015,0.4227,0.5475,0.13,0.1663,289.4417,520,63,94.6829,0,0,0,0,282.175,1004,92,136.636,40.7,41.7667,47,39,23.68,23.68,23.68
2022-11-01 15:00:00,2.6773,5.0952,0.5504,0.9932,120,99.3397,36.9773,120,69.2139,70.101,68.4835,0.3349,120,28.1915,28.3544,28.0645,0.0725,120,1006.7318,1006.9338,1006.5493,0.0573,120,127.2085,155.2362,105.4929,18.5674,120,431.1518,585.4574,159.0036,135.7519,120,583.557,812.8762,18.1953,285.8032,120,120,0,372.0969,509.3539,130.9244,119.8891,120,59.91,60.99,58.63,0.7,120,3.4455,3.4489,3.4425,0.001,0.5819,0.5835,0.5806,0.0007,0.6921,0.701,0.6848,0.0033,-0.0036,-0.0001,-0.005,0.0018,0.0016,0.002,0.0013,0.0002,0.0036,0.0049,0.0013,0.0011,0.3721,0.5094,0.1309,0.1199,268.1833,531,37,107.9587,0,0,0,0,306.6,978,18,136.2387,40,41.6167,47,39,23.68,23.68,23.68
2022-11-01 15:10:00,2.2867,5.5552,0.4492,1.0792,120,97.8932,44.6066,120,69.3525,70.2231,68.0258,0.5609,120,28.5386,28.9373,28.1744,0.2686,120,1006.7437,1006.9338,1006.7141,0.0483,120,152.923,188.878,113.1827,21.8937,120,465.6393,551.018,180.9856,98.2751,120,633.6262,789.2717,53.1099,215.051,120,120,0,399.4949,474.2576,152.8977,86.0023,120,62.33,63.61,61.25,0.7,120,3.4457,3.4489,3.4452,0.0008,0.5854,0.5894,0.5817,0.0027,0.6935,0.7022,0.6803,0.0056,-0.0039,-0.0003,-0.0049,0.0013,0.0019,0.0024,0.0014,0.0003,0.0039,0.0046,0.0015,0.0008,0.3995,0.4743,0.1529,0.086,225.7333,581,26,117.3038,0,0,0,0,303.825,915,44,149.9168,40,41.75,47,41,23.68,23.68,23.68
2022-11-01 15:20:00,2.5457,4.902,0.44,1.0847,120,87.964,41.4477,120,68.584,70.1926,67.5069,0.7437,120,28.3713,28.8733,28.0401,0.2926,120,1006.7812,1006.9521,1006.7141,0.0792,120,147.8866,160.2819,138.6551,4.8061,120,276.2725,475.5462,141.7851,152.6842,120,301.1691,740.0967,13.7689,339.3976,120,120,0,234.227,399.4873,119.6326,127.1271,120,64.75,65.97,63.61,0.71,120,3.4464,3.4492,3.4452,0.0013,0.5837,0.5887,0.5804,0.0029,0.6858,0.7019,0.6751,0.0074,-0.0019,-0.0001,-0.0046,0.0021,0.0019,0.002,0.0018,0.0001,0.0023,0.004,0.0012,0.0013,0.2342,0.3995,0.1196,0.1271,253.875,510,25,117.9014,0,0,0,0,284.3,1003,2,159.6072,40,41.8,47,39,23.68,23.68,23.68
2022-11-01 15:30:00,2.4133,5.0216,0.808,0.9216,120,101.1126,40.0726,120,69.3976,70.1315,68.453,0.4256,120,28.25,28.3483,28.1042,0.0664,120,1006.8954,1006.9521,1006.7141,0.0769,120,144.8327,154.7551,134.089,6.114,120,251.7166,464.922,134.4574,115.8196,120,262.7054,734.1943,14.7535,265.3678,120,120,0,212.391,389.111,115.0548,95.5404,120,67.17,68.33,65.97,0.71,120,3.4483,3.4492,3.4452,0.0013,0.5825,0.5835,0.581,0.0007,0.694,0.7013,0.6845,0.0043,-0.0016,-0.0001,-0.0046,0.0016,0.0018,0.002,0.0017,0.0001,0.0021,0.0039,0.0011,0.001,0.2124,0.3891,0.1151,0.0955,239.4917,523,65,100.1783,0,0,0,0,299.0167,797,90,122.1625,40,41.7167,47,39,23.68,23.68,23.63
2022-11-01 15:40:00,2.1476,4.7916,0.4584,0.8836,120,110.9734,39.2451,120,69.69,70.3146,68.6361,0.4671,120,27.8635,28.095,27.7838,0.073,120,1007.022,1007.1352,1006.9155,0.0939,120,141.6006,157.3984,125.6787,10.5524,120,160.7961,289.0648,131.5258,34.9457,120,65.1661,439.1395,14.2604,95.3894,120,120,0,140.698,240.791,112.0029,28.729,120,69.59,70.69,68.33,0.7,120,3.4504,3.4523,3.4486,0.0016,0.5786,0.5809,0.5778,0.0007,0.6969,0.7031,0.6864,0.0047,-0.0004,-0.0001,-0.0027,0.0006,0.0018,0.002,0.0016,0.0001,0.0013,0.0024,0.0011,0.0003,0.1407,0.2408,0.112,0.0287,210.6083,498,27,96.0395,0,0,0,0,331.95,948,74,133.3799,40,41.5667,47,39,23.68,23.68,23.68
2022-11-01 15:50:00,1.879,3.6968,0.486,0.8684,120,81.9465,53.5655,120,70.559,71.7185,69.6738,0.6568,120,27.8,28.208,27.5762,0.1874,120,1007.0853,1007.1352,1006.9155,0.0704,120,126.4576,136.9732,107.6559,7.5368,120,263.187,348.7827,117.6038,95.3019,120,432.7964,652.5636,18.1953,280.031,120,120,0,210.1098,277.4133,100.1007,71.321,120,72.01,73.31,70.69,0.7,120,3.4514,3.4523,3.4486,0.0012,0.578,0.5821,0.5758,0.0019,0.7056,0.7172,0.6967,0.0066,-0.0027,-0.0001,-0.004,0.0017,0.0016,0.0017,0.0014,0.0001,0.0022,0.0029,0.001,0.0008,0.2101,0.2774,0.1001,0.0713,181.4083,379,30,94.3935,0,0,0,0,297.1,963,24,198.124,40,41.5167,47,39,23.68,23.68,23.68
2022-11-01 16:00:00,2.2256,4.4236,0.716,0.7818,120,91.8772,37.5782,120,69.2307,70.5283,67.9952,0.7586,120,28.3702,28.4857,28.0981,0.1061,120,1007.051,1007.3,1006.9155,0.0932,120,84.823,106.6945,69.4472,9.1037,120,188.4845,297.8571,70.3433,90.3902,120,357.668,637.3187,15.2449,273.8121,120,120,0,143.4141,226.7525,57.3748,64.9701,120,74.43,75.66,73.31,0.71,120,3.4508,3.455,3.4486,0.0016,0.5837,0.5849,0.581,0.0011,0.6923,0.7053,0.68,0.0076,-0.0022,-0.0001,-0.004,0.0017,0.0011,0.0014,0.0009,0.0001,0.0016,0.0025,0.0006,0.0008,0.1434,0.2268,0.0574,0.065,219.0917,458,55,84.9779,0,0,0,0,281.45,968,56,133.0802,40,41.55,47,39,23.68,23.68,23.68
2022-11-01 16:10:00,2.3376,4.1384,0.5872,0.7516,120,97.4171,33.5209,120,69.63,70.7419,68.392,0.7909,120,27.6029,28.0828,27.3748,0.2115,120,1007.0815,1007.1352,1006.9155,0.0755,120,74.1156,77.6181,69.4472,2.1643,120,82.0971,172.9256,70.7095,18.9818,120,47.8604,398.3242,15.2449,72.5554,120,120,0,65.948,125.1259,57.3748,12.3863,120,76.84,78.02,75.66,0.71,120,3.4514,3.4523,3.4486,0.0013,0.576,0.5808,0.5737,0.0021,0.6963,0.7074,0.6839,0.0079,-0.0003,-0.0001,-0.0025,0.0004,0.0009,0.001,0.0009,0,0.0007,0.0014,0.0006,0.0002,0.0659,0.1251,0.0574,0.0124,231.2583,427,41,81.6974,0,0,0,0,300.875,989,76,133.5657,40,41.15,47,39,23.68,23.68,23.68
2022-11-01 16:20:00,1.9365,4.1936,0.7344,0.8145,120,83.8333,36.7212,120,71.2673,71.749,70.7724,0.2475,120,27.3391,27.3931,27.2741,0.0337,120,1007.1133,1007.3183,1006.8972,0.069,120,63.396,69.6882,49.9827,6.6745,120,78.9799,149.8451,51.2917,20.8371,120,92.3604,392.4235,17.7038,96.2332,120,120,0,61.4388,103.7629,42.7259,12.2661,120,79.25,80.37,78.02,0.7,120,3.4519,3.4553,3.4483,0.0011,0.5734,0.5739,0.5727,0.0003,0.7127,0.7175,0.7077,0.0025,-0.0006,-0.0001,-0.0024,0.0006,0.0008,0.0009,0.0006,0.0001,0.0007,0.0012,0.0004,0.0002,0.0614,0.1038,0.0427,0.0123,187.6667,433,57,88.5366,0,0,0,0,252.4667,981,21,125.873,40,41.6167,47,39,23.68,23.73,23.68
2022-11-01 16:30:00,1.9482,4.1384,0.5412,0.7485,120,93.5312,43.7531,120,71.7813,71.9626,71.3828,0.1169,120,27.3448,27.3839,27.2893,0.0223,120,1007.168,1007.3183,1007.0986,0.084,120,43.9474,49.9827,36.2858,3.8953,120,68.4743,100.7515,49.8259,16.6514,120,165.9028,336.3632,17.2108,105.5189,120,120,0,46.7747,61.6474,38.7585,7.2778,120,81.66,82.98,80.37,0.7,120,3.4528,3.4553,3.4516,0.0014,0.5735,0.5738,0.5729,0.0002,0.7178,0.7196,0.7138,0.0012,-0.001,-0.0001,-0.0021,0.0007,0.0006,0.0006,0.0005,0,0.0006,0.0008,0.0004,0.0001,0.0468,0.0616,0.0388,0.0073,188.9333,427,36,81.3615,0,0,0,0,301.4333,1015,26,168.5754,40,41.4667,47,39,23.68,23.68,23.68
2022-11-01 16:40:00,1.8036,3.6324,0.486,0.5622,120,92.9449,38.1314,120,72.0049,72.3594,71.8101,0.1117,120,27.3992,27.4358,27.3321,0.0268,120,1007.2311,1007.3183,1007.0986,0.0863,120,32.3028,36.2858,25.4724,2.483,120,55.1416,70.3433,28.9436,9.7421,120,199.1826,260.1402,34.9146,56.2309,120,120,0,34.2062,41.2,25.6355,3.628,120,84.07,85.33,82.98,0.7,120,3.4539,3.4553,3.4516,0.0014,0.574,0.5744,0.5733,0.0003,0.72,0.7236,0.7181,0.0011,-0.0012,-0.0002,-0.0016,0.0003,0.0004,0.0005,0.0003,0,0.0005,0.0006,0.0002,0.0001,0.0342,0.0412,0.0256,0.0036,173.2167,372,30,61.1094,0,0,0,0,275.3167,880,5,123.3431,40,41.6667,47,39,23.68,23.73,23.68
2022-11-01 16:50:00,2.0955,4.0648,0.4308,0.651,120,88.9985,30.5842,120,72.5489,73.2139,71.9321,0.3417,120,27.1537,27.3504,26.9781,0.1264,120,1007.3606,1007.4831,1007.2817,0.0848,120,22.8988,25.7126,17.7827,2.5791,120,23.9607,28.5762,20.5162,2.4757,120,22.6167,39.341,16.2278,5.9423,120,120,0,21.4113,25.3304,17.0904,2.3978,120,86.48,87.67,85.33,0.7,120,3.456,3.4581,3.4547,0.0014,0.5715,0.5735,0.5698,0.0013,0.7255,0.7321,0.7193,0.0034,-0.0001,-0.0001,-0.0002,0,0.0003,0.0003,0.0002,0,0.0002,0.0002,0.0002,0,0.0214,0.0253,0.0171,0.0024,204.95,419,24,70.7627,0,0,0,0,256.4167,632,72,91.6014,40,41.5333,47,39,23.68,23.68,23.68
2022-11-01 17:00:00,1.637,3.2644,0.4952,0.622,120,83.9983,46.1247,120,73.4387,73.7022,73.2139,0.1408,120,26.9781,27.0208,26.8895,0.031,120,1007.4184,1007.4831,1007.2817,0.0769,120,9.8144,17.7827,3.6047,4.7691,120,10.3285,20.5162,3.6639,5.5729,120,16.7975,29.0139,13.7689,4.0362,120,120,0,9.8498,17.0904,4.2726,4.2856,120,88.78,89.75,87.67,0.64,110,3.457,3.4581,3.4547,0.0013,0.5698,0.5702,0.5689,0.0003,0.7344,0.737,0.7321,0.0014,-0.0001,-0.0001,-0.0002,0,0.0001,0.0002,0,0.0001,0.0001,0.0002,0,0,0.0098,0.0171,0.0043,0.0043,155.1083,332,31,67.6118,0,0,0,0,284.375,1008,12,183.0391,40,41.5333,47,39,23.68,23.68,23.68
2022-11-01 17:10:00,1.5776,2.9056,0.3848,0.5688,120,101.1223,31.8451,120,73.835,74.2515,73.4581,0.2503,120,26.8162,26.8957,26.7644,0.0366,120,1007.4882,1007.6479,1007.3,0.0679,120,1.3397,3.8449,0,1.0604,120,1.2578,3.6639,0,1.1574,120,13.8345,14.2604,13.2775,0.1795,120,120,0,2.2329,4.2726,0.6104,1.0309,120,None,None,None,None,0,3.4581,3.4608,3.455,0.0011,0.5682,0.569,0.5676,0.0004,0.7383,0.7425,0.7346,0.0025,-0.0001,-0.0001,-0.0001,0,0,0,0,0,0,0,0,0,0.0022,0.0043,0.0006,0.001,148.65,293,19,61.8291,0,0,0,0,291.275,565,87,93.4502,40,41.7,47,39,23.68,23.68,23.63
2022-11-01 17:20:00,1.3622,3.4668,0.2928,0.637,120,99.1903,47.2696,120,74.1005,74.3126,73.8243,0.0991,120,26.7803,26.8285,26.7248,0.0311,120,1007.6092,1007.831,1007.4465,0.0712,120,0,0,0,0,120,0,0,0,0,120,13.8304,14.2604,13.7689,0.1632,120,120,0,0.0407,0.6104,0,0.1183,120,None,None,None,None,0,3.4602,3.4639,3.4574,0.0012,0.5678,0.5683,0.5673,0.0003,0.741,0.7431,0.7382,0.001,-0.0001,-0.0001,-0.0001,0,0,0,0,0,0,0,0,0,0,0.0006,0,0.0001,125.2417,354,9,69.2357,0,0,0,0,310.1167,1000,12,164.3088,40,41.3167,47,39,23.68,23.68,23.68
2022-11-01 17:30:00,1.2791,2.3444,0.2928,0.4947,120,100.6278,56.145,120,74.369,74.5567,74.0989,0.127,120,26.7234,26.7522,26.6912,0.0126,120,1007.739,1007.831,1007.6113,0.0919,120,0,0,0,0,120,0,0,0,0,120,13.7976,14.2604,13.2775,0.1835,120,120,0,0,0,0,0,120,None,None,None,None,0,3.4623,3.4639,3.4602,0.0015,0.5672,0.5675,0.5669,0.0001,0.7437,0.7456,0.741,0.0013,-0.0001,-0.0001,-0.0001,0,0,0,0,0,0,0,0,0,0,0,0,0,116.2083,232,9,53.7759,0,0,0,0,338.85,972,11,191.3576,39.8,41.45,47,39,23.68,23.68,23.63
2022-11-01 17:40:00,1.4364,2.7492,0.4124,0.5422,120,94.0483,33.6561,120,74.4354,74.5567,74.2821,0.0582,120,26.712,26.7644,26.6118,0.035,120,1007.8045,1008.0142,1007.6113,0.0614,120,0,0,0,0,120,0,0,0,0,120,13.7935,14.2604,13.2775,0.1785,120,120,0,0,0,0,0,120,None,None,None,None,0,3.4634,3.4669,3.4602,0.001,0.5671,0.5676,0.5661,0.0003,0.7444,0.7456,0.7428,0.0006,-0.0001,-0.0001,-0.0001,0,0,0,0,0,0,0,0,0,0,0,0,0,133.3,276,22,58.9337,0,0,0,0,281.15,981,55,119.576,39,41.35,47,39,23.68,23.68,23.68
2022-11-01 17:50:00,1.4836,3.0712,0.3112,0.6187,120,99.4583,35.8172,120,74.674,74.984,74.3431,0.1569,120,26.5279,26.6149,26.4562,0.0446,120,1007.8285,1008.0142,1007.6296,0.0537,120,0,0,0,0,120,0,0,0,0,120,13.7935,14.2604,13.2775,0.1668,120,120,0,0,0,0,0,120,None,None,None,None,0,3.4638,3.4669,3.4605,0.0009,0.5653,0.5662,0.5646,0.0004,0.7467,0.7498,0.7434,0.0016,-0.0001,-0.0001,-0.0001,0,0,0,0,0,0,0,0,0,0,0,0,0,138.4333,311,11,67.2527,0,0,0,0,292.4667,739,5,109.8921,39,41.6,47,39,23.68,23.68,23.68
2022-11-01 18:00:00,2.1289,3.9176,0.8448,0.6424,120,98.7468,26.3495,120,74.9914,75.2586,74.8009,0.1297,120,26.4524,26.505,26.4043,0.0251,120,1007.8327,1008.0142,1007.6113,0.0648,120,0,0,0,0,120,0,0,0,0,120,13.8713,14.2604,13.2775,0.2103,120,120,0,0,0,0,0,120,None,None,None,None,0,3.4639,3.4669,3.4602,0.0011,0.5645,0.5651,0.564,0.0003,0.7499,0.7526,0.748,0.0013,-0.0001,-0.0001,-0.0001,0,0,0,0,0,0,0,0,0,0,0,0,0,208.575,403,69,69.8221,0,0,0,0,280.1583,528,12,77.0071,39,41.7,47,39,23.68,23.73,23.68
2022-11-01 18:10:00,1.4013,2.694,0.302,0.59,120,95.8709,42.0775,120,75.3354,75.4723,75.1671,0.0766,120,26.4562,26.4928,26.4104,0.0151,120,1007.9073,1008.0142,1007.7944,0.0873,120,0,0,0,0,120,0,0,0,0,120,13.859,14.2604,13.7689,0.191,120,120,0,0,0,0,0,120,None,None,None,None,0,3.4651,3.4669,3.4632,0.0015,0.5646,0.5649,0.5641,0.0001,0.7534,0.7547,0.7517,0.0008,-0.0001,-0.0001,-0.0001,0,0,0,0,0,0,0,0,0,0,0,0,0,129.4917,270,10,64.1355,0,0,0,0,286.6417,860,29,132.1163,39,41.5833,47,39,23.68,23.68,23.63
2022-11-01 18:20:00,1.2013,3.1172,0.302,0.5822,120,92.4749,60.1556,120,75.4916,75.6859,75.3502,0.0785,120,26.4472,26.502,26.4013,0.0207,120,1008.005,1008.1973,1007.8127,0.0671,120,0,0,0,0,120,0,0,0,0,120,13.8058,14.2604,13.7689,0.13,120,120,0,0,0,0,0,120,None,None,None,None,0,3.4668,3.47,3.4635,0.0011,0.5645,0.565,0.564,0.0002,0.7549,0.7569,0.7535,0.0008,-0.0001,-0.0001,-0.0001,0,0,0,0,0,0,0,0,0,0,0,0,0,107.75,316,10,63.2825,0,0,0,0,336.9667,1007,44,216.5016,39,41.65,49,39,23.68,23.68,23.63
2022-11-01 18:30:00,1.5893,2.9792,0.5136,0.5719,120,103.3819,34.7002,120,75.8095,76.1742,75.4723,0.1752,120,26.3449,26.4379,26.2639,0.0392,120,1008.0686,1008.1973,1007.8127,0.0971,120,0,0,0,0,120,0,0,0,0,120,13.8836,14.2604,13.2775,0.2182,120,120,0,0,0,0,0,120,None,None,None,None,0,3.4678,3.47,3.4635,0.0016,0.5635,0.5644,0.5626,0.0004,0.7581,0.7617,0.7547,0.0018,-0.0001,-0.0001,-0.0001,0,0,0,0,0,0,0,0,0,0,0,0,0,149.925,301,33,62.1637,0,0,0,0,303.35,974,58,115.7355,39,41.8,47,41,23.68,23.68,23.63
2022-11-01 18:40:00,1.5954,3.2,0.3112,0.7284,120,111.4772,45.5345,120,76.2747,76.5404,76.0216,0.116,120,26.2649,26.3341,26.1937,0.0296,120,1008.112,1008.1973,1007.9592,0.0908,120,0,0,0,0,120,0,0,0,0,120,13.8918,14.2604,13.2775,0.223,120,120,0,0,0,0,0,120,None,None,None,None,0,3.4685,3.47,3.466,0.0015,0.5626,0.5633,0.5619,0.0003,0.7627,0.7654,0.7602,0.0012,-0.0001,-0.0001,-0.0001,0,0,0,0,0,0,0,0,0,0,0,0,0,150.5917,325,11,79.1692,0,0,0,0,336.6,855,46,140.2079,39,41.6167,49,39,23.68,23.68,23.68
2022-11-01 18:50:00,1.8688,3.66,0.394,0.747,120,93.8294,37.9847,120,76.591,76.7235,76.4183,0.0805,120,26.1833,26.2517,26.0991,0.0354,120,1008.1823,1008.3804,1007.9775,0.0496,120,0,0,0,0,120,0,0,0,0,120,13.9164,14.2604,13.2775,0.2434,120,120,0,0,0,0,0,120,None,None,None,None,0,3.4697,3.473,3.4663,0.0008,0.5618,0.5625,0.561,0.0003,0.7659,0.7672,0.7642,0.0008,-0.0001,-0.0001,-0.0001,0,0,0,0,0,0,0,0,0,0,0,0,0,180.3083,375,20,81.1975,0,0,0,0,279.9833,833,17,123.1639,38.1,41.5,47,39,23.68,23.68,23.68
2022-11-01 19:00:00,1.7407,3.9728,0.4492,0.7005,120,93.3216,40.4837,120,76.8189,76.9677,76.6015,0.0936,120,26.1082,26.1571,26.0625,0.0197,120,1008.2154,1008.3621,1008.1423,0.0816,120,0,0,0,0,120,0,0,0,0,120,13.9164,14.2604,13.7689,0.2262,120,120,0,0,0,0,0,120,None,None,None,None,0,3.4703,3.4727,3.469,0.0014,0.5611,0.5616,0.5606,0.0002,0.7682,0.7697,0.766,0.0009,-0.0001,-0.0001,-0.0001,0,0,0,0,0,0,0,0,0,0,0,0,0,166.375,409,26,76.1368,0,0,0,0,296.9083,981,64,153.769,38,41.5,47,39,23.68,23.68,23.63
2022-11-01 19:10:00,1.7628,3.4208,0.4216,0.7819,120,98.3517,42.175,120,76.9916,77.1508,76.8456,0.0882,120,26.1359,26.1815,26.0991,0.0176,120,1008.2006,1008.3621,1008.1423,0.075,120,0,0,0,0,120,0,0,0,0,120,13.9205,14.2604,13.2775,0.2451,120,120,0,0,0,0,0,120,None,None,None,None,0,3.47,3.4727,3.469,0.0012,0.5614,0.5618,0.561,0.0002,0.7699,0.7715,0.7685,0.0009,-0.0001,-0.0001,-0.0001,0,0,0,0,0,0,0,0,0,0,0,0,0,168.7833,349,23,84.993,0,0,0,0,316.0917,1021,45,160.909,38,41.7333,47,39,23.68,23.68,23.63
2022-11-01 19:20:00,2.2877,4.8744,0.624,0.8701,120,106.684,34.5875,120,77.3474,77.6391,77.0592,0.168,120,26.0787,26.151,26.0259,0.0297,120,1008.2951,1008.3621,1008.1423,0.0846,120,0,0,0,0,120,0,0,0,0,120,13.9246,14.7535,13.2775,0.2467,120,120,0,0,0,0,0,120,None,None,None,None,0,3.4716,3.4727,3.469,0.0014,0.5608,0.5615,0.5603,0.0003,0.7735,0.7764,0.7706,0.0017,-0.0001,-0.0001,-0.0001,0,0,0,0,0,0,0,0,0,0,0,0,0,225.8417,507,45,94.5801,0,0,0,0,314,935,48,112.7988,38,41.5167,47,39,23.68,23.68,23.63
2022-11-01 19:30:00,1.8972,3.1908,0.5964,0.6342,120,91.9208,35.6707,120,77.7416,77.8527,77.6086,0.0615,120,26.0497,26.0961,26.0045,0.0212,120,1008.3546,1008.5452,1008.1423,0.0778,120,0,0,0,0,120,0,0,0,0,120,13.8918,14.2604,13.7689,0.2137,120,120,0,0,0,0,0,120,None,None,None,None,0,3.4726,3.4758,3.469,0.0013,0.5605,0.561,0.5601,0.0002,0.7774,0.7785,0.7761,0.0006,-0.0001,-0.0001,-0.0001,0,0,0,0,0,0,0,0,0,0,0,0,0,183.3917,324,42,68.9327,0,0,0,0,276.775,937,58,126.5178,38,41.45,47,39,23.68,23.68,23.68
2022-11-01 19:40:00,1.8409,3.6876,0.348,0.797,120,108.6248,43.6152,120,77.8965,78.0053,77.7917,0.044,120,25.9788,26.0533,25.913,0.0308,120,1008.4834,1008.71,1008.3254,0.0879,120,0,0,0,0,120,0,0,0,0,120,13.8959,14.2604,13.2775,0.2252,120,120,0,0,0,0,0,120,None,None,None,None,0,3.4747,3.4785,3.4721,0.0015,0.5598,0.5605,0.5591,0.0003,0.779,0.7801,0.7779,0.0004,-0.0001,-0.0001,-0.0001,0,0,0,0,0,0,0,0,0,0,0,0,0,177.275,378,15,86.6321,0,0,0,0,340.3083,967,8,157.576,38,41.4167,47,39,23.68,23.68,23.63
2022-11-01 19:50:00,1.5852,3.5496,0.394,0.688,120,98.0267,35.6161,120,77.8868,78.0358,77.7917,0.0543,120,25.9726,26.0198,25.9221,0.0202,120,1008.5907,1008.7283,1008.4902,0.0951,120,0,0,0,0,120,0,0,0,0,120,13.9,14.2604,13.2775,0.2274,120,120,0,0,0,0,0,120,None,None,None,None,0,3.4765,3.4788,3.4748,0.0016,0.5597,0.5602,0.5592,0.0002,0.7789,0.7804,0.7779,0.0005,-0.0001,-0.0001,-0.0001,0,0,0,0,0,0,0,0,0,0,0,0,0,149.475,363,20,74.7826,0,0,0,0,295.6333,1022,34,131.6056,37.1,41.4833,47,39,23.68,23.68,23.63
2022-11-01 20:00:00,1.9884,4.2304,0.3296,0.9151,120,107.3598,31.4744,120,77.7978,77.9138,77.6086,0.0812,120,25.9891,26.0472,25.9252,0.026,120,1008.706,1008.9114,1008.4902,0.0916,120,0,0,0,0,120,0,0,0,0,120,13.945,14.2604,13.2775,0.2451,120,120,0,0,0,0,0,120,None,None,None,None,0,3.4784,3.4819,3.4748,0.0015,0.5599,0.5605,0.5593,0.0003,0.778,0.7791,0.7761,0.0008,-0.0001,-0.0001,-0.0001,0,0,0,0,0,0,0,0,0,0,0,0,0,193.3,437,13,99.4723,0,0,0,0,314.8417,944,122,105.3447,37,41.6167,47,39,23.68,23.68,23.63
2022-11-01 20:10:00,2.3189,3.7336,0.8264,0.596,120,102.0765,22.0569,120,77.9768,78.1274,77.7917,0.0913,120,26.0015,26.0686,25.9374,0.0298,120,1008.8745,1009.0762,1008.6917,0.0637,120,0,0,0,0,120,0,0,0,0,120,13.9737,14.2604,13.7689,0.2433,120,120,0,0,0,0,0,120,None,None,None,None,0,3.4812,3.4846,3.4782,0.0011,0.56,0.5607,0.5594,0.0003,0.7798,0.7813,0.7779,0.0009,-0.0001,-0.0001,-0.0001,0,0,0,0,0,0,0,0,0,0,0,0,0,229.225,383,67,64.787,0,0,0,0,290.1833,512,106,63.7301,37,41.8167,47,39,23.68,23.68,23.68
2022-11-01 20:20:00,2.1287,4.6996,0.762,0.889,120,93.8492,28.4688,120,78.1521,78.2495,77.9443,0.0616,120,26.0717,26.1174,26.0076,0.0251,120,1008.9174,1009.0762,1008.8748,0.06,120,0,0,0,0,120,0,0,0,0,120,13.8918,14.2604,13.7689,0.2137,120,120,0,0,0,0,0,120,None,None,None,None,0,3.482,3.4846,3.4812,0.001,0.5607,0.5612,0.5601,0.0003,0.7815,0.7825,0.7794,0.0006,-0.0001,-0.0001,-0.0001,0,0,0,0,0,0,0,0,0,0,0,0,0,208.5583,488,60,96.6321,0,0,0,0,274.2,1003,17,104.2385,37,41.8,47,39,23.68,23.68,23.63
2022-11-01 20:30:00,2.0009,4.0464,0.5964,0.7552,120,94.1138,31.1816,120,78.1668,78.2495,77.9748,0.0608,120,25.9797,26.0625,25.9221,0.0278,120,1009.0413,1009.0945,1008.8931,0.0698,120,0,0,0,0,120,0,0,0,0,120,13.8631,14.2604,13.2775,0.2234,120,120,0,0,0,0,0,120,None,None,None,None,0,3.484,3.4849,3.4816,0.0012,0.5598,0.5606,0.5592,0.0003,0.7817,0.7825,0.7797,0.0006,-0.0001,-0.0001,-0.0001,0,0,0,0,0,0,0,0,0,0,0,0,0,194.6667,417,42,82.0831,0,0,0,0,282.55,971,92,116.9185,37,41.6167,47,39,23.68,23.68,23.63
2022-11-01 20:40:00,2.1612,3.9176,0.2744,0.913,120,94.9587,34.796,120,78.1897,78.341,78.0663,0.0754,120,25.9214,25.977,25.8641,0.0187,120,1009.0794,1009.2776,1009.0396,0.0357,120,0,0,0,0,120,0,0,0,0,120,13.9409,14.2604,13.2775,0.2439,120,120,0,0,0,0,0,120,None,None,None,None,0,3.4847,3.488,3.484,0.0006,0.5592,0.5598,0.5586,0.0002,0.7819,0.7834,0.7807,0.0008,-0.0001,-0.0001,-0.0001,0,0,0,0,0,0,0,0,0,0,0,0,0,212.0917,403,7,99.238,0,0,0,0,279.7,660,45,106.2022,37,41.4667,47,39,23.68,23.68,23.63
2022-11-01 20:50:00,1.7924,4.3224,0.3204,0.9013,120,98.6622,47.2283,120,78.3072,78.4326,78.1884,0.0568,120,25.9304,25.9709,25.8855,0.0168,120,1009.0634,1009.2593,1008.8748,0.0458,120,0,0,0,0,120,0,0,0,0,120,13.8754,14.2604,13.2775,0.2224,120,120,0,0,0,0,0,120,None,None,None,None,0,3.4844,3.4877,3.4812,0.0008,0.5593,0.5597,0.5588,0.0002,0.7831,0.7843,0.7819,0.0006,-0.0001,-0.0001,-0.0001,0,0,0,0,0,0,0,0,0,0,0,0,0,172,447,12,97.963,0,0,0,0,302.9083,800,36,146.0864,36.9,41.6333,47,39,23.68,23.68,23.68
2022-11-01 21:00:00,1.8445,4.5248,0.4952,0.8541,120,87.3778,36.744,120,78.4819,78.6157,78.3105,0.0614,120,25.9291,25.9923,25.8611,0.0274,120,1009.0165,1009.241,1008.8565,0.0824,120,0,0,0,0,120,0,0,0,0,120,13.8427,14.2604,13.2775,0.2079,120,120,0,0,0,0,0,120,None,None,None,None,0,3.4836,3.4874,3.4809,0.0014,0.5593,0.5599,0.5586,0.0003,0.7848,0.7862,0.7831,0.0006,-0.0001,-0.0001,-0.0001,0,0,0,0,0,0,0,0,0,0,0,0,0,177.6583,469,31,92.8316,0,0,0,0,268.075,968,14,137.2713,36,41.6167,47,39,23.68,23.68,23.63
2022-11-01 21:10:00,1.7719,3.7796,0.3112,0.7779,120,97.0951,42.4922,120,78.6251,78.7072,78.4631,0.0622,120,25.8892,25.9374,25.8397,0.0206,120,1008.9872,1009.0762,1008.8565,0.089,120,0,0,0,0,120,0,0,0,0,120,13.9082,14.2604,13.7689,0.2224,120,120,0,0,0,0,0,120,None,None,None,None,0,3.4831,3.4846,3.4809,0.0015,0.5589,0.5594,0.5584,0.0002,0.7863,0.7871,0.7846,0.0006,-0.0001,-0.0001,-0.0001,0,0,0,0,0,0,0,0,0,0,0,0,0,169.775,388,11,84.5587,0,0,0,0,312.575,994,57,163.8696,36,41.7,47,39,23.68,23.68,23.63
2022-11-01 21:20:00,1.8841,4.074,0.6424,0.7811,120,107.3565,44.686,120,78.6935,78.7988,78.4936,0.0624,120,25.8772,25.9374,25.7726,0.0356,120,1008.9271,1009.0762,1008.8565,0.0806,120,0,0,0,0,120,0,0,0,0,120,13.8467,14.2604,13.2775,0.2207,120,120,0,0,0,0,0,120,None,None,None,None,0,3.4821,3.4846,3.4809,0.0013,0.5588,0.5594,0.5577,0.0004,0.7869,0.788,0.7849,0.0006,-0.0001,-0.0001,-0.0001,0,0,0,0,0,0,0,0,0,0,0,0,0,181.9667,420,47,84.9055,0,0,0,0,333.2333,973,20,154.5832,36,41.6,47,41,23.68,23.68,23.63
2022-11-01 21:30:00,1.9336,3.7152,0.4308,0.8191,120,102.0198,34.4556,120,78.8998,79.0124,78.7378,0.0604,120,25.8008,25.8428,25.7573,0.0181,120,1008.9019,1009.0579,1008.6734,0.0716,120,0,0,0,0,120,0,0,0,0,120,13.8467,14.2604,13.2775,0.2548,120,120,0,0,0,0,0,120,None,None,None,None,0,3.4817,3.4843,3.4779,0.0012,0.558,0.5584,0.5576,0.0002,0.789,0.7901,0.7874,0.0006,-0.0001,-0.0001,-0.0001,0,0,0,0,0,0,0,0,0,0,0,0,0,187.35,381,24,89.0315,0,0,0,0,299.05,834,1,110.0265,36,41.8,47,39,23.68,23.68,23.63
2022-11-01 21:40:00,1.6622,3.4944,0.4124,0.6912,120,94.6783,36.1568,120,78.8301,78.9209,78.7378,0.049,120,25.734,25.8061,25.678,0.0251,120,1008.9247,1009.0762,1008.8565,0.0813,120,0,0,0,0,120,0,0,0,0,120,13.7894,14.2604,13.2775,0.2151,120,120,0,0,0,0,0,120,None,None,None,None,0,3.4821,3.4846,3.4809,0.0014,0.5573,0.5581,0.5568,0.0003,0.7883,0.7892,0.7874,0.0005,-0.0001,-0.0001,-0.0001,0,0,0,0,0,0,0,0,0,0,0,0,0,157.85,357,22,75.1255,0,0,0,0,292.1,967,57,132.9881,36,41.5,47,39,23.68,23.68,23.63
2022-11-01 21:50:00,1.9625,4.1384,0.5504,0.7697,120,93.1052,30.8884,120,78.649,78.8598,78.4021,0.1101,120,25.7485,25.797,25.7054,0.0199,120,1008.9181,1009.0762,1008.8565,0.075,120,0,0,0,0,120,0,0,0,0,120,13.8017,14.2604,13.2775,0.2087,120,120,0,0,0,0,0,120,None,None,None,None,0,3.482,3.4846,3.4809,0.0012,0.5575,0.558,0.5571,0.0002,0.7865,0.7886,0.784,0.0011,-0.0001,-0.0001,-0.0001,0,0,0,0,0,0,0,0,0,0,0,0,0,190.4917,427,37,83.6684,0,0,0,0,270.4417,797,13,97.2411,36,41.85,47,41,23.68,23.68,23.63
2022-11-01 22:00:00,1.6872,3.9544,0.3848,0.7636,120,95.8093,34.698,120,78.5096,78.6157,78.4021,0.0517,120,25.7305,25.7817,25.678,0.0217,120,1008.9273,1009.0762,1008.8565,0.0842,120,0,0,0,0,120,0,0,0,0,120,13.8222,14.2604,13.2775,0.2279,120,120,0,0,0,0,0,120,None,None,None,None,0,3.4821,3.4846,3.4809,0.0014,0.5573,0.5578,0.5568,0.0002,0.7851,0.7862,0.784,0.0005,-0.0001,-0.0001,-0.0001,0,0,0,0,0,0,0,0,0,0,0,0,0,160.5667,407,19,82.9968,0,0,0,0,283.275,948,23,118.4105,36,41.7,47,39,23.68,23.68,23.63
2022-11-01 22:10:00,1.8096,3.6048,0.6608,0.6812,120,98.7441,35.1341,120,78.416,78.5241,78.3105,0.0494,120,25.7316,25.7878,25.6902,0.0228,120,1008.874,1009.0579,1008.655,0.0706,120,0,0,0,0,120,0,0,0,0,120,13.7894,14.2604,13.2775,0.2243,120,120,0,0,0,0,0,120,None,None,None,None,0,3.4812,3.4843,3.4776,0.0012,0.5573,0.5579,0.5569,0.0002,0.7842,0.7852,0.7831,0.0005,-0.0001,-0.0001,-0.0001,0,0,0,0,0,0,0,0,0,0,0,0,0,173.8667,369,49,74.0464,0,0,0,0,292.5417,978,15,120.3045,36,41.65,47,39,23.68,23.68,23.63
2022-11-01 22:20:00,2.058,4.3776,0.8356,0.8277,120,100.0007,22.2874,120,78.4013,78.5852,78.2495,0.0712,120,25.6788,25.7695,25.5956,0.0399,120,1008.8745,1009.0579,1008.6734,0.0302,120,0,0,0,0,120,0,0,0,0,120,13.7239,14.2604,13.2775,0.2207,120,120,0,0,0,0,0,120,None,None,None,None,0,3.4812,3.4843,3.4779,0.0005,0.5568,0.5577,0.556,0.0004,0.784,0.7859,0.7825,0.0007,-0.0001,-0.0001,-0.0001,0,0,0,0,0,0,0,0,0,0,0,0,0,200.8667,453,68,89.9724,0,0,0,0,284.0833,470,126,63.9069,36,41.75,47,39,23.68,23.68,23.63
2022-11-01 22:30:00,1.9981,4.3684,0.5136,0.6612,120,104.1156,29.4873,120,78.4661,78.5852,78.3715,0.0544,120,25.6452,25.6902,25.5925,0.0191,120,1008.8186,1008.8931,1008.655,0.0885,120,0,0,0,0,120,0,0,0,0,120,13.7812,14.2604,13.2775,0.2157,120,120,0,0,0,0,0,120,None,None,None,None,0,3.4803,3.4816,3.4776,0.0015,0.5565,0.5569,0.5559,0.0002,0.7847,0.7859,0.7837,0.0005,-0.0001,-0.0001,-0.0001,0,0,0,0,0,0,0,0,0,0,0,0,0,194.3583,452,33,71.8717,0,0,0,0,304.375,973,121,101.6846,35,41.9167,47,39,23.68,23.68,23.63
2022-11-01 22:40:00,1.7183,3.476,0.578,0.5671,120,107.0724,33.9747,120,78.5099,78.7072,78.4021,0.0742,120,25.62,25.681,25.5528,0.0244,120,1008.7449,1008.8748,1008.655,0.0965,120,0,0,0,0,120,0,0,0,0,120,13.6829,14.2604,13.2775,0.2678,120,120,0,0,0,0,0,120,None,None,None,None,0,3.4791,3.4812,3.4776,0.0016,0.5562,0.5568,0.5555,0.0002,0.7851,0.7871,0.784,0.0007,-0.0001,-0.0001,-0.0001,0,0,0,0,0,0,0,0,0,0,0,0,0,163.9417,355,40,61.639,0,0,0,0,304.8667,644,24,99.2337,35,41.8167,47,39,23.67,23.68,23.63
2022-11-01 22:50:00,1.7849,2.9148,0.578,0.5232,120,106.2875,25.145,120,78.8011,79.0124,78.6157,0.0907,120,25.6177,25.6749,25.5742,0.0219,120,1008.5942,1008.8748,1008.2888,0.1281,120,0,0,0,0,120,0,0,0,0,120,13.8099,14.2604,13.2775,0.1867,120,120,0,0,0,0,0,120,None,None,None,None,0,3.4766,3.4812,3.4715,0.0021,0.5562,0.5567,0.5557,0.0002,0.788,0.7901,0.7862,0.0009,-0.0001,-0.0001,-0.0001,0,0,0,0,0,0,0,0,0,0,0,0,0,171.1833,294,40,56.8662,0,0,0,0,302.025,578,12,73.9572,35,41.9333,47,39,23.68,23.68,23.63
2022-11-01 23:00:00,1.6513,3.6876,0.4032,0.7562,120,120.6416,36.1031,120,79.1177,79.2566,78.9209,0.0786,120,25.6519,25.6963,25.5986,0.0195,120,1008.4716,1008.655,1008.3071,0.024,120,0,0,0,0,120,0,0,0,0,120,13.7198,14.2604,13.2775,0.2418,120,120,0,0,0,0,0,120,None,None,None,None,0,3.4745,3.4776,3.4718,0.0004,0.5565,0.557,0.556,0.0002,0.7912,0.7926,0.7892,0.0008,-0.0001,-0.0001,-0.0001,0,0,0,0,0,0,0,0,0,0,0,0,0,156.6667,378,21,82.1966,0,0,0,0,351.0917,930,99,116.4408,35,41.6333,47,39,23.67,23.68,23.63
2022-11-01 23:10:00,1.4054,2.8044,0.4768,0.4811,120,109.9611,31.6611,120,79.4204,79.5923,79.1955,0.1018,120,25.6181,25.678,25.5589,0.0219,120,1008.4646,1008.6734,1008.2705,0.0619,120,0,0,0,0,120,0,0,0,0,120,13.6665,14.2604,13.2775,0.2459,120,120,0,0,0,0,0,120,None,None,None,None,0,3.4744,3.4779,3.4712,0.001,0.5562,0.5568,0.5556,0.0002,0.7942,0.7959,0.792,0.001,-0.0001,-0.0001,-0.0001,0,0,0,0,0,0,0,0,0,0,0,0,0,129.9333,282,29,52.2904,0,0,0,0,322.4417,825,175,100.4632,35,41.65,47,39,23.67,23.68,23.63
2022-11-01 23:20:00,1.6811,3.246,0.4032,0.5783,120,104.6935,36.6408,120,79.7319,79.8669,79.5618,0.092,120,25.5716,25.623,25.5132,0.0215,120,1008.3216,1008.4902,1008.0874,0.0963,120,0,0,0,0,120,0,0,0,0,120,13.687,14.2604,13.2775,0.1946,120,120,0,0,0,0,0,120,None,None,None,None,0,3.472,3.4748,3.4681,0.0016,0.5557,0.5562,0.5551,0.0002,0.7973,0.7987,0.7956,0.0009,-0.0001,-0.0001,-0.0001,0,0,0,0,0,0,0,0,0,0,0,0,0,159.9,330,21,62.855,0,0,0,0,321.1583,982,131,130.8701,35,41.3333,47,39,23.68,23.68,23.63
2022-11-01 23:30:00,1.5658,3.292,0.716,0.5159,120,102.3667,28.306,120,79.9697,80.1416,79.8059,0.0742,120,25.4996,25.5803,25.4277,0.0327,120,1008.1925,1008.3071,1007.9043,0.1023,120,0,0,0,0,120,0,0,0,0,120,13.6256,14.2604,13.2775,0.2332,120,120,0,0,0,0,0,120,None,None,None,None,0,3.4699,3.4718,3.4651,0.0017,0.555,0.5558,0.5543,0.0003,0.7997,0.8014,0.7981,0.0007,-0.0001,-0.0001,-0.0001,0,0,0,0,0,0,0,0,0,0,0,0,0,147.375,335,55,56.0742,0,0,0,0,293.3417,558,145,82.3308,35,41.4833,47,39,23.67,23.68,23.63
2022-11-01 23:40:00,1.8074,3.3656,0.4492,0.717,120,109.9678,30.6337,120,80.209,80.3552,80.05,0.0928,120,25.4229,25.4704,25.3758,0.023,120,1007.9962,1008.1057,1007.886,0.0963,120,0,0,0,0,120,0,0,0,0,120,13.7198,14.2604,13.2775,0.2055,120,120,0,0,0,0,0,120,None,None,None,None,0,3.4666,3.4684,3.4648,0.0016,0.5542,0.5547,0.5538,0.0002,0.8021,0.8036,0.8005,0.0009,-0.0001,-0.0001,-0.0001,0,0,0,0,0,0,0,0,0,0,0,0,0,173.625,343,26,77.9339,0,0,0,0,319.45,1001,46,106.0322,35,41.6667,47,39,23.67,23.68,23.63
2022-11-01 23:50:00,1.6093,2.7584,0.5412,0.5111,120,119.486,36.1017,120,80.3372,80.4163,80.2637,0.037,120,25.4339,25.4826,25.388,0.0222,120,1007.8695,1008.1057,1007.7029,0.0806,120,0,0,0,0,120,0,0,0,0,120,13.6952,14.2604,13.2775,0.2079,120,120,0,0,0,0,0,120,None,None,None,None,0,3.4645,3.4684,3.4617,0.0013,0.5543,0.5548,0.5539,0.0002,0.8034,0.8042,0.8026,0.0004,-0.0001,-0.0001,-0.0001,0,0,0,0,0,0,0,0,0,0,0,0,0,152.1,277,36,55.5596,0,0,0,0,342.175,730,70,105.7523,35,41.7,47,39,23.67,23.68,23.63
