datetime,Anemometer;wind_speed;Avg (m/s),Anemometer;wind_speed;Max (m/s),Anemometer;wind_speed;Min (m/s),Anemometer;wind_speed;StdDev (m/s),Anemometer;wind_speed;Count (),Wind Vane TMR;wind_direction;Avg (°),Wind Vane TMR;wind_direction;StdDev (°),Wind Vane TMR;wind_direction;Count (),Hygro/Thermo;humidity;Avg (%),Hygro/Thermo;humidity;Max (%),Hygro/Thermo;humidity;Min (%),Hygro/Thermo;humidity;StdDev (%),Hygro/Thermo;humidity;Count (),Hygro/Thermo;temperature;Avg (°C),Hygro/Thermo;temperature;Max (°C),Hygro/Thermo;temperature;Min (°C),Hygro/Thermo;temperature;StdDev (°C),Hygro/Thermo;temperature;Count (),Barometer;air_pressure;Avg (hPa),Barometer;air_pressure;Max (hPa),Barometer;air_pressure;Min (hPa),Barometer;air_pressure;StdDev (hPa),Barometer;air_pressure;Count (),DHI (Diffuse Horizontal Irradiance);solar_irradiance;Avg (W/m²),DHI (Diffuse Horizontal Irradiance);solar_irradiance;Max (W/m²),DHI (Diffuse Horizontal Irradiance);solar_irradiance;Min (W/m²),DHI (Diffuse Horizontal Irradiance);solar_irradiance;StdDev (W/m²),DHI (Diffuse Horizontal Irradiance);solar_irradiance;Count (),GHI (Global Horizontal Irradiance);solar_irradiance;Avg (W/m²),GHI (Global Horizontal Irradiance);solar_irradiance;Max (W/m²),GHI (Global Horizontal Irradiance);solar_irradiance;Min (W/m²),GHI (Global Horizontal Irradiance);solar_irradiance;StdDev (W/m²),GHI (Global Horizontal Irradiance);solar_irradiance;Count (),DNI (Direct Normal Irradiance) Pyrheliometer;solar_DNI;Avg (W/m²),DNI (Direct Normal Irradiance) Pyrheliometer;solar_DNI;Max (W/m²),DNI (Direct Normal Irradiance) Pyrheliometer;solar_DNI;Min (W/m²),DNI (Direct Normal Irradiance) Pyrheliometer;solar_DNI;StdDev (W/m²),DNI (Direct Normal Irradiance) Pyrheliometer;solar_DNI;Count (),Precipitation;precipitation;Count (),Precipitation;precipitation;Sum (mm),GTI (Global Tilt Irradiance) PV Cell;voltage;Avg (W/m2),GTI (Global Tilt Irradiance) PV Cell;voltage;Max (W/m2),GTI (Global Tilt Irradiance) PV Cell;voltage;Min (W/m2),GTI (Global Tilt Irradiance) PV Cell;voltage;StdDev (W/m2),GTI (Global Tilt Irradiance) PV Cell;voltage;Count (),Theta;other;Avg (°),Theta;other;Max (°),Theta;other;Min (°),Theta;other;StdDev (°),Theta;other;Count (),A1;channel;Avg (V),A1;channel;Max (V),A1;channel;Min (V),A1;channel;StdDev (V),A2;channel;Avg (V),A2;channel;Max (V),A2;channel;Min (V),A2;channel;StdDev (V),A3;channel;Avg (V),A3;channel;Max (V),A3;channel;Min (V),A3;channel;StdDev (V),A4;channel;Avg (V),A4;channel;Max (V),A4;channel;Min (V),A4;channel;StdDev (V),A5;channel;Avg (V),A5;channel;Max (V),A5;channel;Min (V),A5;channel;StdDev (V),A6;channel;Avg (V),A6;channel;Max (V),A6;channel;Min (V),A6;channel;StdDev (V),A7;channel;Avg (V),A7;channel;Max (V),A7;channel;Min (V),A7;channel;StdDev (V),C1;channel;Avg (I),C1;channel;Max (I),C1;channel;Min (I),C1;channel;StdDev (I),C2;channel;Avg (I),C2;channel;Max (I),C2;channel;Min (I),C2;channel;StdDev (I),D1;channel;Avg (),D1;channel;Max (),D1;channel;Min (),D1;channel;StdDev (),T;channel;Avg (°C),I;channel;Avg (mA),I;channel;Max (mA),I;channel;Min (mA),V;channel;Avg (V),V;channel;Max (V),V;channel;Min (V)
2022-12-02 00:00:00,2.2321,4.8652,0.5228,1.042,120,84.7615,44.9613,120,77.2146,77.5475,76.9372,0.2013,120,26.4593,26.4928,26.4074,0.0222,120,1006.6744,1006.8422,1006.4394,0.0833,120,0,0,0,0,120,0,0,0,0,120,13.8427,14.2604,13.2775,0.2079,120,120,0,0,0,0,0,120,None,None,None,None,0,3.4446,3.4474,3.4407,0.0014,0.5646,0.5649,0.5641,0.0002,0.7721,0.7755,0.7694,0.002,-0.0001,-0.0001,-0.0001,0,0,0,0,0,0,0,0,0,0,0,0,0,219.7917,506,34,113.2562,0,0,0,0,282.1583,986,18,167.6406,36,48.15,53,45,23.67,23.68,23.63
2022-12-02 00:10:00,2.5717,5.3804,0.5504,0.9913,120,91.4164,26.9289,120,76.8906,77.0592,76.632,0.0825,120,26.506,26.5386,26.4501,0.0212,120,1006.6004,1006.8239,1006.4211,0.0897,120,0.004,0.2402,0,0.0309,120,0,0,0,0,120,13.8467,14.2604,13.2775,0.2207,120,120,0,0,0,0,0,120,None,None,None,None,0,3.4433,3.4471,3.4404,0.0015,0.5651,0.5654,0.5645,0.0002,0.7689,0.7706,0.7663,0.0008,-0.0001,-0.0001,-0.0001,0,0,0,0,0,0,0,0,0,0,0,0,0,256.7083,562,37,107.7469,0,0,0,0,264.725,841,45,88.9194,36,48.0833,49,45,23.67,23.68,23.63
2022-12-02 00:20:00,1.8308,3.9728,0.348,0.9016,120,103.705,41.2379,120,76.9908,77.1813,76.8151,0.1025,120,26.3668,26.4531,26.3158,0.0397,120,1006.4165,1006.6408,1006.238,0.0782,120,0,0,0,0,120,0,0,0,0,120,13.7526,14.2604,13.2775,0.1904,120,120,0,0,0,0,0,120,None,None,None,None,0,3.4403,3.444,3.4373,0.0013,0.5637,0.5645,0.5632,0.0004,0.7699,0.7718,0.7682,0.001,-0.0001,-0.0001,-0.0001,0,0,0,0,0,0,0,0,0,0,0,0,0,176.175,409,15,98.0037,0,0,0,0,313.4167,994,21,137.7246,36,48.55,53,47,23.67,23.68,23.63
2022-12-02 00:30:00,1.8094,3.7244,0.532,0.6624,120,99.1802,39.5035,120,77.2563,77.456,77.1508,0.0842,120,26.3101,26.3311,26.2761,0.0138,120,1006.2629,1006.4577,1006.0549,0.0667,120,0,0,0,0,120,0,0,0,0,120,13.7935,14.2604,13.2775,0.2,120,120,0,0,0,0,0,120,None,None,None,None,0,3.4377,3.441,3.4342,0.0011,0.5631,0.5633,0.5628,0.0001,0.7726,0.7746,0.7715,0.0008,-0.0001,-0.0001,-0.0001,0,0,0,0,0,0,0,0,0,0,0,0,0,173.85,382,35,72.0009,0,0,0,0,306.0583,957,83,139.721,36,48.4,53,47,23.67,23.68,23.63
2022-12-02 00:40:00,2.2453,4.764,0.5136,0.9614,120,98.4625,37.5703,120,77.6747,77.8222,77.456,0.1248,120,26.3161,26.3433,26.2822,0.0164,120,1006.2557,1006.4394,1006.0549,0.0765,120,0,0,0,0,120,0,0,0,0,120,13.7976,14.2604,13.2775,0.1943,120,120,0,0,0,0,0,120,None,None,None,None,0,3.4376,3.4407,3.4342,0.0013,0.5632,0.5634,0.5628,0.0002,0.7767,0.7782,0.7746,0.0012,-0.0001,-0.0001,-0.0001,0,0,0,0,0,0,0,0,0,0,0,0,0,221.225,495,33,104.4947,0,0,0,0,298.25,994,44,136.3047,36,46.95,49,41,23.67,23.68,23.63
2022-12-02 00:50:00,2.4462,4.8652,0.6332,1.0049,120,89.7258,42.3519,120,77.6999,77.8222,77.3644,0.1314,120,26.2488,26.3372,26.2029,0.0389,120,1006.2391,1006.4394,1006.0366,0.0815,120,0,0,0,0,120,0,0,0,0,120,13.773,14.2604,13.2775,0.1857,120,120,0,0,0,0,0,120,None,None,None,None,0,3.4373,3.4407,3.4339,0.0014,0.5625,0.5634,0.562,0.0004,0.777,0.7782,0.7736,0.0013,-0.0001,-0.0001,-0.0001,0,0,0,0,0,0,0,0,0,0,0,0,0,243.0667,506,46,109.2271,0,0,0,0,285.55,949,58,149.6081,36,46.7,49,41,23.67,23.68,23.63
2022-12-02 01:00:00,2.5222,5.7116,0.4124,1.3133,120,89.6648,41.6226,120,77.503,77.7612,77.3339,0.1106,120,26.3458,26.3891,26.2761,0.0323,120,1006.1901,1006.4394,1006.0366,0.1006,120,0,0,0,0,120,0,0,0,0,120,13.9,14.2604,13.2775,0.2361,120,120,0,0,0,0,0,120,None,None,None,None,0,3.4365,3.4407,3.4339,0.0017,0.5635,0.5639,0.5628,0.0003,0.775,0.7776,0.7733,0.0011,-0.0001,-0.0001,-0.0001,0,0,0,0,0,0,0,0,0,0,0,0,0,251.325,598,22,142.7467,0,0,0,0,282.6917,998,54,150.3442,36,46.9833,49,45,23.67,23.68,23.63
2022-12-02 01:10:00,2.1544,4.764,0.486,1.0372,120,90.3236,44.1864,120,77.4013,77.456,77.3644,0.0256,120,26.3977,26.4104,26.3768,0.0069,120,1006.2102,1006.4394,1006.0366,0.0762,120,0,0,0,0,120,0,0,0,0,120,13.8427,14.2604,13.2775,0.1979,120,120,0,0,0,0,0,120,None,None,None,None,0,3.4368,3.4407,3.4339,0.0013,0.564,0.5641,0.5638,0.0001,0.774,0.7746,0.7736,0.0003,-0.0001,-0.0001,-0.0001,0,0,0,0,0,0,0,0,0,0,0,0,0,211.35,495,30,112.7418,0,0,0,0,284.1667,957,47,152.71,36,46.85,49,41,23.67,23.68,23.63
2022-12-02 01:20:00,2.262,4.81,0.44,0.9643,120,84.2845,45.1227,120,77.3909,77.456,77.3034,0.0253,120,26.3751,26.4013,26.3524,0.0108,120,1006.0233,1006.2563,1005.8535,0.1061,120,0,0,0,0,120,0,0,0,0,120,13.7566,14.2604,13.2775,0.174,120,120,0,0,0,0,0,120,None,None,None,None,0,3.4337,3.4376,3.4309,0.0018,0.5637,0.564,0.5635,0.0001,0.7739,0.7746,0.773,0.0003,-0.0001,-0.0001,-0.0001,0,0,0,0,0,0,0,0,0,0,0,0,0,223.0417,500,25,104.8184,0,0,0,0,276.8917,1009,19,166.2483,36,46.9,49,41,23.66,23.68,23.63
2022-12-02 01:30:00,2.6074,6.282,0.5596,1.3332,120,82.4084,50.4661,120,77.0674,77.3034,76.8456,0.1178,120,26.2902,26.3555,26.2609,0.026,120,1005.9105,1006.0732,1005.8535,0.0795,120,0,0,0,0,120,0,0,0,0,120,13.7198,14.2604,13.2775,0.2332,120,120,0,0,0,0,0,120,None,None,None,None,0,3.4318,3.4346,3.4309,0.0013,0.5629,0.5635,0.5626,0.0003,0.7707,0.773,0.7685,0.0012,-0.0001,-0.0001,-0.0001,0,0,0,0,0,0,0,0,0,0,0,0,0,260.5833,660,38,144.9154,0,0,0,0,302.6083,988,20,201.0672,36,46.9667,49,43,23.67,23.68,23.63
2022-12-02 01:40:00,2.2539,4.948,0.7436,0.9426,120,85.2771,39.6514,120,76.6612,76.8456,76.4794,0.1014,120,26.3234,26.3585,26.2761,0.022,120,1005.8698,1006.0549,1005.8535,0.0351,120,0,0,0,0,120,0,0,0,0,120,13.7771,14.2604,13.2775,0.2206,120,120,0,0,0,0,0,120,None,None,None,None,0,3.4312,3.4342,3.4309,0.0006,0.5632,0.5636,0.5628,0.0002,0.7666,0.7685,0.7648,0.001,-0.0001,-0.0001,-0.0001,0,0,0,0,0,0,0,0,0,0,0,0,0,222.1667,515,58,102.4554,0,0,0,0,261.0417,1010,11,146.5451,36,46.9333,49,41,23.67,23.68,23.63
2022-12-02 01:50:00,2.6367,4.8744,0.5228,1.0069,120,91.7326,33.5951,120,76.7101,76.8761,76.5709,0.0931,120,26.2753,26.3189,26.2426,0.0227,120,1005.8757,1006.0549,1005.6703,0.0642,120,0,0,0,0,120,0,0,0,0,120,13.7771,14.2604,13.2775,0.18,120,120,0,0,0,0,0,120,None,None,None,None,0,3.4313,3.4342,3.4278,0.0011,0.5627,0.5632,0.5624,0.0002,0.7671,0.7688,0.7657,0.0009,-0.0001,-0.0001,-0.0001,0,0,0,0,0,0,0,0,0,0,0,0,0,263.7667,507,34,109.4451,0,0,0,0,285.975,950,57,138.971,36,46.9333,49,41,23.66,23.68,23.63
2022-12-02 02:00:00,2.3398,5.7576,0.3664,0.9896,120,80.3449,37.5467,120,76.9789,77.1508,76.7846,0.0966,120,26.2571,26.2883,26.2243,0.0184,120,1005.9293,1006.0732,1005.8535,0.0898,120,0,0,0,0,120,0,0,0,0,120,13.7075,14.2604,13.2775,0.197,120,120,0,0,0,0,0,120,None,None,None,None,0,3.4322,3.4346,3.4309,0.0015,0.5626,0.5629,0.5622,0.0002,0.7698,0.7715,0.7678,0.001,-0.0001,-0.0001,-0.0001,0,0,0,0,0,0,0,0,0,0,0,0,0,231.5,603,17,107.5658,0,0,0,0,264.3417,952,34,154.7594,36,46.9,49,41,23.67,23.68,23.63
2022-12-02 02:10:00,2.0081,4.672,0.6884,0.8479,120,91.428,47.2553,120,77.2561,77.456,76.9677,0.1301,120,26.1948,26.2304,26.1815,0.0096,120,1005.9043,1006.0549,1005.8351,0.0786,120,0,0,0,0,120,0,0,0,0,120,13.7321,14.2604,13.2775,0.182,120,120,0,0,0,0,0,120,None,None,None,None,0,3.4317,3.4342,3.4306,0.0013,0.5619,0.5623,0.5618,0.0001,0.7726,0.7746,0.7697,0.0013,-0.0001,-0.0001,-0.0001,0,0,0,0,0,0,0,0,0,0,0,0,0,195.4417,485,52,92.1596,0,0,0,0,307.5167,1007,38,176.4525,36,46.8833,49,41,23.66,23.68,23.63
2022-12-02 02:20:00,2.3748,5.3068,0.2928,0.9427,120,94.947,40.8185,120,77.6566,77.8222,77.4255,0.098,120,26.2193,26.2395,26.1876,0.0126,120,1005.9413,1006.0732,1005.8351,0.0946,120,0,0,0,0,120,0,0,0,0,120,13.7526,14.2604,13.2775,0.2201,120,120,0,0,0,0,0,120,None,None,None,None,0,3.4324,3.4346,3.4306,0.0016,0.5622,0.5624,0.5619,0.0001,0.7766,0.7782,0.7743,0.001,-0.0001,-0.0001,-0.0001,0,0,0,0,0,0,0,0,0,0,0,0,0,235.3083,554,9,102.4678,0,0,0,0,293.15,967,29,139.7677,35.8,46.7667,47,41,23.67,23.68,23.63
2022-12-02 02:30:00,2.6702,5.27,0.578,1.1118,120,100.7671,34.1522,120,78.0348,78.2495,77.7917,0.138,120,26.2114,26.2304,26.1937,0.0062,120,1006.0183,1006.2197,1005.8535,0.0724,120,0,0,0,0,120,0,0,0,0,120,13.8017,14.2604,13.2775,0.2087,120,120,0,0,0,0,0,120,None,None,None,None,0,3.4336,3.437,3.4309,0.0012,0.5621,0.5623,0.5619,0.0001,0.7803,0.7825,0.7779,0.0014,-0.0001,-0.0001,-0.0001,0,0,0,0,0,0,0,0,0,0,0,0,0,267.4083,550,40,120.8478,0,0,0,0,289.4583,658,31,100.5526,35,46.9167,47,41,23.66,23.68,23.63
2022-12-02 02:40:00,2.2536,3.8164,0.6976,0.7154,120,94.6786,31.2421,120,78.3441,78.4021,78.2495,0.0292,120,26.2281,26.2487,26.2059,0.011,120,1006.0482,1006.238,1005.8535,0.0471,120,0,0,0,0,120,0,0,0,0,120,13.7566,14.2604,13.2775,0.174,120,120,0,0,0,0,0,120,None,None,None,None,0,3.4341,3.4373,3.4309,0.0008,0.5623,0.5625,0.5621,0.0001,0.7834,0.784,0.7825,0.0003,-0.0001,-0.0001,-0.0001,0,0,0,0,0,0,0,0,0,0,0,0,0,222.1333,392,53,77.7589,0,0,0,0,284.0833,978,102,113.3391,35,46.9333,49,43,23.66,23.68,23.63
2022-12-02 02:50:00,2.3672,5.914,0.946,0.982,120,101.3569,36.413,120,78.3845,78.4631,78.28,0.0401,120,26.196,26.2243,26.148,0.0216,120,1006.0488,1006.238,1005.8535,0.0554,120,0,0,0,0,120,0,0,0,0,120,13.6788,14.2604,13.2775,0.2013,120,120,0,0,0,0,0,120,None,None,None,None,0,3.4341,3.4373,3.4309,0.0009,0.562,0.5622,0.5615,0.0002,0.7838,0.7846,0.7828,0.0004,-0.0001,-0.0001,-0.0001,0,0,0,0,0,0,0,0,0,0,0,0,0,234.4833,620,80,106.7353,0,0,0,0,298.3917,958,87,118.6279,35,46.9,47,43,23.66,23.68,23.63
2022-12-02 03:00:00,2.4576,5.9692,0.2468,1.1771,120,99.0886,39.8646,120,78.3153,78.4326,78.1884,0.0632,120,26.1301,26.148,26.1144,0.0073,120,1006.1187,1006.238,1005.8535,0.0957,120,0,0,0,0,120,0,0,0,0,120,13.6624,14.2604,13.2775,0.2399,120,120,0,0,0,0,0,120,None,None,None,None,0,3.4353,3.4373,3.4309,0.0016,0.5613,0.5615,0.5611,0.0001,0.7832,0.7843,0.7819,0.0006,-0.0001,-0.0001,-0.0001,0,0,0,0,0,0,0,0,0,0,0,0,0,244.3,626,4,127.9445,0,0,0,0,306.6667,865,84,136.6597,35,46.9667,49,43,23.66,23.68,23.63
2022-12-02 03:10:00,2.2994,5.0032,0.5136,0.9891,120,100.7443,37.9464,120,78.1167,78.2495,78.0358,0.0535,120,26.1012,26.1235,26.0839,0.0099,120,1006.1054,1006.2563,1005.8535,0.0908,120,0,0,0,0,120,0,0,0,0,120,13.6993,14.2604,13.2775,0.2234,120,120,0,0,0,0,0,120,None,None,None,None,0,3.4351,3.4376,3.4309,0.0015,0.561,0.5612,0.5608,0.0001,0.7812,0.7825,0.7804,0.0005,-0.0001,-0.0001,-0.0001,0,0,0,0,0,0,0,0,0,0,0,0,0,227.1083,521,33,107.5163,0,0,0,0,295.6083,753,55,116.5197,35,46.8833,47,43,23.66,23.68,23.63
2022-12-02 03:20:00,2.6631,5.8312,0.5504,1.1095,120,94.2296,36.016,120,78.1714,78.3105,78.0663,0.0554,120,26.143,26.1693,26.093,0.0235,120,1005.9362,1006.238,1005.8535,0.0931,120,0,0,0,0,120,0,0,0,0,120,13.8386,14.2604,13.2775,0.2141,120,120,0,0,0,0,0,120,None,None,None,None,0,3.4323,3.4373,3.4309,0.0016,0.5614,0.5617,0.5609,0.0002,0.7817,0.7831,0.7807,0.0006,-0.0001,-0.0001,-0.0001,0,0,0,0,0,0,0,0,0,0,0,0,0,266.6417,611,37,120.5996,0,0,0,0,281.8417,797,76,115.3197,35,46.9833,49,41,23.66,23.68,23.63
2022-12-02 03:30:00,3.0349,5.1412,0.532,1.1133,120,101.4924,32.8577,120,78.2248,78.3105,78.1274,0.0499,120,26.1808,26.1968,26.1632,0.0078,120,1005.9201,1006.0549,1005.8351,0.088,120,0,0,0,0,120,0,0,0,0,120,13.8099,14.2604,13.2775,0.2348,120,120,0,0,0,0,0,120,None,None,None,None,0,3.432,3.4342,3.4306,0.0015,0.5618,0.562,0.5616,0.0001,0.7822,0.7831,0.7813,0.0005,-0.0001,-0.0001,-0.0001,0,0,0,0,0,0,0,0,0,0,0,0,0,307.0583,536,35,121.0092,0,0,0,0,303.9167,962,127,114.8123,35,46.9833,49,41,23.66,23.68,23.63
2022-12-02 03:40:00,3.0732,6.6592,0.716,1.3057,120,98.2191,34.6498,120,78.0366,78.2189,77.7612,0.1282,120,26.1884,26.2212,26.1541,0.0211,120,1005.9915,1006.2563,1005.8351,0.0934,120,0,0,0,0,120,0,0,0,0,120,13.7157,14.2604,13.2775,0.2093,120,120,0,0,0,0,0,120,None,None,None,None,0,3.4332,3.4376,3.4306,0.0016,0.5619,0.5622,0.5615,0.0002,0.7804,0.7822,0.7776,0.0013,-0.0001,-0.0001,-0.0001,0,0,0,0,0,0,0,0,0,0,0,0,0,311.2167,701,55,141.9231,0,0,0,0,300.9917,957,122,129.896,35,46.75,47,39,23.66,23.68,23.63
2022-12-02 03:50:00,2.2816,4.7272,0.5412,0.8716,120,96.7879,41.7302,120,77.7179,77.7917,77.6086,0.042,120,26.206,26.2243,26.1937,0.0071,120,1006.0639,1006.238,1005.8535,0.0716,120,0,0,0,0,120,0,0,0,0,120,13.7485,14.2604,13.2775,0.1953,120,120,0,0,0,0,0,120,None,None,None,None,0,3.4344,3.4373,3.4309,0.0012,0.5621,0.5622,0.5619,0.0001,0.7772,0.7779,0.7761,0.0004,-0.0001,-0.0001,-0.0001,0,0,0,0,0,0,0,0,0,0,0,0,0,225.175,491,36,94.7426,0,0,0,0,299.6833,931,41,146.9348,35,46.8167,49,41,23.66,23.68,23.63
2022-12-02 04:00:00,2.6114,5.0124,0.6792,1.0352,120,99.466,36.8084,120,77.7113,77.7917,77.6086,0.0385,120,26.183,26.212,26.1571,0.0157,120,1006.0659,1006.238,1005.8718,0.0652,120,0,0,0,0,120,0,0,0,0,120,13.7198,14.2604,13.2775,0.2418,120,120,0,0,0,0,0,120,None,None,None,None,0,3.4344,3.4373,3.4312,0.0011,0.5618,0.5621,0.5616,0.0002,0.7771,0.7779,0.7761,0.0004,-0.0001,-0.0001,-0.0001,0,0,0,0,0,0,0,0,0,0,0,0,0,261.0167,522,51,112.522,0,0,0,0,300.3917,966,19,128.7277,35,46.85,49,41,23.66,23.68,23.63
2022-12-02 04:10:00,2.7513,5.3896,0.6792,1.0919,120,99.676,34.6669,120,77.6363,77.7917,77.4865,0.0904,120,26.1511,26.1693,26.1296,0.0115,120,1006.1161,1006.2563,1006.0182,0.0937,120,0,0,0,0,120,0,0,0,0,120,13.6911,14.2604,13.2775,0.2014,120,120,0,0,0,0,0,120,None,None,None,None,0,3.4353,3.4376,3.4336,0.0016,0.5615,0.5617,0.5613,0.0001,0.7764,0.7779,0.7749,0.0009,-0.0001,-0.0001,-0.0001,0,0,0,0,0,0,0,0,0,0,0,0,0,276.225,563,51,118.682,0,0,0,0,303.7167,1007,102,132.7132,35,46.85,49,41,23.65,23.68,23.63
2022-12-02 04:20:00,2.3074,5.3896,0.6608,1.0926,120,101.3802,37.4684,120,77.416,77.517,77.3034,0.0494,120,26.1166,26.1449,26.0961,0.0148,120,1006.1525,1006.2563,1006.0366,0.0949,120,0,0,0,0,120,0,0,0,0,120,13.601,13.7689,13.2775,0.2341,120,120,0,0,0,0,0,120,None,None,None,None,0,3.4359,3.4376,3.4339,0.0016,0.5612,0.5615,0.561,0.0001,0.7742,0.7752,0.773,0.0005,-0.0001,-0.0001,-0.0001,0,0,0,0,0,0,0,0,0,0,0,0,0,227.9833,563,49,118.7644,0,0,0,0,300.3333,923,31,120.7757,35,46.8667,49,41,23.66,23.68,23.63
2022-12-02 04:30:00,2.4105,5.1688,0.4308,1.0563,120,96.2334,39.7164,120,77.473,77.5781,77.3949,0.0474,120,26.1001,26.1174,26.0808,0.008,120,1006.2378,1006.4394,1006.2014,0.0404,120,0.004,0.2402,0,0.0309,120,0,0,0,0,120,13.7935,14.2604,13.2775,0.1668,120,120,0,0.0203,0.3052,0,0.0764,120,None,None,None,None,0,3.4373,3.4407,3.4367,0.0007,0.561,0.5612,0.5608,0.0001,0.7747,0.7758,0.7739,0.0005,-0.0001,-0.0001,-0.0001,0,0,0,0,0,0,0,0,0,0,0.0003,0,0.0001,239.1833,539,24,114.8111,0,0,0,0,301.8167,989,62,148.3608,35,46.9333,49,41,23.66,23.68,23.63
2022-12-02 04:40:00,2.2241,4.672,0.8264,0.8658,120,98.8957,39.2536,120,77.6833,77.7917,77.517,0.0758,120,26.0766,26.0961,26.0594,0.0087,120,1006.2958,1006.4394,1006.2197,0.0917,120,1.2174,3.3646,0,1.1035,120,1.0257,3.2977,0,1.0732,120,13.7485,14.2604,13.2775,0.2151,120,120,0,1.4293,3.6622,0,1.1028,120,None,None,None,None,0,3.4383,3.4407,3.437,0.0015,0.5608,0.561,0.5606,0.0001,0.7768,0.7779,0.7752,0.0008,-0.0001,-0.0001,-0.0001,0,0,0,0,0,0,0,0,0,0.0014,0.0037,0,0.0011,218.925,485,67,94.1114,0,0,0,0,291.7167,865,15,123.7026,35,46.9333,49,41,23.66,23.68,23.63
2022-12-02 04:50:00,2.3151,4.3132,0.67,0.9244,120,102.8843,38.9583,120,77.8291,77.9748,77.6696,0.0899,120,26.0833,26.1113,26.0564,0.0137,120,1006.2783,1006.4394,1006.2197,0.0842,120,6.256,11.2945,3.1236,2.3152,120,6.1917,10.6242,3.2977,2.1814,120,13.7321,14.2604,13.2775,0.2481,120,120,0,6.4699,10.3763,3.357,2.078,120,89.63,90,89.25,0.28,51,3.438,3.4407,3.437,0.0014,0.5608,0.5611,0.5606,0.0001,0.7783,0.7797,0.7767,0.0009,-0.0001,-0.0001,-0.0001,0,0.0001,0.0001,0,0,0.0001,0.0001,0,0,0.0065,0.0104,0.0034,0.0021,228.8167,446,50,100.483,0,0,0,0,311.9333,1017,55,140.6579,35,46.85,47,41,23.66,23.68,23.63
2022-12-02 05:00:00,2.5926,4.58,0.3848,0.8239,120,97.0976,32.3387,120,78.0051,78.1274,77.8527,0.0759,120,26.1078,26.1235,26.0839,0.007,120,1006.4669,1006.6225,1006.238,0.0848,120,17.4,24.7512,11.2945,4.4148,120,17.7262,26.3782,10.6242,5.2408,120,21.8586,58.5192,13.7689,11.7601,120,120,0,15.5466,21.9733,10.3763,3.9121,120,87.99,89.25,86.76,0.67,120,3.4411,3.4437,3.4373,0.0014,0.5611,0.5612,0.5608,0.0001,0.7801,0.7813,0.7785,0.0008,-0.0001,-0.0001,-0.0004,0.0001,0.0002,0.0003,0.0001,0.0001,0.0001,0.0002,0.0001,0,0.0155,0.022,0.0104,0.0039,258.975,475,19,89.5566,0,0,0,0,282.825,781,28,100.5751,35,46.9833,49,45,23.65,23.68,23.63
2022-12-02 05:10:00,2.2755,5.8496,0.5228,1.1069,120,108.5712,47.6603,120,78.117,78.2189,77.9748,0.0549,120,26.1323,26.1693,26.0991,0.0179,120,1006.5999,1006.8056,1006.4211,0.0546,120,40.1967,61.5173,24.9913,12.6248,120,41.2348,72.9076,26.3782,14.239,120,30.2105,139.1669,14.7535,24.1479,120,120,0,34.4223,51.8815,21.9733,10.4313,120,85.69,86.76,84.51,0.67,120,3.4433,3.4468,3.4404,0.0009,0.5613,0.5617,0.561,0.0002,0.7812,0.7822,0.7797,0.0005,-0.0002,-0.0001,-0.0009,0.0001,0.0005,0.0008,0.0003,0.0002,0.0003,0.0006,0.0002,0.0001,0.0344,0.0519,0.022,0.0104,224.5083,613,34,120.313,0,0,0,0,332.75,984,4,161.691,35,46.9833,49,45,23.65,23.68,23.63
2022-12-02 05:20:00,2.3688,4.7456,0.8356,0.848,120,97.3452,32.2657,120,78.1826,78.341,77.8222,0.1353,120,26.3486,26.5081,26.1632,0.1126,120,1006.6089,1006.8239,1006.4211,0.0376,120,71.0597,82.4236,59.5953,6.2432,120,85.1563,104.7815,65.946,14.686,120,137.5571,236.5356,16.7193,84.5652,120,120,0,59.5823,72.0237,50.0504,6.3283,120,83.38,84.51,82.26,0.68,120,3.4435,3.4471,3.4404,0.0006,0.5635,0.5651,0.5616,0.0011,0.7818,0.7834,0.7782,0.0014,-0.0009,-0.0001,-0.0015,0.0005,0.0009,0.001,0.0008,0.0001,0.0007,0.0009,0.0005,0.0001,0.0596,0.072,0.0501,0.0063,234.65,493,68,92.1707,0,0,0,0,279.3167,692,4,96.0473,35,46.9,49,41,23.66,23.68,23.63
2022-12-02 05:30:00,1.8929,4.6628,0.5596,0.9108,120,92.5733,43.7181,120,77.798,77.9748,77.4255,0.1326,120,26.5058,26.5966,26.444,0.0364,120,1006.6263,1006.8239,1006.5859,0.0539,120,99.2573,136.9732,73.7732,21.3365,120,118.0928,189.0468,73.6399,43.6768,120,131.2132,327.019,15.7364,135.6667,120,120,0,85.4544,126.0414,59.5111,23.0741,120,81.07,82.26,80,0.68,120,3.4438,3.4471,3.4431,0.0009,0.5651,0.566,0.5644,0.0004,0.778,0.7797,0.7743,0.0013,-0.0008,-0.0001,-0.002,0.0008,0.0013,0.0017,0.0009,0.0003,0.001,0.0016,0.0006,0.0004,0.0855,0.126,0.0595,0.0231,182.925,484,38,98.9962,0,0,0,0,307.5083,1019,5,179.8428,35,46.9333,49,41,23.66,23.68,23.63
2022-12-02 05:40:00,3.0953,5.9416,0.7068,1.1106,120,98.4444,29.7325,120,77.5084,78.0053,77.1813,0.1915,120,26.7859,26.9048,26.5996,0.0873,120,1006.7565,1007.0071,1006.6042,0.1137,120,143.4571,172.778,122.7953,13.6519,120,205.8137,233.7431,164.8655,16.3409,120,332.5924,409.1428,50.1595,81.052,120,120,0,140.5861,169.6829,121.1585,12.8202,120,78.76,80,77.49,0.67,120,3.4459,3.4501,3.4434,0.0019,0.5679,0.569,0.566,0.0009,0.7751,0.7801,0.7718,0.0019,-0.0021,-0.0003,-0.0025,0.0005,0.0018,0.0022,0.0016,0.0002,0.0017,0.0019,0.0014,0.0001,0.1406,0.1697,0.1212,0.0128,313.6167,623,54,120.7223,0,0,0,0,289.5833,966,64,104.8744,35,46.9333,49,41,23.65,23.68,23.63
2022-12-02 05:50:00,3.1598,7.0272,0.5044,1.5186,120,107.4866,35.7679,120,77.0842,77.6391,76.6625,0.2785,120,26.9001,27.0177,26.6973,0.093,120,1006.8894,1007.0071,1006.7873,0.0962,120,133.1941,197.7693,113.4228,23.3789,120,171.6101,313.9784,118.3373,55.0772,120,173.6479,455.3674,16.7193,163.0826,120,120,0,127.3919,228.2784,96.7437,34.964,120,76.44,77.49,75.23,0.67,120,3.4482,3.4501,3.4465,0.0016,0.569,0.5702,0.567,0.0009,0.7708,0.7764,0.7666,0.0028,-0.0011,-0.0001,-0.0028,0.001,0.0017,0.0025,0.0014,0.0003,0.0014,0.0026,0.001,0.0005,0.1274,0.2283,0.0967,0.035,320.6333,741,32,165.0691,0,0,0,0,312.2167,739,36,106.756,35,46.8833,49,41,23.66,23.68,23.63
2022-12-02 06:00:00,2.4856,5.8312,0.5964,1.0142,120,102.242,36.0454,120,77.7055,78.2189,77.2423,0.2667,120,26.9972,27.2466,26.7064,0.1921,120,1006.9666,1007.1902,1006.7873,0.0903,120,182.3821,242.7063,143.7016,33.2946,120,302.8495,363.0708,171.0936,33.6835,120,431.6325,518.3129,76.223,114.4818,120,120,0,216.333,276.8029,133.6711,28.6501,120,74.12,75.23,72.97,0.68,120,3.4494,3.4532,3.4465,0.0015,0.57,0.5725,0.5671,0.0019,0.7771,0.7822,0.7724,0.0027,-0.0027,-0.0005,-0.0032,0.0007,0.0023,0.0031,0.0018,0.0004,0.0025,0.003,0.0014,0.0003,0.2163,0.2768,0.1337,0.0287,247.35,611,42,110.236,0,0,0,0,297.1917,622,64,106.2353,35,46.9167,47,41,23.66,23.68,23.63
2022-12-02 06:10:00,2.6936,5.7024,0.7252,1.1169,120,95.3365,43.8305,120,77.0425,77.5475,76.5404,0.2801,120,27.2037,27.3168,27.0696,0.0874,120,1007.0801,1007.3733,1006.9704,0.1,120,169.5819,186.2346,152.8331,9.3762,120,249.6894,360.1405,165.2317,74.7474,120,252.3293,550.2772,14.7535,221.0704,120,120,0,186.6283,251.7777,136.1125,41.0143,120,71.81,72.97,70.71,0.68,120,3.4513,3.4562,3.4495,0.0017,0.572,0.5732,0.5707,0.0009,0.7704,0.7755,0.7654,0.0028,-0.0016,-0.0001,-0.0034,0.0014,0.0022,0.0024,0.0019,0.0001,0.0021,0.003,0.0014,0.0006,0.1866,0.2518,0.1361,0.041,269.9583,597,56,121.4062,0,0,0,0,305.1333,998,1,161.4533,35,46.9833,49,45,23.65,23.68,23.63
2022-12-02 06:20:00,3.0113,6.512,0.716,1.1519,120,98.1608,35.8704,120,77.029,77.4255,76.4183,0.2252,120,27.2594,27.4755,27.1154,0.1132,120,1007.2488,1007.4099,1007.1718,0.0878,120,171.7527,188.878,139.1354,11.2986,120,330.4981,377.7263,139.587,67.1564,120,438.1975,537.4911,14.7535,160.4756,120,120,0,244.3261,282.2962,118.717,44.0773,120,69.49,70.71,68.45,0.67,120,3.4541,3.4568,3.4529,0.0015,0.5726,0.5748,0.5712,0.0011,0.7703,0.7743,0.7642,0.0023,-0.0027,-0.0001,-0.0033,0.001,0.0022,0.0024,0.0018,0.0001,0.0028,0.0031,0.0012,0.0006,0.2443,0.2823,0.1187,0.0441,304.4917,685,55,125.207,0,0,0,0,287.975,857,43,112.6487,35,46.9167,47,41,23.65,23.68,23.63
2022-12-02 06:30:00,3.03,6.2636,0.7712,1.277,120,95.3423,38.5512,120,76.0343,76.5709,75.7164,0.2297,120,27.3714,27.5152,27.2039,0.107,120,1007.3421,1007.5564,1007.1718,0.0869,120,160.877,178.7858,131.4457,13.4959,120,236.9856,319.1068,133.3577,64.3968,120,193.1831,368.8189,14.2604,128.4116,120,120,0,189.614,249.3362,112.3081,46.3871,120,67.17,68.2,65.94,0.67,120,3.4557,3.4593,3.4529,0.0014,0.5737,0.5752,0.572,0.0011,0.7603,0.7657,0.7572,0.0023,-0.0012,-0.0001,-0.0023,0.0008,0.002,0.0023,0.0017,0.0002,0.002,0.0027,0.0011,0.0005,0.1896,0.2493,0.1123,0.0464,306.5167,658,61,138.8046,0,0,0,0,297.3833,1009,43,151.4272,35,46.9167,49,41,23.66,23.68,23.63
2022-12-02 06:40:00,3.0757,6.4844,0.7068,1.2883,120,98.0236,39.3173,120,75.782,76.4794,75.0755,0.3616,120,27.2855,27.3199,27.21,0.0242,120,1007.4166,1007.5564,1007.1902,0.0662,120,207.7121,256.163,167.9717,24.1082,120,276.874,479.2101,181.3529,97.8847,120,166.3249,538.9671,14.2604,189.4253,120,120,0,228.5735,382.7021,154.4237,72.1344,120,64.85,65.94,63.68,0.68,120,3.4569,3.4593,3.4532,0.0011,0.5729,0.5732,0.5721,0.0002,0.7578,0.7648,0.7508,0.0036,-0.001,-0.0001,-0.0033,0.0012,0.0026,0.0033,0.0021,0.0003,0.0023,0.004,0.0015,0.0008,0.2286,0.3827,0.1544,0.0721,311.4917,682,54,140.031,0,0,0,0,296.675,954,22,133.8634,35.1,46.9,49,41,23.66,23.68,23.63
2022-12-02 06:50:00,3.4271,6.8248,0.7896,1.3726,120,91.756,34.2861,120,74.8609,75.7469,73.6106,0.7102,120,27.4739,27.6251,27.268,0.1178,120,1007.4619,1007.7395,1007.1902,0.0869,120,178.5993,247.0315,103.811,54.6631,120,298.5171,549.5534,105.5138,191.0993,120,256.7631,632.8924,13.2775,292.0094,120,120,0,245.7808,444.6547,94.9126,146.5855,120,62.54,63.68,61.43,0.68,120,3.4577,3.4623,3.4532,0.0014,0.5747,0.5763,0.5727,0.0012,0.7486,0.7575,0.7361,0.0071,-0.0016,-0.0001,-0.0039,0.0018,0.0023,0.0031,0.0013,0.0007,0.0025,0.0046,0.0009,0.0016,0.2458,0.4447,0.0949,0.1466,349.6833,719,63,149.1928,0,0,0,0,272.3167,716,129,107.1737,36,46.9667,49,41,23.67,23.68,23.63
2022-12-02 07:00:00,2.7957,5.9324,0.6516,1.18,120,83.1919,41.1031,120,74.0282,74.4652,73.6717,0.1957,120,27.1288,27.387,26.8834,0.1068,120,1007.5816,1007.7578,1007.3916,0.0722,120,130,165.0882,105.2528,22.9551,120,129.206,163.7671,106.2473,21.2172,120,12.8224,14.2604,8.8511,1.476,120,120,0.4,116.6468,149.5407,90.9452,22.207,120,60.23,61.43,59.17,0.67,120,3.4597,3.4626,3.4565,0.0012,0.5713,0.5739,0.5688,0.0011,0.7403,0.7447,0.7367,0.002,-0.0001,-0.0001,-0.0001,0,0.0017,0.0021,0.0013,0.0003,0.0011,0.0014,0.0009,0.0002,0.1166,0.1495,0.0909,0.0222,281.0583,622,48,128.2607,0.0333,1,0,0.1803,265.7417,994,7,159.6394,36,46.9667,49,45,23.66,23.68,23.63
2022-12-02 07:10:00,1.9964,5.27,0.4952,1.0524,120,87.9394,49.061,120,75.6849,77.517,73.9463,1.0983,120,26.4155,26.8804,26.2273,0.1978,120,1007.7219,1007.9226,1007.5381,0.081,120,265.8995,388.8102,159.8016,89.8538,120,292.9515,723.9448,157.1717,131.4076,120,66.0226,620.1063,12.786,120.5157,120,120,0.1,267.0293,644.5509,140.08,122.0855,120,57.91,59.17,56.67,0.67,120,3.462,3.4654,3.459,0.0014,0.5642,0.5688,0.5623,0.002,0.7568,0.7752,0.7395,0.011,-0.0004,-0.0001,-0.0038,0.0007,0.0034,0.0049,0.002,0.0011,0.0024,0.006,0.0013,0.0011,0.267,0.6446,0.1401,0.1221,194.175,550,31,114.3885,0.0083,1,0,0.0913,296.0417,978,21,178.6246,36,46.85,49,41,23.66,23.68,23.63
2022-12-02 07:20:00,2.5212,4.6812,0.8172,0.8538,120,89.1348,36.0625,120,78.309,78.9819,77.456,0.3201,120,26.7017,27.1551,26.27,0.2729,120,1007.7906,1007.9409,1007.7212,0.0787,120,313.4415,375.8339,269.3795,30.6891,120,581.0393,736.0348,283.569,117.7078,120,480.3698,707.1479,51.1424,173.3489,120,120,0,493.0545,639.9731,238.6547,101.6291,120,55.61,56.67,54.43,0.67,120,3.4632,3.4657,3.462,0.0013,0.567,0.5716,0.5627,0.0027,0.7831,0.7898,0.7746,0.0032,-0.003,-0.0003,-0.0044,0.0011,0.004,0.0048,0.0034,0.0004,0.0048,0.0061,0.0024,0.001,0.4931,0.64,0.2387,0.1016,251.2167,486,66,92.804,0,0,0,0,283.2667,997,20,156.6666,36,46.9167,49,45,23.67,23.68,23.63
2022-12-02 07:30:00,3.3064,6.1164,0.9092,1.2107,120,79.7206,42.5265,120,77.6709,78.4936,77.2423,0.2608,120,27.2254,27.3321,27.1612,0.0399,120,1007.8707,1007.9592,1007.7212,0.0874,120,266.8127,279.7126,230.6913,11.9639,120,584.9014,735.6687,213.9592,182.8017,120,540.9587,761.2423,14.7535,277.4754,120,120,0,486.8669,613.7272,177.3125,153.4049,120,53.31,54.43,52.19,0.67,120,3.4645,3.466,3.462,0.0015,0.5723,0.5733,0.5716,0.0004,0.7767,0.7849,0.7724,0.0026,-0.0034,-0.0001,-0.0047,0.0017,0.0034,0.0036,0.0029,0.0002,0.0049,0.0061,0.0018,0.0015,0.4869,0.6137,0.1773,0.1534,336.5667,642,76,131.5989,0,0,0,0,260.725,917,6,156.6507,36,46.8167,47,41,23.67,23.68,23.63
2022-12-02 07:40:00,3.377,6.5396,0.6792,1.3715,120,94.0577,39.0484,120,76.8568,77.4865,76.2047,0.3106,120,27.4698,27.7258,27.3351,0.0901,120,1007.9685,1008.1423,1007.7578,0.0847,120,306.2284,336.9055,258.326,23.4189,120,727.6998,857.6687,258.6567,150.8863,120,647.5717,789.2717,31.4728,212.5699,120,120,0,622.5216,740.9894,216.9866,130.614,120,51.01,52.19,49.95,0.67,120,3.4661,3.469,3.4626,0.0014,0.5747,0.5773,0.5734,0.0009,0.7686,0.7749,0.762,0.0031,-0.004,-0.0002,-0.0049,0.0013,0.0039,0.0043,0.0033,0.0003,0.0061,0.0071,0.0022,0.0013,0.6225,0.741,0.217,0.1306,344.2417,688,51,149.0746,0,0,0,0,281.3167,704,1,120.9475,36,46.95,49,41,23.67,23.68,23.63
2022-12-02 07:50:00,3.478,6.2084,0.4032,1.3139,120,91.5218,43.1446,120,75.1322,76.5709,74.1295,0.6262,120,27.8331,27.8936,27.7349,0.0391,120,1008.0551,1008.1606,1007.9226,0.0903,120,306.0322,362.8575,243.6677,40.0486,120,705.1254,902.7323,294.9268,165.9454,120,578.9345,786.8128,33.4402,233.8378,120,120,0,602.7558,780.3583,251.4725,145.1982,120,48.73,49.95,47.48,0.66,120,3.4676,3.4693,3.4654,0.0015,0.5783,0.5789,0.5774,0.0004,0.7513,0.7657,0.7413,0.0063,-0.0036,-0.0002,-0.0049,0.0015,0.0039,0.0046,0.0031,0.0005,0.0059,0.0075,0.0025,0.0014,0.6028,0.7804,0.2515,0.1452,355.2167,652,21,142.8116,0,0,0,0,298.4167,957,39,161.4616,36,45.05,47,39,23.67,23.68,23.63
2022-12-02 08:00:00,3.8734,8.3704,1.314,1.3215,120,84.1775,36.0771,120,73.6185,74.6483,72.9392,0.3984,120,27.7909,27.8631,27.7166,0.042,120,1007.9864,1008.1423,1007.7761,0.0824,120,303.517,325.1299,272.2638,11.3995,120,680.9023,870.126,293.461,191.9624,120,523.3659,766.1586,19.1782,264.7044,120,120,0,587.3898,748.3139,242.317,169.8769,120,46.45,47.48,45.27,0.66,120,3.4664,3.469,3.4629,0.0014,0.5779,0.5786,0.5772,0.0004,0.7362,0.7465,0.7294,0.004,-0.0032,-0.0001,-0.0048,0.0016,0.0039,0.0041,0.0035,0.0001,0.0057,0.0072,0.0024,0.0016,0.5874,0.7483,0.2423,0.1699,398.2,887,120,143.6439,0,0,0,0,282.825,1019,40,169.7487,36.2,45.9667,49,41,23.67,23.68,23.63
2022-12-02 08:10:00,3.0684,6.8616,0.854,1.3642,120,97.1173,39.2834,120,72.4766,73.2749,71.6575,0.4598,120,28.076,28.3636,27.8265,0.1712,120,1007.9714,1008.1423,1007.7578,0.081,120,226.3596,278.0307,190.0795,25.2623,120,741.4173,869.0264,274.7767,114.8151,120,686.1788,786.3213,29.5053,163.6277,120,120,0,638.0022,751.0605,228.8888,97.8143,120,44.18,45.27,43.06,0.66,120,3.4662,3.469,3.4626,0.0014,0.5808,0.5836,0.5783,0.0017,0.7248,0.7327,0.7166,0.0046,-0.0043,-0.0002,-0.0049,0.001,0.0029,0.0035,0.0024,0.0003,0.0062,0.0072,0.0023,0.001,0.638,0.7511,0.2289,0.0978,310.7,723,70,148.2838,0,0,0,0,292.6583,1005,28,133.2234,37,46.7667,47,41,23.67,23.68,23.63
2022-12-02 08:20:00,3.4231,6.0612,0.7988,1.2634,120,85.8956,41.2393,120,70.6997,72.1152,69.7348,0.6478,120,28.3551,28.4948,28.1378,0.1091,120,1007.9705,1008.1423,1007.7578,0.0891,120,198.4044,216.0323,188.878,8.615,120,711.0666,759.1164,633.0852,33.3992,120,656.7962,738.1292,532.0819,57.4411,120,120,0,610.7746,650.3494,545.0606,28.2074,120,41.93,43.06,40.87,0.66,120,3.4662,3.469,3.4626,0.0015,0.5836,0.5849,0.5814,0.0011,0.707,0.7212,0.6973,0.0065,-0.0041,-0.0033,-0.0046,0.0004,0.0025,0.0027,0.0024,0.0001,0.0059,0.0063,0.0053,0.0003,0.6108,0.6503,0.5451,0.0282,349.25,636,64,137.3315,0,0,0,0,268.8583,963,7,154.1721,37,46.9,49,41,23.68,23.68,23.63
2022-12-02 08:30:00,3.0286,5.9692,0.8908,1.2101,120,82.9102,37.2968,120,69.833,70.7419,68.8192,0.529,120,28.2339,28.3392,28.1286,0.0664,120,1007.9276,1008.1423,1007.7578,0.0739,120,256.8902,293.8906,213.6299,21.3151,120,656.3892,793.5546,278.8067,122.9397,120,494.4177,627.4831,34.9146,156.9676,120,120,0,569.333,693.3805,234.077,111.9458,120,39.7,40.87,38.7,0.65,120,3.4655,3.469,3.4626,0.0012,0.5823,0.5834,0.5813,0.0007,0.6983,0.7074,0.6882,0.0053,-0.0031,-0.0002,-0.0039,0.001,0.0033,0.0037,0.0027,0.0003,0.0055,0.0066,0.0023,0.001,0.5693,0.6934,0.2341,0.1119,306.3667,626,74,131.5375,0,0,0,0,271.1167,1009,88,160.521,37,46.9333,49,41,23.67,23.68,23.63
2022-12-02 08:40:00,2.8645,6.1072,0.716,1.1702,120,89.7725,45.8262,120,69.1926,69.9484,68.5141,0.3749,120,28.2874,28.4277,28.1561,0.0644,120,1007.956,1008.1606,1007.7761,0.0656,120,248.3033,267.6976,214.5906,11.9974,120,699.5383,830.1909,222.3854,166.7044,120,541.2454,701.7386,15.7364,192.2051,120,120,0,615.0421,731.8339,189.5199,148.4587,120,37.47,38.46,36.31,0.64,120,3.4659,3.4693,3.4629,0.0011,0.5829,0.5843,0.5816,0.0006,0.6919,0.6995,0.6851,0.0037,-0.0034,-0.0001,-0.0044,0.0012,0.0032,0.0034,0.0027,0.0002,0.0058,0.0069,0.0019,0.0014,0.615,0.7318,0.1895,0.1485,288.5333,641,55,127.1913,0,0,0,0,285.95,1022,15,160.1717,37.1,46.8667,49,41,23.67,23.68,23.63
2022-12-02 08:50:00,3.7106,7.0456,0.5228,1.3778,120,96.1437,39.4456,120,68.1466,69.0329,67.3238,0.4464,120,28.3763,28.446,28.2904,0.0457,120,1007.9092,1008.1423,1007.7578,0.086,120,213.0328,235.2567,190.3205,12.2634,120,896.9865,951.8259,834.2209,37.0224,120,796.7383,865.0032,708.6239,50.2462,120,120,0,793.3287,842.3109,736.7168,33.3342,120,35.28,36.31,34.18,0.64,120,3.4652,3.469,3.4626,0.0014,0.5838,0.5845,0.5829,0.0005,0.6815,0.6903,0.6732,0.0045,-0.0049,-0.0044,-0.0054,0.0003,0.0027,0.003,0.0024,0.0002,0.0075,0.0079,0.0069,0.0003,0.7933,0.8423,0.7367,0.0333,380.5,743,34,149.7595,0,0,0,0,298.7583,1019,22,143.3967,38,46.7167,49,41,23.68,23.68,23.63
2022-12-02 09:00:00,3.785,7.3952,0.9644,1.4293,120,92.0539,38.7726,120,66.9978,67.9952,66.0115,0.4897,120,28.4108,28.5162,28.2965,0.0571,120,1007.8872,1007.9958,1007.7761,0.0901,120,177.2316,191.0409,167.011,6.5338,120,940.5233,961.7179,911.1585,14.5455,120,866.4245,889.5907,829.5956,17.354,120,120,0,834.8059,853.6027,807.8249,13.3884,120,33.12,34.18,32.09,0.63,120,3.4648,3.4666,3.4629,0.0015,0.5841,0.5852,0.583,0.0006,0.67,0.68,0.6601,0.0049,-0.0054,-0.0051,-0.0055,0.0001,0.0023,0.0024,0.0021,0.0001,0.0078,0.008,0.0076,0.0001,0.8348,0.8536,0.8078,0.0134,388.5917,781,82,155.3579,0,0,0,0,293.2417,1001,39,155.1637,38,46.8167,49,41,23.68,23.68,23.63
2022-12-02 09:10:00,3.5017,6.7144,0.7344,1.4566,120,88.4628,40.4171,120,66.7302,67.5985,65.92,0.4208,120,28.4881,28.7634,28.3758,0.1279,120,1007.9101,1008.1606,1007.7761,0.091,120,161.8602,178.5457,145.8638,9.4505,120,976.7603,989.928,945.964,9.4874,120,902.1876,913.1953,860.0854,11.0344,120,120,0,868.9255,881.3745,846.2783,8.5101,120,30.98,32.09,30.03,0.62,120,3.4652,3.4693,3.4629,0.0015,0.5849,0.5876,0.5838,0.0013,0.6673,0.676,0.6592,0.0042,-0.0056,-0.0053,-0.0057,0.0001,0.0021,0.0023,0.0019,0.0001,0.0081,0.0082,0.0079,0.0001,0.8689,0.8814,0.8463,0.0085,357.7917,707,57,158.3219,0,0,0,0,280.925,1005,9,156.1626,38,45.5833,49,43,23.68,23.68,23.63
2022-12-02 09:20:00,4.1147,7.4596,1.4244,1.3749,120,95.2631,29.1552,120,66.2473,66.6219,65.6453,0.2523,120,28.5201,28.7176,28.3972,0.1139,120,1007.8137,1007.9958,1007.593,0.0742,120,138.3646,151.1504,131.6858,5.3683,120,984.9363,991.3938,973.4418,3.8912,120,917.2846,926.4728,900.9007,7.043,120,120,0,876.2017,881.6797,864.8946,3.256,120,28.89,30.03,27.79,0.6,120,3.4636,3.4666,3.4599,0.0012,0.5852,0.5872,0.584,0.0011,0.6625,0.6662,0.6565,0.0025,-0.0057,-0.0056,-0.0057,0,0.0018,0.0019,0.0017,0.0001,0.0082,0.0083,0.0081,0,0.8762,0.8817,0.8649,0.0033,424.425,788,132,149.4406,0,0,0,0,277.1333,867,44,96.1024,38,46.1667,47,41,23.68,23.68,23.63
2022-12-02 09:30:00,3.5038,8.0852,0.532,1.4519,120,81.2135,34.9693,120,65.9429,66.8966,64.333,0.6887,120,28.7836,28.9923,28.4765,0.1397,120,1007.794,1007.9958,1007.6113,0.0449,120,139.8565,163.6465,130.0039,7.0809,120,959.0341,1002.018,609.2713,58.5161,120,871.5183,917.1286,478.4805,66.9193,120,120,0,855.6296,892.3612,542.6191,53.0778,120,26.85,27.79,25.83,0.59,120,3.4632,3.4666,3.4602,0.0007,0.5878,0.5899,0.5848,0.0014,0.6594,0.669,0.6433,0.0069,-0.0054,-0.003,-0.0057,0.0004,0.0018,0.0021,0.0017,0.0001,0.008,0.0083,0.0051,0.0005,0.8556,0.8924,0.5426,0.0531,358.025,856,35,157.8139,0,0,0,0,250.475,840,17,126.0121,38.5,46.75,49,41,23.68,23.68,23.63
2022-12-02 09:40:00,3.1893,6.7328,0.624,1.4433,120,86.6743,45.9444,120,65.2949,66.1946,63.7226,0.6718,120,29.1322,29.3616,28.8061,0.174,120,1007.758,1007.9958,1007.593,0.0806,120,137.2352,157.1583,127.8409,6.4159,120,1013.4581,1036.09,969.0456,11.0591,120,914.9201,927.4557,820.7444,11.5341,120,120,0,904.4618,925.3212,844.4472,11.322,120,24.88,25.83,23.95,0.57,120,3.4626,3.4666,3.4599,0.0013,0.5913,0.5936,0.5881,0.0017,0.6529,0.6619,0.6372,0.0067,-0.0057,-0.0051,-0.0058,0.0001,0.0017,0.002,0.0016,0.0001,0.0084,0.0086,0.0081,0.0001,0.9045,0.9253,0.8444,0.0113,323.8333,709,45,156.8751,0,0,0,0,290.9917,1007,55,171.8638,39,46.75,49,41,23.68,23.68,23.63
2022-12-02 09:50:00,3.039,6.2544,0.6516,1.4072,120,89.8595,47.2189,120,65.1107,65.8589,63.9973,0.4373,120,29.0443,29.1632,28.9251,0.0708,120,1007.6579,1007.831,1007.4282,0.0816,120,120.3559,131.6858,112.2213,4.813,120,1026.3391,1037.922,1007.5138,7.6602,120,932.0169,942.2092,911.7193,7.5596,120,120,0,916.0105,928.3731,896.6338,7.4051,120,23,23.95,22.15,0.54,120,3.461,3.4639,3.4571,0.0014,0.5904,0.5916,0.5893,0.0007,0.6511,0.6586,0.64,0.0044,-0.0058,-0.0057,-0.0058,0,0.0015,0.0017,0.0014,0.0001,0.0085,0.0086,0.0084,0.0001,0.916,0.9284,0.8966,0.0074,307.5,657,48,152.9527,0,0,0,0,291.5833,1014,21,170.874,39,46.6167,49,41,23.68,23.68,23.63
2022-12-02 10:00:00,2.6538,5.8864,0.6148,1.2525,120,105.4388,55.4682,120,64.2778,65.4012,63.0818,0.6079,120,29.3477,29.505,29.1662,0.0853,120,1007.5996,1007.831,1007.4282,0.0808,120,116.8414,126.3992,111.9811,3.8722,120,1045.2223,1051.8439,1038.6555,3.2937,120,941.0816,946.1424,934.341,2.8627,120,120,0,933.7316,939.3597,928.0679,2.982,120,21.21,22.15,20.29,0.5,120,3.46,3.4639,3.4571,0.0013,0.5935,0.595,0.5917,0.0008,0.6428,0.654,0.6308,0.0061,-0.0058,-0.0058,-0.0059,0,0.0015,0.0016,0.0014,0,0.0087,0.0088,0.0087,0,0.9337,0.9394,0.9281,0.003,265.625,617,44,136.1419,0,0,0,0,347.6667,1003,27,188.751,39,46.9667,49,43,23.68,23.68,23.68
2022-12-02 10:10:00,3.1137,6.144,0.9184,1.1136,120,86.3185,38.8216,120,64.1629,64.9739,62.7766,0.634,120,29.0588,29.3402,28.9587,0.1015,120,1007.4543,1007.6479,1007.2817,0.0476,120,125.8128,129.7638,115.826,2.7504,120,1037.73,1071.9952,997.6218,21.0013,120,913.8546,945.1595,873.8543,20.04,120,120,0,928.1442,960.1123,892.056,19.1617,120,19.56,20.29,18.76,0.46,120,3.4576,3.4608,3.4547,0.0008,0.5906,0.5934,0.5896,0.001,0.6416,0.6497,0.6278,0.0063,-0.0057,-0.0054,-0.0059,0.0001,0.0016,0.0016,0.0015,0,0.0086,0.0089,0.0083,0.0002,0.9281,0.9601,0.8921,0.0192,315.6167,645,77,121.0424,0,0,0,0,259.8833,944,9,127.3796,39.3,46.95,49,41,23.68,23.68,23.68
2022-12-02 10:20:00,3.6133,7.7816,0.6792,1.4881,120,75.4627,36.0091,120,63.7135,65.0044,62.685,0.6197,120,28.9878,29.0991,28.7725,0.0899,120,1007.3383,1007.4648,1007.0986,0.0905,120,141.1301,161.2433,125.6787,11.6499,120,896.0034,1075.6579,684.377,162.9736,120,752.1563,936.3068,531.0989,171.2375,120,120,0,799.7604,963.1642,607.6235,147.1166,120,18.08,18.76,17.42,0.4,120,3.4556,3.4577,3.4516,0.0015,0.5899,0.591,0.5877,0.0009,0.6371,0.65,0.6269,0.0062,-0.0047,-0.0033,-0.0058,0.0011,0.0018,0.002,0.0016,0.0001,0.0075,0.009,0.0057,0.0014,0.7998,0.9632,0.6076,0.1471,369.925,823,51,161.7487,0,0,0,0,227.4583,951,8,123.189,40,46.9667,49,45,23.68,23.68,23.68
2022-12-02 10:30:00,3.9323,6.4844,0.8724,1.1657,120,100.062,28.1745,120,64.3022,65.7369,63.0207,0.8994,120,28.4535,28.7786,28.2446,0.1519,120,1007.2578,1007.4648,1007.0803,0.0913,120,173.0063,180.7079,161.0032,5.6703,120,833.104,998.3541,623.9256,115.9649,120,657.747,813.3677,463.7287,107.2622,120,120,0,744.9238,894.8027,555.4369,104.661,120,16.82,17.42,16.31,0.33,120,3.4543,3.4577,3.4513,0.0015,0.5845,0.5878,0.5825,0.0015,0.643,0.6574,0.6302,0.009,-0.0041,-0.0029,-0.005,0.0007,0.0022,0.0023,0.002,0.0001,0.0069,0.0083,0.0052,0.001,0.7449,0.8948,0.5554,0.1047,404.6,682,72,126.71,0,0,0,0,287.2583,571,84,82.8919,40,46.7,49,41,23.68,23.68,23.68
2022-12-02 10:40:00,3.326,6.834,0.5964,1.5013,120,87.8116,35.8252,120,65.0878,66.1031,63.9668,0.418,120,28.6986,28.8488,28.5406,0.0688,120,1007.1061,1007.3,1006.9155,0.068,120,151.1728,173.7394,132.6472,13.342,120,1077.0322,1121.0876,960.9856,41.0906,120,911.24,952.5363,781.4035,47.3917,120,120,0,967.8182,1007.7212,862.4531,36.7791,120,15.83,16.31,15.48,0.24,120,3.4518,3.455,3.4486,0.0011,0.587,0.5885,0.5854,0.0007,0.6509,0.661,0.6397,0.0042,-0.0057,-0.0048,-0.0059,0.0003,0.0019,0.0022,0.0017,0.0002,0.009,0.0093,0.008,0.0003,0.9678,1.0077,0.8625,0.0368,338.7,720,42,163.1834,0,0,0,0,279.3333,1004,100,148.0726,40,46.85,49,41,23.68,23.68,23.68
2022-12-02 10:50:00,3.7898,7.248,1.0104,1.228,120,94.9564,32.5789,120,64.8193,66.1031,63.509,0.8626,120,28.6959,28.8427,28.5711,0.0767,120,1007.0713,1007.3,1006.8972,0.085,120,128.7765,135.2906,118.2291,4.3843,120,1097.2467,1106.0672,1088.1152,3.7953,120,947.3351,959.4199,933.8479,5.1975,120,120,0,986.521,993.9878,978.4234,3.0346,120,15.16,15.4,14.94,0.14,120,3.4512,3.455,3.4483,0.0014,0.587,0.5884,0.5857,0.0008,0.6482,0.661,0.6351,0.0086,-0.0059,-0.0058,-0.006,0,0.0016,0.0017,0.0015,0.0001,0.0091,0.0092,0.0091,0,0.9865,0.994,0.9784,0.003,389.1083,765,87,133.4756,0,0,0,0,279.5417,983,23,112.5261,40,46.8167,47,41,23.68,23.68,23.68
2022-12-02 11:00:00,3.5366,7.5332,1.2588,1.3672,120,107.7512,35.4435,120,64.4752,66.4693,62.4104,1.097,120,29.029,29.267,28.7573,0.1512,120,1006.9842,1007.1352,1006.7324,0.0929,120,127.1104,133.6087,116.7874,4.3285,120,1099.7074,1104.2353,1092.8776,2.2489,120,949.4497,961.3874,941.2246,4.7013,120,120,0,988.258,992.4619,982.3908,1.7576,120,14.86,14.94,14.82,0.04,120,3.4497,3.4523,3.4455,0.0015,0.5903,0.5927,0.5876,0.0015,0.6448,0.6647,0.6241,0.011,-0.0059,-0.0058,-0.006,0,0.0016,0.0017,0.0015,0.0001,0.0092,0.0092,0.0091,0,0.9883,0.9925,0.9824,0.0018,361.5833,796,114,148.6061,0,0,0,0,314.9917,1015,61,117.9869,40,46.8167,47,41,23.68,23.68,23.68
2022-12-02 11:10:00,3.535,6.5488,0.9184,1.1795,120,78.3914,36.8386,120,64.8663,66.4998,63.3869,0.8117,120,28.8391,29.0197,28.6047,0.15,120,1006.747,1006.9521,1006.531,0.0959,120,153.3876,214.8307,130.485,22.734,120,1070.7339,1190.6987,223.8511,171.4913,120,894.5367,958.9285,33.9317,173.3891,120,120,0,961.0279,1072.4204,187.0785,156.4289,120,14.94,15.1,14.83,0.08,120,3.4458,3.4492,3.4422,0.0016,0.5884,0.5902,0.586,0.0015,0.6487,0.665,0.6339,0.0081,-0.0056,-0.0002,-0.006,0.0011,0.0019,0.0027,0.0017,0.0003,0.0089,0.0099,0.0019,0.0014,0.961,1.0724,0.1871,0.1564,361.4083,689,77,128.2085,0,0,0,0,241.7667,980,13,135.3935,40,46.7667,49,41,23.68,23.68,23.68
2022-12-02 11:20:00,3.2672,6.0336,1.176,1.1215,120,75.2117,43.5744,120,64.9457,65.981,64.0278,0.4957,120,28.9419,29.035,28.7817,0.0852,120,1006.6277,1006.7507,1006.3662,0.0986,120,165.8152,173.2583,156.437,3.6654,120,1081.0899,1118.1573,1007.5138,27.8881,120,894.6105,928.9317,822.7119,25.3428,120,120,0,969.4891,1002.2278,904.5686,24.5265,120,15.4,15.71,15.1,0.19,120,3.4438,3.4458,3.4394,0.0016,0.5894,0.5904,0.5878,0.0008,0.6495,0.6598,0.6403,0.005,-0.0056,-0.0051,-0.0058,0.0002,0.0021,0.0022,0.002,0,0.009,0.0093,0.0084,0.0002,0.9695,1.0022,0.9046,0.0245,332.3083,633,105,121.9012,0,0,0,0,243.6333,928,7,155.0231,40.8,46.9833,47,45,23.68,23.68,23.68
2022-12-02 11:30:00,3.5351,6.9628,0.8448,1.2294,120,92.9982,37.8496,120,64.7051,65.3706,64.1804,0.2939,120,28.9074,28.9709,28.7878,0.0434,120,1006.4396,1006.5676,1006.1464,0.1162,120,186.5014,228.5283,172.0575,13.5106,120,1003.5204,1103.1357,314.7107,129.1977,120,803.2214,879.2636,107.2027,134.835,120,120,0,899.9858,1000.3967,282.9066,121.4793,120,16.21,16.76,15.71,0.28,120,3.4407,3.4428,3.4358,0.0019,0.5891,0.5897,0.5879,0.0004,0.6471,0.6537,0.6418,0.0029,-0.005,-0.0007,-0.0055,0.0008,0.0024,0.0029,0.0022,0.0002,0.0084,0.0092,0.0026,0.0011,0.9,1.0004,0.2829,0.1215,361.425,734,69,133.6275,0,0,0,0,264.2417,538,2,108.2741,41,46.6333,49,39,23.68,23.68,23.68
2022-12-02 11:40:00,3.5859,6.926,0.8632,1.4218,120,84.8509,36.5538,120,65.1718,66.744,63.9363,0.938,120,29.0237,29.2517,28.7817,0.1489,120,1006.2439,1006.3662,1005.9999,0.0961,120,171.6346,177.8244,167.2512,2.4986,120,1031.2941,1067.2317,984.066,19.3485,120,852.1513,887.6233,805.0081,18.8843,120,120,0,927.928,961.0279,883.816,17.6747,120,17.32,17.98,16.76,0.36,120,3.4374,3.4394,3.4333,0.0016,0.5902,0.5925,0.5878,0.0015,0.6517,0.6674,0.6394,0.0094,-0.0053,-0.005,-0.0055,0.0001,0.0022,0.0023,0.0021,0,0.0086,0.0089,0.0082,0.0002,0.9279,0.961,0.8838,0.0177,366.9417,730,71,154.5487,0,0,0,0,251.3417,797,36,114.854,41,46.85,49,41,23.68,23.68,23.68
2022-12-02 11:50:00,3.4315,6.9076,1.038,1.173,120,81.5537,40.4384,120,65.4757,66.7745,64.272,0.7215,120,28.9809,29.1235,28.7451,0.1402,120,1006.1655,1006.2014,1005.9816,0.04,120,179.3783,187.1961,171.0961,3.7926,120,1030.421,1062.1032,967.946,23.38,120,849.5409,883.1969,793.2066,22.6898,120,120,0,925.4,954.0086,870.0827,20.5842,120,18.68,19.41,17.98,0.43,120,3.4361,3.4367,3.433,0.0007,0.5898,0.5912,0.5875,0.0014,0.6548,0.6677,0.6427,0.0072,-0.0053,-0.0049,-0.0055,0.0001,0.0023,0.0024,0.0022,0,0.0086,0.0088,0.0081,0.0002,0.9254,0.954,0.8701,0.0206,350.1667,728,90,127.4987,0,0,0,0,257.7667,1010,15,154.1336,41,46.95,47,43,23.68,23.68,23.68
2022-12-02 12:00:00,3.2338,6.6408,0.7252,1.3464,120,85.4199,41.194,120,64.3913,65.2181,63.4785,0.455,120,29.1458,29.2242,29.0503,0.0519,120,1006.0781,1006.2014,1005.9816,0.0905,120,170.0245,191.2811,156.1969,8.7784,120,1070.0591,1093.611,980.7683,20.8821,120,905.8881,936.7999,760.7493,28.3348,120,120,0,961.1499,982.0856,842.0057,20.4327,120,20.23,21,19.41,0.48,120,3.4346,3.4367,3.433,0.0015,0.5915,0.5922,0.5905,0.0005,0.6439,0.6522,0.6348,0.0045,-0.0056,-0.0047,-0.0058,0.0002,0.0022,0.0024,0.002,0.0001,0.0089,0.0091,0.0082,0.0002,0.9611,0.9821,0.842,0.0204,328.675,699,56,146.3471,0,0,0,0,264.9083,957,72,137.7587,41,46.85,49,43,23.68,23.68,23.68
2022-12-02 12:10:00,3.3898,7.4044,0.5596,1.4706,120,81.9812,46.9909,120,65.4314,66.3167,64.3941,0.4337,120,29.1472,29.2212,29.0533,0.0529,120,1005.9268,1006.1831,1005.7802,0.097,120,208.8996,278.752,177.1031,28.3758,120,910.7895,1132.8115,213.9592,301.8745,120,714.9221,930.4061,15.7364,318.9204,120,120,0,817.4332,1029.6945,174.8711,276.3131,120,21.94,22.92,21,0.52,120,3.4321,3.4364,3.4297,0.0016,0.5915,0.5922,0.5905,0.0005,0.6543,0.6632,0.6439,0.0043,-0.0044,-0.0001,-0.0058,0.002,0.0027,0.0035,0.0022,0.0004,0.0076,0.0094,0.0018,0.0025,0.8174,1.0297,0.1749,0.2763,345.625,782,38,159.8461,0,0,0,0,282.425,1017,63,183.5176,41,46.95,49,45,23.68,23.68,23.68
2022-12-02 12:20:00,3.4827,6.9352,0.762,1.1385,120,105.017,35.0041,120,65.6723,66.7745,64.4246,0.6867,120,28.9914,29.1632,28.8641,0.0874,120,1005.7212,1005.9999,1005.5971,0.1062,120,153.4557,212.4283,132.4071,18.464,120,1056.0393,1109.3637,808.9424,30.6407,120,932.3078,944.6681,650.1047,27.0747,120,120,0,950.1709,994.9034,737.022,26.5035,120,23.77,24.76,22.92,0.55,120,3.4287,3.4333,3.4266,0.0018,0.5899,0.5916,0.5886,0.0009,0.6567,0.6677,0.6442,0.0069,-0.0058,-0.004,-0.0059,0.0002,0.0019,0.0027,0.0017,0.0002,0.0088,0.0092,0.0067,0.0003,0.9502,0.9949,0.737,0.0265,355.725,731,60,123.7541,0,0,0,0,306.1167,709,93,104.1551,41,46.9167,47,41,23.68,23.68,23.63
2022-12-02 12:30:00,3.1957,5.9232,0.5872,1.4265,120,83.1972,46.2122,120,65.5983,66.7135,64.3941,0.6571,120,28.9033,29.0655,28.7695,0.0869,120,1005.5652,1005.7802,1005.414,0.0863,120,171.16,247.7528,127.6008,37.9737,120,894.5898,1128.4154,246.1993,282.3499,120,761.1637,940.2417,26.5549,321.1765,120,120,0,798.9313,1013.5197,207.2207,258.9938,120,25.7,26.68,24.76,0.58,120,3.4261,3.4297,3.4236,0.0014,0.589,0.5907,0.5877,0.0009,0.656,0.6671,0.6439,0.0066,-0.0047,-0.0002,-0.0058,0.002,0.0022,0.0031,0.0016,0.0005,0.0075,0.0094,0.0021,0.0024,0.7989,1.0135,0.2072,0.259,324.5333,621,41,155.0525,0,0,0,0,274.7417,994,3,172.6479,41,46.9,49,41,23.68,23.68,23.68
2022-12-02 12:40:00,3.1311,5.6104,1.084,1.0289,120,93.6303,48.3307,120,65.9446,66.805,65.3401,0.3508,120,29.0217,29.2486,28.8366,0.1226,120,1005.374,1005.6154,1005.2309,0.1101,120,128.2798,158.6,116.5472,12.2452,120,1000.8764,1066.1333,975.6399,17.5933,120,932.2259,954.9936,919.5875,5.668,120,120,0,897.351,957.0605,875.2708,15.8662,120,27.7,28.66,26.68,0.59,120,3.4229,3.4269,3.4205,0.0018,0.5902,0.5925,0.5884,0.0012,0.6594,0.6681,0.6534,0.0035,-0.0058,-0.0057,-0.0059,0,0.0016,0.002,0.0015,0.0002,0.0083,0.0089,0.0081,0.0001,0.8974,0.9571,0.8753,0.0159,317.5083,587,95,111.8345,0,0,0,0,295.4917,969,16,162.6179,41,46.8833,49,41,23.68,23.68,23.68
2022-12-02 12:50:00,2.9043,5.9876,0.67,1.2491,120,90.5977,46.0409,120,65.3887,66.5304,63.9058,0.7209,120,29.3869,29.5691,29.2578,0.1124,120,1005.2123,1005.4323,1005.0478,0.0839,120,125.0438,157.1583,112.2213,12.0753,120,963.4885,1000.1861,657.9976,35.3871,120,913.6579,938.7657,527.164,44.2153,120,120,0,865.2862,913.1138,556.9628,32.6003,120,29.76,30.69,28.66,0.61,120,3.4202,3.4239,3.4175,0.0014,0.5939,0.5957,0.5926,0.0011,0.6539,0.6653,0.6391,0.0072,-0.0057,-0.0033,-0.0058,0.0003,0.0016,0.002,0.0014,0.0002,0.008,0.0083,0.0055,0.0003,0.8653,0.9131,0.557,0.0326,292.8583,628,50,135.7723,0,0,0,0,296.35,973,4,173.1157,41,46.95,49,41,23.68,23.68,23.68
2022-12-02 13:00:00,2.6261,5.3252,0.6976,1.0661,120,83.4095,48.1607,120,64.0006,65.0655,63.3564,0.4327,120,29.5322,29.6881,29.3249,0.0967,120,1005.1096,1005.2675,1004.883,0.0877,120,136.8327,159.0811,121.5937,10.2186,120,869.5242,998.3541,148.0132,245.3869,120,815.6095,939.7502,17.7038,273.8728,120,120,0,776.4417,893.582,118.4118,227.5094,120,31.87,33,30.92,0.62,120,3.4185,3.4211,3.4147,0.0015,0.5953,0.5969,0.5933,0.001,0.64,0.6507,0.6336,0.0043,-0.0051,-0.0001,-0.0058,0.0017,0.0017,0.002,0.0015,0.0001,0.0072,0.0083,0.0012,0.002,0.7764,0.8936,0.1184,0.2275,262.625,556,53,115.8834,0,0,0,0,277.5417,992,24,176.4303,41,46.7333,49,39,23.68,23.68,23.68
2022-12-02 13:10:00,2.9265,6.3372,0.7344,1.1785,120,88.8302,43.4441,120,65.1639,65.92,63.5701,0.577,120,29.2728,29.331,29.1937,0.0366,120,1004.9934,1005.0844,1004.8647,0.0849,120,160.5546,230.2102,136.252,26.1616,120,850.705,1014.4754,158.6375,263.0985,120,783.4486,918.1131,14.7535,298.7387,120,120,0,757.4389,913.419,127.5674,241.7244,120,34.02,35.11,33,0.63,120,3.4166,3.4181,3.4144,0.0014,0.5927,0.5933,0.5919,0.0004,0.6516,0.6592,0.6357,0.0058,-0.0049,-0.0001,-0.0057,0.0019,0.002,0.0029,0.0017,0.0003,0.0071,0.0085,0.0013,0.0022,0.7574,0.9134,0.1276,0.2417,295.275,666,57,128.0976,0,0,0,0,272.0583,898,28,141.2928,41,46.95,49,41,23.68,23.68,23.68
2022-12-02 13:20:00,3.5366,5.8588,0.7712,1.1646,120,79.7194,29.7652,120,65.4645,66.5304,64.6077,0.3965,120,28.8432,29.2425,28.4185,0.2258,120,1004.9663,1005.0661,1004.8647,0.09,120,214.707,264.0929,151.8717,26.066,120,534.425,1025.8319,159.0036,338.8302,120,375.3999,908.2775,14.2604,381.6406,120,120,0,470.8853,920.4383,127.8726,309.3365,120,36.19,37.25,35.11,0.64,120,3.4161,3.4178,3.4144,0.0015,0.5884,0.5924,0.5842,0.0023,0.6546,0.6653,0.6461,0.004,-0.0023,-0.0001,-0.0056,0.0024,0.0027,0.0034,0.0019,0.0003,0.0045,0.0085,0.0013,0.0028,0.4709,0.9204,0.1279,0.3093,361.5833,614,61,126.5874,0,0,0,0,241.65,989,57,115.9822,41,46.9333,49,41,23.68,23.68,23.68
2022-12-02 13:30:00,2.8136,5.2148,0.4032,1.1692,120,83.5071,43.6598,120,66.8162,67.629,65.7369,0.4676,120,28.6887,29.1449,28.3727,0.2544,120,1004.9648,1005.0844,1004.8463,0.0924,120,193.2298,245.3496,159.3213,21.5175,120,809.5343,974.9076,209.9292,190.2259,120,745.1488,903.3597,18.6868,234.9134,120,120,0,721.4525,885.342,173.3451,171.467,120,38.4,39.41,37.25,0.65,120,3.4161,3.4181,3.4141,0.0015,0.5869,0.5915,0.5837,0.0025,0.6682,0.6763,0.6574,0.0047,-0.0046,-0.0001,-0.0056,0.0015,0.0025,0.0031,0.002,0.0003,0.0067,0.0081,0.0017,0.0016,0.7215,0.8853,0.1733,0.1715,283,544,21,127.0905,0,0,0,0,273.0167,996,46,163.7909,41,46.9167,49,45,23.68,23.68,23.68
2022-12-02 13:40:00,2.3566,5.4448,0.6424,1.1732,120,90.4918,49.7245,120,64.5746,66.1641,62.4409,1.155,120,29.5647,29.8834,29.1449,0.2334,120,1004.8764,1005.0661,1004.6815,0.0562,120,183.9481,210.2654,162.685,12.0469,120,771.2579,932.042,248.3974,143.5449,120,730.2813,885.6558,79.6648,175.3458,120,120,0,684.6014,831.6294,211.1881,129.2524,120,40.63,41.83,39.41,0.65,120,3.4146,3.4178,3.4114,0.0009,0.5957,0.5988,0.5915,0.0023,0.6457,0.6616,0.6244,0.0115,-0.0045,-0.0005,-0.0055,0.0011,0.0023,0.0027,0.0021,0.0002,0.0064,0.0078,0.0021,0.0012,0.6846,0.8316,0.2112,0.1293,233.325,569,47,127.5266,0,0,0,0,297.0583,1018,3,176.5918,41,46.95,49,41,23.68,23.68,23.68
2022-12-02 13:50:00,2.7586,5.8772,0.578,1.2403,120,94.698,40.6512,120,63.2852,64.5466,61.8305,0.7169,120,29.4871,29.6912,29.1266,0.1323,120,1004.7723,1004.9013,1004.6632,0.0942,120,204.3659,267.2173,160.763,34.8397,120,649.4892,875.6206,169.2629,219.9766,120,575.5743,798.6159,15.7364,255.3996,120,120,0,576.8761,782.1894,137.3333,200.8989,120,42.87,44.02,41.83,0.66,120,3.4129,3.415,3.4111,0.0016,0.5949,0.5969,0.5913,0.0013,0.6329,0.6455,0.6183,0.0072,-0.0036,-0.0001,-0.005,0.0016,0.0026,0.0034,0.002,0.0004,0.0054,0.0073,0.0014,0.0018,0.5769,0.7822,0.1373,0.2009,277.025,616,40,134.8193,0,0,0,0,295.5167,970,91,145.2926,41,46.9333,49,41,23.68,23.68,23.68
2022-12-02 14:00:00,3.3576,5.8588,0.9,1.0602,120,108.0109,37.1327,120,64.7369,65.8284,63.5395,0.5529,120,28.9592,29.1021,28.7878,0.0591,120,1004.6814,1004.8647,1004.4801,0.0652,120,167.9699,176.863,154.0346,5.8776,120,719.0107,783.6627,522.8079,81.0215,120,741.1943,855.1676,476.0216,112.0756,120,120,0,634.4925,689.1079,460.2191,71.9673,120,45.13,46.23,44.02,0.66,120,3.4114,3.4144,3.408,0.0011,0.5896,0.591,0.5879,0.0006,0.6474,0.6583,0.6354,0.0055,-0.0046,-0.003,-0.0053,0.0007,0.0021,0.0022,0.002,0.0001,0.006,0.0065,0.0044,0.0007,0.6345,0.6891,0.4602,0.072,342.1333,614,75,115.2387,0,0,0,0,314.7833,734,102,109.5509,41,46.9167,49,41,23.68,23.68,23.68
2022-12-02 14:10:00,2.8204,5.638,0.3204,1.2801,120,110.7081,40.2032,120,64.8437,65.9505,63.9363,0.6492,120,28.9771,29.1845,28.7786,0.1056,120,1004.6187,1004.7182,1004.4801,0.0944,120,158.5501,187.9173,136.9732,15.6574,120,687.3504,801.9808,201.8691,172.5979,120,739.3093,862.5443,39.8324,251.0095,120,120,0,601.4766,703.1465,169.0725,152.5668,120,47.4,48.45,46.23,0.66,120,3.4103,3.412,3.408,0.0016,0.5898,0.5918,0.5878,0.0011,0.6484,0.6595,0.6394,0.0065,-0.0046,-0.0002,-0.0054,0.0016,0.002,0.0024,0.0017,0.0002,0.0057,0.0067,0.0017,0.0014,0.6015,0.7031,0.1691,0.1526,283.7417,590,12,139.1367,0,0,0,0,321.3167,660,14,117.0774,41,47,49,45,23.68,23.68,23.68
2022-12-02 14:20:00,2.7533,4.7732,0.578,0.9622,120,94.979,41.7206,120,63.2321,64.8824,61.8915,0.8477,120,29.5056,29.6332,29.1876,0.103,120,1004.575,1004.7182,1004.4801,0.0941,120,165.7291,189.8394,139.1354,14.2598,120,669.1052,767.5426,144.7155,187.8527,120,733.3835,857.135,15.2449,262.853,120,120,0,580.1111,671.4072,115.0548,167.8455,120,49.68,50.93,48.45,0.66,120,3.4096,3.412,3.408,0.0016,0.5951,0.5963,0.5919,0.001,0.6323,0.6488,0.6189,0.0085,-0.0046,-0.0001,-0.0053,0.0016,0.0021,0.0024,0.0018,0.0002,0.0056,0.0064,0.0012,0.0016,0.5801,0.6714,0.1151,0.1678,276.4417,496,40,104.5901,0,0,0,0,285.8583,1008,30,136.1854,41,46.7333,47,41,23.68,23.68,23.68
2022-12-02 14:30:00,3.2147,6.006,0.5412,1.2403,120,130.8435,40.207,120,62.3285,62.9292,61.2812,0.3982,120,29.3422,29.4928,29.0869,0.0884,120,1004.6329,1004.883,1004.4801,0.0965,120,177.1255,196.5677,140.337,13.7795,120,559.335,738.2329,145.0816,226.9906,120,590.0361,862.0512,14.7535,343.1092,120,120,0,483.0368,635.7006,115.0548,198.5394,120,51.97,53.16,50.93,0.67,120,3.4105,3.4147,3.408,0.0016,0.5934,0.5949,0.5909,0.0009,0.6233,0.6293,0.6128,0.004,-0.0037,-0.0001,-0.0053,0.0021,0.0022,0.0025,0.0018,0.0002,0.0047,0.0061,0.0012,0.0019,0.483,0.6357,0.1151,0.1985,326.6,630,36,134.8107,0,0,0,0,377.7583,843,78,120.7067,41,46.7833,49,41,23.68,23.68,23.68
2022-12-02 14:40:00,3.385,6.0888,0.9276,1.0356,120,96.2382,28.5466,120,62.7781,63.8447,61.9831,0.4656,120,28.9622,29.0808,28.916,0.0335,120,1004.5312,1004.6999,1004.3153,0.0724,120,205.9779,236.2181,186.2346,13.9423,120,657.9126,731.2713,246.1993,124.8862,120,730.5518,840.9072,23.1131,211.2758,120,120,0,564.7221,632.6487,206.9155,110.3164,120,54.26,55.4,53.16,0.67,120,3.4089,3.4117,3.4053,0.0012,0.5896,0.5908,0.5892,0.0003,0.6278,0.6384,0.6198,0.0047,-0.0045,-0.0001,-0.0052,0.0013,0.0026,0.003,0.0024,0.0002,0.0055,0.0061,0.0021,0.001,0.5647,0.6326,0.2069,0.1103,345.1083,639,78,112.5618,0,0,0,0,274.8667,560,76,82.8969,41,46.9333,47,41,23.68,23.68,23.68
2022-12-02 14:50:00,2.8645,6.5212,0.6884,1.3644,120,127.3846,46.1545,120,63.4465,64.9739,62.3798,0.9787,120,29.3196,29.5294,28.9679,0.1696,120,1004.5595,1004.7182,1004.3153,0.0922,120,236.2081,252.5591,218.4354,8.5249,120,491.2485,726.509,223.485,206.8648,120,441.9922,819.2685,14.2604,347.3253,120,120,0,421.1249,623.4932,192.877,177.7443,120,56.56,57.65,55.4,0.67,120,3.4093,3.412,3.4053,0.0015,0.5932,0.5953,0.5897,0.0017,0.6345,0.6497,0.6238,0.0098,-0.0027,-0.0001,-0.0051,0.0022,0.003,0.0032,0.0028,0.0001,0.0041,0.0061,0.0019,0.0017,0.4211,0.6235,0.1929,0.1777,288.5333,686,52,148.3011,0,0,0,0,370.1083,930,19,142.326,41,46.85,49,41,23.68,23.68,23.68
2022-12-02 15:00:00,2.7449,5.6564,0.5504,0.9832,120,123.484,40.3854,120,64.2438,65.4012,62.5324,0.7864,120,29.1776,29.4745,28.9099,0.1986,120,1004.5393,1004.6999,1004.3153,0.0849,120,221.9361,250.6362,203.0559,14.4989,120,532.4924,671.1873,231.545,146.7469,120,572.9597,775.5027,18.1953,269.7121,120,120,0,452.6989,576.1895,200.8118,123.6781,120,58.87,59.9,57.65,0.67,120,3.409,3.4117,3.4053,0.0014,0.5918,0.5947,0.5891,0.002,0.6424,0.654,0.6253,0.0079,-0.0036,-0.0001,-0.0048,0.0017,0.0028,0.0032,0.0026,0.0002,0.0044,0.0056,0.0019,0.0012,0.4527,0.5762,0.2008,0.1237,275.5333,592,37,106.8726,0,0,0,0,358.3917,968,79,123.6797,41,46.8667,49,41,23.68,23.68,23.68
2022-12-02 15:10:00,2.5423,5.132,0.4768,0.9331,120,112.3066,42.7687,120,64.6064,65.5843,62.6545,0.6938,120,29.2787,29.4379,29.1693,0.074,120,1004.5358,1004.6999,1004.4801,0.071,120,201.4823,226.3654,184.0724,11.6819,120,420.7439,547.3553,206.6315,102.1004,120,433.8372,652.0706,23.1131,199.0193,120,120,0,352.0234,457.1673,174.2607,84.5799,120,61.18,62.41,60.15,0.67,120,3.4089,3.4117,3.408,0.0012,0.5928,0.5944,0.5917,0.0007,0.6461,0.6558,0.6265,0.0069,-0.0027,-0.0001,-0.004,0.0012,0.0026,0.0029,0.0023,0.0001,0.0035,0.0046,0.0017,0.0008,0.352,0.4572,0.1743,0.0846,253.5083,535,29,101.4247,0,0,0,0,344.9167,967,106,151.196,41,46.8667,47,41,23.68,23.68,23.68
2022-12-02 15:20:00,3.0542,5.6656,0.9092,1.1169,120,123.6852,35.538,120,64.3913,65.0655,63.8447,0.3571,120,29.114,29.4409,28.6901,0.2244,120,1004.6356,1004.883,1004.4801,0.1078,120,180.4497,218.1953,152.5929,21.2044,120,326.5902,501.9256,159.0036,137.1316,120,312.5778,614.6971,15.2449,247.0436,120,120,0,272.3014,421.7658,133.3659,114.2573,120,63.5,64.66,62.41,0.68,120,3.4106,3.4147,3.408,0.0018,0.5911,0.5944,0.5869,0.0022,0.6439,0.6507,0.6384,0.0036,-0.0019,-0.0001,-0.0038,0.0015,0.0023,0.0028,0.0019,0.0003,0.0027,0.0042,0.0013,0.0011,0.2723,0.4218,0.1334,0.1143,309.15,593,76,121.4022,0,0,0,0,354.6083,949,64,111.0334,41,46.8833,49,41,23.68,23.73,23.63
2022-12-02 15:30:00,3.1903,4.9756,1.2128,0.993,120,122.6439,37.8939,120,66.0278,66.7135,65.1265,0.5145,120,28.5698,28.6932,28.4796,0.0539,120,1004.5996,1004.6999,1004.4801,0.0946,120,173.6851,189.3591,157.6386,8.5001,120,402.3308,490.5678,175.491,102.2666,120,531.4062,726.8192,30.9813,242.1445,120,120,0,326.1233,392.468,151.3718,78.2697,120,65.81,66.92,64.66,0.68,120,3.41,3.4117,3.408,0.0016,0.5857,0.5869,0.5848,0.0005,0.6603,0.6671,0.6513,0.0051,-0.0033,-0.0002,-0.0045,0.0015,0.0022,0.0024,0.002,0.0001,0.0034,0.0041,0.0015,0.0009,0.3261,0.3925,0.1514,0.0783,323.9417,518,109,107.9372,0,0,0,0,353.5333,957,71,117.938,41,46.7167,47,41,23.68,23.68,23.68
2022-12-02 15:40:00,3.2687,5.5092,1.084,0.878,120,143.2121,32.0928,120,65.1262,66.1641,63.9668,0.7699,120,28.6523,28.7695,28.5498,0.0782,120,1004.6794,1004.883,1004.4984,0.0719,120,142.7061,164.6079,119.1906,14.9223,120,340.3077,445.8703,131.8932,109.3261,120,503.5071,699.7712,28.5224,246.2458,120,120,0,268.4383,354.6251,109.5615,83.8464,120,68.13,69.18,66.92,0.67,120,3.4113,3.4147,3.4083,0.0012,0.5865,0.5877,0.5855,0.0008,0.6513,0.6616,0.6397,0.0077,-0.0031,-0.0002,-0.0043,0.0015,0.0018,0.0021,0.0015,0.0002,0.0028,0.0037,0.0011,0.0009,0.2684,0.3546,0.1096,0.0838,332.4667,576,95,95.4393,0,0,0,0,407.875,670,210,91.8315,41,46.8667,47,41,23.68,23.68,23.68
2022-12-02 15:50:00,2.4676,5.3988,0.486,0.9985,120,122.6912,37.3252,120,64.8002,65.5232,64.2109,0.3414,120,28.5227,28.6627,28.4094,0.0686,120,1004.7642,1004.883,1004.6815,0.088,120,105.9957,118.2291,100.2063,3.2495,120,207.0716,296.0264,109.5438,54.8073,120,293.9115,480.9394,24.5875,153.6675,120,120,0,157.9104,223.0903,89.4192,37.5998,120,70.45,71.69,69.18,0.67,120,3.4127,3.4147,3.4114,0.0015,0.5852,0.5866,0.5841,0.0007,0.648,0.6552,0.6421,0.0034,-0.0018,-0.0002,-0.003,0.001,0.0013,0.0015,0.0013,0,0.0017,0.0025,0.0009,0.0005,0.1579,0.2231,0.0894,0.0376,245.3917,564,30,108.5291,0,0,0,0,350.6083,626,90,106.207,41,46.8667,47,41,23.68,23.68,23.68
2022-12-02 16:00:00,3.0032,5.8864,1.13,1.0597,120,112.3538,40.2221,120,65.642,66.5609,65.0044,0.3743,120,28.4181,28.5162,28.2537,0.0845,120,1004.7641,1004.883,1004.6815,0.0911,120,108.1204,123.7559,85.0677,9.898,120,217.0979,256.4586,126.7635,32.2996,120,353.7257,459.3023,42.2913,93.4971,120,120,0,160.8605,187.6888,103.1526,22.3747,120,72.76,73.95,71.69,0.68,120,3.4127,3.4147,3.4114,0.0015,0.5842,0.5852,0.5825,0.0008,0.6564,0.6656,0.65,0.0037,-0.0022,-0.0003,-0.0029,0.0006,0.0014,0.0016,0.0011,0.0001,0.0018,0.0021,0.0011,0.0003,0.1609,0.1877,0.1032,0.0224,303.6083,617,100,115.1809,0,0,0,0,331.625,1005,93,127.9494,41,46.9167,47,43,23.68,23.68,23.68
2022-12-02 16:10:00,2.8655,5.3436,1.2864,0.9783,120,113.7437,28.5839,120,65.4754,66.4388,64.7603,0.447,120,28.3262,28.4277,28.1927,0.0608,120,1004.8399,1005.0478,1004.6632,0.0697,120,76.5285,84.8268,72.0913,2.45,120,166.4719,187.2149,76.5714,32.4838,120,333.1949,402.2575,24.5875,114.3003,120,120,0,114.2079,130.314,61.037,19.3586,120,75.08,76.21,73.95,0.68,120,3.414,3.4175,3.4111,0.0012,0.5833,0.5843,0.5819,0.0006,0.6548,0.6644,0.6476,0.0045,-0.0021,-0.0002,-0.0025,0.0007,0.001,0.0011,0.0009,0,0.0014,0.0016,0.0006,0.0003,0.1142,0.1303,0.061,0.0194,288.6417,558,117,106.3375,0,0,0,0,322.8667,533,61,82.3453,41,46.7167,49,41,23.68,23.68,23.68
2022-12-02 16:20:00,2.6416,4.1568,0.5688,0.8281,120,118.0473,36.3876,120,65.315,65.6758,64.6077,0.2923,120,28.1898,28.2904,28.031,0.0739,120,1004.8704,1005.0661,1004.8463,0.0319,120,67.1146,75.4551,56.952,5.0079,120,114.6032,170.3613,59.3517,33.9542,120,213.8205,442.583,21.1457,139.6752,120,120,0,78.5953,111.6977,47.9141,17.8845,120,77.39,78.47,76.21,0.68,120,3.4145,3.4178,3.4141,0.0005,0.5819,0.5829,0.5803,0.0007,0.6531,0.6568,0.6461,0.0029,-0.0013,-0.0001,-0.0027,0.0009,0.0009,0.001,0.0007,0.0001,0.001,0.0014,0.0005,0.0003,0.0786,0.1117,0.0479,0.0179,264.3083,429,39,90.0101,0,0,0,0,337.1583,670,2,105.7139,41,46.9667,49,41,23.68,23.68,23.63
2022-12-02 16:30:00,2.1987,4.2028,0.7804,0.7737,120,128.6493,37.0718,120,66.6084,67.5069,65.6453,0.552,120,27.8783,28.031,27.8143,0.0604,120,1004.9068,1005.0661,1004.6632,0.0876,120,48.8936,57.4323,40.1307,4.9276,120,56.5949,76.9376,45.7959,7.2798,120,54.0851,193.7528,16.7193,49.5516,120,120,0,42.3521,48.2192,34.4859,3.7198,120,79.71,80.97,78.47,0.67,120,3.4151,3.4178,3.4111,0.0015,0.5788,0.5803,0.5781,0.0006,0.6661,0.6751,0.6565,0.0055,-0.0003,-0.0001,-0.0012,0.0003,0.0006,0.0007,0.0005,0.0001,0.0005,0.0006,0.0004,0.0001,0.0424,0.0482,0.0345,0.0037,216.1667,434,62,84.1006,0,0,0,0,366.425,628,125,105.2262,41,46.9,47,41,23.68,23.68,23.68
2022-12-02 16:40:00,1.7116,3.568,0.6608,0.6589,120,100.8466,39.7891,120,67.6135,67.9342,67.2628,0.1536,120,27.8753,27.9028,27.8295,0.0165,120,1004.9522,1005.0661,1004.8463,0.0926,120,36.5201,42.2937,27.6346,4.798,120,47.7592,75.8379,29.3097,15.8369,120,80.5295,219.3248,19.6697,72.3036,120,120,0,33.9493,43.6415,23.4992,6.4403,120,82.02,83.22,80.97,0.67,120,3.4159,3.4178,3.4141,0.0015,0.5787,0.579,0.5783,0.0002,0.6761,0.6793,0.6726,0.0015,-0.0005,-0.0001,-0.0014,0.0004,0.0005,0.0005,0.0004,0.0001,0.0004,0.0006,0.0002,0.0001,0.0339,0.0436,0.0235,0.0064,163.2167,365,49,71.6215,0,0,0,0,307.9917,982,74,140.246,41,46.8833,47,43,23.68,23.68,23.63
2022-12-02 16:50:00,1.8625,3.6784,0.716,0.6862,120,122.9216,36.5737,120,68.2391,68.7887,67.5985,0.4285,120,27.6981,27.8326,27.6067,0.0648,120,1004.9622,1005.0661,1004.8463,0.0909,120,29.1388,34.1228,24.511,2.8827,120,39.3877,54.2221,26.012,10.2683,120,110.5637,205.5543,14.7535,73.7984,120,120,0,24.7505,29.2978,21.363,2.4554,120,84.33,85.47,83.22,0.68,120,3.416,3.4178,3.4141,0.0015,0.577,0.5783,0.5761,0.0006,0.6824,0.6879,0.676,0.0043,-0.0007,-0.0001,-0.0013,0.0005,0.0004,0.0004,0.0003,0,0.0003,0.0005,0.0002,0.0001,0.0248,0.0293,0.0214,0.0025,179.6167,377,55,74.5849,0,0,0,0,357.6417,967,165,114.0765,41,46.8167,49,41,23.68,23.68,23.68
2022-12-02 17:00:00,1.8971,3.8072,0.5964,0.7916,120,108.5942,40.0467,120,68.396,68.6972,67.9647,0.2143,120,27.7693,27.8051,27.6159,0.0466,120,1005.128,1005.2492,1005.0295,0.0918,120,20.0954,24.511,15.3795,3.1439,120,23.0629,32.6062,16.4862,3.7644,120,49.0324,101.7934,20.1627,21.3773,120,120,0,18.1204,21.9733,13.7333,2.5959,120,86.63,87.72,85.47,0.67,120,3.4188,3.4208,3.4172,0.0015,0.5777,0.578,0.5762,0.0005,0.684,0.687,0.6796,0.0021,-0.0003,-0.0001,-0.0006,0.0001,0.0003,0.0003,0.0002,0,0.0002,0.0003,0.0001,0,0.0181,0.022,0.0137,0.0026,183.375,391,42,86.0391,0,0,0,0,319.9167,1007,83,128.0651,41,46.9333,49,41,23.68,23.68,23.68
2022-12-02 17:10:00,1.3924,2.97,0.2928,0.565,120,122.4658,43.5736,120,68.6318,68.8803,68.0258,0.2285,120,27.5347,27.6067,27.4786,0.0305,120,1005.2289,1005.414,1005.0295,0.0349,120,13.7734,17.5425,7.4496,3.1775,120,14.2303,18.3181,7.6939,3.6495,120,18.0762,26.5549,13.7689,4.4827,120,120,0,12.4337,15.2592,7.3244,2.5245,120,88.93,89.96,87.72,0.67,120,3.4205,3.4236,3.4172,0.0006,0.5754,0.5761,0.5748,0.0003,0.6863,0.6888,0.6803,0.0023,-0.0001,-0.0001,-0.0002,0,0.0002,0.0002,0.0001,0,0.0001,0.0002,0.0001,0,0.0124,0.0153,0.0073,0.0025,128.525,300,9,61.4122,0,0,0,0,370.725,1022,123,145.8489,41,46.9,47,43,23.68,23.68,23.68
2022-12-02 17:20:00,1.9955,3.89,0.6332,0.7,120,105.5967,33.8605,120,68.925,69.1244,68.6972,0.1203,120,27.4296,27.5518,27.3046,0.0765,120,1005.3081,1005.4323,1005.2126,0.0923,120,3.0639,7.4496,0.4803,2.1555,120,2.9675,7.6939,0.3661,2.1826,120,13.7607,14.2604,13.2775,0.191,120,120,0,3.7792,7.6296,1.5259,1.8131,120,None,None,None,None,0,3.4218,3.4239,3.4202,0.0015,0.5743,0.5755,0.573,0.0008,0.6893,0.6912,0.687,0.0012,-0.0001,-0.0001,-0.0001,0,0,0.0001,0,0,0,0.0001,0,0,0.0038,0.0076,0.0015,0.0018,194.075,400,46,76.083,0,0,0,0,313.6583,947,6,120.4542,41,46.9333,47,41,23.68,23.68,23.68
2022-12-02 17:30:00,2.3793,4.0924,0.5688,0.7919,120,109.225,37.9261,120,69.527,69.8874,69.0939,0.2416,120,27.2343,27.3046,27.2008,0.0289,120,1005.4041,1005.6154,1005.2126,0.0969,120,0.056,0.4803,0,0.1418,120,0.0275,0.3661,0,0.0968,120,13.7607,14.2604,13.2775,0.1272,120,120,0,0.323,1.5259,0,0.4899,120,None,None,None,None,0,3.4234,3.4269,3.4202,0.0016,0.5723,0.573,0.572,0.0003,0.6953,0.6989,0.6909,0.0024,-0.0001,-0.0001,-0.0001,0,0,0,0,0,0,0,0,0,0.0003,0.0015,0,0.0005,235.7917,422,39,86.0789,0,0,0,0,322.8167,939,71,120.2088,41,46.55,47,41,23.68,23.68,23.63
2022-12-02 17:40:00,2.5283,4.8468,1.1852,0.859,120,104.1191,30.1869,120,69.8581,70.04,69.6127,0.1391,120,27.1866,27.2466,27.149,0.0266,120,1005.4689,1005.6154,1005.3957,0.0887,120,0,0,0,0,120,0,0,0,0,120,13.7566,14.2604,13.2775,0.1853,120,120,0,0,0,0,0,120,None,None,None,None,0,3.4245,3.4269,3.4233,0.0015,0.5719,0.5725,0.5715,0.0003,0.6986,0.7004,0.6961,0.0014,-0.0001,-0.0001,-0.0001,0,0,0,0,0,0,0,0,0,0,0,0,0,251.9917,504,106,93.366,0,0,0,0,315.0667,1020,183,120.1682,40.4,46.8833,49,41,23.68,23.68,23.63
2022-12-02 17:50:00,2.1179,4.3224,0.7712,0.7288,120,116.1441,36.1032,120,70.2096,70.3757,69.9484,0.111,120,27.1428,27.1673,27.1184,0.0102,120,1005.4695,1005.5971,1005.3957,0.0867,120,0,0,0,0,120,0,0,0,0,120,13.8017,14.2604,13.2775,0.1653,120,120,0,0,0,0,0,120,None,None,None,None,0,3.4245,3.4266,3.4233,0.0014,0.5714,0.5717,0.5712,0.0001,0.7021,0.7038,0.6995,0.0011,-0.0001,-0.0001,-0.0001,0,0,0,0,0,0,0,0,0,0,0,0,0,207.375,447,61,79.2154,0,0,0,0,333.5833,703,104,104.695,40,46.9,49,41,23.68,23.68,23.68
2022-12-02 18:00:00,1.7877,3.5864,0.3296,0.7682,120,101.4851,29.967,120,70.5039,70.8335,70.2536,0.1881,120,27.1292,27.1703,27.0971,0.0206,120,1005.5499,1005.7802,1005.3957,0.0785,120,0,0,0,0,120,0,0,0,0,120,13.8263,14.2604,13.2775,0.2033,120,120,0,0,0,0,0,120,None,None,None,None,0,3.4258,3.4297,3.4233,0.0013,0.5713,0.5717,0.571,0.0002,0.705,0.7083,0.7025,0.0019,-0.0001,-0.0001,-0.0001,0,0,0,0,0,0,0,0,0,0,0,0,0,171.4917,367,13,83.4959,0,0,0,0,297.3,1018,18,107.5655,40,46.85,49,41,23.68,23.68,23.68
2022-12-02 18:10:00,2.1055,4.718,0.2744,0.9078,120,125.1496,40.4626,120,70.9548,71.2302,70.7419,0.1587,120,27.1633,27.1886,27.1367,0.011,120,1005.6487,1005.7985,1005.5788,0.0892,120,0,0,0,0,120,0,0,0,0,120,13.9041,14.2604,13.7689,0.2204,120,120,0,0,0,0,0,120,None,None,None,None,0,3.4275,3.43,3.4263,0.0015,0.5716,0.5719,0.5714,0.0001,0.7095,0.7123,0.7074,0.0016,-0.0001,-0.0001,-0.0001,0,0,0,0,0,0,0,0,0,0,0,0,0,206.0333,490,7,98.6685,0,0,0,0,372.5833,1017,149,132.7842,40,46.7333,49,41,23.68,23.68,23.68
2022-12-02 18:20:00,1.6181,3.8256,0.5136,0.6698,120,133.9442,32.704,120,71.5438,71.7185,71.2607,0.1203,120,27.1234,27.1398,27.0971,0.0082,120,1005.7407,1005.945,1005.5605,0.075,120,0,0,0,0,120,0,0,0,0,120,13.8631,14.2604,13.7689,0.1943,120,120,0,0,0,0,0,120,None,None,None,None,0,3.429,3.4324,3.426,0.0012,0.5712,0.5714,0.571,0.0001,0.7154,0.7172,0.7126,0.0012,-0.0001,-0.0001,-0.0001,0,0,0,0,0,0,0,0,0,0,0,0,0,153.05,393,33,72.8062,0,0,0,0,379.475,563,183,92.7628,40,46.9333,49,41,23.68,23.68,23.68
2022-12-02 18:30:00,1.8416,3.3748,0.6884,0.6466,120,115.6921,34.3585,120,71.8815,72.0847,71.688,0.1281,120,27.058,27.1032,27.0299,0.0188,120,1005.7939,1005.9633,1005.5788,0.0776,120,0,0,0,0,120,0,0,0,0,120,13.8017,14.2604,13.2775,0.1772,120,120,0,0,0,0,0,120,None,None,None,None,0,3.4299,3.4327,3.4263,0.0013,0.5706,0.571,0.5703,0.0002,0.7188,0.7208,0.7169,0.0013,-0.0001,-0.0001,-0.0001,0,0,0,0,0,0,0,0,0,0,0,0,0,177.35,344,52,70.2808,0,0,0,0,339.6,959,58,114.0557,40,46.85,49,41,23.68,23.68,23.68
2022-12-02 18:40:00,2.2667,4.0096,1.0196,0.6277,120,135.1546,27.1914,120,72.2109,72.512,72.0237,0.1599,120,27.0196,27.0513,26.9811,0.0214,120,1005.909,1005.9633,1005.7619,0.0806,120,0,0,0,0,120,0,0,0,0,120,13.9041,14.2604,13.7689,0.2204,120,120,0,0,0,0,0,120,None,None,None,None,0,3.4318,3.4327,3.4294,0.0013,0.5702,0.5705,0.5698,0.0002,0.7221,0.7251,0.7202,0.0016,-0.0001,-0.0001,-0.0001,0,0,0,0,0,0,0,0,0,0,0,0,0,223.55,413,88,68.2309,0,0,0,0,383.0583,563,142,78.1031,40,46.8333,47,39,23.68,23.68,23.68
2022-12-02 18:50:00,2.7006,4.7548,0.7252,0.7614,120,145.5895,35.0428,120,72.7035,72.8477,72.4815,0.1095,120,27.0017,27.0482,26.8895,0.0461,120,1005.9877,1006.1464,1005.9267,0.077,120,0,0,0,0,120,0,0,0,0,120,13.7894,14.2604,13.2775,0.1336,120,120,0,0,0,0,0,120,None,None,None,None,0,3.4331,3.4358,3.4321,0.0013,0.57,0.5705,0.5689,0.0005,0.727,0.7285,0.7248,0.0011,-0.0001,-0.0001,-0.0001,0,0,0,0,0,0,0,0,0,0,0,0,0,270.7167,494,56,82.7626,0,0,0,0,418.3,954,173,107.3016,39.7,46.7667,47,41,23.68,23.68,23.68
2022-12-02 19:00:00,2.0831,4.028,0.3204,0.7447,120,151.0055,28.0783,120,72.9469,73.1223,72.7561,0.1038,120,26.78,26.8865,26.7248,0.0491,120,1006.122,1006.3295,1005.9267,0.1016,120,0,0,0,0,120,0,0,0,0,120,13.7976,14.2604,13.2775,0.1599,120,120,0,0,0,0,0,120,None,None,None,None,0,3.4354,3.4388,3.4321,0.0017,0.5678,0.5689,0.5673,0.0005,0.7295,0.7312,0.7276,0.001,-0.0001,-0.0001,-0.0001,0,0,0,0,0,0,0,0,0,0,0,0,0,203.6,415,12,80.9411,0,0,0,0,430.225,735,162,82.1801,39,46.9,49,41,23.68,23.68,23.68
2022-12-02 19:10:00,2.2099,4.4696,0.5596,0.7065,120,157.6734,29.8495,120,73.059,73.1834,72.9392,0.0565,120,26.7408,26.7583,26.7309,0.0067,120,1006.2712,1006.3295,1006.1098,0.0843,120,0,0,0,0,120,0,0,0,0,120,14.0147,14.2604,13.7689,0.2468,120,120,0,0,0,0,0,120,None,None,None,None,0,3.4379,3.4388,3.4352,0.0014,0.5674,0.5676,0.5673,0.0001,0.7306,0.7318,0.7294,0.0006,-0.0001,-0.0001,-0.0001,0,0,0,0,0,0,0,0,0,0,0,0,0,217.3833,463,38,76.7953,0,0,0,0,448.9333,668,291,85.3525,39,46.9333,49,41,23.68,23.68,23.68
2022-12-02 19:20:00,2.3843,4.7548,0.4492,0.8761,120,143.0107,29.5291,120,73.2546,73.4581,73.1834,0.0735,120,26.7298,26.7583,26.6912,0.0219,120,1006.3915,1006.6591,1006.2929,0.0965,120,0,0,0,0,120,0,0,0,0,120,13.8877,14.2604,13.2775,0.2207,120,120,0,0,0,0,0,120,None,None,None,None,0,3.4399,3.4443,3.4382,0.0016,0.5673,0.5676,0.5669,0.0002,0.7325,0.7346,0.7318,0.0007,-0.0001,-0.0001,-0.0001,0,0,0,0,0,0,0,0,0,0,0,0,0,236.3417,494,26,95.2241,0,0,0,0,401.5667,575,93,87.3485,39,46.9167,49,39,23.68,23.68,23.68
2022-12-02 19:30:00,2.0078,3.8348,0.6148,0.849,120,145.6405,33.8614,120,73.5425,73.6717,73.397,0.0694,120,26.7137,26.737,26.6881,0.0133,120,1006.5354,1006.7141,1006.3112,0.0802,120,0,0,0,0,120,0,0,0,0,120,13.9,14.2604,13.7689,0.2182,120,120,0,0,0,0,0,120,None,None,None,None,0,3.4423,3.4452,3.4385,0.0013,0.5671,0.5674,0.5669,0.0001,0.7354,0.7367,0.734,0.0007,-0.0001,-0.0001,-0.0001,0,0,0,0,0,0,0,0,0,0,0,0,0,195.4167,394,44,92.2869,0,0,0,0,412.7833,890,20,105.2574,39,46.8833,49,41,23.68,23.68,23.68
2022-12-02 19:40:00,2.0102,4.0096,0.4584,0.7056,120,134.2333,31.1092,120,73.781,73.9158,73.6412,0.0754,120,26.7172,26.7309,26.7064,0.0045,120,1006.6796,1006.8789,1006.476,0.0684,120,0,0,0,0,120,0,0,0,0,120,13.8877,14.2604,13.7689,0.2113,120,120,0,0,0,0,0,120,None,None,None,None,0,3.4447,3.448,3.4413,0.0011,0.5672,0.5673,0.5671,0.0001,0.7378,0.7392,0.7364,0.0008,-0.0001,-0.0001,-0.0001,0,0,0,0,0,0,0,0,0,0,0,0,0,195.675,413,27,76.6988,0,0,0,0,378.2417,562,39,90.3281,39,46.8833,47,41,23.68,23.68,23.63
2022-12-02 19:50:00,1.8662,3.9728,0.2652,0.8737,120,148.4293,27.7338,120,74.0028,74.1905,73.8853,0.0664,120,26.7498,26.7736,26.7156,0.0133,120,1006.7435,1006.8972,1006.6591,0.0916,120,0,0,0,0,120,0,0,0,0,120,14.0515,14.2604,13.7689,0.244,120,120,0,0,0,0,0,120,None,None,None,None,0,3.4457,3.4483,3.4443,0.0015,0.5675,0.5677,0.5672,0.0001,0.74,0.7419,0.7389,0.0007,-0.0001,-0.0001,-0.0001,0,0,0,0,0,0,0,0,0,0,0,0,0,180.0167,409,6,94.9624,0,0,0,0,422.6583,723,170,80.8469,39,46.8333,49,41,23.68,23.68,23.63
2022-12-02 20:00:00,1.8915,3.982,0.4308,0.8112,120,144.4901,35.0869,120,74.1933,74.2821,74.0379,0.0618,120,26.8164,26.8529,26.7522,0.0231,120,1006.7878,1006.8972,1006.6591,0.0951,120,0,0,0,0,120,0,0,0,0,120,13.9983,14.2604,13.7689,0.2462,120,120,0,0,0,0,0,120,None,None,None,None,0,3.4465,3.4483,3.4443,0.0016,0.5682,0.5685,0.5675,0.0002,0.7419,0.7428,0.7404,0.0006,-0.0001,-0.0001,-0.0001,0,0,0,0,0,0,0,0,0,0,0,0,0,182.775,410,24,88.1783,0,0,0,0,414.375,758,207,102.2107,38.5,46.8667,49,41,23.68,23.68,23.68
2022-12-02 20:10:00,1.8861,4.2028,0.6056,0.9088,120,132.6354,38.8745,120,74.3194,74.4346,74.221,0.055,120,26.8448,26.8651,26.8133,0.0145,120,1006.8276,1007.0437,1006.6591,0.0851,120,0,0,0,0,120,0,0,0,0,120,13.9409,14.2604,13.7689,0.2354,120,120,0,0,0,0,0,120,None,None,None,None,0,3.4471,3.4507,3.4443,0.0014,0.5685,0.5686,0.5681,0.0001,0.7432,0.7443,0.7422,0.0006,-0.0001,-0.0001,-0.0001,0,0,0,0,0,0,0,0,0,0,0,0,0,182.1833,434,43,98.7872,0,0,0,0,387.8917,984,134,124.7759,38,46.75,49,41,23.68,23.68,23.68
2022-12-02 20:20:00,2.4348,4.6812,0.7344,0.896,120,138.1349,32.2281,120,74.4631,74.5567,74.3431,0.0539,120,26.8533,26.8743,26.8224,0.0114,120,1006.8809,1007.0803,1006.6591,0.0762,120,0,0,0,0,120,0,0,0,0,120,13.9532,14.2604,13.7689,0.2389,120,120,0,0,0,0,0,120,None,None,None,None,0,3.448,3.4513,3.4443,0.0013,0.5685,0.5687,0.5682,0.0001,0.7446,0.7456,0.7434,0.0005,-0.0001,-0.0001,-0.0001,0,0,0,0,0,0,0,0,0,0,0,0,0,241.825,486,57,97.3862,0,0,0,0,394.9,900,117,99.0054,38,46.95,49,41,23.68,23.68,23.63
2022-12-02 20:30:00,2.1281,5.224,0.7804,0.8407,120,134.0228,28.8753,120,74.6455,74.7398,74.5262,0.0569,120,26.8316,26.856,26.8163,0.0114,120,1006.8833,1007.0803,1006.6774,0.0748,120,0,0,0,0,120,0,0,0,0,120,13.9983,14.2604,13.7689,0.2462,120,120,0,0,0,0,0,120,None,None,None,None,0,3.4481,3.4513,3.4446,0.0012,0.5683,0.5686,0.5682,0.0001,0.7465,0.7474,0.7453,0.0006,-0.0001,-0.0001,-0.0001,0,0,0,0,0,0,0,0,0,0,0,0,0,208.4917,545,62,91.3792,0,0,0,0,379.2917,643,139,83.4406,38,46.8667,49,41,23.68,23.68,23.63
2022-12-02 20:40:00,2.1021,4.6168,0.5596,0.7917,120,133.1989,34.2982,120,74.7126,74.7703,74.6483,0.0287,120,26.8716,26.8957,26.8499,0.0125,120,1006.9063,1007.062,1006.8422,0.0793,120,0,0,0,0,120,0,0,0,0,120,14.0474,14.2604,13.7689,0.2446,120,120,0,0,0,0,0,120,None,None,None,None,0,3.4484,3.451,3.4474,0.0013,0.5687,0.569,0.5685,0.0001,0.7471,0.7477,0.7465,0.0003,-0.0001,-0.0001,-0.0001,0,0,0,0,0,0,0,0,0,0,0,0,0,205.6583,479,38,86.0583,0,0,0,0,380.125,866,146,102.7177,38,46.9,49,41,23.68,23.68,23.63
2022-12-02 20:50:00,2.4241,5.638,0.8632,0.8754,120,136.7216,34.454,120,74.7566,74.8619,74.6788,0.0338,120,26.9063,26.9201,26.8865,0.0084,120,1006.8764,1007.062,1006.6591,0.0673,120,0,0,0,0,120,0,0,0,0,120,14.0024,14.2604,13.7689,0.2465,120,120,0,0,0,0,0,120,None,None,None,None,0,3.4479,3.451,3.4443,0.0011,0.5691,0.5692,0.5689,0.0001,0.7476,0.7486,0.7468,0.0003,-0.0001,-0.0001,-0.0001,0,0,0,0,0,0,0,0,0,0,0,0,0,240.6583,590,71,95.1563,0,0,0,0,390.5667,815,8,103.7942,38,46.8167,47,41,23.68,23.68,23.68
2022-12-02 21:00:00,2.4222,5.0124,0.6608,0.9189,120,143.6648,33.5325,120,74.9255,75.1061,74.8314,0.0657,120,26.9171,26.9353,26.8987,0.0098,120,1006.8361,1007.062,1006.6408,0.0921,120,0,0,0,0,120,0,0,0,0,120,13.9901,14.2604,13.7689,0.2455,120,120,0,0,0,0,0,120,None,None,None,None,0,3.4473,3.451,3.444,0.0015,0.5692,0.5694,0.569,0.0001,0.7493,0.7511,0.7483,0.0007,-0.0001,-0.0001,-0.0001,0,0,0,0,0,0,0,0,0,0,0,0,0,240.4583,522,49,99.8776,0,0,0,0,409.8083,687,143,96.846,38,46.8833,47,41,23.68,23.68,23.63
2022-12-02 21:10:00,2.106,4.4788,0.6424,0.7748,120,134.5929,41.6768,120,75.2276,75.4418,75.0755,0.0909,120,26.9126,26.9262,26.9018,0.0054,120,1006.7969,1007.0437,1006.6408,0.0921,120,0,0,0,0,120,0,0,0,0,120,13.986,14.2604,13.7689,0.2451,120,120,0,0,0,0,0,120,None,None,None,None,0,3.4466,3.4507,3.444,0.0015,0.5691,0.5693,0.569,0.0001,0.7523,0.7544,0.7508,0.0009,-0.0001,-0.0001,-0.0001,0,0,0,0,0,0,0,0,0,0,0,0,0,206.0833,464,47,84.2146,0,0,0,0,391.5167,973,0,132.1893,38,46.7833,47,41,23.68,23.68,23.63
2022-12-02 21:20:00,2.609,4.4144,0.5504,0.9675,120,130.3829,36.327,120,75.5392,75.808,75.3197,0.1522,120,26.9007,26.9323,26.8773,0.0129,120,1006.7389,1006.8789,1006.6408,0.096,120,0,0,0,0,120,0,0,0,0,120,13.9655,14.2604,13.7689,0.2418,120,120,0,0,0,0,0,120,None,None,None,None,0,3.4456,3.448,3.444,0.0016,0.569,0.5693,0.5688,0.0001,0.7554,0.7581,0.7532,0.0015,-0.0001,-0.0001,-0.0001,0,0,0,0,0,0,0,0,0,0,0,0,0,260.7583,457,37,105.1632,0,0,0,0,372.1083,832,97,107.8515,38,46.9167,49,41,23.68,23.68,23.68
2022-12-02 21:30:00,3.4288,7.5884,0.8448,1.4627,120,141.9509,32.7423,120,75.7907,76.0216,74.6788,0.2763,120,26.8729,26.9109,26.682,0.043,120,1006.7661,1007.2268,1006.476,0.167,120,0.9192,10.8134,0,2.4721,120,0,0,0,0,120,13.3058,14.2604,6.8853,1.8301,120,120,0.1,0,0,0,0,120,None,None,None,None,0,3.4461,3.4538,3.4413,0.0028,0.5687,0.5691,0.5668,0.0004,0.7579,0.7602,0.7468,0.0028,-0.0001,0,-0.0001,0,0,0.0001,0,0,0,0,0,0,0,0,0,0,349.875,802,69,158.9849,0.0083,1,0,0.0913,402.0333,682,43,95.9369,37.8,46.7167,49,41,23.68,23.68,23.63
2022-12-02 21:40:00,3.6171,8.7292,1.1024,1.684,120,169.3082,27.446,120,75.6534,78.0053,73.6412,1.3537,120,25.2334,26.6729,24.268,0.7871,120,1006.9193,1007.4099,1006.6408,0.1538,120,0.7749,4.085,0,0.9903,120,0.1037,0.3661,0,0.1657,120,12.4742,13.7689,7.3767,1.2279,120,120,2,0,0,0,0,120,None,None,None,None,0,3.4487,3.4568,3.444,0.0026,0.5523,0.5667,0.5427,0.0079,0.7565,0.7801,0.7364,0.0135,-0.0001,0,-0.0001,0,0,0.0001,0,0,0,0,-0.0001,0,0,0,0,0,370.3333,926,97,183.0413,0.1667,1,0,0.3742,479.1333,646,249,78.799,37,46.9167,47,43,23.68,23.68,23.63
2022-12-02 21:50:00,1.7196,3.3472,0.4952,0.5529,120,137.7696,29.2434,120,79.7617,81.0572,78.0053,0.8267,120,24.2394,24.3565,24.1795,0.0468,120,1006.7396,1006.8606,1006.6408,0.0922,120,3.993,4.8063,2.4032,0.5252,120,0.3692,0.7323,0,0.121,120,13.7894,14.2604,13.2775,0.2243,120,120,0,0,0,0,0,120,None,None,None,None,0,3.4457,3.4477,3.444,0.0015,0.5424,0.5436,0.5418,0.0005,0.7976,0.8106,0.7801,0.0083,-0.0001,-0.0001,-0.0001,0,0.0001,0.0001,0,0,0,0,0,0,0,0,0,0,164.0833,341,31,60.0955,0,0,0,0,389.7083,585,88,84.2032,37,46.6667,49,41,23.68,23.68,23.63
2022-12-02 22:00:00,1.4015,2.4272,0.6056,0.4865,120,130.1197,28.9983,120,81.8763,82.6441,81.0572,0.4568,120,24.5645,24.7624,24.3565,0.1185,120,1006.6639,1006.8606,1006.4577,0.0698,120,3.178,4.085,2.4032,0.386,120,0.1983,0.3661,0,0.1832,120,13.8713,14.2604,13.2775,0.2288,120,120,0,0,0,0,0,120,None,None,None,None,0,3.4444,3.4477,3.441,0.0012,0.5456,0.5476,0.5436,0.0012,0.8188,0.8264,0.8106,0.0046,-0.0001,-0.0001,-0.0001,0,0,0.0001,0,0,0,0,0,0,0,0,0,0,129.5083,241,43,52.8802,0,0,0,0,368.9917,683,106,84.8588,37,46.8167,47,41,23.68,23.68,23.63
2022-12-02 22:10:00,1.3562,3.5312,0.394,0.6615,120,134.4907,45.8328,120,83.2921,83.8954,82.6441,0.3763,120,24.9666,25.1775,24.7685,0.1207,120,1006.5532,1006.6591,1006.2563,0.1038,120,2.9958,3.6047,2.163,0.3891,120,0.1617,0.3661,0,0.1826,120,13.8877,14.2604,13.2775,0.2297,120,120,0,0,0,0,0,120,None,None,None,None,0,3.4426,3.4443,3.4376,0.0017,0.5497,0.5518,0.5477,0.0012,0.8329,0.839,0.8264,0.0038,-0.0001,-0.0001,-0.0001,0,0,0,0,0,0,0,0,0,0,0,0,0,124.5917,361,20,71.901,0,0,0,0,391.9583,942,27,141.2274,37,46.95,49,43,23.68,23.68,23.63
2022-12-02 22:20:00,1.9149,3.9176,0.5412,0.7212,120,149.1167,34.7061,120,84.2143,84.5058,83.8649,0.1739,120,25.3102,25.4063,25.1714,0.0643,120,1006.4223,1006.6408,1006.2563,0.0754,120,3.5805,4.5661,2.163,0.6589,120,0.0336,0.3661,0,0.1061,120,13.8631,14.2604,13.2775,0.2323,120,120,0,0,0,0,0,120,None,None,None,None,0,3.4404,3.444,3.4376,0.0013,0.5531,0.5541,0.5517,0.0006,0.8421,0.8451,0.8386,0.0017,-0.0001,-0.0001,-0.0001,0,0,0.0001,0,0,0,0,0,0,0,0,0,0,185.3167,403,36,78.3926,0,0,0,0,422.6333,742,51,102.7373,37,46.9,49,41,23.67,23.68,23.63
2022-12-02 22:30:00,1.9693,4.2488,0.5872,0.6507,120,134.7214,38.2102,120,84.6909,84.994,84.3837,0.1353,120,25.4331,25.4582,25.3972,0.0127,120,1006.3056,1006.4577,1006.238,0.0881,120,4.4396,5.7669,3.3646,0.6016,120,0.0275,0.3661,0,0.0968,120,13.7853,14.2604,13.2775,0.1415,120,120,0,0,0,0,0,120,None,None,None,None,0,3.4384,3.441,3.4373,0.0015,0.5543,0.5546,0.554,0.0001,0.8469,0.8499,0.8438,0.0014,-0.0001,-0.0001,-0.0001,0,0.0001,0.0001,0,0,0,0,0,0,0,0,0,0,191.2333,439,41,70.7272,0,0,0,0,388.775,908,5,121.0391,37,47.0167,49,45,23.68,23.68,23.63
2022-12-02 22:40:00,2.1124,4.0004,0.7436,0.7918,120,130.167,38.5046,120,85.153,85.2992,84.9025,0.105,120,25.5379,25.6078,25.4521,0.0469,120,1006.2117,1006.4394,1006.0549,0.0877,120,5.4069,7.2094,4.3252,0.7649,120,0.1312,0.7323,0,0.1826,120,13.8181,14.2604,13.2775,0.2055,120,120,0,0,0,0,0,120,None,None,None,None,0,3.4369,3.4407,3.4342,0.0015,0.5554,0.5561,0.5545,0.0005,0.8515,0.853,0.849,0.001,-0.0001,-0.0001,-0.0001,0,0.0001,0.0001,0.0001,0,0,0,0,0,0,0,0,0,206.7833,412,58,86.0692,0,0,0,0,385.6167,1008,136,128.7382,36.5,46.9,49,41,23.67,23.68,23.63
2022-12-02 22:50:00,1.9989,3.6968,0.67,0.675,120,128.2906,38.6251,120,85.3348,85.4823,85.1772,0.0617,120,25.616,25.6444,25.5864,0.012,120,1006.1467,1006.2746,1006.0549,0.0905,120,5.4908,6.248,4.5661,0.3449,120,0.0092,0.3661,0,0.0574,120,13.7771,14.2604,13.2775,0.2466,120,120,0,0,0,0,0,120,None,None,None,None,0,3.4358,3.4379,3.4342,0.0015,0.5562,0.5564,0.5559,0.0001,0.8533,0.8548,0.8518,0.0006,-0.0001,-0.0001,-0.0001,0,0.0001,0.0001,0.0001,0,0,0,0,0,0,0,0,0,194.45,379,50,73.3676,0,0,0,0,367.8583,771,13,114.4569,36,46.9167,49,41,23.67,23.68,23.63
2022-12-02 23:00:00,2.2731,8.7752,0.6148,1.6825,120,116.2089,39.9994,120,85.2387,85.5434,83.6818,0.3942,120,25.616,25.6566,25.3941,0.052,120,1006.1113,1006.4394,1005.8718,0.1036,120,3.955,5.7669,0.9614,1.007,120,0,0,0,0,120,13.4863,14.2604,12.2946,0.4352,120,120,0.1,0,0,0,0,120,None,None,None,None,0,3.4352,3.4407,3.4312,0.0017,0.5562,0.5566,0.5539,0.0005,0.8524,0.8554,0.8368,0.0039,-0.0001,-0.0001,-0.0001,0,0.0001,0.0001,0,0,0,0,0,0,0,0,0,0,224.25,931,44,182.8782,0.0083,1,0,0.0913,342.8667,1022,3,138.729,36,46.7667,47,41,23.67,23.68,23.63
2022-12-02 23:10:00,4.0914,7.6252,1.2772,1.4481,120,105.8818,28.9532,120,84.5991,85.818,83.6512,0.6535,120,24.341,25.3789,23.5417,0.5625,120,1006.2365,1006.4577,1006.0366,0.0888,120,0.0721,0.9614,0,0.1778,120,0,0,0,0,120,12.9048,13.7689,11.8015,0.3979,120,120,1.2,0,0,0,0,120,None,None,None,None,0,3.4373,3.441,3.4339,0.0015,0.5434,0.5538,0.5354,0.0056,0.846,0.8582,0.8365,0.0065,-0.0001,-0.0001,-0.0001,0,0,0,0,0,0,0,0,0,0,0,0,0,421.8917,806,116,157.4055,0.1,1,0,0.3013,303.975,709,123,86.1526,36,46.8167,49,41,23.67,23.68,23.63
2022-12-02 23:20:00,2.8415,5.592,0.4492,1.0675,120,141.7972,33.16,120,86.3788,86.7641,85.757,0.2614,120,23.2342,23.5295,22.9954,0.1444,120,1005.9441,1006.238,1005.8535,0.0974,120,0.4846,3.1236,0,0.6369,120,0,0,0,0,120,13.3512,13.7689,12.786,0.2175,120,120,0.1,0,0,0,0,120,None,None,None,None,0,3.4324,3.4373,3.4309,0.0016,0.5323,0.5353,0.53,0.0014,0.8638,0.8676,0.8576,0.0026,-0.0001,-0.0001,-0.0001,0,0,0,0,0,0,0,0,0,0,0,0,0,286.0333,585,26,116.0371,0.0083,1,0,0.0913,402.1417,745,146,96.051,36,46.9333,49,41,23.66,23.68,23.63
2022-12-02 23:30:00,1.7501,3.43,0.6608,0.5137,120,133.4212,28.7905,120,87.1525,87.5881,86.5505,0.3059,120,22.9405,23.0229,22.8794,0.0402,120,1005.801,1006.0549,1005.652,0.0934,120,4.738,6.0079,2.4032,0.8475,120,0.2838,0.7323,0,0.2663,120,13.5723,13.7689,13.2775,0.2418,120,120,0,0,0,0,0,120,None,None,None,None,0,3.43,3.4342,3.4275,0.0016,0.5294,0.5302,0.5288,0.0004,0.8715,0.8759,0.8655,0.0031,-0.0001,-0.0001,-0.0001,0,0.0001,0.0001,0,0,0,0,0,0,0,0,0,0,167.4,350,49,55.8317,0,0,0,0,377.6417,579,154,82.7837,36,46.9667,47,45,23.66,23.68,23.63
2022-12-02 23:40:00,1.7643,3.7704,0.5504,0.6637,120,139.4225,31.4044,120,87.8511,88.1375,87.466,0.179,120,23.2859,23.6027,23.0229,0.1773,120,1005.7764,1006.0549,1005.652,0.0983,120,4.76,6.248,3.8449,0.5541,120,0.479,0.7323,0,0.1887,120,13.6911,14.2604,13.2775,0.2467,120,120,0,0,0,0,0,120,None,None,None,None,0,3.4296,3.4342,3.4275,0.0016,0.5329,0.536,0.5302,0.0018,0.8785,0.8814,0.8747,0.0018,-0.0001,-0.0001,-0.0001,0,0.0001,0.0001,0,0,0,0,0,0,0,0,0,0,168.9417,387,37,72.1431,0,0,0,0,397.4,709,104,91.3651,35.5,46.9667,49,41,23.66,23.68,23.63
2022-12-02 23:50:00,1.9352,3.4852,0.3664,0.7582,120,134.9268,36.1008,120,87.8109,88.0764,87.5271,0.1623,120,23.7762,23.8377,23.6088,0.0659,120,1005.6703,1005.8718,1005.4689,0.0941,120,4.1773,5.7669,3.1236,0.6201,120,0.0793,0.3661,0,0.1515,120,13.6993,14.2604,13.2775,0.2141,120,120,0,0,0,0,0,120,None,None,None,None,0,3.4278,3.4312,3.4245,0.0016,0.5378,0.5384,0.5361,0.0007,0.8781,0.8808,0.8753,0.0016,-0.0001,-0.0001,-0.0001,0,0.0001,0.0001,0,0,0,0,0,0,0,0,0,0,187.5167,356,17,82.408,0,0,0,0,391.9917,1003,110,116.9402,35,46.6167,47,43,23.66,23.68,23.63
