datetime,Anemometer;wind_speed;Avg (m/s),Anemometer;wind_speed;Max (m/s),Anemometer;wind_speed;Min (m/s),Anemometer;wind_speed;StdDev (m/s),Anemometer;wind_speed;Count (),Wind Vane TMR;wind_direction;Avg (°),Wind Vane TMR;wind_direction;StdDev (°),Wind Vane TMR;wind_direction;Count (),Hygro/Thermo;humidity;Avg (%),Hygro/Thermo;humidity;Max (%),Hygro/Thermo;humidity;Min (%),Hygro/Thermo;humidity;StdDev (%),Hygro/Thermo;humidity;Count (),Hygro/Thermo;temperature;Avg (°C),Hygro/Thermo;temperature;Max (°C),Hygro/Thermo;temperature;Min (°C),Hygro/Thermo;temperature;StdDev (°C),Hygro/Thermo;temperature;Count (),Barometer;air_pressure;Avg (hPa),Barometer;air_pressure;Max (hPa),Barometer;air_pressure;Min (hPa),Barometer;air_pressure;StdDev (hPa),Barometer;air_pressure;Count (),DHI (Diffuse Horizontal Irradiance);solar_irradiance;Avg (W/m²),DHI (Diffuse Horizontal Irradiance);solar_irradiance;Max (W/m²),DHI (Diffuse Horizontal Irradiance);solar_irradiance;Min (W/m²),DHI (Diffuse Horizontal Irradiance);solar_irradiance;StdDev (W/m²),DHI (Diffuse Horizontal Irradiance);solar_irradiance;Count (),GHI (Global Horizontal Irradiance);solar_irradiance;Avg (W/m²),GHI (Global Horizontal Irradiance);solar_irradiance;Max (W/m²),GHI (Global Horizontal Irradiance);solar_irradiance;Min (W/m²),GHI (Global Horizontal Irradiance);solar_irradiance;StdDev (W/m²),GHI (Global Horizontal Irradiance);solar_irradiance;Count (),DNI (Direct Normal Irradiance) Pyrheliometer;solar_DNI;Avg (W/m²),DNI (Direct Normal Irradiance) Pyrheliometer;solar_DNI;Max (W/m²),DNI (Direct Normal Irradiance) Pyrheliometer;solar_DNI;Min (W/m²),DNI (Direct Normal Irradiance) Pyrheliometer;solar_DNI;StdDev (W/m²),DNI (Direct Normal Irradiance) Pyrheliometer;solar_DNI;Count (),Precipitation;precipitation;Count (),Precipitation;precipitation;Sum (mm),GTI (Global Tilt Irradiance) PV Cell;voltage;Avg (W/m2),GTI (Global Tilt Irradiance) PV Cell;voltage;Max (W/m2),GTI (Global Tilt Irradiance) PV Cell;voltage;Min (W/m2),GTI (Global Tilt Irradiance) PV Cell;voltage;StdDev (W/m2),GTI (Global Tilt Irradiance) PV Cell;voltage;Count (),Theta;other;Avg (°),Theta;other;Max (°),Theta;other;Min (°),Theta;other;StdDev (°),Theta;other;Count (),A1;channel;Avg (V),A1;channel;Max (V),A1;channel;Min (V),A1;channel;StdDev (V),A2;channel;Avg (V),A2;channel;Max (V),A2;channel;Min (V),A2;channel;StdDev (V),A3;channel;Avg (V),A3;channel;Max (V),A3;channel;Min (V),A3;channel;StdDev (V),A4;channel;Avg (V),A4;channel;Max (V),A4;channel;Min (V),A4;channel;StdDev (V),A5;channel;Avg (V),A5;channel;Max (V),A5;channel;Min (V),A5;channel;StdDev (V),A6;channel;Avg (V),A6;channel;Max (V),A6;channel;Min (V),A6;channel;StdDev (V),A7;channel;Avg (V),A7;channel;Max (V),A7;channel;Min (V),A7;channel;StdDev (V),C1;channel;Avg (I),C1;channel;Max (I),C1;channel;Min (I),C1;channel;StdDev (I),C2;channel;Avg (I),C2;channel;Max (I),C2;channel;Min (I),C2;channel;StdDev (I),D1;channel;Avg (),D1;channel;Max (),D1;channel;Min (),D1;channel;StdDev (),T;channel;Avg (°C),I;channel;Avg (mA),I;channel;Max (mA),I;channel;Min (mA),V;channel;Avg (V),V;channel;Max (V),V;channel;Min (V)
2022-12-03 00:00:00,2.1798,4.12,0.9276,0.5985,120,138.4136,28.0489,120,87.6438,87.8018,87.4355,0.0779,120,23.9061,24.0178,23.8163,0.0688,120,1005.4346,1005.6703,1005.2858,0.1039,120,5.7413,6.9685,4.3252,0.6555,120,0.0854,0.3661,0,0.1555,120,13.5969,13.7689,13.2775,0.2354,120,120,0,0,0,0,0,120,None,None,None,None,0,3.4239,3.4278,3.4214,0.0017,0.5391,0.5402,0.5382,0.0007,0.8764,0.878,0.8744,0.0008,-0.0001,-0.0001,-0.0001,0,0.0001,0.0001,0.0001,0,0,0,0,0,0,0,0,0,214.1083,425,78,65.059,0,0,0,0,391.1917,556,179,80.292,35,47.9833,53,47,23.65,23.68,23.63
2022-12-03 00:10:00,1.3705,2.8412,0.348,0.4982,120,153.3992,32.4823,120,87.6825,87.7712,87.6186,0.0293,120,24.1141,24.1978,24.0178,0.0548,120,1005.2701,1005.4689,1005.1027,0.0619,120,4.2634,5.5268,3.3646,0.6116,120,0,0,0,0,120,13.6338,14.2604,13.2775,0.2294,120,120,0,0,0,0,0,120,None,None,None,None,0,3.4212,3.4245,3.4184,0.001,0.5411,0.542,0.5402,0.0006,0.8768,0.8777,0.8762,0.0003,-0.0001,-0.0001,-0.0001,0,0.0001,0.0001,0,0,0,0,0,0,0,0,0,0,126.1417,286,15,54.1494,0,0,0,0,438.4667,857,98,98.5007,35,48.2333,49,45,23.65,23.68,23.63
2022-12-03 00:20:00,1.1332,2.5836,0.3572,0.4613,120,169.7706,40.0022,120,87.6756,87.8018,87.5881,0.0446,120,24.2653,24.329,24.1978,0.0358,120,1005.1509,1005.3041,1004.9379,0.0745,120,3.0558,3.8449,2.4032,0.304,120,0,0,0,0,120,13.6092,14.2604,13.2775,0.2398,120,120,0,0,0,0,0,120,None,None,None,None,0,3.4192,3.4217,3.4156,0.0012,0.5426,0.5433,0.542,0.0004,0.8768,0.878,0.8759,0.0004,-0.0001,-0.0001,-0.0001,0,0,0,0,0,0,0,0,0,0,0,0,0,100.35,258,16,50.1433,0,0,0,0,492.125,1021,208,127.9946,35,48.65,51,47,23.65,23.68,23.63
2022-12-03 00:30:00,0.8231,1.59,0.2744,0.3299,120,169.6277,49.9566,120,87.6598,87.7407,87.5576,0.0489,120,24.3724,24.4267,24.3229,0.0279,120,1005.0157,1005.1393,1004.9013,0.0938,120,2.3429,3.1236,1.2016,0.4452,120,0,0,0,0,120,13.5642,13.7689,13.2775,0.2433,120,120,0,0,0,0,0,120,None,None,None,None,0,3.4169,3.419,3.415,0.0016,0.5437,0.5443,0.5432,0.0003,0.8766,0.8774,0.8756,0.0005,-0.0001,-0.0001,-0.0001,0,0,0,0,0,0,0,0,0,0,0,0,0,66.6417,150,7,35.8622,0,0,0,0,476.575,854,48,145.3504,35,47.9333,51,45,23.64,23.68,23.63
2022-12-03 00:40:00,1.3132,3.1172,0.4216,0.4961,120,125.4534,39.3439,120,87.7049,87.8323,87.5881,0.0457,120,24.4747,24.5671,24.4114,0.0483,120,1004.9248,1005.121,1004.7365,0.0664,120,2.2769,3.1236,1.2016,0.3297,120,0,0,0,0,120,13.6051,14.2604,12.786,0.2495,120,120,0,0,0,0,0,120,None,None,None,None,0,3.4154,3.4187,3.4123,0.0011,0.5447,0.5457,0.5441,0.0005,0.877,0.8783,0.8759,0.0005,-0.0001,-0.0001,-0.0001,0,0,0,0,0,0,0,0,0,0,0,0,0,119.9083,316,23,53.9207,0,0,0,0,371.8917,1016,3,133.6974,35,46.9,49,41,23.65,23.68,23.63
2022-12-03 00:50:00,1.5105,2.9056,0.5688,0.5457,120,105.4255,31.0598,120,87.7633,87.8323,87.6797,0.0372,120,24.6731,24.7594,24.5702,0.0558,120,1004.8355,1004.9379,1004.7182,0.0944,120,2.0746,2.8835,0.4803,0.6064,120,0,0,0,0,120,13.601,14.2604,13.2775,0.2426,120,120,0,0,0,0,0,120,None,None,None,None,0,3.4139,3.4156,3.412,0.0016,0.5467,0.5476,0.5457,0.0006,0.8776,0.8783,0.8768,0.0004,-0.0001,-0.0001,-0.0001,0,0,0,0,0,0,0,0,0,0,0,0,0,141.3583,293,39,59.3141,0,0,0,0,313.4167,979,72,116.5202,35,46.75,49,41,23.64,23.68,23.63
2022-12-03 01:00:00,1.4875,3.1264,0.6332,0.458,120,116.634,32.8885,120,87.7247,87.8323,87.6797,0.0256,120,24.8212,24.8814,24.7655,0.0307,120,1004.7656,1004.9379,1004.5534,0.0748,120,2.2048,3.1236,1.4417,0.3534,120,0,0,0,0,120,13.687,14.2604,13.2775,0.1946,120,120,0,0,0,0,0,120,None,None,None,None,0,3.4128,3.4156,3.4092,0.0012,0.5482,0.5488,0.5476,0.0003,0.8772,0.8783,0.8768,0.0003,-0.0001,-0.0001,-0.0001,0,0,0,0,0,0,0,0,0,0,0,0,0,138.8583,317,46,49.7819,0,0,0,0,331.9417,579,83,94.5848,35,46.9333,47,41,23.65,23.68,23.63
2022-12-03 01:10:00,1.7728,3.3196,0.5136,0.6697,120,108.3959,29.1367,120,87.6794,87.8018,87.5576,0.073,120,24.9582,25.0005,24.8814,0.0317,120,1004.7516,1004.9379,1004.5534,0.0547,120,3.1159,4.085,2.163,0.4395,120,0,0,0,0,120,13.7239,14.2604,13.2775,0.2014,120,120,0,0,0,0,0,120,None,None,None,None,0,3.4125,3.4156,3.4092,0.0009,0.5496,0.55,0.5488,0.0003,0.8768,0.878,0.8756,0.0007,-0.0001,-0.0001,-0.0001,0,0,0.0001,0,0,0,0,0,0,0,0,0,0,169.8667,338,33,72.796,0,0,0,0,309,522,118,83.8043,34.7,46.6667,49,41,23.65,23.68,23.63
2022-12-03 01:20:00,1.7576,3.292,0.762,0.5601,120,109.9854,29.333,120,87.5708,87.7102,87.466,0.0582,120,25.0873,25.1988,24.9944,0.0567,120,1004.7232,1004.9379,1004.5351,0.0676,120,2.8676,4.3252,1.6819,0.6182,120,0,0,0,0,120,13.728,14.2604,13.2775,0.2073,120,120,0,0,0,0,0,120,None,None,None,None,0,3.4121,3.4156,3.4089,0.0011,0.5509,0.552,0.5499,0.0006,0.8757,0.8771,0.8747,0.0006,-0.0001,-0.0001,-0.0001,0,0,0.0001,0,0,0,0,0,0,0,0,0,0,168.2167,335,60,60.8763,0,0,0,0,312.1833,494,74,84.0282,34,46.8333,47,41,23.65,23.68,23.63
2022-12-03 01:30:00,1.4334,2.6296,0.5412,0.4667,120,127.7733,31.5465,120,87.39,87.4966,87.2829,0.0455,120,25.2788,25.3514,25.1988,0.043,120,1004.6211,1004.7548,1004.5167,0.092,120,0.9853,1.922,0.2402,0.4464,120,0,0,0,0,120,13.7321,14.2604,13.2775,0.1705,120,120,0,0,0,0,0,120,None,None,None,None,0,3.4104,3.4126,3.4086,0.0015,0.5528,0.5535,0.552,0.0004,0.8739,0.875,0.8728,0.0005,-0.0001,-0.0001,-0.0001,0,0,0,0,0,0,0,0,0,0,0,0,0,132.9833,263,36,50.7243,0,0,0,0,361.4583,618,98,90.8232,34,47.0333,49,47,23.64,23.68,23.63
2022-12-03 01:40:00,1.9914,4.488,0.4032,0.8385,120,117.6521,36.0181,120,87.0629,87.3135,86.7641,0.1618,120,25.3275,25.3697,25.2171,0.0469,120,1004.5788,1004.7365,1004.5167,0.073,120,0.1081,2.4032,0,0.3339,120,0,0,0,0,120,13.2324,14.2604,12.786,0.2988,120,120,0.2,0,0,0,0,120,None,None,None,None,0,3.4096,3.4123,3.4086,0.0012,0.5533,0.5537,0.5522,0.0005,0.8706,0.8731,0.8676,0.0016,-0.0001,-0.0001,-0.0001,0,0,0,0,0,0,0,0,0,0,0,0,0,193.625,465,21,91.1411,0.0167,1,0,0.1286,336.425,752,20,105.4728,34,46.9833,49,41,23.64,23.68,23.63
2022-12-03 01:50:00,2.3263,6.19,0.2652,1.2764,120,80.504,37.6745,120,86.5029,87.2219,85.4213,0.4388,120,24.698,25.208,24.1703,0.358,120,1004.5741,1004.7365,1004.3336,0.0786,120,0.028,1.2016,0,0.1364,120,0,0,0,0,120,13.1997,13.7689,12.2946,0.2919,120,120,1.8,0,0,0,0,120,None,None,None,None,0,3.4096,3.4123,3.4056,0.0013,0.547,0.5521,0.5417,0.0036,0.865,0.8722,0.8542,0.0044,-0.0001,-0.0001,-0.0001,0,0,0,0,0,0,0,0,0,0,0,0,0,230.0333,650,6,138.7342,0.15,1,0,0.3586,240.65,990,4,130.8139,34,46.9167,47,41,23.64,23.68,23.63
2022-12-03 02:00:00,1.7216,4.6444,0.2836,0.8357,120,123.9053,35.3196,120,87.9032,88.3816,87.2829,0.2575,120,24.3498,24.4786,24.152,0.1099,120,1004.4697,1004.5534,1004.3336,0.0919,120,1.8523,3.3646,0,1.0092,120,0,0,0,0,120,13.5396,13.7689,13.2775,0.2462,120,120,0,0,0,0,0,120,None,None,None,None,0,3.4078,3.4092,3.4056,0.0015,0.5435,0.5448,0.5415,0.0011,0.879,0.8838,0.8728,0.0026,-0.0001,-0.0001,-0.0001,0,0,0,0,0,0,0,0,0,0,0,0,0,164.3,482,8,90.8348,0,0,0,0,358.4333,821,45,106.4331,34,46.8833,47,41,23.64,23.68,23.63
2022-12-03 02:10:00,1.7092,3.338,0.5964,0.5578,120,106.0544,28.1561,120,87.7422,87.8628,87.6797,0.0484,120,24.5657,24.6587,24.4786,0.0529,120,1004.3834,1004.5534,1004.3336,0.0775,120,3.0139,4.085,1.4417,0.6789,120,0,0,0,0,120,13.5723,13.7689,13.2775,0.2418,120,120,0,0,0,0,0,120,None,None,None,None,0,3.4064,3.4092,3.4056,0.0013,0.5457,0.5466,0.5448,0.0005,0.8774,0.8786,0.8768,0.0005,-0.0001,-0.0001,-0.0001,0,0,0.0001,0,0,0,0,0,0,0,0,0,0,162.9583,340,42,60.6254,0,0,0,0,299.7,566,12,82.0855,34,46.9,49,41,23.64,23.68,23.63
2022-12-03 02:20:00,1.6062,3.4484,0.6424,0.5603,120,117.0142,34.9614,120,87.6303,87.7102,87.5576,0.0404,120,24.7012,24.7258,24.6648,0.016,120,1004.3974,1004.5534,1004.3336,0.0851,120,3.156,3.8449,2.4032,0.3764,120,0.0061,0.3661,0,0.0471,120,13.4904,13.7689,13.2775,0.2446,120,120,0,0,0,0,0,120,None,None,None,None,0,3.4066,3.4092,3.4056,0.0014,0.547,0.5473,0.5466,0.0002,0.8763,0.8771,0.8756,0.0004,-0.0001,-0.0001,-0.0001,0,0,0,0,0,0,0,0,0,0,0,0,0,151.7583,352,47,60.9069,0,0,0,0,332.4667,661,24,102.4534,34,46.9667,47,45,23.64,23.68,23.63
2022-12-03 02:30:00,1.6137,3.6324,0.4124,0.6514,120,123.098,27.7903,120,87.6039,87.7407,87.5271,0.0476,120,24.7657,24.8021,24.7075,0.0295,120,1004.3861,1004.5534,1004.1688,0.0912,120,4.1974,5.2866,3.3646,0.4974,120,0.0061,0.3661,0,0.0471,120,13.5723,14.2604,13.2775,0.25,120,120,0,0,0,0,0,120,None,None,None,None,0,3.4064,3.4092,3.4028,0.0015,0.5477,0.548,0.5471,0.0003,0.876,0.8774,0.8753,0.0005,-0.0001,-0.0001,-0.0001,0,0.0001,0.0001,0,0,0,0,0,0,0,0,0,0,152.575,372,22,70.8041,0,0,0,0,350.2667,632,143,80.608,34,46.8833,49,45,23.64,23.68,23.63
2022-12-03 02:40:00,1.1067,2.28,0.4032,0.3415,120,118.5573,31.4731,120,87.6718,87.7102,87.5881,0.0368,120,24.8201,24.8723,24.7807,0.0253,120,1004.3791,1004.5534,1004.3336,0.0699,120,3.7867,4.5661,2.8835,0.4283,120,0.0793,0.3661,0,0.1515,120,13.5805,13.7689,13.2775,0.2399,120,120,0,0,0,0,0,120,None,None,None,None,0,3.4063,3.4092,3.4056,0.0012,0.5482,0.5487,0.5478,0.0003,0.8767,0.8771,0.8759,0.0004,-0.0001,-0.0001,-0.0001,0,0,0.0001,0,0,0,0,0,0,0,0,0,0,97.4667,225,21,37.1219,0,0,0,0,340.375,881,104,98.1045,34,46.9333,47,41,23.64,23.68,23.63
2022-12-03 02:50:00,1.7176,3.1448,0.7344,0.6173,120,104.2001,31.0274,120,87.5083,87.7102,87.344,0.119,120,24.8198,24.8936,24.6831,0.0692,120,1004.4162,1004.5534,1004.3336,0.0923,120,0.4465,3.3646,0,0.8488,120,0.0092,0.3661,0,0.0574,120,13.3143,13.7689,12.786,0.2129,120,120,0.8,0,0,0,0,120,None,None,None,None,0,3.4069,3.4092,3.4056,0.0015,0.5482,0.5489,0.5468,0.0007,0.8751,0.8771,0.8734,0.0012,-0.0001,-0.0001,-0.0001,0,0,0,0,0,0,0,0,0,0,0,0,0,163.875,319,57,67.096,0.0667,1,0,0.2505,297.8583,571,105,89.205,34,47,47,47,23.64,23.68,23.63
2022-12-03 03:00:00,1.6253,2.8228,0.6792,0.5306,120,116.0892,31.3051,120,87.7038,87.8018,87.5271,0.0629,120,24.6838,24.735,24.6526,0.0205,120,1004.485,1004.5534,1004.3336,0.0838,120,2.9097,4.085,0.7213,0.9706,120,0.0458,0.3661,0,0.1216,120,13.5191,13.7689,13.2775,0.2467,120,120,0,0,0,0,0,120,None,None,None,None,0,3.4081,3.4092,3.4056,0.0014,0.5468,0.5474,0.5465,0.0002,0.877,0.878,0.8753,0.0006,-0.0001,-0.0001,-0.0001,0,0,0.0001,0,0,0,0,0,0,0,0,0,0,153.8417,284,51,57.6767,0,0,0,0,329.375,542,100,89.5652,34,46.8833,49,41,23.63,23.68,23.63
2022-12-03 03:10:00,2.1031,4.2396,0.4952,0.8265,120,111.5021,27.9297,120,87.6344,87.7712,87.4355,0.0966,120,24.7782,24.8265,24.7288,0.0247,120,1004.5335,1004.7365,1004.3336,0.0495,120,4.5237,6.248,3.1236,0.9508,120,0.0793,0.3661,0,0.1515,120,13.4904,14.2604,13.2775,0.2527,120,120,0,0,0,0,0,120,None,None,None,None,0,3.4089,3.4123,3.4056,0.0008,0.5478,0.5483,0.5473,0.0003,0.8763,0.8777,0.8744,0.001,-0.0001,-0.0001,-0.0001,0,0.0001,0.0001,0,0,0,0,0,0,0,0,0,0,205.775,438,31,89.8418,0,0,0,0,322.15,847,174,88.3737,34,46.9167,49,41,23.63,23.68,23.63
2022-12-03 03:20:00,2.0212,3.8256,0.716,0.7073,120,109.4034,34.6096,120,87.5434,87.6186,87.4355,0.0435,120,24.8765,24.9455,24.8235,0.0347,120,1004.5494,1004.7365,1004.3336,0.0601,120,4.9343,5.7669,4.085,0.406,120,0.1892,0.3661,0,0.1837,120,13.4945,13.7689,13.2775,0.2451,120,120,0,0,0,0,0,120,None,None,None,None,0,3.4092,3.4123,3.4056,0.001,0.5488,0.5495,0.5482,0.0003,0.8754,0.8762,0.8744,0.0004,-0.0001,-0.0001,-0.0001,0,0.0001,0.0001,0.0001,0,0,0,0,0,0,0,0,0,196.875,393,55,76.8753,0,0,0,0,311.3333,669,26,101.1636,34,46.6833,49,41,23.64,23.68,23.63
2022-12-03 03:30:00,2.0298,3.2644,0.7252,0.6186,120,110.8738,27.3278,120,87.4577,87.5271,87.3745,0.0271,120,24.95,24.9822,24.9272,0.0123,120,1004.5383,1004.7365,1004.3336,0.0582,120,5.1826,6.248,3.8449,0.6465,120,0.177,0.3661,0,0.1837,120,13.601,13.7689,13.2775,0.2341,120,120,0,0,0,0,0,120,None,None,None,None,0,3.409,3.4123,3.4056,0.001,0.5495,0.5498,0.5493,0.0001,0.8746,0.8753,0.8737,0.0003,-0.0001,-0.0001,-0.0001,0,0.0001,0.0001,0,0,0,0,0,0,0,0,0,0,197.8083,332,56,67.2385,0,0,0,0,315.1917,524,28,79.5009,34,46.8667,49,41,23.63,23.68,23.63
2022-12-03 03:40:00,2.3441,5.27,0.8356,0.8392,120,107.9291,30.9255,120,87.2804,87.4966,87.0388,0.1463,120,25.0045,25.031,24.976,0.0118,120,1004.5358,1004.7182,1004.3519,0.0422,120,5.9535,8.1701,4.5661,0.9497,120,0.0885,0.3661,0,0.1574,120,13.5519,14.2604,13.2775,0.2532,120,120,0,0,0,0,0,120,None,None,None,None,0,3.4089,3.412,3.4059,0.0007,0.55,0.5503,0.5498,0.0001,0.8728,0.875,0.8704,0.0015,-0.0001,-0.0001,-0.0001,0,0.0001,0.0001,0.0001,0,0,0,0,0,0,0,0,0,231.9667,550,68,91.2228,0,0,0,0,312.475,744,64,95.0942,34,46.85,47,41,23.64,23.68,23.63
2022-12-03 03:50:00,2.0163,3.5588,0.4584,0.735,120,94.7764,34.9745,120,87.0581,87.3135,86.8557,0.1288,120,25.0511,25.0859,25.0035,0.0236,120,1004.5413,1004.7365,1004.3336,0.059,120,5.1084,7.6898,2.6433,1.1852,120,0.0031,0.3661,0,0.0334,120,13.4413,13.7689,12.786,0.2412,120,120,0,0,0,0,0,120,None,None,None,None,0,3.409,3.4123,3.4056,0.001,0.5505,0.5509,0.55,0.0002,0.8706,0.8731,0.8686,0.0013,-0.0001,-0.0001,-0.0001,0,0.0001,0.0001,0,0,0,0,0,0,0,0,0,0,196.3333,364,27,79.8884,0,0,0,0,284.1083,916,38,121.1676,34,47.0167,49,45,23.63,23.68,23.63
2022-12-03 04:00:00,1.959,4.2028,0.3756,0.7615,120,96.8839,39.9516,120,86.9767,87.0388,86.8862,0.0309,120,24.9526,25.0035,24.915,0.0236,120,1004.6153,1004.7365,1004.3519,0.0946,120,3.0739,4.085,2.163,0.4765,120,0,0,0,0,120,13.4659,13.7689,13.2775,0.2399,120,120,0,0,0,0,0,120,None,None,None,None,0,3.4103,3.4123,3.4059,0.0016,0.5495,0.55,0.5492,0.0002,0.8698,0.8704,0.8689,0.0003,-0.0001,-0.0001,-0.0001,0,0,0.0001,0,0,0,0,0,0,0,0,0,0,190.1083,434,18,82.7763,0,0,0,0,301.2083,1019,69,145.8226,34,46.9333,47,41,23.64,23.68,23.63
2022-12-03 04:10:00,2.1018,3.9268,0.7252,0.5818,120,103.0035,22.4469,120,86.9566,87.0693,86.8557,0.0555,120,24.916,24.9394,24.8967,0.0114,120,1004.5973,1004.7365,1004.3336,0.0929,120,3.8269,4.8063,2.163,0.5233,120,0,0,0,0,120,13.5601,13.7689,13.2775,0.244,120,120,0,0,0,0,0,120,None,None,None,None,0,3.41,3.4123,3.4056,0.0015,0.5492,0.5494,0.549,0.0001,0.8696,0.8707,0.8686,0.0006,-0.0001,-0.0001,-0.0001,0,0,0.0001,0,0,0,0,0,0,0,0,0,0,205.6333,404,56,63.2406,0,0,0,0,294.3333,600,144,66.0643,34,46.9667,49,41,23.63,23.68,23.63
2022-12-03 04:20:00,2.6097,5.6196,0.8632,1.0455,120,100.5727,25.8646,120,86.6718,86.9472,86.4589,0.093,120,24.9602,25.0615,24.9089,0.0451,120,1004.5859,1004.9013,1004.5167,0.0865,120,6.36,8.1701,3.8449,0.9429,120,0,0,0,0,120,13.5846,14.2604,13.2775,0.2473,120,120,0,0,0,0,0,120,None,None,None,None,0,3.4098,3.415,3.4086,0.0014,0.5496,0.5506,0.5491,0.0004,0.8667,0.8695,0.8646,0.0009,-0.0001,-0.0001,-0.0001,0,0.0001,0.0001,0,0,0,0,0,0,0,0,0,0,260.8333,588,71,113.6409,0,0,0,0,286.6083,500,106,74.8088,34,46.55,49,41,23.64,23.68,23.63
2022-12-03 04:30:00,2.2579,4.2028,0.9,0.7585,120,102.5569,27.824,120,86.5515,86.7336,86.3674,0.1,120,25.1634,25.2446,25.0584,0.0522,120,1004.5769,1004.7182,1004.5167,0.0799,120,5.529,7.6898,4.085,0.8602,120,0,0,0,0,120,13.6911,14.2604,13.2775,0.2297,120,120,0,0.0025,0.3052,0,0.0279,120,None,None,None,None,0,3.4096,3.412,3.4086,0.0013,0.5516,0.5524,0.5506,0.0005,0.8655,0.8673,0.8637,0.001,-0.0001,-0.0001,-0.0001,0,0.0001,0.0001,0.0001,0,0,0,0,0,0,0.0003,0,0,222.6,434,75,82.4493,0,0,0,0,292.7833,513,73,80.5188,33,45.8833,47,41,23.64,23.68,23.63
2022-12-03 04:40:00,2.0551,4.442,0.3204,1.0055,120,101.2465,39.3992,120,86.1215,86.3674,85.9096,0.136,120,25.2601,25.2751,25.2355,0.0092,120,1004.7064,1004.9013,1004.5167,0.049,120,3.8408,4.8063,2.4032,0.5887,120,0.5159,1.8319,0,0.5193,120,13.6174,14.2604,13.2775,0.2451,120,120,0,0.9308,2.7467,0,0.766,120,None,None,None,None,0,3.4118,3.415,3.4086,0.0008,0.5526,0.5527,0.5524,0.0001,0.8612,0.8637,0.8591,0.0014,-0.0001,-0.0001,-0.0001,0,0,0.0001,0,0,0,0,0,0,0.0009,0.0027,0,0.0008,200.5583,460,12,109.2931,0,0,0,0,312.625,1018,86,141.5866,33,47,49,45,23.64,23.68,23.63
2022-12-03 04:50:00,1.9219,3.7612,0.5044,0.8365,120,98.9135,33.9362,120,85.6711,85.9096,85.5129,0.1166,120,25.2641,25.2782,25.2507,0.0061,120,1004.8314,1004.9196,1004.6999,0.0916,120,7.2291,15.1394,3.8449,3.2648,120,5.6512,13.922,1.8319,3.4358,120,13.6051,14.2604,13.2775,0.2495,120,120,0,5.9257,13.4281,2.4415,3.0783,120,89.57,89.82,89.32,0.2,38,3.4139,3.4153,3.4117,0.0015,0.5526,0.5528,0.5525,0.0001,0.8567,0.8591,0.8551,0.0012,-0.0001,-0.0001,-0.0001,0,0.0001,0.0002,0,0,0,0.0001,0,0,0.0059,0.0134,0.0024,0.0031,186.075,386,32,90.9196,0,0,0,0,290.9333,961,4,116.2236,33,46.95,47,45,23.64,23.68,23.63
2022-12-03 05:00:00,1.4118,2.832,0.5136,0.5369,120,107.6854,35.3442,120,85.4773,85.5434,85.3908,0.0317,120,25.2817,25.3331,25.2507,0.0222,120,1004.9683,1005.2675,1004.883,0.0937,120,21.8076,24.7512,15.1394,2.7422,120,21.8264,28.5762,14.2881,3.993,120,26.9236,85.5656,13.7689,21.6818,120,120,0,18.1967,20.4474,13.4281,1.9798,120,88.06,89.32,86.83,0.67,120,3.4161,3.4211,3.4147,0.0016,0.5528,0.5533,0.5525,0.0002,0.8548,0.8554,0.8539,0.0003,-0.0002,-0.0001,-0.0005,0.0001,0.0003,0.0003,0.0002,0,0.0002,0.0002,0.0001,0,0.0182,0.0204,0.0134,0.002,130.6333,285,33,58.3634,0,0,0,0,309.2833,700,40,105.3438,33,47,49,45,23.65,23.68,23.63
2022-12-03 05:10:00,1.961,4.4328,0.7068,0.7194,120,88.7438,32.8943,120,84.9951,85.3908,84.6889,0.1679,120,25.3483,25.4338,25.3239,0.0232,120,1005.1901,1005.4506,1005.0844,0.0943,120,33.5043,41.3323,24.7512,5.1455,120,44.9748,56.4214,28.5762,9.0137,120,153.7974,219.3248,88.0245,33.7128,120,120,0,26.5155,33.2652,19.837,3.9939,120,85.76,86.83,84.58,0.67,120,3.4198,3.4242,3.4181,0.0016,0.5535,0.5543,0.5532,0.0002,0.85,0.8539,0.8469,0.0017,-0.001,-0.0005,-0.0014,0.0002,0.0004,0.0005,0.0003,0.0001,0.0004,0.0005,0.0002,0.0001,0.0265,0.0333,0.0198,0.004,190.325,459,54,78.1982,0,0,0,0,258.7917,806,14,104.1843,33,46.7,49,41,23.64,23.68,23.63
2022-12-03 05:20:00,1.8232,3.8808,0.394,0.8126,120,96.4676,37.1642,120,84.5683,84.994,83.9564,0.2818,120,25.6289,25.7604,25.4308,0.0995,120,1005.318,1005.4689,1005.2492,0.0809,120,47.9545,60.7968,35.5646,8.4749,120,61.7942,88.2953,40.6675,14.3108,120,136.3358,257.1898,13.2775,110.0409,120,120,0,38.9925,50.3555,27.4667,7.4484,120,83.46,84.58,82.33,0.68,120,3.422,3.4245,3.4208,0.0013,0.5563,0.5576,0.5543,0.001,0.8457,0.8499,0.8396,0.0028,-0.0008,-0.0001,-0.0016,0.0007,0.0006,0.0008,0.0005,0.0001,0.0005,0.0007,0.0003,0.0001,0.039,0.0504,0.0275,0.0074,175.35,399,20,88.3278,0,0,0,0,287.7583,921,50,121.5896,33,46.8333,49,41,23.65,23.68,23.63
2022-12-03 05:30:00,1.7112,3.5404,0.578,0.6646,120,97.071,39.4159,120,83.7982,83.9869,83.6512,0.0668,120,25.6573,25.7573,25.6017,0.0474,120,1005.3941,1005.4689,1005.2492,0.0857,120,51.3828,58.874,41.0921,6.3724,120,51.2763,58.2521,41.0336,6.3489,120,14.0271,14.7535,13.2775,0.3311,120,120,0,44.7808,52.4918,35.7067,6.4284,120,81.15,82.33,80.08,0.67,120,3.4232,3.4245,3.4208,0.0014,0.5566,0.5576,0.556,0.0005,0.838,0.8399,0.8365,0.0007,-0.0001,-0.0001,-0.0001,0,0.0007,0.0007,0.0005,0.0001,0.0004,0.0005,0.0003,0.0001,0.0448,0.0525,0.0357,0.0064,163.175,362,40,72.2401,0,0,0,0,288.7083,975,19,128.4373,33,46.9167,49,41,23.65,23.68,23.63
2022-12-03 05:40:00,2.3262,4.2212,0.6516,0.7562,120,99.5018,30.7682,120,83.4875,83.6512,83.285,0.0842,120,25.6049,25.6993,25.5681,0.039,120,1005.5429,1005.8168,1005.2675,0.1047,120,82.4501,111.2606,56.7118,15.7873,120,86.4904,168.8956,56.7875,22.6043,120,38.8077,420.9442,13.7689,74.4683,120,120,0,73.3487,96.4385,50.3555,13.8107,120,78.84,80.08,77.57,0.67,120,3.4257,3.4303,3.4211,0.0017,0.5561,0.557,0.5557,0.0004,0.8349,0.8365,0.8329,0.0008,-0.0002,-0.0001,-0.0026,0.0005,0.001,0.0014,0.0007,0.0002,0.0007,0.0014,0.0005,0.0002,0.0733,0.0964,0.0504,0.0138,230.025,436,48,82.1925,0,0,0,0,288.8333,698,138,93.6759,33,46.8,47,41,23.64,23.68,23.63
2022-12-03 05:50:00,2.2566,5.0584,0.7252,0.9329,120,101.8584,32.0177,120,83.1022,83.4376,82.4915,0.2357,120,25.9559,26.325,25.7024,0.1917,120,1005.7407,1005.8351,1005.6154,0.0972,120,127.4648,147.0654,107.1756,12.741,120,203.7163,260.1212,110.6435,47.7766,120,327.3101,511.4277,19.6697,172.4457,120,120,0,142.9334,174.2607,97.0489,22.9058,120,76.52,77.57,75.32,0.67,120,3.429,3.4306,3.4269,0.0016,0.5596,0.5633,0.557,0.0019,0.831,0.8344,0.8249,0.0024,-0.002,-0.0001,-0.0032,0.0011,0.0016,0.0019,0.0014,0.0002,0.0017,0.0022,0.0009,0.0004,0.1429,0.1743,0.097,0.0229,222.4583,527,56,101.3971,0,0,0,0,302.3333,1010,52,114.2799,33,46.7,47,39,23.64,23.68,23.63
2022-12-03 06:00:00,2.2578,5.0308,0.3756,1.0323,120,97.0934,37.9217,120,81.7537,82.6441,80.9046,0.431,120,26.6029,26.8377,26.328,0.1399,120,1005.8216,1006.0182,1005.6154,0.0553,120,95.2282,106.4543,86.5094,4.8937,120,247.8392,264.5186,120.1693,18.7337,120,541.3231,586.6677,116.5469,62.4107,120,120,0,146.0819,154.7288,81.1792,9.4054,120,74.21,75.32,73.06,0.68,120,3.4304,3.4336,3.4269,0.0009,0.566,0.5684,0.5633,0.0014,0.8175,0.8264,0.809,0.0043,-0.0034,-0.0007,-0.0036,0.0004,0.0012,0.0014,0.0011,0.0001,0.0021,0.0022,0.001,0.0002,0.1461,0.1547,0.0812,0.0094,222.5917,524,18,112.2012,0,0,0,0,295.95,1014,14,137.7277,33,46.85,49,41,23.64,23.68,23.63
2022-12-03 06:10:00,2.3817,4.7548,0.4676,0.8619,120,105.9007,27.3395,120,80.4389,80.8435,79.928,0.2252,120,26.8917,27.0238,26.8255,0.0591,120,1005.9665,1006.2197,1005.6337,0.0886,120,95.2041,110.5394,86.0283,7.3812,120,228.7087,309.581,108.4454,79.8744,120,419.0149,624.0412,18.6868,256.1159,120,120,0,144.0423,196.234,78.4326,40.9039,120,71.89,73.06,70.8,0.68,120,3.4328,3.437,3.4272,0.0015,0.5689,0.5702,0.5683,0.0006,0.8044,0.8084,0.7993,0.0023,-0.0026,-0.0001,-0.0039,0.0016,0.0012,0.0014,0.0011,0.0001,0.0019,0.0026,0.0009,0.0007,0.144,0.1962,0.0784,0.0409,236.05,494,28,93.6869,0,0,0,0,309.2583,971,139,96.5958,33.8,46.9,47,41,23.64,23.68,23.63
2022-12-03 06:20:00,2.246,4.2488,0.5228,0.8285,120,99.5023,26.8493,120,79.4885,79.8975,79.165,0.1874,120,26.9624,27.0391,26.8895,0.0522,120,1006.1014,1006.2197,1005.9999,0.0912,120,136.6825,162.4449,111.2606,13.7421,120,292.8018,399.3421,118.3373,107.0991,120,428.3542,683.0519,21.1457,255.9205,120,120,0,208.8204,285.0429,93.997,70.5857,120,69.58,70.8,68.54,0.67,120,3.435,3.437,3.4333,0.0015,0.5696,0.5704,0.5689,0.0005,0.7949,0.799,0.7917,0.0019,-0.0027,-0.0001,-0.0042,0.0016,0.0017,0.0021,0.0014,0.0002,0.0024,0.0033,0.001,0.0009,0.2088,0.285,0.094,0.0706,221.3083,439,34,90.0537,0,0,0,0,283.975,592,67,78.8199,34,46.8667,49,41,23.65,23.68,23.63
2022-12-03 06:30:00,2.6157,5.4172,0.7344,0.936,120,101.0457,30.1969,120,78.8021,79.5923,78.0053,0.3962,120,27.2406,27.4023,27.0452,0.1013,120,1006.1113,1006.2197,1005.9999,0.0937,120,141.7008,165.3283,119.4307,12.7225,120,398.0321,459.4262,197.8391,46.7995,120,632.8559,695.3464,137.6926,105.153,120,120,0,286.8028,341.5021,154.7288,34.1604,120,67.26,68.29,66.04,0.67,120,3.4352,3.437,3.4333,0.0016,0.5724,0.574,0.5705,0.001,0.788,0.7959,0.7801,0.004,-0.0039,-0.0009,-0.0043,0.0007,0.0018,0.0021,0.0015,0.0002,0.0033,0.0038,0.0016,0.0004,0.2868,0.3415,0.1547,0.0342,261.4917,566,57,101.7434,0,0,0,0,289.05,589,68,88.0825,34,46.8667,49,41,23.64,23.68,23.63
2022-12-03 06:40:00,2.5822,5.0308,0.8908,0.8959,120,97.3595,36.1064,120,77.4845,78.6767,76.6015,0.6008,120,27.5067,27.619,27.3382,0.0829,120,1006.3218,1006.4211,1006.1831,0.0961,120,141.5626,180.948,111.0205,22.6737,120,307.5237,505.9556,124.1993,138.8567,120,380.879,734.6874,15.7364,314.8415,120,120,0,228.4717,378.7347,95.2178,99.1807,120,64.95,66.04,63.78,0.68,120,3.4387,3.4404,3.4364,0.0016,0.5751,0.5762,0.5734,0.0008,0.7748,0.7868,0.766,0.006,-0.0024,-0.0001,-0.0046,0.002,0.0018,0.0023,0.0014,0.0003,0.0026,0.0042,0.001,0.0012,0.2285,0.3787,0.0952,0.0992,257.85,524,74,97.376,0,0,0,0,293.8,973,18,131.1255,34,46.9,49,41,23.65,23.68,23.63
2022-12-03 06:50:00,2.1844,4.5616,0.6056,0.9552,120,106.0211,43.4098,120,77.1284,77.7306,76.6015,0.2509,120,27.2816,27.5182,27.1673,0.0969,120,1006.37,1006.4211,1006.2014,0.0808,120,133.3042,186.7157,97.8032,28.0885,120,411.4717,529.4022,126.3974,133.6144,120,571.0336,760.7493,15.7364,271.8884,120,120,0,313.2878,406.8117,97.6592,100.4473,120,62.63,63.78,61.53,0.68,120,3.4395,3.4404,3.4367,0.0013,0.5728,0.5752,0.5717,0.001,0.7713,0.7773,0.766,0.0025,-0.0035,-0.0001,-0.0047,0.0017,0.0017,0.0024,0.0012,0.0004,0.0034,0.0044,0.0011,0.0011,0.3133,0.4068,0.0977,0.1004,214.6083,473,43,103.8297,0,0,0,0,314.7583,875,22,137.7279,34,46.85,49,41,23.64,23.68,23.63
2022-12-03 07:00:00,2.5764,4.5616,0.2744,0.9732,120,114.2606,41.2355,120,76.293,77.0287,75.6554,0.3383,120,27.7121,27.8936,27.5182,0.0981,120,1006.3863,1006.6225,1006.2014,0.1105,120,115.0391,134.5701,99.2449,10.5813,120,507.2863,544.7899,276.6086,29.5052,120,750.4517,780.912,278.3355,53.712,120,120,0,390.9446,426.6488,224.9214,23.1434,120,60.33,61.53,59.27,0.67,120,3.4398,3.4437,3.4367,0.0018,0.5771,0.5789,0.5752,0.001,0.7629,0.7703,0.7566,0.0034,-0.0047,-0.0017,-0.0048,0.0003,0.0015,0.0017,0.0013,0.0001,0.0042,0.0045,0.0023,0.0002,0.3909,0.4266,0.2249,0.0231,257.2167,473,7,105.7819,0,0,0,0,334.6083,750,51,122.7252,34,46.9167,49,41,23.65,23.68,23.63
2022-12-03 07:10:00,2.6661,5.8404,0.762,1.2583,120,95.0627,36.1586,120,74.8517,75.808,74.0074,0.403,120,27.8314,27.9333,27.7258,0.0683,120,1006.563,1006.8056,1006.4028,0.0947,120,122.9151,160.2819,99.9661,19.6518,120,512.391,592.7839,169.2629,97.3853,120,694.1166,790.7477,52.127,186.7725,120,120,0,402.6231,469.0695,129.7037,77.493,120,58.02,59.27,56.78,0.67,120,3.4427,3.4468,3.44,0.0016,0.5783,0.5793,0.5773,0.0007,0.7485,0.7581,0.7401,0.004,-0.0043,-0.0003,-0.0049,0.0012,0.0016,0.002,0.0013,0.0003,0.0043,0.0049,0.0014,0.0008,0.4026,0.4691,0.1297,0.0775,266.9667,612,60,136.7698,0,0,0,0,291.9583,1012,22,141.5305,34.2,46.8833,49,41,23.65,23.68,23.63
2022-12-03 07:20:00,2.503,5.6012,0.5872,1.1884,120,110.0557,45.3054,120,73.7434,75.0755,72.8477,0.5897,120,28.0226,28.1561,27.9241,0.0782,120,1006.5606,1006.6408,1006.4028,0.0877,120,104.3336,119.1906,95.4,7.0164,120,563.6429,610.0036,398.976,35.7932,120,767.4665,810.9088,407.6668,67.7311,120,120,0,452.2055,495.0102,289.6206,32.0729,120,55.71,56.78,54.53,0.67,120,3.4427,3.444,3.44,0.0015,0.5802,0.5816,0.5792,0.0008,0.7374,0.7508,0.7285,0.0059,-0.0048,-0.0025,-0.005,0.0004,0.0013,0.0015,0.0012,0.0001,0.0047,0.0051,0.0033,0.0003,0.4522,0.495,0.2896,0.0321,249.2417,586,41,129.169,0,0,0,0,339.325,956,76,150.0302,35,46.8833,49,41,23.66,23.68,23.63
2022-12-03 07:30:00,2.8777,5.6748,0.44,1.1675,120,110.9477,37.1454,120,73.0962,74.16,72.0542,0.581,120,28.0712,28.2507,27.918,0.1134,120,1006.6752,1006.8239,1006.4211,0.0926,120,99.4675,111.5008,92.5165,4.732,120,614.7575,639.6795,530.1357,12.7347,120,815.5808,831.0715,688.9526,15.1298,120,120,0,502.1694,525.2235,439.4665,11.1555,120,53.42,54.53,52.3,0.67,120,3.4446,3.4471,3.4404,0.0015,0.5807,0.5825,0.5792,0.0011,0.731,0.7416,0.7205,0.0058,-0.0051,-0.0043,-0.0052,0.0001,0.0013,0.0014,0.0012,0.0001,0.0051,0.0053,0.0044,0.0001,0.5022,0.5252,0.4395,0.0112,289.9667,594,25,126.8995,0,0,0,0,329.775,992,48,123.5749,35,46.8,47,41,23.66,23.68,23.63
2022-12-03 07:40:00,3.3433,6.4476,0.7436,1.1132,120,105.3294,28.4766,120,72.8289,73.6412,71.9016,0.4819,120,28.0004,28.1347,27.8662,0.0795,120,1006.8413,1007.0254,1006.6042,0.0868,120,164.9522,223.963,112.4622,32.6193,120,667.7771,768.6411,261.587,99.9581,120,757.2051,823.6948,184.4086,130.9969,120,120,0,557.8987,648.5183,216.6814,84.8965,120,51.13,52.3,50.07,0.67,120,3.4474,3.4504,3.4434,0.0014,0.58,0.5814,0.5787,0.0008,0.7283,0.7364,0.719,0.0048,-0.0047,-0.0011,-0.0051,0.0008,0.0021,0.0028,0.0014,0.0004,0.0056,0.0064,0.0022,0.0008,0.5579,0.6485,0.2167,0.0849,340.575,678,58,121.0009,0,0,0,0,301.8,586,121,82.9467,35,46.9333,47,45,23.66,23.68,23.63
2022-12-03 07:50:00,3.0441,6.8524,0.716,1.4454,120,103.6977,29.8709,120,72.8833,73.7327,71.3218,0.6422,120,28.1917,28.446,27.9577,0.1583,120,1006.9289,1007.0437,1006.6408,0.1008,120,241.691,306.8669,175.9016,43.6209,120,679.0826,888.078,207.7311,214.6117,120,628.8767,850.2498,18.1953,299.6022,120,120,0,572.6213,764.4887,167.5466,186.3839,120,48.84,50.07,47.6,0.66,120,3.4488,3.4507,3.444,0.0017,0.5819,0.5845,0.5796,0.0016,0.7288,0.7373,0.7132,0.0064,-0.0039,-0.0001,-0.0053,0.0019,0.0031,0.0039,0.0022,0.0006,0.0057,0.0074,0.0017,0.0018,0.5726,0.7645,0.1675,0.1864,308.0583,722,55,157.1083,0,0,0,0,295.3333,525,47,86.027,35.5,46.7667,49,41,23.66,23.68,23.63
2022-12-03 08:00:00,3.0102,5.7852,0.7528,1.3285,120,116.1285,45.3178,120,72.7902,73.9158,71.8406,0.5917,120,28.2176,28.4857,28.031,0.157,120,1006.9843,1007.2085,1006.8056,0.0814,120,324.6176,412.1197,238.8614,48.879,120,687.6374,1013.3758,249.497,262.2587,120,502.9824,845.8234,20.6542,329.3309,120,120,0,599.119,886.2575,207.831,230.1208,120,46.56,47.6,45.39,0.66,120,3.4497,3.4535,3.4468,0.0014,0.5822,0.5849,0.5803,0.0016,0.7279,0.7392,0.7184,0.0059,-0.0031,-0.0001,-0.0052,0.002,0.0041,0.0052,0.003,0.0006,0.0057,0.0084,0.0021,0.0022,0.5991,0.8863,0.2078,0.2301,304.3667,606,59,144.3974,0,0,0,0,341.8083,893,64,137.2391,36,46.9,49,41,23.67,23.68,23.63
2022-12-03 08:10:00,3.1213,6.65,1.0748,1.2005,120,99.1058,33.6001,120,72.1768,72.7256,71.749,0.2381,120,28.179,28.4033,27.9882,0.1404,120,1007.0185,1007.2451,1006.8422,0.0644,120,264.9543,319.1228,200.8937,30.9259,120,555.6622,944.1321,218.7227,282.8857,120,389.3905,862.5443,14.7535,352.7404,120,120,0,478.1844,824.9153,182.5007,247.2491,120,44.3,45.39,43.19,0.66,120,3.4503,3.4541,3.4474,0.0011,0.5818,0.584,0.5799,0.0014,0.7218,0.7273,0.7175,0.0024,-0.0024,-0.0001,-0.0054,0.0022,0.0034,0.0041,0.0026,0.0004,0.0046,0.0079,0.0018,0.0024,0.4782,0.8249,0.1825,0.2472,316.45,700,94,130.4862,0,0,0,0,293.0417,991,25,116.0215,36,46.9,49,41,23.67,23.68,23.63
2022-12-03 08:20:00,3.3958,6.5488,0.3572,1.1483,120,100.8606,39.0936,120,72.456,73.2444,71.6269,0.4508,120,28.0902,28.2019,28.0004,0.0576,120,1007.0415,1007.2451,1006.8606,0.0521,120,221.924,303.022,155.7165,48.0369,120,798.8852,958.7863,263.419,185.6133,120,732.3672,866.9691,21.1457,256.8813,120,120,0,683.846,832.2397,215.1555,165.0796,120,42.05,43.19,41,0.66,120,3.4507,3.4541,3.4477,0.0009,0.5809,0.582,0.58,0.0006,0.7246,0.7324,0.7163,0.0045,-0.0045,-0.0001,-0.0054,0.0016,0.0028,0.0038,0.002,0.0006,0.0067,0.008,0.0022,0.0015,0.6838,0.8322,0.2152,0.1651,346.2833,689,16,124.8158,0,0,0,0,292.1417,748,26,116.3867,36.4,46.9167,47,41,23.67,23.68,23.63
2022-12-03 08:30:00,3.026,5.8772,0.4308,1.1977,120,82.6662,36.9528,120,72.5115,73.1834,71.7795,0.3058,120,28.3969,28.5589,28.1622,0.1261,120,1007.0054,1007.2268,1006.8239,0.0808,120,234.3517,333.5409,187.4362,42.0632,120,838.566,1009.7119,265.617,210.803,120,744.0834,873.3629,28.5224,269.2112,120,120,0,724.8985,878.0175,214.8503,187.5825,120,39.82,41,38.83,0.65,120,3.4501,3.4538,3.4471,0.0013,0.584,0.5856,0.5816,0.0013,0.7251,0.7318,0.7178,0.0031,-0.0046,-0.0002,-0.0054,0.0017,0.003,0.0042,0.0024,0.0005,0.007,0.0084,0.0022,0.0018,0.7249,0.878,0.2149,0.1876,306.0917,616,24,130.1814,0,0,0,0,248.25,918,31,121.7773,37,46.85,47,41,23.67,23.68,23.63
2022-12-03 08:40:00,3.2963,6.098,0.762,1.1902,120,94.9656,37.0508,120,71.8525,72.573,71.2912,0.3198,120,28.4758,28.5406,28.4124,0.038,120,1007.0473,1007.2451,1006.8606,0.0707,120,318.8984,399.1433,241.0244,41.595,120,809.577,1102.0372,319.8403,229.3549,120,583.2456,885.1644,26.5549,288.7914,120,120,0,704.3291,963.1642,266.1214,208.2836,120,37.6,38.59,36.44,0.64,120,3.4508,3.4541,3.4477,0.0012,0.5848,0.5854,0.5841,0.0004,0.7185,0.7257,0.7129,0.0032,-0.0036,-0.0002,-0.0055,0.0018,0.004,0.0051,0.0031,0.0005,0.0067,0.0092,0.0027,0.0019,0.7043,0.9632,0.2661,0.2083,335.4667,640,60,129.3716,0,0,0,0,279.225,914,42,118.001,37,46.9833,49,45,23.68,23.68,23.63
2022-12-03 08:50:00,3.236,6.3648,0.44,1.138,120,82.6701,38.6334,120,71.4484,72.3289,70.6809,0.3292,120,28.5163,28.5772,28.449,0.0404,120,1007.0249,1007.0803,1006.8606,0.0768,120,261.7403,337.626,204.2575,32.8559,120,854.2526,1079.6879,218.3553,295.1959,120,685.7609,907.786,17.2108,335.9785,120,120,0,740.0179,946.6842,174.5659,267.4331,120,35.41,36.44,34.32,0.64,120,3.4504,3.4513,3.4477,0.0013,0.5852,0.5858,0.5845,0.0004,0.7145,0.7233,0.7068,0.0033,-0.0043,-0.0001,-0.0056,0.0021,0.0033,0.0043,0.0026,0.0004,0.0071,0.009,0.0018,0.0025,0.74,0.9467,0.1746,0.2674,328.9083,669,25,123.6958,0,0,0,0,258.7,985,23,140.6563,37.3,46.7333,49,41,23.67,23.68,23.63
2022-12-03 09:00:00,3.0491,6.2268,0.6516,1.3661,120,103.3809,42.7087,120,71.5768,72.7256,70.4367,0.6079,120,28.4877,28.797,28.3209,0.1186,120,1007.0966,1007.2817,1007.0437,0.067,120,312.7687,397.4614,248.4732,39.2037,120,762.2911,1167.617,274.0432,325.1266,120,502.8145,895.9829,15.2449,360.233,120,120,0,670.0339,1034.8827,230.7199,294.6343,120,33.25,34.32,32.23,0.63,120,3.4516,3.4547,3.4507,0.0011,0.5849,0.588,0.5832,0.0012,0.7158,0.7273,0.7044,0.0061,-0.0031,-0.0001,-0.0056,0.0022,0.004,0.005,0.0032,0.0005,0.0063,0.0097,0.0023,0.0027,0.67,1.0349,0.2307,0.2946,308.6,654,48,148.4904,0,0,0,0,321.4333,961,26,151.6542,38,46.8,49,41,23.68,23.68,23.63
2022-12-03 09:10:00,3.8376,6.604,1.084,1.2697,120,96.7587,27.0298,120,70.7806,71.7185,69.6738,0.5488,120,28.7048,28.8702,28.4063,0.1379,120,1007.092,1007.2817,1006.8789,0.0703,120,394.3356,485.4126,334.5024,41.0258,120,771.1297,1292.9148,351.3481,352.5211,120,413.3063,906.8015,15.2449,362.0879,120,120,0,682.2921,1165.8071,309.4577,324.324,120,31.13,32.23,30.17,0.61,120,3.4515,3.4547,3.448,0.0012,0.587,0.5887,0.5841,0.0014,0.7078,0.7172,0.6967,0.0055,-0.0026,-0.0001,-0.0056,0.0022,0.005,0.0062,0.0042,0.0005,0.0064,0.0108,0.0029,0.0029,0.6823,1.1658,0.3095,0.3243,394.3083,695,95,138.0103,0,0,0,0,282.3667,1002,61,99.9945,38,46.8667,49,41,23.68,23.68,23.63
2022-12-03 09:20:00,2.7489,5.1412,0.7344,0.8885,120,109.3128,40.7203,120,71.3126,72.1152,70.4062,0.4116,120,28.631,28.9557,28.3544,0.1977,120,1007.0559,1007.2634,1006.8789,0.0759,120,337.3357,422.6937,254.9614,49.312,120,880.4327,1248.5846,269.6471,360.0265,120,584.6103,906.8015,15.7364,373.4806,120,120,0,788.4381,1124.6071,230.4147,327.1055,120,29.04,30.17,27.94,0.6,120,3.4509,3.4544,3.448,0.0013,0.5863,0.5896,0.5835,0.002,0.7131,0.7212,0.7041,0.0041,-0.0036,-0.0001,-0.0056,0.0023,0.0043,0.0054,0.0032,0.0006,0.0073,0.0104,0.0022,0.003,0.7884,1.1246,0.2304,0.3271,275.9667,536,57,96.576,0,0,0,0,320.425,908,16,125.5925,38,46.9,49,41,23.68,23.68,23.63
2022-12-03 09:30:00,3.0122,6.7052,0.9092,1.2817,120,92.6483,36.3693,120,70.4042,71.1081,69.216,0.4277,120,28.863,28.9679,28.7756,0.0558,120,1007.0298,1007.2451,1006.8789,0.0905,120,244.116,390.7331,160.0417,66.2475,120,793.7255,1247.485,267.449,343.1671,120,585.7249,906.31,14.2604,397.179,120,120,0,705.6795,1116.9775,229.194,307.9121,120,27,27.94,25.98,0.58,120,3.4505,3.4541,3.448,0.0015,0.5886,0.5897,0.5878,0.0006,0.704,0.7111,0.6922,0.0043,-0.0036,-0.0001,-0.0056,0.0025,0.0031,0.005,0.002,0.0008,0.0066,0.0104,0.0022,0.0029,0.7057,1.117,0.2292,0.3079,304.5917,706,76,139.3111,0,0,0,0,275.525,923,27,120.4804,39,46.8833,47,41,23.68,23.68,23.63
2022-12-03 09:40:00,3.5356,7.2112,0.4584,1.1796,120,105.8245,40.1438,120,69.818,70.2841,68.9718,0.2625,120,28.8179,28.8671,28.7756,0.0253,120,1007.0363,1007.1169,1006.8972,0.0891,120,190.4483,311.6732,148.9882,43.409,120,1060.0785,1191.7971,984.7995,44.2395,120,901.7697,915.1611,728.2936,20.2529,120,120,0,931.4427,1044.6486,855.4338,40.4701,120,25.04,25.98,24.1,0.57,120,3.4506,3.4519,3.4483,0.0015,0.5882,0.5887,0.5878,0.0003,0.6982,0.7028,0.6897,0.0026,-0.0056,-0.0045,-0.0057,0.0001,0.0024,0.004,0.0019,0.0006,0.0088,0.0099,0.0082,0.0004,0.9314,1.0446,0.8554,0.0405,361.4833,761,27,128.212,0,0,0,0,304.4333,634,54,114.6463,39,46.8833,49,41,23.68,23.68,23.63
2022-12-03 09:50:00,2.6054,5.7116,0.5596,1.0724,120,85.1903,49.0912,120,69.1542,70.3757,68.1783,0.6573,120,29.0353,29.1449,28.861,0.0913,120,1007.0432,1007.1169,1006.8972,0.0894,120,287.715,348.6803,243.6677,26.9218,120,598.2892,1188.4994,263.419,379.9973,120,316.5939,922.5379,14.7535,383.1981,120,120,0,517.0217,1073.0308,211.7985,346.4839,120,23.15,24.1,22.31,0.54,120,3.4507,3.4519,3.4483,0.0015,0.5904,0.5915,0.5886,0.0009,0.6915,0.7038,0.6818,0.0066,-0.002,-0.0001,-0.0057,0.0024,0.0037,0.0044,0.0031,0.0003,0.005,0.0099,0.0022,0.0032,0.517,1.073,0.2118,0.3465,260.3667,598,38,116.5624,0,0,0,0,302.875,1013,23,198.5693,39,46.95,49,41,23.68,23.68,23.68
2022-12-03 10:00:00,3.4358,5.9048,0.716,1.0678,120,78.3667,31.9966,120,69.2867,70.2841,67.9342,0.6293,120,28.6332,28.8794,28.5437,0.0841,120,1006.9681,1007.1169,1006.7324,0.0908,120,316.8598,413.0811,254.0008,40.0042,120,912.9297,1243.0888,275.1429,339.2906,120,607.7148,906.8015,16.7193,355.7275,120,120,0,812.5172,1137.73,221.2592,312.7825,120,21.37,22.31,20.45,0.5,120,3.4495,3.4519,3.4455,0.0015,0.5863,0.5888,0.5854,0.0008,0.6929,0.7028,0.6793,0.0063,-0.0038,-0.0001,-0.0056,0.0022,0.004,0.0052,0.0032,0.0005,0.0076,0.0104,0.0023,0.0028,0.8125,1.1377,0.2213,0.3128,350.625,619,55,116.0655,0,0,0,0,238.9083,1020,39,122.3732,39,46.8667,47,41,23.68,23.68,23.63
2022-12-03 10:10:00,2.7362,6.1716,0.5872,1.1466,120,77.8518,49.5465,120,70.2129,71.0776,69.4296,0.3799,120,28.7078,28.8641,28.5986,0.0902,120,1006.9202,1007.1169,1006.7141,0.0752,120,382.0381,536.8378,273.7055,76.1083,120,835.2076,1396.964,288.3325,401.1372,120,449.1391,887.1318,15.2449,358.149,120,120,0,760.4348,1290.3226,252.0829,371.4752,120,19.73,20.45,18.93,0.46,120,3.4487,3.4519,3.4452,0.0013,0.5871,0.5886,0.586,0.0009,0.7021,0.7108,0.6943,0.0038,-0.0028,-0.0001,-0.0055,0.0022,0.0049,0.0068,0.0035,0.001,0.007,0.0116,0.0024,0.0033,0.7604,1.2903,0.2521,0.3715,274.5833,648,41,124.6302,0,0,0,0,270.2083,970,25,184.2239,40,47,49,45,23.68,23.68,23.68
2022-12-03 10:20:00,2.9767,5.8956,0.532,1.051,120,86.3858,38.7819,120,70.4466,71.1386,69.3686,0.4016,120,28.9697,29.1327,28.8458,0.0988,120,1006.8152,1006.9338,1006.6958,0.0951,120,498.2507,662.7559,326.0913,105.2584,120,926.6044,1455.9496,363.4382,352.0234,120,413.6998,883.69,16.7193,331.2925,120,120,0,845.8586,1337.0159,311.8992,326.209,120,18.25,18.93,17.59,0.4,120,3.4469,3.4489,3.4449,0.0016,0.5897,0.5913,0.5885,0.001,0.7045,0.7114,0.6937,0.004,-0.0026,-0.0001,-0.0055,0.0021,0.0063,0.0084,0.0041,0.0013,0.0077,0.0121,0.003,0.0029,0.8459,1.337,0.3119,0.3262,300.725,618,35,114.2397,0,0,0,0,262.225,984,48,130.9791,40,46.8333,49,41,23.68,23.68,23.68
2022-12-03 10:30:00,3.235,6.6316,0.9184,1.3002,120,89.1031,41.9451,120,70.7823,71.8406,69.3075,0.7135,120,28.623,28.9404,28.5131,0.104,120,1006.7106,1006.9338,1006.531,0.0816,120,353.6222,535.8764,180.4677,117.923,120,697.1507,1366.922,193.8091,440.0332,120,325.7979,887.6233,13.2775,349.0095,120,120,0,610.4745,1215.5522,160.5274,395.645,120,16.99,17.59,16.48,0.33,120,3.4452,3.4489,3.4422,0.0014,0.5862,0.5894,0.5851,0.001,0.7078,0.7184,0.6931,0.0071,-0.002,-0.0001,-0.0055,0.0022,0.0045,0.0068,0.0023,0.0015,0.0058,0.0114,0.0016,0.0037,0.6105,1.2156,0.1605,0.3956,328.8083,698,77,141.3256,0,0,0,0,271.2083,945,40,138.0022,40,46.8833,47,41,23.68,23.68,23.68
2022-12-03 10:40:00,2.7922,5.6656,0.394,1.1915,120,80.6782,48.3119,120,71.5598,72.6951,70.8029,0.4077,120,28.8535,28.9526,28.6199,0.0844,120,1006.5926,1006.7507,1006.531,0.0829,120,423.3041,533.7134,359.7339,45.4999,120,941.9003,1372.0504,407.7683,328.1177,120,496.2536,869.9194,22.6217,322.3269,120,120,0,834.1446,1221.6559,343.028,301.4755,120,16,16.48,15.64,0.25,120,3.4432,3.4458,3.4422,0.0014,0.5885,0.5895,0.5862,0.0008,0.7156,0.727,0.708,0.0041,-0.0031,-0.0001,-0.0054,0.002,0.0054,0.0068,0.0046,0.0006,0.0078,0.0114,0.0034,0.0027,0.8341,1.2217,0.343,0.3015,280.675,593,20,129.5099,0,0,0,0,291.375,1022,31,200.7359,40,46.9,49,41,23.68,23.68,23.68
2022-12-03 10:50:00,3.3822,5.8772,0.67,1.1112,120,89.6911,39.2405,120,71.309,71.9321,70.6503,0.2917,120,28.7806,28.9343,28.5528,0.1186,120,1006.4495,1006.7324,1006.2929,0.0987,120,352.7491,436.8717,256.4031,51.3206,120,701.3273,1328.0864,275.1429,394.3476,120,332.9899,870.4125,14.2604,356.418,120,120,0,622.8879,1193.2737,236.5185,354.2953,120,15.32,15.57,15.09,0.15,120,3.4408,3.4455,3.4382,0.0016,0.5878,0.5893,0.5855,0.0012,0.7131,0.7193,0.7065,0.0029,-0.0021,-0.0001,-0.0054,0.0022,0.0045,0.0055,0.0033,0.0007,0.0058,0.0111,0.0023,0.0033,0.6229,1.1933,0.2365,0.3543,344.8083,616,50,120.7794,0,0,0,0,279.325,1021,54,149.6634,40,46.6833,49,41,23.68,23.68,23.68
2022-12-03 11:00:00,4.0312,7.6712,1.36,1.4887,120,86.9718,30.9418,120,71.9891,72.8172,71.1692,0.3596,120,28.4614,28.5559,28.3819,0.0494,120,1006.3237,1006.5493,1006.1647,0.0801,120,347.2722,425.337,263.8528,43.708,120,834.1757,1338.3445,311.7803,373.2064,120,472.5509,890.5736,15.2449,376.2062,120,120,0,750.0178,1227.1493,274.0562,337.5617,120,15,15.09,14.97,0.04,120,3.4387,3.4425,3.4361,0.0013,0.5846,0.5856,0.5838,0.0005,0.7199,0.7282,0.7117,0.0036,-0.0029,-0.0001,-0.0055,0.0023,0.0044,0.0054,0.0034,0.0006,0.0069,0.0111,0.0026,0.0031,0.75,1.2271,0.2741,0.3376,415.35,811,125,161.8137,0,0,0,0,252.3833,671,74,93.483,40,46.8333,49,41,23.68,23.68,23.68
2022-12-03 11:10:00,3.4028,7.938,0.4584,1.5238,120,90.7757,37.0332,120,72.059,73.1529,70.864,0.5758,120,28.7676,28.8977,28.5253,0.1074,120,1006.1657,1006.3662,1005.9633,0.0716,120,361.9688,492.8622,225.885,65.8743,120,1061.3822,1371.3181,391.6483,269.6564,120,676.2822,910.2449,31.9642,292.4835,120,120,0,965.2369,1265.9078,346.6903,253.2299,120,15.07,15.22,14.97,0.08,120,3.4361,3.4394,3.4327,0.0012,0.5877,0.589,0.5853,0.0011,0.7206,0.7315,0.7086,0.0058,-0.0042,-0.0002,-0.0056,0.0018,0.0046,0.0063,0.0029,0.0008,0.0088,0.0114,0.0033,0.0022,0.9652,1.2659,0.3467,0.2532,347.0417,840,27,165.6282,0,0,0,0,280.9167,951,27,136.4159,40.7,46.9667,49,41,23.68,23.68,23.68
2022-12-03 11:20:00,3.7081,6.5212,1.4244,1.1475,120,80.5609,34.451,120,71.6844,72.2983,71.0166,0.2521,120,28.7581,29.0838,28.6291,0.1284,120,1006.0941,1006.1831,1005.9633,0.089,120,233.3024,329.4559,202.0953,27.9106,120,1139.2783,1211.581,622.0936,69.8112,120,880.3331,912.2108,246.3713,83.942,120,120,0,1021.8792,1093.7834,500.8087,70.5122,120,15.51,15.82,15.22,0.18,120,3.4349,3.4364,3.4327,0.0015,0.5876,0.5908,0.5863,0.0013,0.7168,0.723,0.7102,0.0025,-0.0055,-0.0015,-0.0057,0.0005,0.003,0.0042,0.0026,0.0004,0.0095,0.0101,0.0052,0.0006,1.0219,1.0938,0.5008,0.0705,380.2333,686,132,124.7316,0,0,0,0,232.7833,643,8,101.9866,41,46.9,47,41,23.68,23.68,23.68
2022-12-03 11:30:00,3.4961,8.1496,0.7528,1.6094,120,85.5579,46.5097,120,69.6643,70.9861,68.4225,0.7062,120,29.0468,29.1479,28.742,0.1093,120,1006.0312,1006.2014,1005.9816,0.0772,120,330.1406,400.5858,260.489,39.382,120,641.4932,1294.3806,272.5786,356.8925,120,311.2583,907.2929,13.7689,338.5676,120,120,0,581.2581,1181.9819,249.3362,332.6073,120,16.31,16.85,15.82,0.28,120,3.4339,3.4367,3.433,0.0013,0.5905,0.5915,0.5874,0.0011,0.6966,0.7099,0.6842,0.0071,-0.0019,-0.0001,-0.0056,0.0021,0.0042,0.0051,0.0033,0.0005,0.0053,0.0108,0.0023,0.003,0.5813,1.182,0.2493,0.3326,357.1833,863,59,174.9376,0,0,0,0,295.2167,1017,0,190.1451,41,46.8667,47,41,23.68,23.68,23.68
2022-12-03 11:40:00,3.3664,7.0364,1.1852,1.253,120,84.0921,30.9128,120,69.6066,70.4672,68.8498,0.3541,120,28.6898,28.8519,28.6383,0.05,120,1005.9088,1006.1831,1005.7802,0.1084,120,287.1964,354.9276,245.1094,24.758,120,880.6129,1227.7011,290.1645,364.8672,120,579.0411,909.2604,15.2449,369.3498,120,120,0,788.7992,1115.1463,252.0829,338.3553,120,17.4,18.05,16.85,0.36,120,3.4318,3.4364,3.4297,0.0018,0.5869,0.5885,0.5864,0.0005,0.6961,0.7047,0.6885,0.0035,-0.0036,-0.0001,-0.0056,0.0023,0.0036,0.0045,0.0031,0.0003,0.0073,0.0102,0.0024,0.003,0.7888,1.1151,0.2521,0.3384,343.0917,742,106,136.1913,0,0,0,0,244.7333,670,45,94.0175,41,46.9667,49,41,23.68,23.68,23.68
2022-12-03 11:50:00,3.2501,7.0364,0.762,1.4637,120,82.3232,34.7828,120,69.6699,70.8029,68.6666,0.5964,120,29.0722,29.2395,28.861,0.1007,120,1005.7654,1005.8168,1005.5971,0.0697,120,256.6678,373.1906,210.0252,44.2093,120,818.1531,1210.1152,220.5534,387.357,120,556.4038,921.5549,13.7689,393.8358,120,120,0,734.6238,1097.1404,185.8577,356.4125,120,18.74,19.46,18.05,0.42,120,3.4294,3.4303,3.4266,0.0012,0.5907,0.5924,0.5886,0.001,0.6967,0.708,0.6867,0.006,-0.0035,-0.0001,-0.0057,0.0024,0.0033,0.0047,0.0027,0.0006,0.0068,0.0101,0.0018,0.0032,0.7346,1.0971,0.1859,0.3564,330.45,742,60,159.098,0,0,0,0,249.0917,1022,49,123.2388,41,46.8667,49,41,23.68,23.68,23.68
2022-12-03 12:00:00,4.0336,7.248,1.1392,1.4835,120,89.3299,32.9183,120,69.2724,70.2536,68.4835,0.3663,120,28.8809,29.0106,28.7451,0.0678,120,1005.6049,1005.7985,1005.4323,0.0495,120,276.4509,346.5173,226.6063,33.03,120,1018.1476,1238.6927,338.8908,270.6299,120,740.7189,920.5704,26.0635,290.2213,120,120,0,914.0828,1118.5034,284.1273,250.7528,120,20.27,21.03,19.46,0.47,120,3.4267,3.43,3.4239,0.0008,0.5888,0.5901,0.5875,0.0007,0.6927,0.7025,0.6848,0.0037,-0.0046,-0.0002,-0.0057,0.0018,0.0035,0.0044,0.0029,0.0004,0.0085,0.0103,0.0028,0.0023,0.9141,1.1185,0.2841,0.2508,415.6083,765,101,161.2525,0,0,0,0,259.075,659,46,98.0919,41,46.8833,49,41,23.68,23.68,23.68
2022-12-03 12:10:00,3.7272,6.9904,0.762,1.3473,120,80.9896,36.8061,120,69.6219,70.4062,68.8803,0.3858,120,28.7867,28.9221,28.7115,0.0646,120,1005.5597,1005.6337,1005.414,0.0843,120,329.8062,416.6858,243.6677,55.6532,120,805.1013,1247.485,263.0528,362.7966,120,479.8289,885.1644,14.2604,368.3675,120,120,0,728.6777,1172.5211,221.8696,342.9889,120,21.97,22.94,21.03,0.51,120,3.426,3.4272,3.4236,0.0014,0.5879,0.5892,0.5871,0.0006,0.6962,0.7041,0.6888,0.0039,-0.003,-0.0001,-0.0055,0.0023,0.0042,0.0053,0.0031,0.0007,0.0067,0.0104,0.0022,0.003,0.7287,1.1725,0.2219,0.343,382.3083,737,60,146.4437,0,0,0,0,245.2917,770,19,121.7588,41,46.8667,49,41,23.68,23.68,23.68
2022-12-03 12:20:00,3.7786,7.386,0.7988,1.4912,120,82.0457,33.868,120,69.9901,70.7724,69.2465,0.382,120,28.583,28.742,28.3789,0.0933,120,1005.5031,1005.6337,1005.2309,0.1036,120,295.8694,355.6488,230.6913,35.2115,120,559.4602,1199.1248,241.437,369.4544,120,270.4259,888.1147,13.7689,354.2944,120,120,0,489.1532,1084.0175,197.1496,338.763,120,23.79,24.77,22.94,0.54,120,3.4251,3.4272,3.4205,0.0017,0.5858,0.5874,0.5838,0.0009,0.6999,0.7077,0.6925,0.0038,-0.0017,-0.0001,-0.0055,0.0022,0.0038,0.0045,0.0029,0.0004,0.0047,0.01,0.002,0.0031,0.4892,1.084,0.1971,0.3388,387.8917,780,64,162.0853,0,0,0,0,239.1333,630,12,101.64,41,46.9,47,41,23.68,23.68,23.68
2022-12-03 12:30:00,3.0464,6.4292,0.6884,1.2222,120,98.4887,37.0493,120,71.0425,71.688,70.2536,0.3555,120,28.5751,28.8977,28.3758,0.1852,120,1005.3856,1005.6337,1005.2309,0.1018,120,257.1785,309.7512,230.4512,18.5283,120,770.2443,1178.9748,246.9328,372.2083,120,538.7949,913.6868,14.2604,387.2059,120,120,0,677.9255,1058.9923,200.5066,347.2535,120,25.7,26.68,24.77,0.57,120,3.4231,3.4272,3.4205,0.0017,0.5857,0.589,0.5838,0.0019,0.7104,0.7169,0.7025,0.0036,-0.0033,-0.0001,-0.0057,0.0024,0.0033,0.0039,0.0029,0.0002,0.0064,0.0098,0.0021,0.0031,0.6779,1.059,0.2005,0.3473,308.3083,676,52,132.8525,0,0,0,0,287.4833,725,37,111.8485,41,46.8833,47,41,23.68,23.68,23.68
2022-12-03 12:40:00,3.1436,6.4844,0.6056,1.4393,120,87.599,43.0832,120,70.3396,71.1692,69.5822,0.4004,120,28.8038,28.9251,28.6505,0.0867,120,1005.2403,1005.4323,1005.0295,0.0889,120,298.759,389.0512,253.0394,28.6481,120,575.6232,1144.9016,269.2809,329.2797,120,292.383,888.1147,14.7535,335.2538,120,120,0,509.6286,1037.0189,225.2266,304.9744,120,27.69,28.65,26.68,0.59,120,3.4207,3.4239,3.4172,0.0015,0.588,0.5893,0.5865,0.0009,0.7034,0.7117,0.6958,0.004,-0.0018,-0.0001,-0.0055,0.0021,0.0038,0.0049,0.0032,0.0004,0.0048,0.0095,0.0022,0.0027,0.5096,1.037,0.2252,0.305,318.8667,682,43,156.4461,0,0,0,0,304.225,1012,58,184.8821,41,46.9333,47,41,23.68,23.68,23.68
2022-12-03 12:50:00,3.1214,6.6592,0.3848,1.3798,120,73.1865,43.998,120,70.337,71.0471,69.8264,0.2885,120,28.7206,28.8122,28.6627,0.0406,120,1005.1463,1005.2675,1005.0295,0.0981,120,337.6,472.6764,225.6449,60.4794,120,500.0932,1235.0288,231.1789,304.1588,120,175.3035,862.5443,13.7689,284.4669,120,120,0,451.6358,1131.6263,214.8503,276.0642,120,29.74,30.67,28.65,0.6,120,3.4191,3.4211,3.4172,0.0016,0.5872,0.5881,0.5866,0.0004,0.7034,0.7105,0.6983,0.0029,-0.0011,-0.0001,-0.0054,0.0018,0.0043,0.006,0.0029,0.0008,0.0042,0.0103,0.0019,0.0025,0.4516,1.1316,0.2149,0.2761,316.4583,701,19,149.9817,0,0,0,0,283.1583,1021,16,220.7544,41,47.0167,49,47,23.68,23.68,23.68
2022-12-03 13:00:00,3.2573,5.0308,0.8356,0.9713,120,131.9724,45.5367,120,70.6737,71.7795,70.0095,0.4354,120,28.4169,28.6932,28.034,0.1994,120,1005.0862,1005.2492,1004.8647,0.0743,120,187.811,235.0165,126.3992,44.9245,120,192.02,238.8727,129.6951,45.9042,120,13.4494,23.6046,10.8186,1.8876,120,120,0,184.7082,231.9407,122.6844,43.0428,120,31.85,32.97,30.9,0.62,120,3.4181,3.4208,3.4144,0.0012,0.5842,0.5869,0.5803,0.002,0.7067,0.7178,0.7001,0.0044,-0.0001,-0.0001,-0.0001,0,0.0024,0.003,0.0016,0.0006,0.0016,0.002,0.0011,0.0004,0.1847,0.2319,0.1227,0.043,331.225,524,68,105.5779,0,0,0,0,372.5417,622,29,128.2769,41,46.9167,49,41,23.68,23.68,23.68
2022-12-03 13:10:00,1.7832,4.0648,0.394,0.7876,120,141.1648,50.829,120,73.0244,74.4041,71.0471,0.8524,120,27.8671,28.034,27.7929,0.0506,120,1005.022,1005.2492,1004.8647,0.0911,120,171.5445,362.3772,137.2134,49.6892,120,205.1603,849.9748,136.2893,132.636,120,49.143,752.8811,13.2775,129.7028,120,120,0,185.9696,788.5983,124.8207,124.1537,120,33.99,35.07,32.97,0.63,120,3.417,3.4208,3.4144,0.0015,0.5787,0.5803,0.5779,0.0005,0.7302,0.744,0.7105,0.0085,-0.0003,-0.0001,-0.0047,0.0008,0.0022,0.0046,0.0017,0.0006,0.0017,0.0071,0.0011,0.0011,0.186,0.7886,0.1248,0.1242,171,419,20,85.6062,0,0,0,0,402.5333,808,12,146.0405,41,46.8,47,41,23.68,23.68,23.68
2022-12-03 13:20:00,2.6419,5.776,0.5964,1.1326,120,100.2076,44.6226,120,74.6279,75.4112,73.7022,0.4287,120,27.8746,27.973,27.8051,0.039,120,1004.8767,1005.0661,1004.6632,0.0686,120,237.2774,421.9724,158.1197,95.5501,120,310.1128,1117.0576,159.0036,243.5527,120,96.3888,792.7135,13.7689,195.5317,120,120,0,286.5485,1011.0782,150.7614,224.2216,120,36.16,37.21,35.07,0.64,120,3.4146,3.4178,3.4111,0.0011,0.5787,0.5797,0.578,0.0004,0.7463,0.7541,0.737,0.0043,-0.0006,-0.0001,-0.0049,0.0012,0.003,0.0054,0.002,0.0012,0.0026,0.0093,0.0013,0.002,0.2865,1.0111,0.1508,0.2242,264.3417,605,42,123.1131,0,0,0,0,306.8917,1015,69,146.6316,41,46.8833,49,41,23.68,23.68,23.63
2022-12-03 13:30:00,3.3619,6.5488,0.9184,1.2435,120,110.5856,37.0594,120,74.9563,75.4723,74.3431,0.311,120,28.1309,28.4124,27.9699,0.1387,120,1004.7435,1004.883,1004.6632,0.0907,120,258.0897,310.7118,220.5984,25.8681,120,880.1885,986.6303,339.9904,138.6679,120,748.0748,840.4141,91.9594,165.07,120,120,0,796.4848,896.6338,324.1066,123.496,120,38.35,39.36,37.21,0.64,120,3.4124,3.4147,3.4111,0.0015,0.5813,0.5841,0.5797,0.0014,0.7496,0.7547,0.7434,0.0031,-0.0046,-0.0006,-0.0052,0.001,0.0033,0.0039,0.0028,0.0003,0.0073,0.0082,0.0028,0.0012,0.7965,0.8966,0.3241,0.1235,342.6,689,77,135.1638,0,0,0,0,326.0583,933,63,120.9975,41,46.6833,49,41,23.68,23.68,23.68
2022-12-03 13:40:00,3.0438,6.0888,0.44,1.3785,120,109.4969,40.6795,120,73.0092,74.7093,70.5893,1.3314,120,28.9589,29.212,28.4185,0.258,120,1004.6715,1004.883,1004.4801,0.0785,120,272.7181,338.5874,236.6984,27.7738,120,845.6064,942.6663,316.9088,130.6371,120,705.5418,796.6484,75.7315,162.3875,120,120,0,742.3348,830.1035,264.2903,119.7022,120,40.58,41.78,39.36,0.65,120,3.4112,3.4147,3.408,0.0013,0.5896,0.5921,0.5842,0.0026,0.7301,0.7471,0.7059,0.0133,-0.0044,-0.0005,-0.0049,0.001,0.0035,0.0043,0.003,0.0004,0.007,0.0079,0.0026,0.0011,0.7423,0.8301,0.2643,0.1197,308.025,639,25,149.833,0,0,0,0,313.675,576,30,115.9934,41,46.8167,49,41,23.68,23.68,23.68
2022-12-03 13:50:00,3.5541,6.6224,1.6084,1.2457,120,111.876,35.5126,120,71.1107,71.6269,70.5283,0.256,120,28.8598,29.0594,28.7176,0.1075,120,1004.577,1004.6999,1004.3153,0.0986,120,345.8724,377.0354,297.4953,22.6564,120,593.9812,977.4718,307.383,227.7839,120,317.0897,787.3042,16.2278,270.261,120,120,0,523.573,871.9138,271.0044,205.9474,120,42.82,43.97,41.78,0.66,120,3.4096,3.4117,3.4053,0.0016,0.5886,0.5906,0.5872,0.0011,0.7111,0.7163,0.7053,0.0026,-0.002,-0.0001,-0.0049,0.0017,0.0044,0.0048,0.0038,0.0003,0.0049,0.0081,0.0026,0.0019,0.5236,0.8719,0.271,0.2059,363.4917,697,152,135.4011,0,0,0,0,320.85,747,62,105.0503,41,46.7,49,41,23.68,23.68,23.68
2022-12-03 14:00:00,3.8967,7.524,0.8356,1.5226,120,104.7447,37.2886,120,71.1844,72.1763,70.2841,0.4659,120,28.4721,28.7085,28.3636,0.0953,120,1004.4896,1004.6815,1004.3153,0.0485,120,289.4453,375.8339,204.4984,49.2894,120,588.2782,941.2017,208.4634,276.3285,120,405.5079,781.4035,13.2775,327.5102,120,120,0,526.7215,846.5834,184.9422,249.9878,120,45.07,46.17,43.97,0.66,120,3.4082,3.4114,3.4053,0.0008,0.5847,0.5871,0.5836,0.0009,0.7118,0.7218,0.7028,0.0047,-0.0025,-0.0001,-0.0048,0.002,0.0037,0.0048,0.0026,0.0006,0.0049,0.0078,0.0017,0.0023,0.5267,0.8466,0.1849,0.25,400.725,795,68,165.5018,0,0,0,0,309.9083,836,15,117.0131,40.3,46.9333,49,41,23.68,23.68,23.68
2022-12-03 14:10:00,3.6244,6.42,1.0288,1.2539,120,104.2081,34.7089,120,71.6127,72.4204,70.9861,0.3867,120,28.4326,28.6291,28.3392,0.072,120,1004.4543,1004.6632,1004.297,0.0815,120,221.946,270.5811,192.7228,14.2894,120,440.2744,793.1885,197.8391,245.6823,120,313.8482,770.0935,14.2604,332.4691,120,120,0,386.5118,702.8413,168.157,220.4633,120,47.33,48.39,46.17,0.66,120,3.4076,3.4111,3.405,0.0014,0.5843,0.5863,0.5834,0.0007,0.7161,0.7242,0.7099,0.0039,-0.0019,-0.0001,-0.0048,0.0021,0.0028,0.0034,0.0024,0.0002,0.0037,0.0066,0.0016,0.002,0.3865,0.7028,0.1682,0.2205,371.125,675,89,136.293,0,0,0,0,301.6667,754,19,104.1185,40,46.7833,47,41,23.68,23.68,23.68
2022-12-03 14:20:00,3.5443,6.8064,1.314,1.2038,120,117.0653,36.3782,120,70.7063,71.6269,69.7348,0.5493,120,28.735,28.7847,28.6291,0.0404,120,1004.3648,1004.4984,1004.1322,0.0883,120,247.7727,283.0772,202.3354,25.1657,120,503.8424,802.7143,211.7611,236.4235,120,375.6868,770.0935,16.2278,319.4245,120,120,0,447.381,720.2368,187.3837,210.8271,120,49.61,50.86,48.39,0.66,120,3.4061,3.4083,3.4022,0.0015,0.5874,0.5878,0.5863,0.0004,0.7071,0.7163,0.6973,0.0055,-0.0023,-0.0001,-0.0048,0.002,0.0031,0.0036,0.0026,0.0003,0.0042,0.0067,0.0018,0.002,0.4474,0.7202,0.1874,0.2108,362.425,717,120,130.8496,0,0,0,0,336.85,621,154,103.7694,40,46.9167,49,41,23.68,23.68,23.68
2022-12-03 14:30:00,3.5712,7.0272,0.762,1.4646,120,98.4917,48.105,120,69.2216,69.9484,68.6972,0.3329,120,28.6728,28.7512,28.6077,0.0502,120,1004.4093,1004.4984,1004.0956,0.0925,120,205.8477,244.148,186.4756,15.0879,120,545.0009,745.1933,199.3049,188.1198,120,520.3866,768.126,21.1457,282.0124,120,120,0,474.3263,656.7583,166.6311,165.8114,120,51.9,53.09,50.86,0.67,120,3.4068,3.4083,3.4016,0.0015,0.5867,0.5875,0.5861,0.0005,0.6922,0.6995,0.687,0.0033,-0.0032,-0.0001,-0.0048,0.0018,0.0026,0.0031,0.0024,0.0002,0.0045,0.0062,0.0017,0.0016,0.4743,0.6568,0.1666,0.1658,365.35,741,60,159.1977,0,0,0,0,312.7583,992,8,167.1169,40,46.95,49,41,23.68,23.68,23.68
2022-12-03 14:40:00,3.5718,6.9168,0.6792,1.3756,120,99.5795,45.1985,120,68.0209,69.0329,67.1407,0.5472,120,28.8234,28.8855,28.7146,0.0453,120,1004.369,1004.6632,1004.2787,0.088,120,146.0844,189.1189,125.9189,18.8828,120,578.951,651.0372,226.7827,92.2053,120,701.3578,765.1756,61.4695,167.498,120,120,0,493.909,580.7672,192.2666,80.4326,120,54.19,55.33,53.09,0.67,120,3.4062,3.4111,3.4046,0.0015,0.5882,0.5888,0.5871,0.0004,0.6802,0.6903,0.6714,0.0055,-0.0044,-0.0004,-0.0047,0.001,0.0019,0.0024,0.0016,0.0002,0.0048,0.0054,0.0019,0.0008,0.4939,0.5808,0.1923,0.0804,365.4083,729,51,149.5213,0,0,0,0,314.225,1016,42,164.4069,40,46.9667,47,45,23.68,23.68,23.68
2022-12-03 14:50:00,2.9705,6.052,0.532,1.1593,120,102.6742,40.3001,120,66.6074,67.3849,65.8589,0.413,120,29.0242,29.2151,28.8763,0.089,120,1004.3205,1004.4984,1004.1139,0.0631,120,128.3019,136.4921,117.7488,4.9355,120,548.2768,587.2893,315.443,48.4149,120,718.4339,762.2253,246.8627,81.9027,120,120,0,461.9231,497.1465,220.6488,41.0486,120,56.49,57.58,55.33,0.67,120,3.4053,3.4083,3.4019,0.0011,0.5902,0.5921,0.5888,0.0009,0.6661,0.6738,0.6586,0.0041,-0.0045,-0.0015,-0.0047,0.0005,0.0016,0.0017,0.0015,0.0001,0.0046,0.0049,0.0026,0.0004,0.4619,0.4971,0.2206,0.041,300.05,635,35,126.0077,0,0,0,0,306.0333,998,23,135.3295,40,46.7833,47,41,23.68,23.68,23.68
2022-12-03 15:00:00,3.918,7.1652,1.3968,1.4717,120,107.8309,35.2992,120,64.8259,66.0421,63.7532,0.5299,120,29.0873,29.2486,28.7817,0.1589,120,1004.2976,1004.4984,1004.1139,0.0994,120,117.1318,123.5157,112.7024,2.688,120,513.0902,535.9976,488.7359,11.018,120,720.6633,738.1292,639.7776,10.1461,120,120,0,425.3873,447.0962,404.0651,11.274,120,58.79,59.82,57.58,0.67,120,3.405,3.4083,3.4019,0.0017,0.5909,0.5925,0.5878,0.0016,0.6483,0.6604,0.6375,0.0053,-0.0045,-0.004,-0.0046,0.0001,0.0015,0.0016,0.0014,0,0.0043,0.0045,0.0041,0.0001,0.4254,0.4471,0.4041,0.0113,403.0417,756,129,159.9704,0,0,0,0,318.75,1016,133,117.682,40,46.7167,47,41,23.68,23.68,23.68
2022-12-03 15:10:00,3.1778,6.8892,0.7528,1.3786,120,109.598,41.7593,120,65.2387,65.8589,64.5466,0.3715,120,28.8745,29.2029,28.6993,0.1729,120,1004.2508,1004.4984,1004.1139,0.0927,120,111.3205,116.0661,104.0512,3.0167,120,475.8121,500.0936,454.2977,10.9464,120,711.2134,725.8347,700.2643,4.9949,120,120,0,387.7656,410.474,366.8325,10.8443,120,61.11,62.33,60.07,0.67,120,3.4042,3.4083,3.4019,0.0015,0.5887,0.592,0.587,0.0017,0.6524,0.6586,0.6455,0.0037,-0.0044,-0.0043,-0.0045,0,0.0014,0.0015,0.0013,0,0.004,0.0042,0.0038,0.0001,0.3878,0.4105,0.3668,0.0108,322.5833,726,59,149.8426,0,0,0,0,323.075,805,106,124.3597,40,46.9,47,41,23.68,23.68,23.68
2022-12-03 15:20:00,3.0576,6.4016,0.7988,1.2996,120,104.9649,34.598,120,64.2877,65.0655,63.1733,0.5722,120,29.3034,29.4623,29.1296,0.1007,120,1004.2183,1004.4801,1004.0956,0.0943,120,104.3076,114.8646,95.6409,4.5057,120,439.0623,460.892,417.2941,10.5498,120,704.9272,722.3928,688.9526,6.4187,120,120,0,350.7289,371.1051,327.4636,10.8601,120,63.41,64.58,62.33,0.68,120,3.4036,3.408,3.4016,0.0016,0.593,0.5946,0.5913,0.001,0.6429,0.6507,0.6317,0.0057,-0.0044,-0.0043,-0.0045,0,0.0013,0.0015,0.0012,0.0001,0.0037,0.0038,0.0035,0.0001,0.3507,0.3711,0.3275,0.0109,309.5167,673,64,141.2637,0,0,0,0,313.4583,918,64,121.7938,40,46.8167,47,41,23.68,23.68,23.68
2022-12-03 15:30:00,3.6186,7.5332,1.3784,1.1039,120,108.5193,29.177,120,64.0932,64.5772,63.7226,0.2241,120,28.9405,29.1266,28.8641,0.0761,120,1004.1945,1004.3153,1004.0956,0.0919,120,92.6309,96.6016,88.6717,1.9196,120,389.7949,415.096,367.8343,11.7905,120,682.1506,700.2643,664.8566,7.1707,120,120,0,301.6806,325.3273,279.8547,11.7757,120,65.73,66.84,64.58,0.68,120,3.4032,3.4053,3.4016,0.0015,0.5894,0.5913,0.5886,0.0008,0.6409,0.6458,0.6372,0.0022,-0.0042,-0.0041,-0.0043,0,0.0012,0.0012,0.0011,0,0.0032,0.0035,0.0031,0.0001,0.3017,0.3253,0.2799,0.0118,370.5,796,127,119.9852,0,0,0,0,311.1333,725,101,86.657,40,46.9167,49,41,23.68,23.68,23.63
2022-12-03 15:40:00,3.024,5.7484,0.8816,0.9717,120,111.2494,28.7863,120,64.346,64.6992,63.9363,0.1817,120,28.8866,28.9679,28.8427,0.0282,120,1004.1075,1004.3153,1003.9125,0.0802,120,87.8729,89.8732,84.8268,1.029,120,341.4861,367.4682,125.6639,43.1866,120,639.1667,677.1511,93.9252,102.7611,120,120,0,255.8189,279.8547,88.8089,32.962,120,68.04,69.09,66.84,0.67,120,3.4018,3.4053,3.3985,0.0013,0.5889,0.5897,0.5884,0.0003,0.6435,0.647,0.6394,0.0018,-0.004,-0.0006,-0.0042,0.0006,0.0011,0.0011,0.0011,0,0.0028,0.0031,0.001,0.0004,0.2558,0.2799,0.0888,0.033,305.8667,602,73,105.6231,0,0,0,0,315.625,504,30,83.0532,40,46.9333,49,41,23.68,23.68,23.68
2022-12-03 15:50:00,3.877,6.7972,1.1208,1.4689,120,100.6276,33.6045,120,63.9765,64.5466,63.509,0.2306,120,28.8175,28.9862,28.5498,0.1334,120,1004.0742,1004.297,1003.9125,0.0859,120,85.3638,90.8346,82.9047,1.5447,120,302.2694,338.1585,242.5366,17.2227,120,611.3906,668.7915,368.8189,34.3491,120,120,0,217.2002,248.7259,146.4889,15.5088,120,70.36,71.6,69.09,0.67,120,3.4012,3.405,3.3985,0.0014,0.5882,0.5899,0.5855,0.0013,0.6398,0.6455,0.6351,0.0023,-0.0038,-0.0023,-0.0042,0.0002,0.0011,0.0012,0.0011,0,0.0025,0.0028,0.002,0.0001,0.2172,0.2487,0.1465,0.0155,398.5833,716,99,159.6655,0,0,0,0,300.7583,981,55,122.1419,40,46.85,49,41,23.68,23.68,23.68
2022-12-03 16:00:00,3.8628,6.696,1.452,1.0333,120,120.1736,32.5671,120,64.5327,65.0349,63.9363,0.3632,120,28.4699,28.5437,28.4246,0.034,120,1004.1438,1004.3153,1003.9308,0.0798,120,79.0457,83.8661,75.4551,2.7047,120,262.7718,282.4706,235.575,13.8478,120,584.0446,606.3374,544.3764,16.0528,120,120,0,178.9783,198.3703,155.3392,12.698,120,72.67,73.86,71.6,0.68,120,3.4024,3.4053,3.3988,0.0013,0.5847,0.5854,0.5843,0.0003,0.6453,0.6503,0.6394,0.0036,-0.0036,-0.0034,-0.0038,0.0001,0.001,0.0011,0.001,0,0.0022,0.0024,0.002,0.0001,0.179,0.1984,0.1553,0.0127,397.0417,705,135,112.3153,0,0,0,0,343.1333,650,115,93.6881,40,46.9167,49,41,23.68,23.68,23.68
2022-12-03 16:10:00,3.2665,6.1348,0.8632,1.2471,120,124.2604,32.8902,120,64.7516,65.1265,64.1804,0.2416,120,28.6349,28.7054,28.5406,0.0497,120,1004.1279,1004.3153,1003.9125,0.0825,120,73.8632,77.378,70.1685,1.7882,120,212.8785,234.8427,80.2353,27.5284,120,507.273,545.3593,45.2417,88.0308,120,120,0,137.374,155.3392,60.1215,17.3813,120,74.98,76.11,73.86,0.68,120,3.4021,3.4053,3.3985,0.0014,0.5864,0.587,0.5854,0.0005,0.6475,0.6513,0.6418,0.0024,-0.0031,-0.0003,-0.0034,0.0005,0.0009,0.001,0.0009,0,0.0018,0.002,0.0007,0.0002,0.1374,0.1553,0.0601,0.0174,332.2333,644,71,135.5517,0,0,0,0,358.3083,826,145,99.307,40,46.9833,49,45,23.68,23.68,23.68
2022-12-03 16:20:00,2.6466,5.7852,0.7712,1.1835,120,107.6698,43.142,120,65.4551,66.0726,64.333,0.4122,120,28.6602,28.8061,28.5162,0.0929,120,1004.1931,1004.4801,1004.0956,0.0949,120,67.5933,72.0913,65.6031,1.6203,120,166.3467,197.8391,83.1657,19.9037,120,425.6617,500.1176,72.2881,73.8789,120,120,0,101.4537,122.9896,61.037,11.5102,120,77.3,78.37,76.11,0.68,120,3.4032,3.408,3.4016,0.0016,0.5866,0.5881,0.5852,0.0009,0.6546,0.6607,0.6433,0.0041,-0.0026,-0.0004,-0.0031,0.0005,0.0009,0.0009,0.0008,0,0.0014,0.0016,0.0007,0.0002,0.1015,0.123,0.061,0.0115,264.85,606,61,128.637,0,0,0,0,334.0167,1007,76,155.1819,40,46.9,49,41,23.68,23.68,23.68
2022-12-03 16:30:00,3.4469,8.076,1.314,1.379,120,115.6271,35.8234,120,66.273,66.9576,65.096,0.5602,120,28.3168,28.5681,28.2446,0.0755,120,1004.2438,1004.4801,1004.0956,0.0884,120,64.213,69.4472,61.2772,2.4558,120,137.5623,154.2413,125.6639,9.4182,120,384.8007,426.3535,348.1647,28.6662,120,120,0,78.3054,90.0296,70.8029,6.1021,120,79.61,80.87,78.37,0.67,120,3.4041,3.408,3.4016,0.0015,0.5832,0.5857,0.5825,0.0008,0.6627,0.6696,0.651,0.0056,-0.0024,-0.0022,-0.0026,0.0002,0.0008,0.0009,0.0008,0,0.0011,0.0013,0.001,0.0001,0.0783,0.09,0.0708,0.0061,351.8333,855,120,149.8938,0,0,0,0,332.6833,594,140,102.5654,40,46.9,47,41,23.68,23.68,23.68
2022-12-03 16:40:00,3.0508,6.144,0.7712,1.2231,120,124.5648,36.9048,120,66.9279,67.4764,66.3778,0.3293,120,28.1494,28.2995,28.0859,0.0636,120,1004.3382,1004.4801,1004.0956,0.0915,120,57.1041,66.3236,51.4252,3.027,120,87.8369,124.9316,58.6194,16.1956,120,215.5334,349.1476,25.572,93.6686,120,120,0,51.9272,70.1926,43.9466,5.6021,120,81.92,83.12,80.87,0.67,120,3.4056,3.408,3.4016,0.0015,0.5815,0.583,0.5809,0.0006,0.6693,0.6748,0.6638,0.0033,-0.0013,-0.0002,-0.0022,0.0006,0.0007,0.0008,0.0007,0,0.0007,0.001,0.0005,0.0001,0.0519,0.0702,0.0439,0.0056,308.7833,645,61,132.9417,0,0,0,0,355.725,665,111,106.5014,40,46.6,49,41,23.68,23.68,23.68
2022-12-03 16:50:00,3.0056,6.6316,0.3756,1.3141,120,123.6692,42.737,120,67.3363,67.7206,67.0797,0.1656,120,27.9687,28.1256,27.7685,0.1126,120,1004.4359,1004.6632,1004.2787,0.0791,120,41.238,51.4252,26.674,7.5966,120,50.5864,82.4334,26.7455,15.6641,120,91.6308,246.3713,18.6868,71.7102,120,120,0,35.1573,45.1674,23.8044,6.5681,120,84.23,85.37,83.12,0.67,120,3.4073,3.4111,3.4046,0.0013,0.5797,0.5813,0.5777,0.0011,0.6734,0.6772,0.6708,0.0017,-0.0006,-0.0001,-0.0015,0.0004,0.0005,0.0007,0.0003,0.0001,0.0004,0.0007,0.0002,0.0001,0.0352,0.0452,0.0238,0.0066,303.875,698,18,142.8366,0,0,0,0,357.675,651,116,121.5991,40,46.9167,49,41,23.68,23.68,23.63
2022-12-03 17:00:00,3.578,6.7972,1.0288,1.0929,120,116.318,32.8677,120,68.0392,68.7582,67.568,0.3598,120,27.6072,27.7715,27.4633,0.1008,120,1004.554,1004.6815,1004.297,0.0971,120,18.1629,25.9528,16.1,2.1252,120,18.5506,26.7455,16.4862,2.2698,120,20.0269,36.882,15.2449,4.8208,120,120,0,16.3401,23.1941,14.6489,1.9499,120,86.53,87.61,85.37,0.67,120,3.4092,3.4114,3.405,0.0016,0.5761,0.5777,0.5746,0.001,0.6804,0.6876,0.6757,0.0036,-0.0001,-0.0001,-0.0002,0,0.0002,0.0003,0.0002,0,0.0002,0.0002,0.0001,0,0.0163,0.0232,0.0146,0.0019,366.0833,716,89,118.7931,0,0,0,0,336.1917,985,92,107.6911,40,46.8333,49,41,23.68,23.68,23.68
2022-12-03 17:10:00,3.0081,6.098,0.302,1.1598,120,115.9825,31.9952,120,69.2068,69.6127,68.7582,0.2262,120,27.4312,27.4725,27.3687,0.0276,120,1004.6231,1004.8463,1004.4618,0.086,120,9.556,16.1,5.0465,2.9828,120,9.5562,16.4862,4.7623,3.1944,120,14.6787,17.2108,13.7689,1.0033,120,120,0,9.0818,14.6489,5.1882,2.5194,120,88.82,89.85,87.61,0.67,120,3.4104,3.4141,3.4077,0.0014,0.5743,0.5747,0.5737,0.0003,0.6921,0.6961,0.6876,0.0023,-0.0001,-0.0001,-0.0001,0,0.0001,0.0002,0.0001,0,0.0001,0.0001,0,0,0.0091,0.0146,0.0052,0.0025,304.1417,640,10,126.0647,0,0,0,0,331.6917,725,32,94.2497,40,46.8833,49,41,23.68,23.68,23.63
2022-12-03 17:20:00,2.7242,5.4448,0.7988,0.9491,120,125.3082,33.512,120,70.0504,70.4978,69.6432,0.2418,120,27.3289,27.3778,27.2771,0.0317,120,1004.6997,1004.8463,1004.6266,0.084,120,2.1346,5.0465,0,1.3495,120,2.0699,5.1297,0,1.391,120,13.7894,14.2604,13.2775,0.1174,120,120,0,2.856,5.1882,0.9156,1.1762,120,None,None,None,None,0,3.4117,3.4141,3.4104,0.0014,0.5733,0.5738,0.5728,0.0003,0.7005,0.705,0.6964,0.0024,-0.0001,-0.0001,-0.0001,0,0,0.0001,0,0,0,0,0,0,0.0029,0.0052,0.0009,0.0012,273.2833,569,64,103.1608,0,0,0,0,354.1,595,29,97.1392,40,46.95,49,41,23.68,23.68,23.63
2022-12-03 17:30:00,2.4581,5.6288,0.7712,1.0282,120,123.5179,43.439,120,70.5959,70.8945,70.3757,0.1408,120,27.233,27.2924,27.1947,0.0296,120,1004.8276,1005.0295,1004.6266,0.0753,120,0,0,0,0,120,0,0,0,0,120,13.7894,14.2604,13.2775,0.148,120,120,0,0.1501,0.9156,0,0.2712,120,None,None,None,None,0,3.4138,3.4172,3.4104,0.0013,0.5723,0.5729,0.5719,0.0003,0.706,0.7089,0.7038,0.0014,-0.0001,-0.0001,-0.0001,0,0,0,0,0,0,0,0,0,0.0002,0.0009,0,0.0003,244.3583,589,61,111.7635,0,0,0,0,366.7667,1011,34,141.9045,40,46.9167,49,41,23.68,23.68,23.68
2022-12-03 17:40:00,2.4695,5.4172,0.624,1.0844,120,126.0483,40.1926,120,70.7249,70.8945,70.5893,0.096,120,27.1898,27.2375,27.1123,0.0406,120,1004.9767,1005.0295,1004.8097,0.0776,120,0,0,0,0,120,0,0,0,0,120,13.814,14.2604,13.2775,0.1802,120,120,0,0,0,0,0,120,None,None,None,None,0,3.4163,3.4172,3.4135,0.0013,0.5719,0.5724,0.5711,0.0004,0.7072,0.7089,0.7059,0.001,-0.0001,-0.0001,-0.0001,0,0,0,0,0,0,0,0,0,0,0,0,0,245.6,566,45,117.8646,0,0,0,0,364.6583,933,34,123.0213,39.2,46.9167,47,41,23.68,23.68,23.63
2022-12-03 17:50:00,2.591,6.0428,0.6884,1.0118,120,116.6113,33.7909,120,70.6643,70.8335,70.5283,0.0715,120,27.1151,27.152,27.0849,0.019,120,1004.993,1005.2126,1004.828,0.0752,120,0,0,0,0,120,0,0,0,0,120,13.8427,14.2604,13.7689,0.1762,120,120,0,0,0,0,0,120,None,None,None,None,0,3.4165,3.4202,3.4138,0.0013,0.5712,0.5715,0.5708,0.0002,0.7066,0.7083,0.7053,0.0007,-0.0001,-0.0001,-0.0001,0,0,0,0,0,0,0,0,0,0,0,0,0,258.8,634,52,109.9752,0,0,0,0,330.5083,540,51,96.56,39,46.8833,49,41,23.68,23.68,23.68
2022-12-03 18:00:00,2.7095,5.5368,0.6884,0.8789,120,123.8758,36.6571,120,70.8978,71.0776,70.6809,0.0954,120,27.1283,27.149,27.1062,0.0106,120,1005.0941,1005.2309,1004.828,0.1003,120,0,0,0,0,120,0,0,0,0,120,13.9,14.2604,13.7689,0.2182,120,120,0,0,0,0,0,120,None,None,None,None,0,3.4182,3.4205,3.4138,0.0017,0.5713,0.5715,0.5711,0.0001,0.709,0.7108,0.7068,0.001,-0.0001,-0.0001,-0.0001,0,0,0,0,0,0,0,0,0,0,0,0,0,271.6833,579,52,95.5333,0,0,0,0,355.125,631,155,104.7323,39,46.8,49,41,23.68,23.68,23.63
2022-12-03 18:10:00,2.9656,5.0952,1.13,0.8631,120,128.4676,30.8183,120,71.248,71.4743,71.0776,0.1085,120,27.0584,27.1093,27.0116,0.03,120,1005.1083,1005.2126,1004.9928,0.0935,120,0,0,0,0,120,0,0,0,0,120,13.8508,14.2604,13.2775,0.1946,120,120,0,0,0,0,0,120,None,None,None,None,0,3.4185,3.4202,3.4165,0.0016,0.5706,0.5711,0.5701,0.0003,0.7125,0.7147,0.7108,0.0011,-0.0001,-0.0001,-0.0001,0,0,0,0,0,0,0,0,0,0,0,0,0,299.5167,531,100,93.8119,0,0,0,0,366.625,630,187,88.6943,39,46.8333,47,41,23.68,23.68,23.68
2022-12-03 18:20:00,2.4058,5.2332,0.6884,0.881,120,123.4501,33.162,120,71.6447,71.8406,71.4743,0.0974,120,27.0398,27.0543,27.0147,0.0099,120,1005.1126,1005.2126,1004.9928,0.0943,120,0,0,0,0,120,0,0,0,0,120,13.8754,14.2604,13.2775,0.2131,120,120,0,0,0,0,0,120,None,None,None,None,0,3.4185,3.4202,3.4165,0.0016,0.5704,0.5705,0.5702,0.0001,0.7164,0.7184,0.7147,0.001,-0.0001,-0.0001,-0.0001,0,0,0,0,0,0,0,0,0,0,0,0,0,238.675,546,52,95.7616,0,0,0,0,350.1583,628,118,95.0958,39,46.7,49,39,23.68,23.68,23.68
2022-12-03 18:30:00,2.2859,4.8192,0.6608,0.9313,120,123.8291,33.9105,120,72.0316,72.2373,71.8101,0.1291,120,27.0288,27.0482,27.0025,0.014,120,1005.2133,1005.3774,1005.1759,0.0566,120,0,0,0,0,120,0,0,0,0,120,13.8672,14.2604,13.2775,0.2074,120,120,0,0,0,0,0,120,None,None,None,None,0,3.4202,3.423,3.4196,0.0009,0.5703,0.5705,0.57,0.0001,0.7203,0.7224,0.7181,0.0013,-0.0001,-0.0001,-0.0001,0,0,0,0,0,0,0,0,0,0,0,0,0,225.6417,501,49,101.2278,0,0,0,0,358.3167,819,92,103.2286,39,46.8833,49,41,23.68,23.68,23.68
2022-12-03 18:40:00,2.7293,4.9296,0.8724,1.0061,120,109.0987,35.1084,120,72.5138,72.7561,72.2373,0.1486,120,26.9977,27.0147,26.9842,0.0077,120,1005.2467,1005.3774,1005.1759,0.0831,120,0,0,0,0,120,0,0,0,0,120,13.9983,14.2604,13.7689,0.2462,120,120,0,0,0,0,0,120,None,None,None,None,0,3.4208,3.423,3.4196,0.0014,0.57,0.5702,0.5698,0.0001,0.7251,0.7276,0.7224,0.0015,-0.0001,-0.0001,-0.0001,0,0,0,0,0,0,0,0,0,0,0,0,0,273.8333,513,72,109.3604,0,0,0,0,312.7167,592,113,100.8073,39,46.8167,47,39,23.68,23.68,23.68
2022-12-03 18:50:00,2.6634,5.2056,0.8448,0.8826,120,100.6394,35.6533,120,72.9189,73.1223,72.7256,0.1143,120,27.0077,27.033,26.9903,0.0103,120,1005.414,1005.5788,1005.1759,0.11,120,0,0,0,0,120,0,0,0,0,120,13.9205,14.2604,13.7689,0.2279,120,120,0,0,0,0,0,120,None,None,None,None,0,3.4236,3.4263,3.4196,0.0018,0.5701,0.5703,0.5699,0.0001,0.7292,0.7312,0.7273,0.0011,-0.0001,-0.0001,-0.0001,0,0,0,0,0,0,0,0,0,0,0,0,0,266.675,543,69,95.94,0,0,0,0,289.2167,731,37,105.3137,39,46.8,47,41,23.68,23.68,23.68
2022-12-03 19:00:00,2.3946,6.6684,0.7896,1.1015,120,114.914,34.4741,120,73.367,73.7327,72.9087,0.2361,120,26.8989,26.9872,26.8529,0.0304,120,1005.5557,1005.7619,1005.3591,0.1118,120,0.026,1.2016,0,0.152,120,0,0,0,0,120,13.8345,14.2604,13.2775,0.2845,120,120,0,0,0,0,0,120,None,None,None,None,0,3.4259,3.4294,3.4227,0.0019,0.569,0.5699,0.5685,0.0003,0.7337,0.7373,0.7291,0.0024,-0.0001,-0.0001,-0.0001,0,0,0,0,0,0,0,0,0,0,0,0,0,237.4583,702,63,119.7325,0,0,0,0,328.8833,621,48,99.3846,38.2,46.9333,47,41,23.68,23.68,23.63
2022-12-03 19:10:00,2.7078,4.9572,1.1116,0.9421,120,142.5625,34.0469,120,73.9255,74.4652,73.4581,0.2948,120,26.6427,26.8499,26.4348,0.1247,120,1005.6481,1005.7436,1005.5239,0.0885,120,0,0,0,0,120,0,0,0,0,120,13.7976,14.2604,13.2775,0.1466,120,120,0,0,0,0,0,120,None,None,None,None,0,3.4275,3.4291,3.4254,0.0015,0.5664,0.5685,0.5644,0.0013,0.7393,0.7447,0.7346,0.0029,-0.0001,-0.0001,-0.0001,0,0,0,0,0,0,0,0,0,0,0,0,0,271.5,516,98,102.4022,0,0,0,0,405.5083,645,215,96.766,38,46.7167,49,41,23.68,23.68,23.68
2022-12-03 19:20:00,2.5085,4.9204,0.6332,0.9464,120,151.6485,30.6307,120,75.2358,76.0521,74.4957,0.4634,120,26.3073,26.4287,26.2548,0.0514,120,1005.6757,1005.9084,1005.5239,0.0892,120,0,0,0,0,120,0,0,0,0,120,13.8099,14.2604,13.2775,0.1867,120,120,0,0,0,0,0,120,None,None,None,None,0,3.4279,3.4318,3.4254,0.0015,0.5631,0.5643,0.5625,0.0005,0.7524,0.7605,0.745,0.0046,-0.0001,-0.0001,-0.0001,0,0,0,0,0,0,0,0,0,0,0,0,0,249.8333,512,46,102.8747,0,0,0,0,428.8583,616,212,87.6269,38,46.7667,49,41,23.68,23.68,23.68
2022-12-03 19:30:00,2.4821,4.488,0.8908,0.8611,120,136.771,39.6015,120,76.7739,77.4255,76.0521,0.4276,120,26.2969,26.3463,26.2639,0.0228,120,1005.7477,1005.945,1005.5422,0.0803,120,0,0,0,0,120,0,0,0,0,120,13.9328,14.2604,13.7689,0.2326,120,120,0,0,0,0,0,120,None,None,None,None,0,3.4291,3.4324,3.4257,0.0013,0.563,0.5635,0.5626,0.0002,0.7677,0.7743,0.7605,0.0043,-0.0001,-0.0001,-0.0001,0,0,0,0,0,0,0,0,0,0,0,0,0,246.9667,465,74,93.5962,0,0,0,0,386.7917,791,101,115.4935,38,46.8,49,41,23.68,23.68,23.68
2022-12-03 19:40:00,2.8231,5.8128,1.1484,1.0319,120,125.3719,33.6472,120,77.8072,78.0358,77.456,0.1502,120,26.4026,26.4928,26.3402,0.0398,120,1005.7657,1005.9267,1005.5239,0.0833,120,0,0,0,0,120,0,0,0,0,120,13.9655,14.2604,13.2775,0.25,120,120,0,0,0,0,0,120,None,None,None,None,0,3.4294,3.4321,3.4254,0.0014,0.564,0.5649,0.5634,0.0004,0.7781,0.7804,0.7746,0.0015,-0.0001,-0.0001,-0.0001,0,0,0,0,0,0,0,0,0,0,0,0,0,284.0333,609,102,112.1636,0,0,0,0,359.4917,711,160,97.5805,38,46.8667,49,41,23.68,23.68,23.63
2022-12-03 19:50:00,2.5489,5.04,0.6056,1.0029,120,129.2645,32.8464,120,77.6915,77.9748,77.3339,0.2081,120,26.5956,26.6668,26.4898,0.0511,120,1005.8467,1006.0915,1005.707,0.0965,120,0,0,0,0,120,0,0,0,0,120,13.9819,14.2604,13.2775,0.2527,120,120,0,0,0,0,0,120,None,None,None,None,0,3.4308,3.4349,3.4284,0.0016,0.566,0.5667,0.5649,0.0005,0.7769,0.7797,0.7733,0.0021,-0.0001,-0.0001,-0.0001,0,0,0,0,0,0,0,0,0,0,0,0,0,254.2333,525,43,109.0147,0,0,0,0,373.2667,972,130,104.4393,38,46.85,49,41,23.68,23.68,23.63
2022-12-03 20:00:00,2.3997,4.8652,0.9368,0.8602,120,129.5391,36.8464,120,76.9883,77.3339,76.7541,0.1629,120,26.6582,26.6729,26.6424,0.0088,120,1005.9479,1006.1098,1005.707,0.0924,120,0,0,0,0,120,0,0,0,0,120,13.9287,14.2604,13.2775,0.2398,120,120,0,0,0,0,0,120,None,None,None,None,0,3.4325,3.4352,3.4284,0.0015,0.5666,0.5667,0.5664,0.0001,0.7699,0.7733,0.7675,0.0016,-0.0001,-0.0001,-0.0001,0,0,0,0,0,0,0,0,0,0,0,0,0,238.0083,506,79,93.5044,0,0,0,0,367.9833,606,13,106.3394,38,46.9333,47,41,23.68,23.68,23.63
2022-12-03 20:10:00,2.9908,5.2424,1.2036,0.8223,120,124.0729,28.8145,120,76.6747,76.7541,76.5709,0.0479,120,26.6662,26.7064,26.6302,0.0229,120,1006.0439,1006.2746,1005.8901,0.0886,120,0,0,0,0,120,0,0,0,0,120,14.0229,14.2604,13.7689,0.2466,120,120,0,0,0,0,0,120,None,None,None,None,0,3.4341,3.4379,3.4315,0.0015,0.5667,0.5671,0.5663,0.0002,0.7667,0.7675,0.7657,0.0005,-0.0001,-0.0001,-0.0001,0,0,0,0,0,0,0,0,0,0,0,0,0,302.2583,547,108,89.3819,0,0,0,0,354.2083,725,136,84.7207,37.8,46.8833,49,41,23.68,23.68,23.63
2022-12-03 20:20:00,2.153,4.396,0.7344,0.6971,120,133.5397,32.8323,120,76.5086,76.6015,76.4183,0.0436,120,26.6728,26.7126,26.6302,0.0249,120,1006.0891,1006.2746,1005.8901,0.0766,120,0,0,0,0,120,0,0,0,0,120,13.8959,14.2604,13.2775,0.2252,120,120,0,0,0,0,0,120,None,None,None,None,0,3.4348,3.4379,3.4315,0.0013,0.5667,0.5671,0.5663,0.0003,0.7651,0.766,0.7642,0.0004,-0.0001,-0.0001,-0.0001,0,0,0,0,0,0,0,0,0,0,0,0,0,211.2,455,57,75.7769,0,0,0,0,387.0333,999,197,106.2314,37,46.9333,47,45,23.68,23.68,23.63
2022-12-03 20:30:00,2.4074,3.982,0.67,0.7067,120,145.4853,32.3712,120,76.604,76.693,76.5404,0.0348,120,26.6223,26.6454,26.5966,0.0133,120,1006.1777,1006.2929,1006.0732,0.0929,120,0,0,0,0,120,0,0,0,0,120,13.8959,14.2604,13.2775,0.2252,120,120,0,0,0,0,0,120,None,None,None,None,0,3.4363,3.4382,3.4346,0.0015,0.5662,0.5665,0.566,0.0001,0.766,0.7669,0.7654,0.0003,-0.0001,-0.0001,-0.0001,0,0,0,0,0,0,0,0,0,0,0,0,0,238.85,410,50,76.8181,0,0,0,0,419.6667,1005,166,104.2532,37,46.9667,49,43,23.68,23.68,23.63
2022-12-03 20:40:00,1.8587,3.7152,0.7252,0.6406,120,137.3554,36.4319,120,76.751,76.8456,76.6625,0.0378,120,26.5956,26.6149,26.5752,0.0091,120,1006.1838,1006.2929,1006.0732,0.0923,120,0,0,0,0,120,0,0,0,0,120,13.8836,14.2604,13.7689,0.2087,120,120,0,0,0,0,0,120,None,None,None,None,0,3.4364,3.4382,3.4346,0.0015,0.566,0.5662,0.5657,0.0001,0.7675,0.7685,0.7666,0.0004,-0.0001,-0.0001,-0.0001,0,0,0,0,0,0,0,0,0,0,0,0,0,179.2083,381,56,69.6326,0,0,0,0,395.9833,1013,151,114.59,37,46.8833,47,41,23.68,23.68,23.63
2022-12-03 20:50:00,2.4552,4.8836,0.7344,1.0159,120,124.333,29.1789,120,76.8131,76.8761,76.6625,0.0479,120,26.5901,26.6485,26.5539,0.0274,120,1006.1795,1006.2929,1006.0732,0.0931,120,0,0,0,0,120,0,0,0,0,120,13.9737,14.2604,13.7689,0.2433,120,120,0,0,0,0,0,120,None,None,None,None,0,3.4363,3.4382,3.4346,0.0016,0.5659,0.5665,0.5655,0.0003,0.7681,0.7688,0.7666,0.0005,-0.0001,-0.0001,-0.0001,0,0,0,0,0,0,0,0,0,0,0,0,0,244.0417,508,57,110.429,0,0,0,0,351.8083,553,45,84.3415,37,46.8667,49,41,23.68,23.68,23.63
2022-12-03 21:00:00,2.6828,5.362,0.3848,1.1408,120,136.1569,32.6481,120,76.7001,76.8456,76.6015,0.0577,120,26.6469,26.6698,26.6179,0.0145,120,1006.1695,1006.2929,1005.9084,0.0981,120,0,0,0,0,120,0,0,0,0,120,13.9778,14.2604,13.7689,0.244,120,120,0,0,0,0,0,120,None,None,None,None,0,3.4362,3.4382,3.4318,0.0016,0.5665,0.5667,0.5662,0.0001,0.767,0.7685,0.766,0.0006,-0.0001,-0.0001,-0.0001,0,0,0,0,0,0,0,0,0,0,0,0,0,268.7833,560,19,124.004,0,0,0,0,387.65,831,32,98.8448,37,46.9833,49,41,23.68,23.68,23.63
2022-12-03 21:10:00,2.4012,4.8836,0.4124,1.0392,120,133.9564,36.838,120,76.7596,76.8151,76.693,0.0241,120,26.6596,26.6851,26.624,0.0152,120,1006.1301,1006.2929,1005.8901,0.0938,120,0,0,0,0,120,0,0,0,0,120,13.9328,14.2604,13.7689,0.2326,120,120,0,0,0,0,0,120,None,None,None,None,0,3.4355,3.4382,3.4315,0.0016,0.5666,0.5668,0.5662,0.0001,0.7676,0.7682,0.7669,0.0002,-0.0001,-0.0001,-0.0001,0,0,0,0,0,0,0,0,0,0,0,0,0,238.175,508,22,112.9537,0,0,0,0,383.8,826,140,108.6989,37,46.8667,49,41,23.68,23.68,23.63
2022-12-03 21:20:00,2.9626,5.5644,0.946,1.0236,120,125.6936,29.3527,120,76.7866,76.8456,76.7235,0.0399,120,26.6657,26.682,26.6515,0.0077,120,1006.198,1006.2929,1006.0549,0.0899,120,0,0,0,0,120,0,0,0,0,120,13.8877,14.2604,13.7689,0.2113,120,120,0,0,0,0,0,120,None,None,None,None,0,3.4366,3.4382,3.4342,0.0015,0.5667,0.5668,0.5665,0.0001,0.7679,0.7685,0.7672,0.0004,-0.0001,-0.0001,-0.0001,0,0,0,0,0,0,0,0,0,0,0,0,0,299.2,582,80,111.2626,0,0,0,0,356.5917,583,75,84.6754,37,46.8667,49,41,23.68,23.68,23.63
2022-12-03 21:30:00,2.2328,4.4972,0.7896,0.7634,120,140.6421,34.8929,120,76.8743,76.9677,76.8151,0.0352,120,26.6252,26.6576,26.5874,0.0214,120,1006.2055,1006.4577,1006.0732,0.0924,120,0,0,0,0,120,0,0,0,0,120,13.8181,14.2604,13.2775,0.1612,120,120,0,0,0,0,0,120,None,None,None,None,0,3.4368,3.441,3.4346,0.0015,0.5663,0.5666,0.5659,0.0002,0.7687,0.7697,0.7682,0.0004,-0.0001,-0.0001,-0.0001,0,0,0,0,0,0,0,0,0,0,0,0,0,219.875,466,63,82.9827,0,0,0,0,402.3333,787,67,104.9162,37,46.9,49,41,23.68,23.68,23.63
2022-12-03 21:40:00,2.9235,5.776,0.8264,1.1626,120,120.7084,36.3973,120,76.9634,77.0592,76.8761,0.0396,120,26.601,26.6271,26.5844,0.0108,120,1006.1885,1006.2746,1005.8901,0.0943,120,0.0921,4.3252,0,0.5686,120,0,0,0,0,120,13.9614,14.2604,12.786,0.2799,120,120,0,0,0,0,0,120,None,None,None,None,0,3.4365,3.4379,3.4315,0.0016,0.566,0.5663,0.5658,0.0001,0.7696,0.7706,0.7688,0.0004,-0.0001,-0.0001,-0.0001,0,0,0.0001,0,0,0,0,0,0,0,0,0,0,294.9417,605,67,126.3748,0,0,0,0,348.6,951,68,113.6638,37,46.85,47,41,23.67,23.68,23.63
2022-12-03 21:50:00,2.8329,6.88,1.0196,1.2319,120,140.4515,32.6204,120,76.9272,77.0592,76.7541,0.0674,120,26.6007,26.6637,26.4745,0.0573,120,1006.2011,1006.4577,1006.0549,0.09,120,5.2426,7.9299,0,2.4107,120,0,0,0,0,120,13.257,14.2604,11.8015,0.6158,120,120,0,0,0,0,0,120,None,None,None,None,0,3.4367,3.441,3.4342,0.0015,0.566,0.5666,0.5647,0.0006,0.7693,0.7706,0.7675,0.0007,-0.0001,-0.0001,-0.0001,0,0.0001,0.0001,0,0,0,0,0,0,0,0,0,0,285.1,725,88,133.9041,0,0,0,0,405.475,859,225,100.3792,37,46.9667,49,43,23.68,23.68,23.63
2022-12-03 22:00:00,2.6237,6.5856,0.5228,1.148,120,141.9634,32.393,120,77.415,77.7917,76.9066,0.2437,120,26.3873,26.4684,26.3463,0.0338,120,1006.0387,1006.2746,1005.8718,0.0887,120,5.2126,7.6898,3.3646,0.9504,120,0,0,0,0,120,13.8836,14.2604,13.2775,0.2446,120,120,0,0,0,0,0,120,None,None,None,None,0,3.434,3.4379,3.4312,0.0015,0.5639,0.5647,0.5635,0.0003,0.7742,0.7779,0.7691,0.0024,-0.0001,-0.0001,-0.0001,0,0.0001,0.0001,0,0,0,0,0,0,0,0,0,0,262.3583,693,34,124.7817,0,0,0,0,409.4667,965,203,101.8746,37,46.95,49,41,23.67,23.68,23.63
2022-12-03 22:10:00,2.15,4.3868,0.5044,0.9009,120,128.0555,39.7356,120,78.0109,78.2189,77.7612,0.1326,120,26.3531,26.3677,26.3433,0.0053,120,1005.9784,1006.0915,1005.8718,0.0929,120,1.9504,4.3252,0,1.1953,120,0,0,0,0,120,13.9491,14.2604,13.2775,0.2462,120,120,0,0,0,0,0,120,None,None,None,None,0,3.433,3.4349,3.4312,0.0015,0.5635,0.5637,0.5634,0.0001,0.7801,0.7822,0.7776,0.0013,-0.0001,-0.0001,-0.0001,0,0,0.0001,0,0,0,0,0,0,0,0,0,0,210.875,454,32,97.926,0,0,0,0,367.8333,964,26,124.059,36,46.8667,49,41,23.67,23.68,23.63
2022-12-03 22:20:00,2.439,4.7456,0.7528,0.8734,120,114.3375,36.7806,120,78.3209,78.4326,78.1579,0.0725,120,26.4004,26.4348,26.3555,0.0221,120,1005.9046,1006.0732,1005.6887,0.0683,120,0.004,0.2402,0,0.0309,120,0,0,0,0,120,13.9246,14.2604,13.2775,0.2466,120,120,0,0,0,0,0,120,None,None,None,None,0,3.4317,3.4346,3.4281,0.0011,0.564,0.5644,0.5635,0.0002,0.7832,0.7843,0.7816,0.0007,-0.0001,-0.0001,-0.0001,0,0,0,0,0,0,0,0,0,0,0,0,0,242.2833,493,59,94.9294,0,0,0,0,327.9083,692,26,107.2348,36,46.8333,47,41,23.67,23.68,23.63
2022-12-03 22:30:00,2.6964,5.1504,0.67,0.9349,120,135.7207,35.2448,120,78.252,78.4021,78.0358,0.1064,120,26.4396,26.4623,26.4135,0.012,120,1005.8646,1006.0732,1005.6887,0.067,120,0,0,0,0,120,0,0,0,0,120,13.986,14.2604,13.7689,0.2451,120,120,0,0,0,0,0,120,None,None,None,None,0,3.4311,3.4346,3.4281,0.0011,0.5644,0.5646,0.5641,0.0001,0.7825,0.784,0.7804,0.0011,-0.0001,-0.0001,-0.0001,0,0,0,0,0,0,0,0,0,0,0,0,0,270.2583,537,50,101.6228,0,0,0,0,390.8,976,169,109.7793,36,46.7333,49,41,23.67,23.68,23.63
2022-12-03 22:40:00,2.739,5.2056,0.854,1.0399,120,130.742,31.0635,120,77.8441,78.0969,77.4865,0.1591,120,26.4687,26.502,26.4318,0.0173,120,1005.6923,1005.8901,1005.4872,0.0933,120,0,0,0,0,120,0,0,0,0,120,13.9164,14.2604,13.2775,0.2516,120,120,0,0,0,0,0,120,None,None,None,None,0,3.4282,3.4315,3.4248,0.0016,0.5647,0.565,0.5643,0.0002,0.7784,0.781,0.7749,0.0016,-0.0001,-0.0001,-0.0001,0,0,0,0,0,0,0,0,0,0,0,0,0,274.8917,543,70,113.0349,0,0,0,0,370.3417,566,163,88.615,36,46.6167,47,41,23.67,23.68,23.63
2022-12-03 22:50:00,2.7737,5.4356,0.992,0.958,120,144.9983,35.698,120,77.1783,77.517,76.9372,0.195,120,26.4627,26.502,26.3616,0.043,120,1005.5724,1005.707,1005.3041,0.0926,120,0,0,0,0,120,0,0,0,0,120,13.7853,14.2604,13.2775,0.1795,120,120,0,0,0,0,0,120,None,None,None,None,0,3.4262,3.4284,3.4217,0.0015,0.5646,0.565,0.5636,0.0004,0.7718,0.7752,0.7694,0.002,-0.0001,-0.0001,-0.0001,0,0,0,0,0,0,0,0,0,0,0,0,0,278.6667,568,85,104.1276,0,0,0,0,406.8917,603,64,103.6334,36,46.7167,47,39,23.67,23.68,23.63
2022-12-03 23:00:00,2.4604,5.8404,0.4676,1.0058,120,147.1911,39.0229,120,77.2876,77.517,77.0592,0.1574,120,26.2637,26.3646,26.1876,0.052,120,1005.3288,1005.5239,1005.121,0.1374,120,0,0,0,0,120,0,0,0,0,120,13.6952,14.2604,13.2775,0.1979,120,120,0,0,0,0,0,120,None,None,None,None,0,3.4221,3.4254,3.4187,0.0023,0.5626,0.5636,0.5619,0.0005,0.7729,0.7752,0.7706,0.0016,-0.0001,-0.0001,-0.0001,0,0,0,0,0,0,0,0,0,0,0,0,0,244.6083,612,28,109.3301,0,0,0,0,425.7417,906,104,122.0937,36,46.7833,49,41,23.67,23.68,23.63
2022-12-03 23:10:00,2.3876,6.5488,0.4216,1.1165,120,131.8092,39.9246,120,77.6666,77.8527,77.3949,0.1372,120,26.1255,26.1968,26.0747,0.0289,120,1005.1422,1005.3224,1004.9562,0.0555,120,0,0,0,0,120,0,0,0,0,120,13.8304,14.2604,13.2775,0.2346,120,120,0,0,0,0,0,120,None,None,None,None,0,3.419,3.422,3.4159,0.0009,0.5613,0.562,0.5607,0.0003,0.7767,0.7785,0.7739,0.0014,-0.0001,-0.0001,-0.0001,0,0,0,0,0,0,0,0,0,0,0,0,0,236.7,689,23,121.3547,0,0,0,0,382.575,906,151,120.8933,36,46.9667,49,45,23.67,23.68,23.63
2022-12-03 23:20:00,1.9355,3.4852,0.394,0.723,120,129.9012,31.8875,120,77.4748,77.8527,77.2118,0.1937,120,26.2489,26.2853,26.1724,0.0293,120,1005.0925,1005.1393,1004.9379,0.072,120,0,0,0,0,120,0,0,0,0,120,13.7976,14.2604,13.2775,0.1943,120,120,0,0,0,0,0,120,None,None,None,None,0,3.4182,3.419,3.4156,0.0012,0.5625,0.5628,0.5617,0.0003,0.7747,0.7785,0.7721,0.0019,-0.0001,-0.0001,-0.0001,0,0,0,0,0,0,0,0,0,0,0,0,0,187.55,356,20,78.5829,0,0,0,0,366.325,536,53,92.5024,36,46.8333,47,41,23.67,23.68,23.63
2022-12-03 23:30:00,2.0199,4.5064,0.6608,0.8329,120,114.7467,35.9772,120,77.0877,77.2423,76.9982,0.0677,120,26.2991,26.3128,26.2822,0.0071,120,1004.9499,1005.1576,1004.7548,0.0641,120,0,0,0,0,120,0,0,0,0,120,13.8099,14.2604,13.2775,0.2168,120,120,0,0,0,0,0,120,None,None,None,None,0,3.4158,3.4193,3.4126,0.0011,0.563,0.5631,0.5628,0.0001,0.7709,0.7724,0.77,0.0007,-0.0001,-0.0001,-0.0001,0,0,0,0,0,0,0,0,0,0,0,0,0,196.7333,467,49,90.528,0,0,0,0,328.275,702,69,104.5297,36,46.9167,49,41,23.66,23.68,23.63
2022-12-03 23:40:00,2.5361,5.2792,0.716,0.9473,120,133.7553,38.155,120,77.0872,77.1813,76.9982,0.0429,120,26.267,26.3036,26.2395,0.0134,120,1004.8126,1004.9562,1004.7365,0.0838,120,0,0,0,0,120,0,0,0,0,120,13.7894,14.2604,13.2775,0.2054,120,120,0,0,0,0,0,120,None,None,None,None,0,3.4135,3.4159,3.4123,0.0014,0.5627,0.563,0.5624,0.0001,0.7709,0.7718,0.77,0.0004,-0.0001,-0.0001,-0.0001,0,0,0,0,0,0,0,0,0,0,0,0,0,252.8333,551,55,102.9696,0,0,0,0,381.2917,833,137,111.1458,36,46.9167,49,39,23.66,23.68,23.63
2022-12-03 23:50:00,2.5999,4.6628,0.8264,0.8931,120,118.0503,31.7113,120,77.132,77.2118,76.9982,0.0448,120,26.2204,26.2426,26.1998,0.011,120,1004.6979,1004.8097,1004.5534,0.0872,120,0,0,0,0,120,0,0,0,0,120,13.8181,14.2604,13.2775,0.2151,120,120,0,0,0,0,0,120,None,None,None,None,0,3.4116,3.4135,3.4092,0.0015,0.5622,0.5624,0.562,0.0001,0.7713,0.7721,0.77,0.0004,-0.0001,-0.0001,-0.0001,0,0,0,0,0,0,0,0,0,0,0,0,0,259.7667,484,67,97.0782,0,0,0,0,344.5667,997,191,105.4919,36,46.6667,47,45,23.66,23.68,23.63
