datetime,Anemometer;wind_speed;Avg (m/s),Anemometer;wind_speed;Max (m/s),Anemometer;wind_speed;Min (m/s),Anemometer;wind_speed;StdDev (m/s),Anemometer;wind_speed;Count (),Wind Vane TMR;wind_direction;Avg (°),Wind Vane TMR;wind_direction;StdDev (°),Wind Vane TMR;wind_direction;Count (),Hygro/Thermo;humidity;Avg (%),Hygro/Thermo;humidity;Max (%),Hygro/Thermo;humidity;Min (%),Hygro/Thermo;humidity;StdDev (%),Hygro/Thermo;humidity;Count (),Hygro/Thermo;temperature;Avg (°C),Hygro/Thermo;temperature;Max (°C),Hygro/Thermo;temperature;Min (°C),Hygro/Thermo;temperature;StdDev (°C),Hygro/Thermo;temperature;Count (),Barometer;air_pressure;Avg (hPa),Barometer;air_pressure;Max (hPa),Barometer;air_pressure;Min (hPa),Barometer;air_pressure;StdDev (hPa),Barometer;air_pressure;Count (),DHI (Diffuse Horizontal Irradiance);solar_irradiance;Avg (W/m²),DHI (Diffuse Horizontal Irradiance);solar_irradiance;Max (W/m²),DHI (Diffuse Horizontal Irradiance);solar_irradiance;Min (W/m²),DHI (Diffuse Horizontal Irradiance);solar_irradiance;StdDev (W/m²),DHI (Diffuse Horizontal Irradiance);solar_irradiance;Count (),GHI (Global Horizontal Irradiance);solar_irradiance;Avg (W/m²),GHI (Global Horizontal Irradiance);solar_irradiance;Max (W/m²),GHI (Global Horizontal Irradiance);solar_irradiance;Min (W/m²),GHI (Global Horizontal Irradiance);solar_irradiance;StdDev (W/m²),GHI (Global Horizontal Irradiance);solar_irradiance;Count (),DNI (Direct Normal Irradiance) Pyrheliometer;solar_DNI;Avg (W/m²),DNI (Direct Normal Irradiance) Pyrheliometer;solar_DNI;Max (W/m²),DNI (Direct Normal Irradiance) Pyrheliometer;solar_DNI;Min (W/m²),DNI (Direct Normal Irradiance) Pyrheliometer;solar_DNI;StdDev (W/m²),DNI (Direct Normal Irradiance) Pyrheliometer;solar_DNI;Count (),Precipitation;precipitation;Count (),Precipitation;precipitation;Sum (mm),GTI (Global Tilt Irradiance) PV Cell;voltage;Avg (W/m2),GTI (Global Tilt Irradiance) PV Cell;voltage;Max (W/m2),GTI (Global Tilt Irradiance) PV Cell;voltage;Min (W/m2),GTI (Global Tilt Irradiance) PV Cell;voltage;StdDev (W/m2),GTI (Global Tilt Irradiance) PV Cell;voltage;Count (),Theta;other;Avg (°),Theta;other;Max (°),Theta;other;Min (°),Theta;other;StdDev (°),Theta;other;Count (),A1;channel;Avg (V),A1;channel;Max (V),A1;channel;Min (V),A1;channel;StdDev (V),A2;channel;Avg (V),A2;channel;Max (V),A2;channel;Min (V),A2;channel;StdDev (V),A3;channel;Avg (V),A3;channel;Max (V),A3;channel;Min (V),A3;channel;StdDev (V),A4;channel;Avg (V),A4;channel;Max (V),A4;channel;Min (V),A4;channel;StdDev (V),A5;channel;Avg (V),A5;channel;Max (V),A5;channel;Min (V),A5;channel;StdDev (V),A6;channel;Avg (V),A6;channel;Max (V),A6;channel;Min (V),A6;channel;StdDev (V),A7;channel;Avg (V),A7;channel;Max (V),A7;channel;Min (V),A7;channel;StdDev (V),C1;channel;Avg (I),C1;channel;Max (I),C1;channel;Min (I),C1;channel;StdDev (I),C2;channel;Avg (I),C2;channel;Max (I),C2;channel;Min (I),C2;channel;StdDev (I),D1;channel;Avg (),D1;channel;Max (),D1;channel;Min (),D1;channel;StdDev (),T;channel;Avg (°C),I;channel;Avg (mA),I;channel;Max (mA),I;channel;Min (mA),V;channel;Avg (V),V;channel;Max (V),V;channel;Min (V)
2022-11-15 00:00:00,1.3823,3.3748,0.4492,0.6757,120,79.4438,41.7375,120,81.8372,81.9422,81.6675,0.0655,120,25.9737,26.0137,25.9496,0.0177,120,1008.9285,1009.0579,1008.8382,0.0867,120,0,0,0,0,120,0,0,0,0,120,13.9164,14.2604,13.2775,0.2596,120,120,0,0,0,0,0,120,None,None,None,None,0,3.4821,3.4843,3.4806,0.0014,0.5597,0.5601,0.5595,0.0002,0.8184,0.8194,0.8167,0.0007,-0.0001,-0.0001,-0.0001,0,0,0,0,0,0,0,0,0,0,0,0,0,127.425,344,26,73.4424,0,0,0,0,268.5167,1013,14,176.9267,35.8,44.1667,51,41,23.68,23.68,23.63
2022-11-15 00:10:00,1.9352,4.1936,0.6056,0.6444,120,73.0956,44.0057,120,81.8687,81.9727,81.7591,0.0574,120,26.0558,26.0961,26.0045,0.0249,120,1008.8551,1009.0579,1008.655,0.0657,120,0,0,0,0,120,0,0,0,0,120,13.9778,14.2604,13.2775,0.2601,120,120,0,0,0,0,0,120,None,None,None,None,0,3.4809,3.4843,3.4776,0.0011,0.5606,0.561,0.5601,0.0003,0.8187,0.8197,0.8176,0.0006,-0.0001,-0.0001,-0.0001,0,0,0,0,0,0,0,0,0,0,0,0,0,187.5167,433,43,70.0486,0,0,0,0,240.5667,990,2,155.37,35.5,41.6,49,39,23.68,23.68,23.63
2022-11-15 00:20:00,1.996,3.9452,0.9276,0.6888,120,69.8452,23.0573,120,81.695,81.8812,81.4234,0.1315,120,26.1366,26.1724,26.09,0.0245,120,1008.7202,1008.8748,1008.655,0.0896,120,0,0,0,0,120,0,0,0,0,120,13.9164,14.2604,13.2775,0.2434,120,120,0,0,0,0,0,120,None,None,None,None,0,3.4787,3.4812,3.4776,0.0015,0.5614,0.5617,0.5609,0.0002,0.8169,0.8188,0.8142,0.0013,-0.0001,-0.0001,-0.0001,0,0,0,0,0,0,0,0,0,0,0,0,0,194.1333,406,78,74.8679,0,0,0,0,198.5,384,59,66.2304,35,41.1,47,39,23.68,23.68,23.63
2022-11-15 00:30:00,1.7491,4.4052,0.4676,0.7362,120,71.8819,34.7045,120,81.4142,81.6065,80.9961,0.1282,120,26.1485,26.1693,26.1235,0.0109,120,1008.6372,1008.8565,1008.4536,0.0743,120,0,0,0,0,120,0,0,0,0,120,13.8017,14.2604,13.2775,0.2087,120,120,0,0,0,0,0,120,None,None,None,None,0,3.4773,3.4809,3.4742,0.0012,0.5615,0.5617,0.5612,0.0001,0.8141,0.8161,0.81,0.0013,-0.0001,-0.0001,-0.0001,0,0,0,0,0,0,0,0,0,0,0,0,0,167.2917,456,28,80.0186,0,0,0,0,235.2833,913,49,146.3069,35,41.0667,45,39,23.68,23.68,23.63
2022-11-15 00:40:00,1.7995,3.4852,0.3388,0.6086,120,65.6315,37.1359,120,81.0004,81.2403,80.8435,0.071,120,26.1076,26.1602,26.0778,0.0187,120,1008.5908,1008.6734,1008.4536,0.0948,120,0,0,0,0,120,0,0,0,0,120,13.8099,14.2604,13.2775,0.1972,120,120,0,0,0,0,0,120,None,None,None,None,0,3.4765,3.4779,3.4742,0.0016,0.5611,0.5616,0.5608,0.0002,0.81,0.8124,0.8084,0.0007,-0.0001,-0.0001,-0.0001,0,0,0,0,0,0,0,0,0,0,0,0,0,172.775,356,14,66.1534,0,0,0,0,211.2167,918,49,133.2108,35,41.0833,45,39,23.68,23.68,23.63
2022-11-15 00:50:00,1.5023,3.936,0.3204,0.815,120,52.4014,44.2439,120,80.8239,81.3013,80.3552,0.2576,120,26.1579,26.2365,26.0747,0.0455,120,1008.4718,1008.6734,1008.4536,0.027,120,0,0,0,0,120,0,0,0,0,120,13.6133,14.2604,13.2775,0.2466,120,120,0,0,0,0,0,120,None,None,None,None,0,3.4745,3.4779,3.4742,0.0005,0.5616,0.5624,0.5607,0.0004,0.8082,0.813,0.8036,0.0026,-0.0001,-0.0001,-0.0001,0,0,0,0,0,0,0,0,0,0,0,0,0,140.4667,405,12,88.582,0,0,0,0,219.3417,1002,1,205.9935,35,41.0667,45,39,23.68,23.68,23.63
2022-11-15 01:00:00,1.0926,2.3996,0.3112,0.5065,120,68.0802,41.3034,120,80.6637,80.8435,80.5078,0.0921,120,25.9779,26.0747,25.9191,0.0458,120,1008.4217,1008.4902,1008.2705,0.0797,120,0,0,0,0,120,0,0,0,0,120,13.6051,14.2604,13.2775,0.2728,120,120,0,0,0,0,0,120,None,None,None,None,0,3.4737,3.4748,3.4712,0.0013,0.5598,0.5607,0.5592,0.0005,0.8066,0.8084,0.8051,0.0009,-0.0001,-0.0001,-0.0001,0,0,0,0,0,0,0,0,0,0,0,0,0,95.9333,238,11,55.059,0,0,0,0,235.0667,1019,19,171.7076,35,41.15,47,39,23.68,23.68,23.63
2022-11-15 01:10:00,1.3867,2.556,0.256,0.6009,120,75.7695,41.2859,120,80.769,80.874,80.6604,0.0476,120,25.939,25.9526,25.9282,0.0048,120,1008.2926,1008.4902,1008.0874,0.0777,120,0,0,0,0,120,0,0,0,0,120,13.6215,14.2604,13.2775,0.2516,120,120,0,0,0,0,0,120,None,None,None,None,0,3.4715,3.4748,3.4681,0.0013,0.5594,0.5595,0.5593,0.0001,0.8077,0.8087,0.8066,0.0005,-0.0001,-0.0001,-0.0001,0,0,0,0,0,0,0,0,0,0,0,0,0,127.9,255,5,65.3166,0,0,0,0,238.9083,717,27,133.5897,35,41.15,47,39,23.68,23.68,23.63
2022-11-15 01:20:00,1.7861,4.2488,0.3204,0.7149,120,71.4004,44.9008,120,80.5823,80.6909,80.5078,0.0395,120,25.9072,25.9496,25.8824,0.0162,120,1008.2044,1008.4719,1008.0874,0.0986,120,0,0,0,0,120,0,0,0,0,120,13.7566,14.2604,13.2775,0.1853,120,120,0,0,0,0,0,120,None,None,None,None,0,3.4701,3.4745,3.4681,0.0016,0.5591,0.5595,0.5588,0.0002,0.8058,0.8069,0.8051,0.0004,-0.0001,-0.0001,-0.0001,0,0,0,0,0,0,0,0,0,0,0,0,0,171.3167,439,12,77.706,0,0,0,0,255.9833,1020,18,182.6274,35,41.15,47,41,23.68,23.68,23.63
2022-11-15 01:30:00,1.2787,2.74,0.2744,0.5677,120,72.317,35.3362,120,80.4442,80.5689,80.3247,0.0687,120,25.9169,25.9313,25.8977,0.0088,120,1008.2142,1008.3071,1008.0874,0.0912,120,0,0,0,0,120,0,0,0,0,120,13.7444,14.2604,13.2775,0.2099,120,120,0,0,0,0,0,120,None,None,None,None,0,3.4702,3.4718,3.4681,0.0015,0.5592,0.5593,0.559,0.0001,0.8044,0.8057,0.8032,0.0007,-0.0001,-0.0001,-0.0001,0,0,0,0,0,0,0,0,0,0,0,0,0,116.1667,275,7,61.7103,0,0,0,0,246.6333,1011,22,172.3272,35,41.0333,45,39,23.68,23.68,23.63
2022-11-15 01:40:00,1.6741,3.844,0.578,0.6321,120,56.4884,36.6834,120,80.2477,80.3552,80.05,0.0793,120,25.928,25.9404,25.9099,0.0067,120,1008.1797,1008.3071,1008.0874,0.0919,120,0,0,0,0,120,0,0,0,0,120,13.7607,14.2604,13.2775,0.1684,120,120,0,0,0,0,0,120,None,None,None,None,0,3.4697,3.4718,3.4681,0.0015,0.5593,0.5594,0.5591,0.0001,0.8025,0.8036,0.8005,0.0008,-0.0001,-0.0001,-0.0001,0,0,0,0,0,0,0,0,0,0,0,0,0,159.1417,395,40,68.7098,0,0,0,0,199.1083,963,6,161.1052,35,41.1,47,39,23.68,23.68,23.63
2022-11-15 01:50:00,1.3356,2.7216,0.3296,0.563,120,72.1993,42.2025,120,79.96,80.1111,79.8059,0.0767,120,25.9312,25.9496,25.913,0.0083,120,1008.1332,1008.3071,1008.0874,0.0717,120,0,0,0,0,120,0,0,0,0,120,13.6829,14.2604,13.2775,0.2355,120,120,0,0,0,0,0,120,None,None,None,None,0,3.4689,3.4718,3.4681,0.0012,0.5593,0.5595,0.5591,0.0001,0.7996,0.8011,0.7981,0.0008,-0.0001,-0.0001,-0.0001,0,0,0,0,0,0,0,0,0,0,0,0,0,122.35,273,13,61.1933,0,0,0,0,251.2083,1021,4,178.1187,35,41.0833,47,39,23.68,23.68,23.63
2022-11-15 02:00:00,1.3232,3.7244,0.3204,0.5957,120,68.5093,46.5394,120,79.7016,79.8669,79.5923,0.0796,120,25.9356,25.9587,25.8977,0.0149,120,1008.2185,1008.3071,1008.0874,0.0897,120,0,0,0,0,120,0,0,0,0,120,13.6543,14.2604,13.2775,0.2274,120,120,0,0,0,0,0,120,None,None,None,None,0,3.4703,3.4718,3.4681,0.0015,0.5594,0.5596,0.559,0.0001,0.797,0.7987,0.7959,0.0008,-0.0001,-0.0001,-0.0001,0,0,0,0,0,0,0,0,0,0,0,0,0,121,382,12,64.7488,0,0,0,0,250.1917,987,17,188.447,35,41.0833,47,39,23.68,23.68,23.63
2022-11-15 02:10:00,1.5013,2.9884,0.4492,0.5225,120,63.614,31.7183,120,79.5986,79.6838,79.5312,0.0451,120,25.9027,25.916,25.8855,0.0056,120,1008.1027,1008.2888,1007.886,0.0569,120,0,0,0,0,120,0,0,0,0,120,13.7362,14.2604,13.2775,0.2274,120,120,0,0,0,0,0,120,None,None,None,None,0,3.4684,3.4715,3.4648,0.0009,0.559,0.5592,0.5588,0.0001,0.796,0.7968,0.7953,0.0005,-0.0001,-0.0001,-0.0001,0,0,0,0,0,0,0,0,0,0,0,0,0,140.3583,302,26,56.7884,0,0,0,0,208.4333,1017,5,146.4797,35,41.0167,45,39,23.68,23.68,23.63
2022-11-15 02:20:00,1.3194,2.5192,0.578,0.4512,120,53.9739,26.7783,120,79.6068,79.6838,79.5618,0.0304,120,25.9106,25.9252,25.8916,0.008,120,1008.0363,1008.124,1007.886,0.0923,120,0,0,0,0,120,0,0,0,0,120,13.7321,14.2604,13.2775,0.2031,120,120,0,0,0,0,0,120,None,None,None,None,0,3.4673,3.4687,3.4648,0.0015,0.5591,0.5593,0.5589,0.0001,0.7961,0.7968,0.7956,0.0003,-0.0001,-0.0001,-0.0001,0,0,0,0,0,0,0,0,0,0,0,0,0,120.5917,251,40,49.0459,0,0,0,0,183.0667,1005,1,154.0148,35,41.05,45,39,23.68,23.68,23.63
2022-11-15 02:30:00,1.2563,2.8872,0.2192,0.6395,120,59.6357,43.6169,120,79.7772,79.8975,79.6533,0.0578,120,25.9346,25.9557,25.9069,0.0119,120,1007.9601,1008.1057,1007.886,0.0879,120,0,0,0,0,120,0,0,0,0,120,13.728,14.2604,13.2775,0.2073,120,120,0,0,0,0,0,120,None,None,None,None,0,3.466,3.4684,3.4648,0.0015,0.5594,0.5596,0.5591,0.0001,0.7978,0.799,0.7965,0.0006,-0.0001,-0.0001,-0.0001,0,0,0,0,0,0,0,0,0,0,0,0,0,113.7333,291,1,69.5163,0,0,0,0,243.5667,1022,14,217.1565,34.7,41.1333,47,39,23.67,23.68,23.63
2022-11-15 02:40:00,1.1303,2.3812,0.3572,0.4149,120,70.1051,27.1427,120,79.9692,80.1416,79.8669,0.0867,120,25.9356,25.9648,25.9069,0.0165,120,1007.956,1008.124,1007.886,0.0876,120,0,0,0,0,120,0,0,0,0,120,13.6256,14.2604,13.2775,0.258,120,120,0,0,0,0,0,120,None,None,None,None,0,3.4659,3.4687,3.4648,0.0015,0.5594,0.5596,0.5591,0.0002,0.7997,0.8014,0.7987,0.0009,-0.0001,-0.0001,-0.0001,0,0,0,0,0,0,0,0,0,0,0,0,0,100.0333,236,16,45.0945,0,0,0,0,200.1583,444,0,79.0039,34,41.1167,47,39,23.68,23.68,23.63
2022-11-15 02:50:00,1.289,2.4824,0.44,0.4675,120,50.9737,33.5432,120,80.3565,80.5383,80.1111,0.1216,120,25.915,25.9343,25.8977,0.0093,120,1008.0317,1008.124,1007.886,0.094,120,0,0,0,0,120,0,0,0,0,120,13.7239,14.2604,13.2775,0.1802,120,120,0,0,0,0,0,120,None,None,None,None,0,3.4672,3.4687,3.4648,0.0016,0.5592,0.5593,0.559,0.0001,0.8036,0.8054,0.8011,0.0012,-0.0001,-0.0001,-0.0001,0,0,0,0,0,0,0,0,0,0,0,0,0,117.2833,247,25,50.8124,0,0,0,0,184.875,961,2,163.7419,34,41.05,45,39,23.68,23.68,23.63
2022-11-15 03:00:00,1.1653,2.51,0.3204,0.5465,120,50.7489,59.5445,120,80.5902,80.6909,80.5078,0.0418,120,25.93,25.9404,25.913,0.007,120,1008.1866,1008.3071,1008.0691,0.0954,120,0,0,0,0,120,0,0,0,0,120,13.6665,14.2604,13.2775,0.2197,120,120,0,0,0,0,0,120,None,None,None,None,0,3.4698,3.4718,3.4678,0.0016,0.5593,0.5594,0.5591,0.0001,0.8059,0.8069,0.8051,0.0004,-0.0001,-0.0001,-0.0001,0,0,0,0,0,0,0,0,0,0,0,0,0,103.8333,250,12,59.4007,0,0,0,0,309.575,1017,8,286.8001,34,41.15,45,39,23.67,23.68,23.63
2022-11-15 03:10:00,1.5836,2.7768,0.5504,0.485,120,52.8459,32.5113,120,80.7611,80.8435,80.5994,0.056,120,25.9515,25.977,25.913,0.0179,120,1008.1997,1008.3071,1008.0874,0.095,120,0,0,0,0,120,0,0,0,0,120,13.7526,14.2604,13.2775,0.2008,120,120,0,0,0,0,0,120,None,None,None,None,0,3.47,3.4718,3.4681,0.0016,0.5595,0.5598,0.5591,0.0002,0.8076,0.8084,0.806,0.0006,-0.0001,-0.0001,-0.0001,0,0,0,0,0,0,0,0,0,0,0,0,0,149.3083,279,37,52.7158,0,0,0,0,166.375,952,5,121.4925,34,41.0833,45,39,23.68,23.68,23.63
2022-11-15 03:20:00,1.3577,2.4824,0.4124,0.4706,120,60.0998,32.6103,120,80.6861,80.813,80.5994,0.0644,120,25.9941,26.0167,25.9587,0.0161,120,1008.1758,1008.3071,1008.0874,0.0919,120,0,0,0,0,120,0,0,0,0,120,13.6338,14.2604,13.2775,0.2465,120,120,0,0,0,0,0,120,None,None,None,None,0,3.4696,3.4718,3.4681,0.0015,0.5599,0.5602,0.5596,0.0002,0.8069,0.8081,0.806,0.0006,-0.0001,-0.0001,-0.0001,0,0,0,0,0,0,0,0,0,0,0,0,0,124.75,247,22,51.1548,0,0,0,0,188.4667,1014,0,125.5671,34,41.1167,47,39,23.67,23.68,23.63
2022-11-15 03:30:00,0.9558,2.1328,0.2836,0.4359,120,72.6966,45.586,120,80.4725,80.5994,80.3858,0.0513,120,25.9669,26.0106,25.9221,0.0239,120,1008.2972,1008.4719,1008.0874,0.0761,120,0,0,0,0,120,0,0,0,0,120,13.4904,13.7689,13.2775,0.2446,120,120,0,0,0,0,0,120,None,None,None,None,0,3.4716,3.4745,3.4681,0.0013,0.5597,0.5601,0.5592,0.0002,0.8047,0.806,0.8039,0.0005,-0.0001,-0.0001,-0.0001,0,0,0,0,0,0,0,0,0,0,0,0,0,81.0667,209,8,47.3797,0,0,0,0,243.3917,832,12,157.9971,34,41.0833,43,41,23.67,23.68,23.63
2022-11-15 03:40:00,0.8568,1.544,0.3112,0.2798,120,60.3046,27.8426,120,80.428,80.5383,80.3552,0.0404,120,25.8683,25.9252,25.8275,0.0271,120,1008.406,1008.4719,1008.2705,0.0852,120,0,0,0,0,120,0,0,0,0,120,13.5723,13.7689,13.2775,0.2418,120,120,0,0,0,0,0,120,None,None,None,None,0,3.4734,3.4745,3.4712,0.0014,0.5587,0.5593,0.5583,0.0003,0.8043,0.8054,0.8036,0.0004,-0.0001,-0.0001,-0.0001,0,0,0,0,0,0,0,0,0,0,0,0,0,70.3083,145,11,30.4117,0,0,0,0,177.0917,657,24,87.3371,34,41.05,43,39,23.67,23.68,23.63
2022-11-15 03:50:00,0.856,1.6268,0,0.3021,120,74.7279,42.989,120,80.6024,80.6909,80.5078,0.0496,120,25.8624,25.9007,25.8306,0.0212,120,1008.469,1008.6367,1008.4353,0.0187,120,0,0,0,0,120,0,0,0,0,120,13.6788,14.2604,13.2775,0.2206,120,120,0,0,0,0,0,120,None,None,None,None,0,3.4745,3.4773,3.4739,0.0003,0.5586,0.559,0.5583,0.0002,0.806,0.8069,0.8051,0.0005,-0.0001,-0.0001,-0.0001,0,0,0,0,0,0,0,0,0,0,0,0,0,70.4083,154,0,32.3569,0,0,0,0,239.25,932,18,151.3829,34,41.15,47,39,23.67,23.68,23.63
2022-11-15 04:00:00,0.7487,1.5072,0,0.2788,120,71.9472,35.9252,120,80.7482,80.8435,80.6299,0.0609,120,25.9131,25.9374,25.8885,0.0154,120,1008.5401,1008.6734,1008.2888,0.0941,120,0,0,0,0,120,0,0,0,0,120,13.5805,13.7689,13.2775,0.2399,120,120,0,0,0,0,0,120,None,None,None,None,0,3.4757,3.4779,3.4715,0.0016,0.5591,0.5594,0.5589,0.0001,0.8075,0.8084,0.8063,0.0006,-0.0001,-0.0001,-0.0001,0,0,0,0,0,0,0,0,0,0,0,0,0,58.75,141,0,29.8574,0,0,0,0,226.25,1005,10,133.8741,34,41.05,45,39,23.67,23.68,23.63
2022-11-15 04:10:00,0.8045,2.0592,0.2284,0.4027,120,58.9824,40.25,120,80.8768,80.9656,80.813,0.0354,120,25.8843,25.9252,25.8183,0.0298,120,1008.6306,1008.6734,1008.4536,0.057,120,0,0,0,0,120,0,0,0,0,120,13.4741,14.2604,13.2775,0.25,120,120,0,0,0,0,0,120,None,None,None,None,0,3.4772,3.4779,3.4742,0.0009,0.5588,0.5593,0.5582,0.0003,0.8088,0.8097,0.8081,0.0004,-0.0001,-0.0001,-0.0001,0,0,0,0,0,0,0,0,0,0,0,0,0,64.6167,201,2,43.767,0,0,0,0,243.9917,1022,23,216.4546,34,41.1333,47,39,23.67,23.68,23.63
2022-11-15 04:20:00,0.8024,1.4796,0,0.2987,120,60.5199,49.0075,120,81.0101,81.1792,80.8435,0.0963,120,25.7305,25.8245,25.6719,0.0434,120,1008.6454,1008.8382,1008.4536,0.0474,120,0,0,0,0,120,0,0,0,0,120,13.5109,13.7689,13.2775,0.2465,120,120,0,0,0,0,0,120,None,None,None,None,0,3.4774,3.4806,3.4742,0.0008,0.5573,0.5582,0.5567,0.0004,0.8101,0.8118,0.8084,0.001,-0.0001,-0.0001,-0.0001,0,0,0,0,0,0,0,0,0,0,0,0,0,64.5833,138,0,32.0117,0,0,0,0,274.65,1015,10,242.5974,34,41.2667,47,39,23.67,23.68,23.63
2022-11-15 04:30:00,0.8261,1.4244,0.3664,0.271,120,67.9965,40.0764,120,81.2677,81.3318,81.1487,0.0384,120,25.6883,25.7024,25.6719,0.0072,120,1008.7526,1008.8565,1008.6184,0.0973,120,0.042,0.4803,0,0.1308,120,0,0,0,0,120,13.5928,14.2604,13.2775,0.2451,120,120,0,0.0839,0.6104,0,0.1629,120,None,None,None,None,0,3.4792,3.4809,3.477,0.0016,0.5569,0.557,0.5567,0.0001,0.8127,0.8133,0.8115,0.0004,-0.0001,-0.0001,-0.0001,0,0,0,0,0,0,0,0,0,0.0001,0.0006,0,0.0002,66.9667,132,17,29.4618,0,0,0,0,217.0417,962,4,145.6835,34,41.1167,47,39,23.66,23.68,23.63
2022-11-15 04:40:00,0.2683,0.6516,0,0.1901,120,235.4934,74.0374,120,81.2815,81.3623,81.1792,0.0515,120,25.6706,25.6993,25.5773,0.033,120,1008.8704,1009.0396,1008.8198,0.0688,120,1.0472,2.6433,0.2402,0.6056,120,1.3187,3.2977,0,0.9692,120,13.4495,13.7689,12.786,0.252,120,120,0,2.1872,3.9674,0.3052,1.035,120,None,None,None,None,0,3.4812,3.484,3.4803,0.0011,0.5567,0.557,0.5558,0.0003,0.8128,0.8136,0.8118,0.0005,-0.0001,-0.0001,-0.0001,0,0,0,0,0,0,0,0,0,0.0022,0.004,0.0003,0.001,12.8083,48,0,12.3712,0,0,0,0,623.6917,1014,53,215.8998,34,41.05,43,39,23.67,23.68,23.63
2022-11-15 04:50:00,0.5568,1.0472,0,0.251,120,214.7041,23.8063,120,81.3463,81.4844,81.2098,0.0657,120,25.3799,25.5773,25.1042,0.1326,120,1008.9366,1009.0396,1008.8015,0.0897,120,6.0396,12.015,2.6433,2.605,120,6.6405,12.4562,3.2977,2.7166,120,13.3553,13.7689,13.2775,0.1802,120,120,0,7.1617,12.5126,3.9674,2.3975,120,89.24,89.87,88.59,0.43,77,3.4823,3.484,3.48,0.0015,0.5538,0.5558,0.551,0.0013,0.8135,0.8148,0.8121,0.0007,-0.0001,-0.0001,-0.0001,0,0.0001,0.0002,0,0,0.0001,0.0001,0,0,0.0072,0.0125,0.004,0.0024,38.4583,91,0,25.8528,0,0,0,0,610.6333,844,483,68.221,34,41.0833,47,39,23.67,23.68,23.63
2022-11-15 05:00:00,0.5165,1.1852,0,0.322,120,206.4562,31.3504,120,82.0399,82.461,81.5149,0.2841,120,24.9484,25.0981,24.8845,0.0602,120,1009.0632,1009.2227,1008.8565,0.0843,120,21.2428,45.1772,12.2551,8.3004,120,21.3867,45.4298,12.8223,8.2093,120,13.4741,13.7689,13.2775,0.2418,120,120,0,21.5766,48.2192,12.8178,9.1375,120,87.31,88.59,86.04,0.68,120,3.4844,3.487,3.4809,0.0014,0.5495,0.551,0.5488,0.0006,0.8204,0.8246,0.8151,0.0028,-0.0001,-0.0001,-0.0001,0,0.0003,0.0006,0.0002,0.0001,0.0002,0.0004,0.0001,0.0001,0.0216,0.0482,0.0128,0.0091,35.975,106,0,31.2629,0,0,0,0,591.0083,953,362,93.952,34,41.1,47,39,23.66,23.68,23.63
2022-11-15 05:10:00,0.566,1.2588,0,0.2413,120,288.9668,42.9681,120,82.7456,83.1324,82.461,0.177,120,24.8678,24.8998,24.8174,0.0235,120,1009.1827,1009.3875,1009.003,0.0764,120,69.8062,77.6181,46.1386,7.7183,120,77.6885,104.7815,46.1621,15.0073,120,84.7012,293.5804,13.7689,102.6093,120,120,0,69.422,77.517,49.1348,6.5599,120,84.95,86.04,83.74,0.69,120,3.4864,3.4898,3.4834,0.0013,0.5487,0.549,0.5482,0.0002,0.8275,0.8313,0.8246,0.0018,-0.0005,-0.0001,-0.0018,0.0006,0.0009,0.001,0.0006,0.0001,0.0006,0.0009,0.0004,0.0001,0.0694,0.0775,0.0491,0.0066,40.025,114,0,23.4916,0,0,0,0,772.9,1022,5,184.3227,34,41.0833,45,39,23.67,23.68,23.63
2022-11-15 05:20:00,0.8679,2.0408,0,0.3956,120,248.532,32.3408,120,83.2415,83.4681,82.9493,0.1232,120,24.9796,25.1103,24.8204,0.1013,120,1009.2553,1009.4058,1009.003,0.0839,120,71.8066,88.1913,66.3236,6.0771,120,97.8754,111.3757,73.2737,11.1857,120,202.6986,328.9865,43.7657,112.113,120,120,0,68.6336,80.2637,63.7837,4.2487,120,82.59,83.74,81.44,0.69,120,3.4876,3.4901,3.4834,0.0014,0.5498,0.5511,0.5482,0.001,0.8324,0.8347,0.8295,0.0012,-0.0013,-0.0003,-0.002,0.0007,0.0009,0.0011,0.0008,0.0001,0.0008,0.0009,0.0006,0.0001,0.0686,0.0803,0.0638,0.0042,72.0833,199,0,41.8675,0,0,0,0,693.1083,961,12,121.8606,34,41.15,47,41,23.68,23.68,23.63
2022-11-15 05:30:00,0.8122,1.6268,0,0.3895,120,246.5479,39.2803,120,83.4595,83.7428,82.9188,0.1975,120,25.1911,25.2873,25.0646,0.084,120,1009.3712,1009.4058,1009.1861,0.0544,120,94.0767,101.4079,84.8268,4.1172,120,117.6288,175.491,88.6615,26.3549,120,145.3432,408.6513,14.2604,151.1909,120,120,0,88.8572,107.7303,78.4326,6.4896,120,80.23,81.44,79.13,0.69,120,3.4895,3.4901,3.4864,0.0009,0.5519,0.5529,0.5506,0.0008,0.8346,0.8374,0.8292,0.002,-0.0009,-0.0001,-0.0025,0.0009,0.0012,0.0013,0.0011,0.0001,0.001,0.0015,0.0007,0.0002,0.0889,0.1077,0.0784,0.0065,65.65,154,0,41.9827,0,0,0,0,672.0917,967,5,150.7106,34,41.1167,47,39,23.67,23.68,23.63
2022-11-15 05:40:00,1.0015,1.7372,0.2652,0.3434,120,254.4901,28.839,120,83.8377,84.3226,83.3766,0.266,120,25.0819,25.2263,24.9638,0.0865,120,1009.4032,1009.5889,1009.2044,0.0719,120,86.2068,92.5165,77.6181,3.9801,120,98.8799,183.551,78.7695,23.5924,120,66.666,426.8466,15.2449,98.477,120,120,0,80.4493,112.9185,68.6666,9.753,120,77.86,79.13,76.57,0.69,120,3.4901,3.4931,3.4867,0.0012,0.5508,0.5523,0.5496,0.0009,0.8384,0.8432,0.8338,0.0027,-0.0004,-0.0001,-0.0026,0.0006,0.0011,0.0012,0.001,0.0001,0.0008,0.0015,0.0007,0.0002,0.0804,0.1129,0.0687,0.0098,86.0333,166,6,37.3223,0,0,0,0,717.575,901,222,89.8784,34,41.1167,47,39,23.66,23.68,23.63
2022-11-15 05:50:00,0.6569,1.4428,0,0.3277,120,252.2434,45.0619,120,84.6416,85.1772,84.2921,0.241,120,24.9165,24.9699,24.8723,0.0291,120,1009.4464,1009.5889,1009.3692,0.084,120,79.5764,86.5094,74.9748,3.443,120,80.5064,86.8295,75.8379,3.3618,120,13.8386,15.2449,13.2775,0.2726,120,120,0,74.4219,82.7052,67.4459,5.2155,120,75.49,76.57,74.26,0.69,120,3.4908,3.4931,3.4895,0.0014,0.5492,0.5497,0.5487,0.0003,0.8464,0.8518,0.8429,0.0024,-0.0001,-0.0001,-0.0001,0,0.001,0.0011,0.001,0,0.0007,0.0007,0.0006,0,0.0744,0.0827,0.0674,0.0052,50.1,134,0,32.8951,0,0,0,0,694.05,937,22,149.7063,34,41.0167,43,39,23.66,23.68,23.63
2022-11-15 06:00:00,0.8972,1.5716,0.3112,0.3178,120,206.7881,27.4854,120,85.1927,85.5739,84.872,0.2269,120,24.9005,24.9852,24.8631,0.028,120,1009.4287,1009.5889,1009.3692,0.0745,120,103.7089,126.3992,85.7882,14.514,120,107.7092,136.6555,87.1957,16.959,120,23.5225,68.3548,13.7689,12.427,120,120,0,97.3083,117.1911,81.7896,12.4573,120,73.12,74.26,71.95,0.69,120,3.4905,3.4931,3.4895,0.0012,0.549,0.5498,0.5486,0.0003,0.8519,0.8557,0.8487,0.0023,-0.0001,-0.0001,-0.0004,0.0001,0.0013,0.0016,0.0011,0.0002,0.0009,0.0011,0.0007,0.0001,0.0973,0.1172,0.0818,0.0125,74.6917,148,11,34.5489,0,0,0,0,588.2667,899,397,79.7788,34,41.1333,47,39,23.66,23.68,23.63
2022-11-15 06:10:00,0.9185,2.1236,0.302,0.4129,120,236.4658,33.7568,120,85.4734,85.696,85.1772,0.1255,120,25.0498,25.1164,24.9791,0.0312,120,1009.5431,1009.7537,1009.3875,0.0773,120,122.6407,135.7717,108.8575,9.6434,120,132.4026,260.8547,112.8415,22.922,120,38.7628,418.9784,14.2604,67.4552,120,120,0,118.3152,205.3896,102.8474,16.292,120,70.75,71.95,69.64,0.69,120,3.4924,3.4959,3.4898,0.0013,0.5505,0.5512,0.5498,0.0003,0.8547,0.857,0.8518,0.0013,-0.0002,-0.0001,-0.0026,0.0004,0.0016,0.0017,0.0014,0.0001,0.0011,0.0022,0.0009,0.0002,0.1183,0.2054,0.1028,0.0163,77.0083,208,10,44.8777,0,0,0,0,668,977,134,104.4118,34,41.05,45,39,23.66,23.68,23.63
2022-11-15 06:20:00,0.9812,1.8568,0.4492,0.2961,120,252.9039,26.2654,120,85.611,85.8486,85.3603,0.1177,120,25.1132,25.1408,25.0859,0.0126,120,1009.7523,1009.9734,1009.5523,0.1304,120,100.2284,116.5472,87.711,8.2462,120,108.6802,275.8752,89.3938,30.5934,120,32.0172,446.0248,13.2775,69.6582,120,120,0,103.5875,212.4088,89.4192,19.9681,120,68.38,69.64,67.32,0.69,120,3.4959,3.4996,3.4925,0.0022,0.5511,0.5514,0.5509,0.0001,0.8561,0.8585,0.8536,0.0012,-0.0002,-0.0001,-0.0028,0.0004,0.0013,0.0015,0.0011,0.0001,0.0009,0.0023,0.0007,0.0003,0.1036,0.2124,0.0894,0.02,83.825,179,26,32.1824,0,0,0,0,710.1,922,134,91.409,34,41.1167,47,39,23.66,23.68,23.63
2022-11-15 06:30:00,0.8352,1.6912,0.3388,0.2987,120,284.8775,35.2389,120,86.0401,86.3369,85.7265,0.1352,120,25.1767,25.2568,25.1042,0.0398,120,1009.9677,1010.1382,1009.772,0.0523,120,109.358,125.4386,88.4315,13.5187,120,110.3624,126.3974,89.3938,13.4791,120,13.814,14.2604,13.2775,0.2207,120,120,0,112.5395,130.0088,89.4192,14.6349,120,66.01,67.07,64.76,0.69,120,3.4995,3.5023,3.4962,0.0009,0.5518,0.5526,0.551,0.0004,0.8604,0.8634,0.8573,0.0014,-0.0001,-0.0001,-0.0001,0,0.0014,0.0016,0.0011,0.0002,0.0009,0.0011,0.0007,0.0001,0.1125,0.13,0.0894,0.0146,67.9583,161,14,32.4629,0,0,0,0,789.55,1010,16,134.5242,34,41.0833,47,39,23.66,23.68,23.63
2022-11-15 06:40:00,0.9269,1.8936,0.256,0.4545,120,292.7366,49.8476,120,86.1675,86.4895,85.818,0.1732,120,25.2497,25.3148,25.211,0.0259,120,1010.0391,1010.1566,1009.9368,0.0933,120,113.3751,121.8339,103.5709,5.9887,120,114.4474,123.0996,105.1477,5.8691,120,13.8017,14.2604,13.2775,0.2606,120,120,0,117.0944,126.6518,106.5096,6.5377,120,63.64,64.76,62.44,0.69,120,3.5007,3.5026,3.4989,0.0016,0.5525,0.5532,0.5521,0.0003,0.8617,0.8649,0.8582,0.0017,-0.0001,-0.0001,-0.0001,0,0.0014,0.0015,0.0013,0.0001,0.001,0.001,0.0009,0,0.1171,0.1267,0.1065,0.0065,77.925,183,5,49.404,0,0,0,0,767.175,1010,8,206.0467,34,41.1833,47,39,23.66,23.68,23.63
2022-11-15 06:50:00,0.6938,1.8108,0.2928,0.3146,120,236.765,62.4554,120,86.328,86.581,86.0622,0.1425,120,25.3705,25.504,25.2873,0.0702,120,1010.251,1010.5045,1010.1199,0.0927,120,111.4226,141.2984,95.1598,14.1564,120,112.524,142.8836,95.988,14.5398,120,14.0024,14.2604,13.2775,0.2624,120,120,0,117.9235,148.9303,101.0163,14.7606,120,61.27,62.44,60.13,0.69,120,3.5042,3.5084,3.502,0.0015,0.5537,0.555,0.5529,0.0007,0.8633,0.8658,0.8606,0.0014,-0.0001,-0.0001,-0.0001,0,0.0014,0.0018,0.0012,0.0002,0.0009,0.0012,0.0008,0.0001,0.1179,0.1489,0.101,0.0148,52.5833,174,9,34.1919,0,0,0,0,641.4167,966,25,193.3141,34,41.1,47,39,23.66,23.68,23.63
2022-11-15 07:00:00,1.4335,3.0344,0.532,0.5446,120,193.8229,25.2517,120,86.2206,86.4895,85.757,0.1661,120,25.5727,25.6291,25.5071,0.0288,120,1010.466,1010.6693,1010.303,0.0792,120,156.956,207.622,135.2906,20.5142,120,159.3338,210.6615,137.7551,20.669,120,14.068,14.7535,13.7689,0.2872,120,120,0,161.8829,210.8829,140.9955,19.2751,120,58.9,60.13,57.82,0.69,120,3.5078,3.5112,3.5051,0.0013,0.5557,0.5563,0.5551,0.0003,0.8622,0.8649,0.8576,0.0017,-0.0001,-0.0001,-0.0001,0,0.002,0.0026,0.0017,0.0003,0.0013,0.0018,0.0011,0.0002,0.1619,0.2109,0.141,0.0193,132.9917,307,35,59.1913,0,0,0,0,553.15,919,275,76.96,34,41.05,47,39,23.66,23.68,23.63
2022-11-15 07:10:00,0.512,1.3232,0,0.2382,120,197.3,56.5968,120,86.5764,87.0693,86.0622,0.2281,120,25.9514,26.4043,25.5773,0.2449,120,1010.4758,1010.6876,1010.303,0.0823,120,287.7611,307.8283,210.5055,19.698,120,327.9092,700.497,213.2269,94.2657,120,77.7145,714.0332,14.2604,164.8373,120,120,0,315.714,625.6294,213.9348,78.3803,120,56.53,57.82,55.26,0.69,120,3.5079,3.5115,3.5051,0.0014,0.5595,0.564,0.5558,0.0024,0.8658,0.8707,0.8606,0.0023,-0.0005,-0.0001,-0.0044,0.001,0.0037,0.0039,0.0027,0.0003,0.0027,0.0058,0.0018,0.0008,0.3157,0.6256,0.2139,0.0784,33.5833,121,0,24.5328,0,0,0,0,546.9583,961,80,166.1665,34,41.1333,47,39,23.66,23.68,23.63
2022-11-15 07:20:00,0.7388,1.774,0,0.424,120,232.9064,40.9634,120,85.4811,86.52,84.6278,0.6254,120,26.5623,26.7034,26.4043,0.0777,120,1010.5094,1010.7059,1010.3214,0.0505,120,220.9368,295.0921,108.3764,67.6733,120,242.994,374.4286,113.9412,84.3514,120,40.7667,165.2304,13.2775,44.3713,120,120,0,232.9656,352.794,107.7303,80.964,120,54.17,55.26,52.96,0.69,120,3.5085,3.5118,3.5054,0.0008,0.5656,0.567,0.564,0.0008,0.8548,0.8652,0.8463,0.0063,-0.0003,-0.0001,-0.001,0.0003,0.0028,0.0037,0.0014,0.0009,0.002,0.0031,0.0009,0.0007,0.233,0.3528,0.1077,0.081,58.05,170,0,45.2156,0,0,0,0,648.4333,989,17,139.935,34,41.0833,45,39,23.66,23.68,23.63
2022-11-15 07:30:00,0.9,1.9396,0,0.4118,120,231.0289,47.8886,120,85.3048,85.5739,84.9635,0.1599,120,26.4783,26.5478,26.325,0.0539,120,1010.548,1010.7059,1010.5045,0.0767,120,78.1806,107.6559,49.022,14.2042,120,82.0635,113.2077,51.6579,15.0607,120,13.4863,14.2604,12.786,0.2896,120,120,0,81.4895,107.4252,53.4074,12.5149,120,51.81,52.96,50.66,0.69,120,3.5091,3.5118,3.5084,0.0013,0.5648,0.5655,0.5633,0.0005,0.853,0.8557,0.8496,0.0016,-0.0001,-0.0001,-0.0001,0,0.001,0.0014,0.0006,0.0002,0.0007,0.0009,0.0004,0.0001,0.0815,0.1074,0.0534,0.0125,75.1917,188,0,44.3938,0,0,0,0,634.925,949,4,156.9981,34,41.1167,45,41,23.66,23.68,23.63
2022-11-15 07:40:00,1.1843,2.1604,0.4952,0.3548,120,154.4804,38.8355,120,85.2657,85.6349,84.9025,0.2077,120,26.0567,26.3189,25.8489,0.1488,120,1010.6659,1010.889,1010.5045,0.0738,120,82.6102,132.1669,46.6189,29.3278,120,85.0372,134.4574,49.8259,29.0411,120,13.556,14.2604,13.2775,0.297,120,120,0,88.8724,138.554,52.4918,29.6391,120,49.45,50.66,48.36,0.69,120,3.5111,3.5148,3.5084,0.0012,0.5606,0.5632,0.5585,0.0015,0.8527,0.8563,0.849,0.0021,-0.0001,-0.0001,-0.0001,0,0.001,0.0017,0.0006,0.0004,0.0007,0.0011,0.0004,0.0002,0.0889,0.1386,0.0525,0.0296,105.9,212,31,38.5625,0,0,0,0,438.7417,718,35,112.7273,34,41.0167,43,39,23.66,23.68,23.63
2022-11-15 07:50:00,1.5417,2.8964,0.4676,0.5081,120,196.0739,27.5754,120,85.6304,85.9706,85.3298,0.1485,120,25.8865,25.9557,25.8306,0.0398,120,1010.727,1010.889,1010.6693,0.071,120,142.722,165.3283,121.3528,13.2483,120,144.8774,166.6975,123.0996,13.342,120,14.1501,15.2449,13.7689,0.3853,120,120,0,149.3169,174.2607,127.2622,14.0042,120,47.1,48.36,45.81,0.68,120,3.5121,3.5148,3.5112,0.0012,0.5589,0.5596,0.5583,0.0004,0.8563,0.8597,0.8533,0.0015,-0.0001,-0.0001,-0.0001,0,0.0018,0.0021,0.0015,0.0002,0.0012,0.0014,0.001,0.0001,0.1493,0.1743,0.1273,0.014,144.75,292,28,55.2337,0,0,0,0,555.025,808,193,81.6465,34,41.0833,47,39,23.67,23.68,23.63
2022-11-15 08:00:00,1.2876,3.7612,0.2928,0.7964,120,134.1618,84.1412,120,85.449,85.818,84.9025,0.2198,120,26.131,26.2975,25.9587,0.0971,120,1010.7613,1010.9073,1010.5045,0.0943,120,199.8162,220.3583,162.2047,18.0355,120,202.553,223.8511,165.599,18.0418,120,14.4904,15.2449,13.7689,0.3434,120,120,0,202.0961,223.7007,165.1051,16.775,120,44.75,45.81,43.53,0.68,120,3.5127,3.5151,3.5084,0.0016,0.5613,0.563,0.5596,0.001,0.8545,0.8582,0.849,0.0022,-0.0001,-0.0001,-0.0001,0,0.0025,0.0028,0.0021,0.0002,0.0017,0.0019,0.0014,0.0001,0.2021,0.2237,0.1651,0.0168,117.1333,386,9,86.5653,0,0,0,0,449.9417,1005,2,264.2418,34,41.15,47,39,23.66,23.68,23.63
2022-11-15 08:10:00,2.3133,4.6904,0.2376,1.1173,120,122.6505,51.8845,120,84.4124,85.2077,83.5902,0.4643,120,26.1792,26.4013,25.7573,0.2158,120,1010.8856,1011.0904,1010.6693,0.074,120,175.6556,204.2575,154.2748,17.8331,120,177.527,204.7995,156.0732,17.643,120,13.3512,14.7535,12.2946,0.7311,120,120,0,182.432,210.8829,160.5274,18.18,120,42.41,43.53,41.25,0.68,120,3.5148,3.5182,3.5112,0.0012,0.5618,0.564,0.5576,0.0022,0.8441,0.8521,0.8359,0.0046,-0.0001,-0.0001,-0.0001,0,0.0022,0.0026,0.002,0.0002,0.0015,0.0017,0.0013,0.0001,0.1824,0.2109,0.1605,0.0182,228.625,487,3,121.4436,0,0,0,0,352.4083,941,9,161.3583,34,41.0667,43,41,23.67,23.68,23.63
2022-11-15 08:20:00,1.9529,3.4392,0.67,0.6313,120,136.1753,36.1504,120,85.0202,85.3603,84.5058,0.2044,120,25.4386,25.7512,25.2873,0.1429,120,1010.9526,1011.0904,1010.8707,0.0897,120,204.9867,235.7378,176.1425,19.7759,120,206.5556,237.407,176.5894,20.336,120,14.0355,18.1953,12.786,0.9236,120,120,0,209.3468,238.6547,181.2799,19.6073,120,40.08,41.25,38.98,0.68,120,3.5159,3.5182,3.5145,0.0015,0.5544,0.5575,0.5529,0.0014,0.8502,0.8536,0.8451,0.002,-0.0001,-0.0001,-0.0001,0,0.0026,0.003,0.0022,0.0003,0.0017,0.002,0.0015,0.0002,0.2093,0.2387,0.1813,0.0196,189.45,351,50,68.6224,0,0,0,0,386.9583,728,38,105.7101,34,41.1167,47,39,23.67,23.68,23.63
2022-11-15 08:30:00,1.9184,4.8744,0.4492,0.9002,120,126.0161,31.5114,120,85.1604,85.7265,84.5058,0.3298,120,25.3976,25.504,25.2721,0.0818,120,1011.1219,1011.4383,1010.8707,0.1192,120,303.1946,385.9268,237.9,42.9284,120,307.3895,398.976,239.2389,45.1128,120,15.6955,28.5224,13.7689,2.8091,120,120,0,300.9227,386.6695,238.0444,42.8607,120,37.76,38.98,36.73,0.67,120,3.5187,3.524,3.5145,0.002,0.554,0.555,0.5527,0.0008,0.8516,0.8573,0.8451,0.0033,-0.0001,-0.0001,-0.0002,0,0.0039,0.0049,0.003,0.0005,0.0026,0.0033,0.002,0.0004,0.3009,0.3867,0.238,0.0429,185.6917,507,26,97.8456,0,0,0,0,357.7333,652,141,90.6152,34,41.0833,45,39,23.67,23.68,23.63
2022-11-15 08:40:00,3.2584,5.592,0.5872,1.1204,120,137.1092,26.1854,120,84.875,85.5129,84.2006,0.3113,120,25.2938,25.4613,25.1744,0.0816,120,1011.3172,1011.4566,1011.2369,0.0842,120,413.3996,428.9409,387.6094,12.2934,120,420.7775,435.9784,393.114,12.8984,120,15.3636,21.6371,14.2604,1.5693,120,120,0,407.5569,422.9865,380.5658,12.3832,120,35.45,36.48,34.24,0.67,120,3.522,3.5243,3.5206,0.0014,0.5529,0.5546,0.5517,0.0008,0.8488,0.8551,0.842,0.0031,-0.0001,-0.0001,-0.0001,0,0.0053,0.0054,0.0049,0.0002,0.0035,0.0036,0.0033,0.0001,0.4076,0.423,0.3806,0.0124,331.35,585,41,121.7796,0,0,0,0,386.8833,590,49,76.7678,34,41.15,45,41,23.67,23.68,23.63
2022-11-15 08:50:00,3.3253,6.0244,1.1116,1.0275,120,143.8971,27.9231,120,85.6281,86.0317,85.1466,0.182,120,25.2291,25.3056,25.1714,0.0424,120,1011.3121,1011.475,1011.0721,0.0857,120,357.9176,403.7094,273.4654,42.2069,120,363.6483,409.6002,279.1729,43.0581,120,14.6955,15.7364,13.7689,0.6157,120,120,0,355.1693,395.5199,276.4977,40.6149,120,33.16,34.24,32.01,0.67,120,3.5219,3.5246,3.5179,0.0014,0.5523,0.5531,0.5517,0.0004,0.8563,0.8603,0.8515,0.0018,-0.0001,-0.0001,-0.0001,0,0.0045,0.0051,0.0035,0.0005,0.003,0.0034,0.0023,0.0004,0.3552,0.3955,0.2765,0.0406,338.6167,632,98,111.6825,0,0,0,0,410.1417,647,251,80.4019,34,41.0833,47,39,23.66,23.68,23.63
2022-11-15 09:00:00,2.8328,5.1872,0.854,0.9383,120,142.1598,32.6582,120,85.6212,86.0317,85.0551,0.2753,120,25.2852,25.3728,25.1775,0.0617,120,1011.3401,1011.4566,1011.2552,0.0918,120,261.3378,274.6669,241.5047,9.9778,120,265.6478,278.4406,245.8331,10.1888,120,13.7526,14.2604,12.2946,0.5661,120,120,0,268.0212,280.1599,250.8622,8.8226,120,30.89,32.01,29.81,0.66,120,3.5223,3.5243,3.5209,0.0015,0.5528,0.5537,0.5518,0.0006,0.8562,0.8603,0.8506,0.0028,-0.0001,-0.0001,-0.0001,0,0.0033,0.0035,0.0031,0.0001,0.0022,0.0023,0.002,0.0001,0.268,0.2802,0.2509,0.0088,285.0917,541,70,101.9873,0,0,0,0,404.875,677,171,94.0522,34,41.1333,47,39,23.67,23.68,23.63
2022-11-15 09:10:00,2.5386,4.8928,0.3296,1.0206,120,128.409,37.4821,120,86.2982,87.0693,85.2077,0.5593,120,24.9105,25.1714,24.799,0.1053,120,1011.4,1011.475,1011.2552,0.0853,120,245.0072,274.426,162.4449,32.2646,120,246.5967,277.3409,162.3013,32.9281,120,13.343,14.2604,11.8015,0.6496,120,120,0.1,248.4054,277.4133,160.8325,35.2408,120,28.65,29.81,27.63,0.65,120,3.5233,3.5246,3.5209,0.0014,0.5491,0.5517,0.548,0.001,0.863,0.8707,0.8521,0.0056,-0.0001,-0.0001,-0.0001,0,0.0031,0.0035,0.0021,0.0004,0.0021,0.0023,0.0014,0.0003,0.2484,0.2774,0.1608,0.0352,253.1083,509,13,110.9371,0.0083,1,0,0.0913,382.2,1016,172,129.5512,34,41.5833,47,39,23.66,23.68,23.63
2022-11-15 09:20:00,2.563,5.4448,0.6976,0.9438,120,131.9764,34.12,120,87.1265,87.5576,86.4895,0.2468,120,24.7623,24.8143,24.7288,0.0199,120,1011.3732,1011.4566,1011.2552,0.0928,120,235.9978,428.2205,116.5472,104.882,120,237.9015,437.4442,116.1393,107.2471,120,14.2199,18.1953,13.2775,1.0154,120,120,0,240.8165,434.2784,115.36,109.0353,120,26.43,27.63,25.26,0.64,120,3.5229,3.5243,3.5209,0.0015,0.5476,0.5481,0.5473,0.0002,0.8713,0.8756,0.8649,0.0025,-0.0001,-0.0001,-0.0001,0,0.003,0.0054,0.0015,0.0013,0.002,0.0036,0.001,0.0009,0.2408,0.4343,0.1154,0.109,255.7583,569,53,102.5841,0,0,0,0,384.4417,1022,208,111.6238,34,41.65,47,39,23.66,23.68,23.63
2022-11-15 09:30:00,2.3691,4.0556,0.6976,0.7564,120,139.4792,39.6641,120,87.7369,88.2595,87.405,0.1997,120,24.8563,24.9852,24.7319,0.0726,120,1011.2505,1011.4566,1011.0538,0.0875,120,470.9963,488.5362,431.5843,14.0299,120,476.1938,490.2017,440.7419,12.0523,120,16.2772,21.6371,14.7535,1.3347,120,120,0,460.9923,473.0369,437.0251,8.6892,120,24.26,25.26,23.16,0.63,120,3.5208,3.5243,3.5176,0.0015,0.5486,0.5498,0.5473,0.0007,0.8774,0.8826,0.8741,0.002,-0.0001,-0.0001,-0.0001,0,0.006,0.0062,0.0055,0.0002,0.004,0.0041,0.0037,0.0001,0.461,0.473,0.437,0.0087,234.6833,418,53,82.2125,0,0,0,0,392.05,825,40,118.015,34,41.85,47,39,23.67,23.68,23.63
2022-11-15 09:40:00,1.9917,4.7548,0.5412,0.9064,120,131.3807,36.3916,120,87.7979,88.6258,86.6726,0.5109,120,25.277,25.5956,24.9944,0.1345,120,1011.1269,1011.2735,1010.889,0.0897,120,541.8998,601.2386,468.8315,44.6672,120,551.5344,615.8655,472.2497,49.2708,120,16.6176,25.572,14.7535,2.2646,120,120,0,526.7546,586.2606,451.6739,45.9341,120,22.14,23.16,21.13,0.61,120,3.5188,3.5212,3.5148,0.0015,0.5528,0.556,0.5499,0.0014,0.878,0.8863,0.8667,0.0051,-0.0001,-0.0001,-0.0002,0,0.0069,0.0076,0.006,0.0006,0.0046,0.0051,0.0039,0.0004,0.5268,0.5863,0.4517,0.0459,193.6667,494,36,98.5181,0,0,0,0,371.0667,605,53,104.1317,34,41.6833,49,39,23.67,23.68,23.63
2022-11-15 09:50:00,2.1823,4.2764,0.7896,0.7016,120,140.0911,28.5312,120,87.3295,87.8933,86.642,0.3512,120,25.6815,25.9313,25.5376,0.1036,120,1011.1046,1011.2735,1010.889,0.0928,120,700.9325,779.5433,596.9134,66.9568,120,768.7758,1006.048,604.8751,109.3967,120,71.0468,238.5031,17.2108,47.4032,120,120,0,718.6117,954.0086,573.748,96.9939,120,20.1,21.13,19.17,0.59,120,3.5184,3.5212,3.5148,0.0015,0.5568,0.5593,0.5554,0.001,0.8733,0.8789,0.8664,0.0035,-0.0004,-0.0001,-0.0015,0.0003,0.0089,0.0099,0.0076,0.0008,0.0064,0.0084,0.005,0.0009,0.7186,0.954,0.5737,0.097,214.3833,442,63,76.2557,0,0,0,0,396.225,593,143,81.9508,34,41.6667,47,39,23.67,23.68,23.63
2022-11-15 10:00:00,2.1149,4.3224,0.4584,0.8199,120,134.1873,46.2718,120,87.1052,88.1985,86.1843,0.5398,120,26.3405,26.6698,25.9343,0.2036,120,1011.0799,1011.2735,1010.889,0.0561,120,674.8736,702.1661,652.9039,8.7513,120,861.3113,1129.515,690.2389,92.9354,120,182.5651,442.583,28.0309,91.4357,120,120,0,791.7798,1055.3301,636.9213,85.3859,120,18.14,19.17,17.12,0.55,120,3.518,3.5212,3.5148,0.0009,0.5634,0.5667,0.5593,0.002,0.8711,0.882,0.8618,0.0054,-0.0011,-0.0002,-0.0027,0.0006,0.0086,0.0089,0.0083,0.0001,0.0072,0.0094,0.0057,0.0008,0.7918,1.0553,0.6369,0.0854,207.0583,447,27,89.1174,0,0,0,0,384.875,891,31,136.131,34,41.2333,47,39,23.67,23.73,23.63
2022-11-15 10:10:00,2.6671,5.9968,0.9828,1.0433,120,95.4206,47.1445,120,86.1321,86.9472,85.3298,0.388,120,26.6572,26.7126,26.5966,0.031,120,1011.0906,1011.4383,1010.889,0.0913,120,521.2137,653.8654,426.2976,73.2253,120,544.2681,692.8031,442.5738,78.0171,120,18.2649,61.4695,13.2775,7.7809,120,120,0,512.6169,646.9924,424.8177,68.3418,120,16.32,17.12,15.43,0.51,120,3.5182,3.524,3.5148,0.0015,0.5666,0.5671,0.566,0.0003,0.8613,0.8695,0.8533,0.0039,-0.0001,-0.0001,-0.0004,0,0.0066,0.0083,0.0054,0.0009,0.0045,0.0058,0.0037,0.0006,0.5126,0.647,0.4248,0.0683,267.075,629,84,113.398,0,0,0,0,284.5167,757,33,139.2538,34.5,41.5667,47,39,23.67,23.68,23.63
2022-11-15 10:20:00,3.9291,6.8984,0.532,1.4572,120,96.4473,31.1544,120,85.563,86.7641,84.5363,0.6253,120,26.1467,26.6424,25.8306,0.291,120,1011.2229,1011.2918,1011.0538,0.0812,120,536.0704,583.2157,485.6528,26.4298,120,566.0091,611.1032,507.054,31.2442,120,20.9652,44.2588,12.786,6.6452,120,120,0,537.3674,582.2932,486.1599,27.9426,120,14.67,15.43,13.93,0.45,120,3.5204,3.5215,3.5176,0.0014,0.5615,0.5664,0.5583,0.0029,0.8556,0.8676,0.8454,0.0063,-0.0001,-0.0001,-0.0003,0,0.0068,0.0074,0.0062,0.0003,0.0047,0.0051,0.0042,0.0003,0.5374,0.5823,0.4862,0.0279,404.25,727,35,158.3875,0,0,0,0,284.225,833,60,102.3704,35,41.55,47,39,23.67,23.68,23.63
2022-11-15 10:30:00,2.7455,5.96,0.6424,1.0129,120,89.0889,46.7565,120,85.5525,86.52,84.4752,0.4871,120,25.6247,25.8183,25.504,0.0792,120,1011.1991,1011.2918,1011.0721,0.0906,120,580.1541,623.3465,535.3953,27.5348,120,628.4078,677.7815,581.0612,24.5581,120,27.1942,57.0432,15.2449,10.2236,120,120,0,590.3297,636.0057,545.6709,23.2906,120,13.27,13.93,12.7,0.37,120,3.52,3.5215,3.5179,0.0015,0.5563,0.5582,0.555,0.0008,0.8555,0.8652,0.8448,0.0049,-0.0002,-0.0001,-0.0004,0.0001,0.0074,0.0079,0.0068,0.0003,0.0052,0.0056,0.0048,0.0002,0.5903,0.636,0.5457,0.0233,275.6,625,47,110.0967,0,0,0,0,286.7667,988,4,168.8815,35,41.9333,47,41,23.67,23.68,23.63
2022-11-15 10:40:00,2.4542,4.35,0.6976,0.8311,120,82.3202,29.037,120,85.2598,86.0317,84.4447,0.4218,120,25.3043,25.6688,24.9699,0.2252,120,1011.2403,1011.4566,1011.0721,0.0768,120,495.2269,537.5583,463.5449,23.2531,120,527.9251,582.1597,489.8343,30.8404,120,17.1337,24.096,13.7689,2.3275,120,120,0,506.9633,548.1124,473.9524,22.9035,120,12.2,12.7,11.83,0.26,120,3.5207,3.5243,3.5179,0.0013,0.553,0.5567,0.5497,0.0022,0.8526,0.8603,0.8444,0.0042,-0.0001,-0.0001,-0.0001,0,0.0063,0.0068,0.0059,0.0003,0.0044,0.0048,0.0041,0.0003,0.507,0.5481,0.474,0.0229,243.9333,450,53,90.3353,0,0,0,0,241.925,867,58,98.3254,35,41.7167,47,39,23.67,23.68,23.63
2022-11-15 10:50:00,2.2928,4.626,0.532,0.9246,120,102.442,35.217,120,86.1227,87.9849,84.933,0.7436,120,24.7238,24.9638,24.5183,0.1334,120,1011.2389,1011.4566,1011.0721,0.0846,120,541.2029,631.0362,467.3898,56.887,120,567.2974,662.7611,471.8824,59.875,120,18.154,27.0464,13.2775,2.7006,120,120,0,562.2781,659.1998,474.5628,60.7049,120,11.54,11.76,11.37,0.12,120,3.5206,3.5243,3.5179,0.0014,0.5472,0.5496,0.5452,0.0013,0.8612,0.8798,0.8493,0.0074,-0.0001,-0.0001,-0.0002,0,0.0069,0.008,0.0059,0.0007,0.0047,0.0055,0.0039,0.0005,0.5623,0.6592,0.4746,0.0607,226.3917,480,35,100.496,0,0,0,0,307.3583,898,96,119.7127,35,41.6833,49,39,23.67,23.68,23.63
2022-11-15 11:00:00,2.7364,4.8284,0.5872,0.8266,120,104.3355,28.2572,120,86.7423,88.0154,85.0246,0.6367,120,24.5186,24.6922,24.3748,0.1073,120,1011.1559,1011.2918,1010.889,0.0947,120,528.3907,661.3142,430.3835,78.5101,120,550.0079,697.9328,440.0084,87.305,120,16.695,26.5549,13.2775,3.2991,120,120,0,543.1379,678.1213,443.7391,80.0029,120,11.38,11.48,11.35,0.03,120,3.5193,3.5215,3.5148,0.0016,0.5452,0.5469,0.5437,0.0011,0.8674,0.8802,0.8502,0.0064,-0.0001,-0.0001,-0.0002,0,0.0067,0.0084,0.0055,0.001,0.0046,0.0058,0.0037,0.0007,0.5431,0.6781,0.4437,0.08,274.6083,502,41,89.8454,0,0,0,0,303.5167,919,159,94.2936,35,41.5167,47,39,23.67,23.68,23.63
2022-11-15 11:10:00,2.1203,3.89,0.946,0.6679,120,142.3442,33.1041,120,87.9251,88.8699,87.2219,0.3955,120,24.9225,25.3239,24.4969,0.2622,120,1011.0259,1011.2735,1010.889,0.0903,120,615.1983,662.7559,551.9764,29.0796,120,639.6706,717.7167,563.108,36.6597,120,19.0719,41.3084,15.2449,4.1729,120,120,0,623.7144,696.7376,549.6384,35.0035,120,11.73,12.05,11.48,0.18,120,3.5171,3.5212,3.5148,0.0015,0.5492,0.5532,0.545,0.0026,0.8793,0.8887,0.8722,0.004,-0.0001,-0.0001,-0.0003,0,0.0078,0.0084,0.007,0.0004,0.0053,0.006,0.0047,0.0003,0.6237,0.6967,0.5496,0.035,207.6417,400,80,72.599,0,0,0,0,402.8333,637,41,96.3337,35,41.85,47,39,23.67,23.68,23.63
2022-11-15 11:20:00,2.3681,3.9268,0.6608,0.7405,120,146.9896,39.2005,120,87.2641,87.9238,86.7336,0.2784,120,25.4798,25.6749,25.3239,0.09,120,1010.8327,1011.0904,1010.7059,0.1036,120,634.6428,790.8378,534.6748,88.7196,120,684.4529,963.5498,550.2857,132.8077,120,46.9752,164.2475,14.2604,41.6095,120,120,0,649.0321,900.9064,530.1065,117.2464,120,12.55,13.04,12.05,0.3,120,3.5139,3.5182,3.5118,0.0017,0.5548,0.5567,0.5532,0.0009,0.8726,0.8792,0.8673,0.0028,-0.0003,-0.0001,-0.001,0.0003,0.0081,0.01,0.0068,0.0011,0.0057,0.008,0.0046,0.0011,0.649,0.9009,0.5301,0.1172,234.575,404,49,80.4902,0,0,0,0,417.025,750,16,113.8139,35,41.7,47,39,23.67,23.68,23.63
2022-11-15 11:30:00,2.5918,5.4908,0.3112,1.0172,120,128.9472,43.457,120,86.9409,87.9849,85.8791,0.5377,120,25.8643,26.1296,25.6749,0.102,120,1010.6415,1010.7425,1010.358,0.1034,120,697.2679,792.0394,633.9197,37.6054,120,965.1311,1127.6831,686.575,123.4321,120,246.7028,421.4373,21.1457,120.8783,120,120,0,888.2616,1039.4604,622.5776,114.7507,120,13.76,14.52,13.04,0.4,120,3.5107,3.5124,3.506,0.0017,0.5586,0.5613,0.5567,0.001,0.8694,0.8798,0.8588,0.0054,-0.0015,-0.0001,-0.0026,0.0008,0.0089,0.0101,0.0081,0.0005,0.008,0.0094,0.0057,0.001,0.8883,1.0395,0.6226,0.1148,258.8917,574,11,110.5617,0,0,0,0,381.475,966,88,137.9298,35,41.2667,47,39,23.67,23.68,23.63
2022-11-15 11:40:00,3.0241,5.3528,0.6976,0.9438,120,128.709,38.0471,120,86.3119,87.4966,85.3908,0.412,120,26.135,26.1815,26.09,0.0231,120,1010.427,1010.7425,1010.1749,0.0997,120,534.0339,671.4071,267.4575,111.8414,120,946.5867,1102.0372,631.2533,106.4918,120,384.5589,800.5817,74.747,177.1614,120,120,0,863.3915,1016.8767,549.028,99.5823,120,15.26,16.11,14.52,0.47,120,3.5071,3.5124,3.5029,0.0017,0.5614,0.5618,0.5609,0.0002,0.8631,0.875,0.8539,0.0041,-0.0024,-0.0005,-0.005,0.0011,0.0068,0.0085,0.0034,0.0014,0.0079,0.0092,0.0053,0.0009,0.8634,1.0169,0.549,0.0996,305.875,559,53,102.5841,0,0,0,0,375.6917,923,108,120.004,35,41.55,47,39,23.67,23.68,23.63
2022-11-15 11:50:00,2.5259,5.04,0.7804,0.9057,120,130.4542,37.2016,120,86.3473,87.0693,85.4823,0.3705,120,26.3524,26.7278,26.151,0.1497,120,1010.2402,1010.3763,1009.9918,0.1034,120,185.6182,262.1709,151.8717,29.9696,120,1089.1103,1142.3373,890.6423,51.1901,120,886.3941,931.3906,636.8273,69.7693,120,120,0,998.6826,1049.5315,817.2857,50.6152,120,16.98,17.87,16.11,0.53,120,3.504,3.5063,3.4999,0.0017,0.5635,0.5673,0.5615,0.0015,0.8635,0.8707,0.8548,0.0037,-0.0055,-0.004,-0.0058,0.0004,0.0024,0.0033,0.0019,0.0004,0.0091,0.0095,0.0074,0.0004,0.9987,1.0495,0.8173,0.0506,251.7333,525,62,98.4494,0,0,0,0,367.5417,562,74,105.9538,35,41.4833,47,39,23.67,23.68,23.63
2022-11-15 12:00:00,2.7904,5.2056,0.6056,1.0277,120,130.6254,36.4218,120,85.2283,86.52,83.9564,0.6102,120,27.0606,27.2954,26.7339,0.1781,120,1010.1178,1010.1932,1009.9734,0.0903,120,384.0746,512.8071,182.3898,118.8034,120,1081.2333,1304.6387,806.7443,112.629,120,684.1175,937.2913,308.3323,198.6961,120,120,0,992.7061,1194.7996,738.2427,102.3782,120,18.85,19.76,17.87,0.57,120,3.502,3.5032,3.4996,0.0015,0.5706,0.5729,0.5673,0.0018,0.8523,0.8652,0.8396,0.0061,-0.0042,-0.0019,-0.0058,0.0012,0.0049,0.0065,0.0023,0.0015,0.009,0.0109,0.0067,0.0009,0.9927,1.1948,0.7382,0.1024,280.4833,543,43,111.7066,0,0,0,0,375.5667,940,91,112.2463,35,41.8167,47,39,23.68,23.68,23.63
2022-11-15 12:10:00,3.0487,5.5,0.7896,1.1019,120,134.9707,32.9312,120,83.4165,85.0551,82.6441,0.6511,120,27.2241,27.4084,27.1062,0.106,120,1010.0642,1010.358,1009.8086,0.0952,120,577.9633,646.4157,494.5441,42.8576,120,900.3205,1324.7887,545.1561,191.0003,120,311.7419,802.5491,22.6217,188.7019,120,120,0,820.8945,1265.2974,487.991,180.584,120,20.84,21.97,19.76,0.59,120,3.5011,3.506,3.4968,0.0016,0.5722,0.5741,0.5711,0.0011,0.8342,0.8506,0.8264,0.0065,-0.0019,-0.0001,-0.005,0.0012,0.0073,0.0082,0.0063,0.0005,0.0075,0.011,0.0045,0.0016,0.8209,1.2653,0.488,0.1806,308.5583,575,63,119.7761,0,0,0,0,382.3083,749,146,95.8551,35.9,41.7667,47,39,23.68,23.68,23.63
2022-11-15 12:20:00,3.0434,6.4476,0.6148,1.1789,120,127.1144,35.2135,120,81.9025,83.346,80.2026,0.9454,120,27.1966,27.3168,27.0055,0.0759,120,1009.9069,1010.1932,1009.6255,0.1392,120,546.6157,636.563,485.6528,42.9521,120,603.0275,928.3782,507.7875,92.751,120,49.7619,303.9059,14.2604,55.8194,120,120,0,553.3998,842.616,464.1865,85.7673,120,22.92,24.03,21.97,0.61,120,3.4984,3.5032,3.4938,0.0023,0.572,0.5732,0.5701,0.0008,0.819,0.8335,0.802,0.0095,-0.0003,-0.0001,-0.0019,0.0003,0.0069,0.0081,0.0062,0.0005,0.005,0.0077,0.0042,0.0008,0.5534,0.8426,0.4642,0.0858,307.975,678,44,128.1421,0,0,0,0,364.5667,746,172,101.9332,36,41.7167,47,39,23.67,23.68,23.63
2022-11-15 12:30:00,3.8507,5.9784,1.8476,0.9462,120,115.4045,33.8708,120,80.6564,81.4844,79.989,0.4167,120,26.9623,27.0727,26.8407,0.0813,120,1009.6883,1010.0101,1009.4424,0.0951,120,656.7227,696.3984,586.0992,28.1754,120,1036.4386,1517.8655,611.1032,264.1344,120,382.3502,895.9829,14.7535,258.5499,120,120,0,968.5558,1406.5981,567.3391,247.2303,120,25.06,26.14,24.03,0.63,120,3.4948,3.5002,3.4907,0.0016,0.5696,0.5707,0.5684,0.0008,0.8066,0.8148,0.7999,0.0042,-0.0024,-0.0001,-0.0056,0.0016,0.0083,0.0088,0.0074,0.0004,0.0086,0.0126,0.0051,0.0022,0.9686,1.4066,0.5673,0.2472,395.725,627,178,102.8434,0,0,0,0,333.8917,965,49,109.4478,36,41.65,49,39,23.67,23.68,23.63
2022-11-15 12:40:00,3.6781,6.696,1.2772,1.1135,120,117.0826,35.3477,120,79.0811,80.4773,77.9443,0.7328,120,26.9741,27.1734,26.6088,0.1779,120,1009.5749,1009.827,1009.241,0.0998,120,583.6765,637.2843,544.0465,23.9349,120,622.8634,762.0468,557.9796,45.8302,120,38.4432,118.0213,13.7689,25.0494,120,120,0,582.9315,706.5035,526.7495,40.2221,120,27.25,28.29,26.14,0.65,120,3.4929,3.4971,3.4874,0.0017,0.5697,0.5717,0.5661,0.0018,0.7908,0.8048,0.7794,0.0073,-0.0002,-0.0001,-0.0007,0.0002,0.0074,0.0081,0.0069,0.0003,0.0052,0.0063,0.0046,0.0004,0.5829,0.7065,0.5267,0.0402,376.9667,705,116,121.0316,0,0,0,0,332.575,546,96,100.7455,36,41.3333,47,39,23.68,23.68,23.63
2022-11-15 12:50:00,3.3687,6.2912,0.9644,1.0991,120,113.4885,33.8991,120,79.223,80.1416,78.5852,0.3912,120,26.7105,26.8102,26.5844,0.0759,120,1009.3857,1009.6438,1009.241,0.0966,120,490.0384,569.7591,378.478,54.7546,120,667.0841,1026.5654,395.6783,189.0784,120,187.7368,654.038,15.7364,206.356,120,120,0,615.1641,932.0353,354.0147,176.989,120,29.47,30.47,28.29,0.65,120,3.4898,3.4941,3.4874,0.0016,0.5671,0.5681,0.5658,0.0008,0.7922,0.8014,0.7859,0.0039,-0.0012,-0.0001,-0.0041,0.0013,0.0062,0.0072,0.0048,0.0007,0.0056,0.0086,0.0033,0.0016,0.6152,0.932,0.354,0.177,343.3333,661,82,119.4678,0,0,0,0,326.775,732,51,100.6868,36,41.3833,47,39,23.68,23.68,23.63
2022-11-15 13:00:00,3.508,6.9352,1.0748,1.1832,120,132.0746,34.5618,120,79.1414,79.9585,78.4631,0.3844,120,26.7711,26.9506,26.6485,0.1067,120,1009.3231,1009.6438,1009.0762,0.1061,120,507.7127,566.6346,393.1362,58.6411,120,925.4808,1231.3649,422.7899,171.3042,120,454.9992,823.2034,20.6542,187.8164,120,120,0,850.0524,1131.016,375.6829,159.1368,120,31.73,32.93,30.72,0.66,120,3.4887,3.4941,3.4846,0.0018,0.5677,0.5695,0.5665,0.0011,0.7914,0.7996,0.7846,0.0038,-0.0028,-0.0001,-0.0051,0.0012,0.0064,0.0072,0.005,0.0007,0.0077,0.0103,0.0035,0.0014,0.8501,1.131,0.3757,0.1591,358.4833,731,94,128.6081,0,0,0,0,373.6667,610,115,98.7164,36,41.6833,47,41,23.68,23.68,23.63
2022-11-15 13:10:00,3.0055,5.4448,0.7068,1.1412,120,136.3363,36.3263,120,78.8728,79.5618,78.3105,0.2749,120,26.9167,27.0452,26.8651,0.0436,120,1009.2181,1009.4607,1009.0579,0.0825,120,512.785,557.263,440.7157,31.7417,120,708.6883,1058.8055,452.8319,175.813,120,217.6932,592.077,15.7364,176.0353,120,120,0,645.3953,976.5923,410.7791,163.5106,120,34.01,35.16,32.93,0.67,120,3.487,3.491,3.4843,0.0014,0.5692,0.5705,0.5686,0.0004,0.7887,0.7956,0.7831,0.0027,-0.0014,-0.0001,-0.0037,0.0011,0.0065,0.0071,0.0056,0.0004,0.0059,0.0088,0.0038,0.0015,0.6454,0.9766,0.4108,0.1635,303.8583,569,54,124.0449,0,0,0,0,388.7083,931,20,111.684,36,41.5667,47,39,23.68,23.68,23.63
2022-11-15 13:20:00,3.2942,6.0428,0.8724,1.0822,120,118.5347,34.6728,120,78.0989,78.9819,77.456,0.4346,120,26.8498,27.0452,26.6668,0.128,120,1009.0829,1009.2776,1008.8748,0.1116,120,438.265,467.8701,399.3843,19.2798,120,724.1277,1004.5834,462.3577,129.2818,120,330.1869,699.7712,18.6868,165.1985,120,120,0,651.5117,911.5879,409.2532,119.4821,120,36.3,37.41,35.16,0.67,120,3.4847,3.488,3.4812,0.0019,0.5685,0.5705,0.5667,0.0013,0.781,0.7898,0.7746,0.0043,-0.002,-0.0001,-0.0043,0.001,0.0056,0.0059,0.0051,0.0002,0.006,0.0084,0.0039,0.0011,0.6515,0.9116,0.4093,0.1195,335.2417,634,72,117.628,0,0,0,0,336.5833,601,83,99.4505,36,41.2167,47,39,23.68,23.68,23.68
2022-11-15 13:30:00,2.6498,5.0032,0.5596,1.0237,120,122.4434,43.3936,120,77.9773,79.1345,77.1508,0.4841,120,27.23,27.6098,26.856,0.1971,120,1008.8475,1009.0945,1008.6917,0.1086,120,360.6611,440.4756,264.0929,59.479,120,836.7982,1090.6795,398.6086,217.5876,120,571.8614,878.2807,18.6868,292.2561,120,120,0,762.8559,994.5982,356.4562,203.4493,120,38.61,39.67,37.41,0.67,120,3.4808,3.4849,3.4782,0.0018,0.5723,0.5761,0.5686,0.002,0.7798,0.7913,0.7715,0.0048,-0.0035,-0.0001,-0.0055,0.0018,0.0046,0.0056,0.0034,0.0008,0.007,0.0091,0.0033,0.0018,0.7629,0.9946,0.3565,0.2034,265.2,521,38,111.273,0,0,0,0,359.225,870,15,135.1015,36,41.3833,47,39,23.68,23.68,23.63
2022-11-15 13:40:00,3.3985,5.914,0.992,0.9294,120,120.6117,33.73,120,76.385,77.3949,75.5028,0.4143,120,27.5363,27.6525,27.4633,0.0598,120,1008.8527,1009.0762,1008.6917,0.0926,120,386.3655,454.4134,323.6882,42.536,120,852.2102,1140.5054,340.7227,239.4938,120,579.3935,881.7225,16.7193,275.25,120,120,0,772.805,1040.9864,299.3866,221.6545,120,40.94,42.19,39.67,0.68,120,3.4809,3.4846,3.4782,0.0015,0.5754,0.5765,0.5746,0.0006,0.7639,0.7739,0.755,0.0041,-0.0036,-0.0001,-0.0055,0.0017,0.0049,0.0058,0.0041,0.0005,0.0071,0.0095,0.0028,0.002,0.7728,1.041,0.2994,0.2217,346.575,620,85,101.0181,0,0,0,0,343.0583,540,142,95.5851,37,41.9667,47,39,23.68,23.68,23.63
2022-11-15 13:50:00,2.7016,4.8008,0.7344,0.8668,120,116.5486,41.8769,120,75.3304,76.8151,73.5801,0.9634,120,27.9141,28.1317,27.4969,0.1848,120,1008.7869,1008.9297,1008.5086,0.1018,120,480.8728,504.1559,441.1968,18.1064,120,734.2455,1153.3289,471.5162,203.9391,120,322.7204,861.5598,41.7999,251.9191,120,120,0,663.213,1055.3301,417.188,189.584,120,43.27,44.47,42.19,0.68,120,3.4798,3.4822,3.4751,0.0017,0.5791,0.5813,0.575,0.0019,0.7533,0.7682,0.7358,0.0096,-0.002,-0.0003,-0.0053,0.0016,0.0061,0.0064,0.0056,0.0002,0.0061,0.0096,0.0039,0.0017,0.6632,1.0553,0.4172,0.1896,270.825,499,57,94.2177,0,0,0,0,337.175,842,33,124.5909,37,41.4667,47,39,23.68,23.68,23.63
2022-11-15 14:00:00,3.292,6.1532,0.8724,1.1242,120,114.8625,36.5165,120,73.955,74.9535,72.7561,0.4977,120,27.4052,27.8967,27.1429,0.2084,120,1008.7655,1008.9114,1008.5086,0.0971,120,385.144,440.7157,295.3323,36.4449,120,521.941,785.4946,419.1261,74.8332,120,186.3559,566.0135,39.8324,128.8176,120,120,0,462.124,706.8087,364.391,70.1345,120,45.61,46.76,44.47,0.69,120,3.4794,3.4819,3.4751,0.0016,0.574,0.579,0.5714,0.0021,0.7395,0.7495,0.7276,0.005,-0.0012,-0.0002,-0.0035,0.0008,0.0049,0.0056,0.0038,0.0005,0.0043,0.0065,0.0035,0.0006,0.4621,0.7068,0.3644,0.0701,335,646,72,122.192,0,0,0,0,329.1417,632,46,105.2401,37,41.3833,47,39,23.68,23.68,23.68
2022-11-15 14:10:00,3.3129,5.9416,0.8632,1.338,120,122.5791,36.0987,120,74.6841,75.7469,73.9463,0.4283,120,27.225,27.3962,27.0177,0.1076,120,1008.7219,1008.9114,1008.4902,0.0778,120,307.5341,363.5787,270.822,24.2711,120,584.5107,940.4682,275.509,221.5016,120,388.3332,866.4776,14.2604,306.6673,120,120,0,520.6559,845.6679,240.4858,201.8773,120,47.96,49.05,46.76,0.69,120,3.4787,3.4819,3.4748,0.0013,0.5723,0.574,0.5702,0.0011,0.7468,0.7575,0.7395,0.0043,-0.0024,-0.0001,-0.0054,0.0019,0.0039,0.0046,0.0034,0.0003,0.0049,0.0078,0.0023,0.0018,0.5207,0.8457,0.2405,0.2019,337.2667,623,71,145.4344,0,0,0,0,352.6083,958,56,113.3229,37,41.7333,47,39,23.68,23.68,23.63
2022-11-15 14:20:00,3.6766,5.9692,0.5964,1.2176,120,104.101,31.8344,120,75.3067,76.5404,74.221,0.6042,120,26.8218,27.0757,26.6088,0.1661,120,1008.6735,1008.9114,1008.5086,0.1087,120,358.0698,391.9346,303.022,19.3014,120,586.6509,926.1801,344.7527,154.7613,120,335.9569,841.8901,21.6371,227.9019,120,120,0,523.985,818.8116,300.6073,141.2424,120,50.32,51.6,49.05,0.68,120,3.4779,3.4819,3.4751,0.0018,0.5682,0.5708,0.5661,0.0017,0.7531,0.7654,0.7422,0.006,-0.0021,-0.0001,-0.0052,0.0014,0.0045,0.005,0.0038,0.0002,0.0049,0.0077,0.0029,0.0013,0.524,0.8188,0.3006,0.1412,376.8083,626,42,132.3503,0,0,0,0,306.0917,968,51,108.7884,37,41.7,47,39,23.68,23.68,23.63
2022-11-15 14:30:00,3.4358,5.3896,1.8108,0.9226,120,110.9077,30.564,120,76.4392,77.1813,75.869,0.309,120,26.7195,26.795,26.6485,0.0405,120,1008.7233,1008.9114,1008.5086,0.0937,120,362.8458,408.0346,337.1457,19.4259,120,452.6546,635.2833,347.6843,72.8589,120,146.376,439.631,16.2278,108.9038,120,120,0,406.2777,586.2606,310.6784,66.3743,120,52.68,53.9,51.6,0.69,120,3.4787,3.4819,3.4751,0.0016,0.5672,0.5679,0.5665,0.0004,0.7644,0.7718,0.7587,0.0031,-0.0009,-0.0001,-0.0027,0.0007,0.0046,0.0052,0.0043,0.0002,0.0038,0.0053,0.0029,0.0006,0.4063,0.5863,0.3107,0.0664,350.6333,563,174,100.2805,0,0,0,0,316.8917,609,72,88.3981,37,41.5833,47,39,23.68,23.68,23.68
2022-11-15 14:40:00,2.9914,4.672,1.0472,0.8152,120,110.9862,34.0537,120,77.048,77.7001,76.3268,0.2888,120,26.7933,26.9903,26.6515,0.1061,120,1008.7063,1008.9114,1008.5086,0.068,120,419.257,441.1968,387.6094,17.9291,120,449.7298,535.6315,397.8764,38.0084,120,60.7937,178.5079,14.7535,39.2695,120,120,0,416.3666,491.6532,368.9688,34.8711,120,55.04,56.21,53.9,0.69,120,3.4784,3.4819,3.4751,0.0011,0.5679,0.5699,0.5665,0.0011,0.7705,0.777,0.7633,0.0029,-0.0004,-0.0001,-0.0011,0.0002,0.0053,0.0056,0.0049,0.0002,0.0037,0.0045,0.0033,0.0003,0.4164,0.4917,0.369,0.0349,302.325,485,91,88.6121,0,0,0,0,324.85,946,98,109.4815,37,41.5333,47,39,23.68,23.68,23.68
2022-11-15 14:50:00,2.4481,5.2056,0.578,0.8299,120,128.9575,41.5948,120,76.8085,77.4865,75.9301,0.4613,120,27.2118,27.3351,26.9994,0.1071,120,1008.6538,1008.7283,1008.5086,0.089,120,329.4538,389.7717,267.4575,40.9807,120,339.2635,411.066,268.9148,45.0616,120,27.977,63.9285,14.7535,13.7644,120,120,0,312.2908,378.7347,249.9466,40.5635,120,57.4,58.52,56.21,0.69,120,3.4776,3.4788,3.4751,0.0015,0.5721,0.5734,0.57,0.0011,0.7681,0.7749,0.7593,0.0046,-0.0002,-0.0001,-0.0004,0.0001,0.0042,0.005,0.0034,0.0005,0.0028,0.0034,0.0022,0.0004,0.3123,0.3787,0.2499,0.0406,243.275,543,40,90.2092,0,0,0,0,376.0167,968,82,126.9038,37,41.6167,47,39,23.68,23.68,23.63
2022-11-15 15:00:00,2.5592,4.5984,0.6608,0.995,120,114.806,37.1081,120,75.9926,76.6625,75.045,0.3998,120,27.0874,27.2344,26.9353,0.0686,120,1008.675,1008.7283,1008.5086,0.0789,120,280.2877,294.3717,258.0858,10.2538,120,286.6193,299.3229,268.5486,9.382,120,25.6453,71.3052,13.7689,16.2328,120,120,0,262.4821,273.4458,242.6222,8.1533,120,59.77,60.82,58.52,0.69,120,3.4779,3.4788,3.4751,0.0013,0.5709,0.5723,0.5694,0.0007,0.7599,0.7666,0.7505,0.004,-0.0002,-0.0001,-0.0004,0.0001,0.0036,0.0037,0.0033,0.0001,0.0024,0.0025,0.0022,0.0001,0.2625,0.2734,0.2426,0.0082,255.35,477,49,108.1506,0,0,0,0,338.575,955,113,119.7999,37,41.6,47,39,23.68,23.68,23.63
2022-11-15 15:10:00,1.9162,3.8716,0.3664,0.8833,120,105.9195,44.4913,120,75.9407,76.2963,75.2892,0.2569,120,27.0358,27.4663,26.8499,0.1624,120,1008.6883,1008.9297,1008.5086,0.0897,120,219.503,256.8843,175.9016,20.4674,120,349.937,511.4502,254.9928,78.4971,120,276.3517,697.3123,55.5688,196.5801,120,120,0,293.7941,423.9021,214.2399,63.0546,120,62.14,63.39,61.08,0.69,120,3.4781,3.4822,3.4751,0.0015,0.5704,0.5747,0.5685,0.0016,0.7594,0.763,0.7529,0.0026,-0.0017,-0.0003,-0.0043,0.0012,0.0028,0.0033,0.0022,0.0003,0.0029,0.0043,0.0021,0.0007,0.2938,0.4239,0.2142,0.0631,185.4583,398,17,96.0128,0,0,0,0,325.4917,1015,16,154.5207,37,41.4333,47,39,23.68,23.68,23.63
2022-11-15 15:20:00,2.2654,4.1384,0.4308,0.8672,120,93.0818,36.7341,120,74.2103,76.2047,72.9392,0.8359,120,27.8938,28.0554,27.4816,0.1626,120,1008.6189,1008.7466,1008.5086,0.0972,120,206.6107,232.3732,174.4598,20.8232,120,465.4378,541.8595,311.0468,68.6735,120,566.8332,741.5711,188.3435,172.0664,120,120,0,385.843,445.5702,260.6281,56.4861,120,64.51,65.7,63.39,0.69,120,3.477,3.4791,3.4751,0.0016,0.5789,0.5806,0.5748,0.0016,0.7421,0.762,0.7294,0.0084,-0.0035,-0.0012,-0.0046,0.0011,0.0026,0.003,0.0022,0.0003,0.0039,0.0045,0.0026,0.0006,0.3858,0.4456,0.2606,0.0565,223.4083,427,24,94.2558,0,0,0,0,283.5583,993,4,133.5698,37,41.7,47,39,23.68,23.73,23.63
2022-11-15 15:30:00,3.0497,5.132,0.9552,0.91,120,117.1307,31.5727,120,72.5555,73.2139,72.0847,0.2646,120,27.7548,28.0065,27.6342,0.1127,120,1008.6128,1008.7283,1008.5086,0.0964,120,211.1665,236.9394,184.5528,18.0062,120,425.7204,493.4982,294.1945,54.9636,120,525.5133,719.4425,167.6893,164.0174,120,120,0,357.5193,413.2206,251.1673,44.5529,120,66.88,68.01,65.7,0.69,120,3.4769,3.4788,3.4751,0.0016,0.5776,0.5801,0.5763,0.0011,0.7256,0.7321,0.7208,0.0026,-0.0033,-0.001,-0.0045,0.001,0.0027,0.003,0.0023,0.0002,0.0035,0.0041,0.0025,0.0005,0.3575,0.4132,0.2512,0.0446,308.6667,535,81,98.9165,0,0,0,0,340.675,1002,115,106.1,37.3,41.55,47,41,23.68,23.68,23.68
2022-11-15 15:40:00,2.4155,3.8164,0.9184,0.6439,120,115.5232,33.796,120,71.1028,72.3594,70.101,0.6553,120,27.6809,27.8143,27.4389,0.1097,120,1008.6348,1008.7283,1008.5086,0.096,120,167.6535,231.652,130.0039,31.8422,120,228.1378,493.8655,132.2593,122.5593,120,163.9971,684.5279,13.2775,238.0574,120,120,0,198.2406,413.5258,117.1911,99.6398,120,69.24,70.32,68.01,0.69,120,3.4772,3.4788,3.4751,0.0016,0.5768,0.5781,0.5744,0.0011,0.711,0.7236,0.701,0.0066,-0.001,-0.0001,-0.0042,0.0015,0.0021,0.0029,0.0017,0.0004,0.0019,0.0041,0.0011,0.001,0.1982,0.4135,0.1172,0.0996,239.725,392,77,69.9934,0,0,0,0,330.9833,558,165,95.9538,38,41.5833,47,39,23.68,23.68,23.68
2022-11-15 15:50:00,2.1725,3.8808,0.5228,0.8788,120,89.1317,36.6375,120,70.9894,71.5659,70.4672,0.2794,120,27.2699,27.4358,27.1764,0.0859,120,1008.6239,1008.7466,1008.5269,0.095,120,130.5568,162.4449,120.6323,10.7083,120,130.5432,161.9352,120.9016,10.7159,120,14.3058,15.7364,13.2775,0.615,120,120,0,111.9572,140.6903,102.5422,9.7843,120,71.62,72.89,70.32,0.69,120,3.4771,3.4791,3.4754,0.0016,0.5727,0.5744,0.5718,0.0009,0.7099,0.7157,0.7047,0.0028,-0.0001,-0.0001,-0.0001,0,0.0017,0.0021,0.0015,0.0001,0.0011,0.0013,0.001,0.0001,0.112,0.1407,0.1025,0.0098,213.3167,399,34,95.5254,0,0,0,0,265.4417,816,11,118.126,38,41.4,47,39,23.68,23.68,23.68
2022-11-15 16:00:00,1.8916,3.5128,0.4492,0.789,120,80.6578,41.5202,120,71.4624,72.2068,70.864,0.4205,120,27.2721,27.5579,27.1001,0.1606,120,1008.7011,1008.7466,1008.5269,0.0644,120,161.4678,181.189,122.5543,17.4638,120,256.4032,361.2401,155.3397,78.5131,120,339.182,674.6922,15.7364,267.4152,120,120,0,202.531,274.6666,123.2948,52.4885,120,73.99,75.2,72.89,0.69,120,3.4784,3.4791,3.4754,0.0011,0.5727,0.5756,0.571,0.0016,0.7146,0.7221,0.7086,0.0042,-0.0021,-0.0001,-0.0042,0.0017,0.0021,0.0023,0.0016,0.0002,0.0021,0.003,0.0013,0.0007,0.2025,0.2747,0.1233,0.0525,182.7833,359,26,85.7611,0,0,0,0,256.8083,981,61,150.7195,38,41.4167,47,39,23.68,23.68,23.63
2022-11-15 16:10:00,1.6105,3.522,0.3572,0.7759,120,88.0429,49.1036,120,70.627,71.3218,69.9789,0.3657,120,27.6461,27.7288,27.564,0.0433,120,1008.5955,1008.7466,1008.5086,0.0883,120,78.3228,121.1126,60.3157,17.8336,120,148.8403,216.8908,93.7899,46.5398,120,298.9685,626.9916,35.8991,250.1042,120,120,0,105.4796,140.08,75.3807,23.0362,120,76.35,77.5,75.2,0.69,120,3.4766,3.4791,3.4751,0.0015,0.5765,0.5773,0.5756,0.0004,0.7063,0.7132,0.6998,0.0037,-0.0019,-0.0002,-0.0039,0.0016,0.001,0.0015,0.0008,0.0002,0.0012,0.0018,0.0008,0.0004,0.1055,0.1401,0.0754,0.023,152.2333,360,16,84.3369,0,0,0,0,284.4083,1001,6,169.2428,38,41.4167,47,39,23.68,23.68,23.63
2022-11-15 16:20:00,2.0321,3.7888,0.348,0.7664,120,108.5745,38.9387,120,69.0578,70.5588,67.7511,0.8087,120,28.0148,28.1469,27.7349,0.1121,120,1008.6616,1008.7466,1008.5086,0.0909,120,75.4973,92.0362,60.7968,10.3318,120,194.8624,199.3049,191.2449,1.78,120,565.8866,596.9948,530.116,21.7327,120,120,0,129.017,132.1452,127.2622,1.6963,120,78.72,79.81,77.5,0.69,120,3.4777,3.4791,3.4751,0.0015,0.5802,0.5815,0.5774,0.0011,0.6906,0.7056,0.6775,0.0081,-0.0035,-0.0033,-0.0037,0.0001,0.001,0.0012,0.0008,0.0001,0.0016,0.0017,0.0016,0,0.129,0.1321,0.1273,0.0017,198.05,389,15,83.3038,0,0,0,0,319.0667,961,44,124.3057,38,41.8667,47,39,23.68,23.68,23.68
2022-11-15 16:30:00,2.1607,4.0832,0.3112,0.9133,120,93.6392,43.3958,120,67.217,68.2394,66.1336,0.5391,120,28.1775,28.2873,28.0584,0.073,120,1008.7176,1008.9297,1008.5269,0.0765,120,83.5314,92.5165,68.0055,7.2502,120,162.1914,190.8776,96.7215,22.2633,120,470.4691,529.1315,201.1296,67.9455,120,120,0,104.2614,129.7037,68.3615,16.6803,120,81.08,82.37,79.81,0.69,120,3.4786,3.4822,3.4754,0.0013,0.5818,0.5829,0.5806,0.0007,0.6722,0.6824,0.6613,0.0054,-0.0029,-0.0012,-0.0033,0.0004,0.0011,0.0012,0.0009,0.0001,0.0014,0.0016,0.0008,0.0002,0.1043,0.1297,0.0684,0.0167,212.0333,421,11,99.2767,0,0,0,0,289.7083,957,56,142.0449,38,41.6,47,39,23.68,23.68,23.63
2022-11-15 16:40:00,1.8823,4.2212,0.5596,0.769,120,95.7627,31.396,120,65.8277,66.1946,65.4927,0.1854,120,28.0575,28.2812,27.8265,0.1314,120,1008.7535,1008.948,1008.71,0.0654,120,52.9608,68.0055,41.8126,6.9908,120,56.6528,93.7899,42.4982,10.9952,120,36.2468,187.8521,19.6697,31.9956,120,120,0,48.4558,67.4459,38.1481,7.1007,120,83.44,84.67,82.37,0.69,120,3.4792,3.4825,3.4785,0.0011,0.5806,0.5828,0.5783,0.0013,0.6583,0.6619,0.6549,0.0019,-0.0002,-0.0001,-0.0012,0.0002,0.0007,0.0009,0.0005,0.0001,0.0005,0.0008,0.0004,0.0001,0.0485,0.0674,0.0381,0.0071,181.775,436,38,83.5905,0,0,0,0,278.6,959,12,106.7818,38,41.5333,47,39,23.68,23.68,23.63
2022-11-15 16:50:00,1.3099,2.5008,0.2928,0.5622,120,89.0379,43.957,120,66.2417,66.9576,65.6758,0.3847,120,27.6116,27.8234,27.4847,0.1047,120,1008.7956,1008.9297,1008.71,0.0924,120,31.3396,41.5724,19.4646,7.1403,120,31.581,42.1321,19.7839,7.2663,120,15.5353,19.6697,13.7689,1.7029,120,120,0,29.4936,37.843,18.9215,6.2411,120,85.8,86.97,84.67,0.69,120,3.4799,3.4822,3.4785,0.0015,0.5761,0.5782,0.5748,0.001,0.6624,0.6696,0.6568,0.0038,-0.0001,-0.0001,-0.0001,0,0.0004,0.0005,0.0002,0.0001,0.0003,0.0004,0.0002,0.0001,0.0295,0.0378,0.0189,0.0062,119.55,249,9,61.1135,0,0,0,0,287.0167,1014,26,162.6719,38,41.6667,47,39,23.68,23.68,23.63
2022-11-15 17:00:00,1.5443,3.0344,0.5412,0.607,120,97.8754,39.0873,120,67.0456,67.5985,66.5914,0.2288,120,27.4063,27.5213,27.2588,0.0772,120,1008.8908,1009.0945,1008.71,0.0784,120,14.248,19.7047,7.2094,3.6757,120,14.3647,19.7839,7.3277,3.7729,120,13.8222,14.2604,13.2775,0.189,120,120,0,14.1937,18.9215,7.6296,3.3751,120,88.15,89.26,86.97,0.69,120,3.4815,3.4849,3.4785,0.0013,0.5741,0.5752,0.5726,0.0008,0.6705,0.676,0.6659,0.0023,-0.0001,-0.0001,-0.0001,0,0.0002,0.0003,0.0001,0,0.0001,0.0002,0.0001,0,0.0142,0.0189,0.0076,0.0034,145.0333,307,36,65.9809,0,0,0,0,303.8583,1000,64,148.0644,38,41.5833,47,39,23.68,23.68,23.68
2022-11-15 17:10:00,1.7771,3.2644,0.5412,0.6135,120,89.9801,32.6889,120,67.9591,68.5751,67.4154,0.2957,120,27.1591,27.2619,27.0666,0.0609,120,1008.963,1009.1128,1008.71,0.0853,120,3.8849,7.4496,1.2016,1.7911,120,3.7217,6.9616,0.7323,1.7974,120,13.7362,14.2604,13.2775,0.1653,120,120,0,4.265,7.6296,1.5259,1.762,120,89.6,89.77,89.26,0.17,29,3.4827,3.4852,3.4785,0.0014,0.5716,0.5726,0.5707,0.0006,0.6796,0.6858,0.6742,0.003,-0.0001,-0.0001,-0.0001,0,0,0.0001,0,0,0,0.0001,0,0,0.0043,0.0076,0.0015,0.0018,170.3333,332,36,66.6834,0,0,0,0,277.8333,1007,12,139.3624,38,41.65,47,39,23.68,23.68,23.63
2022-11-15 17:20:00,1.4483,2.602,0.2836,0.497,120,85.8363,26.9875,120,68.9027,69.1855,68.5446,0.1913,120,27.0653,27.0818,27.0299,0.0113,120,1009.0646,1009.1311,1008.9114,0.0735,120,0.2163,1.2016,0,0.3137,120,0.1861,0.7323,0,0.2643,120,13.7526,14.2604,13.2775,0.1415,120,120,0,0.5621,1.8311,0,0.5921,120,None,None,None,None,0,3.4844,3.4855,3.4819,0.0012,0.5706,0.5708,0.5703,0.0001,0.689,0.6919,0.6854,0.0019,-0.0001,-0.0001,-0.0001,0,0,0,0,0,0,0,0,0,0.0006,0.0018,0,0.0006,134.6,260,8,54.025,0,0,0,0,245.2333,576,40,80.1156,38,41.6833,47,39,23.68,23.68,23.63
2022-11-15 17:30:00,1.6211,2.8412,0.4768,0.5595,120,99.486,35.2386,120,69.5766,70.0095,69.1855,0.2132,120,26.9766,27.0299,26.9323,0.0321,120,1009.1649,1009.2959,1009.0762,0.0876,120,0,0,0,0,120,0,0,0,0,120,13.8017,14.2604,13.2775,0.1772,120,120,0,0,0,0,0,120,None,None,None,None,0,3.4861,3.4883,3.4846,0.0015,0.5698,0.5703,0.5693,0.0003,0.6958,0.7001,0.6919,0.0021,-0.0001,-0.0001,-0.0001,0,0,0,0,0,0,0,0,0,0,0,0,0,153.375,286,29,60.816,0,0,0,0,304.6167,1017,60,134.5968,38,41.3,47,39,23.67,23.68,23.63
2022-11-15 17:40:00,1.5107,2.8504,0.2744,0.5939,120,113.1457,41.5236,120,70.1086,70.3452,69.8874,0.1054,120,26.9725,27.0025,26.9445,0.0155,120,1009.2479,1009.479,1009.0762,0.0862,120,0,0,0,0,120,0,0,0,0,120,13.7648,14.2604,13.2775,0.1744,120,120,0,0,0,0,0,120,None,None,None,None,0,3.4875,3.4913,3.4846,0.0014,0.5697,0.57,0.5694,0.0001,0.7011,0.7035,0.6989,0.0011,-0.0001,-0.0001,-0.0001,0,0,0,0,0,0,0,0,0,0,0,0,0,141.375,287,7,64.5562,0,0,0,0,327.2833,704,30,120.0806,38,41.4167,47,39,23.68,23.68,23.68
2022-11-15 17:50:00,1.4705,3.43,0.3756,0.8285,120,105.9955,40.2594,120,70.3958,70.7724,70.1926,0.1637,120,26.9613,27.0086,26.8987,0.0386,120,1009.3371,1009.479,1009.2593,0.0847,120,0,0,0,0,120,0,0,0,0,120,13.7607,14.2604,13.2775,0.1272,120,120,0,0,0,0,0,120,None,None,None,None,0,3.489,3.4913,3.4877,0.0014,0.5696,0.5701,0.569,0.0004,0.704,0.7077,0.7019,0.0016,-0.0001,-0.0001,-0.0001,0,0,0,0,0,0,0,0,0,0,0,0,0,137.0083,350,18,90.058,0,0,0,0,312.0667,1019,29,130.4024,38,41.5833,47,39,23.68,23.68,23.68
2022-11-15 18:00:00,1.4114,3.0344,0.2836,0.5309,120,98.8365,31.5297,120,70.8024,71.1081,70.5893,0.1272,120,26.8987,26.9384,26.8377,0.0283,120,1009.4452,1009.4974,1009.2776,0.0683,120,0,0,0,0,120,0,0,0,0,120,13.6993,14.2604,13.2775,0.2044,120,120,0,0,0,0,0,120,None,None,None,None,0,3.4908,3.4916,3.488,0.0011,0.569,0.5694,0.5684,0.0003,0.708,0.7111,0.7059,0.0013,-0.0001,-0.0001,-0.0001,0,0,0,0,0,0,0,0,0,0,0,0,0,130.5833,307,8,57.7073,0,0,0,0,289.325,808,101,100.0692,38,41.65,47,39,23.68,23.68,23.63
2022-11-15 18:10:00,1.3152,2.7216,0.4584,0.5295,120,103.8817,37.1445,120,71.41,71.749,71.0776,0.1898,120,26.8118,26.8438,26.7675,0.0194,120,1009.4258,1009.6622,1009.2593,0.0901,120,0,0,0,0,120,0,0,0,0,120,13.6788,13.7689,13.2775,0.191,120,120,0,0,0,0,0,120,None,None,None,None,0,3.4904,3.4944,3.4877,0.0015,0.5681,0.5684,0.5677,0.0002,0.7141,0.7175,0.7108,0.0019,-0.0001,-0.0001,-0.0001,0,0,0,0,0,0,0,0,0,0,0,0,0,120.125,273,27,57.5546,0,0,0,0,307.1333,1021,83,123.3295,38,41.3667,47,39,23.68,23.68,23.63
2022-11-15 18:20:00,1.278,3.4024,0.302,0.5855,120,91.7812,42.2749,120,72.0664,72.4815,71.7185,0.2204,120,26.7082,26.7736,26.6424,0.0379,120,1009.3677,1009.4974,1009.2593,0.0951,120,0,0,0,0,120,0,0,0,0,120,13.5027,13.7689,12.786,0.254,120,120,0,0,0,0,0,120,None,None,None,None,0,3.4895,3.4916,3.4877,0.0016,0.5671,0.5677,0.5664,0.0004,0.7207,0.7248,0.7172,0.0022,-0.0001,-0.0001,-0.0001,0,0,0,0,0,0,0,0,0,0,0,0,0,116.0917,347,10,63.6419,0,0,0,0,286.675,895,46,143.6825,38,41.3167,47,39,23.68,23.68,23.68
2022-11-15 18:30:00,1.0424,3.154,0.2192,0.6944,120,102.6885,52.9256,120,72.9377,73.3665,72.4815,0.281,120,26.6013,26.6454,26.5813,0.0167,120,1009.4398,1009.6622,1009.2593,0.0864,120,0,0,0,0,120,0,0,0,0,120,13.4945,13.7689,13.2775,0.2451,120,120,0,0,0,0,0,120,None,None,None,None,0,3.4907,3.4944,3.4877,0.0014,0.566,0.5665,0.5658,0.0002,0.7294,0.7337,0.7248,0.0028,-0.0001,-0.0001,-0.0001,0,0,0,0,0,0,0,0,0,0,0,0,0,90.475,320,1,75.4745,0,0,0,0,333.2333,993,35,179.6394,38,41.1667,47,39,23.68,23.68,23.63
2022-11-15 18:40:00,1.2833,2.6388,0.2376,0.4746,120,106.5219,35.7308,120,73.6437,74.16,73.336,0.2574,120,26.5065,26.5996,26.4196,0.0619,120,1009.5492,1009.6622,1009.4607,0.0881,120,0,0,0,0,120,0,0,0,0,120,13.5396,13.7689,13.2775,0.2462,120,120,0,0,0,0,0,120,None,None,None,None,0,3.4925,3.4944,3.491,0.0015,0.5651,0.566,0.5642,0.0006,0.7364,0.7416,0.7334,0.0026,-0.0001,-0.0001,-0.0001,0,0,0,0,0,0,0,0,0,0,0,0,0,116.6583,264,3,51.5873,0,0,0,0,307.5833,628,79,104.2622,38,41.35,47,39,23.68,23.68,23.68
2022-11-15 18:50:00,1.1459,2.924,0.302,0.48,120,107.0301,35.0231,120,74.543,74.8924,74.1295,0.2128,120,26.4143,26.4348,26.383,0.0116,120,1009.6319,1009.8453,1009.4424,0.0685,120,0,0,0,0,120,0,0,0,0,120,13.6051,14.2604,13.2775,0.2412,120,120,0,0,0,0,0,120,None,None,None,None,0,3.4939,3.4974,3.4907,0.0011,0.5641,0.5644,0.5638,0.0001,0.7454,0.7489,0.7413,0.0021,-0.0001,-0.0001,-0.0001,0,0,0,0,0,0,0,0,0,0,0,0,0,101.7333,295,10,52.1758,0,0,0,0,309.8,730,48,103.8372,38,41.45,47,39,23.68,23.68,23.68
2022-11-15 19:00:00,1.0498,2.0132,0.2744,0.4333,120,90.3512,36.0579,120,75.3103,75.7164,74.9229,0.2203,120,26.3798,26.3952,26.3616,0.0069,120,1009.6754,1009.8636,1009.6438,0.0614,120,0,0,0,0,120,0,0,0,0,120,13.5642,13.7689,13.2775,0.2433,120,120,0,0,0,0,0,120,None,None,None,None,0,3.4946,3.4977,3.4941,0.001,0.5638,0.5639,0.5636,0.0001,0.7531,0.7572,0.7492,0.0022,-0.0001,-0.0001,-0.0001,0,0,0,0,0,0,0,0,0,0,0,0,0,91.2833,196,7,47.1019,0,0,0,0,279.175,1019,54,139.2798,38,41.6167,47,39,23.68,23.68,23.68
2022-11-15 19:10:00,0.8597,2.188,0,0.4481,120,86.0987,48.6771,120,76.0435,76.4794,75.6859,0.2467,120,26.3281,26.3768,26.2853,0.0296,120,1009.7024,1009.8636,1009.479,0.087,120,0,0,0,0,120,0,0,0,0,120,13.5232,14.2604,12.786,0.2627,120,120,0,0,0,0,0,120,None,None,None,None,0,3.495,3.4977,3.4913,0.0015,0.5633,0.5638,0.5628,0.0003,0.7604,0.7648,0.7569,0.0025,-0.0001,-0.0001,-0.0001,0,0,0,0,0,0,0,0,0,0,0,0,0,71.575,215,0,47.0545,0,0,0,0,298.7,992,32,189.0089,37.3,41.6167,47,39,23.68,23.68,23.63
2022-11-15 19:20:00,1.1844,1.9948,0.2744,0.4016,120,96.3837,27.866,120,76.9367,77.3949,76.4794,0.2836,120,26.2457,26.2914,26.1968,0.0262,120,1009.6751,1009.8453,1009.6255,0.0661,120,0,0,0,0,120,0,0,0,0,120,13.601,13.7689,13.2775,0.2341,120,120,0,0,0,0,0,120,None,None,None,None,0,3.4946,3.4974,3.4938,0.0011,0.5625,0.5629,0.562,0.0003,0.7694,0.7739,0.7648,0.0028,-0.0001,-0.0001,-0.0001,0,0,0,0,0,0,0,0,0,0,0,0,0,105.9167,194,7,43.6473,0,0,0,0,291.425,1006,132,118.8738,37,41.5333,47,39,23.68,23.68,23.63
2022-11-15 19:30:00,1.6299,3.1908,0.3388,0.5594,120,95.0957,24.2151,120,77.8629,78.3105,77.3949,0.2804,120,26.1674,26.2029,26.1419,0.0174,120,1009.7613,1009.8636,1009.6255,0.0936,120,0,0,0,0,120,0,0,0,0,120,13.6584,14.2604,13.2775,0.2249,120,120,0,0,0,0,0,120,None,None,None,None,0,3.496,3.4977,3.4938,0.0016,0.5617,0.562,0.5614,0.0002,0.7786,0.7831,0.7739,0.0028,-0.0001,-0.0001,-0.0001,0,0,0,0,0,0,0,0,0,0,0,0,0,154.3417,324,14,60.806,0,0,0,0,277.95,1019,91,95.4576,37,41.5333,47,39,23.68,23.68,23.68
2022-11-15 19:40:00,1.6879,3.3288,0.4308,0.5376,120,101.4854,33.9555,120,78.7294,79.104,78.3105,0.2317,120,26.1121,26.1449,26.0717,0.0179,120,1009.7238,1009.8453,1009.6255,0.0944,120,0,0,0,0,120,0,0,0,0,120,13.6379,13.7689,13.2775,0.2182,120,120,0,0,0,0,0,120,None,None,None,None,0,3.4954,3.4974,3.4938,0.0016,0.5611,0.5615,0.5607,0.0002,0.7873,0.791,0.7831,0.0023,-0.0001,-0.0001,-0.0001,0,0,0,0,0,0,0,0,0,0,0,0,0,160.6417,339,24,58.4382,0,0,0,0,299.7,971,8,114.6824,37,41.5167,47,39,23.68,23.68,23.63
2022-11-15 19:50:00,1.5732,2.6664,0.6148,0.4739,120,99.4647,23.3202,120,79.4799,79.7754,79.104,0.1847,120,26.0483,26.0778,26.0106,0.0159,120,1009.7047,1009.8453,1009.6072,0.09,120,0,0,0,0,120,0,0,0,0,120,13.6297,13.7689,13.2775,0.2224,120,120,0,0,0,0,0,120,None,None,None,None,0,3.4951,3.4974,3.4935,0.0015,0.5605,0.5608,0.5601,0.0002,0.7948,0.7978,0.791,0.0018,-0.0001,-0.0001,-0.0001,0,0,0,0,0,0,0,0,0,0,0,0,0,148.175,267,44,51.5112,0,0,0,0,283.5417,547,118,67.881,37,41.7,47,41,23.68,23.68,23.63
2022-11-15 20:00:00,1.3238,2.5836,0.3296,0.4886,120,107.3053,34.8046,120,80.0058,80.2026,79.7449,0.1353,120,25.9841,26.0228,25.9496,0.017,120,1009.7426,1009.8453,1009.6255,0.0966,120,0,0,0,0,120,0,0,0,0,120,13.5232,14.2604,13.2775,0.2549,120,120,0,0,0,0,0,120,None,None,None,None,0,3.4957,3.4974,3.4938,0.0016,0.5598,0.5602,0.5595,0.0002,0.8001,0.802,0.7974,0.0014,-0.0001,-0.0001,-0.0001,0,0,0,0,0,0,0,0,0,0,0,0,0,121.0667,258,13,53.1066,0,0,0,0,309.0083,628,112,100.8676,37,41.75,47,39,23.68,23.68,23.68
2022-11-15 20:10:00,1.2718,2.1328,0.4952,0.3901,120,105.6883,31.6902,120,80.4079,80.5689,80.2026,0.1125,120,25.9161,25.9526,25.8885,0.0163,120,1009.8218,1010.0284,1009.6255,0.0642,120,0,0,0,0,120,0,0,0,0,120,13.5601,13.7689,13.2775,0.244,120,120,0,0,0,0,0,120,None,None,None,None,0,3.497,3.5005,3.4938,0.0011,0.5592,0.5595,0.5589,0.0002,0.8041,0.8057,0.802,0.0011,-0.0001,-0.0001,-0.0001,0,0,0,0,0,0,0,0,0,0,0,0,0,115.4083,209,31,42.4,0,0,0,0,307.6583,938,106,103.8549,37,41.55,47,39,23.68,23.68,23.68
2022-11-15 20:20:00,1.2032,2.2156,0.3112,0.3664,120,102.0552,26.3705,120,80.7161,80.874,80.5689,0.0813,120,25.8812,25.8977,25.8641,0.0069,120,1009.8819,1010.0284,1009.8086,0.0874,120,0,0,0,0,120,0,0,0,0,120,13.6215,13.7689,13.2775,0.2262,120,120,0,0,0,0,0,120,None,None,None,None,0,3.498,3.5005,3.4968,0.0015,0.5588,0.559,0.5586,0.0001,0.8072,0.8087,0.8057,0.0008,-0.0001,-0.0001,-0.0001,0,0,0,0,0,0,0,0,0,0,0,0,0,107.9583,218,11,39.827,0,0,0,0,297.1,886,147,88.9309,37,41.3667,47,39,23.68,23.68,23.63
2022-11-15 20:30:00,1.0875,1.9212,0.2652,0.4468,120,101.333,35.0541,120,80.9287,81.0266,80.8435,0.0458,120,25.8655,25.8794,25.8428,0.0096,120,1010.002,1010.1932,1009.8086,0.048,120,0,0,0,0,120,0,0,0,0,120,13.6215,14.2604,13.2775,0.235,120,120,0,0,0,0,0,120,None,None,None,None,0,3.5,3.5032,3.4968,0.0008,0.5587,0.5588,0.5584,0.0001,0.8093,0.8103,0.8084,0.0005,-0.0001,-0.0001,-0.0001,0,0,0,0,0,0,0,0,0,0,0,0,0,95.3833,186,6,48.5684,0,0,0,0,294.4167,618,15,104.8446,37,41.7333,47,39,23.68,23.68,23.63
2022-11-15 20:40:00,1.0659,1.9764,0.3572,0.3337,120,102.9101,28.1191,120,81.1401,81.2098,81.0266,0.0515,120,25.8419,25.8519,25.8306,0.0045,120,1010.0008,1010.1932,1009.8086,0.0699,120,0,0,0,0,120,0,0,0,0,120,13.642,14.2604,13.2775,0.2426,120,120,0,0,0,0,0,120,None,None,None,None,0,3.5,3.5032,3.4968,0.0012,0.5584,0.5585,0.5583,0.0001,0.8114,0.8121,0.8103,0.0005,-0.0001,-0.0001,-0.0001,0,0,0,0,0,0,0,0,0,0,0,0,0,93.0333,192,16,36.2704,0,0,0,0,293.2917,542,117,80.9445,36.8,41.4333,47,39,23.68,23.68,23.63
2022-11-15 20:50:00,1.1437,2.1972,0.3756,0.4323,120,105.2847,32.5437,120,81.2525,81.3318,81.1792,0.0455,120,25.8244,25.8458,25.8061,0.0096,120,1010.0957,1010.1932,1009.9918,0.0903,120,0,0,0,0,120,0,0,0,0,120,13.7075,14.2604,13.2775,0.2071,120,120,0,0,0,0,0,120,None,None,None,None,0,3.5016,3.5032,3.4999,0.0015,0.5582,0.5585,0.5581,0.0001,0.8125,0.8133,0.8118,0.0005,-0.0001,-0.0001,-0.0001,0,0,0,0,0,0,0,0,0,0,0,0,0,101.4917,216,18,46.9878,0,0,0,0,321.0667,1014,111,133.3194,36,42.05,47,39,23.68,23.68,23.68
2022-11-15 21:00:00,1.4467,2.1696,0.4216,0.4011,120,106.3611,25.7051,120,81.3837,81.4539,81.3013,0.0401,120,25.8206,25.8367,25.8031,0.0066,120,1010.0069,1010.1932,1009.8086,0.0994,120,0,0,0,0,120,0,0,0,0,120,13.7444,14.2604,13.2775,0.1895,120,120,0,0,0,0,0,120,None,None,None,None,0,3.5001,3.5032,3.4968,0.0017,0.5582,0.5584,0.558,0.0001,0.8138,0.8145,0.813,0.0004,-0.0001,-0.0001,-0.0001,0,0,0,0,0,0,0,0,0,0,0,0,0,134.425,213,23,43.6018,0,0,0,0,304.825,623,93,76.3618,36,41.9167,47,39,23.68,23.68,23.63
2022-11-15 21:10:00,1.7459,3.4208,0.8172,0.5038,120,100.4136,24.0046,120,81.4226,81.5149,81.3318,0.0334,120,25.8479,25.8702,25.8245,0.0131,120,1009.933,1010.0284,1009.6255,0.093,120,0,0,0,0,120,0,0,0,0,120,13.7403,14.2604,13.2775,0.2044,120,120,0,0,0,0,0,120,None,None,None,None,0,3.4989,3.5005,3.4938,0.0016,0.5585,0.5587,0.5582,0.0001,0.8142,0.8151,0.8133,0.0003,-0.0001,-0.0001,-0.0001,0,0,0,0,0,0,0,0,0,0,0,0,0,166.9417,349,66,54.7568,0,0,0,0,285.7417,497,114,69.4691,36,41.6333,47,39,23.68,23.68,23.63
2022-11-15 21:20:00,1.717,2.9792,0.6976,0.4583,120,101.3274,19.4467,120,81.3771,81.4234,81.3013,0.028,120,25.8853,25.916,25.858,0.0168,120,1009.8048,1010.0101,1009.5889,0.1071,120,0,0,0,0,120,0,0,0,0,120,13.7075,14.2604,13.2775,0.2258,120,120,0,0,0,0,0,120,None,None,None,None,0,3.4967,3.5002,3.4931,0.0018,0.5588,0.5592,0.5586,0.0002,0.8138,0.8142,0.813,0.0003,-0.0001,-0.0001,-0.0001,0,0,0,0,0,0,0,0,0,0,0,0,0,163.8083,301,53,49.8111,0,0,0,0,287.4833,462,117,55.933,36,41.5333,47,39,23.68,23.68,23.63
2022-11-15 21:30:00,1.4758,2.8964,0.3848,0.5588,120,104.8416,30.2461,120,81.2433,81.3318,81.1792,0.0378,120,25.922,25.9343,25.9099,0.0048,120,1009.7395,1009.8453,1009.4241,0.0958,120,0,0,0,0,120,0,0,0,0,120,13.7075,14.2604,13.2775,0.2071,120,120,0,0,0,0,0,120,None,None,None,None,0,3.4957,3.4974,3.4904,0.0016,0.5592,0.5593,0.5591,0.0001,0.8124,0.8133,0.8118,0.0004,-0.0001,-0.0001,-0.0001,0,0,0,0,0,0,0,0,0,0,0,0,0,137.5917,292,19,60.7406,0,0,0,0,299.3,612,65,88.2549,36,41.65,47,39,23.68,23.68,23.63
2022-11-15 21:40:00,1.7148,3.292,0.8172,0.5022,120,102.8112,30.3671,120,81.1696,81.2403,81.0877,0.0379,120,25.9404,25.9587,25.9282,0.0056,120,1009.6078,1009.6438,1009.4241,0.0443,120,0,0,0,0,120,0,0,0,0,120,13.6747,14.2604,13.2775,0.2234,120,120,0,0,0,0,0,120,None,None,None,None,0,3.4935,3.4941,3.4904,0.0007,0.5594,0.5596,0.5593,0.0001,0.8117,0.8124,0.8109,0.0004,-0.0001,-0.0001,-0.0001,0,0,0,0,0,0,0,0,0,0,0,0,0,163.5667,335,66,54.5883,0,0,0,0,297.0083,768,37,93.9795,36,41.45,47,39,23.68,23.68,23.63
2022-11-15 21:50:00,1.9418,4.2764,0.8356,0.7418,120,109.6342,29.7295,120,81.1296,81.1792,81.0877,0.0194,120,25.9462,25.9648,25.9374,0.0069,120,1009.6176,1009.8086,1009.4241,0.0309,120,0,0,0,0,120,0,0,0,0,120,13.7566,14.2604,13.2775,0.2157,120,120,0,0,0,0,0,120,None,None,None,None,0,3.4936,3.4968,3.4904,0.0005,0.5595,0.5596,0.5594,0.0001,0.8113,0.8118,0.8109,0.0002,-0.0001,-0.0001,-0.0001,0,0,0,0,0,0,0,0,0,0,0,0,0,188.2417,442,68,80.63,0,0,0,0,313.25,579,121,85.8062,36,41.5167,47,39,23.68,23.68,23.68
2022-11-15 22:00:00,1.7958,3.844,0.6884,0.6319,120,107.6964,30.7011,120,81.1586,81.2403,81.1182,0.0319,120,25.9765,26.0106,25.9526,0.0129,120,1009.521,1009.6255,1009.4058,0.0912,120,0,0,0,0,120,0,0,0,0,120,13.7607,14.2604,13.2775,0.18,120,120,0,0,0,0,0,120,None,None,None,None,0,3.492,3.4938,3.4901,0.0015,0.5598,0.5601,0.5595,0.0001,0.8116,0.8124,0.8112,0.0003,-0.0001,-0.0001,-0.0001,0,0,0,0,0,0,0,0,0,0,0,0,0,172.3667,395,52,68.685,0,0,0,0,307.7417,567,129,88.5518,36,41.7333,47,41,23.68,23.68,23.63
2022-11-15 22:10:00,1.6363,3.108,0.6424,0.4994,120,109.6176,28.602,120,81.2171,81.2708,81.1792,0.0237,120,26.0191,26.035,25.9954,0.0068,120,1009.4195,1009.6255,1009.2227,0.074,120,0,0,0,0,120,0,0,0,0,120,13.7239,14.2604,13.2775,0.1685,120,120,0,0,0,0,0,120,None,None,None,None,0,3.4903,3.4938,3.487,0.0012,0.5602,0.5604,0.5599,0.0001,0.8122,0.8127,0.8118,0.0002,-0.0001,-0.0001,-0.0001,0,0,0,0,0,0,0,0,0,0,0,0,0,155.0333,315,47,54.2867,0,0,0,0,320.9083,1007,123,101.3079,36,41.5333,47,39,23.68,23.68,23.63
2022-11-15 22:20:00,1.7675,2.9332,0.6332,0.5718,120,97.1649,26.5908,120,81.268,81.3318,81.2098,0.0398,120,26.0075,26.0259,25.9893,0.0101,120,1009.2875,1009.4241,1009.2227,0.087,120,0,0,0,0,120,0,0,0,0,120,13.728,14.2604,13.2775,0.1972,120,120,0,0,0,0,0,120,None,None,None,None,0,3.4881,3.4904,3.487,0.0015,0.5601,0.5603,0.5599,0.0001,0.8127,0.8133,0.8121,0.0004,-0.0001,-0.0001,-0.0001,0,0,0,0,0,0,0,0,0,0,0,0,0,169.2917,296,46,62.1557,0,0,0,0,276.9167,544,1,78.2122,35.9,41.8167,47,41,23.68,23.68,23.63
2022-11-15 22:30:00,1.9483,3.5772,0.6148,0.5856,120,105.9832,30.7437,120,81.3697,81.4539,81.2098,0.0523,120,25.9911,26.0076,25.9465,0.0117,120,1009.1791,1009.4241,1009.0396,0.0863,120,0,0,0,0,120,0,0,0,0,120,13.687,14.2604,13.2775,0.1946,120,120,0,0,0,0,0,120,None,None,None,None,0,3.4863,3.4904,3.484,0.0014,0.5599,0.5601,0.5595,0.0001,0.8137,0.8145,0.8121,0.0005,-0.0001,-0.0001,-0.0001,0,0,0,0,0,0,0,0,0,0,0,0,0,188.95,366,44,63.6515,0,0,0,0,313.9833,999,110,108.4855,35,41.5167,47,39,23.68,23.68,23.63
2022-11-15 22:40:00,1.7481,3.4944,0.6332,0.5778,120,111.337,33.5983,120,81.327,81.4234,81.1792,0.0587,120,25.9093,25.9526,25.8855,0.0185,120,1009.0924,1009.241,1008.8565,0.0809,120,0,0,0,0,120,0,0,0,0,120,13.6174,14.2604,13.2775,0.2366,120,120,0,0,0,0,0,120,None,None,None,None,0,3.4849,3.4874,3.4809,0.0013,0.5591,0.5595,0.5588,0.0002,0.8133,0.8142,0.8118,0.0006,-0.0001,-0.0001,-0.0001,0,0,0,0,0,0,0,0,0,0,0,0,0,167.1833,357,46,62.8019,0,0,0,0,321.0083,706,100,98.7683,35,41.6167,47,39,23.68,23.68,23.63
2022-11-15 22:50:00,1.5108,2.8872,0.5412,0.6018,120,115.6046,32.7786,120,81.3018,81.3929,81.2403,0.0396,120,25.8673,25.916,25.8183,0.0304,120,1009.0172,1009.241,1008.8382,0.0801,120,0,0,0,0,120,0,0,0,0,120,13.5396,13.7689,12.786,0.2543,120,120,0,0,0,0,0,120,None,None,None,None,0,3.4836,3.4874,3.4806,0.0013,0.5587,0.5592,0.5582,0.0003,0.813,0.8139,0.8124,0.0004,-0.0001,-0.0001,-0.0001,0,0,0,0,0,0,0,0,0,0,0,0,0,141.3917,291,36,65.4139,0,0,0,0,329.5083,572,88,94.4399,35,41.7667,49,39,23.68,23.68,23.63
2022-11-15 23:00:00,1.4955,3.1908,0.6332,0.4874,120,112.4931,28.4541,120,81.3873,81.4539,81.3013,0.0491,120,25.8086,25.8245,25.7939,0.0076,120,1008.9334,1009.0762,1008.8382,0.0882,120,0,0,0,0,120,0,0,0,0,120,13.5846,13.7689,13.2775,0.2389,120,120,0,0,0,0,0,120,None,None,None,None,0,3.4822,3.4846,3.4806,0.0015,0.5581,0.5582,0.5579,0.0001,0.8139,0.8145,0.813,0.0005,-0.0001,-0.0001,-0.0001,0,0,0,0,0,0,0,0,0,0,0,0,0,139.7333,324,46,52.9762,0,0,0,0,327.225,939,77,97.4199,35,41.4167,47,39,23.68,23.68,23.63
2022-11-15 23:10:00,1.5199,2.694,0.6148,0.4425,120,103.1606,28.3468,120,81.4918,81.5455,81.4234,0.0262,120,25.7661,25.8,25.7146,0.0223,120,1008.7443,1008.8748,1008.6367,0.1013,120,0,0,0,0,120,0,0,0,0,120,13.5846,14.2604,13.2775,0.2473,120,120,0,0,0,0,0,120,None,None,None,None,0,3.4791,3.4812,3.4773,0.0017,0.5577,0.558,0.5572,0.0002,0.8149,0.8155,0.8142,0.0003,-0.0001,-0.0001,-0.0001,0,0,0,0,0,0,0,0,0,0,0,0,0,142.3833,270,44,48.1004,0,0,0,0,294.875,539,47,82.4099,35,41.6667,47,39,23.67,23.68,23.63
2022-11-15 23:20:00,1.3424,2.418,0.67,0.396,120,107.3645,29.5781,120,81.6688,81.8201,81.5149,0.0908,120,25.6576,25.7115,25.6261,0.0252,120,1008.5984,1008.6734,1008.4536,0.0923,120,0,0,0,0,120,0,0,0,0,120,13.6256,14.2604,13.2775,0.2332,120,120,0,0,0,0,0,120,None,None,None,None,0,3.4766,3.4779,3.4742,0.0015,0.5566,0.5571,0.5563,0.0003,0.8167,0.8182,0.8151,0.0009,-0.0001,-0.0001,-0.0001,0,0,0,0,0,0,0,0,0,0,0,0,0,123.0917,240,50,43.0396,0,0,0,0,309.9667,877,12,95.2017,35,41.5167,47,39,23.68,23.68,23.63
2022-11-15 23:30:00,1.0138,2.5008,0.394,0.3541,120,101.6743,32.2921,120,81.858,81.9117,81.7896,0.0312,120,25.6374,25.6535,25.62,0.0077,120,1008.4785,1008.6734,1008.2888,0.0553,120,0,0,0,0,120,0,0,0,0,120,13.5437,14.2604,13.2775,0.254,120,120,0,0,0,0,0,120,None,None,None,None,0,3.4746,3.4779,3.4715,0.0009,0.5564,0.5565,0.5562,0.0001,0.8186,0.8191,0.8179,0.0003,-0.0001,-0.0001,-0.0001,0,0,0,0,0,0,0,0,0,0,0,0,0,87.3667,249,20,38.4889,0,0,0,0,294.225,900,27,104.7887,35,41.4333,47,39,23.68,23.68,23.63
2022-11-15 23:40:00,0.9596,1.8476,0.3388,0.2756,120,114.7674,29.7203,120,81.9763,82.0643,81.8812,0.0475,120,25.6071,25.6291,25.5895,0.0089,120,1008.2759,1008.4902,1007.9043,0.1457,120,0,0,0,0,120,0,0,0,0,120,13.5723,13.7689,13.2775,0.2418,120,120,0,0,0,0,0,120,None,None,None,None,0,3.4713,3.4748,3.4651,0.0024,0.5561,0.5563,0.5559,0.0001,0.8198,0.8206,0.8188,0.0005,-0.0001,-0.0001,-0.0001,0,0,0,0,0,0,0,0,0,0,0,0,0,81.4833,178,14,29.9585,0,0,0,0,329.175,610,154,86.079,35,41.4167,47,39,23.68,23.68,23.63
2022-11-15 23:50:00,1.0063,2.1512,0.4676,0.3724,120,120.7176,34.4357,120,82.1406,82.1863,82.0643,0.0293,120,25.5998,25.6078,25.5895,0.0041,120,1007.9595,1008.124,1007.7212,0.0902,120,0,0,0,0,120,0,0,0,0,120,13.515,13.7689,13.2775,0.2466,120,120,0,0,0,0,0,120,None,None,None,None,0,3.466,3.4687,3.462,0.0015,0.556,0.5561,0.5559,0,0.8214,0.8219,0.8206,0.0003,-0.0001,-0.0001,-0.0001,0,0,0,0,0,0,0,0,0,0,0,0,0,86.55,211,28,40.479,0,0,0,0,350.2083,931,84,107.8255,35,41.7167,47,39,23.68,23.68,23.63
