datetime,Anemometer;wind_speed;Avg (m/s),Anemometer;wind_speed;Max (m/s),Anemometer;wind_speed;Min (m/s),Anemometer;wind_speed;StdDev (m/s),Anemometer;wind_speed;Count (),Wind Vane TMR;wind_direction;Avg (°),Wind Vane TMR;wind_direction;StdDev (°),Wind Vane TMR;wind_direction;Count (),Hygro/Thermo;humidity;Avg (%),Hygro/Thermo;humidity;Max (%),Hygro/Thermo;humidity;Min (%),Hygro/Thermo;humidity;StdDev (%),Hygro/Thermo;humidity;Count (),Hygro/Thermo;temperature;Avg (°C),Hygro/Thermo;temperature;Max (°C),Hygro/Thermo;temperature;Min (°C),Hygro/Thermo;temperature;StdDev (°C),Hygro/Thermo;temperature;Count (),Barometer;air_pressure;Avg (hPa),Barometer;air_pressure;Max (hPa),Barometer;air_pressure;Min (hPa),Barometer;air_pressure;StdDev (hPa),Barometer;air_pressure;Count (),DHI (Diffuse Horizontal Irradiance);solar_irradiance;Avg (W/m²),DHI (Diffuse Horizontal Irradiance);solar_irradiance;Max (W/m²),DHI (Diffuse Horizontal Irradiance);solar_irradiance;Min (W/m²),DHI (Diffuse Horizontal Irradiance);solar_irradiance;StdDev (W/m²),DHI (Diffuse Horizontal Irradiance);solar_irradiance;Count (),GHI (Global Horizontal Irradiance);solar_irradiance;Avg (W/m²),GHI (Global Horizontal Irradiance);solar_irradiance;Max (W/m²),GHI (Global Horizontal Irradiance);solar_irradiance;Min (W/m²),GHI (Global Horizontal Irradiance);solar_irradiance;StdDev (W/m²),GHI (Global Horizontal Irradiance);solar_irradiance;Count (),DNI (Direct Normal Irradiance) Pyrheliometer;solar_DNI;Avg (W/m²),DNI (Direct Normal Irradiance) Pyrheliometer;solar_DNI;Max (W/m²),DNI (Direct Normal Irradiance) Pyrheliometer;solar_DNI;Min (W/m²),DNI (Direct Normal Irradiance) Pyrheliometer;solar_DNI;StdDev (W/m²),DNI (Direct Normal Irradiance) Pyrheliometer;solar_DNI;Count (),Precipitation;precipitation;Count (),Precipitation;precipitation;Sum (mm),GTI (Global Tilt Irradiance) PV Cell;voltage;Avg (W/m2),GTI (Global Tilt Irradiance) PV Cell;voltage;Max (W/m2),GTI (Global Tilt Irradiance) PV Cell;voltage;Min (W/m2),GTI (Global Tilt Irradiance) PV Cell;voltage;StdDev (W/m2),GTI (Global Tilt Irradiance) PV Cell;voltage;Count (),Theta;other;Avg (°),Theta;other;Max (°),Theta;other;Min (°),Theta;other;StdDev (°),Theta;other;Count (),A1;channel;Avg (V),A1;channel;Max (V),A1;channel;Min (V),A1;channel;StdDev (V),A2;channel;Avg (V),A2;channel;Max (V),A2;channel;Min (V),A2;channel;StdDev (V),A3;channel;Avg (V),A3;channel;Max (V),A3;channel;Min (V),A3;channel;StdDev (V),A4;channel;Avg (V),A4;channel;Max (V),A4;channel;Min (V),A4;channel;StdDev (V),A5;channel;Avg (V),A5;channel;Max (V),A5;channel;Min (V),A5;channel;StdDev (V),A6;channel;Avg (V),A6;channel;Max (V),A6;channel;Min (V),A6;channel;StdDev (V),A7;channel;Avg (V),A7;channel;Max (V),A7;channel;Min (V),A7;channel;StdDev (V),C1;channel;Avg (I),C1;channel;Max (I),C1;channel;Min (I),C1;channel;StdDev (I),C2;channel;Avg (I),C2;channel;Max (I),C2;channel;Min (I),C2;channel;StdDev (I),D1;channel;Avg (),D1;channel;Max (),D1;channel;Min (),D1;channel;StdDev (),T;channel;Avg (°C),I;channel;Avg (mA),I;channel;Max (mA),I;channel;Min (mA),V;channel;Avg (V),V;channel;Max (V),V;channel;Min (V)
2022-11-18 00:00:00,1.2967,2.8872,0.2284,0.6594,120,111.7569,56.1714,120,84.256,84.5973,83.9259,0.1827,120,25.3973,25.4308,25.3789,0.0132,120,1005.8342,1006.0732,1005.6703,0.0921,120,3.2782,4.085,2.6433,0.2986,120,0,0,0,0,120,13.7485,14.2604,13.2775,0.1846,120,120,0,0,0,0,0,120,None,None,None,None,0,3.4306,3.4346,3.4278,0.0015,0.554,0.5543,0.5538,0.0001,0.8426,0.846,0.8393,0.0018,-0.0001,-0.0001,-0.0001,0,0,0.0001,0,0,0,0,0,0,0,0,0,0,118.125,291,2,71.6733,0,0,0,0,330.65,898,75,160.4032,35,44.3,51,41,23.67,23.68,23.63
2022-11-18 00:10:00,2.2369,5.1596,0.6332,0.9495,120,148.8029,46.3942,120,84.3631,84.7194,83.8343,0.185,120,25.1938,25.4277,24.8204,0.2029,120,1005.878,1006.0732,1005.6703,0.0582,120,2.6213,4.3252,0,1.3084,120,0,0,0,0,120,13.3758,13.7689,12.786,0.3347,120,120,0,0,0,0,0,120,None,None,None,None,0,3.4313,3.4346,3.4278,0.001,0.5519,0.5543,0.5482,0.002,0.8436,0.8472,0.8383,0.0018,-0.0001,-0.0001,-0.0001,0,0,0.0001,0,0,0,0,0,0,0,0,0,0,220.3167,538,46,103.2071,0,0,0,0,425.9,935,49,136.4395,35,41.8167,49,39,23.68,23.68,23.63
2022-11-18 00:20:00,3.1206,5.9692,1.314,0.9776,120,156.7661,33.1115,120,84.7911,85.7875,84.0175,0.506,120,24.2069,24.8112,23.7248,0.3447,120,1005.8783,1006.0732,1005.6703,0.0625,120,0.0761,1.2016,0,0.197,120,0,0,0,0,120,12.9498,13.7689,11.8015,0.4098,120,120,2.5,0,0,0,0,120,None,None,None,None,0,3.4313,3.4346,3.4278,0.001,0.5421,0.5481,0.5373,0.0034,0.8479,0.8579,0.8402,0.0051,-0.0001,-0.0001,-0.0001,0,0,0,0,0,0,0,0,0,0,0,0,0,316.3667,626,120,106.2572,0.2083,1,0,0.4078,445.0583,695,222,94.5394,35,41.5333,47,39,23.68,23.68,23.63
2022-11-18 00:30:00,2.4673,5.3068,0.6056,0.839,120,170.9085,30.8466,120,86.5457,86.9472,85.7875,0.2978,120,23.6572,23.7187,23.5966,0.0286,120,1005.8693,1006.0732,1005.6703,0.0497,120,0,0,0,0,120,0,0,0,0,120,13.5027,13.7689,13.2775,0.2459,120,120,0.7,0,0,0,0,120,None,None,None,None,0,3.4312,3.4346,3.4278,0.0008,0.5366,0.5372,0.536,0.0003,0.8655,0.8695,0.8579,0.003,-0.0001,-0.0001,-0.0001,0,0,0,0,0,0,0,0,0,0,0,0,0,245.3583,554,43,91.2006,0.0583,1,0,0.2354,481.2,685,136,90.3529,35,41.6167,47,39,23.67,23.68,23.63
2022-11-18 00:40:00,1.5911,2.8504,0.5964,0.5248,120,172.2831,28.5801,120,87.4048,87.7712,86.9472,0.2352,120,23.5956,23.6241,23.5661,0.0144,120,1005.6697,1005.8718,1005.4689,0.1055,120,0,0,0,0,120,0,0,0,0,120,13.5191,13.7689,13.2775,0.2467,120,120,0.1,0,0,0,0,120,None,None,None,None,0,3.4278,3.4312,3.4245,0.0018,0.536,0.5362,0.5357,0.0001,0.874,0.8777,0.8695,0.0024,-0.0001,-0.0001,-0.0001,0,0,0,0,0,0,0,0,0,0,0,0,0,150.125,287,42,57.0469,0.0083,1,0,0.0913,486.775,654,259,82.2563,34.2,41.8,47,39,23.67,23.68,23.63
2022-11-18 00:50:00,1.9033,3.1264,0.716,0.5325,120,186.2883,20.26,120,88.096,88.4121,87.7407,0.1871,120,23.6704,23.7187,23.6149,0.028,120,1005.6038,1005.6887,1005.4689,0.0887,120,0,0,0,0,120,0,0,0,0,120,13.6133,13.7689,13.2775,0.2296,120,120,0,0,0,0,0,120,None,None,None,None,0,3.4267,3.4281,3.4245,0.0015,0.5367,0.5372,0.5362,0.0003,0.881,0.8841,0.8774,0.0019,-0.0001,-0.0001,-0.0001,0,0,0,0,0,0,0,0,0,0,0,0,0,184.0583,317,55,57.8784,0,0,0,0,527.2667,659,239,59.5162,34,41.5167,47,39,23.67,23.68,23.63
2022-11-18 01:00:00,1.9118,2.7492,0.9552,0.4094,120,187.38,15.5737,120,88.67,88.9615,88.4426,0.1316,120,23.7592,23.7919,23.7126,0.0209,120,1005.4886,1005.6703,1005.2858,0.0602,120,0,0,0,0,120,0,0,0,0,120,13.5437,13.7689,13.2775,0.2459,120,120,0,0,0,0,0,120,None,None,None,None,0,3.4248,3.4278,3.4214,0.001,0.5376,0.5379,0.5371,0.0002,0.8867,0.8896,0.8844,0.0013,-0.0001,-0.0001,-0.0001,0,0,0,0,0,0,0,0,0,0,0,0,0,184.975,276,81,44.5048,0,0,0,0,531.5333,625,378,44.7636,34,41.9,47,39,23.67,23.68,23.63
2022-11-18 01:10:00,1.838,3.4208,0.4584,0.5087,120,191.053,14.0547,120,89.0533,89.2972,88.8699,0.0924,120,23.7827,23.8072,23.74,0.0182,120,1005.4573,1005.4872,1005.2858,0.0479,120,0.2081,0.4803,0,0.211,120,0,0,0,0,120,13.4782,13.7689,13.2775,0.2426,120,120,0,0,0,0,0,120,None,None,None,None,0,3.4243,3.4248,3.4214,0.0008,0.5378,0.5381,0.5374,0.0002,0.8905,0.893,0.8887,0.0009,-0.0001,-0.0001,-0.0001,0,0,0,0,0,0,0,0,0,0,0,0,0,176.9583,349,27,55.2956,0,0,0,0,542.4917,697,378,40.5483,34,41.55,49,39,23.66,23.68,23.63
2022-11-18 01:20:00,1.2625,2.326,0.5044,0.3847,120,183.3949,21.1846,120,89.492,89.7549,89.2972,0.1229,120,23.7477,23.7645,23.7339,0.0064,120,1005.3856,1005.4872,1005.1027,0.0988,120,0.1741,0.7213,0,0.1587,120,0,0,0,0,120,13.5109,13.7689,13.2775,0.2465,120,120,0,0,0,0,0,120,None,None,None,None,0,3.4231,3.4248,3.4184,0.0016,0.5375,0.5376,0.5373,0.0001,0.8949,0.8975,0.893,0.0012,-0.0001,-0.0001,-0.0001,0,0,0,0,0,0,0,0,0,0,0,0,0,114.4,230,32,41.8166,0,0,0,0,518.3833,656,215,62.7141,34,41.6167,47,39,23.66,23.68,23.63
2022-11-18 01:30:00,1.3243,2.4824,0.4952,0.3878,120,175.6709,27.0891,120,89.981,90.2127,89.6939,0.1175,120,23.8124,23.8682,23.7462,0.0366,120,1005.3194,1005.4872,1005.1027,0.0864,120,0.5687,1.2016,0.2402,0.1971,120,0,0,0,0,120,13.5273,13.7689,13.2775,0.2467,120,120,0,0,0,0,0,120,None,None,None,None,0,3.422,3.4248,3.4184,0.0014,0.5381,0.5387,0.5375,0.0004,0.8998,0.9021,0.8969,0.0012,-0.0001,-0.0001,-0.0001,0,0,0,0,0,0,0,0,0,0,0,0,0,121.125,247,31,42.1557,0,0,0,0,498.5833,796,263,79.2431,34,41.55,47,39,23.66,23.68,23.63
2022-11-18 01:40:00,1.7613,3.1724,0.6884,0.5995,120,153.0931,31.8684,120,90.287,90.4263,90.0906,0.0855,120,23.9269,23.975,23.8743,0.0314,120,1005.2631,1005.4689,1005.1027,0.0838,120,0.5586,1.922,0,0.6113,120,0,0,0,0,120,13.4986,13.7689,12.786,0.2537,120,120,0.1,0,0,0,0,120,None,None,None,None,0,3.4211,3.4245,3.4184,0.0014,0.5393,0.5397,0.5387,0.0003,0.9029,0.9043,0.9009,0.0009,-0.0001,-0.0001,-0.0001,0,0,0,0,0,0,0,0,0,0,0,0,0,168.6167,322,52,65.1678,0.0083,1,0,0.0913,434.2083,681,160,92.1199,34,41.7167,47,39,23.66,23.68,23.63
2022-11-18 01:50:00,2.0882,5.0124,0.4768,0.8274,120,159.0655,39.9039,120,90.349,90.7315,89.7549,0.285,120,23.9688,24.0483,23.7584,0.0718,120,1005.3789,1005.4872,1005.121,0.0942,120,0.0481,1.4417,0,0.2238,120,0,0,0,0,120,13.3881,13.7689,12.786,0.302,120,120,0.5,0,0,0,0,120,None,None,None,None,0,3.423,3.4248,3.4187,0.0016,0.5397,0.5405,0.5376,0.0007,0.9035,0.9073,0.8975,0.0028,-0.0001,-0.0001,-0.0001,0,0,0,0,0,0,0,0,0,0,0,0,0,204.15,522,29,89.9341,0.0417,1,0,0.2007,449.6083,776,184,113.9088,33,41.3667,47,41,23.66,23.68,23.63
2022-11-18 02:00:00,1.7707,4.0096,0.3296,0.7734,120,162.466,32.8061,120,90.1837,90.5789,89.6939,0.2439,120,23.409,23.7523,23.1053,0.1974,120,1005.3584,1005.4689,1005.0844,0.1116,120,0.028,0.7213,0,0.1087,120,0,0,0,0,120,13.1587,13.7689,12.2946,0.2777,120,120,0.5,0,0,0,0,120,None,None,None,None,0,3.4226,3.4245,3.4181,0.0019,0.5341,0.5375,0.5311,0.002,0.9018,0.9058,0.8969,0.0024,-0.0001,-0.0001,-0.0001,0,0,0,0,0,0,0,0,0,0,0,0,0,169.6417,413,13,84.0639,0.0417,1,0,0.2007,456.275,618,149,95.3325,33,41.9,47,39,23.66,23.68,23.63
2022-11-18 02:10:00,1.3707,2.004,0.5688,0.3062,120,191.4231,15.5524,120,90.9831,91.2809,90.5789,0.2302,120,23.0739,23.1327,23.0351,0.0269,120,1005.2149,1005.2858,1005.0844,0.0879,120,0,0,0,0,120,0,0,0,0,120,13.3676,13.7689,12.786,0.2206,120,120,0.1,0,0,0,0,120,None,None,None,None,0,3.4202,3.4214,3.4181,0.0015,0.5307,0.5313,0.5303,0.0003,0.9098,0.9128,0.9058,0.0023,-0.0001,-0.0001,-0.0001,0,0,0,0,0,0,0,0,0,0,0,0,0,126.1667,195,39,33.2844,0.0083,1,0,0.0913,543.2833,649,390,44.7691,33,41.7667,47,41,23.65,23.68,23.63
2022-11-18 02:20:00,1.1722,4.0096,0.3572,0.6339,120,167.406,29.4523,120,91.306,91.4029,91.2198,0.0464,120,23.2088,23.267,23.1297,0.0403,120,1005.2646,1005.4872,1005.0844,0.08,120,0.2944,2.6433,0,0.614,120,0,0,0,0,120,13.4249,13.7689,13.2775,0.2262,120,120,0,0,0,0,0,120,None,None,None,None,0,3.4211,3.4248,3.4181,0.0013,0.5321,0.5327,0.5313,0.0004,0.9131,0.914,0.9122,0.0005,-0.0001,-0.0001,-0.0001,0,0,0,0,0,0,0,0,0,0,0,0,0,104.5833,413,16,68.9073,0,0,0,0,478.8583,1019,260,92.5422,33,41.7,47,39,23.65,23.68,23.63
2022-11-18 02:30:00,1.7503,3.5588,0.44,0.6652,120,145.3344,35.944,120,91.6496,91.9218,91.3419,0.1387,120,23.4331,23.6454,23.264,0.116,120,1005.2506,1005.4506,1005.0844,0.064,120,1.9865,2.8835,0.4803,0.5623,120,0.0153,0.3661,0,0.0735,120,13.6379,14.2604,13.2775,0.2274,120,120,0,0,0,0,0,120,None,None,None,None,0,3.4208,3.4242,3.4181,0.0011,0.5343,0.5364,0.5326,0.0012,0.9165,0.9192,0.9134,0.0014,-0.0001,-0.0001,-0.0001,0,0,0,0,0,0,0,0,0,0,0,0,0,167.425,364,25,72.3,0,0,0,0,416.5667,901,80,109.8983,33,41.5833,47,39,23.65,23.68,23.63
2022-11-18 02:40:00,1.5334,2.4548,0.5136,0.4468,120,151.2513,30.2445,120,91.7305,91.7997,91.6776,0.0268,120,23.7435,23.798,23.6424,0.0431,120,1005.2882,1005.4872,1005.0844,0.0588,120,0.018,0.4803,0,0.0773,120,0,0,0,0,120,13.5109,13.7689,13.2775,0.2465,120,120,0.3,0,0,0,0,120,None,None,None,None,0,3.4215,3.4248,3.4181,0.001,0.5374,0.538,0.5364,0.0004,0.9173,0.918,0.9168,0.0003,-0.0001,-0.0001,-0.0001,0,0,0,0,0,0,0,0,0,0,0,0,0,143.85,244,33,48.5628,0.025,1,0,0.1568,428.8417,626,222,86.086,33,41.6833,47,39,23.65,23.68,23.63
2022-11-18 02:50:00,1.8556,4.0648,0.3572,0.8105,120,119.6786,35.9329,120,91.7417,91.9828,91.4945,0.1289,120,23.753,23.8072,23.7034,0.0395,120,1005.4521,1005.652,1005.2675,0.0664,120,0,0,0,0,120,0,0,0,0,120,13.384,13.7689,12.786,0.2313,120,120,0.5,0,0,0,0,120,None,None,None,None,0,3.4242,3.4275,3.4211,0.0011,0.5375,0.5381,0.537,0.0004,0.9174,0.9198,0.9149,0.0013,-0.0001,-0.0001,-0.0001,0,0,0,0,0,0,0,0,0,0,0,0,0,178.8667,419,16,88.1001,0.0417,1,0,0.2007,340.55,627,4,104.3634,33,41.4833,47,39,23.65,23.68,23.63
2022-11-18 03:00:00,1.279,2.602,0.624,0.4781,120,127.9556,31.1771,120,92.0367,92.1354,91.9523,0.0407,120,23.722,23.7309,23.7034,0.005,120,1005.5461,1005.652,1005.4506,0.0905,120,0,0,0,0,120,0,0,0,0,120,13.4085,13.7689,13.2775,0.2182,120,120,0.3,0,0,0,0,120,None,None,None,None,0,3.4258,3.4275,3.4242,0.0015,0.5372,0.5373,0.537,0.0001,0.9204,0.9214,0.9195,0.0004,-0.0001,-0.0001,-0.0001,0,0,0,0,0,0,0,0,0,0,0,0,0,116.2,260,45,51.9684,0.025,1,0,0.1568,362.0333,557,88,89.5258,33,41.5833,47,39,23.65,23.68,23.63
2022-11-18 03:10:00,0.6393,1.4336,0,0.2894,120,144.751,56.4153,120,92.2114,92.288,92.1049,0.043,120,23.7382,23.7645,23.7126,0.0142,120,1005.6172,1005.8168,1005.4323,0.0604,120,0,0,0,0,120,0,0,0,0,120,13.429,13.7689,13.2775,0.2279,120,120,0.1,0,0,0,0,120,None,None,None,None,0,3.427,3.4303,3.4239,0.001,0.5374,0.5376,0.5371,0.0001,0.9221,0.9229,0.921,0.0004,-0.0001,-0.0001,-0.0001,0,0,0,0,0,0,0,0,0,0,0,0,0,48,133,0,28.8371,0.0083,1,0,0.0913,410.3083,688,0,157.7236,33,41.8167,47,39,23.65,23.68,23.63
2022-11-18 03:20:00,0.5375,1.0104,0,0.2622,120,192.1151,51.7351,120,92.275,92.3795,92.1964,0.0494,120,23.773,23.7889,23.7553,0.0068,120,1005.7591,1005.8351,1005.6154,0.0885,120,0,0,0,0,120,0,0,0,0,120,13.4085,13.7689,13.2775,0.2182,120,120,0.4,0,0,0,0,120,None,None,None,None,0,3.4293,3.4306,3.4269,0.0015,0.5377,0.5379,0.5375,0.0001,0.9228,0.9238,0.922,0.0005,-0.0001,-0.0001,-0.0001,0,0,0,0,0,0,0,0,0,0,0,0,0,37.3083,87,0,25.4393,0.0333,1,0,0.1803,523.35,784,69,152.2353,33,41.45,47,39,23.65,23.68,23.63
2022-11-18 03:30:00,0.6774,1.084,0.2192,0.214,120,297.2875,54.9803,120,92.3861,92.5932,92.2269,0.0893,120,23.7292,23.7797,23.679,0.0276,120,1005.8211,1006.0182,1005.6337,0.059,120,0,0,0,0,120,0,0,0,0,120,13.3676,13.7689,12.786,0.2206,120,120,0.2,0,0,0,0,120,None,None,None,None,0,3.4304,3.4336,3.4272,0.001,0.5373,0.5378,0.5368,0.0003,0.9239,0.9259,0.9223,0.0009,-0.0001,-0.0001,-0.0001,0,0,0,0,0,0,0,0,0,0,0,0,0,50.8,95,1,23.2652,0.0167,1,0,0.1286,766.8417,1006,17,214.7889,33,41.5833,47,39,23.64,23.68,23.63
2022-11-18 03:40:00,0.7795,1.2588,0.2652,0.2022,120,282.0918,30.7272,120,92.57,92.7152,92.5016,0.0609,120,23.6397,23.6973,23.5783,0.0361,120,1005.8074,1006.0182,1005.6337,0.054,120,0,0,0,0,120,0,0,0,0,120,13.3389,13.7689,12.786,0.1864,120,120,0.1,0,0,0,0,120,None,None,None,None,0,3.4301,3.4336,3.4272,0.0009,0.5364,0.537,0.5358,0.0004,0.9257,0.9272,0.925,0.0006,-0.0001,-0.0001,-0.0001,0,0,0,0,0,0,0,0,0,0,0,0,0,61.9,114,6,21.973,0.0083,1,0,0.0913,770.6167,1000,20,152.4291,33,41.5333,47,39,23.65,23.68,23.63
2022-11-18 03:50:00,0.3874,0.7988,0,0.2395,120,233.3295,38.642,120,92.743,92.8373,92.6542,0.0481,120,23.58,23.5936,23.563,0.0079,120,1005.9056,1006.0366,1005.7985,0.0948,120,0,0,0,0,120,0,0,0,0,120,13.3758,13.7689,13.2775,0.1974,120,120,0,0,0,0,0,120,None,None,None,None,0,3.4318,3.4339,3.43,0.0016,0.5358,0.5359,0.5356,0.0001,0.9274,0.9284,0.9265,0.0005,-0.0001,-0.0001,-0.0001,0,0,0,0,0,0,0,0,0,0,0,0,0,23.6583,64,0,19.6915,0,0,0,0,647.0833,852,53,125.8419,33,41.6667,47,39,23.64,23.68,23.63
2022-11-18 04:00:00,0.3924,0.9736,0,0.2761,120,271.2295,33.1438,120,92.8655,92.8983,92.7763,0.0206,120,23.5896,23.6027,23.5722,0.0063,120,1005.9471,1006.0182,1005.7985,0.0891,120,0,0,0,0,120,0,0,0,0,120,13.3471,13.7689,13.2775,0.1721,120,120,0,0,0,0,0,120,None,None,None,None,0,3.4325,3.4336,3.43,0.0015,0.5359,0.536,0.5357,0.0001,0.9287,0.929,0.9278,0.0002,-0.0001,-0.0001,-0.0001,0,0,0,0,0,0,0,0,0,0,0,0,0,24.9583,83,0,23.4655,0,0,0,0,757.8417,982,83,122.4378,33,41.55,47,39,23.64,23.68,23.63
2022-11-18 04:10:00,0.4202,0.7896,0,0.2254,120,246.3055,68.8372,120,93.0499,93.234,92.8678,0.1071,120,23.6131,23.679,23.563,0.0392,120,1006.0253,1006.2197,1005.9816,0.0589,120,0,0,0,0,120,0,0,0,0,120,13.4126,13.7689,12.786,0.2294,120,120,0.1,0,0,0,0,120,None,None,None,None,0,3.4338,3.437,3.433,0.001,0.5361,0.5368,0.5356,0.0004,0.9305,0.9323,0.9287,0.0011,-0.0001,-0.0001,-0.0001,0,0,0,0,0,0,0,0,0,0,0,0,0,25.8917,63,0,19.5142,0.0083,1,0,0.0913,633.125,955,26,216.765,32.1,41.4833,47,39,23.64,23.68,23.63
2022-11-18 04:20:00,0.5879,0.9552,0,0.2233,120,259.104,23.942,120,93.0736,93.2646,92.9594,0.089,120,23.6395,23.6821,23.6027,0.0248,120,1006.0744,1006.2197,1005.9816,0.0942,120,0,0,0,0,120,0,0,0,0,120,13.4085,13.7689,12.786,0.2274,120,120,0,0,0,0,0,120,None,None,None,None,0,3.4346,3.437,3.433,0.0016,0.5364,0.5368,0.536,0.0003,0.9307,0.9326,0.9296,0.0009,-0.0001,-0.0001,-0.0001,0,0,0,0,0,0,0,0,0,0,0,0,0,41.8333,81,0,22.5364,0,0,0,0,735.9083,916,484,69.1671,32,41.7,47,39,23.64,23.68,23.63
2022-11-18 04:30:00,0.3746,0.9828,0,0.242,120,279.8662,40.066,120,93.2813,93.3866,93.2035,0.0492,120,23.6873,23.7187,23.6271,0.0249,120,1006.1113,1006.3845,1005.9816,0.1018,120,0,0,0,0,120,0,0,0,0,120,13.4331,13.7689,12.786,0.2466,120,120,0,0,0,0,0,120,None,None,None,None,0,3.4352,3.4397,3.433,0.0017,0.5369,0.5372,0.5363,0.0003,0.9328,0.9339,0.932,0.0005,-0.0001,-0.0001,-0.0001,0,0,0,0,0,0,0,0,0,0,0,0,0,22.4583,84,0,20.0231,0,0,0,0,776.5667,984,117,134.2387,32,41.65,47,39,23.65,23.68,23.63
2022-11-18 04:40:00,0.3491,0.8448,0,0.2358,120,266.3389,55.9216,120,93.2646,93.4477,93.1425,0.0651,120,23.6896,23.7095,23.6729,0.0085,120,1006.2067,1006.3845,1006.1647,0.049,120,0.3563,0.7213,0,0.2224,120,0.3326,1.0996,0,0.2227,120,13.4208,13.7689,12.786,0.2332,120,120,0,0.2569,0.6104,0,0.1724,120,None,None,None,None,0,3.4368,3.4397,3.4361,0.0008,0.5369,0.5371,0.5367,0.0001,0.9326,0.9345,0.9314,0.0007,-0.0001,-0.0001,-0.0001,0,0,0,0,0,0,0,0,0,0.0003,0.0006,0,0.0002,20.45,69,0,18.5331,0,0,0,0,691.6667,1009,33,210.9884,32,41.7,47,39,23.65,23.68,23.63
2022-11-18 04:50:00,0.3486,0.9828,0,0.2374,120,221.2577,64.0082,120,93.4655,93.6613,93.2951,0.0828,120,23.7255,23.7919,23.679,0.0333,120,1006.3585,1006.5676,1006.1831,0.0642,120,4.6819,8.1701,0.7213,2.3003,120,4.3996,7.6939,0.7323,2.2256,120,13.4659,13.7689,13.2775,0.2399,120,120,0,4.5523,7.3244,0.6104,2.2435,120,89.27,89.9,88.63,0.43,77,3.4393,3.4428,3.4364,0.0011,0.5373,0.5379,0.5368,0.0003,0.9347,0.9366,0.933,0.0008,-0.0001,-0.0001,-0.0001,0,0.0001,0.0001,0,0,0,0.0001,0,0,0.0046,0.0073,0.0006,0.0022,19.6333,84,0,20.0189,0,0,0,0,618.0583,1022,72,184.2587,32,41.6167,47,39,23.65,23.68,23.63
2022-11-18 05:00:00,0.5169,1.9028,0,0.3563,120,342.5622,98.8269,120,93.5291,93.6918,93.3561,0.0772,120,23.8383,23.8835,23.7828,0.0309,120,1006.4321,1006.5859,1006.3662,0.0832,120,11.2241,16.5811,7.9299,2.563,120,10.2675,13.5558,7.3277,1.8405,120,13.4126,13.7689,13.2775,0.2204,120,120,0,10.1677,13.123,7.3244,1.7896,120,87.35,88.63,86.09,0.68,120,3.4405,3.4431,3.4394,0.0014,0.5384,0.5388,0.5378,0.0003,0.9353,0.9369,0.9336,0.0008,-0.0001,-0.0001,-0.0001,0,0.0001,0.0002,0.0001,0,0.0001,0.0001,0.0001,0,0.0102,0.0131,0.0073,0.0018,35.2583,184,0,36.3913,0,0,0,0,513.375,991,0,299.1085,32,41.3667,47,39,23.65,23.68,23.63
2022-11-18 05:10:00,0.928,2.1696,0,0.3696,120,106.4572,49.2966,120,93.4668,93.5697,93.3866,0.038,120,23.852,23.917,23.8255,0.024,120,1006.5427,1006.7507,1006.3662,0.0726,120,19.4005,23.7898,16.5811,2.47,120,15.589,19.7839,13.5558,2.2459,120,13.5519,13.7689,13.2775,0.2451,120,120,0,14.6336,19.2267,12.5126,2.2686,120,85,86.09,83.8,0.69,120,3.4424,3.4458,3.4394,0.0012,0.5385,0.5392,0.5383,0.0002,0.9347,0.9357,0.9339,0.0004,-0.0001,-0.0001,-0.0001,0,0.0002,0.0003,0.0002,0,0.0001,0.0002,0.0001,0,0.0146,0.0192,0.0125,0.0023,78.425,213,0,39.3136,0,0,0,0,316.6583,927,30,149.9022,32,41.5333,47,39,23.65,23.68,23.63
2022-11-18 05:20:00,1.3681,3.1172,0.256,0.6579,120,116.2107,45.9585,120,93.2966,93.5087,92.9899,0.1336,120,24.0459,24.1703,23.9201,0.0755,120,1006.655,1006.769,1006.5493,0.0936,120,29.9358,40.3709,22.348,5.0697,120,25.1299,34.8055,19.0516,4.6452,120,13.556,13.7689,13.2775,0.2446,120,120,0,24.2317,33.8755,18.3111,4.5191,120,82.65,83.8,81.51,0.69,120,3.4443,3.4462,3.4425,0.0016,0.5405,0.5417,0.5392,0.0008,0.933,0.9351,0.9299,0.0013,-0.0001,-0.0001,-0.0001,0,0.0004,0.0005,0.0003,0.0001,0.0002,0.0003,0.0002,0,0.0242,0.0339,0.0183,0.0045,125.875,316,5,71.5142,0,0,0,0,343.2667,1015,13,147.298,32,41.4333,47,39,23.65,23.68,23.63
2022-11-18 05:30:00,0.9856,2.3628,0,0.5336,120,182.6788,59.2651,120,93.1341,93.4172,92.9289,0.1551,120,24.3331,24.4755,24.1703,0.1092,120,1006.8209,1006.9704,1006.7507,0.0906,120,39.8363,45.1772,24.7512,5.6645,120,36.4659,42.4982,23.8139,4.799,120,13.4904,13.7689,13.2775,0.2446,120,120,0,35.3303,41.2,23.1941,4.5223,120,80.3,81.51,79.21,0.69,120,3.447,3.4495,3.4458,0.0015,0.5433,0.5448,0.5417,0.0011,0.9313,0.9342,0.9293,0.0016,-0.0001,-0.0001,-0.0001,0,0.0005,0.0006,0.0003,0.0001,0.0003,0.0004,0.0002,0,0.0353,0.0412,0.0232,0.0045,85.45,234,0,56.0559,0,0,0,0,497.7917,904,24,170.9509,32,41.7333,47,39,23.65,23.68,23.63
2022-11-18 05:40:00,0.8433,1.7188,0.2652,0.3512,120,204.5323,31.7863,120,93.1168,93.2951,92.8678,0.098,120,24.3684,24.4511,24.2985,0.041,120,1006.9401,1007.1535,1006.7507,0.1061,120,22.3542,30.0378,18.0228,2.9683,120,21.4296,29.6759,17.2197,3.222,120,13.5683,14.7535,12.786,0.3218,120,120,0,21.9377,31.1289,18.0059,3.5235,120,77.95,79.21,76.66,0.68,120,3.449,3.4526,3.4458,0.0018,0.5437,0.5445,0.543,0.0004,0.9312,0.933,0.9287,0.001,-0.0001,-0.0001,-0.0001,0,0.0003,0.0004,0.0002,0,0.0002,0.0002,0.0001,0,0.0219,0.0311,0.018,0.0035,68.8333,164,6,38.1772,0,0,0,0,579.4,847,331,91.8558,32,41.75,47,41,23.65,23.68,23.63
2022-11-18 05:50:00,0.966,2.0592,0,0.4774,120,191.5407,43.8041,120,93.2363,93.6003,92.8983,0.1706,120,24.2753,24.3107,24.2314,0.02,120,1007.0838,1007.3183,1006.9338,0.0929,120,53.2212,78.0984,30.278,13.8636,120,53.4044,79.1357,30.042,14.1787,120,14.8101,24.096,13.2775,2.5772,120,120,0.1,53.504,77.517,31.4341,13.1999,120,75.59,76.66,74.36,0.69,120,3.4514,3.4553,3.4489,0.0015,0.5427,0.5431,0.5423,0.0002,0.9324,0.936,0.929,0.0017,-0.0001,-0.0001,-0.0001,0,0.0007,0.001,0.0004,0.0002,0.0004,0.0007,0.0003,0.0001,0.0535,0.0775,0.0314,0.0132,82.3667,201,0,51.5436,0.0083,1,0,0.0913,514.3,832,2,145.6945,32,41.8667,47,39,23.66,23.68,23.63
2022-11-18 06:00:00,0.5163,1.4428,0,0.329,120,228.6895,62.6334,120,93.3325,93.5392,93.0815,0.133,120,24.3074,24.4267,24.265,0.0437,120,1007.1067,1007.3366,1006.9521,0.0821,120,105.2208,141.7787,78.3386,15.4671,120,110.8234,193.0768,79.5018,22.3796,120,32.5667,259.1573,13.7689,45.212,120,120,0,103.2645,149.2355,77.8222,16.5349,120,73.23,74.36,72.06,0.69,120,3.4518,3.4556,3.4492,0.0014,0.5431,0.5443,0.5426,0.0004,0.9333,0.9354,0.9308,0.0013,-0.0002,-0.0001,-0.0016,0.0003,0.0013,0.0018,0.001,0.0002,0.0009,0.0016,0.0007,0.0002,0.1033,0.1492,0.0778,0.0165,35.0083,134,0,33.4849,0,0,0,0,611.8083,1019,28,195.7565,32,41.65,47,39,23.65,23.68,23.63
2022-11-18 06:10:00,0.9918,3.1632,0.2284,0.7556,120,158.2201,60.5223,120,93.1061,93.5087,92.4711,0.2998,120,24.566,24.6464,24.4298,0.0647,120,1007.2639,1007.355,1007.1169,0.0893,120,133.6767,165.0882,111.9811,17.7857,120,146.6574,276.2425,108.0792,36.0871,120,60.1338,417.5024,13.7689,79.6504,120,120,0,134.0729,210.2725,101.3214,28.1002,120,70.87,72.06,69.76,0.69,120,3.4544,3.4559,3.4519,0.0015,0.5457,0.5465,0.5443,0.0006,0.9311,0.9351,0.9247,0.003,-0.0004,-0.0001,-0.0026,0.0005,0.0017,0.0021,0.0014,0.0002,0.0012,0.0023,0.0009,0.0003,0.1341,0.2103,0.1013,0.0281,84.975,321,2,82.1268,0,0,0,0,440.3417,789,28,168.3476,32,41.3667,47,39,23.64,23.68,23.63
2022-11-18 06:20:00,1.4532,3.338,0,0.7071,120,106.7903,48.7899,120,92.7366,93.6308,92.0438,0.4452,120,24.9108,25.1805,24.5793,0.1793,120,1007.3583,1007.5014,1007.1352,0.072,120,192.5209,210.9866,136.4921,18.7523,120,220.7494,359.0408,186.1152,52.3353,120,110.1867,495.1998,13.7689,177.8004,120,120,0,194.7666,275.5821,171.2088,26.9332,120,68.51,69.76,67.46,0.68,120,3.456,3.4584,3.4523,0.0012,0.5491,0.5518,0.5458,0.0018,0.9274,0.9363,0.9204,0.0045,-0.0007,-0.0001,-0.0031,0.0011,0.0024,0.0027,0.0017,0.0002,0.0018,0.003,0.0015,0.0004,0.1948,0.2756,0.1712,0.0269,135.325,340,0,76.4886,0,0,0,0,322.225,895,24,152.9761,32,41.6833,47,39,23.65,23.68,23.63
2022-11-18 06:30:00,1.2284,4.5708,0.3296,0.775,120,101.4853,53.6424,120,92.0403,92.5932,90.8841,0.4463,120,25.3613,25.4826,25.1866,0.0848,120,1007.4694,1007.6846,1007.3,0.109,120,143.0365,211.9472,92.5165,39.2883,120,135.9502,202.9688,84.6315,40.2922,120,16.3795,46.7177,13.2775,7.3365,120,120,0,135.5073,198.0651,85.757,37.7488,120,66.15,67.2,64.9,0.68,120,3.4578,3.4614,3.455,0.0018,0.5536,0.5548,0.5519,0.0008,0.9204,0.9259,0.9088,0.0045,-0.0001,-0.0001,-0.0003,0,0.0018,0.0027,0.0012,0.0005,0.0011,0.0017,0.0007,0.0003,0.1355,0.1981,0.0858,0.0377,110.6917,474,13,84.2345,0,0,0,0,305.6167,734,12,155.561,32,41.4167,47,39,23.65,23.68,23.63
2022-11-18 06:40:00,1.5017,3.4668,0.3204,0.7046,120,107.0531,49.7471,120,91.6272,92.1049,91.2809,0.2209,120,25.4318,25.4887,25.3362,0.0435,120,1007.6258,1007.7029,1007.4831,0.0795,120,88.3655,96.6016,78.0984,5.6609,120,80.4973,87.928,71.0756,4.9604,120,13.7444,14.2604,13.2775,0.1668,120,120,0,80.7342,86.9778,71.7185,4.7088,120,63.79,64.9,62.6,0.69,120,3.4604,3.4617,3.4581,0.0013,0.5543,0.5549,0.5534,0.0004,0.9163,0.921,0.9128,0.0022,-0.0001,-0.0001,-0.0001,0,0.0011,0.0012,0.001,0.0001,0.0007,0.0007,0.0006,0,0.0807,0.087,0.0717,0.0047,140.4,354,12,76.5884,0,0,0,0,335.2833,1016,13,172.7749,32,41.8167,47,39,23.64,23.68,23.63
2022-11-18 06:50:00,1.3266,2.5836,0.5412,0.4392,120,97.3278,49.9307,120,91.7913,92.1049,91.4945,0.1237,120,25.3918,25.4796,25.327,0.0458,120,1007.6777,1007.8677,1007.6662,0.0299,120,113.7616,154.0346,96.6016,16.5662,120,106.024,147.2797,88.2953,16.7087,120,13.859,14.2604,13.2775,0.2112,120,120,0,104.3733,144.0474,87.2829,16.2307,120,61.43,62.6,60.3,0.69,120,3.4613,3.4645,3.4611,0.0005,0.5539,0.5548,0.5533,0.0005,0.9179,0.921,0.9149,0.0012,-0.0001,-0.0001,-0.0001,0,0.0014,0.002,0.0012,0.0002,0.0009,0.0012,0.0007,0.0001,0.1044,0.144,0.0873,0.0162,121.375,258,36,47.7444,0,0,0,0,305.45,955,40,167.562,32,41.75,47,39,23.64,23.68,23.63
2022-11-18 07:00:00,1.6069,4.1568,0.5504,0.7549,120,83.8711,40.248,120,91.6084,92.0743,91.0672,0.226,120,25.5469,25.6383,25.4887,0.035,120,1007.7197,1007.886,1007.6479,0.0827,120,150.1154,175.6614,127.6008,15.6596,120,141.1954,166.6975,119.4358,14.9589,120,13.9573,14.2604,13.7689,0.2399,120,120,0,138.3328,167.2414,115.0548,16.0054,120,59.07,60.3,58,0.69,120,3.462,3.4648,3.4608,0.0014,0.5555,0.5564,0.5549,0.0003,0.9161,0.9207,0.9107,0.0023,-0.0001,-0.0001,-0.0001,0,0.0019,0.0022,0.0016,0.0002,0.0012,0.0014,0.001,0.0001,0.1383,0.1672,0.1151,0.016,151.8333,429,37,82.0559,0,0,0,0,271.125,1017,49,160.5111,32,41.6,47,39,23.65,23.68,23.63
2022-11-18 07:10:00,1.8106,3.8164,0.4032,0.6547,120,79.867,35.8663,120,91.1517,91.586,90.701,0.1883,120,25.677,25.7878,25.623,0.0442,120,1007.8025,1007.886,1007.6662,0.0929,120,201.0236,236.2181,168.6929,21.1209,120,193.1282,232.2773,159.7371,22.6136,120,14.2442,14.7535,13.7689,0.2547,120,120,0,192.5311,226.7525,162.3585,20.3913,120,56.71,58,55.45,0.68,120,3.4634,3.4648,3.4611,0.0015,0.5568,0.5579,0.5562,0.0004,0.9115,0.9159,0.907,0.0019,-0.0001,-0.0001,-0.0001,0,0.0026,0.003,0.0021,0.0003,0.0016,0.0019,0.0013,0.0002,0.1925,0.2268,0.1624,0.0204,173.9833,392,21,71.1657,0,0,0,0,244.2667,869,13,126.046,32,41.5667,47,39,23.65,23.68,23.63
2022-11-18 07:20:00,1.3674,3.2552,0.256,0.704,120,88.0071,60.3326,120,90.8066,91.4335,90.1212,0.3291,120,25.9663,26.1632,25.7848,0.1061,120,1007.8661,1008.0508,1007.6846,0.0448,120,264.5038,301.3402,237.1795,12.4551,120,263.6755,302.2545,233.0108,13.4347,120,14.6793,15.2449,14.2604,0.2971,120,120,0,250.0712,282.9066,227.3629,11.2831,120,54.36,55.45,53.16,0.69,120,3.4644,3.4675,3.4614,0.0007,0.5597,0.5616,0.5578,0.0011,0.9081,0.9143,0.9012,0.0033,-0.0001,-0.0001,-0.0001,0,0.0034,0.0038,0.003,0.0002,0.0022,0.0025,0.0019,0.0001,0.2501,0.2829,0.2274,0.0113,125.8,331,5,76.526,0,0,0,0,335.3167,1015,14,228.841,32,41.6333,47,39,23.65,23.68,23.63
2022-11-18 07:30:00,1.6091,4.488,0.3572,0.8611,120,89.4859,41.6013,120,89.7084,90.4263,88.5952,0.4908,120,26.29,26.3616,26.1632,0.0631,120,1007.9885,1008.0691,1007.8494,0.0915,120,286.1311,316.4795,261.2094,19.6689,120,288.1184,318.0084,263.0528,19.6825,120,15.1218,17.7038,14.2604,0.8814,120,120,0,268.7409,298.471,244.4533,19.2118,120,52.01,53.16,50.87,0.69,120,3.4665,3.4678,3.4642,0.0015,0.5629,0.5636,0.5616,0.0006,0.8971,0.9043,0.886,0.0049,-0.0001,-0.0001,-0.0001,0,0.0036,0.004,0.0033,0.0003,0.0024,0.0026,0.0022,0.0002,0.2687,0.2985,0.2445,0.0192,152.075,465,16,93.5965,0,0,0,0,287.625,954,1,154.4983,32.5,41.7,47,39,23.65,23.68,23.63
2022-11-18 07:40:00,1.9476,3.9176,0.5412,0.7017,120,94.4875,37.6195,120,88.8249,89.4498,88.1375,0.3417,120,26.4244,26.4959,26.3158,0.0602,120,1007.9919,1008.0691,1007.8494,0.0906,120,309.4865,332.8197,280.9142,16.3614,120,312.1736,335.2269,283.569,16.2775,120,14.7655,15.2449,14.2604,0.2815,120,120,0,295.1979,315.8666,266.4266,16.0092,120,49.67,50.87,48.58,0.68,120,3.4665,3.4678,3.4642,0.0015,0.5642,0.565,0.5632,0.0006,0.8882,0.8945,0.8814,0.0034,-0.0001,-0.0001,-0.0001,0,0.0039,0.0042,0.0036,0.0002,0.0026,0.0028,0.0024,0.0001,0.2952,0.3159,0.2664,0.016,188.8667,403,36,76.2696,0,0,0,0,282.1417,1004,44,128.632,33,41.65,47,39,23.65,23.68,23.63
2022-11-18 07:50:00,2.1155,4.4604,0.67,0.7762,120,96.8735,32.6438,120,87.8788,88.4426,87.0693,0.3604,120,26.5789,26.7095,26.4837,0.0676,120,1008.0447,1008.0874,1007.8677,0.051,120,327.7616,375.3535,293.6504,18.1334,120,331.3164,378.8247,296.0264,18.225,120,15.9699,22.1286,14.2604,1.5404,120,120,0,319.4398,364.0858,288.3999,16.6302,120,47.33,48.58,46.05,0.68,120,3.4674,3.4681,3.4645,0.0008,0.5658,0.5671,0.5648,0.0007,0.8788,0.8844,0.8707,0.0036,-0.0001,-0.0001,-0.0001,0,0.0042,0.0048,0.0037,0.0002,0.0028,0.0032,0.0025,0.0002,0.3194,0.3641,0.2884,0.0166,207.125,462,50,84.3651,0,0,0,0,277.5583,602,33,94.9531,33,41.5333,47,39,23.65,23.68,23.63
2022-11-18 08:00:00,2.2095,4.442,0.6056,0.6928,120,82.9045,33.3318,120,86.2623,87.1303,85.2382,0.455,120,26.728,26.7888,26.6729,0.0385,120,1008.1039,1008.2705,1008.0508,0.076,120,353.2277,415.7244,294.1315,42.6944,120,356.0279,418.3926,296.0264,42.8498,120,14.7816,16.2278,13.7689,0.5035,120,120,0,341.2249,401.0132,287.1792,40.4429,120,44.99,46.05,43.78,0.68,120,3.4684,3.4712,3.4675,0.0013,0.5673,0.5679,0.5667,0.0004,0.8626,0.8713,0.8524,0.0046,-0.0001,-0.0001,-0.0001,0,0.0045,0.0053,0.0037,0.0005,0.003,0.0035,0.0025,0.0004,0.3412,0.401,0.2872,0.0404,217.3333,460,43,75.3031,0,0,0,0,246.1167,982,38,115.5008,33,41.7333,47,39,23.65,23.68,23.63
2022-11-18 08:10:00,2.0509,4.5064,0.5872,0.7684,120,79.8619,38.0185,120,84.8448,85.7875,83.9259,0.5074,120,26.8211,26.8651,26.7644,0.0261,120,1008.2366,1008.4353,1008.0508,0.1055,120,292.9556,344.8354,260.0079,27.7805,120,296.8594,351.7143,264.1513,28.9765,120,14.9698,17.7038,13.7689,1.0703,120,120,0,287.6954,336.0088,257.8814,25.6693,120,42.67,43.78,41.52,0.68,120,3.4706,3.4739,3.4675,0.0018,0.5682,0.5686,0.5676,0.0003,0.8484,0.8579,0.8393,0.0051,-0.0001,-0.0001,-0.0001,0,0.0037,0.0044,0.0033,0.0004,0.0025,0.0029,0.0022,0.0002,0.2877,0.336,0.2579,0.0257,200.1,467,41,83.5249,0,0,0,0,240.9333,773,45,119.3595,33,41.6833,47,41,23.65,23.68,23.63
2022-11-18 08:20:00,2.3399,4.3224,0.3848,0.9419,120,89.8068,40.511,120,83.345,84.2616,82.1863,0.5113,120,26.9654,27.1001,26.8529,0.0696,120,1008.318,1008.4536,1008.0691,0.0939,120,334.1757,420.0504,284.2787,41.116,120,422.362,1088.4814,289.431,203.5498,120,115.2927,834.0219,14.2604,214.9054,120,120,0,394.6476,993.0723,269.7836,185.37,120,40.36,41.52,39.27,0.68,120,3.472,3.4742,3.4678,0.0016,0.5696,0.571,0.5685,0.0007,0.8335,0.8426,0.8219,0.0051,-0.0007,-0.0001,-0.0052,0.0013,0.0042,0.0053,0.0036,0.0005,0.0035,0.0091,0.0024,0.0017,0.3946,0.9931,0.2698,0.1854,231.5083,447,19,102.3752,0,0,0,0,283.65,1003,7,153.2546,33,41.6833,47,39,23.65,23.68,23.63
2022-11-18 08:30:00,2.3906,4.5248,0.532,0.876,120,88.1209,41.394,120,82.0826,83.0409,80.9961,0.5095,120,27.3435,27.6708,27.0788,0.185,120,1008.4211,1008.655,1008.2339,0.0912,120,397.9081,529.3882,209.3039,91.1718,120,826.0423,1208.2833,219.8211,315.0808,120,510.6212,864.0187,14.7535,377.422,120,120,0,752.4542,1099.8871,191.6562,283.8344,120,38.06,39.27,37.03,0.67,120,3.4737,3.4776,3.4706,0.0015,0.5734,0.5767,0.5708,0.0019,0.8208,0.8304,0.81,0.0051,-0.0032,-0.0001,-0.0054,0.0023,0.0051,0.0067,0.0027,0.0012,0.0069,0.0101,0.0018,0.0026,0.7525,1.0999,0.1917,0.2838,237.025,469,35,95.2141,0,0,0,0,273.6667,999,66,145.013,33,41.7833,47,39,23.65,23.68,23.63
2022-11-18 08:40:00,2.4395,5.27,0.4124,1.1123,120,89.1706,34.8493,120,79.7177,81.4234,78.8293,0.7434,120,27.6283,27.8234,27.4816,0.1226,120,1008.5098,1008.655,1008.2339,0.0951,120,320.2721,519.2953,170.3748,127.5867,120,403.2467,1252.9808,178.0552,261.1337,120,98.7081,857.6265,13.7689,190.7439,120,120,0,367.5319,1152.3789,156.2548,246.5086,120,35.76,36.78,34.56,0.66,120,3.4752,3.4776,3.4706,0.0016,0.5763,0.5782,0.5748,0.0012,0.7972,0.8142,0.7883,0.0074,-0.0006,-0.0001,-0.0053,0.0012,0.0041,0.0066,0.0022,0.0016,0.0034,0.0104,0.0015,0.0022,0.3675,1.1524,0.1563,0.2465,242.3417,550,22,120.9048,0,0,0,0,265.675,939,26,117.3788,33,41.5833,47,39,23.65,23.68,23.63
2022-11-18 08:50:00,2.545,4.9388,0.7436,0.9958,120,74.2515,43.3427,120,78.7543,79.5007,77.5781,0.4769,120,27.6508,27.8967,27.4663,0.1401,120,1008.5351,1008.655,1008.417,0.098,120,428.9293,511.3654,365.7417,41.5479,120,803.2267,1272.0324,386.1525,315.9283,120,416.7773,877.7876,19.1782,347.1961,120,120,0,724.7612,1162.7552,339.9762,287.2649,120,33.49,34.56,32.36,0.66,120,3.4756,3.4776,3.4736,0.0016,0.5765,0.579,0.5747,0.0014,0.7875,0.795,0.7758,0.0048,-0.0026,-0.0001,-0.0054,0.0022,0.0054,0.0065,0.0046,0.0005,0.0067,0.0106,0.0032,0.0026,0.7248,1.1628,0.34,0.2873,253.8,514,58,108.2413,0,0,0,0,257.7,990,10,182.5069,33,41.5667,47,39,23.65,23.68,23.63
2022-11-18 09:00:00,3.5181,6.282,1.1484,1.0215,120,76.5378,32.4783,120,77.0175,77.9443,75.6249,0.6296,120,27.9268,28.0004,27.8387,0.034,120,1008.5716,1008.655,1008.417,0.0896,120,307.2497,368.1449,280.674,19.6673,120,946.3974,1126.5834,315.443,276.8227,120,705.2222,897.4589,16.2278,314.2795,120,120,0,847.4812,1021.7597,270.394,253.7881,120,31.25,32.36,30.18,0.65,120,3.4762,3.4776,3.4736,0.0015,0.5793,0.58,0.5784,0.0003,0.7702,0.7794,0.7562,0.0063,-0.0044,-0.0001,-0.0056,0.0019,0.0039,0.0047,0.0036,0.0003,0.0079,0.0094,0.0026,0.0023,0.8475,1.0218,0.2704,0.2538,359.575,660,102,111.0357,0,0,0,0,236.3417,948,19,126.8587,33.5,41.6833,47,39,23.66,23.68,23.63
2022-11-18 09:10:00,2.7452,5.2792,0.4676,1.1704,120,92.0745,48.5,120,75.9095,77.1508,74.9535,0.5605,120,27.9113,28.1256,27.7319,0.116,120,1008.4149,1008.6367,1008.2522,0.0853,120,268.2044,369.8268,203.0559,53.7278,120,1030.3478,1220.3745,575.1993,127.5183,120,820.5476,928.4386,249.8131,161.6002,120,120,0,922.6127,1065.7063,518.8147,111.1961,120,29.03,30.18,28.03,0.64,120,3.4736,3.4773,3.4709,0.0014,0.5791,0.5813,0.5773,0.0012,0.7591,0.7715,0.7495,0.0056,-0.0051,-0.0015,-0.0058,0.001,0.0034,0.0047,0.0026,0.0007,0.0086,0.0102,0.0048,0.0011,0.9226,1.0657,0.5188,0.1112,275.5667,551,28,127.2227,0,0,0,0,300.025,939,22,168.7673,34,41.4167,47,39,23.66,23.68,23.63
2022-11-18 09:20:00,3.0319,6.558,0.716,1.0919,120,79.4003,34.9855,120,74.2078,76.1437,72.8782,0.8352,120,28.2235,28.3087,28.0065,0.09,120,1008.3433,1008.4719,1008.2522,0.0871,120,324.954,420.2906,258.0858,43.5923,120,776.3199,1185.9352,296.3926,357.6106,120,472.6411,897.4589,14.7535,384.6479,120,120,0,691.4223,1059.9078,257.8814,324.7522,120,26.84,28.03,25.68,0.63,120,3.4724,3.4745,3.4709,0.0015,0.5822,0.5831,0.5801,0.0009,0.7421,0.7614,0.7288,0.0084,-0.0029,-0.0001,-0.0056,0.0024,0.0041,0.0053,0.0033,0.0006,0.0065,0.0099,0.0025,0.003,0.6914,1.0599,0.2579,0.3248,306.7333,690,55,118.6813,0,0,0,0,256.2833,1013,54,150.8032,34,41.5,47,39,23.66,23.68,23.63
2022-11-18 09:30:00,3.1896,6.4292,0.8724,1.1314,120,91.8285,28.6141,120,73.3362,74.0989,72.4509,0.3547,120,27.9341,28.0554,27.8448,0.0697,120,1008.3538,1008.4719,1008.2522,0.0876,120,389.0569,493.3425,261.2094,60.7757,120,742.62,1347.1381,323.1369,390.2922,120,362.3889,907.786,14.7535,379.9579,120,120,0,667.8925,1228.9804,274.3614,364.2345,120,24.7,25.68,23.62,0.62,120,3.4726,3.4745,3.4709,0.0015,0.5793,0.5806,0.5785,0.0007,0.7334,0.741,0.7245,0.0035,-0.0022,-0.0001,-0.0056,0.0024,0.0049,0.0063,0.0033,0.0008,0.0062,0.0112,0.0027,0.0033,0.6679,1.229,0.2744,0.3642,323.8667,676,72,122.9767,0,0,0,0,265.7667,668,100,85.9711,34,41.85,47,41,23.65,23.68,23.63
2022-11-18 09:40:00,3.1202,5.868,0.7528,1.0213,120,86.9876,30.5611,120,73.1951,73.6412,72.573,0.2656,120,27.867,27.9333,27.8143,0.0344,120,1008.3087,1008.4719,1008.0874,0.0732,120,391.2777,494.3039,312.1535,57.1801,120,557.2895,1359.2281,327.1669,302.9767,120,165.7594,897.4589,14.7535,270.5148,120,120,0,502.4288,1235.6944,292.0621,272.8059,120,22.62,23.62,21.62,0.6,120,3.4718,3.4745,3.4681,0.0012,0.5787,0.5793,0.5781,0.0003,0.732,0.7364,0.7257,0.0027,-0.001,-0.0001,-0.0056,0.0017,0.005,0.0063,0.004,0.0007,0.0046,0.0113,0.0027,0.0025,0.5024,1.2357,0.2921,0.2728,316.325,615,59,111.0059,0,0,0,0,258.4833,979,65,112.2902,34,41.8833,49,39,23.65,23.68,23.63
2022-11-18 09:50:00,3.2348,6.5488,0.7436,1.1807,120,88.552,34.9353,120,73.1175,73.6106,72.2373,0.2882,120,27.9449,28.0248,27.8845,0.045,120,1008.3471,1008.4902,1008.1057,0.0875,120,344.6269,480.3661,260.7291,49.7194,120,666.9284,1309.0348,291.6291,353.1454,120,322.6384,924.0139,14.7535,362.7323,120,120,0,601.7411,1197.2411,250.8622,328.0377,120,20.61,21.62,19.71,0.57,120,3.4725,3.4748,3.4684,0.0015,0.5795,0.5803,0.5788,0.0004,0.7312,0.7361,0.7224,0.0029,-0.002,-0.0001,-0.0057,0.0023,0.0044,0.0061,0.0033,0.0006,0.0056,0.0109,0.0024,0.0029,0.6017,1.1972,0.2509,0.328,328.7833,689,58,128.3394,0,0,0,0,265.0833,961,28,119.9659,34.6,41.6333,47,39,23.65,23.68,23.63
2022-11-18 10:00:00,3.4914,6.4384,0.7068,1.1236,120,83.812,30.587,120,72.4314,73.0613,71.7185,0.3517,120,27.9872,28.0706,27.9058,0.0433,120,1008.2841,1008.4902,1008.0874,0.0791,120,348.1793,424.6157,260.7291,41.5256,120,908.2493,1316.7287,341.8223,360.9122,120,552.6051,939.2588,15.7364,364.1313,120,120,0,821.9194,1190.2219,301.8281,333.2289,120,18.7,19.71,17.7,0.54,120,3.4714,3.4748,3.4681,0.0013,0.5799,0.5807,0.5791,0.0004,0.7243,0.7306,0.7172,0.0035,-0.0034,-0.0001,-0.0058,0.0023,0.0044,0.0054,0.0033,0.0005,0.0076,0.011,0.0028,0.003,0.8219,1.1902,0.3018,0.3332,356.675,677,54,122.1354,0,0,0,0,249.925,953,78,108.2666,35,41.75,47,39,23.66,23.68,23.63
2022-11-18 10:10:00,3.3427,6.052,0.8632,1.0948,120,88.5097,33.9565,120,71.9838,72.6951,71.2302,0.3644,120,28.1262,28.2751,27.9577,0.0849,120,1008.3041,1008.4902,1008.1057,0.063,120,319.9297,412.1197,225.6449,62.11,120,1027.8534,1309.0348,395.6783,268.5738,120,693.1412,914.1782,19.1782,300.1403,120,120,0,926.5674,1189.3063,335.7036,245.5984,120,16.92,17.7,16.06,0.49,120,3.4717,3.4748,3.4684,0.0011,0.5813,0.5827,0.5796,0.0008,0.7198,0.727,0.7123,0.0036,-0.0043,-0.0001,-0.0057,0.0019,0.0041,0.0052,0.0029,0.0008,0.0086,0.0109,0.0033,0.0022,0.9266,1.1893,0.3357,0.2456,340.5083,635,71,119.0011,0,0,0,0,274.95,996,19,137.7245,35,41.5833,47,39,23.66,23.68,23.63
2022-11-18 10:20:00,3.3447,6.0888,0.9184,1.068,120,69.2205,28.4384,120,71.1117,71.8711,69.7348,0.5096,120,28.4579,28.6413,28.2782,0.1176,120,1008.2165,1008.3254,1008.1057,0.0936,120,217.9991,273.7055,171.5764,32.7654,120,1160.8147,1232.4646,1111.1957,35.8734,120,915.8831,927.4557,895,6.3621,120,120,0,1043.8093,1109.0426,999.7864,32.1224,120,15.33,16.06,14.61,0.44,120,3.4703,3.4721,3.4684,0.0016,0.5846,0.5864,0.5828,0.0012,0.7111,0.7187,0.6973,0.0051,-0.0057,-0.0056,-0.0058,0,0.0028,0.0035,0.0022,0.0004,0.0097,0.0103,0.0093,0.0003,1.0438,1.109,0.9998,0.0321,340.725,639,77,116.087,0,0,0,0,222.5333,1005,50,146.1885,35,41.4667,47,39,23.65,23.68,23.63
2022-11-18 10:30:00,2.6699,6.1256,0.6792,1.2381,120,81.2575,49.9678,120,70.4494,71.4438,69.0024,0.5331,120,28.5906,28.7115,28.5131,0.0547,120,1008.1387,1008.3254,1008.1057,0.0507,120,269.1296,385.2063,212.4283,44.1228,120,917.6375,1325.1549,256.8247,390.427,120,625.7171,944.175,15.7364,383.7062,120,120,0,825.3858,1192.3582,214.5451,360.997,120,13.97,14.61,13.42,0.35,120,3.469,3.4721,3.4684,0.0008,0.5859,0.5871,0.5851,0.0006,0.7045,0.7144,0.69,0.0053,-0.0039,-0.0001,-0.0059,0.0024,0.0034,0.0049,0.0027,0.0006,0.0076,0.011,0.0021,0.0033,0.8254,1.1924,0.2145,0.361,267.3833,643,51,134.5729,0,0,0,0,279.85,1018,20,191.0342,35.1,41.7,47,39,23.65,23.68,23.63
2022-11-18 10:40:00,2.9069,5.8772,0.8448,1.2387,120,83.3659,38.2011,120,69.9795,70.925,69.0634,0.4675,120,28.7064,28.797,28.5589,0.057,120,1008.108,1008.3071,1007.9226,0.0748,120,315.9807,426.0575,253.7598,48.2053,120,911.6016,1386.3385,293.0948,391.0339,120,566.4602,942.7006,16.2278,383.5252,120,120,0,817.0466,1266.5181,249.6414,358.4092,120,12.94,13.42,12.58,0.25,120,3.4685,3.4718,3.4654,0.0012,0.5871,0.588,0.5856,0.0006,0.6998,0.7093,0.6906,0.0047,-0.0035,-0.0001,-0.0059,0.0024,0.004,0.0054,0.0032,0.0006,0.0076,0.0115,0.0024,0.0033,0.817,1.2665,0.2496,0.3584,293.1417,616,69,134.6365,0,0,0,0,252.8417,994,9,131.0195,36,41.6,47,39,23.66,23.68,23.63
2022-11-18 10:50:00,3.4551,6.7604,1.0564,1.3931,120,58.4973,35.136,120,69.7157,70.4062,68.8192,0.3863,120,28.5439,28.5955,28.507,0.0215,120,1007.9661,1008.1423,1007.7395,0.1042,120,289.4192,389.5315,235.0165,49.3073,120,1211.3522,1344.2065,347.3169,143.0495,120,878.0832,925.4882,35.8991,139.5192,120,120,0,1093.7122,1229.5908,296.3347,142.4785,120,12.3,12.51,12.12,0.12,120,3.4661,3.469,3.4623,0.0017,0.5854,0.586,0.5851,0.0002,0.6972,0.7041,0.6882,0.0039,-0.0054,-0.0002,-0.0057,0.0009,0.0037,0.0049,0.003,0.0006,0.0101,0.0112,0.0029,0.0012,1.0937,1.2296,0.2963,0.1425,352.725,712,92,151.4201,0,0,0,0,213.7333,1018,6,183.8652,36,41.7167,47,39,23.65,23.68,23.63
2022-11-18 11:00:00,3.232,5.9324,0.7344,1.1516,120,87.8109,43.7762,120,69.4225,70.0705,68.6361,0.4083,120,28.4619,28.5986,28.3636,0.0812,120,1007.9548,1008.1606,1007.7578,0.0742,120,383.5479,497.4276,294.852,62.2334,120,714.8463,1425.5402,321.3049,383.8332,120,314.6309,931.3906,15.7364,359.4397,120,120,0,647.5392,1306.1922,275.277,356.9516,120,12.12,12.19,12.09,0.03,120,3.4659,3.4693,3.4626,0.0012,0.5846,0.586,0.5836,0.0008,0.6942,0.7007,0.6864,0.0041,-0.002,-0.0001,-0.0058,0.0022,0.0049,0.0063,0.0037,0.0008,0.006,0.0119,0.0027,0.0032,0.6475,1.3062,0.2753,0.357,328.4833,622,57,125.1737,0,0,0,0,289.0833,990,5,166.6191,36,41.5667,47,41,23.67,23.68,23.63
2022-11-18 11:10:00,3.0041,5.1596,0.7068,1.021,120,86.1479,42.004,120,69.2925,70.5588,68.2089,0.7442,120,28.6099,28.7695,28.3972,0.1094,120,1007.9267,1008.124,1007.7578,0.0575,120,231.3279,297.015,200.8937,21.8326,120,1184.5096,1246.0204,1110.8295,20.4245,120,913.117,920.5704,861.5598,6.6867,120,120,0,1075.9275,1137.4248,1029.3893,20.3709,120,12.42,12.71,12.19,0.16,120,3.4654,3.4687,3.4626,0.001,0.5861,0.5877,0.584,0.0011,0.6929,0.7056,0.6821,0.0074,-0.0057,-0.0053,-0.0057,0,0.0029,0.0038,0.0026,0.0003,0.0099,0.0104,0.0093,0.0002,1.0759,1.1374,1.0294,0.0204,303.7083,538,54,110.978,0,0,0,0,262.3333,916,10,137.3741,36,41.6333,47,39,23.68,23.68,23.63
2022-11-18 11:20:00,3.3825,5.8312,0.6976,1.1836,120,89.8515,31.6819,120,68.1745,69.0329,66.9271,0.4777,120,28.5774,28.6383,28.5192,0.0304,120,1007.8329,1007.9592,1007.7578,0.0836,120,214.4306,248.2331,198.0102,13.6869,120,1155.9359,1238.6927,669.7215,64.2103,120,903.3473,959.4199,409.6342,67.8621,120,120,0,1042.1664,1126.133,586.8709,66.3966,120,13.17,13.62,12.71,0.28,120,3.4639,3.466,3.4626,0.0014,0.5858,0.5864,0.5852,0.0003,0.6817,0.6903,0.6693,0.0048,-0.0056,-0.0025,-0.006,0.0004,0.0027,0.0032,0.0025,0.0002,0.0096,0.0103,0.0056,0.0005,1.0422,1.1261,0.5869,0.0664,344.8333,611,53,128.6534,0,0,0,0,274.125,1016,79,128.1159,36.5,41.5167,47,39,23.68,23.68,23.63
2022-11-18 11:30:00,3.0024,6.1256,0.624,1.2422,120,86.7998,48.2674,120,67.2702,68.3615,65.7979,0.6321,120,28.7535,28.9465,28.5345,0.1384,120,1007.6734,1007.7944,1007.4099,0.0999,120,182.6405,224.6835,168.9331,13.5364,120,1135.5108,1177.8752,1124.7515,13.4759,120,922.026,929.4231,916.6371,3.2753,120,120,0,1026.5333,1067.5375,1017.1819,12.6371,120,14.3,15.02,13.62,0.37,120,3.4612,3.4632,3.4568,0.0017,0.5875,0.5895,0.5854,0.0014,0.6727,0.6836,0.658,0.0063,-0.0057,-0.0057,-0.0058,0,0.0023,0.0029,0.0021,0.0002,0.0095,0.0098,0.0094,0.0001,1.0265,1.0675,1.0172,0.0126,303.5167,643,45,135.0229,0,0,0,0,290.7917,1014,8,178.1569,37,41.45,47,39,23.68,23.68,23.63
2022-11-18 11:40:00,2.776,5.1964,0.8816,1.0198,120,69.9549,50.1344,120,66.408,67.2628,65.3401,0.4381,120,28.8836,29.0106,28.7909,0.0527,120,1007.3695,1007.593,1007.2268,0.1032,120,174.3039,210.7457,153.0732,18.2835,120,1114.1516,1146.7335,1037.1897,18.4624,120,917.5797,926.9642,825.1708,12.4185,120,120,0,1008.9674,1042.5123,976.5923,16.5949,120,15.72,16.53,15.02,0.45,120,3.4562,3.4599,3.4538,0.0017,0.5888,0.5901,0.5879,0.0005,0.6641,0.6726,0.6534,0.0044,-0.0057,-0.0051,-0.0058,0.0001,0.0022,0.0027,0.0019,0.0002,0.0093,0.0096,0.0086,0.0002,1.009,1.0425,0.9766,0.0166,278.9083,542,73,110.8439,0,0,0,0,248.4083,981,3,187.5677,37,41.45,47,39,23.68,23.68,23.63
2022-11-18 11:50:00,2.8614,6.374,0.5412,1.2145,120,82.7282,41.3051,120,65.9698,67.2018,65.0349,0.5642,120,29.0198,29.2029,28.8733,0.1093,120,1007.2184,1007.4282,1007.0437,0.1002,120,175.2452,187.1961,162.4449,6.5784,120,1112.1579,1126.2173,1084.4514,6.3713,120,919.8089,926.9642,877.7876,5.7639,120,120,0,1002.7645,1020.8441,960.1123,6.7177,120,17.37,18.23,16.53,0.51,120,3.4536,3.4571,3.4507,0.0017,0.5902,0.592,0.5887,0.0011,0.6597,0.672,0.6503,0.0056,-0.0057,-0.0054,-0.0058,0,0.0022,0.0024,0.0021,0.0001,0.0093,0.0094,0.009,0.0001,1.0028,1.0208,0.9601,0.0067,288.2,670,36,132.0105,0,0,0,0,261.175,973,66,147.1282,37,41.8167,47,39,23.68,23.68,23.63
2022-11-18 12:00:00,3.2479,6.466,0.6056,1.3752,120,82.9133,42.8365,120,65.2542,65.981,64.5161,0.3559,120,28.8557,29.0106,28.7512,0.0668,120,1007.0779,1007.2634,1006.8789,0.0572,120,234.0513,390.0118,184.7929,60.6568,120,1097.6588,1270.9328,386.1525,173.7534,120,854.3027,928.9317,39.341,208.6362,120,120,0,988.6141,1180.1508,336.314,163.7585,120,19.18,20.06,18.23,0.55,120,3.4513,3.4544,3.448,0.001,0.5886,0.5901,0.5875,0.0007,0.6525,0.6598,0.6452,0.0036,-0.0053,-0.0002,-0.0058,0.0013,0.003,0.005,0.0023,0.0008,0.0091,0.0106,0.0032,0.0014,0.9886,1.1802,0.3363,0.1638,330.2083,680,43,149.4812,0,0,0,0,272.0083,1001,56,160.8329,37,41.7,47,39,23.68,23.68,23.63
2022-11-18 12:10:00,3.4648,5.3988,1.038,0.9469,120,97.2658,32.67,120,65.2595,66.4388,64.5772,0.4771,120,28.487,28.7847,28.2293,0.1797,120,1006.9605,1007.0803,1006.6774,0.1069,120,243.4092,337.626,199.452,39.228,120,993.03,1173.8451,318.7407,269.3446,120,752.7178,921.0635,44.2588,301.222,120,120,0,894.8256,1146.2752,266.1214,252.5524,120,21.12,22.21,20.06,0.58,120,3.4493,3.4513,3.4446,0.0018,0.5849,0.5878,0.5823,0.0018,0.6526,0.6644,0.6458,0.0048,-0.0047,-0.0003,-0.0057,0.0019,0.0031,0.0043,0.0025,0.0005,0.0083,0.0098,0.0027,0.0022,0.8948,1.1463,0.2661,0.2526,353.7833,564,90,102.9216,0,0,0,0,279.425,758,20,99.2887,37,41.5,47,39,23.68,23.68,23.68
2022-11-18 12:20:00,2.8867,5.3712,0.9092,1.1416,120,70.6483,44.4648,120,66.5858,67.3543,65.92,0.3768,120,28.5603,28.7664,28.2843,0.1676,120,1006.7795,1006.8972,1006.4943,0.1029,120,216.9798,317.2,195.126,26.618,120,1072.6511,1178.2413,428.2845,120.5616,120,873.7968,922.5379,108.1872,144.4963,120,120,0,972.3451,1069.9789,368.6636,108.5351,120,23.15,24.23,22.21,0.6,120,3.4463,3.4483,3.4416,0.0017,0.5856,0.5877,0.5828,0.0017,0.6659,0.6735,0.6592,0.0038,-0.0054,-0.0007,-0.0057,0.0009,0.0028,0.004,0.0025,0.0003,0.0089,0.0098,0.0036,0.001,0.9723,1.07,0.3687,0.1085,290.95,561,76,124.0902,0,0,0,0,246.7417,1021,13,181.7841,37.4,41.55,47,39,23.68,23.68,23.63
2022-11-18 12:30:00,3.0133,5.8956,0.8172,1.2292,120,93.6278,45.5587,120,66.3607,68.0563,65.4012,0.6003,120,28.6633,28.7573,28.5284,0.0727,120,1006.6283,1006.8789,1006.476,0.1064,120,278.9059,328.0142,238.3811,27.437,120,979.0256,1195.8271,252.4286,355.5906,120,726.671,916.1457,15.2449,353.696,120,120,0,884.2433,1083.1019,213.6296,327.6529,120,25.25,26.31,24.23,0.62,120,3.4438,3.448,3.4413,0.0018,0.5866,0.5876,0.5853,0.0007,0.6636,0.6806,0.654,0.006,-0.0045,-0.0001,-0.0057,0.0022,0.0035,0.0042,0.003,0.0003,0.0082,0.01,0.0021,0.003,0.8842,1.0831,0.2136,0.3277,304.7083,618,66,133.6037,0,0,0,0,309.3167,1017,24,175.5488,38,41.5167,47,39,23.68,23.68,23.63
2022-11-18 12:40:00,2.894,5.9232,0.6332,0.9719,120,95.5271,40.0929,120,66.5576,67.7206,65.6758,0.5546,120,28.811,29.0289,28.4887,0.1502,120,1006.4737,1006.531,1006.3112,0.0667,120,318.0813,382.322,279.7126,29.9062,120,570.665,1193.2629,295.2929,299.9962,120,265.0905,920.5704,14.7535,309.0676,120,120,0,506.737,1096.53,252.3881,279.0535,120,27.4,28.43,26.31,0.64,120,3.4412,3.4422,3.4385,0.0011,0.5881,0.5903,0.5849,0.0015,0.6656,0.6772,0.6568,0.0055,-0.0016,-0.0001,-0.0057,0.0019,0.004,0.0049,0.0036,0.0004,0.0048,0.0099,0.0025,0.0025,0.5067,1.0965,0.2524,0.2791,291.7417,621,46,105.6392,0,0,0,0,282.2333,910,33,125.0671,38,41.6833,47,39,23.68,23.68,23.63
2022-11-18 12:50:00,2.9481,5.362,0.946,1.1043,120,70.9983,35.3292,120,67.2404,68.6972,65.6148,0.7902,120,28.2255,28.4826,28.1042,0.0998,120,1006.3129,1006.5127,1006.1098,0.0534,120,296.6784,385.2063,243.1866,42.8632,120,784.4289,1183.3709,290.5306,350.657,120,529.4555,907.2929,14.2604,389.3254,120,120,0,711.4933,1093.173,249.3362,325.7853,120,29.59,30.58,28.43,0.64,120,3.4385,3.4419,3.4352,0.0009,0.5823,0.5848,0.581,0.001,0.6724,0.687,0.6561,0.0079,-0.0033,-0.0001,-0.0056,0.0024,0.0038,0.0049,0.0031,0.0005,0.0065,0.0099,0.0024,0.0029,0.7115,1.0932,0.2493,0.3258,297.625,560,80,120.0356,0,0,0,0,241.7167,1009,37,169.2596,38,41.4333,47,39,23.68,23.68,23.68
2022-11-18 13:00:00,2.7209,5.1596,1.1668,1.0287,120,91.238,47.9403,120,67.6201,68.6056,66.3778,0.5687,120,28.5354,28.9221,28.3422,0.1805,120,1006.2305,1006.5127,1005.945,0.1068,120,260.0541,320.8047,218.6756,30.4909,120,1033.4374,1120.3553,536.3637,98.4523,120,852.3726,908.2775,257.1898,122.2372,120,120,0,935.728,1013.2145,465.1021,91.1032,120,31.83,33.01,30.83,0.65,120,3.4372,3.4419,3.4324,0.0018,0.5854,0.5892,0.5834,0.0018,0.6762,0.6861,0.6638,0.0057,-0.0053,-0.0016,-0.0056,0.0008,0.0033,0.0041,0.0028,0.0004,0.0086,0.0093,0.0045,0.0008,0.9357,1.0132,0.4651,0.0911,272.925,538,104,111.8168,0,0,0,0,288.05,974,6,175.3674,38,41.6,47,39,23.68,23.68,23.63
2022-11-18 13:10:00,2.5032,5.6932,0.4676,1.1033,120,92.5744,52.1614,120,66.6326,67.9037,64.8824,0.794,120,28.8359,29.096,28.6505,0.155,120,1006.0604,1006.1464,1005.9267,0.0888,120,221.4134,315.5181,190.5606,32.4468,120,709.1127,1126.9496,208.8307,336.15,120,556.3997,924.0139,19.6697,391.6803,120,120,0,635.225,1032.7464,168.7674,311.3146,120,34.08,35.22,33.01,0.66,120,3.4343,3.4358,3.4321,0.0015,0.5884,0.591,0.5865,0.0015,0.6663,0.679,0.6488,0.0079,-0.0035,-0.0001,-0.0057,0.0024,0.0028,0.004,0.0024,0.0004,0.0059,0.0094,0.0017,0.0028,0.6352,1.0327,0.1688,0.3113,249.2583,596,28,119.9185,0,0,0,0,308.4833,1007,21,190.1014,38,41.7,47,39,23.68,23.68,23.68
2022-11-18 13:20:00,2.7436,5.454,1.1668,0.9165,120,81.4819,37.4088,120,65.8709,67.8732,65.0044,0.5499,120,28.8803,29.0747,28.681,0.1279,120,1005.9355,1006.1464,1005.7436,0.0724,120,220.4742,250.6362,192.2425,14.5321,120,750.0544,1000.9196,218.7227,290.3132,120,619.3079,902.8682,17.7038,338.7164,120,120,0,669.3574,901.2116,179.754,268.2197,120,36.35,37.45,35.22,0.67,120,3.4323,3.4358,3.4291,0.0012,0.5888,0.5907,0.5868,0.0013,0.6587,0.6787,0.65,0.0055,-0.0038,-0.0001,-0.0056,0.0021,0.0028,0.0032,0.0024,0.0002,0.0062,0.0083,0.0018,0.0024,0.6694,0.9012,0.1798,0.2682,275.3917,570,104,99.6231,0,0,0,0,243.8333,954,4,126.3083,38,41.55,47,39,23.68,23.68,23.68
2022-11-18 13:30:00,2.8705,4.8008,0.5872,0.9564,120,94.198,40.1914,120,65.4813,66.4388,64.5161,0.4366,120,28.7939,28.9373,28.5498,0.1418,120,1005.9131,1006.1281,1005.7436,0.0774,120,213.197,247.0315,154.7551,29.4301,120,611.3533,1000.1861,164.1333,354.2227,120,484.6851,897.9504,14.2604,395.3965,120,120,0,544.4858,895.4131,132.1452,325.7291,120,38.64,39.69,37.45,0.67,120,3.4319,3.4355,3.4291,0.0013,0.5879,0.5894,0.5855,0.0014,0.6548,0.6644,0.6452,0.0044,-0.003,-0.0001,-0.0056,0.0025,0.0027,0.0031,0.002,0.0004,0.0051,0.0083,0.0014,0.003,0.5445,0.8954,0.1321,0.3257,289.1833,499,41,103.9527,0,0,0,0,283.9167,1007,47,134.493,38,41.55,47,39,23.68,23.68,23.63
2022-11-18 13:40:00,2.8534,4.6628,0.3664,1.0008,120,68.2503,35.7193,120,65.7343,66.4388,64.8518,0.4544,120,28.4098,28.6169,28.2415,0.1297,120,1005.9412,1005.9633,1005.7436,0.0311,120,271.6809,346.9976,196.3276,51.6427,120,414.8362,1039.3878,203.7011,263.0827,120,182.5366,866.4776,14.2604,279.4667,120,120,0,368.5415,954.0086,171.8192,245.472,120,40.95,42.19,39.69,0.67,120,3.4324,3.4327,3.4291,0.0005,0.5841,0.5862,0.5824,0.0013,0.6573,0.6644,0.6485,0.0045,-0.0011,-0.0001,-0.0054,0.0017,0.0034,0.0044,0.0025,0.0007,0.0035,0.0087,0.0017,0.0022,0.3685,0.954,0.1718,0.2455,287.325,484,17,108.782,0,0,0,0,228.75,981,20,163.0047,38,41.6833,47,39,23.68,23.73,23.68
2022-11-18 13:50:00,2.4778,4.6628,0.6516,0.9602,120,92.9095,38.6277,120,67.0214,68.3309,66.1641,0.4756,120,28.131,28.2354,28.0187,0.0737,120,1005.9154,1005.9633,1005.7436,0.0704,120,238.9255,286.2008,216.7535,17.9798,120,481.6069,938.6363,222.7527,318.8405,120,323.0032,874.8373,14.2604,393.9415,120,120,0,425.8934,844.7523,186.1629,291.4215,120,43.27,44.46,42.19,0.68,120,3.4319,3.4327,3.4291,0.0012,0.5813,0.5824,0.5802,0.0007,0.6702,0.6833,0.6616,0.0048,-0.002,-0.0001,-0.0054,0.0024,0.003,0.0036,0.0028,0.0002,0.004,0.0078,0.0019,0.0027,0.4259,0.8448,0.1862,0.2914,246.5,484,48,104.3667,0,0,0,0,275.725,839,34,123.0343,38,41.4833,49,39,23.68,23.68,23.68
2022-11-18 14:00:00,2.2115,4.9664,0.5596,1.0985,120,106.8935,49.5191,120,68.3022,68.9413,67.5069,0.4298,120,28.4726,29.0747,28.0767,0.3147,120,1005.741,1005.7802,1005.5605,0.0511,120,236.8328,303.022,191.0409,31.1275,120,719.4961,950.7263,202.6014,240.4471,120,648.6289,869.428,18.6868,300.6072,120,120,0,642.4528,862.1479,169.3777,218.6991,120,45.59,46.73,44.46,0.68,120,3.429,3.4297,3.426,0.0009,0.5847,0.5907,0.5808,0.0032,0.683,0.6894,0.6751,0.0043,-0.004,-0.0001,-0.0054,0.0019,0.003,0.0038,0.0024,0.0004,0.006,0.0079,0.0017,0.002,0.6425,0.8621,0.1694,0.2187,217.55,517,38,119.4056,0,0,0,0,331.5917,971,43,158.7844,38,41.6167,47,39,23.68,23.73,23.68
2022-11-18 14:10:00,2.2338,4.3316,0.4032,0.8361,120,82.2543,43.4963,120,67.0466,67.9037,66.2557,0.2844,120,28.8443,29.096,28.5406,0.1843,120,1005.6462,1005.7802,1005.5605,0.0916,120,192.0404,226.6063,167.7315,19.9541,120,381.8966,853.6387,172.1933,287.017,120,267.0862,876.3132,13.7689,368.5822,120,120,0,330.5231,762.9627,140.3851,259.5524,120,47.92,49.01,46.73,0.68,120,3.4274,3.4297,3.426,0.0015,0.5884,0.591,0.5854,0.0018,0.6705,0.679,0.6626,0.0028,-0.0017,-0.0001,-0.0054,0.0023,0.0024,0.0029,0.0021,0.0003,0.0032,0.0071,0.0014,0.0024,0.3305,0.763,0.1404,0.2596,219.9833,448,21,90.884,0,0,0,0,271.0583,1017,8,165.4974,38.9,41.5333,47,39,23.68,23.68,23.68
2022-11-18 14:20:00,2.5351,4.7824,0.762,0.962,120,88.0655,38.2996,120,67.7849,68.6056,67.0186,0.3507,120,28.4566,28.5345,28.4033,0.0341,120,1005.6499,1005.7802,1005.5605,0.0922,120,199.0151,243.6677,140.0968,33.0316,120,500.4168,799.0504,146.9136,255.1248,120,444.6191,845.8234,14.7535,338.838,120,120,0,434.7489,703.1465,115.36,231.5281,120,50.26,51.55,49.01,0.68,120,3.4275,3.4297,3.426,0.0015,0.5846,0.5854,0.584,0.0003,0.6778,0.6861,0.6702,0.0035,-0.0028,-0.0001,-0.0052,0.0021,0.0025,0.0031,0.0018,0.0004,0.0042,0.0067,0.0012,0.0021,0.4347,0.7031,0.1154,0.2315,252.725,497,60,104.5609,0,0,0,0,290.7083,1015,5,170.6351,39,41.65,47,39,23.68,23.68,23.63
2022-11-18 14:30:00,2.3271,4.0556,0.67,0.8107,120,82.0597,38.1956,120,68.1366,68.7582,67.4764,0.3374,120,28.2955,28.4796,28.1927,0.087,120,1005.5791,1005.7619,1005.3774,0.0476,120,170.0145,216.2732,113.4228,32.8065,120,300.1719,761.6807,116.5054,200.6697,120,205.2926,831.0715,14.2604,265.8787,120,120,0,256.8209,667.745,94.3022,179.4036,120,52.61,53.83,51.55,0.68,120,3.4263,3.4294,3.423,0.0008,0.583,0.5848,0.5819,0.0009,0.6814,0.6876,0.6748,0.0034,-0.0013,-0.0001,-0.0052,0.0016,0.0022,0.0027,0.0014,0.0004,0.0025,0.0063,0.001,0.0017,0.2568,0.6677,0.0943,0.1794,230.125,418,50,88.1184,0,0,0,0,242.625,764,21,118.2499,39,41.6333,47,39,23.68,23.68,23.68
2022-11-18 14:40:00,2.2358,4.5064,0.5228,0.9359,120,90.1009,41.1751,120,68.8838,70.04,68.1173,0.4959,120,28.2736,28.5681,28.1042,0.1353,120,1005.5579,1005.5788,1005.3774,0.0478,120,151.0666,177.1031,116.0661,19.318,120,519.4192,651.4034,119.8031,197.2208,120,612.4807,813.3677,14.2604,300.7096,120,120,0,448.5076,563.6769,96.4385,173.307,120,54.96,56.13,53.83,0.69,120,3.426,3.4263,3.423,0.0008,0.5827,0.5857,0.581,0.0014,0.6888,0.7004,0.6812,0.005,-0.0038,-0.0001,-0.005,0.0019,0.0019,0.0022,0.0015,0.0002,0.0043,0.0054,0.001,0.0016,0.4485,0.5637,0.0964,0.1733,220.1917,467,34,101.723,0,0,0,0,292.3333,999,30,160.3816,39,41.7167,47,39,23.68,23.73,23.68
2022-11-18 14:50:00,2.3951,4.718,0.2284,0.9486,120,78.3127,38.4603,120,68.1059,68.8192,67.2628,0.4126,120,28.563,28.623,28.4429,0.0451,120,1005.5341,1005.5971,1005.3774,0.0738,120,135.8414,162.2047,103.5709,19.9126,120,349.8912,617.6975,107.3457,225.1944,120,373.9288,788.2888,14.2604,356.9653,120,120,0,296.6857,534.6843,83.6207,196.9262,120,57.31,58.42,56.13,0.69,120,3.4256,3.4266,3.423,0.0012,0.5856,0.5862,0.5844,0.0004,0.6811,0.6882,0.6726,0.0041,-0.0023,-0.0001,-0.0049,0.0022,0.0017,0.0021,0.0013,0.0003,0.0029,0.0051,0.0009,0.0019,0.2967,0.5347,0.0836,0.1969,237.5083,490,2,103.1059,0,0,0,0,270.3833,1010,56,181.4476,39,41.5,47,39,23.68,23.73,23.68
2022-11-18 15:00:00,2.2778,4.5892,0.4216,0.9157,120,85.7676,43.4521,120,67.951,68.4835,67.1712,0.3259,120,28.3098,28.4704,28.2354,0.0704,120,1005.5722,1005.7619,1005.3774,0.0488,120,115.7541,127.8409,108.3764,5.3784,120,429.6589,557.2473,115.0396,158.7428,120,591.5727,797.1399,17.7038,294.8925,120,120,0,358.8163,470.9006,90.0296,134.8986,120,59.67,60.72,58.42,0.68,120,3.4262,3.4294,3.423,0.0008,0.5831,0.5847,0.5824,0.0007,0.6795,0.6848,0.6717,0.0033,-0.0037,-0.0001,-0.0049,0.0018,0.0015,0.0016,0.0014,0.0001,0.0036,0.0046,0.001,0.0013,0.3588,0.4709,0.09,0.1349,224.7583,476,23,99.5318,0,0,0,0,268.125,950,17,152.7795,39,41.55,47,39,23.68,23.68,23.68
2022-11-18 15:10:00,2.4661,4.7088,0.4584,1.1055,120,85.2105,36.3633,120,67.6455,68.4225,66.5914,0.5422,120,28.6642,28.8824,28.4765,0.1329,120,1005.5797,1005.7619,1005.3774,0.0412,120,120.0355,126.6402,115.826,2.5282,120,423.7817,509.9856,140.3193,118.9609,120,613.7716,753.3742,55.0773,236.4688,120,120,0,351.4384,424.8177,115.6651,99.1339,120,62.03,63.27,60.97,0.68,120,3.4263,3.4294,3.423,0.0007,0.5866,0.5888,0.5848,0.0013,0.6765,0.6842,0.6659,0.0054,-0.0038,-0.0003,-0.0047,0.0015,0.0015,0.0016,0.0015,0,0.0035,0.0042,0.0012,0.001,0.3514,0.4248,0.1157,0.0991,245.2333,489,27,120.1579,0,0,0,0,259.7333,886,64,124.262,39,41.6167,47,39,23.68,23.73,23.68
2022-11-18 15:20:00,2.2057,4.8468,0.3572,1.1242,120,88.7955,46.6952,120,67.495,68.9413,65.92,0.9204,120,28.8587,29.1907,28.504,0.2554,120,1005.6168,1005.7619,1005.5605,0.0787,120,119.681,127.6008,113.9039,3.553,120,440.0698,459.7923,405.9364,13.0032,120,700.4521,718.4579,638.7931,15.8732,120,120,0,357.4811,378.4295,325.6325,13.7487,120,64.39,65.57,63.27,0.69,120,3.4269,3.4294,3.426,0.0013,0.5886,0.5919,0.585,0.0026,0.6749,0.6894,0.6592,0.0092,-0.0043,-0.004,-0.0045,0.0001,0.0015,0.0016,0.0014,0,0.0037,0.0038,0.0034,0.0001,0.3575,0.3784,0.3256,0.0137,216.925,504,16,122.1993,0,0,0,0,280.825,993,37,157.1233,39,41.7833,47,39,23.68,23.68,23.63
2022-11-18 15:30:00,2.2718,4.6904,0.6608,0.8279,120,82.605,39.6325,120,67.2015,67.9952,65.8895,0.5941,120,28.5852,28.9221,28.4918,0.119,120,1005.7378,1005.9633,1005.5422,0.0648,120,104.7823,126.8803,91.315,10.635,120,311.4011,396.4106,115.7719,84.3308,120,505.7078,688.9526,33.9317,220.7512,120,120,0,244.2498,312.2044,90.3348,65.2846,120,66.74,67.87,65.57,0.69,120,3.429,3.4327,3.4257,0.0011,0.5858,0.5892,0.5849,0.0012,0.672,0.68,0.6589,0.0059,-0.0031,-0.0002,-0.0043,0.0014,0.0013,0.0016,0.0012,0.0001,0.0026,0.0033,0.001,0.0007,0.2442,0.3122,0.0903,0.0653,224.1083,487,49,89.9839,0,0,0,0,260.8083,965,47,146.0088,39,41.4167,47,39,23.68,23.73,23.68
2022-11-18 15:40:00,2.295,4.258,0.716,0.8191,120,94.5232,36.1067,120,68.1519,68.6056,67.4459,0.253,120,28.4633,28.507,28.2965,0.0493,120,1005.7469,1005.945,1005.5605,0.0643,120,93.8664,97.3228,89.8732,1.7983,120,260.7262,346.9508,103.3157,86.8042,120,444.955,644.6955,38.3564,221.2661,120,120,0,200.6923,268.8681,83.0104,65.7544,120,69.1,70.17,67.87,0.69,120,3.4291,3.4324,3.426,0.0011,0.5846,0.5851,0.583,0.0005,0.6815,0.6861,0.6745,0.0025,-0.0028,-0.0002,-0.004,0.0014,0.0012,0.0012,0.0011,0,0.0022,0.0029,0.0009,0.0007,0.2007,0.2689,0.083,0.0658,226.6333,440,55,89.0307,0,0,0,0,275.3583,743,50,109.6859,39,41.7333,47,39,23.68,23.68,23.63
2022-11-18 15:50:00,2.5254,4.902,0.8724,0.8426,120,100.0591,31.9529,120,68.9268,69.5822,68.2699,0.3627,120,28.1102,28.2965,27.9119,0.1343,120,1005.8048,1005.9633,1005.7436,0.0785,120,93.2276,99.4858,85.0677,3.3672,120,250.2756,293.8271,127.8631,39.0998,120,471.0674,560.1128,108.1872,109.7964,120,120,0,185.817,220.3436,97.6592,28.5244,120,71.46,72.73,70.17,0.68,120,3.4301,3.4327,3.4291,0.0013,0.5811,0.583,0.5791,0.0013,0.6893,0.6958,0.6827,0.0036,-0.0029,-0.0007,-0.0035,0.0007,0.0012,0.0013,0.0011,0,0.0021,0.0024,0.0011,0.0003,0.1858,0.2203,0.0977,0.0285,251.675,510,72,91.5839,0,0,0,0,292.0583,706,47,97.8879,39,41.55,47,39,23.68,23.68,23.63
2022-11-18 16:00:00,1.9917,4.2304,0.3756,0.7488,120,103.487,40.8073,120,69.7971,70.1926,69.3686,0.2055,120,28.0603,28.2537,27.9089,0.1024,120,1005.896,1005.9633,1005.7436,0.0882,120,81.9694,86.0283,77.378,2.431,120,216.527,242.9028,122.3673,25.6884,120,456.9416,513.3951,143.5933,73.3975,120,120,0,154.2507,174.5659,93.3866,17.9975,120,73.82,75.03,72.73,0.69,120,3.4316,3.4327,3.4291,0.0015,0.5806,0.5825,0.5791,0.001,0.698,0.7019,0.6937,0.0021,-0.0028,-0.0009,-0.0032,0.0005,0.001,0.0011,0.001,0,0.0018,0.002,0.001,0.0002,0.1543,0.1746,0.0934,0.018,193.6667,437,18,81.3885,0,0,0,0,313.8083,1019,11,142.8802,39,41.7167,47,39,23.68,23.68,23.63
2022-11-18 16:10:00,2.0469,3.844,0.4952,0.9056,120,89.0096,46.1775,120,69.66,70.2536,68.9718,0.3342,120,28.1222,28.272,28.0126,0.0766,120,1005.9917,1006.1464,1005.945,0.0753,120,77.2434,80.5016,70.4087,2.8858,120,205.6947,215.425,190.8776,6.7311,120,507.642,540.4415,454.3845,24.4965,120,120,0,137.0281,145.8785,122.074,6.4021,120,76.18,77.33,75.03,0.69,120,3.4332,3.4358,3.4324,0.0013,0.5812,0.5827,0.5801,0.0008,0.6966,0.7025,0.6897,0.0033,-0.0032,-0.0028,-0.0034,0.0002,0.001,0.001,0.0009,0,0.0017,0.0018,0.0016,0.0001,0.137,0.1459,0.1221,0.0064,199.6667,395,31,98.4359,0,0,0,0,304.7333,994,43,180.1614,39,41.45,47,39,23.68,23.68,23.68
2022-11-18 16:20:00,1.8065,3.7428,0.7068,0.6965,120,85.2405,44.6214,120,69.2429,70.101,68.6666,0.3471,120,28.391,28.4551,28.2751,0.0415,120,1006.1165,1006.3112,1005.945,0.0677,120,64.181,70.8898,56.2307,4.6896,120,169.5341,190.5114,145.8151,13.1868,120,495.6226,510.9362,469.1379,12.1164,120,120,0,104.1317,121.7689,84.8415,11.0739,120,78.53,79.62,77.33,0.69,120,3.4353,3.4385,3.4324,0.0011,0.5839,0.5846,0.5827,0.0004,0.6924,0.701,0.6867,0.0035,-0.0031,-0.0029,-0.0032,0.0001,0.0008,0.0009,0.0007,0.0001,0.0014,0.0016,0.0012,0.0001,0.1041,0.1218,0.0848,0.0111,173.5333,384,54,75.7101,0,0,0,0,274.7333,1011,15,157.7193,39,41.5833,47,39,23.68,23.68,23.63
2022-11-18 16:30:00,1.922,4.6996,0.348,0.7915,120,98.26,36.0301,120,68.4502,68.9108,67.9342,0.2578,120,28.3059,28.4551,28.2293,0.0614,120,1006.0782,1006.3295,1005.945,0.0952,120,49.7908,56.7118,43.2543,4.0485,120,123.0876,145.4478,102.5834,12.7055,120,427.1124,469.1379,393.4064,22.8541,120,120,0,67.2704,84.5363,51.8815,9.7118,120,80.89,82.17,79.62,0.68,120,3.4346,3.4388,3.4324,0.0016,0.5831,0.5846,0.5823,0.0006,0.6845,0.6891,0.6793,0.0026,-0.0027,-0.0024,-0.0029,0.0001,0.0006,0.0007,0.0005,0.0001,0.001,0.0012,0.0009,0.0001,0.0673,0.0845,0.0519,0.0097,186.0917,488,15,86.0283,0,0,0,0,288.6583,751,48,110.6003,39,41.4667,47,39,23.68,23.68,23.68
2022-11-18 16:40:00,1.474,2.9608,0.5412,0.6053,120,95.6574,46.0338,120,68.2752,68.8192,67.8121,0.2901,120,28.2203,28.327,28.0645,0.0757,120,1006.165,1006.3295,1006.1281,0.061,120,37.229,43.4953,32.4409,3.0453,120,82.7993,102.2173,65.946,10.4476,120,348.3411,393.8978,305.8733,23.5477,120,120,0,39.8953,51.5763,30.5185,6.0505,120,83.24,84.46,82.17,0.68,120,3.4361,3.4388,3.4355,0.001,0.5822,0.5833,0.5806,0.0008,0.6828,0.6882,0.6781,0.0029,-0.0022,-0.0019,-0.0024,0.0001,0.0005,0.0006,0.0004,0,0.0007,0.0009,0.0005,0.0001,0.0399,0.0516,0.0305,0.0061,137.3917,299,36,65.7932,0,0,0,0,303.4917,985,3,164.3465,39,41.6833,47,39,23.68,23.68,23.63
2022-11-18 16:50:00,1.7865,3.3472,0.4124,0.6811,120,105.2718,32.1186,120,68.4174,69.0634,67.9342,0.2726,120,27.8319,28.0554,27.6586,0.116,120,1006.2499,1006.3295,1006.1281,0.089,120,26.7618,32.6811,21.1465,3.2495,120,48.8461,65.5798,34.072,8.9961,120,241.7688,303.9059,185.3932,32.6966,120,120,0,24.8294,30.5185,20.1422,2.8686,120,85.59,86.75,84.46,0.69,120,3.4375,3.4388,3.4355,0.0015,0.5783,0.5806,0.5766,0.0012,0.6842,0.6906,0.6793,0.0027,-0.0015,-0.0012,-0.0019,0.0002,0.0003,0.0004,0.0003,0,0.0004,0.0005,0.0003,0.0001,0.0248,0.0305,0.0201,0.0029,171.3583,341,22,74.0369,0,0,0,0,311.7833,886,85,108.2817,39,41.8167,47,39,23.68,23.68,23.68
2022-11-18 17:00:00,0.8172,2.142,0,0.4495,120,98.2203,53.0613,120,69.0758,69.3991,68.7582,0.1591,120,27.7075,27.7471,27.6495,0.0291,120,1006.307,1006.531,1006.1281,0.0582,120,13.9876,20.9063,7.4496,4.0003,120,19.4389,34.4382,7.6939,8.1984,120,86.7871,183.4257,14.2604,59.6666,120,120,0,14.6896,20.1422,8.8504,3.4067,120,87.93,89.03,86.75,0.69,120,3.4384,3.4422,3.4355,0.001,0.5771,0.5775,0.5765,0.0003,0.6908,0.694,0.6876,0.0016,-0.0005,-0.0001,-0.0011,0.0004,0.0002,0.0003,0.0001,0.0001,0.0002,0.0003,0.0001,0.0001,0.0147,0.0201,0.0089,0.0034,66.375,210,0,48.2445,0,0,0,0,315.0917,937,24,174.125,39,41.45,47,41,23.68,23.68,23.63
2022-11-18 17:10:00,1.2731,2.4364,0.6424,0.4489,120,90.1679,40.2738,120,69.4528,70.0705,68.9413,0.339,120,27.4145,27.7044,27.152,0.1736,120,1006.3453,1006.531,1006.3112,0.0628,120,3.8769,7.4496,0.4803,1.9113,120,3.9171,8.06,0.7323,2.0229,120,13.7812,14.7535,13.2775,0.2586,120,120,0,5.0381,8.8504,2.1363,1.9241,120,89.5,89.79,89.03,0.24,42,3.4391,3.4422,3.4385,0.001,0.5742,0.577,0.5715,0.0017,0.6945,0.7007,0.6894,0.0034,-0.0001,-0.0001,-0.0001,0,0,0.0001,0,0,0,0.0001,0,0,0.005,0.0089,0.0021,0.0019,115.5583,242,47,48.7885,0,0,0,0,265.9667,784,6,123.4188,39,41.6167,47,41,23.68,23.68,23.68
2022-11-18 17:20:00,1.3368,3.1908,0.3296,0.6888,120,95.0671,49.2943,120,70.5878,71.0166,70.101,0.2521,120,27.0528,27.1551,26.9384,0.0668,120,1006.4878,1006.531,1006.3112,0.0664,120,0.062,0.7213,0,0.1541,120,0.0793,0.7323,0,0.1968,120,13.6092,14.2604,13.2775,0.2398,120,120,0,0.7248,2.1363,0,0.7445,120,None,None,None,None,0,3.4415,3.4422,3.4385,0.0011,0.5705,0.5716,0.5694,0.0007,0.7059,0.7102,0.701,0.0025,-0.0001,-0.0001,-0.0001,0,0,0,0,0,0,0,0,0,0.0007,0.0021,0,0.0007,122.4833,324,13,74.8669,0,0,0,0,319.1417,998,12,188.0839,39,41.55,47,39,23.68,23.68,23.68
2022-11-18 17:30:00,1.7998,3.7336,0.6424,0.6943,120,96.1744,31.6179,120,71.3752,71.9321,70.9555,0.292,120,26.7762,26.9414,26.6515,0.0953,120,1006.5455,1006.7141,1006.3112,0.0836,120,0,0,0,0,120,0,0,0,0,120,13.5969,14.2604,12.786,0.252,120,120,0,0,0,0,0,120,None,None,None,None,0,3.4424,3.4452,3.4385,0.0014,0.5678,0.5694,0.5665,0.0009,0.7138,0.7193,0.7096,0.0029,-0.0001,-0.0001,-0.0001,0,0,0,0,0,0,0,0,0,0,0,0,0,172.8083,383,47,75.4721,0,0,0,0,276.1583,665,10,94.2901,39,41.6833,47,39,23.68,23.68,23.63
2022-11-18 17:40:00,0.986,2.1328,0.2744,0.4858,120,102.7228,49.1605,120,72.1862,72.3594,71.9321,0.0954,120,26.6787,26.7187,26.6302,0.0224,120,1006.5882,1006.7324,1006.4943,0.0966,120,0,0,0,0,120,0,0,0,0,120,13.5109,13.7689,12.786,0.2546,120,120,0,0,0,0,0,120,None,None,None,None,0,3.4431,3.4455,3.4416,0.0016,0.5668,0.5672,0.5663,0.0002,0.7219,0.7236,0.7193,0.001,-0.0001,-0.0001,-0.0001,0,0,0,0,0,0,0,0,0,0,0,0,0,84.35,209,7,52.7994,0,0,0,0,318.7917,993,24,160.2481,39,41.65,47,39,23.68,23.73,23.68
2022-11-18 17:50:00,1.5065,3.4392,0.3112,0.6541,120,86.2612,40.5962,120,72.3907,72.7256,72.2068,0.1468,120,26.5535,26.6332,26.4867,0.0482,120,1006.7144,1006.9155,1006.5127,0.0559,120,0,0,0,0,120,0,0,0,0,120,13.6133,13.7689,13.2775,0.2296,120,120,0,0,0,0,0,120,None,None,None,None,0,3.4452,3.4486,3.4419,0.0009,0.5655,0.5663,0.5649,0.0005,0.7239,0.7273,0.7221,0.0015,-0.0001,-0.0001,-0.0001,0,0,0,0,0,0,0,0,0,0,0,0,0,140.925,351,11,71.0946,0,0,0,0,271.3833,965,46,142.0155,39,41.5833,47,39,23.68,23.68,23.68
2022-11-18 18:00:00,1.5167,2.74,0.5872,0.4631,120,89.2524,31.0887,120,72.8263,73.0308,72.573,0.1557,120,26.444,26.4959,26.4104,0.0252,120,1006.832,1007.0986,1006.6958,0.0974,120,0,0,0,0,120,0,0,0,0,120,13.5846,13.7689,13.2775,0.2389,120,120,0,0,0,0,0,120,None,None,None,None,0,3.4472,3.4516,3.4449,0.0016,0.5644,0.565,0.5641,0.0003,0.7283,0.7303,0.7257,0.0016,-0.0001,-0.0001,-0.0001,0,0,0,0,0,0,0,0,0,0,0,0,0,142.0333,275,41,50.3378,0,0,0,0,254.575,631,0,91.1872,39,41.6833,47,39,23.68,23.68,23.63
2022-11-18 18:10:00,1.197,3.4392,0.4584,0.4965,120,99.7984,47.1614,120,73.2884,73.4886,72.9698,0.1424,120,26.3934,26.4135,26.3799,0.0065,120,1006.9909,1007.0986,1006.8789,0.0954,120,0,0,0,0,120,0,0,0,0,120,13.6174,14.2604,13.2775,0.2366,120,120,0,0,0,0,0,120,None,None,None,None,0,3.4498,3.4516,3.448,0.0016,0.5639,0.5641,0.5638,0.0001,0.7329,0.7349,0.7297,0.0014,-0.0001,-0.0001,-0.0001,0,0,0,0,0,0,0,0,0,0,0,0,0,107.2833,351,27,53.9709,0,0,0,0,313.1333,986,15,162.3264,38.5,41.4833,47,39,23.68,23.68,23.68
2022-11-18 18:20:00,1.2811,3.752,0.4124,0.6997,120,86.9434,49.5585,120,73.6234,73.7327,73.3665,0.0916,120,26.3657,26.386,26.325,0.0115,120,1007.1331,1007.4282,1006.8789,0.0941,120,0,0,0,0,120,0,0,0,0,120,13.6829,14.2604,13.2775,0.208,120,120,0,0,0,0,0,120,None,None,None,None,0,3.4522,3.4571,3.448,0.0016,0.5637,0.5639,0.5633,0.0001,0.7362,0.7373,0.7337,0.0009,-0.0001,-0.0001,-0.0001,0,0,0,0,0,0,0,0,0,0,0,0,0,116.425,385,22,76.0515,0,0,0,0,291.4333,987,5,179.6427,38,41.4833,47,39,23.68,23.68,23.63
2022-11-18 18:30:00,1.6047,4.6444,0.4676,0.8657,120,88.0973,42.0282,120,73.7543,73.8853,73.6106,0.0757,120,26.2652,26.328,26.2365,0.0245,120,1007.3295,1007.4465,1007.2451,0.0835,120,0,0,0,0,120,0,0,0,0,120,13.7362,14.2604,13.2775,0.2087,120,120,0,0,0,0,0,120,None,None,None,None,0,3.4555,3.4574,3.4541,0.0014,0.5626,0.5633,0.5624,0.0003,0.7375,0.7389,0.7361,0.0008,-0.0001,-0.0001,-0.0001,0,0,0,0,0,0,0,0,0,0,0,0,0,151.6,482,28,94.0989,0,0,0,0,264.025,913,26,131.2246,38,41.5833,47,39,23.68,23.68,23.63
2022-11-18 18:40:00,1.6684,3.1908,0.6056,0.5859,120,79.873,35.0505,120,73.8128,73.9463,73.6412,0.0741,120,26.2714,26.2853,26.2456,0.0099,120,1007.3978,1007.4465,1007.2451,0.0642,120,0,0,0,0,120,0,0,0,0,120,13.7771,14.2604,13.2775,0.2013,120,120,0,0,0,0,0,120,None,None,None,None,0,3.4566,3.4574,3.4541,0.0011,0.5627,0.5628,0.5625,0.0001,0.7381,0.7395,0.7364,0.0007,-0.0001,-0.0001,-0.0001,0,0,0,0,0,0,0,0,0,0,0,0,0,158.525,324,43,63.6822,0,0,0,0,255.425,1007,7,150.6715,38,41.5833,47,39,23.68,23.68,23.63
2022-11-18 18:50:00,1.3753,3.8532,0.3572,0.6255,120,96.8222,40.1557,120,73.7541,73.8243,73.6412,0.0364,120,26.2611,26.2761,26.2426,0.0077,120,1007.5744,1007.7944,1007.4099,0.104,120,0,0,0,0,120,0,0,0,0,120,13.7444,14.2604,13.2775,0.1668,120,120,0,0,0,0,0,120,None,None,None,None,0,3.4596,3.4632,3.4568,0.0017,0.5626,0.5628,0.5624,0.0001,0.7375,0.7382,0.7364,0.0004,-0.0001,-0.0001,-0.0001,0,0,0,0,0,0,0,0,0,0,0,0,0,126.6667,396,16,67.9872,0,0,0,0,283.9917,739,1,121.2593,38,41.45,47,39,23.68,23.68,23.68
2022-11-18 19:00:00,1.3707,3.6416,0.2376,0.6861,120,90.2254,42.0461,120,73.7693,73.8853,73.6717,0.0383,120,26.2566,26.2761,26.2304,0.0124,120,1007.6876,1007.7944,1007.593,0.0881,120,0,0,0,0,120,0,0,0,0,120,13.773,14.2604,13.2775,0.1857,120,120,0,0,0,0,0,120,None,None,None,None,0,3.4615,3.4632,3.4599,0.0015,0.5626,0.5628,0.5623,0.0001,0.7377,0.7389,0.7367,0.0004,-0.0001,-0.0001,-0.0001,0,0,0,0,0,0,0,0,0,0,0,0,0,126.1667,373,3,74.5795,0,0,0,0,280.2333,963,9,148.9752,38,41.5833,47,39,23.68,23.68,23.68
2022-11-18 19:10:00,1.6263,3.2552,0.4768,0.6191,120,74.5383,40.2418,120,73.894,74.0379,73.7632,0.0734,120,26.199,26.2395,26.1724,0.0153,120,1007.8309,1007.9775,1007.593,0.1098,120,0,0,0,0,120,0,0,0,0,120,13.7771,14.2604,13.2775,0.1684,120,120,0,0,0,0,0,120,None,None,None,None,0,3.4638,3.4663,3.4599,0.0018,0.562,0.5624,0.5617,0.0001,0.7389,0.7404,0.7376,0.0007,-0.0001,-0.0001,-0.0001,0,0,0,0,0,0,0,0,0,0,0,0,0,153.9417,331,29,67.2964,0,0,0,0,247.025,1017,1,171.7271,38,41.5,47,39,23.68,23.68,23.63
2022-11-18 19:20:00,1.6041,3.522,0.4492,0.672,120,91.7087,49.7753,120,74.0961,74.16,73.9463,0.0547,120,26.1573,26.1785,26.1449,0.0067,120,1008.0032,1008.1606,1007.7761,0.0905,120,0,0,0,0,120,0,0,0,0,120,13.7689,14.2604,13.2775,0.1274,120,120,0,0,0,0,0,120,None,None,None,None,0,3.4667,3.4693,3.4629,0.0015,0.5616,0.5618,0.5615,0.0001,0.741,0.7416,0.7395,0.0005,-0.0001,-0.0001,-0.0001,0,0,0,0,0,0,0,0,0,0,0,0,0,151.5333,360,26,73.0383,0,0,0,0,303.0583,1021,5,183.6383,38,41.4833,47,39,23.68,23.68,23.68
2022-11-18 19:30:00,1.8514,3.4116,0.44,0.7677,120,76.988,43.6495,120,74.1905,74.2821,74.0989,0.0542,120,26.1545,26.1693,26.1449,0.0069,120,1008.1526,1008.3438,1007.9592,0.0714,120,0,0,0,0,120,0,0,0,0,120,13.8222,14.2604,13.2775,0.189,120,120,0,0,0,0,0,120,None,None,None,None,0,3.4692,3.4724,3.466,0.0012,0.5615,0.5617,0.5615,0.0001,0.7419,0.7428,0.741,0.0005,-0.0001,-0.0001,-0.0001,0,0,0,0,0,0,0,0,0,0,0,0,0,178.4167,348,25,83.4437,0,0,0,0,256.175,1018,3,164.2178,37.1,41.6,47,39,23.68,23.68,23.63
2022-11-18 19:40:00,1.6191,3.1816,0.5044,0.6512,120,80.7937,42.4994,120,74.2358,74.3126,74.1295,0.0439,120,26.1484,26.1754,26.1083,0.0181,120,1008.2122,1008.3438,1008.124,0.0939,120,0,0,0,0,120,0,0,0,0,120,13.7321,14.2604,13.2775,0.182,120,120,0,0,0,0,0,120,None,None,None,None,0,3.4702,3.4724,3.4687,0.0016,0.5615,0.5617,0.5611,0.0002,0.7424,0.7431,0.7413,0.0004,-0.0001,-0.0001,-0.0001,0,0,0,0,0,0,0,0,0,0,0,0,0,153.1583,323,32,70.7859,0,0,0,0,266.225,991,27,163.6116,37,41.6167,47,39,23.68,23.68,23.63
2022-11-18 19:50:00,1.6247,3.5772,0.2744,0.8381,120,82.1758,50.9062,120,74.323,74.4041,74.16,0.0591,120,26.1044,26.1205,26.0656,0.011,120,1008.3029,1008.5086,1008.124,0.0809,120,0,0,0,0,120,0,0,0,0,120,13.7771,14.2604,13.2775,0.18,120,120,0,0,0,0,0,120,None,None,None,None,0,3.4717,3.4751,3.4687,0.0013,0.561,0.5612,0.5607,0.0001,0.7432,0.744,0.7416,0.0006,-0.0001,-0.0001,-0.0001,0,0,0,0,0,0,0,0,0,0,0,0,0,153.7667,366,7,91.0929,0,0,0,0,291.9333,1005,17,194.313,37,41.6833,47,41,23.68,23.68,23.63
2022-11-18 20:00:00,1.8592,3.4944,0.5228,0.7081,120,79.2494,40.1814,120,74.4311,74.5262,74.2821,0.0656,120,26.0192,26.0625,25.9954,0.0179,120,1008.4367,1008.5269,1008.3071,0.0864,120,0,0,0,0,120,0,0,0,0,120,13.7853,14.2604,13.2775,0.1552,120,120,0,0,0,0,0,120,None,None,None,None,0,3.4739,3.4754,3.4718,0.0014,0.5602,0.5606,0.5599,0.0002,0.7443,0.7453,0.7428,0.0007,-0.0001,-0.0001,-0.0001,0,0,0,0,0,0,0,0,0,0,0,0,0,179.2583,357,34,76.9667,0,0,0,0,261.8,937,67,154.6005,37,41.6833,47,39,23.68,23.68,23.63
2022-11-18 20:10:00,1.8596,3.3196,0.3848,0.7231,120,74.51,42.6518,120,74.4809,74.5567,74.4041,0.0369,120,26.0208,26.0747,25.9923,0.0226,120,1008.4993,1008.71,1008.3254,0.0733,120,0,0,0,0,120,0,0,0,0,120,13.8754,14.2604,13.2775,0.2313,120,120,0,0,0,0,0,120,None,None,None,None,0,3.475,3.4785,3.4721,0.0012,0.5602,0.5607,0.5599,0.0002,0.7448,0.7456,0.744,0.0004,-0.0001,-0.0001,-0.0001,0,0,0,0,0,0,0,0,0,0,0,0,0,179.3083,338,19,78.5981,0,0,0,0,253.975,1011,18,170.9989,37,41.5667,47,39,23.68,23.68,23.68
2022-11-18 20:20:00,1.8134,3.6968,0.3204,0.7219,120,75.8716,41.5599,120,74.3138,74.4957,74.1905,0.0748,120,26.1035,26.1205,26.0717,0.0112,120,1008.6383,1008.71,1008.4902,0.0872,120,0,0,0,0,120,0,0,0,0,120,13.814,14.2604,13.2775,0.1911,120,120,0,0,0,0,0,120,None,None,None,None,0,3.4773,3.4785,3.4748,0.0015,0.561,0.5612,0.5607,0.0001,0.7431,0.745,0.7419,0.0007,-0.0001,-0.0001,-0.0001,0,0,0,0,0,0,0,0,0,0,0,0,0,174.2833,379,12,78.4638,0,0,0,0,256.15,907,69,157.8962,37,41.4,47,39,23.68,23.68,23.63
2022-11-18 20:30:00,1.526,3.6876,0.3112,0.712,120,80.4736,48.8198,120,74.3721,74.4652,74.2821,0.058,120,26.0783,26.093,26.0594,0.0065,120,1008.634,1008.71,1008.4719,0.0881,120,0,0,0,0,120,0,0,0,0,120,13.7976,14.2604,13.2775,0.1943,120,120,0,0,0,0,0,120,None,None,None,None,0,3.4772,3.4785,3.4745,0.0015,0.5608,0.5609,0.5606,0.0001,0.7437,0.7447,0.7428,0.0006,-0.0001,-0.0001,-0.0001,0,0,0,0,0,0,0,0,0,0,0,0,0,143.0417,378,11,77.3908,0,0,0,0,297.5,984,7,204.0723,36.9,41.4333,47,39,23.68,23.68,23.68
2022-11-18 20:40:00,1.4809,2.9792,0.3848,0.5101,120,80.4919,37.8476,120,74.5025,74.6178,74.3431,0.076,120,26.036,26.0625,26.0198,0.0097,120,1008.7751,1008.9114,1008.6734,0.0992,120,0,0,0,0,120,0,0,0,0,120,13.8467,14.2604,13.2775,0.2113,120,120,0,0,0,0,0,120,None,None,None,None,0,3.4796,3.4819,3.4779,0.0017,0.5604,0.5606,0.5602,0.0001,0.745,0.7462,0.7434,0.0008,-0.0001,-0.0001,-0.0001,0,0,0,0,0,0,0,0,0,0,0,0,0,138.1417,301,19,55.4404,0,0,0,0,257.925,1000,7,154.2243,36,41.4833,47,39,23.68,23.68,23.63
2022-11-18 20:50:00,1.7106,3.5864,0.5688,0.6388,120,78.2541,35.8422,120,74.6091,74.6483,74.5567,0.0272,120,26.0401,26.0503,26.0289,0.0043,120,1008.7663,1008.9114,1008.6734,0.0982,120,0,0,0,0,120,0,0,0,0,120,13.8263,14.2604,13.2775,0.1823,120,120,0,0,0,0,0,120,None,None,None,None,0,3.4794,3.4819,3.4779,0.0016,0.5604,0.5605,0.5603,0,0.7461,0.7465,0.7456,0.0003,-0.0001,-0.0001,-0.0001,0,0,0,0,0,0,0,0,0,0,0,0,0,163.1083,367,39,69.4385,0,0,0,0,238.8583,1009,38,127.8755,36,41.55,47,39,23.68,23.68,23.68
2022-11-18 21:00:00,1.7058,4.442,0.3296,1.0049,120,79.7794,39.0958,120,74.6493,74.8314,74.3431,0.0976,120,26.0305,26.0839,25.9801,0.0222,120,1008.8688,1009.0579,1008.6734,0.0546,120,0,0,0,0,120,0,0,0,0,120,13.7894,14.2604,13.2775,0.2243,120,120,0,0,0,0,0,120,None,None,None,None,0,3.4811,3.4843,3.4779,0.0009,0.5603,0.5608,0.5598,0.0002,0.7465,0.7483,0.7434,0.001,-0.0001,-0.0001,-0.0001,0,0,0,0,0,0,0,0,0,0,0,0,0,162.5833,460,13,109.2334,0,0,0,0,259.3083,1015,23,163.5819,36,41.5,47,39,23.68,23.68,23.63
2022-11-18 21:10:00,1.6484,3.844,0.4032,0.7447,120,82.4655,38.5586,120,74.2986,74.5567,74.1295,0.1208,120,26.0873,26.0991,26.0747,0.0054,120,1008.8314,1008.8931,1008.655,0.085,120,0,0,0,0,120,0,0,0,0,120,13.7935,14.2604,13.2775,0.2371,120,120,0,0,0,0,0,120,None,None,None,None,0,3.4805,3.4816,3.4776,0.0014,0.5609,0.561,0.5607,0.0001,0.743,0.7456,0.7413,0.0012,-0.0001,-0.0001,-0.0001,0,0,0,0,0,0,0,0,0,0,0,0,0,156.35,395,21,80.9449,0,0,0,0,275.0333,1009,53,164.0967,36,41.7167,47,39,23.68,23.68,23.68
2022-11-18 21:20:00,1.6358,3.8348,0.2192,0.7856,120,76.2496,42.9296,120,74.0354,74.16,73.8853,0.0728,120,26.1191,26.1419,26.09,0.0146,120,1008.7753,1008.8931,1008.6734,0.0985,120,0,0,0,0,120,0,0,0,0,120,13.8263,14.2604,13.2775,0.2224,120,120,0,0,0,0,0,120,None,None,None,None,0,3.4796,3.4816,3.4779,0.0016,0.5612,0.5614,0.5609,0.0001,0.7404,0.7416,0.7389,0.0007,-0.0001,-0.0001,-0.0001,0,0,0,0,0,0,0,0,0,0,0,0,0,154.9833,394,1,85.3911,0,0,0,0,247.3,839,47,147.3128,36,41.4833,47,39,23.68,23.68,23.68
2022-11-18 21:30:00,1.5649,2.8412,0.4492,0.5402,120,75.6357,30.3387,120,73.9626,74.1905,73.7938,0.114,120,26.0551,26.1358,25.9831,0.045,120,1008.6775,1008.8931,1008.4536,0.0436,120,0,0,0,0,120,0,0,0,0,120,13.7403,14.2604,13.2775,0.1466,120,120,0,0,0,0,0,120,None,None,None,None,0,3.478,3.4816,3.4742,0.0007,0.5605,0.5614,0.5598,0.0004,0.7396,0.7419,0.7379,0.0011,-0.0001,-0.0001,-0.0001,0,0,0,0,0,0,0,0,0,0,0,0,0,147.275,286,26,58.7124,0,0,0,0,231.875,931,26,120.7928,36,41.7,47,39,23.68,23.68,23.63
2022-11-18 21:40:00,1.6629,3.8992,0.4584,0.7718,120,79.8121,42.7208,120,74.4494,74.8619,74.1905,0.174,120,25.9592,25.9923,25.9343,0.018,120,1008.5549,1008.6917,1008.4536,0.0993,120,0,0,0,0,120,0,0,0,0,120,13.773,14.2604,13.2775,0.2508,120,120,0,0,0,0,0,120,None,None,None,None,0,3.4759,3.4782,3.4742,0.0017,0.5596,0.5599,0.5593,0.0002,0.7445,0.7486,0.7419,0.0017,-0.0001,-0.0001,-0.0001,0,0,0,0,0,0,0,0,0,0,0,0,0,157.925,401,27,83.8904,0,0,0,0,279.6083,1017,48,187.0411,36,41.5833,47,39,23.68,23.68,23.63
2022-11-18 21:50:00,1.2444,2.9516,0.2284,0.6449,120,90.1073,47.1109,120,74.821,74.9535,74.7093,0.0752,120,25.9749,25.9893,25.9557,0.0059,120,1008.4428,1008.4902,1008.2888,0.0679,120,0,0,0,0,120,0,0,0,0,120,13.7239,14.2604,13.2775,0.1802,120,120,0,0,0,0,0,120,None,None,None,None,0,3.474,3.4748,3.4715,0.0011,0.5597,0.5599,0.5596,0.0001,0.7482,0.7495,0.7471,0.0008,-0.0001,-0.0001,-0.0001,0,0,0,0,0,0,0,0,0,0,0,0,0,112.4333,298,2,70.1,0,0,0,0,301.15,967,13,179.2054,36,41.7333,47,39,23.68,23.68,23.63
2022-11-18 22:00:00,1.5397,3.2552,0.3572,0.6866,120,89.5957,47.1707,120,75.1261,75.2586,74.9535,0.098,120,25.9602,25.974,25.9435,0.0054,120,1008.3802,1008.4902,1008.2888,0.0859,120,0,0,0,0,120,0,0,0,0,120,13.7444,14.2604,13.2775,0.1785,120,120,0,0,0,0,0,120,None,None,None,None,0,3.473,3.4748,3.4715,0.0014,0.5596,0.5597,0.5594,0.0001,0.7513,0.7526,0.7495,0.001,-0.0001,-0.0001,-0.0001,0,0,0,0,0,0,0,0,0,0,0,0,0,144.5333,331,16,74.6261,0,0,0,0,290.0417,1007,26,161.6759,36,41.6167,47,39,23.68,23.68,23.63
2022-11-18 22:10:00,1.2406,3.1724,0,0.6663,120,90.8443,60.1019,120,75.4669,75.5943,75.2281,0.0977,120,25.962,25.9801,25.9435,0.0098,120,1008.3786,1008.4902,1008.2888,0.0857,120,0,0,0,0,120,0,0,0,0,120,13.7771,14.2604,13.2775,0.2112,120,120,0,0,0,0,0,120,None,None,None,None,0,3.473,3.4748,3.4715,0.0014,0.5596,0.5598,0.5594,0.0001,0.7547,0.7559,0.7523,0.001,-0.0001,-0.0001,-0.0001,0,0,0,0,0,0,0,0,0,0,0,0,0,112.2083,322,0,72.0919,0,0,0,0,341.75,987,22,223.8924,35.1,41.65,47,39,23.68,23.68,23.63
2022-11-18 22:20:00,1.0339,2.9332,0,0.5665,120,101.0581,41.9504,120,75.7955,76.0216,75.5638,0.1323,120,25.9302,25.9709,25.8824,0.0225,120,1008.4069,1008.4902,1008.2705,0.0833,120,0,0,0,0,120,0,0,0,0,120,13.642,14.2604,13.2775,0.2665,120,120,0,0,0,0,0,120,None,None,None,None,0,3.4734,3.4748,3.4712,0.0014,0.5593,0.5597,0.5588,0.0002,0.758,0.7602,0.7556,0.0013,-0.0001,-0.0001,-0.0001,0,0,0,0,0,0,0,0,0,0,0,0,0,89.7417,296,0,61.2589,0,0,0,0,294.9583,639,59,122.1636,35,41.5333,47,39,23.68,23.68,23.63
2022-11-18 22:30:00,1.024,1.8936,0.3388,0.3527,120,108.4087,37.7873,120,76.2708,76.5709,76.0216,0.1866,120,25.8218,25.8916,25.7695,0.0346,120,1008.3462,1008.4902,1008.1057,0.0818,120,0,0,0,0,120,0,0,0,0,120,13.6584,14.2604,13.2775,0.2423,120,120,0,0,0,0,0,120,None,None,None,None,0,3.4724,3.4748,3.4684,0.0014,0.5582,0.5589,0.5577,0.0003,0.7627,0.7657,0.7602,0.0019,-0.0001,-0.0001,-0.0001,0,0,0,0,0,0,0,0,0,0,0,0,0,88.4833,183,14,38.3347,0,0,0,0,311.225,673,91,109.0762,35,41.7167,47,39,23.68,23.68,23.63
2022-11-18 22:40:00,1.1345,2.1604,0.3572,0.4144,120,91.3198,39.6335,120,76.8197,77.0592,76.5404,0.1541,120,25.697,25.7726,25.62,0.0407,120,1008.2241,1008.4902,1008.0874,0.0958,120,0,0,0,0,120,0,0,0,0,120,13.6133,13.7689,13.2775,0.2296,120,120,0,0,0,0,0,120,None,None,None,None,0,3.4704,3.4748,3.4681,0.0016,0.557,0.5577,0.5562,0.0004,0.7682,0.7706,0.7654,0.0015,-0.0001,-0.0001,-0.0001,0,0,0,0,0,0,0,0,0,0,0,0,0,100.4917,212,16,45.0384,0,0,0,0,283.8583,1020,4,149.6345,35,41.55,47,39,23.68,23.68,23.63
2022-11-18 22:50:00,0.9787,2.142,0.3572,0.3914,120,90.6166,45.6915,120,77.3077,77.4865,77.0592,0.119,120,25.5594,25.623,25.504,0.0301,120,1008.1028,1008.3071,1007.9043,0.0399,120,0,0,0,0,120,0,0,0,0,120,13.6338,14.2604,13.2775,0.2294,120,120,0,0,0,0,0,120,None,None,None,None,0,3.4684,3.4718,3.4651,0.0007,0.5556,0.5562,0.555,0.0003,0.7731,0.7749,0.7706,0.0012,-0.0001,-0.0001,-0.0001,0,0,0,0,0,0,0,0,0,0,0,0,0,83.55,210,16,42.5415,0,0,0,0,287.825,1011,59,157.7969,35,41.65,47,39,23.68,23.68,23.63
2022-11-18 23:00:00,1.2415,3.3104,0.348,0.5846,120,87.7683,42.948,120,77.6821,77.8832,77.4865,0.1395,120,25.4829,25.5162,25.4491,0.0201,120,1007.956,1008.124,1007.9043,0.0801,120,0,0,0,0,120,0,0,0,0,120,13.7075,14.2604,13.2775,0.2593,120,120,0,0,0,0,0,120,None,None,None,None,0,3.4659,3.4687,3.4651,0.0013,0.5548,0.5552,0.5545,0.0002,0.7768,0.7788,0.7749,0.0014,-0.0001,-0.0001,-0.0001,0,0,0,0,0,0,0,0,0,0,0,0,0,112.1167,337,15,63.5465,0,0,0,0,272.4417,841,19,141.4515,35,41.6,49,39,23.67,23.68,23.63
2022-11-18 23:10:00,1.3402,3.0436,0.348,0.6115,120,91.8546,47.696,120,77.8626,77.9748,77.7612,0.0465,120,25.5345,25.562,25.501,0.0179,120,1007.8765,1008.1057,1007.7212,0.0857,120,0,0,0,0,120,0,0,0,0,120,13.6788,14.2604,13.2775,0.2626,120,120,0,0,0,0,0,120,None,None,None,None,0,3.4646,3.4684,3.462,0.0014,0.5554,0.5556,0.555,0.0002,0.7786,0.7797,0.7776,0.0005,-0.0001,-0.0001,-0.0001,0,0,0,0,0,0,0,0,0,0,0,0,0,122.85,308,15,66.4631,0,0,0,0,304.6917,1022,8,180.5458,35,41.5,47,41,23.68,23.68,23.63
2022-11-18 23:20:00,1.3717,3.936,0.348,0.7731,120,76.2118,36.9324,120,77.9682,78.0663,77.8222,0.0579,120,25.5759,25.62,25.5406,0.0224,120,1007.7744,1007.9226,1007.7029,0.0786,120,0,0,0,0,120,0,0,0,0,120,13.7689,14.2604,13.2775,0.2468,120,120,0,0,0,0,0,120,None,None,None,None,0,3.4629,3.4654,3.4617,0.0013,0.5558,0.5562,0.5554,0.0002,0.7797,0.7807,0.7782,0.0006,-0.0001,-0.0001,-0.0001,0,0,0,0,0,0,0,0,0,0,0,0,0,126.2667,405,15,84.0275,0,0,0,0,246.9083,1007,10,152.1987,35,41.6333,47,39,23.67,23.68,23.63
2022-11-18 23:30:00,1.3818,3.0344,0.486,0.543,120,76.9769,34.6095,120,77.9784,78.0663,77.9138,0.0322,120,25.6143,25.6352,25.5986,0.0071,120,1007.805,1007.9226,1007.7029,0.0892,120,0,0,0,0,120,0,0,0,0,120,13.7403,14.2604,13.2775,0.2141,120,120,0,0,0,0,0,120,None,None,None,None,0,3.4634,3.4654,3.4617,0.0015,0.5561,0.5564,0.556,0.0001,0.7798,0.7807,0.7791,0.0003,-0.0001,-0.0001,-0.0001,0,0,0,0,0,0,0,0,0,0,0,0,0,127.3667,307,30,59.0164,0,0,0,0,228.4583,965,12,118.9071,35,41.6167,47,41,23.67,23.68,23.63
2022-11-18 23:40:00,1.3736,2.74,0.5688,0.5392,120,78.9956,36.5103,120,77.9455,78.0663,77.7917,0.0678,120,25.6744,25.7329,25.623,0.0366,120,1007.7245,1007.9226,1007.5381,0.0688,120,0,0,0,0,120,0,0,0,0,120,13.7812,14.2604,13.2775,0.2249,120,120,0,0,0,0,0,120,None,None,None,None,0,3.4621,3.4654,3.459,0.0011,0.5567,0.5573,0.5562,0.0004,0.7795,0.7807,0.7779,0.0007,-0.0001,-0.0001,-0.0001,0,0,0,0,0,0,0,0,0,0,0,0,0,126.4833,275,39,58.6039,0,0,0,0,244.1833,1002,5,142.1653,35,41.5167,47,39,23.68,23.68,23.63
2022-11-18 23:50:00,1.2734,2.97,0.4308,0.5649,120,76.9147,39.4508,120,77.7029,77.7917,77.6086,0.0593,120,25.7165,25.7298,25.6902,0.0084,120,1007.5524,1007.7395,1007.355,0.0995,120,0,0,0,0,120,0,0,0,0,120,13.7075,14.2604,13.2775,0.2258,120,120,0,0,0,0,0,120,None,None,None,None,0,3.4592,3.4623,3.4559,0.0017,0.5572,0.5573,0.5569,0.0001,0.777,0.7779,0.7761,0.0006,-0.0001,-0.0001,-0.0001,0,0,0,0,0,0,0,0,0,0,0,0,0,115.5833,300,24,61.4008,0,0,0,0,247.0917,973,7,153.5544,35,41.65,47,39,23.67,23.68,23.63
