datetime,Anemometer;wind_speed;Avg (m/s),Anemometer;wind_speed;Max (m/s),Anemometer;wind_speed;Min (m/s),Anemometer;wind_speed;StdDev (m/s),Anemometer;wind_speed;Count (),Wind Vane TMR;wind_direction;Avg (°),Wind Vane TMR;wind_direction;StdDev (°),Wind Vane TMR;wind_direction;Count (),Hygro/Thermo;humidity;Avg (%),Hygro/Thermo;humidity;Max (%),Hygro/Thermo;humidity;Min (%),Hygro/Thermo;humidity;StdDev (%),Hygro/Thermo;humidity;Count (),Hygro/Thermo;temperature;Avg (°C),Hygro/Thermo;temperature;Max (°C),Hygro/Thermo;temperature;Min (°C),Hygro/Thermo;temperature;StdDev (°C),Hygro/Thermo;temperature;Count (),Barometer;air_pressure;Avg (hPa),Barometer;air_pressure;Max (hPa),Barometer;air_pressure;Min (hPa),Barometer;air_pressure;StdDev (hPa),Barometer;air_pressure;Count (),DHI (Diffuse Horizontal Irradiance);solar_irradiance;Avg (W/m²),DHI (Diffuse Horizontal Irradiance);solar_irradiance;Max (W/m²),DHI (Diffuse Horizontal Irradiance);solar_irradiance;Min (W/m²),DHI (Diffuse Horizontal Irradiance);solar_irradiance;StdDev (W/m²),DHI (Diffuse Horizontal Irradiance);solar_irradiance;Count (),GHI (Global Horizontal Irradiance);solar_irradiance;Avg (W/m²),GHI (Global Horizontal Irradiance);solar_irradiance;Max (W/m²),GHI (Global Horizontal Irradiance);solar_irradiance;Min (W/m²),GHI (Global Horizontal Irradiance);solar_irradiance;StdDev (W/m²),GHI (Global Horizontal Irradiance);solar_irradiance;Count (),DNI (Direct Normal Irradiance) Pyrheliometer;solar_DNI;Avg (W/m²),DNI (Direct Normal Irradiance) Pyrheliometer;solar_DNI;Max (W/m²),DNI (Direct Normal Irradiance) Pyrheliometer;solar_DNI;Min (W/m²),DNI (Direct Normal Irradiance) Pyrheliometer;solar_DNI;StdDev (W/m²),DNI (Direct Normal Irradiance) Pyrheliometer;solar_DNI;Count (),Precipitation;precipitation;Count (),Precipitation;precipitation;Sum (mm),GTI (Global Tilt Irradiance) PV Cell;voltage;Avg (W/m2),GTI (Global Tilt Irradiance) PV Cell;voltage;Max (W/m2),GTI (Global Tilt Irradiance) PV Cell;voltage;Min (W/m2),GTI (Global Tilt Irradiance) PV Cell;voltage;StdDev (W/m2),GTI (Global Tilt Irradiance) PV Cell;voltage;Count (),Theta;other;Avg (°),Theta;other;Max (°),Theta;other;Min (°),Theta;other;StdDev (°),Theta;other;Count (),A1;channel;Avg (V),A1;channel;Max (V),A1;channel;Min (V),A1;channel;StdDev (V),A2;channel;Avg (V),A2;channel;Max (V),A2;channel;Min (V),A2;channel;StdDev (V),A3;channel;Avg (V),A3;channel;Max (V),A3;channel;Min (V),A3;channel;StdDev (V),A4;channel;Avg (V),A4;channel;Max (V),A4;channel;Min (V),A4;channel;StdDev (V),A5;channel;Avg (V),A5;channel;Max (V),A5;channel;Min (V),A5;channel;StdDev (V),A6;channel;Avg (V),A6;channel;Max (V),A6;channel;Min (V),A6;channel;StdDev (V),A7;channel;Avg (V),A7;channel;Max (V),A7;channel;Min (V),A7;channel;StdDev (V),C1;channel;Avg (I),C1;channel;Max (I),C1;channel;Min (I),C1;channel;StdDev (I),C2;channel;Avg (I),C2;channel;Max (I),C2;channel;Min (I),C2;channel;StdDev (I),D1;channel;Avg (),D1;channel;Max (),D1;channel;Min (),D1;channel;StdDev (),T;channel;Avg (°C),I;channel;Avg (mA),I;channel;Max (mA),I;channel;Min (mA),V;channel;Avg (V),V;channel;Max (V),V;channel;Min (V)
2022-11-20 00:00:00,1.6358,3.4668,0.5596,0.5927,120,98.3779,26.922,120,77.8479,78.0053,77.7306,0.0812,120,26.1412,26.1937,26.0961,0.0287,120,1007.561,1007.7395,1007.3916,0.0616,120,0,0,0,0,120,0,0,0,0,120,13.6747,14.2604,13.2775,0.2492,120,120,0,0,0,0,0,120,None,None,None,None,0,3.4593,3.4623,3.4565,0.001,0.5614,0.5619,0.561,0.0003,0.7785,0.7801,0.7773,0.0008,-0.0001,-0.0001,-0.0001,0,0,0,0,0,0,0,0,0,0,0,0,0,154.975,354,38,64.4269,0,0,0,0,283.975,815,109,86.0157,35.5,44.4667,49,41,23.66,23.68,23.63
2022-11-20 00:10:00,1.4462,3.5956,0.2928,0.7089,120,105.3146,47.0037,120,78.1711,78.28,77.9443,0.1022,120,26.0728,26.0991,26.0411,0.0136,120,1007.4213,1007.5564,1007.3733,0.0646,120,0,0,0,0,120,0,0,0,0,120,13.687,14.2604,13.2775,0.2145,120,120,0,0,0,0,0,120,None,None,None,None,0,3.457,3.4593,3.4562,0.0011,0.5607,0.561,0.5604,0.0001,0.7817,0.7828,0.7794,0.001,-0.0001,-0.0001,-0.0001,0,0,0,0,0,0,0,0,0,0,0,0,0,134.3667,368,9,77.0559,0,0,0,0,332.6583,999,22,167.8863,35,42.0667,47,39,23.67,23.68,23.63
2022-11-20 00:20:00,1.2748,2.9148,0.3388,0.5351,120,111.3594,37.8455,120,78.504,78.7683,78.28,0.123,120,25.993,26.0442,25.9496,0.0263,120,1007.272,1007.4099,1007.0254,0.0961,120,0,0,0,0,120,0,0,0,0,120,13.6993,14.2604,13.2775,0.2234,120,120,0,0,0,0,0,120,None,None,None,None,0,3.4545,3.4568,3.4504,0.0016,0.5599,0.5604,0.5595,0.0003,0.785,0.7877,0.7828,0.0012,-0.0001,-0.0001,-0.0001,0,0,0,0,0,0,0,0,0,0,0,0,0,115.7417,294,14,58.1636,0,0,0,0,315.7667,640,15,109.6568,35,41.6833,47,39,23.66,23.68,23.63
2022-11-20 00:30:00,1.8773,3.7244,0.5044,0.6088,120,103.9491,30.6709,120,78.9867,79.165,78.7683,0.1223,120,25.9677,25.9923,25.9435,0.0121,120,1007.1316,1007.3916,1006.9887,0.0999,120,0,0,0,0,120,0,0,0,0,120,13.7812,14.2604,13.2775,0.2061,120,120,0,0,0,0,0,120,None,None,None,None,0,3.4522,3.4565,3.4498,0.0017,0.5597,0.5599,0.5594,0.0001,0.7899,0.7917,0.7877,0.0012,-0.0001,-0.0001,-0.0001,0,0,0,0,0,0,0,0,0,0,0,0,0,181.225,382,32,66.1749,0,0,0,0,301.8167,661,146,91.772,35,41.55,47,39,23.67,23.68,23.63
2022-11-20 00:40:00,1.4052,2.4916,0,0.5848,120,99.3816,41.8998,120,79.2858,79.4702,79.165,0.0916,120,25.9878,25.9984,25.9709,0.0053,120,1007.0081,1007.1902,1006.8239,0.0304,120,0,0,0,0,120,0,0,0,0,120,13.728,14.2604,13.2775,0.2168,120,120,0,0,0,0,0,120,None,None,None,None,0,3.4501,3.4532,3.4471,0.0005,0.5599,0.56,0.5597,0.0001,0.7929,0.7947,0.7917,0.0009,-0.0001,-0.0001,-0.0001,0,0,0,0,0,0,0,0,0,0,0,0,0,130.1,248,0,63.1408,0,0,0,0,305.7583,889,15,143.4176,35,41.6833,47,41,23.67,23.68,23.63
2022-11-20 00:50:00,1.9601,3.6324,0.8264,0.7525,120,104.0963,26.4784,120,79.6815,79.8669,79.4397,0.1092,120,25.9956,26.0289,25.974,0.0162,120,1006.8798,1007.0254,1006.6225,0.1145,120,0,0,0,0,120,0,0,0,0,120,13.8467,14.2604,13.2775,0.2384,120,120,0,0,0,0,0,120,None,None,None,None,0,3.448,3.4504,3.4437,0.0019,0.56,0.5603,0.5597,0.0002,0.7968,0.7987,0.7944,0.0011,-0.0001,-0.0001,-0.0001,0,0,0,0,0,0,0,0,0,0,0,0,0,190.2333,372,67,81.793,0,0,0,0,298.1833,598,149,77.3977,35,41.6167,47,39,23.66,23.68,23.63
2022-11-20 01:00:00,1.9558,4.1936,0.8264,0.6641,120,97.4349,29.0915,120,79.8723,79.928,79.7754,0.0346,120,26.047,26.0686,26.0137,0.0131,120,1006.7719,1007.0071,1006.6042,0.0859,120,0,0,0,0,120,0,0,0,0,120,13.8017,14.2604,13.2775,0.1988,120,120,0,0,0,0,0,120,None,None,None,None,0,3.4462,3.4501,3.4434,0.0014,0.5605,0.5607,0.5601,0.0001,0.7987,0.7993,0.7978,0.0003,-0.0001,-0.0001,-0.0001,0,0,0,0,0,0,0,0,0,0,0,0,0,189.7583,433,67,72.1855,0,0,0,0,277.6083,546,91,84.0846,35,41.6333,47,39,23.66,23.68,23.63
2022-11-20 01:10:00,2.205,4.0004,0.946,0.6107,120,102.1052,31.9624,120,79.8207,79.928,79.7143,0.066,120,26.047,26.0686,26.0167,0.014,120,1006.6509,1006.8239,1006.6042,0.0637,120,0,0,0,0,120,0,0,0,0,120,13.6706,14.2604,13.2775,0.217,120,120,0,0,0,0,0,120,None,None,None,None,0,3.4442,3.4471,3.4434,0.0011,0.5605,0.5607,0.5602,0.0001,0.7982,0.7993,0.7971,0.0007,-0.0001,-0.0001,-0.0001,0,0,0,0,0,0,0,0,0,0,0,0,0,216.85,412,80,66.3821,0,0,0,0,296.6417,918,3,104.6129,35,41.75,47,39,23.66,23.68,23.63
2022-11-20 01:20:00,1.6312,3.9728,0.4768,0.7024,120,108.6995,32.3981,120,79.6978,79.7449,79.6533,0.024,120,25.999,26.0198,25.9893,0.0066,120,1006.6417,1006.8239,1006.4211,0.099,120,0,0,0,0,120,0,0,0,0,120,13.6584,14.2604,13.2775,0.2249,120,120,0,0,0,0,0,120,None,None,None,None,0,3.444,3.4471,3.4404,0.0017,0.56,0.5602,0.5599,0.0001,0.797,0.7974,0.7965,0.0002,-0.0001,-0.0001,-0.0001,0,0,0,0,0,0,0,0,0,0,0,0,0,154.475,409,29,76.3526,0,0,0,0,311.5333,664,21,96.1884,35,41.65,47,39,23.66,23.68,23.63
2022-11-20 01:30:00,1.9872,3.0712,0.624,0.5547,120,100.6325,22.3746,120,79.5735,79.6838,79.4702,0.0576,120,25.9633,26.0045,25.9069,0.0294,120,1006.5195,1006.6225,1006.4028,0.0966,120,0,0,0,0,120,0,0,0,0,120,13.6461,14.2604,13.2775,0.223,120,120,0,0,0,0,0,120,None,None,None,None,0,3.442,3.4437,3.44,0.0016,0.5596,0.5601,0.5591,0.0003,0.7957,0.7968,0.7947,0.0006,-0.0001,-0.0001,-0.0001,0,0,0,0,0,0,0,0,0,0,0,0,0,193.175,311,45,60.2918,0,0,0,0,286.7833,529,131,65.1197,35,41.6333,47,39,23.66,23.68,23.63
2022-11-20 01:40:00,1.8098,3.4852,0.5044,0.6291,120,108.0954,32.8244,120,79.5501,79.6228,79.4702,0.0336,120,25.8843,25.916,25.8702,0.0084,120,1006.5249,1006.6408,1006.4028,0.0965,120,0,0,0,0,120,0,0,0,0,120,13.7157,14.2604,13.2775,0.2279,120,120,0,0,0,0,0,120,None,None,None,None,0,3.4421,3.444,3.44,0.0016,0.5588,0.5592,0.5587,0.0001,0.7955,0.7962,0.7947,0.0003,-0.0001,-0.0001,-0.0001,0,0,0,0,0,0,0,0,0,0,0,0,0,173.8917,356,32,68.3774,0,0,0,0,334.4917,999,167,134.8063,35,41.45,47,39,23.66,23.68,23.63
2022-11-20 01:50:00,2.0022,3.89,0.5964,0.693,120,101.0578,29.1789,120,79.4801,79.5618,79.3176,0.06,120,25.9183,25.9618,25.8763,0.026,120,1006.5493,1006.6408,1006.4028,0.0929,120,0,0,0,0,120,0,0,0,0,120,13.773,14.2604,13.2775,0.1744,120,120,0,0,0,0,0,120,None,None,None,None,0,3.4425,3.444,3.44,0.0015,0.5592,0.5596,0.5588,0.0003,0.7948,0.7956,0.7932,0.0006,-0.0001,-0.0001,-0.0001,0,0,0,0,0,0,0,0,0,0,0,0,0,194.8,400,42,75.3315,0,0,0,0,296.4083,973,104,102.3921,35,41.55,47,39,23.66,23.68,23.63
2022-11-20 02:00:00,2.1472,4.3684,0.7344,0.6946,120,100.9281,26.5041,120,79.1599,79.3481,79.0124,0.1012,120,25.9457,25.974,25.9069,0.0179,120,1006.492,1006.6408,1006.4211,0.0914,120,0,0,0,0,120,0,0,0,0,120,13.6543,14.2604,13.2775,0.2182,120,120,0,0,0,0,0,120,None,None,None,None,0,3.4415,3.444,3.4404,0.0015,0.5595,0.5597,0.5591,0.0002,0.7916,0.7935,0.7901,0.001,-0.0001,-0.0001,-0.0001,0,0,0,0,0,0,0,0,0,0,0,0,0,210.5667,452,57,75.5027,0,0,0,0,289.3833,641,100,78.4064,34.7,41.6333,47,39,23.66,23.68,23.63
2022-11-20 02:10:00,2.2535,4.212,0.394,0.8048,120,104.898,25.7351,120,79.0793,79.1955,78.9514,0.0638,120,25.9499,25.9801,25.9099,0.0193,120,1006.5149,1006.8056,1006.4028,0.0975,120,0,0,0,0,120,0,0,0,0,120,13.7403,14.2604,13.2775,0.2323,120,120,0,0,0,0,0,120,None,None,None,None,0,3.4419,3.4468,3.44,0.0016,0.5595,0.5598,0.5591,0.0002,0.7908,0.792,0.7895,0.0006,-0.0001,-0.0001,-0.0001,0,0,0,0,0,0,0,0,0,0,0,0,0,222.125,435,20,87.4831,0,0,0,0,299.5083,542,124,74.4394,34,41.6833,47,39,23.66,23.68,23.63
2022-11-20 02:20:00,1.6072,2.9148,0.5688,0.5574,120,117.1598,35.1246,120,78.9275,78.9819,78.8903,0.0182,120,25.9744,25.9923,25.9618,0.0055,120,1006.5853,1006.6408,1006.4028,0.0676,120,0,0,0,0,120,0,0,0,0,120,13.6993,14.2604,13.2775,0.2323,120,120,0,0,0,0,0,120,None,None,None,None,0,3.4431,3.444,3.44,0.0011,0.5597,0.5599,0.5596,0.0001,0.7893,0.7898,0.7889,0.0002,-0.0001,-0.0001,-0.0001,0,0,0,0,0,0,0,0,0,0,0,0,0,151.8667,294,39,60.5868,0,0,0,0,334.25,631,114,100.5548,34,41.5667,47,39,23.65,23.68,23.63
2022-11-20 02:30:00,1.9388,3.5956,0.7528,0.6723,120,116.4286,30.891,120,78.9196,78.9514,78.8598,0.0242,120,25.9687,25.9893,25.9496,0.0095,120,1006.505,1006.6225,1006.238,0.096,120,0,0,0,0,120,0,0,0,0,120,13.6338,14.2604,13.2775,0.2465,120,120,0,0,0,0,0,120,None,None,None,None,0,3.4418,3.4437,3.4373,0.0016,0.5597,0.5599,0.5595,0.0001,0.7892,0.7895,0.7886,0.0002,-0.0001,-0.0001,-0.0001,0,0,0,0,0,0,0,0,0,0,0,0,0,187.9083,368,59,73.0758,0,0,0,0,331.9417,623,113,88.8221,34,41.7833,47,39,23.65,23.68,23.63
2022-11-20 02:40:00,1.5041,2.832,0.5872,0.4439,120,112.506,33.9272,120,78.9977,79.0735,78.9209,0.0444,120,25.9493,25.9618,25.9404,0.005,120,1006.5212,1006.6225,1006.4028,0.0939,120,0,0,0,0,120,0,0,0,0,120,13.6665,14.2604,13.2775,0.2375,120,120,0,0,0,0,0,120,None,None,None,None,0,3.442,3.4437,3.44,0.0016,0.5595,0.5596,0.5594,0.0001,0.79,0.7907,0.7892,0.0004,-0.0001,-0.0001,-0.0001,0,0,0,0,0,0,0,0,0,0,0,0,0,140.6583,285,41,48.2524,0,0,0,0,332.8417,991,49,121.9955,34,41.9667,47,39,23.65,23.68,23.63
2022-11-20 02:50:00,1.4797,3.5128,0.6148,0.563,120,105.9159,26.314,120,79.122,79.2261,79.0429,0.0469,120,25.9559,25.974,25.9465,0.0051,120,1006.5145,1006.6225,1006.4028,0.093,120,0,0,0,0,120,0,0,0,0,120,13.7403,14.2604,13.2775,0.2141,120,120,0,0,0,0,0,120,None,None,None,None,0,3.4419,3.4437,3.44,0.0016,0.5596,0.5597,0.5595,0.0001,0.7912,0.7923,0.7904,0.0005,-0.0001,-0.0001,-0.0001,0,0,0,0,0,0,0,0,0,0,0,0,0,138.0083,359,44,61.1979,0,0,0,0,304.35,698,147,79.318,34,41.7167,49,39,23.66,23.68,23.63
2022-11-20 03:00:00,1.5329,3.0436,0.5412,0.5783,120,111.5062,33.8947,120,79.3112,79.5312,79.1955,0.097,120,25.9856,26.035,25.9587,0.019,120,1006.5806,1006.7873,1006.4211,0.0789,120,0,0,0,0,120,0,0,0,0,120,13.7403,14.2604,13.2775,0.2044,120,120,0,0,0,0,0,120,None,None,None,None,0,3.443,3.4465,3.4404,0.0013,0.5599,0.5604,0.5596,0.0002,0.7931,0.7953,0.792,0.001,-0.0001,-0.0001,-0.0001,0,0,0,0,0,0,0,0,0,0,0,0,0,143.7917,308,36,62.8569,0,0,0,0,322.5,747,128,101.0475,34,41.6,47,39,23.65,23.68,23.63
2022-11-20 03:10:00,1.4482,3.292,0.6884,0.5855,120,136.7156,36.2958,120,79.6175,79.7449,79.4702,0.0687,120,26.0594,26.093,26.0045,0.0209,120,1006.617,1006.8056,1006.4211,0.0552,120,0.01,0.4803,0,0.0653,120,0,0,0,0,120,13.2816,13.7689,12.2946,0.2813,120,120,0,0,0,0,0,120,None,None,None,None,0,3.4436,3.4468,3.4404,0.0009,0.5606,0.5609,0.5601,0.0002,0.7962,0.7974,0.7947,0.0007,-0.0001,-0.0001,-0.0001,0,0,0,0,0,0,0,0,0,0,0,0,0,134.5833,335,52,63.6448,0,0,0,0,388.85,679,168,103.4501,34,41.5667,47,39,23.66,23.68,23.63
2022-11-20 03:20:00,2.2147,5.9508,0.5136,1.132,120,95.3099,37.0972,120,79.7784,80.1111,79.4092,0.1891,120,25.8173,26.0015,25.5589,0.1436,120,1006.7533,1006.9887,1006.5859,0.0852,120,0.2283,1.922,0,0.4884,120,0,0,0,0,120,13.2447,13.7689,12.2946,0.5006,120,120,0,0,0,0,0,120,None,None,None,None,0,3.4459,3.4498,3.4431,0.0014,0.5582,0.56,0.5556,0.0014,0.7978,0.8011,0.7941,0.0019,-0.0001,-0.0001,-0.0001,0,0,0,0,0,0,0,0,0,0,0,0,0,217.9,624,33,123.0489,0,0,0,0,285.2417,1005,0,137.2619,34,41.5667,47,39,23.66,23.68,23.63
2022-11-20 03:30:00,1.5382,3.3564,0.5688,0.5793,120,82.195,34.8961,120,80.7276,81.4539,80.0195,0.4125,120,25.3365,25.5528,25.1866,0.1067,120,1006.7978,1007.0071,1006.5859,0.0548,120,3.136,3.8449,0.9614,0.5853,120,0,0,0,0,120,13.3102,13.7689,12.786,0.2606,120,120,0,0,0,0,0,120,None,None,None,None,0,3.4466,3.4501,3.4431,0.0009,0.5534,0.5555,0.5519,0.0011,0.8073,0.8145,0.8002,0.0041,-0.0001,-0.0001,-0.0001,0,0,0,0,0,0,0,0,0,0,0,0,0,144.3667,342,39,62.9719,0,0,0,0,244.4083,919,33,116.0495,34,41.8667,47,39,23.65,23.68,23.63
2022-11-20 03:40:00,1.8896,3.8624,0.5596,0.6815,120,89.0082,33.4917,120,81.8982,82.4,81.4539,0.2981,120,25.1124,25.1927,25.0707,0.0397,120,1006.798,1006.9887,1006.6042,0.0685,120,3.4705,4.5661,2.163,0.464,120,0,0,0,0,120,13.4454,13.7689,13.2775,0.2341,120,120,0,0,0,0,0,120,None,None,None,None,0,3.4466,3.4498,3.4434,0.0011,0.5511,0.5519,0.5507,0.0004,0.819,0.824,0.8145,0.003,-0.0001,-0.0001,-0.0001,0,0,0.0001,0,0,0,0,0,0,0,0,0,0,182.5667,397,38,74.0731,0,0,0,0,274.3,1004,21,136.5524,34,41.6167,47,39,23.65,23.68,23.63
2022-11-20 03:50:00,1.4101,2.6296,0.394,0.5102,120,95.4936,39.716,120,82.7751,83.1629,82.3695,0.2177,120,25.0715,25.0859,25.0615,0.0047,120,1006.8532,1007.0071,1006.5859,0.0944,120,2.7174,3.6047,2.163,0.3862,120,0,0,0,0,120,13.4618,13.7689,13.2775,0.2389,120,120,0,0,0,0,0,120,None,None,None,None,0,3.4476,3.4501,3.4431,0.0016,0.5507,0.5509,0.5506,0.0001,0.8278,0.8316,0.8237,0.0022,-0.0001,-0.0001,-0.0001,0,0,0,0,0,0,0,0,0,0,0,0,0,130.4417,263,20,55.4577,0,0,0,0,292.9333,987,51,140.7707,34,41.5,47,39,23.65,23.68,23.63
2022-11-20 04:00:00,1.2658,2.8504,0.348,0.4943,120,91.0708,40.696,120,83.4974,83.8343,83.1629,0.1956,120,25.0923,25.1317,25.0707,0.0135,120,1006.8212,1006.9887,1006.769,0.0699,120,2.4331,3.3646,1.922,0.3107,120,0,0,0,0,120,13.5396,14.2604,13.2775,0.2543,120,120,0,0,0,0,0,120,None,None,None,None,0,3.447,3.4498,3.4462,0.0012,0.5509,0.5513,0.5507,0.0001,0.835,0.8383,0.8316,0.002,-0.0001,-0.0001,-0.0001,0,0,0,0,0,0,0,0,0,0,0,0,0,114.7583,287,15,53.7264,0,0,0,0,275.0167,872,15,133.0223,34,41.7,47,39,23.65,23.68,23.63
2022-11-20 04:10:00,1.4834,2.6296,0.2284,0.5548,120,92.1153,39.105,120,83.9389,84.048,83.7733,0.0553,120,25.1553,25.1805,25.1042,0.0182,120,1006.7876,1006.9887,1006.6042,0.0583,120,2.7434,4.085,2.163,0.3349,120,0,0,0,0,120,13.5478,13.7689,13.2775,0.2455,120,120,0,0,0,0,0,120,None,None,None,None,0,3.4465,3.4498,3.4434,0.001,0.5515,0.5518,0.551,0.0002,0.8394,0.8405,0.8377,0.0006,-0.0001,-0.0001,-0.0001,0,0,0.0001,0,0,0,0,0,0,0,0,0,0,138.4167,263,2,60.3045,0,0,0,0,282.8667,991,38,136.1859,34,41.85,47,39,23.64,23.68,23.63
2022-11-20 04:20:00,1.5745,2.9608,0.4768,0.4826,120,99.9423,31.1901,120,84.0536,84.2311,83.8649,0.0852,120,25.0777,25.1012,25.0554,0.0116,120,1006.8964,1007.1718,1006.6225,0.1053,120,4.0872,5.0465,3.6047,0.3462,120,0,0,0,0,120,13.47,13.7689,13.2775,0.2409,120,120,0,0,0,0,0,120,None,None,None,None,0,3.4483,3.4529,3.4437,0.0018,0.5508,0.551,0.5505,0.0001,0.8405,0.8423,0.8386,0.0009,-0.0001,-0.0001,-0.0001,0,0.0001,0.0001,0,0,0,0,0,0,0,0,0,0,148.3167,299,29,52.4585,0,0,0,0,285.1833,598,36,91.4377,34,41.6,47,39,23.65,23.68,23.63
2022-11-20 04:30:00,1.1535,2.2064,0.4216,0.3677,120,100.3765,29.9683,120,84.1177,84.2311,83.9564,0.0767,120,25.1543,25.2049,25.0829,0.0376,120,1007.1154,1007.1902,1006.9704,0.0859,120,4.3075,5.5268,3.3646,0.4408,120,0,0,0,0,120,13.4945,13.7689,13.2775,0.2451,120,120,0,0.0025,0.3052,0,0.0279,120,None,None,None,None,0,3.4519,3.4532,3.4495,0.0014,0.5515,0.5521,0.5508,0.0004,0.8412,0.8423,0.8396,0.0008,-0.0001,-0.0001,-0.0001,0,0.0001,0.0001,0,0,0,0,0,0,0,0.0003,0,0,102.55,217,23,39.9687,0,0,0,0,283.8583,492,4,86.82,34,41.4833,47,39,23.66,23.68,23.63
2022-11-20 04:40:00,1.2908,2.2432,0.6056,0.3804,120,107.0508,33.6569,120,83.8425,84.0175,83.6818,0.1028,120,25.2564,25.3056,25.2049,0.0277,120,1007.1488,1007.3733,1006.9704,0.0691,120,5.3787,6.0079,4.5661,0.3414,120,0.4883,1.8319,0,0.4067,120,13.5846,14.2604,13.2775,0.2473,120,120,0,1.292,2.4415,0,0.5825,120,None,None,None,None,0,3.4525,3.4562,3.4495,0.0012,0.5526,0.5531,0.5521,0.0003,0.8384,0.8402,0.8368,0.001,-0.0001,-0.0001,-0.0001,0,0.0001,0.0001,0.0001,0,0,0,0,0,0.0013,0.0024,0,0.0006,117.4833,221,43,41.3487,0,0,0,0,313.6583,959,106,111.0235,34,41.9,47,41,23.66,23.68,23.63
2022-11-20 04:50:00,1.4574,3.0712,0.532,0.5103,120,108.4888,33.5534,120,83.537,83.6818,83.3766,0.082,120,25.3727,25.4704,25.3026,0.0454,120,1007.1871,1007.3733,1006.9887,0.0642,120,10.1949,15.6197,5.7669,3.1861,120,6.6679,12.8223,1.4658,3.6832,120,13.7608,14.7535,13.2775,0.2626,120,120,0,6.7929,12.5126,2.4415,3.3006,120,89.32,89.94,88.68,0.43,77,3.4531,3.4562,3.4498,0.0011,0.5537,0.5547,0.553,0.0004,0.8354,0.8368,0.8338,0.0008,-0.0001,-0.0001,-0.0001,0,0.0001,0.0002,0.0001,0,0.0001,0.0001,0,0,0.0068,0.0125,0.0024,0.0033,135.5833,311,35,55.4638,0,0,0,0,319.0417,816,146,105.7758,34,41.65,47,39,23.66,23.68,23.63
2022-11-20 05:00:00,1.3894,2.6204,0.348,0.4665,120,102.9547,29.8309,120,83.0383,83.3766,82.8272,0.1597,120,25.5024,25.5193,25.4643,0.01,120,1007.2184,1007.3733,1006.9704,0.0842,120,18.4192,24.7512,14.4181,3.4601,120,16.8773,22.7143,12.8223,3.5542,120,14.6008,17.7038,13.7689,1.074,120,120,0,15.6585,20.1422,11.9022,2.8612,120,87.4,88.68,86.14,0.68,120,3.4536,3.4562,3.4495,0.0014,0.555,0.5552,0.5546,0.0001,0.8304,0.8338,0.8283,0.0016,-0.0001,-0.0001,-0.0001,0,0.0002,0.0003,0.0002,0,0.0001,0.0002,0.0001,0,0.0157,0.0201,0.0119,0.0029,128.2,262,15,50.7039,0,0,0,0,302.75,995,68,106.6525,34,41.45,47,39,23.66,23.68,23.63
2022-11-20 05:10:00,1.2793,2.786,0.394,0.5582,120,104.9659,32.6366,120,82.6505,82.8578,82.4305,0.1389,120,25.5632,25.5956,25.5162,0.0213,120,1007.3405,1007.5198,1007.1535,0.0543,120,27.5307,29.3173,24.511,1.6863,120,26.6472,28.9436,23.0816,2.136,120,14.4207,14.7535,13.7689,0.2405,120,120,0,23.3187,25.3304,20.1422,1.7567,120,85.06,86.14,83.86,0.68,120,3.4557,3.4587,3.4526,0.0009,0.5556,0.556,0.5552,0.0002,0.8265,0.8286,0.8243,0.0014,-0.0001,-0.0001,-0.0001,0,0.0003,0.0004,0.0003,0,0.0002,0.0002,0.0002,0,0.0233,0.0253,0.0201,0.0018,116.225,280,20,60.6747,0,0,0,0,300.35,690,3,96.4853,34,41.8833,47,39,23.66,23.68,23.63
2022-11-20 05:20:00,1.3762,2.7216,0.5228,0.4608,120,112.167,27.2113,120,82.3491,82.461,82.2169,0.0642,120,25.5785,25.6108,25.5528,0.0151,120,1007.3785,1007.5381,1007.1535,0.0684,120,35.5549,42.0528,29.0764,4.0714,120,34.6982,41.3998,28.5762,3.8989,120,14.9824,17.2108,14.2604,0.7753,120,120,0,29.9081,35.4015,24.1096,3.6341,120,82.72,83.86,81.57,0.69,120,3.4563,3.459,3.4526,0.0011,0.5558,0.5561,0.5555,0.0001,0.8235,0.8246,0.8222,0.0006,-0.0001,-0.0001,-0.0001,0,0.0005,0.0005,0.0004,0.0001,0.0003,0.0003,0.0002,0,0.0299,0.0354,0.0241,0.0036,126.7583,273,34,50.0893,0,0,0,0,319.1167,571,134,78.4582,34,41.7,49,39,23.66,23.68,23.63
2022-11-20 05:30:00,1.3312,2.6296,0.3296,0.4236,120,114.6956,29.0591,120,82.2418,82.3695,82.1253,0.0432,120,25.762,26.0625,25.6108,0.1301,120,1007.4798,1007.7212,1007.3366,0.0764,120,78.3449,149.7087,42.0528,33.1623,120,109.9259,217.2569,41.0336,54.511,120,196.0025,370.7863,17.2108,126.5118,120,120,0,75.0323,156.2548,34.1807,37.2373,120,80.37,81.57,79.28,0.69,120,3.458,3.462,3.4556,0.0013,0.5576,0.5606,0.5561,0.0013,0.8224,0.8237,0.8213,0.0004,-0.0012,-0.0001,-0.0023,0.0008,0.001,0.0019,0.0005,0.0004,0.0009,0.0018,0.0003,0.0005,0.075,0.1563,0.0342,0.0372,121.875,263,13,46.039,0,0,0,0,327.9417,668,149,85.2825,34,41.65,47,39,23.66,23.68,23.63
2022-11-20 05:40:00,1.7516,2.786,0.762,0.4543,120,97.7409,21.7952,120,81.4104,82.3084,80.813,0.5002,120,26.4053,26.5416,26.0686,0.145,120,1007.6073,1007.7212,1007.5014,0.094,120,134.7681,165.8094,98.0441,24.7332,120,175.057,252.4286,91.2257,67.3163,120,221.4797,467.1705,15.7364,195.4853,120,120,0,138.6252,184.9422,82.7052,39.0575,120,78.02,79.28,76.74,0.68,120,3.4601,3.462,3.4584,0.0016,0.5641,0.5654,0.5607,0.0014,0.8141,0.8231,0.8081,0.005,-0.0014,-0.0001,-0.0029,0.0012,0.0017,0.0021,0.0012,0.0003,0.0015,0.0021,0.0008,0.0006,0.1386,0.1849,0.0827,0.0391,167.5667,280,60,49.379,0,0,0,0,278.2833,475,144,62.9513,34,41.6667,47,39,23.66,23.68,23.63
2022-11-20 05:50:00,1.743,3.6232,0.6332,0.6919,120,107.6307,32.0747,120,80.7731,81.3318,80.3247,0.2073,120,26.392,26.5111,26.2822,0.0734,120,1007.6617,1007.9043,1007.5014,0.0848,120,128.5302,173.0181,97.3228,26.6698,120,146.1933,308.1164,91.2257,72.5612,120,105.1009,513.8866,14.7535,183.0002,120,120,0,118.539,216.9866,81.7896,44.3457,120,75.67,76.74,74.45,0.68,120,3.461,3.4651,3.4584,0.0014,0.5639,0.5651,0.5628,0.0007,0.8077,0.8133,0.8032,0.0021,-0.0007,-0.0001,-0.0032,0.0011,0.0016,0.0022,0.0012,0.0003,0.0012,0.0026,0.0008,0.0006,0.1185,0.217,0.0818,0.0443,166.625,371,46,75.2012,0,0,0,0,308.6833,628,23,94.6658,34,41.5167,47,39,23.66,23.68,23.63
2022-11-20 06:00:00,2.3015,4.8284,0.5688,0.8743,120,111.4471,37.2829,120,80.6523,81.3318,79.5618,0.4884,120,26.7202,27.1245,26.328,0.2599,120,1007.745,1007.9043,1007.6846,0.0742,120,172.0752,188.1575,159.0811,10.0723,120,338.4789,365.2701,308.8487,12.6191,120,570.2632,611.2552,513.8866,26.5253,120,120,0,246.3327,267.9525,218.2073,11.0135,120,73.32,74.45,72.15,0.69,120,3.4624,3.4651,3.4614,0.0012,0.5672,0.5713,0.5633,0.0026,0.8065,0.8133,0.7956,0.0049,-0.0035,-0.0032,-0.0038,0.0002,0.0022,0.0024,0.002,0.0001,0.0028,0.003,0.0026,0.0001,0.2463,0.268,0.2182,0.011,227.3333,502,39,95.0368,0,0,0,0,331.175,978,32,125.8918,34,41.6333,47,39,23.66,23.68,23.63
2022-11-20 06:10:00,2.6086,5.1596,0.8264,1.0001,120,99.086,28.7094,120,78.7126,79.9585,77.9748,0.5832,120,27.2606,27.2985,27.1306,0.0363,120,1007.8802,1008.0874,1007.7029,0.0866,120,204.2737,230.4512,170.8559,19.5771,120,368.0112,458.3277,204.0672,81.3628,120,481.1935,643.2195,23.6046,223.4269,120,120,0,283.1762,348.8266,182.8059,52.135,120,70.97,72.15,69.86,0.69,120,3.4647,3.4681,3.4617,0.0014,0.5726,0.573,0.5713,0.0004,0.7871,0.7996,0.7797,0.0058,-0.003,-0.0001,-0.004,0.0014,0.0026,0.0029,0.0022,0.0002,0.0031,0.0038,0.0017,0.0007,0.2832,0.3488,0.1828,0.0521,260.7167,538,67,108.7113,0,0,0,0,283.7167,567,104,83.5373,34,41.5,47,39,23.66,23.68,23.63
2022-11-20 06:20:00,2.8114,5.1872,1.0472,0.8106,120,93.2987,29.4362,120,77.1688,77.9138,76.1437,0.5546,120,27.4257,27.5426,27.2802,0.094,120,1007.9179,1008.1057,1007.7029,0.0811,120,220.8547,233.5748,204.0173,8.4738,120,425.5646,478.8439,301.8884,51.812,120,534.9345,656.9884,236.0442,122.1641,120,120,0,330.0755,367.748,247.1999,34.2594,120,68.61,69.86,67.56,0.68,120,3.4653,3.4684,3.4617,0.0014,0.5743,0.5754,0.5728,0.0009,0.7717,0.7791,0.7614,0.0055,-0.0033,-0.0015,-0.0041,0.0008,0.0028,0.003,0.0026,0.0001,0.0035,0.004,0.0025,0.0004,0.3301,0.3677,0.2472,0.0343,282.7583,541,91,88.1058,0,0,0,0,277.8917,930,33,110.4058,34,41.5,47,39,23.66,23.68,23.63
2022-11-20 06:30:00,2.6518,5.5368,0.5596,1.146,120,104.4955,39.587,120,75.4293,76.4183,74.5262,0.529,120,27.4723,27.5396,27.271,0.0671,120,1008.0345,1008.2888,1007.7029,0.1057,120,173.1685,205.2189,149.9488,17.0733,120,259.7219,418.7599,159.7371,88.6435,120,215.1114,534.5408,33.9317,173.4462,120,120,0,213.1489,326.8532,140.6903,63.3361,120,66.25,67.31,65.01,0.68,120,3.4672,3.4715,3.4617,0.0018,0.5747,0.5754,0.5727,0.0007,0.7543,0.7642,0.7453,0.0053,-0.0013,-0.0002,-0.0033,0.0011,0.0022,0.0026,0.0019,0.0002,0.0022,0.0035,0.0013,0.0007,0.2131,0.3269,0.1407,0.0633,265.4083,579,38,124.5658,0,0,0,0,302.4417,661,13,115.7218,34,41.5833,47,39,23.67,23.68,23.63
2022-11-20 06:40:00,2.4469,5.546,0.6424,1.0849,120,117.353,39.3966,120,74.7274,75.045,74.3431,0.1684,120,27.0619,27.2588,26.9353,0.0931,120,1008.0853,1008.2705,1007.886,0.0749,120,140.6595,149.9488,132.8874,4.965,120,146.5536,178.0552,134.0912,12.1483,120,24.9607,81.1408,13.7689,18.6125,120,120,0,129.5434,154.1185,119.0222,9.663,120,63.9,65.01,62.72,0.69,120,3.4681,3.4712,3.4648,0.0012,0.5706,0.5726,0.5694,0.0009,0.7473,0.7505,0.7434,0.0017,-0.0002,-0.0001,-0.0005,0.0001,0.0018,0.0019,0.0017,0.0001,0.0012,0.0015,0.0011,0.0001,0.1295,0.1541,0.119,0.0097,243.1417,580,47,117.9226,0,0,0,0,347.6,1007,53,130.418,34,41.6667,47,39,23.66,23.68,23.63
2022-11-20 06:50:00,2.7469,5.0124,0.8816,0.8443,120,116.1011,32.1872,120,74.473,74.7093,74.3126,0.0864,120,26.8306,26.9445,26.7217,0.0694,120,1008.1623,1008.2888,1008.0691,0.0908,120,131.9686,139.1354,126.8803,3.1297,120,133.7154,150.9436,127.4958,5.2172,120,16.2687,34.4231,13.7689,4.5896,120,120,0,115.9729,127.8726,110.1718,3.7194,120,61.55,62.72,60.42,0.69,120,3.4694,3.4715,3.4678,0.0015,0.5683,0.5694,0.5672,0.0007,0.7447,0.7471,0.7431,0.0009,-0.0001,-0.0001,-0.0002,0,0.0017,0.0018,0.0016,0,0.0011,0.0013,0.0011,0,0.116,0.1279,0.1102,0.0037,275.75,522,73,91.7713,0,0,0,0,330.675,608,29,92.6268,34,41.4833,47,39,23.67,23.68,23.63
2022-11-20 07:00:00,2.0168,4.3316,0.5596,0.8169,120,112.0577,32.7549,120,75.0224,75.4112,74.5567,0.2476,120,26.8341,27.152,26.7064,0.1326,120,1008.199,1008.3071,1008.0691,0.0937,120,156.8559,171.8165,139.1354,10.7276,120,343.147,574.0996,152.4094,147.4861,120,346.5953,727.8021,37.3735,240.4135,120,120,0,280.3786,463.5762,129.3985,117.4744,120,59.2,60.42,58.13,0.68,120,3.47,3.4718,3.4678,0.0016,0.5683,0.5715,0.5671,0.0013,0.7502,0.7541,0.7456,0.0025,-0.0022,-0.0002,-0.0045,0.0015,0.002,0.0022,0.0018,0.0001,0.0029,0.0048,0.0013,0.0012,0.2804,0.4636,0.1294,0.1175,196.3917,448,38,88.7927,0,0,0,0,319.3417,603,127,93.7528,34,41.6667,47,39,23.66,23.68,23.63
2022-11-20 07:10:00,2.7313,4.9572,0.4676,1.0767,120,105.4146,36.482,120,74.4908,75.1976,73.9463,0.3897,120,27.3044,27.4267,27.1581,0.0775,120,1008.3488,1008.4719,1008.0874,0.0978,120,176.3645,228.048,154.2748,23.6233,120,327.152,567.8715,166.3313,102.9107,120,266.3486,578.3081,19.1782,166.4326,120,120,0,272.6396,477.9199,141.9111,85.247,120,56.85,58.13,55.59,0.68,120,3.4725,3.4745,3.4681,0.0016,0.573,0.5743,0.5716,0.0008,0.7449,0.752,0.7395,0.0039,-0.0017,-0.0001,-0.0036,0.001,0.0022,0.0029,0.002,0.0003,0.0027,0.0047,0.0014,0.0009,0.2726,0.4779,0.1419,0.0852,274.05,516,28,117.0293,0,0,0,0,319.2167,1014,52,133.7376,34,41.5167,47,39,23.66,23.68,23.63
2022-11-20 07:20:00,2.4193,5.178,0.9092,0.908,120,116.9445,30.9367,120,74.3062,74.8924,73.6717,0.3823,120,27.3998,27.5243,27.21,0.1067,120,1008.3813,1008.4719,1008.2705,0.0868,120,202.0009,247.2717,171.3362,24.3303,120,343.8919,566.0396,175.8571,145.0818,120,238.2283,610.7638,14.7535,240.2017,120,120,0,293.2498,476.6991,150.4563,120.3768,120,54.51,55.59,53.31,0.68,120,3.473,3.4745,3.4712,0.0014,0.574,0.5752,0.5721,0.0011,0.7431,0.7489,0.7367,0.0038,-0.0015,-0.0001,-0.0038,0.0015,0.0026,0.0031,0.0022,0.0003,0.0029,0.0047,0.0015,0.0012,0.2932,0.4767,0.1505,0.1204,240.1417,540,76,98.6921,0,0,0,0,333.4083,629,45,90.2439,34,41.75,47,39,23.67,23.68,23.63
2022-11-20 07:30:00,2.2002,5.6196,1.084,0.7376,120,115.8319,36.9482,120,74.1068,74.7398,73.6106,0.3283,120,27.4539,27.7105,27.3748,0.0864,120,1008.4222,1008.6734,1008.2705,0.0854,120,233.5287,293.8906,167.2512,43.0645,120,477.3601,767.5426,171.461,251.1319,120,373.5395,781.4035,14.2604,332.187,120,120,0,412.4831,659.505,145.5733,215.867,120,52.17,53.31,51.03,0.69,120,3.4737,3.4779,3.4712,0.0014,0.5745,0.5771,0.5737,0.0009,0.7411,0.7474,0.7361,0.0033,-0.0023,-0.0001,-0.0048,0.0021,0.003,0.0037,0.0021,0.0005,0.004,0.0064,0.0014,0.0021,0.4125,0.6595,0.1456,0.2159,216.325,588,95,80.1703,0,0,0,0,330.4583,670,74,105.8625,34.9,41.8333,47,39,23.67,23.68,23.63
2022-11-20 07:40:00,2.4566,5.7484,0.302,1.0771,120,117.6513,38.0897,120,73.3601,73.8853,72.9698,0.2316,120,27.7095,27.7471,27.6251,0.0298,120,1008.4558,1008.655,1008.2888,0.0593,120,151.4731,221.5598,116.5472,31.6048,120,250.2786,634.551,123.0996,152.829,120,152.8098,622.5653,14.2604,182.3508,120,120,0,208.5508,536.2102,99.1852,130.511,120,49.83,51.03,48.75,0.68,120,3.4743,3.4776,3.4715,0.001,0.5771,0.5775,0.5763,0.0003,0.7336,0.7389,0.7297,0.0023,-0.0009,-0.0001,-0.0039,0.0011,0.0019,0.0028,0.0015,0.0004,0.0021,0.0053,0.001,0.0013,0.2086,0.5362,0.0992,0.1305,244.1917,602,10,117.0793,0,0,0,0,337.9,740,17,113.0589,35,41.5833,49,39,23.67,23.68,23.63
2022-11-20 07:50:00,2.2059,5.3252,0.3664,0.9834,120,134.964,38.5438,120,73.2078,73.5801,72.9698,0.1383,120,27.5808,27.6403,27.5304,0.0261,120,1008.5176,1008.6917,1008.2888,0.0836,120,187.5707,254.2409,117.2677,39.7723,120,472.4019,819.5666,122.0012,227.6663,120,399.6599,771.5678,13.7689,258.7984,120,120,0,405.6469,706.5035,97.9644,198.4562,120,47.5,48.75,46.23,0.68,120,3.4753,3.4782,3.4715,0.0014,0.5758,0.5764,0.5753,0.0003,0.7321,0.7358,0.7297,0.0014,-0.0025,-0.0001,-0.0048,0.0016,0.0024,0.0032,0.0015,0.0005,0.0039,0.0068,0.001,0.0019,0.4056,0.7065,0.098,0.1985,216.95,556,17,106.8867,0,0,0,0,386.75,880,89,116.175,35,41.45,47,39,23.67,23.68,23.63
2022-11-20 08:00:00,2.7862,5.3528,1.2956,0.8376,120,98.3998,27.0612,120,72.956,73.397,72.573,0.2158,120,27.8331,27.9943,27.6403,0.0884,120,1008.6128,1008.71,1008.4536,0.0932,120,272.634,312.3945,236.4583,23.3909,120,694.4884,945.964,253.1609,249.2171,120,568.5299,867.9536,16.2278,320.0076,120,120,0,606.0467,833.7657,218.8177,218.6383,120,45.17,46.23,43.97,0.68,120,3.4769,3.4785,3.4742,0.0016,0.5783,0.5799,0.5764,0.0009,0.7296,0.734,0.7257,0.0022,-0.0035,-0.0001,-0.0054,0.002,0.0035,0.004,0.003,0.0003,0.0058,0.0079,0.0021,0.0021,0.606,0.8338,0.2188,0.2186,280.0167,559,118,91.0456,0,0,0,0,287.8833,997,100,98.5087,35,41.6,47,39,23.67,23.68,23.63
2022-11-20 08:10:00,2.7836,4.5432,0.854,0.7478,120,131.987,37.214,120,72.4995,73.1834,72.0847,0.2892,120,27.8909,28.0706,27.6678,0.1373,120,1008.7057,1008.8931,1008.4902,0.0771,120,277.1818,323.448,235.7378,26.4595,120,346.9144,983.6999,243.2689,149.3447,120,93.3972,838.9397,14.2604,164.3585,120,120,0,312.1103,862.1479,214.8503,136.2652,120,42.86,43.97,41.72,0.68,120,3.4784,3.4816,3.4748,0.0013,0.5789,0.5807,0.5767,0.0014,0.725,0.7318,0.7208,0.0029,-0.0006,-0.0001,-0.0052,0.001,0.0035,0.0041,0.003,0.0003,0.0029,0.0082,0.002,0.0012,0.3121,0.8621,0.2149,0.1363,279.7417,471,70,81.2842,0,0,0,0,376.7,671,127,106.8597,35,41.7167,47,39,23.67,23.68,23.63
2022-11-20 08:20:00,2.5049,5.2792,0.3572,0.914,120,116.6267,44.7806,120,73.2953,73.9463,72.8782,0.2629,120,27.7126,27.8356,27.6647,0.0457,120,1008.5977,1008.6917,1008.4719,0.0967,120,294.7479,449.3669,177.5843,96.9508,120,535.0784,1130.9796,183.1849,376.2967,120,299.7798,896.4744,13.7689,350.3911,120,120,0,485.6512,1015.0456,166.6311,339.4459,120,40.56,41.72,39.47,0.67,120,3.4766,3.4782,3.4745,0.0016,0.5771,0.5784,0.5766,0.0005,0.733,0.7395,0.7288,0.0026,-0.0019,-0.0001,-0.0056,0.0022,0.0037,0.0057,0.0023,0.0012,0.0045,0.0094,0.0015,0.0031,0.4857,1.015,0.1666,0.3394,249.4417,551,16,99.347,0,0,0,0,339.8583,958,2,137.7812,35.5,41.75,47,41,23.67,23.68,23.63
2022-11-20 08:30:00,3.3044,5.868,1.0012,1.2158,120,97.1787,33.3655,120,73.2739,74.1295,72.4815,0.4377,120,28.0408,28.15,27.8417,0.0974,120,1008.6013,1008.71,1008.4719,0.096,120,344.3585,374.3921,311.6732,16.5609,120,706.8228,1125.1176,324.6026,325.2232,120,430.8826,924.9968,15.7364,378.7919,120,120,0,628.1574,1007.416,282.9066,292.0171,120,38.27,39.47,37.25,0.66,120,3.4767,3.4785,3.4745,0.0016,0.5804,0.5815,0.5784,0.001,0.7327,0.7413,0.7248,0.0044,-0.0027,-0.0001,-0.0057,0.0024,0.0044,0.0048,0.004,0.0002,0.0059,0.0094,0.0027,0.0027,0.6282,1.0074,0.2829,0.292,336.35,615,86,132.1531,0,0,0,0,281.6667,693,26,99.8272,36,41.5833,47,39,23.68,23.68,23.63
2022-11-20 08:40:00,3.1585,5.2884,0.4952,1.0159,120,113.92,35.8732,120,72.3551,73.2444,71.5964,0.4351,120,28.2084,28.3422,28.1225,0.0504,120,1008.6305,1008.8748,1008.4902,0.0968,120,299.3277,336.1843,256.8843,21.9353,120,978.8943,1132.8115,298.2245,238.0696,120,786.8498,909.2604,27.5379,268.6033,120,120,0,875.075,1017.7923,261.5436,217.3077,120,35.99,37,34.79,0.66,120,3.4772,3.4812,3.4748,0.0016,0.5821,0.5834,0.5812,0.0005,0.7236,0.7324,0.716,0.0044,-0.0049,-0.0002,-0.0056,0.0017,0.0038,0.0043,0.0033,0.0003,0.0082,0.0094,0.0025,0.002,0.8751,1.0178,0.2615,0.2173,320.4917,552,31,110.4275,0,0,0,0,334.45,983,140,116.4699,36,41.75,47,39,23.68,23.68,23.63
2022-11-20 08:50:00,2.9567,5.2884,0.8356,0.9529,120,116.4659,34.6826,120,70.7485,72.5425,69.277,0.9852,120,28.4886,28.6016,28.3453,0.0603,120,1008.6576,1008.71,1008.4902,0.0827,120,295.5049,359.4937,223.4819,39.509,120,754.927,1156.9928,237.0408,302.4181,120,522.8085,916.1457,18.6868,305.6654,120,120,0,677.0582,1038.8501,208.4414,273.3806,120,33.73,34.79,32.6,0.66,120,3.4776,3.4785,3.4748,0.0014,0.5849,0.586,0.5835,0.0006,0.7075,0.7254,0.6928,0.0099,-0.0032,-0.0001,-0.0057,0.0019,0.0038,0.0046,0.0028,0.0005,0.0063,0.0096,0.002,0.0025,0.6771,1.0389,0.2084,0.2734,298.5583,552,68,103.5775,0,0,0,0,332.2667,570,80,98.806,36,41.6667,47,39,23.68,23.68,23.63
2022-11-20 09:00:00,2.7062,5.4356,0.44,1.0926,120,110.3234,40.7963,120,69.4385,70.0095,68.9413,0.275,120,28.1448,28.3758,28.0218,0.1081,120,1008.7008,1008.8931,1008.4902,0.0759,120,248.4896,273.9457,215.0717,20.2576,120,402.4865,589.4874,232.6447,125.7254,120,174.3774,355.5414,16.2278,118.4937,120,120,0,358.8494,527.665,204.1688,113.2995,120,31.5,32.6,30.44,0.65,120,3.4783,3.4816,3.4748,0.0013,0.5815,0.5838,0.5802,0.0011,0.6944,0.7001,0.6894,0.0028,-0.0011,-0.0001,-0.0022,0.0007,0.0032,0.0035,0.0027,0.0003,0.0034,0.0049,0.0019,0.001,0.3588,0.5277,0.2042,0.1133,271.325,568,25,118.7626,0,0,0,0,321.7,753,25,121.2904,36,41.6,47,39,23.68,23.68,23.63
2022-11-20 09:10:00,2.8773,5.086,0.44,0.8867,120,126.5842,37.0601,120,69.3215,70.0705,68.7582,0.303,120,28.1623,28.4216,28.0432,0.125,120,1008.7579,1008.9297,1008.5269,0.0898,120,255.8148,291.2472,216.2732,18.7452,120,915.9216,1108.2653,530.5018,184.2831,120,710.2626,908.2775,257.6813,199.066,120,120,0,817.3162,990.3256,472.7317,164.6516,120,29.3,30.44,28.3,0.64,120,3.4793,3.4822,3.4754,0.0015,0.5816,0.5842,0.5804,0.0013,0.6932,0.7007,0.6876,0.003,-0.0044,-0.0016,-0.0056,0.0012,0.0032,0.0037,0.0027,0.0002,0.0076,0.0092,0.0044,0.0015,0.8173,0.9903,0.4727,0.1647,289.925,530,25,96.3775,0,0,0,0,357.75,667,5,107.4825,36.4,41.6333,47,39,23.68,23.68,23.63
2022-11-20 09:20:00,2.7427,5.5644,0.7344,1.0561,120,133.2397,40.739,120,68.731,69.277,67.9952,0.2989,120,28.6143,28.8824,28.4277,0.1406,120,1008.6874,1008.9297,1008.5086,0.0918,120,254.0406,330.6575,210.9866,34.3465,120,932.3899,1187.0348,291.2629,244.1607,120,710.9388,930.8975,18.1953,262.8561,120,120,0,834.3989,1072.4204,250.557,223.9669,120,27.12,28.3,25.98,0.62,120,3.4781,3.4822,3.4751,0.0015,0.5861,0.5888,0.5843,0.0014,0.6873,0.6928,0.68,0.003,-0.0044,-0.0001,-0.0058,0.0016,0.0032,0.0042,0.0027,0.0004,0.0078,0.0099,0.0024,0.002,0.8344,1.0724,0.2506,0.224,275.2917,582,57,114.7973,0,0,0,0,376.8917,685,29,117.6399,37,41.5333,47,39,23.68,23.68,23.63
2022-11-20 09:30:00,3.0369,5.7852,0.7528,0.988,120,120.2492,37.7595,120,67.4492,68.0868,66.4388,0.4067,120,28.8844,28.9526,28.8275,0.0299,120,1008.54,1008.7283,1008.3254,0.0894,120,300.1087,345.5559,276.1087,17.0358,120,1042.1234,1250.0504,329.3649,259.2477,120,764.7618,934.341,22.6217,280.3316,120,120,0,944.614,1132.5419,296.6399,235.4851,120,25,25.98,23.94,0.61,120,3.4757,3.4788,3.4721,0.0015,0.5888,0.5895,0.5883,0.0003,0.6745,0.6809,0.6644,0.0041,-0.0047,-0.0001,-0.0058,0.0017,0.0038,0.0044,0.0035,0.0002,0.0087,0.0104,0.0027,0.0022,0.9446,1.1325,0.2966,0.2355,307.275,606,59,107.3861,0,0,0,0,341.2667,634,9,108.917,37,41.45,47,39,23.68,23.68,23.63
2022-11-20 09:40:00,3.3125,5.9048,1.4152,0.9725,120,128.2087,38.7813,120,66.0288,67.2628,65.0655,0.6034,120,28.7919,28.9557,28.4429,0.1578,120,1008.4631,1008.7283,1008.3254,0.0945,120,255.993,330.1764,209.785,28.9558,120,374.6455,1003.8499,218.7227,157.9448,120,124.8696,728.785,13.2775,143.5973,120,120,0,333.0816,924.1005,191.9614,143.1524,120,22.94,23.94,21.96,0.59,120,3.4744,3.4788,3.4721,0.0016,0.5879,0.5896,0.5844,0.0016,0.6603,0.6726,0.6507,0.006,-0.0008,-0.0001,-0.0045,0.0009,0.0033,0.0042,0.0027,0.0004,0.0031,0.0084,0.0018,0.0013,0.3331,0.9241,0.192,0.1432,337.2333,619,131,105.7014,0,0,0,0,365.3833,622,93,110.0253,37,41.4833,47,39,23.68,23.68,23.63
2022-11-20 09:50:00,2.7461,5.0032,0.7896,0.9807,120,113.3666,38.6725,120,66.8322,67.9647,65.7369,0.5912,120,28.2947,28.4277,28.2354,0.0492,120,1008.4707,1008.5452,1008.3438,0.0869,120,300.1708,395.2984,250.8764,33.4923,120,645.5172,1262.5066,275.1429,230.7049,120,347.0337,883.69,16.2278,219.4336,120,120,0,581.9931,1170.9952,243.5377,213.9306,120,20.96,21.96,20.07,0.57,120,3.4745,3.4758,3.4724,0.0014,0.5829,0.5843,0.5824,0.0005,0.6683,0.6796,0.6574,0.0059,-0.0022,-0.0001,-0.0055,0.0014,0.0038,0.005,0.0032,0.0004,0.0054,0.0105,0.0023,0.0019,0.582,1.171,0.2435,0.2139,275.6667,521,63,106.5991,0,0,0,0,324.3,723,42,112.4197,37,41.3667,47,39,23.68,23.68,23.63
2022-11-20 10:00:00,2.8681,5.0124,0.7436,0.9813,120,114.2433,38.5332,120,67.6066,68.3615,67.0797,0.3233,120,28.5743,28.6779,28.3697,0.0726,120,1008.3998,1008.5452,1008.1606,0.0809,120,322.589,389.2913,263.3724,39.8729,120,1023.9058,1324.0564,380.6567,338.7735,120,690.4857,943.6835,24.5875,356.646,120,120,0,923.8156,1201.8189,335.0932,308.9574,120,19.07,20.07,18.09,0.53,120,3.4733,3.4758,3.4693,0.0013,0.5857,0.5868,0.5837,0.0007,0.6761,0.6836,0.6708,0.0032,-0.0043,-0.0002,-0.0059,0.0022,0.0041,0.0049,0.0033,0.0005,0.0085,0.011,0.0032,0.0028,0.9238,1.2018,0.3351,0.309,288.925,522,58,106.6598,0,0,0,0,325.975,819,17,115.7026,37.7,41.3333,47,39,23.68,23.73,23.68
2022-11-20 10:10:00,3.4336,5.9048,1.3784,1.0368,120,127.3587,36.805,120,67.6791,68.7887,66.2557,0.5631,120,28.7017,28.9251,28.562,0.0801,120,1008.3448,1008.5635,1008.1606,0.074,120,273.2488,346.037,229.2496,38.2896,120,1183.3952,1281.1909,382.1224,171.5982,120,894.2376,952.5363,55.0773,174.9611,120,120,0,1072.4789,1164.5863,330.5155,158.6005,120,17.32,18.09,16.47,0.49,120,3.4724,3.4761,3.4693,0.0012,0.587,0.5893,0.5856,0.0008,0.6768,0.6879,0.6626,0.0056,-0.0056,-0.0003,-0.0059,0.0011,0.0035,0.0044,0.0029,0.0005,0.0099,0.0107,0.0032,0.0014,1.0725,1.1646,0.3305,0.1586,350.3917,619,127,112.7001,0,0,0,0,361.9583,639,127,104.4222,38,41.6167,47,39,23.68,23.68,23.63
2022-11-20 10:20:00,2.8723,5.868,0.6792,1.2562,120,114.8077,47.6797,120,67.0001,67.9342,66.1031,0.4557,120,28.9501,29.0442,28.8488,0.0529,120,1008.2478,1008.3804,1007.9958,0.0971,120,344.2904,427.7394,275.1472,35.7897,120,932.7898,1388.1705,341.0888,427.1335,120,570.1936,961.3874,15.7364,422.2789,120,120,0,845.5967,1322.367,305.7955,389.1657,120,15.75,16.47,15.05,0.43,120,3.4708,3.473,3.4666,0.0016,0.5895,0.5904,0.5885,0.0005,0.67,0.6793,0.661,0.0046,-0.0035,-0.0001,-0.006,0.0026,0.0044,0.0054,0.0035,0.0005,0.0078,0.0116,0.0028,0.0036,0.8456,1.3224,0.3058,0.3892,289.3833,615,51,136.5459,0,0,0,0,349.35,974,3,157.9155,38,41.8833,47,39,23.68,23.73,23.63
2022-11-20 10:30:00,2.9068,5.0216,0.7436,0.9966,120,131.157,41.4565,120,66.8269,67.5985,65.8284,0.4435,120,29.0697,29.27,28.8183,0.1479,120,1008.1561,1008.1973,1007.9775,0.0674,120,336.8811,428.9409,290.5268,44.0833,120,1061.8737,1432.8679,382.4886,349.2892,120,698.1491,979.5827,25.079,358.7405,120,120,0,969.3798,1316.8737,334.1777,320.5056,120,14.43,15.05,13.89,0.35,120,3.4693,3.47,3.4663,0.0011,0.5907,0.5927,0.5882,0.0015,0.6683,0.676,0.6583,0.0044,-0.0043,-0.0002,-0.0061,0.0022,0.0043,0.0054,0.0037,0.0006,0.0088,0.0119,0.0032,0.0029,0.9694,1.3169,0.3342,0.3205,293.1333,523,58,108.3229,0,0,0,0,368.775,653,19,118.9948,38,41.5333,47,39,23.68,23.68,23.63
2022-11-20 10:40:00,3.0397,6.8156,1.3508,1.1251,120,114.972,48.8804,120,65.4215,66.8355,64.1194,0.7649,120,29.2178,29.4134,28.858,0.1788,120,1008.0935,1008.1973,1007.9775,0.095,120,381.2851,458.0181,312.8748,43.2276,120,950.5771,1424.0744,348.0504,378.0222,120,541.6798,945.1595,14.2604,370.3905,120,120,0,860.4541,1305.2767,310.6784,350.8015,120,13.41,13.89,13.05,0.24,120,3.4682,3.47,3.4663,0.0016,0.5922,0.5941,0.5886,0.0018,0.6542,0.6684,0.6412,0.0076,-0.0034,-0.0001,-0.0059,0.0023,0.0048,0.0058,0.004,0.0005,0.0079,0.0119,0.0029,0.0031,0.8605,1.3053,0.3107,0.3508,307.575,718,124,122.29,0,0,0,0,337.8,947,68,143.7457,38,41.7333,47,39,23.68,23.68,23.68
2022-11-20 10:50:00,3.0258,6.7788,1.084,1.0676,120,113.0543,38.7906,120,65.2776,65.8895,64.4551,0.3615,120,28.7566,28.8488,28.684,0.0412,120,1008.0287,1008.1973,1007.8127,0.0739,120,304.0677,374.6331,264.3339,29.2163,120,680.5175,1364.7227,291.9964,426.9229,120,361.2537,959.9114,14.2604,411.7377,120,120,0,618.4194,1254.0056,257.271,393.8747,120,12.77,12.99,12.59,0.12,120,3.4671,3.47,3.4635,0.0012,0.5876,0.5885,0.5868,0.0004,0.6528,0.6589,0.6446,0.0036,-0.0022,-0.0001,-0.006,0.0026,0.0039,0.0048,0.0034,0.0004,0.0057,0.0114,0.0024,0.0036,0.6184,1.254,0.2573,0.3939,306.0667,714,95,116.0488,0,0,0,0,335.6167,974,89,131.6052,38,41.8167,47,39,23.68,23.68,23.68
2022-11-20 11:00:00,3.4009,7.3308,0.9184,1.3655,120,125.0864,40.9027,120,65.6997,66.3167,64.4856,0.4423,120,28.8696,29.212,28.6413,0.1869,120,1008.0291,1008.2156,1007.8127,0.0936,120,317.4866,363.8189,246.7913,37.0418,120,1118.9479,1386.3385,381.7563,322.3545,120,762.2783,982.0416,43.7657,317.8613,120,120,0,1016.0629,1278.4204,335.0932,304.3827,120,12.58,12.64,12.56,0.02,120,3.4672,3.4703,3.4635,0.0016,0.5887,0.5921,0.5864,0.0019,0.657,0.6632,0.6449,0.0044,-0.0047,-0.0003,-0.0061,0.002,0.004,0.0046,0.0031,0.0005,0.0093,0.0115,0.0032,0.0027,1.0161,1.2784,0.3351,0.3044,346.8333,774,77,148.4238,0,0,0,0,357.6833,671,96,116.3856,39,41.75,47,39,23.68,23.68,23.63
2022-11-20 11:10:00,3.1778,7.156,1.0196,1.3696,120,119.7329,36.8844,120,64.4561,65.1265,63.0512,0.5107,120,29.0465,29.3738,28.8214,0.1494,120,1007.9995,1008.1973,1007.7944,0.1016,120,308.4673,374.3921,257.3646,36.2917,120,1094.8348,1359.9604,372.9628,326.8189,120,751.5662,972.6974,22.1286,330.2589,120,120,0,994.8195,1265.2974,332.0414,305.4994,120,12.85,13.12,12.64,0.15,120,3.4667,3.47,3.4632,0.0017,0.5905,0.5937,0.5882,0.0015,0.6446,0.6513,0.6305,0.0051,-0.0047,-0.0001,-0.006,0.0021,0.0039,0.0048,0.0033,0.0005,0.0091,0.0113,0.0031,0.0027,0.9948,1.2653,0.332,0.3055,322.5833,755,88,148.874,0,0,0,0,346.125,830,22,112.0493,39,41.3833,47,39,23.68,23.68,23.63
2022-11-20 11:20:00,3.0815,5.914,0.5228,1.2674,120,119.8475,46.9627,120,63.4907,64.0889,62.4714,0.3755,120,29.3388,29.4653,29.1113,0.1052,120,1007.8605,1008.0325,1007.6296,0.0936,120,256.4236,323.6882,184.5528,40.2535,120,957.2145,1279.3589,304.4526,366.9753,120,671.5981,942.7006,15.7364,385.0966,120,120,0,875.9779,1187.17,266.7318,339.7556,120,13.55,13.99,13.12,0.26,120,3.4643,3.4672,3.4605,0.0016,0.5934,0.5947,0.5911,0.001,0.6349,0.6409,0.6247,0.0038,-0.0042,-0.0001,-0.0059,0.0024,0.0033,0.0041,0.0023,0.0005,0.008,0.0107,0.0025,0.0031,0.876,1.1872,0.2667,0.3398,312.125,620,34,137.7555,0,0,0,0,382.8167,1021,121,174.129,39,41.7333,47,39,23.68,23.68,23.68
2022-11-20 11:30:00,3.4348,6.0612,0.7804,1.3528,120,123.2639,48.3033,120,63.2145,64.7908,61.6169,0.8376,120,29.2875,29.5294,29.0533,0.1808,120,1007.6974,1007.831,1007.6113,0.088,120,249.5229,302.3016,186.7157,29.2906,120,957.999,1258.4766,277.7071,368.3089,120,686.2075,941.2246,14.2604,368.5958,120,120,0,873.5059,1152.0737,243.5377,343.1336,120,14.63,15.33,13.99,0.36,120,3.4616,3.4639,3.4602,0.0015,0.5929,0.5953,0.5905,0.0018,0.6321,0.6479,0.6162,0.0084,-0.0043,-0.0001,-0.0058,0.0023,0.0032,0.0038,0.0024,0.0004,0.008,0.0105,0.0023,0.0031,0.8735,1.1521,0.2435,0.3431,350.5167,636,62,147.0391,0,0,0,0,365.0333,972,109,145.181,39,41.65,47,39,23.68,23.68,23.68
2022-11-20 11:40:00,3.0341,5.6288,0.4584,1.2374,120,127.7532,40.6827,120,63.2285,64.0278,62.2883,0.3242,120,29.2188,29.2822,29.1571,0.0358,120,1007.6138,1007.831,1007.4465,0.097,120,286.3133,358.2921,222.2803,42.5047,120,935.0156,1296.2125,333.0288,354.7321,120,628.5079,952.0432,18.1953,378.0796,120,120,0,849.9023,1205.1759,292.9777,327.5265,120,16.01,16.79,15.33,0.44,120,3.4602,3.4639,3.4574,0.0016,0.5922,0.5928,0.5916,0.0004,0.6323,0.6403,0.6229,0.0032,-0.0039,-0.0001,-0.0059,0.0023,0.0036,0.0046,0.0028,0.0005,0.0078,0.0108,0.0028,0.003,0.8499,1.2052,0.293,0.3275,306.9667,589,27,134.4981,0,0,0,0,365.65,831,106,119.5881,39,41.4333,47,39,23.68,23.68,23.68
2022-11-20 11:50:00,3.5369,6.7144,1.5072,1.1452,120,115.7941,39.9698,120,62.8544,63.9363,61.7389,0.6332,120,29.2707,29.4806,28.9679,0.1609,120,1007.4516,1007.6479,1007.2817,0.1001,120,317.2724,351.5638,280.1937,17.6922,120,771.7953,1320.3926,309.9484,411.9213,120,445.2215,969.747,16.2278,410.7015,120,120,0,705.3234,1215.8574,275.277,382.0925,120,17.61,18.45,16.79,0.5,120,3.4575,3.4608,3.4547,0.0017,0.5927,0.5948,0.5897,0.0016,0.6285,0.6394,0.6174,0.0063,-0.0028,-0.0001,-0.006,0.0025,0.004,0.0045,0.0036,0.0002,0.0064,0.011,0.0026,0.0034,0.7053,1.2159,0.2753,0.3821,361.6167,707,141,124.4731,0,0,0,0,335.75,745,91,116.2485,39,41.6167,47,39,23.68,23.68,23.63
2022-11-20 12:00:00,3.8211,6.972,1.6912,1.1827,120,114.6704,36.3222,120,64.0164,65.2181,62.624,0.7176,120,28.8245,28.9526,28.6993,0.0883,120,1007.2938,1007.4831,1007.0986,0.0845,120,313.6338,385.6866,273.4654,24.1312,120,896.9437,1284.4886,323.1369,399.6002,120,577.9551,948.6014,14.7535,405.0717,120,120,0,820.0705,1177.4041,288.0947,370.3999,120,19.38,20.24,18.45,0.54,120,3.4549,3.4581,3.4516,0.0014,0.5883,0.5895,0.587,0.0009,0.6402,0.6522,0.6262,0.0072,-0.0036,-0.0001,-0.0059,0.0025,0.004,0.0049,0.0035,0.0003,0.0075,0.0107,0.0027,0.0033,0.8201,1.1774,0.2881,0.3704,392.5083,735,161,128.5594,0,0,0,0,327.25,619,90,103.5284,39,41.5333,47,39,23.68,23.68,23.68
2022-11-20 12:10:00,3.1593,5.8956,0.8172,1.3265,120,103.0219,42.5882,120,65.169,65.7674,64.2415,0.2875,120,29.1815,29.4073,28.797,0.1627,120,1007.1334,1007.3183,1006.8972,0.1109,120,322.1726,442.8787,206.1803,52.0618,120,1029.499,1314.8968,216.8908,307.2244,120,708.0292,944.6681,18.1953,330.4311,120,120,0,941.9334,1220.13,187.6888,285.8793,120,21.29,22.36,20.24,0.57,120,3.4522,3.4553,3.4483,0.0018,0.5918,0.5941,0.588,0.0016,0.6517,0.6577,0.6424,0.0029,-0.0044,-0.0001,-0.0059,0.0021,0.0041,0.0056,0.0026,0.0007,0.0086,0.011,0.0018,0.0026,0.9419,1.2201,0.1877,0.2859,320.575,618,66,144.1807,0,0,0,0,310.3417,835,31,136.6026,39,41.6333,47,39,23.68,23.68,23.63
2022-11-20 12:20:00,3.124,5.8772,0.6976,1.1477,120,134.5033,39.7265,120,64.8155,65.8589,63.7532,0.5427,120,29.0496,29.3829,28.8763,0.1478,120,1007.0786,1007.3,1006.8972,0.0884,120,275.5998,359.2535,175.6614,55.6616,120,698.6895,1263.9724,186.4814,422.2716,120,430.403,929.4231,13.7689,391.9497,120,120,0,635.5963,1155.4308,158.6963,392.2922,120,23.29,24.35,22.36,0.59,120,3.4513,3.455,3.4483,0.0015,0.5905,0.5938,0.5888,0.0015,0.6482,0.6586,0.6375,0.0054,-0.0027,-0.0001,-0.0058,0.0024,0.0035,0.0046,0.0022,0.0007,0.0058,0.0105,0.0016,0.0035,0.6356,1.1554,0.1587,0.3923,316.7417,616,53,124.7507,0,0,0,0,382.2167,723,70,114.5689,39,41.5667,47,39,23.68,23.68,23.68
2022-11-20 12:30:00,3.0771,5.9692,0.7712,1.0016,120,139.1524,34.8107,120,64.8915,65.7979,63.8447,0.5567,120,29.0129,29.1571,28.9038,0.0758,120,1006.8383,1007.1169,1006.531,0.1204,120,356.9865,408.7559,302.7819,27.1459,120,703.8858,1287.419,332.2965,315.3902,120,361.1021,924.9968,22.6217,324.4099,120,120,0,643.2717,1178.3196,299.6918,295.2848,120,25.36,26.41,24.35,0.62,120,3.4473,3.4519,3.4422,0.002,0.5901,0.5916,0.589,0.0008,0.6489,0.658,0.6384,0.0056,-0.0022,-0.0001,-0.0057,0.002,0.0045,0.0052,0.0038,0.0003,0.0059,0.0107,0.0028,0.0026,0.6433,1.1783,0.2997,0.2953,311.6417,626,61,108.8739,0,0,0,0,412.15,1001,208,122.0204,39,41.45,47,39,23.68,23.68,23.68
2022-11-20 12:40:00,3.4542,6.3096,1.2128,1.0366,120,131.4516,41.8443,120,64.4121,65.0655,63.6311,0.3629,120,28.9118,29.1052,28.7847,0.0792,120,1006.6456,1006.9155,1006.5127,0.1004,120,285.4902,327.2929,253.0394,19.0799,120,957.8861,1179.7071,316.5426,243.761,120,710.0904,908.2775,22.1286,260.47,120,120,0,876.4941,1087.9849,282.6014,225.2414,120,27.49,28.51,26.41,0.63,120,3.4441,3.4486,3.4419,0.0017,0.5891,0.591,0.5878,0.0008,0.6441,0.6507,0.6363,0.0036,-0.0044,-0.0001,-0.0056,0.0016,0.0036,0.0042,0.0032,0.0002,0.008,0.0098,0.0026,0.002,0.8765,1.088,0.2826,0.2252,352.6333,663,109,112.6714,0,0,0,0,377.7083,842,120,121.6189,39,41.5167,47,39,23.68,23.68,23.68
2022-11-20 12:50:00,3.5958,6.0244,0.6608,1.2498,120,131.4147,34.7872,120,63.2087,65.157,61.5864,0.8878,120,29.2444,29.3799,29.1235,0.0768,120,1006.6047,1006.9155,1006.5127,0.0984,120,293.1499,329.6961,269.6205,18.3329,120,832.4598,1048.1813,462.7239,127.0334,120,582.5859,785.8298,181.4583,140.4509,120,120,0,759.4836,957.976,442.8236,118.479,120,29.66,30.64,28.51,0.64,120,3.4434,3.4486,3.4419,0.0016,0.5924,0.5938,0.5912,0.0008,0.6321,0.6516,0.6159,0.0089,-0.0036,-0.0011,-0.0049,0.0009,0.0037,0.0042,0.0034,0.0002,0.0069,0.0087,0.0039,0.0011,0.7595,0.958,0.4428,0.1185,368.025,632,49,135.8473,0,0,0,0,372.575,646,103,99.9702,39,41.5833,49,41,23.68,23.68,23.68
2022-11-20 13:00:00,2.8501,6.4016,0.9184,1.1962,120,117.0651,40.6249,120,62.2407,62.9902,61.6474,0.3817,120,29.1171,29.2059,28.8916,0.0686,120,1006.529,1006.7324,1006.3295,0.0571,120,289.9038,388.3299,196.0874,65.849,120,537.6521,1118.5234,204.0672,343.5086,120,273.1428,845.8234,13.2775,320.219,120,120,0,482.4035,1017.7923,176.7022,315.4027,120,31.87,33.05,30.88,0.65,120,3.4421,3.4455,3.4388,0.001,0.5912,0.5921,0.5889,0.0007,0.6224,0.6299,0.6165,0.0038,-0.0017,-0.0001,-0.0052,0.002,0.0037,0.0049,0.0025,0.0008,0.0045,0.0093,0.0017,0.0029,0.4824,1.0178,0.1767,0.3154,286.9667,673,77,130.0218,0,0,0,0,335.1083,670,47,117.3939,39,41.5667,47,39,23.68,23.68,23.63
2022-11-20 13:10:00,3.2316,6.5488,1.2312,1.1044,120,107.4898,36.0101,120,64.038,65.981,62.6545,0.8999,120,28.6729,28.8885,28.5406,0.1159,120,1006.4803,1006.7324,1006.3295,0.0889,120,326.4039,391.4543,220.1181,40.9009,120,570.3017,1008.2461,229.7131,268.9014,120,280.2325,760.2578,14.2604,276.8105,120,120,0,518.0237,924.7108,200.8118,251.0478,120,34.11,35.25,33.05,0.66,120,3.4413,3.4455,3.4388,0.0015,0.5867,0.5889,0.5854,0.0012,0.6404,0.6598,0.6265,0.009,-0.0017,-0.0001,-0.0047,0.0017,0.0041,0.005,0.0028,0.0005,0.0048,0.0084,0.0019,0.0022,0.518,0.9247,0.2008,0.251,328.4333,689,111,120.0451,0,0,0,0,315.4583,982,32,117.0519,39,41.6667,47,39,23.68,23.68,23.68
2022-11-20 13:20:00,3.3626,7.0548,0.7988,1.4075,120,120.9118,40.1955,120,65.9536,66.9576,64.7603,0.6724,120,28.5471,28.684,28.3636,0.1079,120,1006.3952,1006.7324,1006.1464,0.1229,120,344.4746,412.8409,270.3409,44.161,120,547.1564,1150.3974,277.7071,310.9005,120,239.4083,890.0822,13.2775,324.0633,120,120,0,492.7747,1048.9212,245.0636,288.8944,120,36.37,37.46,35.25,0.66,120,3.4399,3.4455,3.4358,0.002,0.5855,0.5868,0.5836,0.0011,0.6595,0.6696,0.6476,0.0067,-0.0015,-0.0001,-0.0055,0.002,0.0044,0.0052,0.0034,0.0006,0.0046,0.0096,0.0023,0.0026,0.4928,1.0489,0.2451,0.2889,342.675,744,64,152.9918,0,0,0,0,348.0083,824,88,118.0635,39,41.5667,47,39,23.68,23.68,23.63
2022-11-20 13:30:00,2.7607,6.2452,0.5596,1.2464,120,125.1396,49.7003,120,67.3956,68.3309,66.4693,0.5919,120,28.6631,28.7115,28.5986,0.0334,120,1006.2896,1006.531,1006.1281,0.0882,120,268.2625,373.6717,194.6457,54.3996,120,307.6123,1118.5234,196.7395,168.3853,120,55.7941,875.3287,12.2946,157.8083,120,120,0,287.8531,1036.1034,181.5851,154.0464,120,38.65,39.69,37.46,0.67,120,3.4382,3.4422,3.4355,0.0015,0.5866,0.5871,0.586,0.0003,0.674,0.6833,0.6647,0.0059,-0.0003,-0.0001,-0.0054,0.001,0.0034,0.0047,0.0025,0.0007,0.0026,0.0093,0.0016,0.0014,0.2879,1.0361,0.1816,0.154,277.25,656,38,135.4781,0,0,0,0,391.75,997,52,171.7788,39,41.5167,47,39,23.68,23.68,23.68
2022-11-20 13:40:00,3.0978,6.2452,0.5412,1.3826,120,113.2962,39.3409,120,68.8126,70.04,66.9576,0.8837,120,28.4282,28.6474,28.2537,0.1388,120,1006.209,1006.3662,1005.9633,0.095,120,337.5159,406.1126,263.1323,43.4924,120,570.1063,1089.9472,270.3806,275.9438,120,294.6164,860.0854,15.2449,330.2577,120,120,0,527.136,998.2604,245.9792,255.2755,120,40.94,42.18,39.69,0.67,120,3.4368,3.4394,3.4327,0.0016,0.5843,0.5865,0.5825,0.0014,0.6881,0.7004,0.6696,0.0088,-0.0018,-0.0001,-0.0053,0.0021,0.0043,0.0052,0.0033,0.0006,0.0047,0.0091,0.0023,0.0023,0.5271,0.9983,0.246,0.2553,313.8917,656,36,150.2808,0,0,0,0,328.2833,718,86,114.3738,39,41.6667,47,41,23.68,23.68,23.68
2022-11-20 13:50:00,2.682,5.224,0.67,0.8644,120,136.4426,46.4832,120,68.7089,69.7043,67.2018,0.6785,120,28.825,29.0258,28.5803,0.165,120,1006.174,1006.3478,1005.945,0.0787,120,271.7569,316.2394,233.5748,22.0825,120,561.8751,923.982,242.5366,284.2632,120,377.0515,833.5305,14.7535,359.5016,120,120,0,508.6571,856.9597,213.0192,260.6099,120,43.25,44.43,42.18,0.67,120,3.4362,3.4391,3.4324,0.0013,0.5883,0.5903,0.5858,0.0016,0.6871,0.697,0.672,0.0068,-0.0023,-0.0001,-0.0052,0.0022,0.0035,0.004,0.003,0.0003,0.0047,0.0077,0.002,0.0024,0.5087,0.857,0.213,0.2606,268.7,545,50,93.9585,0,0,0,0,393.8167,957,12,144.3909,39,41.8,47,41,23.68,23.68,23.63
2022-11-20 14:00:00,3.5477,6.3372,1.3232,1.1655,120,127.3705,34.4088,120,66.5771,67.5069,66.0115,0.3483,120,28.8444,29.0106,28.6932,0.0978,120,1006.2088,1006.3662,1006.1281,0.0858,120,274.6325,326.3315,234.0551,25.0876,120,570.3261,966.4802,241.0708,273.9664,120,402.3402,865.0032,15.2449,361.8799,120,120,0,514.0029,878.3227,212.4088,248.9024,120,45.56,46.69,44.43,0.68,120,3.4368,3.4394,3.4355,0.0014,0.5884,0.5901,0.5869,0.001,0.6658,0.6751,0.6601,0.0035,-0.0025,-0.0001,-0.0054,0.0022,0.0035,0.0041,0.003,0.0003,0.0048,0.0081,0.002,0.0023,0.514,0.8783,0.2124,0.2489,362.7917,666,121,126.6874,0,0,0,0,362.175,663,24,99.7494,39,41.6333,47,39,23.68,23.68,23.68
2022-11-20 14:10:00,3.2556,6.788,0.486,1.2627,120,131.0663,40.9965,120,65.7824,66.8355,65.2791,0.4774,120,28.6639,28.7664,28.5742,0.0603,120,1006.133,1006.3478,1005.9633,0.0786,120,180.5398,250.8764,160.0417,20.5308,120,422.3437,864.9964,164.1333,256.556,120,343.6324,858.6094,13.7689,344.4957,120,120,0,368.6331,776.0857,139.1644,229.9596,120,47.89,48.96,46.69,0.68,120,3.4355,3.4391,3.4327,0.0013,0.5866,0.5877,0.5857,0.0006,0.6578,0.6684,0.6528,0.0048,-0.0021,-0.0001,-0.0053,0.0021,0.0023,0.0032,0.002,0.0003,0.0035,0.0072,0.0014,0.0021,0.3686,0.7761,0.1392,0.23,331.0417,715,30,137.2463,0,0,0,0,382.0083,969,40,128.8527,39,41.5333,47,39,23.68,23.68,23.68
2022-11-20 14:20:00,3.3947,6.0152,0.624,1.2645,120,119.4254,38.1843,120,64.9841,65.6148,64.5161,0.2986,120,28.786,29.0899,28.5955,0.1283,120,1006.1252,1006.1647,1005.945,0.0686,120,157.3746,178.0646,142.5,9.0053,120,679.8459,741.8968,323.1369,52.6486,120,769.2777,841.3986,198.6706,78.4886,120,120,0,599.8362,661.3361,289.6206,47.4699,120,50.22,51.49,48.96,0.68,120,3.4354,3.4361,3.4324,0.0011,0.5879,0.5909,0.586,0.0013,0.6498,0.6561,0.6452,0.003,-0.0048,-0.0012,-0.0052,0.0005,0.002,0.0023,0.0018,0.0001,0.0057,0.0062,0.0027,0.0004,0.5998,0.6613,0.2896,0.0475,346.1667,631,45,137.4417,0,0,0,0,342.925,920,1,117.988,39,41.6,47,39,23.68,23.68,23.63
2022-11-20 14:30:00,2.9912,6.7788,0.6608,1.2782,120,137.0818,39.5802,120,63.9785,65.2791,62.3188,0.8325,120,29.4178,29.6698,29.1021,0.1752,120,1006.1228,1006.3478,1005.945,0.076,120,201.8607,248.7142,141.2984,36.8139,120,562.6537,737.1333,169.2629,182.4238,120,558.6536,803.0406,22.6217,276.6199,120,120,0,495.0001,653.7065,142.2163,162.658,120,52.56,53.77,51.49,0.68,120,3.4354,3.4391,3.4324,0.0013,0.5942,0.5967,0.591,0.0018,0.6398,0.6528,0.6232,0.0083,-0.0035,-0.0001,-0.005,0.0017,0.0026,0.0032,0.0018,0.0005,0.0047,0.0061,0.0014,0.0015,0.495,0.6537,0.1422,0.1627,302.3,714,49,138.9397,0,0,0,0,390.3583,726,114,113.7426,39,41.4,47,39,23.68,23.68,23.63
2022-11-20 14:40:00,3.5218,6.8248,1.3048,1.2389,120,128.3881,35.8735,120,64.2483,65.6148,62.5935,0.7614,120,28.8975,29.3341,28.6322,0.2366,120,1006.1325,1006.3478,1005.945,0.0932,120,229.0711,241.985,204.2575,6.9544,120,469.6022,677.4154,209.9292,186.2165,120,400.705,752.8811,15.2449,305.672,120,120,0,414.8101,590.5332,181.5851,163.3017,120,54.9,56.06,53.77,0.69,120,3.4355,3.4391,3.4324,0.0016,0.589,0.5933,0.5863,0.0024,0.6425,0.6561,0.6259,0.0076,-0.0025,-0.0001,-0.0047,0.0019,0.0029,0.0031,0.0026,0.0001,0.0039,0.0056,0.0017,0.0016,0.4148,0.5905,0.1816,0.1633,359.9833,719,119,134.661,0,0,0,0,367.55,742,172,104.58,39,41.5167,47,39,23.68,23.68,23.63
2022-11-20 14:50:00,3.7282,6.5948,1.2036,1.0873,120,111.8527,30.4403,120,65.6868,66.4693,64.9434,0.3642,120,28.4818,28.6596,28.3758,0.0939,120,1006.0834,1006.3478,1005.945,0.0958,120,208.3649,233.0945,182.6307,12.6853,120,420.2249,671.1873,187.581,175.8339,120,375.1213,788.7802,15.7364,297.847,120,120,0,362.8473,583.5139,157.4755,152.74,120,57.24,58.35,56.06,0.69,120,3.4347,3.4391,3.4324,0.0016,0.5848,0.5866,0.5838,0.0009,0.6569,0.6647,0.6494,0.0036,-0.0023,-0.0001,-0.0049,0.0018,0.0026,0.003,0.0023,0.0002,0.0035,0.0056,0.0016,0.0015,0.3628,0.5835,0.1575,0.1527,382.4083,694,108,118.1808,0,0,0,0,317.4167,604,2,88.9717,39,41.4667,47,39,23.68,23.68,23.63
2022-11-20 15:00:00,3.0444,5.9692,0.8356,1.2086,120,130.9345,38.4691,120,66.4256,67.3238,65.6148,0.3851,120,28.6139,28.7298,28.3911,0.0974,120,1006.0887,1006.3478,1005.945,0.095,120,207.7101,227.8071,171.8165,16.6644,120,454.0651,656.1669,173.6591,179.5767,120,461.429,786.3213,14.2604,307.9571,120,120,0,387.3816,567.3391,145.5733,154.7388,120,59.59,60.64,58.35,0.68,120,3.4348,3.4391,3.4324,0.0016,0.5861,0.5873,0.5839,0.001,0.6643,0.6732,0.6561,0.0039,-0.0029,-0.0001,-0.0049,0.0019,0.0026,0.0029,0.0022,0.0002,0.0038,0.0055,0.0014,0.0015,0.3874,0.5673,0.1456,0.1547,308.0833,626,68,131.3746,0,0,0,0,374.4167,736,130,111.2737,39,41.5167,47,39,23.68,23.73,23.68
2022-11-20 15:10:00,3.2088,5.9968,0.8724,1.1641,120,108.7827,35.9651,120,66.3188,66.805,65.6453,0.3224,120,28.6498,28.7115,28.5223,0.0507,120,1006.0981,1006.1647,1005.945,0.0818,120,184.4307,219.1567,125.6787,33.6768,120,334.3847,588.3878,127.4958,186.3877,120,301.8371,733.7029,14.2604,311.7899,120,120,0,284.7326,500.5036,104.0681,158.7978,120,61.94,63.18,60.89,0.68,120,3.435,3.4361,3.4324,0.0014,0.5865,0.5871,0.5852,0.0005,0.6632,0.6681,0.6565,0.0032,-0.0019,-0.0001,-0.0046,0.0019,0.0023,0.0028,0.0016,0.0004,0.0028,0.0049,0.0011,0.0016,0.2847,0.5005,0.1041,0.1588,325.9583,629,72,126.5317,0,0,0,0,308.2333,542,33,103.1029,39,41.5167,47,39,23.68,23.68,23.68
2022-11-20 15:20:00,2.4526,4.5616,0.5136,0.9321,120,114.5509,38.8603,120,67.5743,68.2089,66.7135,0.4198,120,28.4957,28.6474,28.4063,0.067,120,1006.1267,1006.1647,1005.945,0.056,120,172.5076,208.1024,130.0039,20.5746,120,349.0669,501.5582,131.8932,141.4369,120,394.7465,678.1341,14.2604,279.1145,120,120,0,290.9813,421.1554,107.7303,117.485,120,64.29,65.48,63.18,0.69,120,3.4354,3.4361,3.4324,0.0009,0.585,0.5865,0.5841,0.0007,0.6757,0.6821,0.6671,0.0042,-0.0024,-0.0001,-0.0042,0.0017,0.0022,0.0026,0.0017,0.0003,0.0029,0.0042,0.0011,0.0012,0.291,0.4212,0.1077,0.1175,243.7583,473,33,101.3165,0,0,0,0,331.4417,763,57,115.2844,39,41.3333,47,39,23.68,23.68,23.68
2022-11-20 15:30:00,3.1645,6.5028,0.8264,1.1478,120,151.468,39.0174,120,67.6585,68.4835,66.9271,0.5163,120,28.8313,29.0106,28.6413,0.1083,120,1006.1719,1006.3478,1005.9633,0.0733,120,150.8463,205.9402,108.6173,31.3679,120,298.5172,497.5282,110.2773,164.853,120,352.4677,686.9868,13.7689,310.6472,120,120,0,250.1857,416.8828,93.0814,136.1762,120,66.64,67.77,65.48,0.69,120,3.4362,3.4391,3.4327,0.0012,0.5883,0.5901,0.5864,0.0011,0.6766,0.6848,0.6693,0.0052,-0.0022,-0.0001,-0.0043,0.0019,0.0019,0.0026,0.0014,0.0004,0.0025,0.0041,0.0009,0.0014,0.2502,0.4169,0.0931,0.1362,321.1417,684,67,124.7635,0,0,0,0,433.7,977,8,119.2856,39,41.7667,47,39,23.68,23.68,23.68
2022-11-20 15:40:00,2.6034,4.9848,0.4952,1.0567,120,120.4877,36.8045,120,67.8543,68.5141,67.0186,0.4191,120,28.5193,28.6474,28.4307,0.0772,120,1006.2496,1006.3478,1006.1281,0.0958,120,128.0616,142.2598,118.9504,6.728,120,304.3638,387.2521,139.587,86.9503,120,473.0017,657.4799,59.0106,220.0441,120,120,0,236.2438,300.3021,112.0029,65.2816,120,68.99,70.06,67.77,0.68,120,3.4375,3.4391,3.4355,0.0016,0.5852,0.5865,0.5843,0.0008,0.6785,0.6851,0.6702,0.0042,-0.0029,-0.0004,-0.0041,0.0014,0.0016,0.0018,0.0015,0.0001,0.0025,0.0032,0.0012,0.0007,0.2362,0.3003,0.112,0.0653,260.15,519,31,114.859,0,0,0,0,348.8667,888,46,111.7714,39,41.4667,47,41,23.68,23.73,23.68
2022-11-20 15:50:00,3.0139,5.7484,0.8632,1.1234,120,121.9798,48.6004,120,67.8203,68.3004,67.2933,0.23,120,28.5915,28.6596,28.5131,0.0477,120,1006.348,1006.5493,1006.1281,0.0499,120,121.9219,128.0819,116.0661,2.8462,120,311.508,347.6843,168.5294,40.4599,120,561.5222,639.2862,130.8073,113.2295,120,120,0,235.2265,262.154,135.197,29.1133,120,71.35,72.61,70.06,0.68,120,3.4391,3.4425,3.4355,0.0008,0.5859,0.5866,0.5851,0.0005,0.6782,0.683,0.6729,0.0023,-0.0035,-0.0008,-0.004,0.0007,0.0015,0.0016,0.0015,0,0.0026,0.0029,0.0014,0.0003,0.2352,0.2622,0.1352,0.0291,304.7667,602,71,122.1112,0,0,0,0,363.7667,969,33,151.0066,39,41.55,47,39,23.68,23.68,23.68
2022-11-20 16:00:00,3.1926,5.4172,1.1208,0.9883,120,138.1136,30.1955,120,67.5029,68.4835,66.9271,0.4814,120,28.6433,28.8519,28.2598,0.1748,120,1006.4141,1006.7141,1006.3112,0.0967,120,105.4451,129.5236,88.9118,15.6683,120,172.0162,311.0468,89.7599,84.1591,120,228.4791,578.3081,14.2604,241.3388,120,120,0,132.8166,232.551,73.8548,58.134,120,73.7,74.9,72.61,0.69,120,3.4402,3.4452,3.4385,0.0016,0.5864,0.5885,0.5826,0.0018,0.675,0.6848,0.6693,0.0048,-0.0014,-0.0001,-0.0036,0.0015,0.0013,0.0016,0.0011,0.0002,0.0014,0.0026,0.0007,0.0007,0.1328,0.2326,0.0739,0.0581,324.2,566,99,107.4286,0,0,0,0,389.5333,592,98,87.5974,39,41.8333,47,39,23.68,23.68,23.68
2022-11-20 16:10:00,3.3092,5.96,0.3388,1.2777,120,114.5578,38.2379,120,67.8373,68.392,67.1407,0.3045,120,28.0517,28.2537,27.8997,0.0697,120,1006.5496,1006.7324,1006.3295,0.1093,120,81.5149,94.6795,62.7189,10.2555,120,150.8706,203.7011,65.946,47.4081,120,274.7207,438.6481,24.5875,145.9083,120,120,0,108.3178,146.794,52.1867,31.2266,120,76.05,77.19,74.9,0.69,120,3.4425,3.4455,3.4388,0.0018,0.5805,0.5825,0.579,0.0007,0.6784,0.6839,0.6714,0.003,-0.0017,-0.0002,-0.0027,0.0009,0.001,0.0012,0.0008,0.0001,0.0013,0.0017,0.0005,0.0004,0.1083,0.1468,0.0522,0.0312,336.8667,625,14,138.8841,0,0,0,0,339.9,888,108,123.8287,39,41.5667,47,39,23.68,23.73,23.68
2022-11-20 16:20:00,3.12,5.1228,1.4152,0.9784,120,137.7123,33.5293,120,67.9924,68.2394,67.7206,0.1306,120,27.8001,27.8967,27.7441,0.0326,120,1006.6887,1006.9155,1006.4943,0.097,120,59.471,63.4402,56.2307,2.0756,120,85.2998,110.2773,67.7779,12.8764,120,134.0328,263.0906,33.4402,54.1128,120,120,0,61.2913,76.2963,53.1022,6.8251,120,78.4,79.48,77.19,0.69,120,3.4448,3.4486,3.4416,0.0016,0.578,0.579,0.5774,0.0003,0.6799,0.6824,0.6772,0.0013,-0.0008,-0.0002,-0.0016,0.0003,0.0008,0.0008,0.0007,0,0.0007,0.0009,0.0006,0.0001,0.0613,0.0763,0.0531,0.0068,316.3,534,131,106.353,0,0,0,0,392.7167,822,45,100.6574,39,41.8667,47,39,23.68,23.73,23.63
2022-11-20 16:30:00,2.787,4.9664,0.854,0.907,120,140.4068,33.3867,120,68.5713,68.9108,68.2394,0.1781,120,27.7904,27.8692,27.7441,0.0348,120,1006.7502,1006.9155,1006.6958,0.0754,120,70.3808,81.2228,59.5953,6.2032,120,94.4742,134.0912,64.114,23.736,120,153.1459,330.4608,18.1953,121.0669,120,120,0,67.6138,86.3674,52.1867,10.0076,120,80.74,82.03,79.48,0.68,120,3.4458,3.4486,3.4449,0.0013,0.5779,0.5787,0.5774,0.0003,0.6857,0.6891,0.6824,0.0018,-0.0009,-0.0001,-0.0021,0.0008,0.0009,0.001,0.0008,0.0001,0.0008,0.0011,0.0005,0.0002,0.0676,0.0864,0.0522,0.01,280.1083,517,70,98.5819,0,0,0,0,400.8167,886,70,101.2926,39,41.6333,47,39,23.68,23.68,23.68
2022-11-20 16:40:00,2.3955,4.2488,1.038,0.7463,120,149.7535,31.7315,120,68.9271,69.3381,68.6056,0.2012,120,27.8401,27.8723,27.8051,0.0203,120,1006.8,1006.9155,1006.6958,0.0964,120,51.0204,63.4402,41.8126,5.644,120,67.4576,83.1657,54.5894,7.8286,120,136.3973,182.9343,20.1627,40.848,120,120,0,46.1618,58.2903,36.9274,5.4757,120,83.09,84.31,82.03,0.68,120,3.4467,3.4486,3.4449,0.0016,0.5784,0.5787,0.578,0.0002,0.6893,0.6934,0.6861,0.002,-0.0008,-0.0001,-0.0011,0.0003,0.0006,0.0008,0.0005,0.0001,0.0006,0.0007,0.0005,0.0001,0.0462,0.0583,0.0369,0.0055,237.55,439,90,81.1189,0,0,0,0,425.375,658,216,90.7261,39,41.9,49,39,23.68,23.68,23.68
2022-11-20 16:50:00,2.5889,5.04,0.8908,0.8788,120,129.6739,35.9264,120,69.2961,69.9179,68.7887,0.3078,120,27.7258,27.8875,27.6128,0.1001,120,1006.9127,1007.0986,1006.6958,0.0651,120,38.8951,42.5339,34.8441,2.411,120,47.6493,54.9556,41.0336,4.4819,120,105.4575,149.0026,61.961,27.6218,120,120,0,34.1426,38.4533,30.2133,2.3545,120,85.43,86.59,84.31,0.69,120,3.4485,3.4516,3.4449,0.0011,0.5773,0.5789,0.5761,0.001,0.693,0.6992,0.6879,0.0031,-0.0007,-0.0004,-0.0009,0.0002,0.0005,0.0005,0.0004,0,0.0004,0.0005,0.0003,0,0.0341,0.0385,0.0302,0.0024,258.575,525,74,95.5187,0,0,0,0,371.9167,744,148,105.5567,39,41.6333,47,39,23.68,23.68,23.68
2022-11-20 17:00:00,2.4739,4.4788,0.7712,0.8791,120,134.1848,34.5479,120,70.1155,70.4672,69.7653,0.1885,120,27.5642,27.6251,27.4786,0.0401,120,1006.9608,1007.0986,1006.7141,0.091,120,21.4451,36.2858,12.9764,6.8642,120,22.721,41.3998,13.1897,7.9184,120,33.2798,82.1238,15.7364,16.4308,120,120,0,19.6463,32.96,12.5126,5.9668,120,87.77,88.87,86.59,0.68,120,3.4493,3.4516,3.4452,0.0015,0.5756,0.5763,0.5748,0.0004,0.7012,0.7047,0.6977,0.0019,-0.0002,-0.0001,-0.0005,0.0001,0.0003,0.0005,0.0002,0.0001,0.0002,0.0003,0.0001,0.0001,0.0196,0.033,0.0125,0.006,246.075,464,61,95.5595,0,0,0,0,379.3083,618,148,98.0833,39,41.5333,47,39,23.68,23.68,23.63
2022-11-20 17:10:00,2.5841,4.7916,0.7068,0.8345,120,124.8126,38.9378,120,70.9024,71.3523,70.4672,0.2387,120,27.3949,27.4786,27.3046,0.0481,120,1006.9625,1007.0986,1006.6958,0.0933,120,6.8586,12.7362,1.922,3.7278,120,6.6465,13.1897,1.4658,3.7679,120,14.1173,16.2278,13.2775,0.4997,120,120,0,6.8361,12.5126,2.1363,3.392,120,89.47,89.88,88.87,0.31,55,3.4494,3.4516,3.4449,0.0016,0.5739,0.5748,0.573,0.0005,0.709,0.7135,0.7047,0.0024,-0.0001,-0.0001,-0.0001,0,0.0001,0.0002,0,0,0.0001,0.0001,0,0,0.0068,0.0125,0.0021,0.0034,258.05,498,54,90.7116,0,0,0,0,351.0833,610,31,111.9597,39,41.5667,47,39,23.68,23.68,23.68
2022-11-20 17:20:00,3.1171,6.3648,0.854,1.1717,120,130.3868,28.7736,120,71.7167,72.0542,71.3218,0.2075,120,27.2299,27.3107,27.1276,0.0536,120,1007.0934,1007.2817,1006.8789,0.1036,120,0.4805,1.6819,0,0.5668,120,0.3907,1.4658,0,0.4051,120,13.7853,14.2604,13.2775,0.1415,120,120,0,1.002,2.1363,0,0.6889,120,None,None,None,None,0,3.4516,3.4547,3.448,0.0017,0.5723,0.5731,0.5713,0.0005,0.7172,0.7205,0.7132,0.0021,-0.0001,-0.0001,-0.0001,0,0,0,0,0,0,0,0,0,0.001,0.0021,0,0.0007,315.9917,669,70,127.3606,0,0,0,0,367.9583,533,107,82.6932,39,41.7,47,39,23.68,23.68,23.63
2022-11-20 17:30:00,2.4669,5.362,0.7804,0.8524,120,124.0294,37.1847,120,72.1572,72.2983,71.9016,0.0959,120,27.072,27.1337,27.0452,0.0225,120,1007.2446,1007.4465,1007.0803,0.0774,120,0,0,0,0,120,0,0,0,0,120,13.7648,14.2604,13.2775,0.1351,120,120,0,0,0,0,0,120,None,None,None,None,0,3.4541,3.4574,3.4513,0.0013,0.5707,0.5713,0.5705,0.0002,0.7216,0.723,0.719,0.001,-0.0001,-0.0001,-0.0001,0,0,0,0,0,0,0,0,0,0,0,0,0,245.3167,560,62,92.6554,0,0,0,0,356.925,771,132,109.8248,38.2,41.5667,47,39,23.68,23.68,23.63
2022-11-20 17:40:00,2.3958,5.1412,0.6148,0.9984,120,139.296,34.5488,120,72.1661,72.3594,72.0542,0.0632,120,27.0017,27.0635,26.9536,0.0341,120,1007.3775,1007.6113,1007.2451,0.0844,120,0,0,0,0,120,0,0,0,0,120,13.7771,14.2604,13.2775,0.1422,120,120,0,0,0,0,0,120,None,None,None,None,0,3.4563,3.4602,3.4541,0.0014,0.57,0.5706,0.5695,0.0003,0.7217,0.7236,0.7205,0.0006,-0.0001,-0.0001,-0.0001,0,0,0,0,0,0,0,0,0,0,0,0,0,237.5833,536,44,108.5272,0,0,0,0,394.55,774,68,101.7617,38,41.7333,47,39,23.68,23.68,23.63
2022-11-20 17:50:00,2.463,4.5156,0.7528,0.7294,120,145.0407,31.4594,120,72.1096,72.2373,71.9932,0.0722,120,26.9555,26.9842,26.914,0.0177,120,1007.4511,1007.6296,1007.2634,0.0607,120,0,0,0,0,120,0,0,0,0,120,13.7935,14.2604,13.2775,0.1403,120,120,0,0,0,0,0,120,None,None,None,None,0,3.4575,3.4605,3.4544,0.001,0.5696,0.5698,0.5691,0.0002,0.7211,0.7224,0.7199,0.0007,-0.0001,-0.0001,-0.0001,0,0,0,0,0,0,0,0,0,0,0,0,0,244.8917,468,59,79.2781,0,0,0,0,414.0667,998,92,101.2209,38,41.3,47,39,23.68,23.68,23.68
2022-11-20 18:00:00,2.2761,4.5064,0.5872,0.9107,120,135.5469,36.8788,120,71.9446,72.1152,71.8101,0.0774,120,26.8837,26.9231,26.8438,0.0269,120,1007.4328,1007.6296,1007.2451,0.0541,120,0,0,0,0,120,0,0,0,0,120,13.7771,14.2604,13.2775,0.2112,120,120,0,0,0,0,0,120,None,None,None,None,0,3.4572,3.4605,3.4541,0.0009,0.5688,0.5692,0.5684,0.0003,0.7194,0.7212,0.7181,0.0008,-0.0001,-0.0001,-0.0001,0,0,0,0,0,0,0,0,0,0,0,0,0,224.575,467,41,98.9853,0,0,0,0,392.0167,957,126,114.5776,38,41.85,47,39,23.68,23.68,23.68
2022-11-20 18:10:00,2.1459,5.0032,0.7896,0.7524,120,130.9457,26.7657,120,72.0072,72.1458,71.9016,0.0595,120,26.8653,26.8834,26.8529,0.0058,120,1007.5234,1007.6296,1007.4099,0.0907,120,0,0,0,0,120,0,0,0,0,120,13.7935,14.2604,13.2775,0.1668,120,120,0,0,0,0,0,120,None,None,None,None,0,3.4587,3.4605,3.4568,0.0015,0.5686,0.5688,0.5685,0.0001,0.7201,0.7215,0.719,0.0006,-0.0001,-0.0001,-0.0001,0,0,0,0,0,0,0,0,0,0,0,0,0,210.425,521,63,81.7843,0,0,0,0,369.825,513,74,77.2935,38,41.7667,47,39,23.68,23.68,23.68
2022-11-20 18:20:00,2.0566,4.4972,0.716,0.7901,120,133.0227,36.4431,120,72.2798,72.4815,72.1152,0.0989,120,26.8904,26.9079,26.8743,0.0083,120,1007.5872,1007.7944,1007.4099,0.0802,120,0,0,0,0,120,0,0,0,0,120,13.8263,14.2604,13.2775,0.1823,120,120,0,0,0,0,0,120,None,None,None,None,0,3.4598,3.4632,3.4568,0.0013,0.5689,0.5691,0.5687,0.0001,0.7228,0.7248,0.7212,0.001,-0.0001,-0.0001,-0.0001,0,0,0,0,0,0,0,0,0,0,0,0,0,200.7167,466,55,85.8831,0,0,0,0,372.9583,604,43,105.1997,38,41.7,47,39,23.68,23.68,23.68
2022-11-20 18:30:00,2.4316,4.4972,0.808,0.8985,120,126.2705,36.0405,120,72.4013,72.6341,72.1763,0.1368,120,26.8422,26.9018,26.8194,0.0209,120,1007.66,1007.7944,1007.593,0.0834,120,0,0,0,0,120,0,0,0,0,120,13.9041,14.2604,13.2775,0.2294,120,120,0,0,0,0,0,120,None,None,None,None,0,3.461,3.4632,3.4599,0.0014,0.5684,0.569,0.5682,0.0002,0.724,0.7263,0.7218,0.0014,-0.0001,-0.0001,-0.0001,0,0,0,0,0,0,0,0,0,0,0,0,0,241.4833,466,65,97.6626,0,0,0,0,356.4,559,62,102.8968,38,41.5,47,39,23.68,23.68,23.63
2022-11-20 18:40:00,2.2221,5.316,0.3848,0.97,120,121.2332,41.4509,120,72.751,72.9698,72.6035,0.0877,120,26.8692,26.8895,26.8468,0.0091,120,1007.7316,1007.8127,1007.593,0.0853,120,0,0,0,0,120,0,0,0,0,120,13.859,14.2604,13.7689,0.191,120,120,0,0,0,0,0,120,None,None,None,None,0,3.4622,3.4635,3.4599,0.0014,0.5687,0.5689,0.5685,0.0001,0.7275,0.7297,0.726,0.0009,-0.0001,-0.0001,-0.0001,0,0,0,0,0,0,0,0,0,0,0,0,0,218.7083,555,19,105.4342,0,0,0,0,368.625,972,75,141.4986,38,41.5333,47,39,23.68,23.68,23.68
2022-11-20 18:50:00,2.1218,4.2488,0.486,0.7067,120,138.8834,34.9375,120,73.1798,73.3055,72.9392,0.1144,120,26.9265,26.9689,26.8651,0.0323,120,1007.7932,1007.9775,1007.593,0.0584,120,0,0,0,0,120,0,0,0,0,120,13.8754,14.2604,13.2775,0.2131,120,120,0,0,0,0,0,120,None,None,None,None,0,3.4632,3.4663,3.4599,0.001,0.5693,0.5697,0.5686,0.0003,0.7318,0.7331,0.7294,0.0011,-0.0001,-0.0001,-0.0001,0,0,0,0,0,0,0,0,0,0,0,0,0,207.8,439,30,76.8206,0,0,0,0,393.4167,745,55,102.8616,37.2,41.6667,47,41,23.68,23.68,23.68
2022-11-20 19:00:00,2.5158,4.718,0.44,1.0424,120,129.4534,42.8033,120,73.3807,73.5801,73.2139,0.1102,120,26.8727,26.9475,26.8102,0.0482,120,1007.8869,1007.9775,1007.7578,0.0903,120,0,0,0,0,120,0,0,0,0,120,13.8222,14.2604,13.2775,0.1779,120,120,0,0,0,0,0,120,None,None,None,None,0,3.4648,3.4663,3.4626,0.0015,0.5687,0.5695,0.5681,0.0005,0.7338,0.7358,0.7321,0.0011,-0.0001,-0.0001,-0.0001,0,0,0,0,0,0,0,0,0,0,0,0,0,250.6333,490,25,113.3016,0,0,0,0,373.1083,929,49,133.192,37,41.4667,47,39,23.68,23.68,23.68
2022-11-20 19:10:00,2.4898,5.5828,0.67,0.9434,120,134.2138,29.4522,120,73.7167,73.8853,73.5191,0.1096,120,26.7792,26.8224,26.7431,0.0251,120,1007.9908,1008.1606,1007.7761,0.0815,120,0,0,0,0,120,0,0,0,0,120,13.8427,14.2604,13.7689,0.1762,120,120,0,0,0,0,0,120,None,None,None,None,0,3.4665,3.4693,3.4629,0.0014,0.5678,0.5682,0.5674,0.0003,0.7372,0.7389,0.7352,0.0011,-0.0001,-0.0001,-0.0001,0,0,0,0,0,0,0,0,0,0,0,0,0,247.8,584,50,102.5451,0,0,0,0,383.7667,886,183,90.7309,37,41.8333,47,41,23.68,23.68,23.63
2022-11-20 19:20:00,1.9155,4.0372,0.4676,0.7235,120,133.2525,37.7053,120,73.8973,74.0379,73.7632,0.0628,120,26.6881,26.7431,26.5844,0.0477,120,1008.0799,1008.1606,1007.9409,0.0861,120,0,0,0,0,120,0,0,0,0,120,13.7935,14.2604,13.2775,0.1541,120,120,0,0,0,0,0,120,None,None,None,None,0,3.468,3.4693,3.4657,0.0014,0.5669,0.5674,0.5658,0.0005,0.739,0.7404,0.7376,0.0006,-0.0001,-0.0001,-0.0001,0,0,0,0,0,0,0,0,0,0,0,0,0,185.3833,416,28,78.6385,0,0,0,0,380.1583,743,93,109.7492,37,41.6333,47,39,23.68,23.68,23.68
2022-11-20 19:30:00,2.5358,4.9296,1.0564,0.84,120,134.3418,30.3855,120,73.8777,73.9463,73.7938,0.0402,120,26.5407,26.5844,26.5172,0.0147,120,1008.1481,1008.3438,1007.9409,0.0682,120,0,0,0,0,120,0,0,0,0,120,13.8795,14.2604,13.2775,0.2157,120,120,0,0,0,0,0,120,None,None,None,None,0,3.4691,3.4724,3.4657,0.0011,0.5654,0.5658,0.5652,0.0001,0.7388,0.7395,0.7379,0.0004,-0.0001,-0.0001,-0.0001,0,0,0,0,0,0,0,0,0,0,0,0,0,252.8,513,92,91.307,0,0,0,0,380.6833,659,129,87.962,37,41.4667,47,39,23.68,23.68,23.63
2022-11-20 19:40:00,2.4809,4.8008,0.9828,0.8242,120,137.7555,29.6933,120,73.7546,73.8853,73.6717,0.0531,120,26.596,26.624,26.5508,0.0191,120,1008.3009,1008.5086,1008.124,0.0811,120,0,0,0,0,120,0,0,0,0,120,13.8877,14.2604,13.2775,0.2207,120,120,0,0,0,0,0,120,None,None,None,None,0,3.4717,3.4751,3.4687,0.0014,0.566,0.5662,0.5655,0.0002,0.7375,0.7389,0.7367,0.0005,-0.0001,-0.0001,-0.0001,0,0,0,0,0,0,0,0,0,0,0,0,0,246.8417,499,84,89.5907,0,0,0,0,395.2917,965,154,95.167,37,41.6167,47,39,23.68,23.68,23.68
2022-11-20 19:50:00,2.2378,4.212,0.67,0.7451,120,123.3912,37.3737,120,73.8019,73.9158,73.7022,0.0652,120,26.6175,26.6332,26.6027,0.0065,120,1008.3261,1008.5086,1008.124,0.0686,120,0,0,0,0,120,0,0,0,0,120,13.9368,14.2604,13.7689,0.2341,120,120,0,0,0,0,0,120,None,None,None,None,0,3.4721,3.4751,3.4687,0.0011,0.5662,0.5663,0.566,0.0001,0.738,0.7392,0.737,0.0007,-0.0001,-0.0001,-0.0001,0,0,0,0,0,0,0,0,0,0,0,0,0,220.4167,435,50,80.9944,0,0,0,0,353.9167,891,22,113.6677,37,41.7,47,39,23.68,23.68,23.63
2022-11-20 20:00:00,2.3446,5.2332,0.6516,0.8667,120,140.417,35.0072,120,73.9743,74.0684,73.8853,0.0563,120,26.61,26.621,26.5935,0.008,120,1008.4669,1008.6917,1008.3254,0.0774,120,0,0,0,0,120,0,0,0,0,120,13.8549,14.2604,13.2775,0.1981,120,120,0,0,0,0,0,120,None,None,None,None,0,3.4744,3.4782,3.4721,0.0013,0.5661,0.5662,0.5659,0.0001,0.7397,0.7407,0.7389,0.0006,-0.0001,-0.0001,-0.0001,0,0,0,0,0,0,0,0,0,0,0,0,0,232.0167,546,48,94.2072,0,0,0,0,405.6667,872,191,108.035,37,41.5,47,39,23.68,23.68,23.68
2022-11-20 20:10:00,2.1742,4.1752,0.486,0.815,120,129.2802,34.6317,120,74.1183,74.2515,74.0379,0.0505,120,26.5974,26.624,26.5539,0.021,120,1008.4971,1008.6917,1008.3071,0.0349,120,0,0,0,0,120,0,0,0,0,120,13.8058,14.2604,13.2775,0.1705,120,120,0,0,0,0,0,120,None,None,None,None,0,3.475,3.4782,3.4718,0.0006,0.566,0.5662,0.5655,0.0002,0.7412,0.7425,0.7404,0.0005,-0.0001,-0.0001,-0.0001,0,0,0,0,0,0,0,0,0,0,0,0,0,213.5,431,30,88.5821,0,0,0,0,369.2667,691,93,100.504,37,41.45,47,39,23.68,23.68,23.63
2022-11-20 20:20:00,2.0257,3.9084,0.578,0.7188,120,140.6191,37.4644,120,74.4257,74.5872,74.2515,0.1002,120,26.5477,26.5569,26.5386,0.0048,120,1008.5846,1008.71,1008.4719,0.0973,120,0,0,0,0,120,0,0,0,0,120,13.8713,14.2604,13.7689,0.2004,120,120,0,0,0,0,0,120,None,None,None,None,0,3.4764,3.4785,3.4745,0.0016,0.5655,0.5656,0.5654,0.0001,0.7443,0.7459,0.7425,0.001,-0.0001,-0.0001,-0.0001,0,0,0,0,0,0,0,0,0,0,0,0,0,197.3583,402,40,78.1284,0,0,0,0,398.4917,716,153,107.3607,36,41.55,47,39,23.68,23.68,23.63
2022-11-20 20:30:00,2.1024,3.7796,0.5688,0.612,120,132.1971,30.9204,120,74.6556,74.7398,74.5872,0.0417,120,26.5479,26.563,26.5264,0.0071,120,1008.5792,1008.71,1008.4719,0.0968,120,0,0,0,0,120,0,0,0,0,120,13.9328,14.2604,13.7689,0.2326,120,120,0,0,0,0,0,120,None,None,None,None,0,3.4763,3.4785,3.4745,0.0016,0.5655,0.5656,0.5653,0.0001,0.7466,0.7474,0.7459,0.0004,-0.0001,-0.0001,-0.0001,0,0,0,0,0,0,0,0,0,0,0,0,0,205.6917,388,39,66.517,0,0,0,0,375.5667,631,171,88.5409,36,41.7333,47,39,23.68,23.68,23.63
2022-11-20 20:40:00,1.9806,3.6232,0.4308,0.6476,120,124.7788,33.6298,120,74.6755,74.8009,74.5567,0.0587,120,26.5104,26.5355,26.4898,0.0141,120,1008.5911,1008.71,1008.4902,0.0968,120,0,0,0,0,120,0,0,0,0,120,13.7976,14.2604,13.2775,0.1599,120,120,0,0,0,0,0,120,None,None,None,None,0,3.4765,3.4785,3.4748,0.0016,0.5651,0.5654,0.5649,0.0001,0.7468,0.748,0.7456,0.0006,-0.0001,-0.0001,-0.0001,0,0,0,0,0,0,0,0,0,0,0,0,0,192.4583,371,24,70.3941,0,0,0,0,353.9333,615,78,96.7534,36,41.6333,47,39,23.68,23.68,23.63
2022-11-20 20:50:00,2.3524,4.3868,0.6516,0.8419,120,132.1185,34.3605,120,74.5224,74.6483,74.3126,0.0793,120,26.46,26.4959,26.4043,0.0252,120,1008.5791,1008.71,1008.3254,0.1018,120,0,0,0,0,120,0,0,0,0,120,13.8099,14.2604,13.2775,0.1755,120,120,0,0,0,0,0,120,None,None,None,None,0,3.4763,3.4785,3.4721,0.0017,0.5646,0.565,0.564,0.0003,0.7452,0.7465,0.7431,0.0008,-0.0001,-0.0001,-0.0001,0,0,0,0,0,0,0,0,0,0,0,0,0,232.875,454,48,91.5134,0,0,0,0,381.525,983,110,108.5698,36,41.5167,47,41,23.68,23.68,23.63
2022-11-20 21:00:00,1.9618,4.2304,0.808,0.6593,120,122.7727,33.1386,120,74.2294,74.4041,74.0684,0.1141,120,26.3782,26.4165,26.3463,0.021,120,1008.6071,1008.71,1008.4719,0.0992,120,0,0,0,0,120,0,0,0,0,120,13.7976,14.2604,13.2775,0.1943,120,120,0,0,0,0,0,120,None,None,None,None,0,3.4768,3.4785,3.4745,0.0017,0.5638,0.5642,0.5635,0.0002,0.7423,0.744,0.7407,0.0011,-0.0001,-0.0001,-0.0001,0,0,0,0,0,0,0,0,0,0,0,0,0,190.4083,437,65,71.6663,0,0,0,0,348.9833,579,71,95.2323,36,41.8,47,41,23.68,23.68,23.63
2022-11-20 21:10:00,2.0914,4.1752,0.762,0.7616,120,136.1485,36.6072,120,73.8365,74.0684,73.6106,0.1223,120,26.3607,26.3799,26.3433,0.0121,120,1008.7013,1008.8931,1008.4719,0.0814,120,0,0,0,0,120,0,0,0,0,120,13.8631,14.2604,13.2775,0.2141,120,120,0,0,0,0,0,120,None,None,None,None,0,3.4784,3.4816,3.4745,0.0014,0.5636,0.5638,0.5634,0.0001,0.7384,0.7407,0.7361,0.0012,-0.0001,-0.0001,-0.0001,0,0,0,0,0,0,0,0,0,0,0,0,0,204.5,431,60,82.7815,0,0,0,0,387.9583,891,50,110.9425,36,41.85,47,39,23.68,23.68,23.63
2022-11-20 21:20:00,1.824,3.4392,0.7896,0.6386,120,129.8608,32.5314,120,73.4364,73.6106,73.3055,0.0795,120,26.3512,26.383,26.3158,0.0177,120,1008.576,1008.6917,1008.4536,0.0999,120,0,0,0,0,120,0,0,0,0,120,13.7526,14.2604,13.2775,0.1264,120,120,0,0,0,0,0,120,None,None,None,None,0,3.4763,3.4782,3.4742,0.0017,0.5635,0.5638,0.5632,0.0002,0.7344,0.7361,0.7331,0.0008,-0.0001,-0.0001,-0.0001,0,0,0,0,0,0,0,0,0,0,0,0,0,175.4333,351,63,69.4086,0,0,0,0,370.0417,722,102,95.7687,36,41.4167,47,39,23.68,23.68,23.63
2022-11-20 21:30:00,1.9822,4.3408,0.348,0.8332,120,139.1086,39.5527,120,73.3815,73.4275,73.3055,0.0285,120,26.3258,26.3372,26.3067,0.0067,120,1008.6254,1008.6917,1008.4719,0.0884,120,0,0,0,0,120,0,0,0,0,120,13.7894,14.2604,13.2775,0.1846,120,120,0,0,0,0,0,120,None,None,None,None,0,3.4771,3.4782,3.4745,0.0015,0.5633,0.5634,0.5631,0.0001,0.7338,0.7343,0.7331,0.0003,-0.0001,-0.0001,-0.0001,0,0,0,0,0,0,0,0,0,0,0,0,0,192.6333,449,15,90.5604,0,0,0,0,403.775,891,156,119.5052,36,41.6167,47,39,23.68,23.68,23.63
2022-11-20 21:40:00,2.0594,3.8532,0.578,0.6789,120,127.4317,35.0673,120,73.4794,73.5496,73.397,0.0351,120,26.3043,26.3128,26.2914,0.0043,120,1008.5821,1008.8748,1008.4719,0.1039,120,0,0,0,0,120,0,0,0,0,120,13.8222,14.2604,13.2775,0.189,120,120,0,0,0,0,0,120,None,None,None,None,0,3.4764,3.4812,3.4745,0.0017,0.563,0.5631,0.5629,0,0.7348,0.7355,0.734,0.0004,-0.0001,-0.0001,-0.0001,0,0,0,0,0,0,0,0,0,0,0,0,0,201.025,396,40,73.796,0,0,0,0,364.025,676,161,100.1875,36,41.6333,47,39,23.68,23.68,23.63
2022-11-20 21:50:00,2.3084,4.5892,0.486,0.8282,120,138.3309,36.9301,120,73.6221,73.6717,73.5496,0.0324,120,26.2942,26.3036,26.2822,0.0045,120,1008.5401,1008.6917,1008.4536,0.0919,120,0,0,0,0,120,0,0,0,0,120,13.8263,14.2604,13.2775,0.1823,120,120,0,0,0,0,0,120,None,None,None,None,0,3.4757,3.4782,3.4742,0.0015,0.5629,0.563,0.5628,0,0.7362,0.7367,0.7355,0.0003,-0.0001,-0.0001,-0.0001,0,0,0,0,0,0,0,0,0,0,0,0,0,228.0917,476,30,90.0231,0,0,0,0,397.175,937,58,113.9393,36,41.6333,47,39,23.68,23.68,23.63
2022-11-20 22:00:00,2.1249,4.2672,0.624,0.7713,120,136.9668,35.0778,120,73.7673,73.8853,73.6412,0.0757,120,26.2834,26.2975,26.2731,0.0046,120,1008.4814,1008.6917,1008.2888,0.0802,120,0,0,0,0,120,0,0,0,0,120,13.7894,14.2604,13.2775,0.1611,120,120,0,0,0,0,0,120,None,None,None,None,0,3.4747,3.4782,3.4715,0.0013,0.5628,0.563,0.5627,0.0001,0.7377,0.7389,0.7364,0.0008,-0.0001,-0.0001,-0.0001,0,0,0,0,0,0,0,0,0,0,0,0,0,208.1417,441,45,83.8335,0,0,0,0,388.6667,641,39,101.2195,35.6,41.4833,47,39,23.68,23.68,23.63
2022-11-20 22:10:00,2.4257,4.2948,0.7896,0.7337,120,134.8911,32.6282,120,74.0374,74.221,73.8853,0.1067,120,26.2616,26.2883,26.2426,0.0121,120,1008.35,1008.4902,1008.2888,0.079,120,0,0,0,0,120,0,0,0,0,120,13.8058,14.2604,13.2775,0.2031,120,120,0,0,0,0,0,120,None,None,None,None,0,3.4725,3.4748,3.4715,0.0013,0.5626,0.5629,0.5624,0.0001,0.7404,0.7422,0.7389,0.0011,-0.0001,-0.0001,-0.0001,0,0,0,0,0,0,0,0,0,0,0,0,0,240.8417,444,63,79.7503,0,0,0,0,379.0417,623,34,95.2317,35,41.5333,47,39,23.68,23.68,23.63
2022-11-20 22:20:00,2.1566,3.9912,0.762,0.7518,120,123.4527,36.5518,120,74.3367,74.4652,74.221,0.0613,120,26.2311,26.2548,26.1907,0.0186,120,1008.3549,1008.4902,1008.2888,0.0813,120,0,0,0,0,120,0,0,0,0,120,13.7771,14.2604,13.2775,0.191,120,120,0,0,0,0,0,120,None,None,None,None,0,3.4726,3.4748,3.4715,0.0014,0.5623,0.5625,0.5619,0.0002,0.7434,0.7447,0.7422,0.0006,-0.0001,-0.0001,-0.0001,0,0,0,0,0,0,0,0,0,0,0,0,0,211.5917,411,60,81.7162,0,0,0,0,361.575,996,125,117.9243,35,41.4667,47,39,23.68,23.68,23.63
2022-11-20 22:30:00,2.5529,4.9572,0.6792,0.8949,120,132.0268,33.012,120,74.517,74.6178,74.3736,0.0609,120,26.173,26.1937,26.151,0.0067,120,1008.3422,1008.4902,1008.2705,0.0784,120,0,0,0,0,120,0,0,0,0,120,13.8263,14.2604,13.2775,0.2033,120,120,0,0,0,0,0,120,None,None,None,None,0,3.4724,3.4748,3.4712,0.0013,0.5617,0.5619,0.5615,0.0001,0.7452,0.7462,0.7437,0.0006,-0.0001,-0.0001,-0.0001,0,0,0,0,0,0,0,0,0,0,0,0,0,254.6667,516,51,97.2713,0,0,0,0,374.0333,606,147,94.2241,35,41.5333,47,39,23.68,23.68,23.63
2022-11-20 22:40:00,2.1076,3.6416,0.762,0.6285,120,133.1025,35.0664,120,74.425,74.4957,74.3736,0.0293,120,26.1328,26.1663,26.1113,0.0158,120,1008.2662,1008.3071,1008.1057,0.0654,120,0,0,0,0,120,0,0,0,0,120,13.7444,14.2604,13.2775,0.1541,120,120,0,0,0,0,0,120,None,None,None,None,0,3.4711,3.4718,3.4684,0.0011,0.5613,0.5617,0.5611,0.0002,0.7442,0.745,0.7437,0.0003,-0.0001,-0.0001,-0.0001,0,0,0,0,0,0,0,0,0,0,0,0,0,206.2583,373,60,68.3196,0,0,0,0,385.0083,963,5,115.0043,35,41.4833,47,39,23.68,23.68,23.63
2022-11-20 22:50:00,2.5062,4.35,0.578,0.7747,120,128.4251,30.9644,120,74.2447,74.3736,74.0379,0.0877,120,26.0821,26.1235,26.0442,0.0218,120,1008.1722,1008.3071,1008.0874,0.0901,120,0,0,0,0,120,0,0,0,0,120,13.7403,14.2604,13.2775,0.2044,120,120,0,0,0,0,0,120,None,None,None,None,0,3.4695,3.4718,3.4681,0.0015,0.5608,0.5612,0.5604,0.0002,0.7424,0.7437,0.7404,0.0009,-0.0001,-0.0001,-0.0001,0,0,0,0,0,0,0,0,0,0,0,0,0,249.5833,450,40,84.2018,0,0,0,0,368.6583,923,89,97.64,35,41.4333,47,39,23.68,23.68,23.63
2022-11-20 23:00:00,1.8861,4.0372,0.3664,0.8075,120,143.9508,42.3692,120,73.8556,74.0684,73.6106,0.1454,120,26.0239,26.0472,25.9831,0.0178,120,1008.0247,1008.124,1007.7578,0.0979,120,0,0,0,0,120,0,0,0,0,120,13.6952,14.2604,13.2775,0.1874,120,120,0,0,0,0,0,120,None,None,None,None,0,3.4671,3.4687,3.4626,0.0016,0.5602,0.5605,0.5598,0.0002,0.7386,0.7407,0.7361,0.0015,-0.0001,-0.0001,-0.0001,0,0,0,0,0,0,0,0,0,0,0,0,0,182.1833,416,17,87.7689,0,0,0,0,416.0417,940,60,130.6837,35,41.5333,49,39,23.67,23.68,23.63
2022-11-20 23:10:00,2.1396,4.3592,0.8724,0.6821,120,138.8924,34.0905,120,73.5038,73.6717,73.3665,0.0836,120,25.9784,25.9954,25.9648,0.007,120,1007.8741,1008.124,1007.7212,0.0885,120,0,0,0,0,120,0,0,0,0,120,13.7157,14.2604,13.2775,0.2188,120,120,0,0,0,0,0,120,None,None,None,None,0,3.4646,3.4687,3.462,0.0015,0.5598,0.5599,0.5596,0.0001,0.735,0.7367,0.7337,0.0008,-0.0001,-0.0001,-0.0001,0,0,0,0,0,0,0,0,0,0,0,0,0,209.7417,451,72,74.1367,0,0,0,0,392.925,760,84,100.3197,35,41.6,47,39,23.67,23.68,23.63
2022-11-20 23:20:00,2.1316,4.4972,0.5412,0.8212,120,137.6133,38.5517,120,73.35,73.4275,73.2444,0.0422,120,25.9718,25.9893,25.9374,0.012,120,1007.7747,1007.9226,1007.7029,0.0806,120,0,0,0,0,120,0,0,0,0,120,13.7075,14.2604,13.2775,0.2166,120,120,0,0,0,0,0,120,None,None,None,None,0,3.4629,3.4654,3.4617,0.0013,0.5597,0.5599,0.5594,0.0001,0.7335,0.7343,0.7324,0.0004,-0.0001,-0.0001,-0.0001,0,0,0,0,0,0,0,0,0,0,0,0,0,208.875,466,36,89.262,0,0,0,0,399.2417,958,53,121.2006,35,41.6667,47,41,23.67,23.68,23.63
2022-11-20 23:30:00,1.9845,4.3684,0.7528,0.6304,120,133.5362,34.4742,120,73.3395,73.397,73.2749,0.028,120,25.9065,25.9374,25.8794,0.0155,120,1007.7183,1007.9409,1007.5381,0.0499,120,0,0,0,0,120,0,0,0,0,120,13.6706,14.2604,13.2775,0.2074,120,120,0,0,0,0,0,120,None,None,None,None,0,3.462,3.4657,3.459,0.0008,0.5591,0.5594,0.5588,0.0001,0.7334,0.734,0.7327,0.0003,-0.0001,-0.0001,-0.0001,0,0,0,0,0,0,0,0,0,0,0,0,0,192.875,452,59,68.5219,0,0,0,0,387.975,973,53,115.9902,35,41.4667,47,39,23.68,23.68,23.63
2022-11-20 23:40:00,1.6936,3.3564,0.348,0.6511,120,133.0716,30.2505,120,73.2844,73.3665,73.2444,0.0253,120,25.8737,25.8946,25.858,0.0089,120,1007.633,1007.7395,1007.5198,0.0923,120,0,0,0,0,120,0,0,0,0,120,13.6706,14.2604,13.2775,0.217,120,120,0,0,0,0,0,120,None,None,None,None,0,3.4605,3.4623,3.4587,0.0015,0.5587,0.5589,0.5586,0.0001,0.7328,0.7337,0.7324,0.0003,-0.0001,-0.0001,-0.0001,0,0,0,0,0,0,0,0,0,0,0,0,0,161.2583,342,15,70.7745,0,0,0,0,377.0417,647,114,88.3749,35,41.4333,47,39,23.67,23.68,23.63
2022-11-20 23:50:00,1.8201,3.3748,0.7804,0.511,120,134.3222,30.5344,120,73.4092,73.5496,73.2749,0.0894,120,25.853,25.8672,25.8367,0.0066,120,1007.5835,1007.7395,1007.3733,0.0761,120,0,0,0,0,120,0,0,0,0,120,13.6706,14.2604,13.2775,0.2262,120,120,0,0,0,0,0,120,None,None,None,None,0,3.4597,3.4623,3.4562,0.0013,0.5585,0.5587,0.5584,0.0001,0.7341,0.7355,0.7327,0.0009,-0.0001,-0.0001,-0.0001,0,0,0,0,0,0,0,0,0,0,0,0,0,175.0083,344,62,55.5438,0,0,0,0,379.825,565,139,87.6563,35,42.75,49,11,23.67,23.68,23.63
