datetime,Anemometer;wind_speed;Avg (m/s),Anemometer;wind_speed;Max (m/s),Anemometer;wind_speed;Min (m/s),Anemometer;wind_speed;StdDev (m/s),Anemometer;wind_speed;Count (),Wind Vane TMR;wind_direction;Avg (°),Wind Vane TMR;wind_direction;StdDev (°),Wind Vane TMR;wind_direction;Count (),Hygro/Thermo;humidity;Avg (%),Hygro/Thermo;humidity;Max (%),Hygro/Thermo;humidity;Min (%),Hygro/Thermo;humidity;StdDev (%),Hygro/Thermo;humidity;Count (),Hygro/Thermo;temperature;Avg (°C),Hygro/Thermo;temperature;Max (°C),Hygro/Thermo;temperature;Min (°C),Hygro/Thermo;temperature;StdDev (°C),Hygro/Thermo;temperature;Count (),Barometer;air_pressure;Avg (hPa),Barometer;air_pressure;Max (hPa),Barometer;air_pressure;Min (hPa),Barometer;air_pressure;StdDev (hPa),Barometer;air_pressure;Count (),DHI (Diffuse Horizontal Irradiance);solar_irradiance;Avg (W/m²),DHI (Diffuse Horizontal Irradiance);solar_irradiance;Max (W/m²),DHI (Diffuse Horizontal Irradiance);solar_irradiance;Min (W/m²),DHI (Diffuse Horizontal Irradiance);solar_irradiance;StdDev (W/m²),DHI (Diffuse Horizontal Irradiance);solar_irradiance;Count (),GHI (Global Horizontal Irradiance);solar_irradiance;Avg (W/m²),GHI (Global Horizontal Irradiance);solar_irradiance;Max (W/m²),GHI (Global Horizontal Irradiance);solar_irradiance;Min (W/m²),GHI (Global Horizontal Irradiance);solar_irradiance;StdDev (W/m²),GHI (Global Horizontal Irradiance);solar_irradiance;Count (),DNI (Direct Normal Irradiance) Pyrheliometer;solar_DNI;Avg (W/m²),DNI (Direct Normal Irradiance) Pyrheliometer;solar_DNI;Max (W/m²),DNI (Direct Normal Irradiance) Pyrheliometer;solar_DNI;Min (W/m²),DNI (Direct Normal Irradiance) Pyrheliometer;solar_DNI;StdDev (W/m²),DNI (Direct Normal Irradiance) Pyrheliometer;solar_DNI;Count (),Precipitation;precipitation;Count (),Precipitation;precipitation;Sum (mm),GTI (Global Tilt Irradiance) PV Cell;voltage;Avg (W/m2),GTI (Global Tilt Irradiance) PV Cell;voltage;Max (W/m2),GTI (Global Tilt Irradiance) PV Cell;voltage;Min (W/m2),GTI (Global Tilt Irradiance) PV Cell;voltage;StdDev (W/m2),GTI (Global Tilt Irradiance) PV Cell;voltage;Count (),Theta;other;Avg (°),Theta;other;Max (°),Theta;other;Min (°),Theta;other;StdDev (°),Theta;other;Count (),A1;channel;Avg (V),A1;channel;Max (V),A1;channel;Min (V),A1;channel;StdDev (V),A2;channel;Avg (V),A2;channel;Max (V),A2;channel;Min (V),A2;channel;StdDev (V),A3;channel;Avg (V),A3;channel;Max (V),A3;channel;Min (V),A3;channel;StdDev (V),A4;channel;Avg (V),A4;channel;Max (V),A4;channel;Min (V),A4;channel;StdDev (V),A5;channel;Avg (V),A5;channel;Max (V),A5;channel;Min (V),A5;channel;StdDev (V),A6;channel;Avg (V),A6;channel;Max (V),A6;channel;Min (V),A6;channel;StdDev (V),A7;channel;Avg (V),A7;channel;Max (V),A7;channel;Min (V),A7;channel;StdDev (V),C1;channel;Avg (I),C1;channel;Max (I),C1;channel;Min (I),C1;channel;StdDev (I),C2;channel;Avg (I),C2;channel;Max (I),C2;channel;Min (I),C2;channel;StdDev (I),D1;channel;Avg (),D1;channel;Max (),D1;channel;Min (),D1;channel;StdDev (),T;channel;Avg (°C),I;channel;Avg (mA),I;channel;Max (mA),I;channel;Min (mA),V;channel;Avg (V),V;channel;Max (V),V;channel;Min (V)
2022-11-16 00:00:00,1.3212,4.0372,0.4124,0.7395,120,88.2411,26.3383,120,82.2499,82.3695,82.1863,0.0482,120,25.5908,25.6017,25.5711,0.0055,120,1007.8721,1008.0874,1007.7212,0.08,120,0.008,0.2402,0,0.0433,120,0,0,0,0,120,13.687,14.2604,13.2775,0.2326,120,120,0,0,0,0,0,120,None,None,None,None,0,3.4645,3.4681,3.462,0.0013,0.5559,0.556,0.5557,0.0001,0.8225,0.8237,0.8219,0.0005,-0.0001,-0.0001,-0.0001,0,0,0,0,0,0,0,0,0,0,0,0,0,120.7833,416,22,80.3779,0,0,0,0,250.0667,461,34,75.9732,35,44.4333,51,41,23.67,23.68,23.63
2022-11-16 00:10:00,1.7999,4.6628,0.6884,0.8081,120,107.9301,39.236,120,82.2479,82.5831,81.8201,0.2249,120,25.3484,25.5773,25.1805,0.1153,120,1007.8871,1007.9409,1007.7212,0.0596,120,0,0,0,0,120,0,0,0,0,120,13.5355,13.7689,13.2775,0.2465,120,120,0,0,0,0,0,120,None,None,None,None,0,3.4648,3.4657,3.462,0.001,0.5535,0.5558,0.5518,0.0011,0.8225,0.8258,0.8182,0.0022,-0.0001,-0.0001,-0.0001,0,0,0,0,0,0,0,0,0,0,0,0,0,172.8167,484,52,87.839,0,0,0,0,322.2583,971,66,128.6899,35,41.8833,47,41,23.67,23.68,23.63
2022-11-16 00:20:00,0.8541,1.682,0,0.3147,120,127.2887,39.1504,120,82.8458,83.1324,82.5831,0.1592,120,25.1023,25.1805,25.0523,0.0389,120,1007.7485,1007.9226,1007.7029,0.0614,120,0,0,0,0,120,0,0,0,0,120,13.4167,13.7689,13.2775,0.2224,120,120,0,0,0,0,0,120,None,None,None,None,0,3.4625,3.4654,3.4617,0.001,0.551,0.5518,0.5505,0.0004,0.8285,0.8313,0.8258,0.0016,-0.0001,-0.0001,-0.0001,0,0,0,0,0,0,0,0,0,0,0,0,0,70.3917,160,0,33.2824,0,0,0,0,379.325,1013,123,133.9019,35,41.6833,47,39,23.68,23.68,23.63
2022-11-16 00:30:00,1.2559,2.4456,0.578,0.4173,120,126.6748,28.8148,120,83.2293,83.4071,83.0714,0.093,120,25.056,25.1225,25.031,0.0238,120,1007.6702,1007.7395,1007.5198,0.0828,120,0,0,0,0,120,0,0,0,0,120,13.5191,13.7689,13.2775,0.2467,120,120,0,0,0,0,0,120,None,None,None,None,0,3.4612,3.4623,3.4587,0.0014,0.5506,0.5512,0.5503,0.0002,0.8323,0.8341,0.8307,0.0009,-0.0001,-0.0001,-0.0001,0,0,0,0,0,0,0,0,0,0,0,0,0,113.6833,243,40,45.3535,0,0,0,0,365.75,1006,129,97.42,35,41.65,47,41,23.67,23.68,23.63
2022-11-16 00:40:00,1.1042,2.142,0.348,0.3657,120,119.3029,27.2498,120,83.3712,83.4376,83.3155,0.0321,120,25.2265,25.2965,25.1286,0.0477,120,1007.5591,1007.7395,1007.3733,0.0628,120,0,0,0,0,120,0,0,0,0,120,13.4659,13.7689,12.786,0.2483,120,120,0,0,0,0,0,120,None,None,None,None,0,3.4593,3.4623,3.4562,0.001,0.5523,0.553,0.5513,0.0005,0.8337,0.8344,0.8332,0.0003,-0.0001,-0.0001,-0.0001,0,0,0,0,0,0,0,0,0,0,0,0,0,97.2,210,15,39.7527,0,0,0,0,340.9417,682,195,79.2192,34.9,41.55,47,41,23.67,23.68,23.63
2022-11-16 00:50:00,0.9248,1.6452,0.3204,0.2715,120,129.7624,32.3925,120,83.2489,83.3766,83.1324,0.0629,120,25.3171,25.327,25.2965,0.0064,120,1007.409,1007.5564,1007.1718,0.0859,120,0,0,0,0,120,0,0,0,0,120,13.4249,13.7689,12.786,0.235,120,120,0,0,0,0,0,120,None,None,None,None,0,3.4568,3.4593,3.4529,0.0014,0.5532,0.5533,0.553,0.0001,0.8325,0.8338,0.8313,0.0006,-0.0001,-0.0001,-0.0001,0,0,0,0,0,0,0,0,0,0,0,0,0,77.7,156,12,29.5113,0,0,0,0,382.05,1007,117,113.2085,34,41.7333,47,39,23.67,23.68,23.63
2022-11-16 01:00:00,0.9857,1.9028,0.394,0.2968,120,102.8868,24.232,120,83.1591,83.224,83.1324,0.0239,120,25.3026,25.3209,25.2782,0.0099,120,1007.2564,1007.3916,1006.9887,0.106,120,0,0,0,0,120,0,0,0,0,120,13.4413,13.7689,13.2775,0.2326,120,120,0,0,0,0,0,120,None,None,None,None,0,3.4543,3.4565,3.4498,0.0018,0.553,0.5532,0.5528,0.0001,0.8316,0.8322,0.8313,0.0002,-0.0001,-0.0001,-0.0001,0,0,0,0,0,0,0,0,0,0,0,0,0,84.3167,184,20,32.2589,0,0,0,0,293.1583,496,149,69.8812,34,41.5833,47,39,23.67,23.68,23.63
2022-11-16 01:10:00,0.3168,1.3416,0,0.2992,120,166.0657,99.7876,120,83.1462,83.1935,83.1019,0.0216,120,25.2662,25.2904,25.2294,0.0145,120,1007.1715,1007.3916,1006.9887,0.0701,120,0,0,0,0,120,0,0,0,0,120,13.3758,13.7689,12.786,0.2262,120,120,0,0,0,0,0,120,None,None,None,None,0,3.4529,3.4565,3.4498,0.0012,0.5527,0.5529,0.5523,0.0001,0.8315,0.8319,0.831,0.0002,-0.0001,-0.0001,-0.0001,0,0,0,0,0,0,0,0,0,0,0,0,0,18.8333,123,0,25.8666,0,0,0,0,511.575,1002,11,276.8488,34,41.65,47,39,23.67,23.68,23.63
2022-11-16 01:20:00,0.2405,0.716,0,0.2416,120,196.4227,62.368,120,83.1731,83.4071,83.0409,0.0894,120,25.1204,25.2385,25.0188,0.0636,120,1007.0534,1007.2085,1006.9887,0.0834,120,0,0,0,0,120,0,0,0,0,120,13.298,13.7689,12.786,0.1611,120,120,0,0,0,0,0,120,None,None,None,None,0,3.4509,3.4535,3.4498,0.0014,0.5512,0.5524,0.5502,0.0006,0.8317,0.8341,0.8304,0.0009,-0.0001,-0.0001,-0.0001,0,0,0,0,0,0,0,0,0,0,0,0,0,13.775,55,0,16.3868,0,0,0,0,555.5167,921,0,180.6044,34,41.5167,47,41,23.67,23.68,23.63
2022-11-16 01:30:00,0.5782,1.3232,0,0.3001,120,119.7427,41.4211,120,83.6474,83.8649,83.3766,0.1317,120,25.0121,25.0462,24.9944,0.0115,120,1007.0437,1007.2085,1006.9887,0.0765,120,0.002,0.2402,0,0.0219,120,0,0,0,0,120,13.4536,13.7689,13.2775,0.2366,120,120,0,0,0,0,0,120,None,None,None,None,0,3.4507,3.4535,3.4498,0.0013,0.5501,0.5505,0.5499,0.0001,0.8365,0.8386,0.8338,0.0013,-0.0001,-0.0001,-0.0001,0,0,0,0,0,0,0,0,0,0,0,0,0,41.7333,121,0,29.725,0,0,0,0,346.5083,688,103,118.7459,34,41.8333,47,39,23.67,23.68,23.63
2022-11-16 01:40:00,1.2449,2.5744,0.5412,0.3996,120,108.8237,36.3615,120,83.9936,84.17,83.8343,0.0843,120,25.135,25.2263,25.0462,0.0543,120,1007.0746,1007.2085,1006.7873,0.1047,120,0.024,0.4803,0,0.0902,120,0,0,0,0,120,13.4454,14.2604,13.2775,0.2426,120,120,0,0,0,0,0,120,None,None,None,None,0,3.4512,3.4535,3.4465,0.0017,0.5514,0.5523,0.5505,0.0005,0.8399,0.8417,0.8383,0.0008,-0.0001,-0.0001,-0.0001,0,0,0,0,0,0,0,0,0,0,0,0,0,112.4917,257,36,43.4306,0,0,0,0,319.3333,1018,59,120.2362,34,41.6833,47,39,23.67,23.68,23.63
2022-11-16 01:50:00,1.584,2.5008,0.6424,0.4496,120,111.8989,33.1631,120,84.152,84.2311,83.9869,0.0619,120,25.3134,25.3667,25.2263,0.0422,120,1007.0083,1007.1902,1006.9704,0.0474,120,0,0,0,0,120,0,0,0,0,120,13.5601,14.2604,13.2775,0.2522,120,120,0,0,0,0,0,120,None,None,None,None,0,3.4501,3.4532,3.4495,0.0008,0.5531,0.5537,0.5523,0.0004,0.8415,0.8423,0.8399,0.0006,-0.0001,-0.0001,-0.0001,0,0,0,0,0,0,0,0,0,0,0,0,0,149.35,249,47,48.8717,0,0,0,0,325.1917,908,33,107.2451,34,41.3667,47,39,23.67,23.68,23.63
2022-11-16 02:00:00,1.8256,3.4024,0.716,0.5442,120,101.6178,23.9669,120,84.0261,84.0785,83.9564,0.0263,120,25.3299,25.3484,25.3148,0.0066,120,1006.9057,1007.0071,1006.6042,0.1061,120,0,0,0,0,120,0,0,0,0,120,13.5478,13.7689,13.2775,0.2455,120,120,0,0,0,0,0,120,None,None,None,None,0,3.4484,3.4501,3.4434,0.0018,0.5533,0.5535,0.5532,0.0001,0.8403,0.8408,0.8396,0.0003,-0.0001,-0.0001,-0.0001,0,0,0,0,0,0,0,0,0,0,0,0,0,175.6083,347,55,59.151,0,0,0,0,291.25,710,114,73.4398,34,41.75,47,39,23.67,23.68,23.63
2022-11-16 02:10:00,1.6951,3.0712,0.6792,0.4987,120,103.1075,25.3525,120,83.9887,84.0785,83.9564,0.031,120,25.2841,25.3239,25.2507,0.0207,120,1006.8635,1007.0071,1006.6042,0.097,120,0,0,0,0,120,0,0,0,0,120,13.5027,13.7689,13.2775,0.2459,120,120,0,0,0,0,0,120,None,None,None,None,0,3.4477,3.4501,3.4434,0.0016,0.5528,0.5532,0.5525,0.0002,0.8399,0.8408,0.8396,0.0003,-0.0001,-0.0001,-0.0001,0,0,0,0,0,0,0,0,0,0,0,0,0,161.425,311,51,54.2073,0,0,0,0,295.0333,567,149,74.0266,34,41.6667,47,39,23.67,23.68,23.63
2022-11-16 02:20:00,1.5575,2.7768,0.6608,0.4778,120,99.7303,27.8826,120,83.9114,84.0175,83.7428,0.0596,120,25.2683,25.2934,25.2416,0.0112,120,1006.8345,1007.0071,1006.6042,0.081,120,0,0,0,0,120,0,0,0,0,120,13.4822,13.7689,12.786,0.2515,120,120,0,0,0,0,0,120,None,None,None,None,0,3.4472,3.4501,3.4434,0.0014,0.5527,0.5529,0.5524,0.0001,0.8391,0.8402,0.8374,0.0006,-0.0001,-0.0001,-0.0001,0,0,0,0,0,0,0,0,0,0,0,0,0,146.4667,279,49,51.9358,0,0,0,0,283.95,501,15,80.842,34,41.5167,47,39,23.67,23.68,23.63
2022-11-16 02:30:00,1.4008,2.4824,0.4768,0.4558,120,100.5783,29.775,120,83.6754,83.7733,83.5902,0.048,120,25.2533,25.2843,25.2263,0.0166,120,1006.8279,1007.0071,1006.769,0.0693,120,0,0,0,0,120,0,0,0,0,120,13.4413,13.7689,12.786,0.2495,120,120,0,0,0,0,0,120,None,None,None,None,0,3.4471,3.4501,3.4462,0.0012,0.5525,0.5528,0.5523,0.0002,0.8368,0.8377,0.8359,0.0005,-0.0001,-0.0001,-0.0001,0,0,0,0,0,0,0,0,0,0,0,0,0,129.4333,247,29,49.539,0,0,0,0,287.0333,607,0,87.4964,34,41.4,47,39,23.67,23.68,23.63
2022-11-16 02:40:00,1.2826,2.0132,0.3848,0.3477,120,97.7914,37.8015,120,83.4702,83.5902,83.3155,0.0688,120,25.2325,25.2416,25.2202,0.0045,120,1006.7316,1006.8056,1006.5859,0.0888,120,0,0,0,0,120,0,0,0,0,120,13.4659,13.7689,13.2775,0.2399,120,120,0,0,0,0,0,120,None,None,None,None,0,3.4455,3.4468,3.4431,0.0015,0.5523,0.5524,0.5522,0,0.8347,0.8359,0.8332,0.0007,-0.0001,-0.0001,-0.0001,0,0,0,0,0,0,0,0,0,0,0,0,0,116.5833,196,19,37.795,0,0,0,0,292.1583,949,2,127.3655,34,41.9667,47,39,23.67,23.68,23.63
2022-11-16 02:50:00,1.5774,3.108,0.3848,0.5872,120,102.3447,30.7844,120,83.2802,83.346,83.1324,0.0552,120,25.2565,25.3209,25.2171,0.0319,120,1006.7156,1006.9887,1006.5859,0.0996,120,0,0,0,0,120,0,0,0,0,120,13.4945,13.7689,13.2775,0.2451,120,120,0,0,0,0,0,120,None,None,None,None,0,3.4453,3.4498,3.4431,0.0017,0.5526,0.5532,0.5522,0.0003,0.8328,0.8335,0.8313,0.0006,-0.0001,-0.0001,-0.0001,0,0,0,0,0,0,0,0,0,0,0,0,0,148.6333,315,19,63.8283,0,0,0,0,299.8917,958,111,104.0747,34,41.4833,47,39,23.66,23.68,23.63
2022-11-16 03:00:00,1.1147,2.6204,0.394,0.4793,120,109.4094,37.6456,120,82.9295,83.1324,82.7967,0.1046,120,25.3216,25.3392,25.3087,0.006,120,1006.9134,1007.0071,1006.6042,0.0978,120,0,0,0,0,120,0,0,0,0,120,13.4822,13.7689,13.2775,0.2433,120,120,0,0,0,0,0,120,None,None,None,None,0,3.4486,3.4501,3.4434,0.0016,0.5532,0.5534,0.5531,0.0001,0.8293,0.8313,0.828,0.001,-0.0001,-0.0001,-0.0001,0,0,0,0,0,0,0,0,0,0,0,0,0,98.3333,262,20,52.0971,0,0,0,0,317.8,764,40,112.6702,34,41.5167,47,41,23.67,23.68,23.63
2022-11-16 03:10:00,1.3375,2.5468,0.3572,0.4597,120,101.4304,31.4591,120,82.6581,82.7967,82.5221,0.0872,120,25.3806,25.4186,25.3331,0.0233,120,1006.9567,1007.0071,1006.769,0.0725,120,0,0,0,0,120,0,0,0,0,120,13.5519,14.2604,13.2775,0.2532,120,120,0,0,0,0,0,120,None,None,None,None,0,3.4493,3.4501,3.4462,0.0012,0.5538,0.5542,0.5533,0.0002,0.8266,0.828,0.8252,0.0009,-0.0001,-0.0001,-0.0001,0,0,0,0,0,0,0,0,0,0,0,0,0,122.55,254,16,49.9672,0,0,0,0,289.3583,591,10,91.9018,34,41.6667,47,39,23.66,23.68,23.63
2022-11-16 03:20:00,1.3017,2.3812,0.4124,0.5164,120,99.2019,38.0486,120,82.3957,82.5526,82.1863,0.1198,120,25.4555,25.4796,25.4125,0.0193,120,1006.9568,1007.0071,1006.769,0.0709,120,0,0,0,0,120,0,0,0,0,120,13.5969,14.2604,13.2775,0.2439,120,120,0,0,0,0,0,120,None,None,None,None,0,3.4493,3.4501,3.4462,0.0012,0.5545,0.5548,0.5541,0.0002,0.824,0.8255,0.8219,0.0012,-0.0001,-0.0001,-0.0001,0,0,0,0,0,0,0,0,0,0,0,0,0,118.6583,236,22,56.1251,0,0,0,0,291.8417,869,27,120.9076,34,41.5833,47,39,23.66,23.68,23.63
2022-11-16 03:30:00,1.8002,3.9912,0.4952,0.7597,120,98.8216,30.0032,120,82.0966,82.2474,81.9422,0.0932,120,25.4967,25.5132,25.4704,0.0118,120,1006.9883,1007.1718,1006.7873,0.0494,120,0,0,0,0,120,0,0,0,0,120,13.5723,14.2604,13.2775,0.25,120,120,0,0,0,0,0,120,None,None,None,None,0,3.4498,3.4529,3.4465,0.0008,0.555,0.5551,0.5547,0.0001,0.821,0.8225,0.8194,0.0009,-0.0001,-0.0001,-0.0001,0,0,0,0,0,0,0,0,0,0,0,0,0,172.85,411,31,82.5807,0,0,0,0,304.4667,1019,67,134.9944,34,41.75,47,39,23.66,23.68,23.63
2022-11-16 03:40:00,1.4413,3.4852,0.44,0.595,120,99.7618,37.3005,120,81.901,81.9727,81.7286,0.0605,120,25.5402,25.5742,25.504,0.0208,120,1006.9898,1007.1718,1006.9521,0.038,120,0,0,0,0,120,0,0,0,0,120,13.4945,13.7689,13.2775,0.2451,120,120,0,0,0,0,0,120,None,None,None,None,0,3.4498,3.4529,3.4492,0.0006,0.5554,0.5557,0.555,0.0002,0.819,0.8197,0.8173,0.0006,-0.0001,-0.0001,-0.0001,0,0,0,0,0,0,0,0,0,0,0,0,0,133.8417,356,25,64.6732,0,0,0,0,312.5833,983,42,151.5633,34,41.5833,47,39,23.66,23.68,23.63
2022-11-16 03:50:00,1.624,3.3656,0.4492,0.6209,120,103.0283,18.5595,120,81.6551,81.7591,81.576,0.049,120,25.5164,25.565,25.4643,0.0319,120,1006.9941,1007.1902,1006.7873,0.0493,120,0,0,0,0,120,0,0,0,0,120,13.3594,13.7689,12.786,0.1946,120,120,0,0,0,0,0,120,None,None,None,None,0,3.4499,3.4532,3.4465,0.0008,0.5552,0.5556,0.5546,0.0003,0.8166,0.8176,0.8158,0.0005,-0.0001,-0.0001,-0.0001,0,0,0,0,0,0,0,0,0,0,0,0,0,153.7,343,26,67.4869,0,0,0,0,293.2417,532,203,53.964,34,41.45,47,39,23.66,23.68,23.63
2022-11-16 04:00:00,1.2612,2.3536,0.44,0.4664,120,110.0508,33.1498,120,81.5518,81.6065,81.4539,0.0354,120,25.4219,25.4674,25.4002,0.0181,120,1007.0894,1007.1902,1006.9521,0.0939,120,0,0,0,0,120,0,0,0,0,120,13.4208,13.7689,13.2775,0.2243,120,120,0,0,0,0,0,120,None,None,None,None,0,3.4515,3.4532,3.4492,0.0016,0.5542,0.5547,0.554,0.0002,0.8155,0.8161,0.8145,0.0004,-0.0001,-0.0001,-0.0001,0,0,0,0,0,0,0,0,0,0,0,0,0,114.2583,233,25,50.6913,0,0,0,0,318.1667,978,9,109.5562,34,41.5333,47,39,23.66,23.68,23.63
2022-11-16 04:10:00,1.1306,1.9764,0.3572,0.3475,120,107.6993,41.2564,120,81.4918,81.576,81.3929,0.0513,120,25.4514,25.4765,25.4277,0.013,120,1007.0812,1007.3366,1006.9521,0.097,120,0,0,0,0,120,0,0,0,0,120,13.5723,14.2604,13.2775,0.25,120,120,0,0,0,0,0,120,None,None,None,None,0,3.4514,3.4556,3.4492,0.0016,0.5545,0.5548,0.5543,0.0001,0.8149,0.8158,0.8139,0.0005,-0.0001,-0.0001,-0.0001,0,0,0,0,0,0,0,0,0,0,0,0,0,100.0667,192,16,37.7679,0,0,0,0,316.8167,959,109,127.4513,34,41.65,47,41,23.66,23.68,23.63
2022-11-16 04:20:00,1.707,4.1568,0.4124,0.9108,120,106.0338,36.2125,120,81.2398,81.4234,80.9961,0.1069,120,25.4908,25.5315,25.4643,0.0214,120,1007.1702,1007.355,1006.9704,0.0891,120,0,0,0,0,120,0,0,0,0,120,13.4536,13.7689,13.2775,0.2366,120,120,0,0,0,0,0,120,None,None,None,None,0,3.4528,3.4559,3.4495,0.0015,0.5549,0.5553,0.5546,0.0002,0.8124,0.8142,0.81,0.0011,-0.0001,-0.0001,-0.0001,0,0,0,0,0,0,0,0,0,0,0,0,0,162.7167,429,22,98.9998,0,0,0,0,306.8083,695,41,107.1441,33.4,41.75,47,39,23.66,23.68,23.63
2022-11-16 04:30:00,1.2639,2.2524,0.2652,0.4245,120,98.3732,39.22,120,80.8456,80.9961,80.7215,0.0804,120,25.4863,25.5223,25.4613,0.0156,120,1007.2622,1007.3733,1007.1535,0.0923,120,0.006,0.2402,0,0.0377,120,0,0,0,0,120,13.47,13.7689,13.2775,0.2409,120,120,0,0.0788,0.6104,0,0.1399,120,None,None,None,None,0,3.4544,3.4562,3.4526,0.0015,0.5549,0.5552,0.5546,0.0002,0.8085,0.81,0.8072,0.0008,-0.0001,-0.0001,-0.0001,0,0,0,0,0,0,0,0,0,0.0001,0.0006,0,0.0001,114.5583,222,6,46.1422,0,0,0,0,297.7417,830,38,128.7227,33.1,41.8,49,39,23.66,23.68,23.63
2022-11-16 04:40:00,1.1538,2.6388,0.4032,0.4357,120,104.9118,35.3081,120,80.6591,80.7215,80.5689,0.0378,120,25.4692,25.4826,25.4582,0.0065,120,1007.3518,1007.5198,1007.1535,0.0518,120,2.417,5.5268,0.2402,1.5058,120,1.9172,4.7623,0,1.492,120,13.5396,14.2604,13.2775,0.2543,120,120,0,2.5051,5.4933,0.3052,1.4385,120,None,None,None,None,0,3.4559,3.4587,3.4526,0.0009,0.5547,0.5548,0.5546,0.0001,0.8066,0.8072,0.8057,0.0004,-0.0001,-0.0001,-0.0001,0,0,0.0001,0,0,0,0,0,0,0.0025,0.0055,0.0003,0.0014,102.5833,264,21,47.3625,0,0,0,0,308.0333,928,64,115.2208,33,41.65,47,39,23.66,23.68,23.63
2022-11-16 04:50:00,2.1045,3.8348,0.532,0.692,120,102.7159,25.7136,120,80.4877,80.5994,80.3858,0.0501,120,25.4763,25.504,25.4552,0.012,120,1007.355,1007.5198,1007.3366,0.0258,120,10.8075,13.2165,5.5268,2.1024,120,10.4996,13.1897,4.7623,2.1933,120,13.9493,15.2449,13.2775,0.403,120,120,0,10.4907,12.8178,5.4933,1.9241,120,89.25,89.87,88.6,0.43,77,3.4559,3.4587,3.4556,0.0004,0.5548,0.555,0.5545,0.0001,0.8049,0.806,0.8039,0.0005,-0.0001,-0.0001,-0.0001,0,0.0001,0.0002,0.0001,0,0.0001,0.0001,0,0,0.0105,0.0128,0.0055,0.0019,205.925,394,35,75.2157,0,0,0,0,292.05,525,93,74.1648,33,41.75,47,39,23.65,23.68,23.63
2022-11-16 05:00:00,1.5525,2.694,0.5228,0.4987,120,110.3186,32.9322,120,80.3418,80.4773,80.1416,0.0808,120,25.5763,25.681,25.501,0.045,120,1007.3917,1007.5381,1007.3366,0.0719,120,20.1795,28.3559,13.4567,3.845,120,25.5176,42.8655,13.1897,8.7532,120,92.0284,198.6706,14.7535,65.4685,120,120,0,18.5883,26.5511,12.8178,3.5199,120,87.32,88.6,86.05,0.68,120,3.4565,3.459,3.4556,0.0012,0.5558,0.5568,0.555,0.0004,0.8034,0.8048,0.8014,0.0008,-0.0006,-0.0001,-0.0012,0.0004,0.0003,0.0004,0.0002,0,0.0002,0.0004,0.0001,0.0001,0.0186,0.0266,0.0128,0.0035,145.925,270,34,54.2105,0,0,0,0,321.45,908,56,105.6605,33,41.65,47,39,23.66,23.68,23.63
2022-11-16 05:10:00,1.5252,3.0712,0.5504,0.5002,120,105.9854,28.843,120,79.8784,80.1721,79.4397,0.2389,120,25.843,25.9679,25.6719,0.0993,120,1007.4955,1007.6846,1007.3366,0.0589,120,41.0879,61.5173,28.5961,7.9791,120,51.7588,63.3818,41.3998,6.2186,120,130.9019,244.8953,24.096,96.5387,120,120,0,37.5022,55.8489,26.8563,7.1033,120,84.96,86.05,83.76,0.69,120,3.4583,3.4614,3.4556,0.001,0.5584,0.5597,0.5567,0.001,0.7988,0.8017,0.7944,0.0024,-0.0008,-0.0001,-0.0015,0.0006,0.0005,0.0008,0.0004,0.0001,0.0004,0.0005,0.0003,0.0001,0.0375,0.0558,0.0269,0.0071,142.9583,311,37,54.3642,0,0,0,0,309.6833,998,116,101.7552,33,41.25,47,39,23.66,23.68,23.63
2022-11-16 05:20:00,1.3787,2.7584,0.348,0.5939,120,114.2938,43.1935,120,79.4771,79.7143,79.3176,0.1149,120,26.0041,26.0625,25.9496,0.0364,120,1007.4943,1007.5381,1007.3366,0.0561,120,77.7862,98.2843,61.9984,11.1853,120,82.2406,134.8235,64.114,14.7232,120,52.2412,251.7805,23.1131,40.631,120,120,0,70.5079,91.2503,56.1541,9.6741,120,82.61,83.76,81.46,0.69,120,3.4582,3.459,3.4556,0.0009,0.56,0.5606,0.5595,0.0004,0.7948,0.7971,0.7932,0.0011,-0.0003,-0.0001,-0.0016,0.0003,0.001,0.0012,0.0008,0.0001,0.0007,0.0011,0.0005,0.0001,0.0705,0.0913,0.0562,0.0097,127.0333,277,15,64.5563,0,0,0,0,350.0333,1006,89,148.8885,33,41.6,47,39,23.65,23.68,23.63
2022-11-16 05:30:00,2.1823,3.706,0.8816,0.7118,120,94.7333,30.9119,120,79.1378,79.4702,78.7683,0.2212,120,26.1466,26.1998,26.0625,0.0428,120,1007.5019,1007.5381,1007.3366,0.0441,120,92.5168,116.0661,84.3465,7.5688,120,109.1718,199.6711,84.2653,29.8145,120,111.9283,446.5163,17.7038,128.5897,120,120,0,82.227,122.9896,70.8029,12.2978,120,80.25,81.46,79.16,0.69,120,3.4584,3.459,3.4556,0.0007,0.5615,0.562,0.5606,0.0004,0.7914,0.7947,0.7877,0.0022,-0.0007,-0.0001,-0.0028,0.0008,0.0012,0.0015,0.0011,0.0001,0.0009,0.0017,0.0007,0.0002,0.0822,0.123,0.0708,0.0123,214.3833,380,73,77.3677,0,0,0,0,275.6333,891,5,102.1574,33,41.3167,47,39,23.66,23.68,23.63
2022-11-16 05:40:00,2.5003,4.212,0.7344,0.8935,120,97.3936,28.1896,120,78.6159,79.2871,77.8527,0.4638,120,26.3574,26.4928,26.1571,0.1211,120,1007.5268,1007.7212,1007.5014,0.0421,120,120.0695,132.6472,106.2142,9.8595,120,163.7943,228.2473,106.2473,48.0097,120,227.9258,487.8247,14.2604,197.3711,120,120,0,119.6987,146.4889,93.3866,19.6153,120,77.89,79.16,76.59,0.69,120,3.4588,3.462,3.4584,0.0007,0.5636,0.5649,0.5616,0.0012,0.7862,0.7929,0.7785,0.0046,-0.0014,-0.0001,-0.003,0.0012,0.0015,0.0017,0.0013,0.0001,0.0014,0.0019,0.0009,0.0004,0.1197,0.1465,0.0934,0.0196,248.9417,435,57,97.1223,0,0,0,0,282.3583,902,56,95.0641,33,41.9,47,41,23.66,23.68,23.63
2022-11-16 05:50:00,2.3912,4.3224,0.7252,0.836,120,107.6566,31.502,120,77.6823,77.9138,77.3949,0.1461,120,26.3768,26.447,26.3372,0.0245,120,1007.6447,1007.8677,1007.5014,0.0917,120,142.8743,156.9181,123.7559,7.4614,120,141.9343,155.7071,123.0996,7.3455,120,14.6091,16.2278,13.7689,0.6454,120,120,0,126.1279,141.3007,108.6459,8.0688,120,75.52,76.59,74.29,0.69,120,3.4607,3.4645,3.4584,0.0015,0.5638,0.5645,0.5634,0.0003,0.7768,0.7791,0.7739,0.0015,-0.0001,-0.0001,-0.0001,0,0.0018,0.002,0.0016,0.0001,0.0012,0.0013,0.001,0.0001,0.1261,0.1413,0.1086,0.0081,237.0917,447,56,90.8744,0,0,0,0,305.3417,546,22,91.125,33,41.95,47,41,23.65,23.68,23.63
2022-11-16 06:00:00,2.369,4.7272,0.8908,0.7558,120,102.3831,25.5965,120,77.134,77.3949,76.2658,0.2733,120,26.5559,26.9262,26.3677,0.1882,120,1007.7454,1007.9043,1007.5014,0.0875,120,160.7388,176.3827,130.0039,13.9125,120,258.815,364.1705,131.1597,97.0265,120,337.6289,621.0909,14.2604,282.31,120,120,0,196.3307,264.5955,113.2237,58.3976,120,73.15,74.29,71.98,0.69,120,3.4624,3.4651,3.4584,0.0015,0.5656,0.5693,0.5637,0.0019,0.7713,0.7739,0.7627,0.0027,-0.0021,-0.0001,-0.0039,0.0018,0.002,0.0022,0.0017,0.0002,0.0022,0.003,0.0011,0.0008,0.1963,0.2646,0.1132,0.0584,234.675,491,74,82.1553,0,0,0,0,291.9917,579,33,75.6303,33,41.8,47,39,23.65,23.68,23.63
2022-11-16 06:10:00,2.6545,4.0832,1.2864,0.6064,120,102.0347,23.7255,120,75.5341,76.2658,75.3197,0.218,120,26.7418,26.9567,26.5355,0.1423,120,1007.925,1008.1057,1007.7029,0.0817,120,135.0584,142.2598,128.8024,3.8717,120,135.6907,142.5174,130.4274,3.3939,120,15.654,26.0635,13.7689,2.5806,120,120,0,114.9302,121.1585,108.0355,3.5488,120,70.79,71.98,69.67,0.69,120,3.4654,3.4684,3.4617,0.0014,0.5674,0.5696,0.5654,0.0014,0.7553,0.7627,0.7532,0.0022,-0.0001,-0.0001,-0.0002,0,0.0017,0.0018,0.0016,0,0.0011,0.0012,0.0011,0,0.1149,0.1212,0.108,0.0035,265.7083,421,117,65.9083,0,0,0,0,291.325,533,97,69.1552,33,41.65,47,39,23.66,23.68,23.63
2022-11-16 06:20:00,2.6002,4.0832,1.2128,0.6786,120,96.3808,28.8083,120,75.4466,75.5638,75.3197,0.0623,120,26.479,26.5416,26.444,0.021,120,1008.0413,1008.1057,1007.8677,0.0809,120,142.7722,147.5465,136.7323,3.3603,120,142.6822,146.9136,137.0216,3.1002,120,15.1419,26.0635,13.2775,2.3922,120,120,0,124.6452,133.6711,115.6651,6.3273,120,68.42,69.67,67.36,0.69,120,3.4674,3.4684,3.4645,0.0013,0.5648,0.5654,0.5644,0.0002,0.7545,0.7556,0.7532,0.0006,-0.0001,-0.0001,-0.0002,0,0.0018,0.0019,0.0017,0,0.0012,0.0012,0.0011,0,0.1246,0.1337,0.1157,0.0063,259.8083,421,109,73.7559,0,0,0,0,284.2,967,56,102.1022,33.4,41.7167,47,39,23.66,23.68,23.63
2022-11-16 06:30:00,2.0896,4.4144,0.5964,0.7421,120,111.3407,31.5134,120,75.5198,75.6859,75.4112,0.0716,120,26.5712,26.6759,26.4989,0.0579,120,1008.1051,1008.2705,1007.9409,0.0598,120,163.278,196.0874,136.9732,19.2585,120,163.1013,195.6411,137.7551,19.0673,120,14.3631,16.7193,13.7689,0.7648,120,120,0,151.8626,183.7214,129.0933,18.4023,120,66.05,67.11,64.8,0.69,120,3.4684,3.4712,3.4657,0.001,0.5657,0.5668,0.565,0.0006,0.7552,0.7569,0.7541,0.0007,-0.0001,-0.0001,-0.0001,0,0.0021,0.0025,0.0017,0.0002,0.0014,0.0016,0.0011,0.0002,0.1519,0.1837,0.1291,0.0184,204.3083,457,42,80.6623,0,0,0,0,322.9,878,67,99.8678,34,41.6333,47,39,23.66,23.68,23.63
2022-11-16 06:40:00,1.8698,3.706,0.6332,0.672,120,117.7989,37.0004,120,75.3922,75.5638,75.1976,0.096,120,26.7238,26.798,26.6729,0.0437,120,1008.2237,1008.2888,1008.0874,0.0828,120,140.0808,147.5465,123.9968,5.8603,120,140.2825,147.2797,124.5654,5.6285,120,13.8918,14.2604,13.2775,0.223,120,120,0,132.0332,139.1644,113.5289,6.3901,120,63.68,64.8,62.49,0.69,120,3.4704,3.4715,3.4681,0.0014,0.5672,0.568,0.5667,0.0004,0.7539,0.7556,0.752,0.001,-0.0001,-0.0001,-0.0001,0,0.0018,0.0019,0.0016,0.0001,0.0012,0.0012,0.001,0,0.132,0.1392,0.1135,0.0064,180.4167,380,46,73.0414,0,0,0,0,336.3667,661,90,105.7504,34,41.5167,47,39,23.66,23.68,23.63
2022-11-16 06:50:00,1.9388,5.2608,0.5504,0.77,120,120.1853,39.2737,120,75.3515,75.7164,75.1366,0.1033,120,26.8105,26.8865,26.7827,0.0261,120,1008.1462,1008.2888,1008.0691,0.0858,120,207.7201,309.2701,116.7874,74.9749,120,241.8858,707.4574,117.9712,141.6393,120,76.4274,755.34,13.7689,165.8529,120,120,0,220.8955,601.825,108.0355,121.8272,120,61.32,62.49,60.18,0.69,120,3.4691,3.4715,3.4678,0.0014,0.5681,0.5689,0.5678,0.0003,0.7535,0.7572,0.7514,0.001,-0.0005,-0.0001,-0.0047,0.001,0.0026,0.0039,0.0015,0.001,0.002,0.0059,0.001,0.0012,0.2209,0.6018,0.108,0.1218,187.9083,549,37,83.6905,0,0,0,0,356.3,993,165,125.6782,34,41.8167,47,39,23.66,23.68,23.63
2022-11-16 07:00:00,2.6169,4.488,0.7436,0.7384,120,114.6756,37.6494,120,75.1801,75.4418,74.8619,0.1429,120,27.0046,27.091,26.8804,0.0662,120,1008.1515,1008.2888,1007.9043,0.0902,120,276.0082,291.0071,252.7992,11.4205,120,287.7063,363.4382,258.2893,20.0482,120,33.2347,164.2475,14.2604,27.4353,120,120,0,256.77,314.6458,231.9407,16.3174,120,58.96,60.18,57.88,0.69,120,3.4692,3.4715,3.4651,0.0015,0.57,0.5709,0.5688,0.0007,0.7518,0.7544,0.7486,0.0014,-0.0002,-0.0001,-0.001,0.0002,0.0035,0.0037,0.0032,0.0001,0.0024,0.003,0.0022,0.0002,0.2568,0.3146,0.2319,0.0163,261.6167,465,58,80.2571,0,0,0,0,336.7083,1000,61,121.2599,34,41.8,47,39,23.66,23.68,23.63
2022-11-16 07:10:00,2.666,5.3344,0.762,1.0729,120,113.0607,37.2248,120,74.7525,75.1976,74.2821,0.2052,120,27.0781,27.2008,27.0177,0.0406,120,1008.1339,1008.2888,1007.9043,0.0811,120,291.6099,387.8496,235.7378,55.6835,120,367.5227,862.7983,237.407,190.2085,120,139.2086,805.0081,14.2604,243.3704,120,120,0,326.899,745.8724,215.7659,160.8024,120,56.59,57.88,55.32,0.69,120,3.4689,3.4715,3.4651,0.0014,0.5708,0.572,0.5702,0.0004,0.7475,0.752,0.7428,0.0021,-0.0009,-0.0001,-0.005,0.0015,0.0037,0.0049,0.003,0.0007,0.0031,0.0072,0.002,0.0016,0.3269,0.7459,0.2158,0.1608,266.9583,557,60,116.6174,0,0,0,0,331.575,963,121,117.5861,34,41.3167,47,39,23.66,23.68,23.63
2022-11-16 07:20:00,3.012,5.27,1.0104,1.0234,120,118.2884,36.7607,120,74.1615,74.9229,73.4581,0.3485,120,27.4341,27.6251,27.2069,0.1106,120,1008.2177,1008.4719,1008.0874,0.1009,120,307.5601,373.4315,222.0402,50.527,120,578.145,844.4802,295.6591,183.0978,120,438.5416,805.991,31.4728,327.1565,120,120,0,501.7624,728.782,252.6933,152.3596,120,54.23,55.32,53.02,0.69,120,3.4703,3.4745,3.4681,0.0017,0.5743,0.5763,0.5721,0.0011,0.7416,0.7492,0.7346,0.0035,-0.0027,-0.0002,-0.005,0.002,0.0039,0.0047,0.0028,0.0006,0.0048,0.007,0.0025,0.0015,0.5018,0.7288,0.2527,0.1524,304.5667,550,87,111.2432,0,0,0,0,341.4417,770,124,108.4926,34,41.3,47,39,23.67,23.68,23.63
2022-11-16 07:30:00,3.7127,7.0548,1.1392,1.3017,120,110.4356,28.2628,120,72.8317,73.7938,71.8101,0.5704,120,27.735,27.8173,27.6098,0.0511,120,1008.278,1008.4719,1008.0874,0.0858,120,224.8097,269.6205,200.6535,18.6378,120,563.6551,755.8187,205.8992,218.7802,120,525.3042,793.2066,14.2604,325.2682,120,120,0,483.7158,655.8428,178.8385,186.8624,120,51.87,53.02,50.72,0.69,120,3.4713,3.4745,3.4681,0.0014,0.5774,0.5782,0.5761,0.0005,0.7283,0.7379,0.7181,0.0057,-0.0033,-0.0001,-0.0049,0.002,0.0029,0.0034,0.0025,0.0002,0.0047,0.0063,0.0017,0.0018,0.4837,0.6558,0.1788,0.1869,380.725,744,101,141.4913,0,0,0,0,315.5417,542,143,81.2326,34,41.6167,47,39,23.67,23.68,23.63
2022-11-16 07:40:00,3.1416,5.6748,0.4584,1.1612,120,116.6204,35.6313,120,72.4718,73.1223,71.9016,0.303,120,27.6098,27.8539,27.503,0.0998,120,1008.3656,1008.4902,1008.1057,0.0934,120,218.4556,283.3173,173.0181,35.1465,120,693.6702,823.2305,217.623,167.8162,120,693.3175,808.4499,16.2278,248.8069,120,120,0,601.1409,716.2694,189.5199,143.6547,120,49.52,50.72,48.43,0.69,120,3.4728,3.4748,3.4684,0.0016,0.5761,0.5785,0.575,0.001,0.7247,0.7312,0.719,0.003,-0.0043,-0.0001,-0.005,0.0015,0.0028,0.0036,0.0022,0.0004,0.0058,0.0069,0.0018,0.0014,0.6011,0.7163,0.1895,0.1437,318.65,594,27,126.2183,0,0,0,0,341.7667,1008,125,116.3796,34,41.55,47,39,23.66,23.68,23.63
2022-11-16 07:50:00,3.6103,6.5396,1.1116,1.1594,120,102.9967,32.1606,120,71.5321,72.5425,70.7114,0.5317,120,27.9591,28.0523,27.8387,0.0679,120,1008.4887,1008.6734,1008.2888,0.0902,120,193.6864,246.5512,156.1969,30.4173,120,727.9135,850.7083,360.5066,99.0898,120,744.8947,834.5134,230.6349,146.2984,120,120,0,627.4784,741.2946,306.1006,89.0493,120,47.17,48.43,45.89,0.68,120,3.4748,3.4779,3.4715,0.0015,0.5796,0.5805,0.5784,0.0007,0.7153,0.7254,0.7071,0.0053,-0.0046,-0.0014,-0.0052,0.0009,0.0025,0.0031,0.002,0.0004,0.0061,0.0071,0.003,0.0008,0.6275,0.7413,0.3061,0.089,369.6,688,98,126.0224,0,0,0,0,306.9083,965,26,114.9222,34.3,41.5667,47,39,23.67,23.68,23.63
2022-11-16 08:00:00,2.8837,6.4476,0.5596,1.1829,120,105.1208,41.8231,120,71.1056,71.5964,70.6503,0.1918,120,27.9566,28.1805,27.8448,0.0923,120,1008.6167,1008.8931,1008.4536,0.105,120,277.368,325.3709,238.8614,22.8534,120,580.7492,959.5198,255.3589,259.5317,120,406.2946,842.3816,15.7364,341.8287,120,120,0,505.4628,843.8368,215.4607,231.0344,120,44.82,45.89,43.61,0.68,120,3.4769,3.4816,3.4742,0.0017,0.5796,0.5818,0.5785,0.0009,0.7111,0.716,0.7065,0.0019,-0.0025,-0.0001,-0.0052,0.0021,0.0035,0.0041,0.003,0.0003,0.0048,0.008,0.0021,0.0022,0.5055,0.8438,0.2155,0.231,290.6167,678,38,128.5802,0,0,0,0,330.225,1000,16,158.3124,35,41.65,47,39,23.67,23.68,23.63
2022-11-16 08:10:00,3.0332,7.1008,0.7436,1.288,120,102.0244,41.1357,120,70.115,71.3828,68.8498,0.7645,120,28.4006,28.5833,28.1835,0.1015,120,1008.5954,1008.6917,1008.4536,0.0933,120,277.6844,317.4409,237.6598,25.4179,120,773.4745,957.3217,287.9652,228.7893,120,635.4089,865.4947,20.6542,309.5677,120,120,0,681.5037,841.0901,246.8947,204.6187,120,42.49,43.61,41.34,0.68,120,3.4766,3.4782,3.4742,0.0016,0.584,0.5858,0.5818,0.001,0.7012,0.7138,0.6885,0.0076,-0.0039,-0.0001,-0.0054,0.0019,0.0035,0.004,0.003,0.0003,0.0064,0.008,0.0024,0.0019,0.6815,0.8411,0.2469,0.2046,306.8667,749,58,140.0006,0,0,0,0,306.025,970,37,134.0517,35,41.9333,47,39,23.67,23.68,23.63
2022-11-16 08:20:00,3.0364,6.5488,0.6608,1.2566,120,104.2845,33.5425,120,69.498,70.3757,68.4225,0.4276,120,28.2783,28.4307,28.1835,0.0814,120,1008.4785,1008.6734,1008.2888,0.0485,120,222.4447,323.9291,180.2276,41.4897,120,789.7931,985.1657,239.9712,213.1347,120,702.7593,906.8015,26.0635,286.8515,120,120,0,701.3052,899.0753,203.8636,189.3278,120,40.17,41.34,39.08,0.68,120,3.4746,3.4779,3.4715,0.0008,0.5828,0.5843,0.5818,0.0008,0.695,0.7038,0.6842,0.0043,-0.0044,-0.0002,-0.0056,0.0018,0.0028,0.0041,0.0023,0.0005,0.0066,0.0082,0.002,0.0018,0.7013,0.8991,0.2039,0.1893,307.2167,689,49,136.5875,0,0,0,0,298.9,584,65,97.259,35,41.5833,47,41,23.67,23.68,23.63
2022-11-16 08:30:00,3.8037,6.7052,0.7528,1.4106,120,98.6356,31.7232,120,68.9006,69.7043,67.7511,0.6394,120,28.1879,28.4429,27.9424,0.1845,120,1008.4121,1008.5086,1008.2888,0.0907,120,270.9359,316.9598,191.522,31.8671,120,772.5249,1065.3998,280.2725,278.7152,120,603.0102,900.4093,32.4557,335.5864,120,120,0,680.8807,944.2427,236.8236,253.7486,120,37.85,39.08,36.82,0.67,120,3.4735,3.4751,3.4715,0.0015,0.5819,0.5844,0.5794,0.0018,0.689,0.697,0.6775,0.0064,-0.0037,-0.0002,-0.0056,0.0021,0.0034,0.004,0.0024,0.0004,0.0064,0.0089,0.0023,0.0023,0.6809,0.9442,0.2368,0.2537,390.6167,706,59,153.3307,0,0,0,0,301.7083,1014,67,130.5818,35,41.4333,47,39,23.67,23.68,23.63
2022-11-16 08:40:00,3.6253,6.3464,1.268,1.2161,120,105.181,33.5024,120,69.1867,70.3146,68.5446,0.4006,120,28.2009,28.2843,28.0767,0.0525,120,1008.4895,1008.71,1008.3071,0.0728,120,312.2761,404.911,244.148,46.3369,120,785.8943,1173.8451,323.1369,320.1203,120,549.7077,908.7689,15.2449,395.6508,120,120,0,703.7187,1059.2975,280.1599,288.9043,120,35.55,36.58,34.34,0.66,120,3.4748,3.4785,3.4718,0.0012,0.582,0.5828,0.5808,0.0005,0.6919,0.7031,0.6854,0.004,-0.0034,-0.0001,-0.0056,0.0025,0.004,0.0051,0.0031,0.0006,0.0065,0.0098,0.0027,0.0027,0.7037,1.0593,0.2802,0.2889,371.225,667,115,132.1834,0,0,0,0,305.0917,724,117,100.5842,35.7,41.6833,47,41,23.68,23.68,23.63
2022-11-16 08:50:00,3.6454,6.7144,0.7344,1.3279,120,129.2562,35.7031,120,69.2905,70.2231,68.4225,0.4224,120,28.3454,28.5894,28.1195,0.1779,120,1008.5122,1008.71,1008.3071,0.0641,120,279.6008,315.5181,255.4425,15.8445,120,1044.3492,1121.455,454.2977,123.4528,120,865.859,920.079,194.7357,141.3243,120,120,0,942.3353,998.5656,408.3377,108.0937,120,33.27,34.34,32.12,0.67,120,3.4752,3.4785,3.4718,0.0011,0.5835,0.5859,0.5812,0.0018,0.6929,0.7022,0.6842,0.0042,-0.0054,-0.0012,-0.0057,0.0009,0.0036,0.004,0.0032,0.0002,0.0087,0.0093,0.0038,0.001,0.9423,0.9986,0.4083,0.1081,373.4083,707,57,144.3344,0,0,0,0,367.3583,603,125,101.4412,36,41.8667,47,39,23.68,23.68,23.63
2022-11-16 09:00:00,3.7019,6.8524,0.6332,1.33,120,116.1411,40.3232,120,68.1399,68.9413,67.2933,0.4306,120,28.4049,28.5894,28.269,0.1033,120,1008.4335,1008.71,1008.3071,0.0924,120,295.4969,369.1055,247.7528,33.1885,120,877.5629,1175.3109,259.7551,341.2398,120,639.9167,920.5704,15.7364,368.7974,120,120,0,790.3938,1080.9656,224.0059,314.5632,120,31.01,32.12,29.93,0.66,120,3.4739,3.4785,3.4718,0.0015,0.584,0.5859,0.5827,0.001,0.6814,0.6894,0.6729,0.0043,-0.004,-0.0001,-0.0057,0.0023,0.0038,0.0047,0.0031,0.0004,0.0073,0.0098,0.0022,0.0028,0.7904,1.081,0.224,0.3146,379.5583,722,46,144.5626,0,0,0,0,337.325,615,75,115.6736,36,41.6667,47,39,23.67,23.68,23.63
2022-11-16 09:10:00,3.4201,6.6224,0.762,1.3945,120,115.2633,35.7997,120,67.48,68.6056,66.2252,0.5476,120,28.4534,28.6535,28.2873,0.1109,120,1008.3737,1008.5269,1008.1423,0.0942,120,284.1505,371.7488,215.7921,44.799,120,916.1659,1204.9868,282.8367,270.665,120,674.7044,924.9968,19.1782,311.4592,120,120,0,824.1829,1088.29,247.5051,243.8987,120,28.77,29.93,27.76,0.65,120,3.4729,3.4754,3.469,0.0016,0.5845,0.5865,0.5829,0.0011,0.6748,0.6861,0.6623,0.0055,-0.0042,-0.0001,-0.0057,0.0019,0.0036,0.0047,0.0027,0.0006,0.0076,0.01,0.0024,0.0023,0.8242,1.0883,0.2475,0.2439,348.925,697,60,151.5796,0,0,0,0,333.4167,694,98,106.2241,36,41.55,47,39,23.68,23.68,23.63
2022-11-16 09:20:00,3.2822,6.098,0.6056,1.2675,120,119.1181,41.7527,120,67.6491,68.3615,67.0492,0.3252,120,28.4475,28.6199,28.3239,0.0859,120,1008.4031,1008.5452,1008.1606,0.0887,120,351.6637,462.8236,289.085,46.8815,120,743.6428,1234.6627,316.5426,355.3785,120,409.696,931.3906,16.2278,376.5208,120,120,0,670.7409,1203.9552,271.6147,328.6723,120,26.57,27.76,25.4,0.63,120,3.4734,3.4758,3.4693,0.0015,0.5845,0.5862,0.5832,0.0009,0.6765,0.6836,0.6705,0.0033,-0.0025,-0.0001,-0.0058,0.0023,0.0045,0.0059,0.0037,0.0006,0.0062,0.0103,0.0026,0.003,0.6707,1.204,0.2716,0.3287,333.9333,640,43,137.7739,0,0,0,0,352.375,939,119,133.7816,36.8,41.4667,47,39,23.68,23.68,23.63
2022-11-16 09:30:00,2.9748,6.4568,0.4216,1.4894,120,127.7814,44.6275,120,67.5021,68.453,66.6829,0.4623,120,28.805,28.9221,28.6291,0.0733,120,1008.3735,1008.5452,1008.1606,0.0898,120,364.6421,462.8236,307.5882,49.5058,120,907.6356,1336.8788,334.1285,359.6939,120,560.2068,954.0106,21.1457,386.8073,120,120,0,828.926,1227.4544,303.0488,331.0031,120,24.4,25.4,23.31,0.62,120,3.4729,3.4758,3.4693,0.0015,0.588,0.5892,0.5863,0.0007,0.675,0.6845,0.6668,0.0046,-0.0035,-0.0001,-0.0059,0.0024,0.0046,0.0059,0.0039,0.0006,0.0076,0.0111,0.0028,0.003,0.8289,1.2275,0.303,0.331,300.5167,679,23,161.8868,0,0,0,0,370.0333,908,61,137.1788,37,41.5333,47,39,23.68,23.68,23.63
2022-11-16 09:40:00,3.3464,6.2084,0.9,1.1139,120,137.8288,41.1211,120,66.8307,67.8426,65.8589,0.5194,120,28.9473,29.0472,28.8,0.0673,120,1008.3158,1008.5452,1008.1606,0.0884,120,269.3358,352.5252,221.3189,39.6779,120,1060.3991,1268.7347,273.6771,268.0895,120,802.119,949.0928,23.1131,282.9827,120,120,0,965.8854,1168.8589,243.8429,248.6368,120,22.3,23.31,21.29,0.61,120,3.4719,3.4758,3.4693,0.0015,0.5895,0.5905,0.588,0.0007,0.6683,0.6784,0.6586,0.0052,-0.005,-0.0001,-0.0059,0.0018,0.0034,0.0045,0.0028,0.0005,0.0088,0.0106,0.0023,0.0022,0.9659,1.1689,0.2438,0.2486,340.9167,652,75,121.076,0,0,0,0,390.7333,709,73,117.7218,37,41.6167,47,39,23.68,23.68,23.63
2022-11-16 09:50:00,2.9636,6.5028,0.6792,1.1918,120,122.677,47.8035,120,66.3083,67.3849,65.3706,0.4788,120,29.0008,29.093,28.8641,0.075,120,1008.2632,1008.5452,1008.1606,0.0976,120,255.2941,382.8032,204.9787,53.2493,120,1027.9205,1316.7287,345.4862,275.6566,120,773.2404,952.5363,23.1131,306.1182,120,120,0,929.4921,1215.5522,302.4384,259.6427,120,20.27,21.29,19.35,0.58,120,3.4711,3.4758,3.4693,0.0016,0.59,0.5909,0.5886,0.0008,0.6631,0.6738,0.6537,0.0048,-0.0048,-0.0001,-0.0059,0.0019,0.0032,0.0049,0.0026,0.0007,0.0086,0.011,0.0029,0.0023,0.9295,1.2156,0.3024,0.2596,299.3083,684,51,129.5414,0,0,0,0,359.1,832,24,141.0494,37,41.65,47,39,23.68,23.68,23.63
2022-11-16 10:00:00,4.0363,7.2112,1.268,1.2394,120,114.4134,32.4284,120,65.9281,67.2628,64.333,0.7784,120,28.6323,29.0533,28.3727,0.2455,120,1008.2185,1008.3804,1008.1606,0.082,120,324.8279,375.3535,250.1559,35.4814,120,897.0964,1324.7887,335.9604,386.1144,120,562.4074,964.3377,14.7535,396.7116,120,120,0,813.3005,1213.1108,299.6918,356.8564,120,18.33,19.35,17.31,0.55,120,3.4703,3.473,3.4693,0.0014,0.5863,0.5905,0.5837,0.0025,0.6593,0.6726,0.6433,0.0078,-0.0035,-0.0001,-0.006,0.0025,0.0041,0.0048,0.0032,0.0005,0.0075,0.011,0.0028,0.0032,0.8133,1.2131,0.2997,0.3569,415.9,761,115,134.7149,0,0,0,0,327.075,583,70,93.5432,38,41.6333,47,39,23.68,23.68,23.63
2022-11-16 10:10:00,3.5339,6.6408,0.6884,1.5219,120,93.6375,33.5218,120,66.7552,67.3849,65.981,0.3515,120,28.5441,28.6169,28.4429,0.0485,120,1008.1542,1008.3804,1007.9775,0.0931,120,304.4862,408.2748,249.6748,33.8255,120,1015.8487,1302.0744,286.8667,358.251,120,699.3906,932.865,15.2449,354.9512,120,120,0,926.2673,1202.7345,249.3362,330.8173,120,16.52,17.31,15.64,0.5,120,3.4692,3.473,3.4663,0.0016,0.5854,0.5862,0.5844,0.0005,0.6676,0.6738,0.6598,0.0035,-0.0043,-0.0001,-0.0058,0.0022,0.0039,0.0052,0.0032,0.0004,0.0085,0.0108,0.0024,0.003,0.9263,1.2027,0.2493,0.3308,361.2917,699,52,165.4211,0,0,0,0,276.9667,938,22,112.6996,38,41.6333,47,41,23.68,23.68,23.68
2022-11-16 10:20:00,3.4568,6.788,1.2772,1.0637,120,108.625,29.3634,120,67.6321,68.5141,66.6829,0.4301,120,28.4555,28.5925,28.3636,0.0622,120,1008.1985,1008.3804,1007.9958,0.0615,120,349.1966,451.7701,255.9228,49.3135,120,823.9082,1380.4766,298.5906,396.2607,120,455.2122,951.0603,15.7364,382.7869,120,120,0,750.3789,1277.1996,268.2577,375.5403,120,14.89,15.64,14.16,0.45,120,3.47,3.473,3.4666,0.001,0.5846,0.5859,0.5836,0.0006,0.6763,0.6851,0.6668,0.0043,-0.0028,-0.0001,-0.0059,0.0024,0.0044,0.0057,0.0032,0.0006,0.0069,0.0115,0.0025,0.0033,0.7504,1.2772,0.2683,0.3755,352.9083,715,116,115.6229,0,0,0,0,309.4833,543,30,85.1471,38,41.3167,47,39,23.68,23.68,23.63
2022-11-16 10:30:00,3.0745,5.7944,0.808,1.055,120,109.2098,37.1945,120,67.8465,68.7277,66.8966,0.386,120,28.6156,28.9831,28.446,0.166,120,1008.1959,1008.3804,1007.9958,0.0683,120,328.3123,401.0661,239.8228,50.0544,120,1066.316,1351.1681,312.5126,305.8447,120,711.5945,937.7828,16.7193,315.3856,120,120,0,981.0633,1251.5641,282.9066,281.6631,120,13.51,14.16,12.95,0.36,120,3.4699,3.473,3.4666,0.0011,0.5862,0.5898,0.5845,0.0017,0.6785,0.6873,0.669,0.0039,-0.0044,-0.0001,-0.0058,0.002,0.0042,0.0051,0.003,0.0006,0.0089,0.0113,0.0026,0.0025,0.9811,1.2516,0.2829,0.2817,311.3583,607,65,114.6781,0,0,0,0,320.8917,886,39,120.6426,38,41.5667,47,39,23.68,23.68,23.63
2022-11-16 10:40:00,2.9801,5.7116,0.5688,1.0855,120,143.1959,38.3697,120,66.5489,67.4459,65.4317,0.5592,120,29.1604,29.27,28.9892,0.0898,120,1008.1721,1008.3804,1007.9775,0.0809,120,333.5028,391.6945,247.7528,38.95,120,843.0417,1353.3661,338.5246,414.2728,120,488.4265,955.9781,19.1782,409.4566,120,120,0,767.51,1251.2589,294.1984,386.1464,120,12.45,12.95,12.08,0.25,120,3.4695,3.473,3.4663,0.0013,0.5916,0.5927,0.5899,0.0009,0.6655,0.6745,0.6543,0.0056,-0.003,-0.0001,-0.0059,0.0025,0.0042,0.005,0.0031,0.0005,0.007,0.0113,0.0028,0.0035,0.7675,1.2513,0.2942,0.3861,301.1,598,39,117.9945,0,0,0,0,406.9083,728,186,109.9875,38,41.4667,47,39,23.68,23.73,23.63
2022-11-16 10:50:00,3.2728,5.9968,1.2772,1.1263,120,105.4602,36.8988,120,65.2804,66.1641,64.3941,0.4663,120,29.1312,29.2334,29.035,0.0539,120,1008.1034,1008.2156,1007.9775,0.0934,120,374.6107,454.4134,312.3945,35.792,120,952.1097,1405.7563,343.6543,372.9445,120,545.1098,948.6014,15.2449,365.4259,120,120,0,867.041,1328.1655,302.4384,354.8955,120,11.8,12.01,11.63,0.12,120,3.4684,3.4703,3.4663,0.0016,0.5913,0.5923,0.5904,0.0005,0.6528,0.6616,0.6439,0.0047,-0.0034,-0.0001,-0.0059,0.0023,0.0048,0.0058,0.004,0.0005,0.0079,0.0117,0.0029,0.0031,0.867,1.3282,0.3024,0.3549,332.9167,629,116,122.4257,0,0,0,0,313.975,969,71,122.8131,38.9,41.8833,47,39,23.68,23.68,23.63
2022-11-16 11:00:00,3.8347,6.9996,1.3508,1.0751,120,118.4706,36.2811,120,65.2946,66.4693,64.0278,0.6033,120,28.7501,29.0838,28.623,0.1154,120,1007.9997,1008.2156,1007.8127,0.0959,120,418.0235,498.1488,320.0843,46.8273,120,909.5987,1469.1381,428.6519,374.6854,120,466.0351,963.3548,16.2278,377.3129,120,120,0,844.7549,1357.7685,392.1628,350.0676,120,11.63,11.72,11.61,0.03,120,3.4667,3.4703,3.4635,0.0016,0.5875,0.5908,0.5862,0.0011,0.6529,0.6647,0.6403,0.006,-0.0029,-0.0001,-0.006,0.0023,0.0053,0.0063,0.0041,0.0006,0.0076,0.0122,0.0036,0.0031,0.8448,1.3578,0.3922,0.3501,393.9917,738,124,116.8599,0,0,0,0,339.0333,777,73,107.8254,39,41.7,47,39,23.68,23.73,23.68
2022-11-16 11:10:00,2.8793,7.156,0.6884,1.1101,120,125.864,40.4594,120,66.011,66.8661,65.3706,0.3927,120,28.9672,29.1601,28.7054,0.1442,120,1007.8652,1008.0325,1007.8127,0.0783,120,419.253,513.2874,358.7724,42.0939,120,918.1596,1458.5138,386.5186,394.298,120,472.014,961.3874,16.2278,375.8925,120,120,0,845.0321,1375.4692,348.2162,374.0764,120,11.97,12.28,11.72,0.17,120,3.4644,3.4672,3.4635,0.0013,0.5897,0.5916,0.587,0.0014,0.6601,0.6687,0.6537,0.0039,-0.0029,-0.0001,-0.006,0.0023,0.0053,0.0065,0.0046,0.0005,0.0076,0.0121,0.0032,0.0033,0.845,1.3755,0.3482,0.3741,290.1417,755,52,120.6586,0,0,0,0,361.15,724,144,116.2549,39,41.7333,47,39,23.68,23.68,23.63
2022-11-16 11:20:00,3.2287,7.3492,0.67,1.2633,120,134.9615,52.0537,120,65.2509,66.5304,63.9973,0.839,120,29.4098,29.624,29.1601,0.1367,120,1007.8315,1008.0325,1007.6296,0.0708,120,390.5168,493.3425,341.9512,35.2557,120,1009.9441,1433.6002,421.3241,384.8469,120,589.4377,934.341,17.7038,390.337,120,120,0,928.1671,1357.4633,383.6177,354.291,120,12.76,13.24,12.28,0.29,120,3.4639,3.4672,3.4605,0.0012,0.5941,0.5962,0.5916,0.0014,0.6525,0.6653,0.64,0.0084,-0.0037,-0.0001,-0.0058,0.0024,0.005,0.0063,0.0043,0.0004,0.0084,0.0119,0.0035,0.0032,0.9282,1.3575,0.3836,0.3543,328.125,776,50,137.3163,0,0,0,0,388.425,989,94,154.8627,39,41.5167,47,39,23.68,23.68,23.63
2022-11-16 11:30:00,3.7777,6.926,1.2496,1.2159,120,86.9992,25.6193,120,65.0136,66.2862,63.8142,0.7323,120,28.9019,29.2334,28.684,0.1497,120,1007.7448,1007.8494,1007.6296,0.0912,120,431.4424,500.552,359.974,42.0635,120,1001.9908,1432.8679,391.2821,364.1459,120,548.2079,930.4061,16.2278,365.8864,120,120,0,928.6147,1317.4841,351.5732,338.9158,120,13.94,14.69,13.24,0.39,120,3.4624,3.4642,3.4605,0.0015,0.589,0.5923,0.5868,0.0015,0.6501,0.6629,0.6381,0.0073,-0.0034,-0.0001,-0.0058,0.0023,0.0055,0.0064,0.0046,0.0005,0.0083,0.0119,0.0033,0.003,0.9286,1.3175,0.3516,0.3389,387.7917,730,113,132.1599,0,0,0,0,248.2417,530,44,75.1371,39,41.4667,47,39,23.68,23.68,23.63
2022-11-16 11:40:00,2.8695,5.7484,0.532,1.1732,120,134.8022,38.0343,120,66.468,67.4459,65.6758,0.3709,120,28.9528,29.1235,28.6779,0.1275,120,1007.6682,1007.8494,1007.4465,0.0913,120,404.2901,494.3039,339.3079,45.9302,120,758.1297,1431.036,364.5366,416.482,120,337.9484,940.7332,14.7535,386.4966,120,120,0,694.3113,1321.1463,326.2429,387.7774,120,15.42,16.25,14.69,0.47,120,3.4611,3.4642,3.4574,0.0015,0.5895,0.5912,0.5868,0.0013,0.6647,0.6745,0.6568,0.0037,-0.0021,-0.0001,-0.0058,0.0024,0.0051,0.0063,0.0043,0.0006,0.0063,0.0119,0.003,0.0035,0.6943,1.3211,0.3262,0.3878,289.075,602,35,127.5203,0,0,0,0,383.15,665,67,109.0127,39,41.4833,47,39,23.68,23.68,23.63
2022-11-16 11:50:00,3.2482,6.8432,0.44,1.3145,120,98.544,39.368,120,65.4177,66.9576,64.7298,0.589,120,28.9107,29.2151,28.4643,0.2326,120,1007.5277,1007.6662,1007.3,0.0894,120,337.3677,425.337,302.5417,33.4285,120,590.977,1305.0048,323.1369,318.0726,120,249.9115,918.1131,14.2604,305.9187,120,120,0,536.4442,1212.1952,288.3999,298.2539,120,17.11,17.99,16.25,0.52,120,3.4588,3.4611,3.455,0.0015,0.5891,0.5921,0.5846,0.0023,0.6542,0.6696,0.6473,0.0059,-0.0016,-0.0001,-0.0057,0.0019,0.0043,0.0054,0.0038,0.0004,0.0049,0.0109,0.0027,0.0027,0.5364,1.2122,0.2884,0.2983,330.2417,721,25,142.8752,0,0,0,0,310.3583,1016,27,149.3902,39,41.6833,47,39,23.68,23.68,23.63
2022-11-16 12:00:00,2.9208,6.558,0.7712,1.4161,120,117.5949,53.1096,120,65.8523,66.8966,64.2415,0.5371,120,28.6984,28.8336,28.4613,0.1065,120,1007.4526,1007.6296,1007.2817,0.0492,120,406.3507,470.0331,365.2606,24.9076,120,828.8755,1368.7539,386.1525,399.7972,120,416.1585,931.8821,15.7364,392.2835,120,120,0,758.2044,1269.8752,350.6577,374.26,120,18.97,19.86,17.99,0.56,120,3.4575,3.4605,3.4547,0.0008,0.587,0.5883,0.5846,0.0011,0.6585,0.669,0.6424,0.0054,-0.0026,-0.0001,-0.0058,0.0024,0.0052,0.006,0.0046,0.0003,0.0069,0.0114,0.0032,0.0033,0.7582,1.2699,0.3507,0.3743,294.65,690,61,153.9231,0,0,0,0,374.3083,1015,61,184.7835,39,41.7,47,39,23.68,23.68,23.63
2022-11-16 12:10:00,3.5742,5.7116,0.7804,1.1748,120,124.5007,31.6489,120,65.5156,66.4693,64.8213,0.416,120,28.8727,29.0106,28.7481,0.0813,120,1007.3753,1007.4831,1007.1169,0.0884,120,326.0134,468.111,246.7913,61.9318,120,995.671,1329.1861,332.2965,305.3955,120,672.467,916.1457,30.4882,343.9644,120,120,0,912.4933,1190.2219,286.2636,283.7223,120,20.94,22.05,19.86,0.59,120,3.4563,3.4581,3.4519,0.0015,0.5887,0.5901,0.5875,0.0008,0.6552,0.6647,0.6482,0.0042,-0.0042,-0.0002,-0.0057,0.0021,0.0041,0.0059,0.0031,0.0008,0.0083,0.0111,0.0028,0.0025,0.9125,1.1902,0.2863,0.2837,365.675,598,62,127.6962,0,0,0,0,355.4083,671,110,91.6335,39,41.5667,47,39,23.68,23.68,23.63
2022-11-16 12:20:00,3.532,7.5792,0.4676,1.5172,120,105.1131,38.7481,120,65.6466,66.8355,64.3941,0.6591,120,28.6956,28.9099,28.4735,0.1556,120,1007.1903,1007.4648,1007.0986,0.0957,120,388.8767,487.0945,281.1551,57.8728,120,740.8097,1336.8788,293.8271,379.891,120,358.1557,922.0464,12.786,370.3621,120,120,0,680.7077,1248.5122,258.797,356.5935,120,23,24.1,22.05,0.61,120,3.4532,3.4577,3.4516,0.0016,0.587,0.5891,0.5847,0.0016,0.6565,0.6684,0.6439,0.0066,-0.0022,-0.0001,-0.0057,0.0023,0.0049,0.0062,0.0036,0.0007,0.0062,0.0111,0.0024,0.0032,0.6807,1.2485,0.2588,0.3566,361.0833,801,28,164.9172,0,0,0,0,308.4833,739,36,117.2175,39.8,41.4833,47,39,23.68,23.68,23.68
2022-11-16 12:30:00,3.4348,5.7116,1.4796,0.9857,120,84.1024,25.8564,120,66.7646,67.2628,66.4083,0.1983,120,28.7469,28.8305,28.5986,0.0491,120,1007.0896,1007.3,1006.9155,0.0704,120,391.7283,460.4213,326.8126,37.4417,120,764.5839,1312.3325,350.6146,353.357,120,386.1039,895,14.7535,370.8132,120,120,0,706.473,1230.2011,331.1258,328.7788,120,25.13,26.2,24.1,0.63,120,3.4515,3.455,3.4486,0.0012,0.5875,0.5883,0.586,0.0005,0.6676,0.6726,0.6641,0.002,-0.0024,-0.0001,-0.0056,0.0023,0.005,0.0058,0.0042,0.0005,0.0064,0.0109,0.0029,0.0029,0.7065,1.2302,0.3311,0.3288,350.5167,598,138,107.1396,0,0,0,0,239.45,521,39,75.0194,40,41.6167,47,41,23.68,23.68,23.68
2022-11-16 12:40:00,3.2368,5.8036,0.624,1.1279,120,86.0482,39.166,120,67.1824,67.8426,66.0726,0.4777,120,28.6712,28.8122,28.623,0.0448,120,1006.9985,1007.1352,1006.7507,0.0983,120,319.5752,346.5173,272.9843,21.179,120,441.9139,1163.2209,284.3025,269.3378,120,135.1107,883.69,13.7689,282.8425,120,120,0,403.8082,1075.7775,252.9984,247.3415,120,27.3,28.34,26.2,0.64,120,3.45,3.4523,3.4458,0.0016,0.5867,0.5881,0.5862,0.0004,0.6718,0.6784,0.6607,0.0048,-0.0008,-0.0001,-0.0055,0.0018,0.0041,0.0044,0.0035,0.0003,0.0037,0.0097,0.0024,0.0022,0.4038,1.0758,0.253,0.2473,329,608,45,122.5963,0,0,0,0,263.55,983,10,141.4033,40,41.5667,47,39,23.68,23.68,23.68
2022-11-16 12:50:00,3.0474,5.454,0.5228,1.2391,120,89.5477,34.8127,120,68.1608,69.1549,67.2628,0.5938,120,28.4877,28.6199,28.3575,0.0818,120,1006.9187,1007.1352,1006.7141,0.0954,120,382.4526,457.2969,322.2465,40.3725,120,665.9605,1242.3565,334.4946,318.1545,120,309.148,880.7396,14.7535,335.6005,120,120,0,612.2623,1144.7493,300.3021,301.4406,120,29.52,30.51,28.34,0.65,120,3.4486,3.4523,3.4452,0.0016,0.5849,0.5862,0.5836,0.0008,0.6816,0.6915,0.6726,0.0059,-0.0019,-0.0001,-0.0055,0.0021,0.0049,0.0058,0.0041,0.0005,0.0055,0.0103,0.0028,0.0027,0.6123,1.1447,0.3003,0.3014,308.4083,570,34,134.6829,0,0,0,0,257.2583,601,37,101.6525,40,41.6,47,41,23.68,23.68,23.68
2022-11-16 13:00:00,3.0886,7.3308,1.13,1.2547,120,95.7302,47.5452,120,68.423,69.3381,67.7816,0.4424,120,28.7211,28.8458,28.623,0.06,120,1006.7776,1007.1352,1006.5493,0.1052,120,299.3778,387.8496,225.4047,48.0597,120,621.6208,1115.593,234.4754,331.5324,120,358.6721,883.69,14.7535,349.2743,120,120,0,565.0349,1032.136,206.3051,308.1733,120,31.77,32.96,30.76,0.66,120,3.4463,3.4523,3.4425,0.0018,0.5872,0.5885,0.5862,0.0006,0.6842,0.6934,0.6778,0.0044,-0.0022,-0.0001,-0.0055,0.0022,0.0038,0.0049,0.0029,0.0006,0.0052,0.0093,0.002,0.0028,0.565,1.0321,0.2063,0.3082,312.8917,774,100,136.3844,0,0,0,0,284.9,650,34,136.1029,40,41.6833,47,39,23.68,23.68,23.68
2022-11-16 13:10:00,2.3586,5.408,0.4492,1.0182,120,104.1592,50.0155,120,67.7285,69.1855,66.6829,0.7011,120,29.2511,29.6271,28.861,0.1797,120,1006.6231,1006.7507,1006.3478,0.0981,120,232.0508,267.2173,212.6685,15.3455,120,769.8657,1031.3277,243.2689,308.7303,120,612.4972,882.7054,26.0635,357.4003,120,120,0,695.7737,936.3079,204.474,282.4743,120,34.03,35.18,32.96,0.67,120,3.4437,3.4458,3.4391,0.0016,0.5925,0.5963,0.5886,0.0018,0.6773,0.6919,0.6668,0.007,-0.0038,-0.0002,-0.0055,0.0022,0.0029,0.0034,0.0027,0.0002,0.0064,0.0086,0.002,0.0026,0.6958,0.9363,0.2045,0.2825,233.5417,565,26,110.6697,0,0,0,0,334.4583,1020,4,178.2975,40,41.4333,47,39,23.68,23.73,23.68
2022-11-16 13:20:00,3.2496,5.8036,1.2956,1.1605,120,123.5684,36.5728,120,65.1845,66.7745,64.0584,0.6799,120,29.4783,29.7217,29.2303,0.17,120,1006.59,1006.7507,1006.3478,0.0931,120,231.7825,266.7362,176.863,26.4389,120,778.6159,1013.7419,235.2089,265.1308,120,637.4538,870.904,23.1131,319.9204,120,120,0,705.5625,926.2368,199.8962,247.644,120,36.32,37.42,35.18,0.67,120,3.4432,3.4458,3.4391,0.0016,0.5948,0.5972,0.5923,0.0017,0.6518,0.6677,0.6406,0.0068,-0.004,-0.0001,-0.0054,0.002,0.0029,0.0034,0.0022,0.0003,0.0065,0.0084,0.002,0.0022,0.7056,0.9262,0.1999,0.2476,330.3917,608,118,126.1367,0,0,0,0,353.9,646,90,104.7317,40,41.3833,47,39,23.68,23.68,23.68
2022-11-16 13:30:00,2.9176,6.052,1.2128,1.0339,120,126.5549,33.6246,120,64.9368,65.7064,63.9668,0.3517,120,29.1401,29.2273,29.093,0.0374,120,1006.5204,1006.7324,1006.3295,0.0758,120,203.4647,244.148,177.8244,18.6668,120,750.2344,956.5882,190.1453,271.659,120,659.5665,885.6558,16.2278,326.0603,120,120,0,678.7749,882.9005,162.0533,248.7492,120,38.62,39.68,37.42,0.67,120,3.442,3.4455,3.4388,0.0013,0.5914,0.5923,0.5909,0.0004,0.6494,0.6571,0.6397,0.0035,-0.0041,-0.0001,-0.0055,0.002,0.0026,0.0031,0.0023,0.0002,0.0062,0.008,0.0016,0.0023,0.6788,0.8829,0.1621,0.2487,294.3083,635,109,112.378,0,0,0,0,358.5,584,55,96.1992,40,41.5667,47,39,23.68,23.68,23.63
2022-11-16 13:40:00,3.0325,6.6592,0.5044,1.2453,120,113.8582,42.78,120,65.0283,65.7979,63.7837,0.4855,120,29.1393,29.27,28.9618,0.0896,120,1006.4657,1006.5676,1006.3295,0.0941,120,235.7955,260.489,197.0488,17.4684,120,738.1993,959.5198,213.593,263.3539,120,627.6268,887.6233,15.2449,319.4895,120,120,0,666.4149,879.2383,186.7733,244.4125,120,40.95,42.19,39.68,0.67,120,3.4411,3.4428,3.4388,0.0016,0.5914,0.5927,0.5896,0.0009,0.6503,0.658,0.6378,0.0049,-0.0039,-0.0001,-0.0055,0.002,0.003,0.0033,0.0025,0.0002,0.0061,0.008,0.0018,0.0022,0.6664,0.8792,0.1868,0.2444,306.7917,701,32,135.3551,0,0,0,0,329.05,660,112,121.0387,40,41.6,47,39,23.68,23.73,23.68
2022-11-16 13:50:00,3.0891,6.1992,0.624,1.0984,120,117.402,44.0109,120,64.6062,65.1875,64.1194,0.2481,120,29.1911,29.3188,29.0808,0.0684,120,1006.433,1006.7324,1006.3295,0.0973,120,204.1897,238.1402,164.1268,18.3024,120,624.7105,926.9124,171.461,305.7923,120,542.8191,882.7054,15.2449,379.2123,120,120,0,560.5869,831.019,144.6577,281.0627,120,43.27,44.47,42.19,0.68,120,3.4405,3.4455,3.4388,0.0016,0.5919,0.5932,0.5908,0.0007,0.6461,0.6519,0.6412,0.0025,-0.0034,-0.0001,-0.0055,0.0024,0.0026,0.003,0.0021,0.0002,0.0052,0.0077,0.0014,0.0025,0.5606,0.831,0.1447,0.2811,312.95,651,45,119.3967,0,0,0,0,341.875,908,6,136.5423,40,41.6667,47,41,23.68,23.68,23.68
2022-11-16 14:00:00,3.535,5.8312,0.9368,1.2776,120,104.2118,36.2417,120,64.6306,65.3401,63.9363,0.3606,120,29.0443,29.1693,28.8305,0.0826,120,1006.3066,1006.5493,1006.1464,0.0917,120,260.4867,296.2937,202.0953,28.0398,120,791.564,916.6543,242.1693,185.8597,120,719.1347,846.3165,42.7828,233.7531,120,120,0,718.9678,834.9864,210.5777,171.7042,120,45.61,46.75,44.47,0.69,120,3.4384,3.4425,3.4358,0.0015,0.5904,0.5917,0.5883,0.0008,0.6463,0.6534,0.6394,0.0036,-0.0045,-0.0003,-0.0053,0.0015,0.0033,0.0038,0.0026,0.0004,0.0066,0.0076,0.002,0.0015,0.719,0.835,0.2106,0.1717,361.4083,611,79,138.8677,0,0,0,0,308.7583,988,88,121.5481,40,41.6833,47,39,23.68,23.68,23.68
2022-11-16 14:10:00,2.9491,6.5948,0.9276,1.2189,120,112.3489,51.966,120,65.4599,66.4693,64.333,0.5954,120,29.0755,29.3219,28.7725,0.1836,120,1006.2717,1006.5676,1006.1464,0.0961,120,234.1895,266.0157,187.9173,22.0632,120,466.3965,844.4802,191.611,246.9323,120,329.0108,855.659,14.2604,355.9257,120,120,0,415.802,757.7746,164.7999,221.9252,120,47.95,49.04,46.75,0.69,120,3.4379,3.4428,3.4358,0.0016,0.5907,0.5932,0.5877,0.0018,0.6546,0.6647,0.6433,0.006,-0.002,-0.0001,-0.0053,0.0022,0.003,0.0034,0.0024,0.0003,0.0039,0.007,0.0016,0.0021,0.4158,0.7578,0.1648,0.2219,297.725,694,78,132.484,0,0,0,0,352.4417,978,9,176.634,40,41.5833,47,39,23.68,23.68,23.68
2022-11-16 14:20:00,2.9981,5.9692,0.67,1.0502,120,101.4537,38.3704,120,65.5736,66.6829,64.5772,0.5355,120,28.8565,29.0533,28.7359,0.1003,120,1006.2107,1006.3662,1006.1464,0.0811,120,193.0957,238.3811,167.4913,22.0864,120,639.8659,804.9124,177.6891,222.852,120,665.3815,837.9552,13.7689,318.392,120,120,0,571.3243,727.8665,151.9822,200.4358,120,50.3,51.59,49.04,0.68,120,3.4368,3.4394,3.4358,0.0014,0.5886,0.5905,0.5874,0.001,0.6557,0.6668,0.6458,0.0054,-0.0041,-0.0001,-0.0052,0.002,0.0025,0.003,0.0021,0.0003,0.0053,0.0067,0.0015,0.0019,0.5713,0.7279,0.152,0.2004,303.0583,626,50,114.1532,0,0,0,0,317.5167,1015,3,151.8643,40,41.7333,47,39,23.68,23.68,23.68
2022-11-16 14:30:00,2.9713,5.73,0.67,1.2199,120,123.7798,43.8066,120,65.8648,67.3238,64.6992,0.7046,120,29.2134,29.4317,28.9495,0.1733,120,1006.2162,1006.3662,1006.1464,0.0835,120,181.5231,212.9087,135.5307,23.0166,120,575.2751,753.2545,138.8535,226.5471,120,610.825,853.2001,13.7689,319.946,120,120,0,504.3845,669.5761,113.5289,204.6524,120,52.66,53.88,51.59,0.69,120,3.4369,3.4394,3.4358,0.0014,0.5921,0.5943,0.5895,0.0017,0.6586,0.6732,0.647,0.007,-0.0038,-0.0001,-0.0053,0.002,0.0023,0.0027,0.0017,0.0003,0.0048,0.0063,0.0012,0.0019,0.5044,0.6696,0.1135,0.2047,300.1417,600,50,132.5997,0,0,0,0,360.0583,1021,45,136.8044,40,41.8333,47,39,23.68,23.68,23.63
2022-11-16 14:40:00,3.0161,5.454,0.9276,1.1405,120,111.4265,36.7925,120,65.2559,65.9505,64.2109,0.4974,120,29.1235,29.2395,29.0045,0.0709,120,1006.2828,1006.3662,1006.1464,0.0884,120,233.2643,284.0386,189.5992,30.7143,120,589.0963,775.2365,208.4634,187.3726,120,587.569,824.1863,16.7193,305.3878,120,120,0,521.0374,686.6665,182.1955,165.7091,120,55.01,56.18,53.88,0.69,120,3.438,3.4394,3.4358,0.0015,0.5912,0.5924,0.59,0.0007,0.6526,0.6595,0.6421,0.005,-0.0036,-0.0001,-0.0051,0.0019,0.003,0.0036,0.0024,0.0004,0.0049,0.0065,0.0017,0.0016,0.521,0.6867,0.1822,0.1657,305.0083,570,78,123.9637,0,0,0,0,324.0917,988,18,118.698,40,41.65,47,39,23.68,23.68,23.68
2022-11-16 14:50:00,3.0421,5.8956,0.7068,1.0715,120,110.8669,42.0697,120,65.9594,67.1712,65.096,0.5505,120,29.0247,29.1571,28.9526,0.045,120,1006.2743,1006.3662,1006.1464,0.0903,120,201.8207,225.885,179.9874,16.341,120,494.8969,696.1008,188.6795,181.5385,120,515.8256,804.0251,15.7364,319.5626,120,120,0,431.3334,614.0324,163.274,158.8299,120,57.37,58.49,56.18,0.69,120,3.4379,3.4394,3.4358,0.0015,0.5903,0.5916,0.5895,0.0004,0.6596,0.6717,0.651,0.0055,-0.0032,-0.0001,-0.005,0.002,0.0026,0.0029,0.0023,0.0002,0.0041,0.0058,0.0016,0.0015,0.4313,0.614,0.1633,0.1588,307.8417,618,54,116.4672,0,0,0,0,335.4083,990,88,139.7162,40,41.9667,47,39,23.68,23.68,23.68
2022-11-16 15:00:00,2.8028,6.512,0.578,1.1522,120,139.2034,38.2176,120,66.2712,66.9576,65.7064,0.2766,120,29.1388,29.2242,29.0289,0.0528,120,1006.2915,1006.3662,1005.945,0.0899,120,224.4272,258.8063,190.8008,20.9987,120,378.2909,631.9856,220.9208,144.9738,120,290.9077,793.698,15.2449,292.9876,120,120,0,330.1823,545.3658,191.351,124.1725,120,59.74,60.79,58.49,0.69,120,3.4382,3.4394,3.4324,0.0015,0.5914,0.5922,0.5903,0.0005,0.6627,0.6696,0.6571,0.0028,-0.0018,-0.0001,-0.0049,0.0018,0.0029,0.0033,0.0024,0.0003,0.0032,0.0053,0.0018,0.0012,0.3302,0.5454,0.1914,0.1242,281.825,685,40,125.2429,0,0,0,0,392.4167,703,37,111.878,40,41.4333,47,39,23.68,23.73,23.68
2022-11-16 15:10:00,2.4783,5.96,0.5228,1.1318,120,97.6932,35.0644,120,66.4004,67.0186,65.6453,0.3143,120,28.8038,29.0747,28.4613,0.1958,120,1006.3511,1006.5493,1006.1464,0.0517,120,156.6517,250.3961,123.0354,36.2468,120,181.2151,547.3553,128.2293,83.5629,120,60.4945,668.7915,13.7689,110.8104,120,120,0,160.9317,487.991,111.6977,75.6508,120,62.11,63.35,61.05,0.69,120,3.4392,3.4425,3.4358,0.0009,0.588,0.5907,0.5846,0.002,0.664,0.6702,0.6565,0.0031,-0.0004,-0.0001,-0.0042,0.0007,0.002,0.0032,0.0016,0.0005,0.0015,0.0046,0.0011,0.0007,0.1609,0.488,0.1117,0.0757,246.55,625,34,123.024,0,0,0,0,284.1833,694,86,104.4379,40,41.5,47,39,23.68,23.68,23.68
2022-11-16 15:20:00,2.8276,5.2976,0.6608,0.8761,120,102.5226,32.6109,120,67.5988,68.0868,66.7745,0.356,120,28.4319,28.6596,28.3178,0.1012,120,1006.3723,1006.5493,1006.1647,0.0735,120,164.2192,205.9402,113.4228,30.7513,120,399.2838,541.8595,164.8655,130.4303,120,527.8695,723.3758,22.6217,293.5701,120,120,0,339.1293,463.271,147.0992,107.3302,120,64.47,65.66,63.35,0.69,120,3.4395,3.4425,3.4361,0.0012,0.5843,0.5866,0.5832,0.001,0.676,0.6809,0.6677,0.0036,-0.0033,-0.0001,-0.0045,0.0018,0.0021,0.0026,0.0014,0.0004,0.0033,0.0045,0.0014,0.0011,0.3391,0.4633,0.1471,0.1073,284.5167,553,49,95.2313,0,0,0,0,298.4333,974,37,109.3818,40,41.9,47,39,23.68,23.68,23.68
2022-11-16 15:30:00,2.499,4.8376,0.6884,0.9724,120,117.8412,34.3966,120,67.4156,68.2394,66.9271,0.3739,120,28.929,29.0442,28.6596,0.1176,120,1006.362,1006.5676,1006.1647,0.0633,120,104.9885,115.1055,92.0362,5.9276,120,326.7459,420.5906,96.7215,116.7841,120,534.9591,708.1325,16.2278,264.8866,120,120,0,263.3035,345.4695,79.0429,94.3929,120,66.83,67.97,65.66,0.69,120,3.4394,3.4428,3.4361,0.0011,0.5893,0.5904,0.5866,0.0012,0.6742,0.6824,0.6693,0.0037,-0.0033,-0.0001,-0.0044,0.0016,0.0013,0.0015,0.0012,0.0001,0.0027,0.0035,0.0008,0.001,0.2633,0.3455,0.079,0.0944,248.8,503,52,105.6934,0,0,0,0,336.2833,560,113,97.6374,40,41.6333,47,39,23.68,23.68,23.68
2022-11-16 15:40:00,2.8234,6.1256,0.3296,1.1887,120,123.7597,38.3527,120,67.1677,68.392,66.1031,0.6463,120,28.7082,29.0075,28.5894,0.1349,120,1006.3898,1006.5676,1006.1647,0.086,120,112.6201,125.6787,101.4079,6.9157,120,286.369,371.8643,120.1693,92.5867,120,467.117,690.9201,35.4061,243.9602,120,120,0,225.1757,291.4518,98.88,70.8264,120,69.2,70.28,67.97,0.69,120,3.4398,3.4428,3.4361,0.0014,0.5871,0.5901,0.5859,0.0014,0.6717,0.6839,0.661,0.0065,-0.0029,-0.0002,-0.0043,0.0015,0.0014,0.0016,0.0013,0.0001,0.0024,0.0031,0.001,0.0008,0.2252,0.2915,0.0989,0.0708,284.0667,643,13,129.211,0,0,0,0,352.6083,687,39,109.6462,40,41.5333,47,39,23.68,23.68,23.68
2022-11-16 15:50:00,3.1805,6.7972,0.8632,1.1185,120,128.8981,35.0906,120,67.6705,68.3615,67.1407,0.2775,120,28.5491,28.7847,28.2019,0.1532,120,1006.4197,1006.5493,1006.3295,0.0933,120,110.5054,126.8803,91.315,11.9773,120,148.6297,345.4862,91.2257,74.6254,120,125.3327,649.6133,13.7689,198.0949,120,120,0,122.3284,269.1732,74.7703,55.7044,120,71.57,72.84,70.28,0.69,120,3.4403,3.4425,3.4388,0.0016,0.5855,0.5878,0.582,0.0015,0.6767,0.6836,0.6714,0.0028,-0.0008,-0.0001,-0.004,0.0012,0.0014,0.0016,0.0012,0.0002,0.0012,0.0029,0.0008,0.0006,0.1223,0.2692,0.0748,0.0557,322.875,716,71,121.573,0,0,0,0,369.3667,859,104,104.5138,40,41.4333,47,39,23.68,23.68,23.63
2022-11-16 16:00:00,2.2958,4.6812,0.7804,0.9288,120,115.915,44.4759,120,68.7646,69.277,68.1173,0.3211,120,28.2961,28.4063,28.1622,0.072,120,1006.5371,1006.7324,1006.3295,0.047,120,103.821,123.5157,86.2685,11.3896,120,183.8865,295.2929,87.5618,71.8678,120,279.917,617.156,15.7364,225.7454,120,120,0,139.6705,217.597,74.16,48.4767,120,73.93,75.14,72.84,0.69,120,3.4423,3.4455,3.4388,0.0008,0.583,0.5841,0.5816,0.0007,0.6876,0.6928,0.6812,0.0032,-0.0017,-0.0001,-0.0038,0.0014,0.0013,0.0016,0.0011,0.0001,0.0015,0.0025,0.0007,0.0006,0.1397,0.2176,0.0742,0.0485,226.7167,486,62,100.9614,0,0,0,0,340.0167,890,34,132.5969,40,41.8833,47,41,23.68,23.73,23.68
2022-11-16 16:10:00,2.3321,5.0032,0.5136,1.0064,120,108.7642,39.2758,120,69.1974,70.04,68.3615,0.513,120,28.1393,28.2659,28.0218,0.0733,120,1006.6581,1006.7507,1006.5127,0.0967,120,95.855,100.6874,86.5094,4.3321,120,126.501,231.545,88.2953,41.7688,120,136.5613,541.9175,14.2604,158.5042,120,120,0,101.4283,161.1377,75.0755,24.7028,120,76.3,77.45,75.14,0.69,120,3.4443,3.4458,3.4419,0.0016,0.5814,0.5827,0.5802,0.0007,0.692,0.7004,0.6836,0.0051,-0.0008,-0.0001,-0.0034,0.001,0.0012,0.0013,0.0011,0.0001,0.0011,0.0019,0.0007,0.0003,0.1014,0.1611,0.0751,0.0247,230.6667,521,33,109.3946,0,0,0,0,317.875,944,49,122.732,40,41.5833,47,41,23.68,23.68,23.63
2022-11-16 16:20:00,2.5787,5.1504,1.0564,0.8969,120,124.4999,32.4035,120,69.7144,70.3452,69.1855,0.3244,120,28.1663,28.2507,28.095,0.0434,120,1006.6977,1006.9155,1006.5127,0.0932,120,94.6534,101.4079,80.2614,4.9631,120,140.1695,195.6411,84.6315,43.0747,120,230.8477,473.5627,14.7535,190.2089,120,120,0,109.4343,138.8592,75.6859,22.9409,120,78.66,79.75,77.45,0.69,120,3.445,3.4486,3.4419,0.0016,0.5817,0.5825,0.5809,0.0004,0.6971,0.7035,0.6919,0.0032,-0.0014,-0.0001,-0.0029,0.0012,0.0012,0.0013,0.001,0.0001,0.0012,0.0016,0.0007,0.0004,0.1094,0.1389,0.0757,0.0229,257.4667,537,92,97.4899,0,0,0,0,353.125,581,42,93.0907,40,41.55,47,39,23.68,23.73,23.63
2022-11-16 16:30:00,2.7381,5.684,0.7896,0.9826,120,125.2889,36.3899,120,69.8668,70.2536,69.6127,0.1663,120,28.1036,28.1683,28.0615,0.0297,120,1006.7655,1006.9155,1006.7141,0.0767,120,82.0055,88.6717,77.6181,3.6041,120,133.6024,151.3097,85.7299,18.372,120,320.7452,411.1102,51.6339,102.8106,120,120,0,92.9823,100.7111,72.9392,7.6187,120,81.02,82.31,79.75,0.68,120,3.4461,3.4486,3.4452,0.0013,0.581,0.5817,0.5806,0.0003,0.6987,0.7025,0.6961,0.0017,-0.002,-0.0003,-0.0026,0.0006,0.001,0.0011,0.001,0,0.0011,0.0013,0.0007,0.0002,0.093,0.1007,0.0729,0.0076,274.7917,595,63,106.805,0,0,0,0,354.6167,581,19,104.1195,40,41.7167,47,41,23.68,23.68,23.68
2022-11-16 16:40:00,2.7984,4.7548,0.8172,0.9437,120,118.5519,38.5942,120,70.1748,70.6503,69.9484,0.2033,120,28.0804,28.1561,28.031,0.0349,120,1006.7914,1006.9155,1006.5127,0.0926,120,69.5758,86.5094,59.3551,9.9713,120,103.661,135.5558,60.4514,21.9489,120,269.3892,348.6561,21.1457,100.3749,120,120,0,70.4037,94.9126,53.4074,14.3488,120,83.38,84.6,82.31,0.69,120,3.4465,3.4486,3.4419,0.0015,0.5808,0.5816,0.5803,0.0003,0.7017,0.7065,0.6995,0.002,-0.0017,-0.0001,-0.0022,0.0006,0.0009,0.0011,0.0008,0.0001,0.0009,0.0011,0.0005,0.0002,0.0704,0.0949,0.0534,0.0143,281.35,494,66,102.5769,0,0,0,0,334.5833,642,0,112.0302,39,41.5,47,39,23.68,23.68,23.68
2022-11-16 16:50:00,2.6708,4.8744,0.486,1.0412,120,99.4793,28.6884,120,70.2752,70.8029,69.7348,0.2592,120,27.7999,28.092,27.5854,0.1545,120,1007.0351,1007.2817,1006.8789,0.0935,120,37.0748,59.3551,23.7898,10.2211,120,43.9765,71.0756,31.1417,10.0215,120,98.0607,207.0303,20.6542,62.8157,120,120,0,32.3115,53.1022,21.0578,9.4178,120,85.73,86.9,84.6,0.69,120,3.4506,3.4547,3.448,0.0016,0.578,0.5809,0.5758,0.0015,0.7028,0.708,0.6973,0.0026,-0.0006,-0.0001,-0.0013,0.0004,0.0005,0.0008,0.0003,0.0001,0.0004,0.0006,0.0003,0.0001,0.0323,0.0531,0.0211,0.0094,267.475,507,30,113.1699,0,0,0,0,291.075,917,131,97.2151,39,41.5167,47,39,23.68,23.68,23.63
2022-11-16 17:00:00,2.4416,4.4972,0.762,0.7437,120,108.1843,34.311,120,70.8408,71.0166,70.7114,0.0873,120,27.5764,27.6312,27.4938,0.0406,120,1007.0722,1007.2817,1006.8789,0.0747,120,18.0628,23.7898,12.015,3.3488,120,22.0309,34.072,12.09,6.741,120,69.0265,158.8382,14.7535,54.7375,120,120,0,16.2638,21.0578,10.9867,2.7529,120,88.08,89.19,86.9,0.69,120,3.4512,3.4547,3.448,0.0012,0.5758,0.5763,0.5749,0.0004,0.7084,0.7102,0.7071,0.0009,-0.0004,-0.0001,-0.001,0.0003,0.0002,0.0003,0.0002,0,0.0002,0.0003,0.0001,0.0001,0.0163,0.0211,0.011,0.0028,242.5667,466,60,80.8326,0,0,0,0,311.0583,720,93,100.5168,39,41.5,47,39,23.68,23.73,23.68
2022-11-16 17:10:00,2.884,4.718,1.3508,0.8171,120,109.9477,28.6215,120,71.0033,71.2607,70.8335,0.1167,120,27.38,27.4969,27.2924,0.0696,120,1007.1543,1007.3,1006.8972,0.0968,120,5.9515,12.2551,2.163,2.9067,120,5.7795,11.7239,1.8319,2.8437,120,13.9164,14.7535,13.2775,0.2893,120,120,0,5.9994,10.9867,2.4415,2.494,120,89.66,89.95,89.19,0.24,42,3.4526,3.455,3.4483,0.0016,0.5738,0.575,0.5729,0.0007,0.71,0.7126,0.7083,0.0012,-0.0001,-0.0001,-0.0001,0,0.0001,0.0002,0,0,0,0.0001,0,0,0.006,0.011,0.0024,0.0025,290.65,490,124,88.8147,0,0,0,0,313.25,552,134,81.956,39,41.6333,47,39,23.68,23.68,23.68
2022-11-16 17:20:00,2.4908,3.7428,0.9644,0.6456,120,97.8773,20.8317,120,71.4283,71.6575,71.1081,0.1335,120,27.2574,27.3015,27.1886,0.028,120,1007.298,1007.4648,1007.0803,0.0713,120,0.7529,2.163,0,0.5794,120,0.5616,2.1981,0,0.4935,120,13.7689,14.2604,13.2775,0.1425,120,120,0,1.4089,2.7467,0,0.7704,120,None,None,None,None,0,3.455,3.4577,3.4513,0.0012,0.5726,0.573,0.5719,0.0003,0.7143,0.7166,0.7111,0.0013,-0.0001,-0.0001,-0.0001,0,0,0,0,0,0,0,0,0,0.0014,0.0027,0,0.0008,247.9083,384,82,70.1792,0,0,0,0,277,470,48,60.3866,39,41.45,47,39,23.68,23.68,23.68
2022-11-16 17:30:00,2.1764,4.1108,0.5872,0.8569,120,99.1011,35.6251,120,71.9606,72.2373,71.7185,0.1587,120,27.1603,27.2008,27.1215,0.0228,120,1007.3704,1007.4648,1007.2451,0.0828,120,0,0,0,0,120,0,0,0,0,120,13.8345,14.2604,13.2775,0.2107,120,120,0,0,0,0,0,120,None,None,None,None,0,3.4562,3.4577,3.4541,0.0014,0.5716,0.572,0.5712,0.0002,0.7196,0.7224,0.7172,0.0016,-0.0001,-0.0001,-0.0001,0,0,0,0,0,0,0,0,0,0,0,0,0,213.7417,424,41,93.1443,0,0,0,0,300.9167,1005,29,134.3574,39,41.5167,47,39,23.68,23.68,23.63
2022-11-16 17:40:00,2.2852,3.9084,0.4492,0.7903,120,102.8782,30.2218,120,72.31,72.6341,72.2068,0.1052,120,27.1358,27.1642,27.0879,0.023,120,1007.4026,1007.6296,1007.2634,0.0746,120,0,0,0,0,120,0,0,0,0,120,13.7935,14.2604,13.2775,0.1541,120,120,0,0,0,0,0,120,None,None,None,None,0,3.4567,3.4605,3.4544,0.0012,0.5714,0.5716,0.5709,0.0002,0.7231,0.7263,0.7221,0.0011,-0.0001,-0.0001,-0.0001,0,0,0,0,0,0,0,0,0,0,0,0,0,225.5667,402,26,85.9039,0,0,0,0,294.425,567,61,87.9571,39,41.9333,47,39,23.68,23.68,23.63
2022-11-16 17:50:00,2.1293,4.0372,0.6148,0.6907,120,95.2887,35.4212,120,72.6966,72.9087,72.5425,0.091,120,27.1204,27.149,27.0849,0.0175,120,1007.5253,1007.6296,1007.4282,0.0916,120,0,0,0,0,120,0,0,0,0,120,13.7935,14.2604,13.2775,0.1785,120,120,0,0,0,0,0,120,None,None,None,None,0,3.4588,3.4605,3.4571,0.0015,0.5712,0.5715,0.5708,0.0002,0.727,0.7291,0.7254,0.0009,-0.0001,-0.0001,-0.0001,0,0,0,0,0,0,0,0,0,0,0,0,0,208.6167,416,44,75.0797,0,0,0,0,283.0167,873,48,116.8225,39,41.7833,47,39,23.68,23.68,23.68
2022-11-16 18:00:00,2.0909,3.8624,0,0.8445,120,90.0672,32.5826,120,73.0669,73.4275,72.7561,0.1707,120,26.9845,27.0879,26.8957,0.0561,120,1007.5997,1007.6479,1007.4282,0.0668,120,0,0,0,0,120,0,0,0,0,120,13.7812,14.2604,13.2775,0.162,120,120,0,0,0,0,0,120,None,None,None,None,0,3.46,3.4608,3.4571,0.0011,0.5698,0.5709,0.569,0.0006,0.7307,0.7343,0.7276,0.0017,-0.0001,-0.0001,-0.0001,0,0,0,0,0,0,0,0,0,0,0,0,0,204.6333,397,0,91.3416,0,0,0,0,266.6917,1003,9,115.5613,39,41.6833,47,39,23.68,23.68,23.63
2022-11-16 18:10:00,2.0863,4.2488,0.4952,0.8346,120,103.7206,36.9902,120,73.454,73.7022,73.2444,0.1168,120,26.8444,26.8987,26.8102,0.0245,120,1007.6691,1007.831,1007.593,0.0825,120,0,0,0,0,120,0,0,0,0,120,13.7853,14.2604,13.2775,0.1795,120,120,0,0,0,0,0,120,None,None,None,None,0,3.4612,3.4639,3.4599,0.0014,0.5684,0.569,0.5681,0.0003,0.7345,0.737,0.7324,0.0012,-0.0001,-0.0001,-0.0001,0,0,0,0,0,0,0,0,0,0,0,0,0,203.9417,439,31,90.7205,0,0,0,0,308.6833,868,33,119.808,39,41.7,47,39,23.68,23.68,23.68
2022-11-16 18:20:00,2.0494,3.8716,0.5872,0.7262,120,103.8495,35.5229,120,73.7749,73.9769,73.6412,0.0812,120,26.8481,26.8682,26.8316,0.0083,120,1007.7049,1007.831,1007.593,0.0949,120,0,0,0,0,120,0,0,0,0,120,13.8304,14.2604,13.2775,0.1864,120,120,0,0,0,0,0,120,None,None,None,None,0,3.4617,3.4639,3.4599,0.0016,0.5685,0.5687,0.5683,0.0001,0.7377,0.7398,0.7364,0.0008,-0.0001,-0.0001,-0.0001,0,0,0,0,0,0,0,0,0,0,0,0,0,199.9333,398,41,78.9373,0,0,0,0,302.3083,776,64,107.8588,39,41.65,47,39,23.68,23.68,23.63
2022-11-16 18:30:00,2.2187,3.89,1.0656,0.6445,120,96.0459,31.555,120,74.0725,74.4041,73.8853,0.1567,120,26.8131,26.859,26.7858,0.0229,120,1007.8028,1007.9958,1007.593,0.0817,120,0,0,0,0,120,0,0,0,0,120,13.8467,14.2604,13.2775,0.1911,120,120,0,0,0,0,0,120,None,None,None,None,0,3.4634,3.4666,3.4599,0.0014,0.5681,0.5686,0.5679,0.0002,0.7407,0.744,0.7389,0.0016,-0.0001,-0.0001,-0.0001,0,0,0,0,0,0,0,0,0,0,0,0,0,218.3333,400,93,70.0531,0,0,0,0,296.0333,993,35,133.6715,38.4,41.5667,47,39,23.68,23.68,23.63
2022-11-16 18:40:00,2.394,5.1596,0.6516,0.8403,120,93.7997,33.7759,120,74.4944,74.6788,74.3431,0.0912,120,26.7663,26.8072,26.6973,0.0307,120,1007.8111,1007.9958,1007.6113,0.0567,120,0,0,0,0,120,0,0,0,0,120,13.814,14.2604,13.7689,0.1424,120,120,0,0,0,0,0,120,None,None,None,None,0,3.4635,3.4666,3.4602,0.0009,0.5677,0.5681,0.567,0.0003,0.7449,0.7468,0.7434,0.0009,-0.0001,-0.0001,-0.0001,0,0,0,0,0,0,0,0,0,0,0,0,0,237.3917,538,48,91.3321,0,0,0,0,276.0083,937,18,113.8778,38,41.7167,47,39,23.68,23.68,23.68
2022-11-16 18:50:00,2.6077,4.5524,0.67,0.8713,120,99.914,27.6618,120,74.8583,75.045,74.6483,0.1002,120,26.6376,26.6973,26.5813,0.0308,120,1007.9405,1008.179,1007.7761,0.1007,120,0,0,0,0,120,0,0,0,0,120,13.8222,14.2604,13.7689,0.1534,120,120,0,0,0,0,0,120,None,None,None,None,0,3.4657,3.4696,3.4629,0.0017,0.5664,0.567,0.5658,0.0003,0.7486,0.7505,0.7465,0.001,-0.0001,-0.0001,-0.0001,0,0,0,0,0,0,0,0,0,0,0,0,0,260.625,472,50,94.704,0,0,0,0,287.2917,632,117,81.6532,38,41.5167,47,39,23.68,23.68,23.63
2022-11-16 19:00:00,2.5528,4.5708,0.8724,0.7373,120,101.7656,26.3406,120,75.0972,75.2586,74.9535,0.0716,120,26.5635,26.5905,26.5416,0.0123,120,1008.0363,1008.179,1007.7761,0.0968,120,0,0,0,0,120,0,0,0,0,120,13.859,14.2604,13.7689,0.191,120,120,0,0,0,0,0,120,None,None,None,None,0,3.4673,3.4696,3.4629,0.0016,0.5656,0.5659,0.5654,0.0001,0.751,0.7526,0.7495,0.0007,-0.0001,-0.0001,-0.0001,0,0,0,0,0,0,0,0,0,0,0,0,0,254.65,474,72,80.1444,0,0,0,0,291.5333,585,116,77.3063,38,41.5167,47,39,23.68,23.68,23.68
2022-11-16 19:10:00,2.589,4.994,0.946,0.6976,120,107.4094,27.4399,120,75.2266,75.2892,75.1366,0.0364,120,26.5857,26.6088,26.5539,0.0098,120,1008.2087,1008.3621,1008.1423,0.0839,120,0,0,0,0,120,0,0,0,0,120,13.9082,14.2604,13.7689,0.2224,120,120,0,0,0,0,0,120,None,None,None,None,0,3.4701,3.4727,3.469,0.0014,0.5659,0.5661,0.5655,0.0001,0.7523,0.7529,0.7514,0.0004,-0.0001,-0.0001,-0.0001,0,0,0,0,0,0,0,0,0,0,0,0,0,258.5917,520,80,75.8298,0,0,0,0,307.325,555,145,79.325,38,41.8,47,39,23.68,23.68,23.68
2022-11-16 19:20:00,2.1544,4.4972,0.6148,0.8242,120,98.5161,36.6632,120,75.2889,75.4112,75.2281,0.0523,120,26.5981,26.6149,26.5752,0.0104,120,1008.3273,1008.5269,1008.1423,0.0726,120,0,0,0,0,120,0,0,0,0,120,13.8427,14.2604,13.2775,0.1874,120,120,0,0,0,0,0,120,None,None,None,None,0,3.4721,3.4754,3.469,0.0012,0.566,0.5662,0.5657,0.0001,0.7529,0.7541,0.7523,0.0005,-0.0001,-0.0001,-0.0001,0,0,0,0,0,0,0,0,0,0,0,0,0,211.35,466,44,89.5916,0,0,0,0,308.5,1022,5,149.959,38,41.5333,47,39,23.68,23.68,23.68
2022-11-16 19:30:00,2.2583,3.9268,0.7252,0.8269,120,100.982,32.3481,120,75.6691,75.9911,75.3807,0.1992,120,26.55,26.5752,26.5264,0.0142,120,1008.3644,1008.5452,1008.179,0.063,120,0,0,0,0,120,0,0,0,0,120,13.9041,14.2604,13.7689,0.2204,120,120,0,0,0,0,0,120,None,None,None,None,0,3.4727,3.4758,3.4696,0.001,0.5655,0.5657,0.5653,0.0001,0.7567,0.7599,0.7538,0.002,-0.0001,-0.0001,-0.0001,0,0,0,0,0,0,0,0,0,0,0,0,0,222.6417,404,56,89.8752,0,0,0,0,304.1583,956,92,116.5638,38,41.6,47,39,23.68,23.68,23.63
2022-11-16 19:40:00,2.2141,4.0004,0.624,0.806,120,101.9336,31.2468,120,76.0519,76.2047,75.9301,0.0799,120,26.5559,26.5874,26.5172,0.0184,120,1008.4477,1008.5452,1008.3254,0.089,120,0,0,0,0,120,0,0,0,0,120,13.9164,14.2604,13.2775,0.2516,120,120,0,0,0,0,0,120,None,None,None,None,0,3.4741,3.4758,3.4721,0.0015,0.5656,0.5659,0.5652,0.0002,0.7605,0.762,0.7593,0.0008,-0.0001,-0.0001,-0.0001,0,0,0,0,0,0,0,0,0,0,0,0,0,217.8417,412,45,87.6079,0,0,0,0,304.825,852,75,109.9449,37.3,41.6,47,39,23.68,23.68,23.63
2022-11-16 19:50:00,2.2067,4.2856,0.5688,0.8362,120,94.9829,35.7007,120,76.3993,76.5709,76.2047,0.0897,120,26.5247,26.5386,26.5111,0.0065,120,1008.558,1008.7283,1008.3438,0.0814,120,0,0,0,0,120,0,0,0,0,120,13.9,14.2604,13.7689,0.2182,120,120,0,0,0,0,0,120,None,None,None,None,0,3.476,3.4788,3.4724,0.0014,0.5653,0.5654,0.5651,0.0001,0.764,0.7657,0.762,0.0009,-0.0001,-0.0001,-0.0001,0,0,0,0,0,0,0,0,0,0,0,0,0,217.0333,443,39,90.8911,0,0,0,0,296.5917,1020,10,142.3356,37,41.3667,47,39,23.68,23.68,23.63
2022-11-16 20:00:00,1.6408,3.5772,0.4952,0.5631,120,104.1963,33.9749,120,76.5948,76.6625,76.5404,0.0341,120,26.5272,26.5447,26.502,0.0095,120,1008.6369,1008.8931,1008.4902,0.0942,120,0,0,0,0,120,0,0,0,0,120,13.9041,14.2604,13.2775,0.2294,120,120,0,0,0,0,0,120,None,None,None,None,0,3.4773,3.4816,3.4748,0.0016,0.5653,0.5655,0.565,0.0001,0.7659,0.7666,0.7654,0.0003,-0.0001,-0.0001,-0.0001,0,0,0,0,0,0,0,0,0,0,0,0,0,155.5167,366,31,61.2057,0,0,0,0,305.7167,952,45,111.7697,37,41.5667,47,39,23.68,23.68,23.63
2022-11-16 20:10:00,1.3807,2.602,0.2192,0.603,120,105.9097,43.3106,120,76.6973,76.7541,76.632,0.0297,120,26.5043,26.5172,26.4928,0.0061,120,1008.7863,1008.9114,1008.6734,0.0983,120,0,0,0,0,120,0,0,0,0,120,13.8549,14.2604,13.2775,0.208,120,120,0,0,0,0,0,120,None,None,None,None,0,3.4798,3.4819,3.4779,0.0016,0.565,0.5652,0.5649,0.0001,0.767,0.7675,0.7663,0.0003,-0.0001,-0.0001,-0.0001,0,0,0,0,0,0,0,0,0,0,0,0,0,127.25,260,1,65.5401,0,0,0,0,336.9583,1000,36,164.2012,37,41.8,47,39,23.68,23.68,23.63
2022-11-16 20:20:00,1.5639,2.8872,0.394,0.6778,120,113.3177,37.9973,120,76.7324,76.7846,76.632,0.033,120,26.4971,26.5172,26.4684,0.0113,120,1008.9134,1009.0945,1008.6917,0.0638,120,0,0,0,0,120,0,0,0,0,120,13.9287,14.2604,13.7689,0.2312,120,120,0,0,0,0,0,120,None,None,None,None,0,3.4819,3.4849,3.4782,0.0011,0.565,0.5652,0.5647,0.0001,0.7673,0.7678,0.7663,0.0003,-0.0001,-0.0001,-0.0001,0,0,0,0,0,0,0,0,0,0,0,0,0,147.1667,291,20,73.6783,0,0,0,0,320.9583,662,8,111.1402,37,41.9,47,39,23.68,23.68,23.63
2022-11-16 20:30:00,2.3025,4.672,0.6976,0.7645,120,98.3963,29.1236,120,76.8502,76.9066,76.7541,0.03,120,26.5023,26.5203,26.4745,0.0124,120,1008.8206,1008.9114,1008.6917,0.0961,120,0,0,0,0,120,0,0,0,0,120,13.9246,14.2604,13.2775,0.2383,120,120,0,0,0,0,0,120,None,None,None,None,0,3.4803,3.4819,3.4782,0.0016,0.565,0.5652,0.5647,0.0001,0.7685,0.7691,0.7675,0.0003,-0.0001,-0.0001,-0.0001,0,0,0,0,0,0,0,0,0,0,0,0,0,227.4417,485,53,83.0952,0,0,0,0,286.5333,740,112,91.2079,37,41.6167,47,39,23.68,23.68,23.63
2022-11-16 20:40:00,2.1329,3.9452,0.7344,0.8162,120,99.3682,31.767,120,76.8728,76.9677,76.8456,0.0369,120,26.5,26.5233,26.4684,0.0157,120,1008.8636,1008.9114,1008.6917,0.0765,120,0,0,0,0,120,0,0,0,0,120,13.8918,14.2604,13.2775,0.2319,120,120,0,0,0,0,0,120,None,None,None,None,0,3.4811,3.4819,3.4782,0.0013,0.565,0.5652,0.5647,0.0002,0.7687,0.7697,0.7685,0.0004,-0.0001,-0.0001,-0.0001,0,0,0,0,0,0,0,0,0,0,0,0,0,209.0083,406,57,88.7133,0,0,0,0,297.2,935,80,113.9251,37,41.65,47,39,23.68,23.68,23.63
2022-11-16 20:50:00,1.8604,4.028,0.486,0.7316,120,103.5493,32.5075,120,77.0961,77.3034,76.9372,0.11,120,26.4423,26.4776,26.4135,0.0194,120,1008.6978,1008.9114,1008.5086,0.0395,120,0,0,0,0,120,0,0,0,0,120,13.8795,14.2604,13.7689,0.2061,120,120,0,0,0,0,0,120,None,None,None,None,0,3.4783,3.4819,3.4751,0.0007,0.5644,0.5648,0.5641,0.0002,0.771,0.773,0.7694,0.0011,-0.0001,-0.0001,-0.0001,0,0,0,0,0,0,0,0,0,0,0,0,0,179.3917,415,30,79.5172,0,0,0,0,308.1333,989,72,115.7028,37,41.5333,47,39,23.68,23.68,23.63
2022-11-16 21:00:00,2.4857,4.81,0.6608,0.9035,120,102.7404,30.2316,120,77.4,77.4865,77.2423,0.0498,120,26.4228,26.4379,26.4074,0.0067,120,1008.717,1008.9114,1008.4902,0.0786,120,0,0,0,0,120,0,0,0,0,120,13.9368,14.2604,13.2775,0.2426,120,120,0,0,0,0,0,120,None,None,None,None,0,3.4786,3.4819,3.4748,0.0013,0.5642,0.5644,0.5641,0.0001,0.774,0.7749,0.7724,0.0005,-0.0001,-0.0001,-0.0001,0,0,0,0,0,0,0,0,0,0,0,0,0,247.3583,500,49,98.2116,0,0,0,0,298.9583,974,22,103.9814,37,41.7167,47,39,23.68,23.68,23.63
2022-11-16 21:10:00,2.2757,4.0096,0.6608,0.7607,120,99.0722,34.723,120,77.3041,77.4255,77.2118,0.0581,120,26.4172,26.4348,26.3982,0.0085,120,1008.6946,1008.9114,1008.4902,0.063,120,0,0,0,0,120,0,0,0,0,120,13.9082,14.2604,13.2775,0.2313,120,120,0,0,0,0,0,120,None,None,None,None,0,3.4782,3.4819,3.4748,0.001,0.5642,0.5644,0.564,0.0001,0.773,0.7743,0.7721,0.0006,-0.0001,-0.0001,-0.0001,0,0,0,0,0,0,0,0,0,0,0,0,0,224.5333,413,49,82.6837,0,0,0,0,300.4917,940,56,128.5132,36.2,41.7,47,41,23.68,23.68,23.63
2022-11-16 21:20:00,2.1199,4.2396,0.486,0.7374,120,107.9643,35.7219,120,77.0058,77.2118,76.8151,0.1344,120,26.4273,26.447,26.3982,0.0125,120,1008.6238,1008.71,1008.4719,0.0941,120,0,0,0,0,120,0,0,0,0,120,13.8467,14.2604,13.2775,0.1911,120,120,0,0,0,0,0,120,None,None,None,None,0,3.4771,3.4785,3.4745,0.0016,0.5643,0.5645,0.564,0.0001,0.7701,0.7721,0.7682,0.0013,-0.0001,-0.0001,-0.0001,0,0,0,0,0,0,0,0,0,0,0,0,0,207.6,438,30,80.1501,0,0,0,0,308.3833,577,21,102.7921,36,41.45,47,39,23.68,23.68,23.63
2022-11-16 21:30:00,1.9425,3.7152,0.5872,0.6986,120,103.0668,26.379,120,76.8258,76.8761,76.7541,0.0346,120,26.3607,26.4043,26.3311,0.0217,120,1008.545,1008.6917,1008.4719,0.0877,120,0,0,0,0,120,0,0,0,0,120,13.773,14.2604,13.2775,0.2064,120,120,0,0,0,0,0,120,None,None,None,None,0,3.4758,3.4782,3.4745,0.0015,0.5636,0.564,0.5633,0.0002,0.7683,0.7688,0.7675,0.0003,-0.0001,-0.0001,-0.0001,0,0,0,0,0,0,0,0,0,0,0,0,0,188.3167,381,41,75.9295,0,0,0,0,294.0583,673,21,79.0161,36,41.75,47,39,23.68,23.68,23.63
2022-11-16 21:40:00,1.4148,2.7308,0.44,0.5977,120,97.9624,39.3394,120,76.9252,77.0287,76.8456,0.0438,120,26.3041,26.3433,26.2548,0.0235,120,1008.5405,1008.71,1008.3071,0.0998,120,0,0,0,0,120,0,0,0,0,120,13.773,14.2604,13.2775,0.2064,120,120,0,0,0,0,0,120,None,None,None,None,0,3.4757,3.4785,3.4718,0.0017,0.563,0.5634,0.5625,0.0002,0.7693,0.7703,0.7685,0.0004,-0.0001,-0.0001,-0.0001,0,0,0,0,0,0,0,0,0,0,0,0,0,130.9583,274,25,64.9719,0,0,0,0,292.2667,835,63,123.9593,36,41.5833,47,39,23.68,23.68,23.63
2022-11-16 21:50:00,1.8226,3.5772,0.4768,0.7658,120,99.4654,33.6377,120,77.1976,77.3644,77.0287,0.0871,120,26.225,26.2578,26.1998,0.0148,120,1008.4472,1008.6917,1008.3071,0.0837,120,0,0,0,0,120,0,0,0,0,120,13.8058,14.2604,13.2775,0.2481,120,120,0,0,0,0,0,120,None,None,None,None,0,3.4741,3.4782,3.4718,0.0014,0.5623,0.5626,0.562,0.0001,0.772,0.7736,0.7703,0.0009,-0.0001,-0.0001,-0.0001,0,0,0,0,0,0,0,0,0,0,0,0,0,175.2833,366,29,83.242,0,0,0,0,290.1333,790,20,104.041,36,41.4833,47,39,23.68,23.68,23.63
2022-11-16 22:00:00,1.7768,3.2552,0.5412,0.6379,120,105.1486,25.6255,120,77.4944,77.6696,77.3644,0.0949,120,26.1956,26.212,26.1846,0.0067,120,1008.3436,1008.5086,1008.124,0.0841,120,0,0,0,0,120,0,0,0,0,120,13.7853,14.2604,13.2775,0.2008,120,120,0,0,0,0,0,120,None,None,None,None,0,3.4724,3.4751,3.4687,0.0014,0.562,0.5621,0.5618,0.0001,0.7749,0.7767,0.7736,0.0009,-0.0001,-0.0001,-0.0001,0,0,0,0,0,0,0,0,0,0,0,0,0,170.3083,331,36,69.3387,0,0,0,0,300.7333,585,161,74.6887,36,41.45,47,39,23.68,23.68,23.63
2022-11-16 22:10:00,2.0338,3.752,1.038,0.6014,120,102.7008,23.3995,120,77.8357,78.0053,77.6391,0.1036,120,26.1897,26.2029,26.1815,0.0043,120,1008.3546,1008.5086,1008.2888,0.0782,120,0,0,0,0,120,0,0,0,0,120,13.8345,14.2604,13.2775,0.1904,120,120,0,0,0,0,0,120,None,None,None,None,0,3.4726,3.4751,3.4715,0.0013,0.5619,0.562,0.5618,0,0.7784,0.7801,0.7764,0.001,-0.0001,-0.0001,-0.0001,0,0,0,0,0,0,0,0,0,0,0,0,0,198.2417,385,90,65.3679,0,0,0,0,292.25,534,107,68.0488,36,41.6667,47,39,23.68,23.68,23.63
2022-11-16 22:20:00,1.7296,3.0896,0.6332,0.5609,120,106.5876,29.0975,120,78.176,78.341,78.0358,0.084,120,26.19,26.2029,26.1724,0.0058,120,1008.3583,1008.5086,1008.124,0.1,120,0,0,0,0,120,0,0,0,0,120,13.8222,14.2604,13.2775,0.2093,120,120,0,0,0,0,0,120,None,None,None,None,0,3.4726,3.4751,3.4687,0.0017,0.5619,0.562,0.5617,0.0001,0.7818,0.7834,0.7804,0.0008,-0.0001,-0.0001,-0.0001,0,0,0,0,0,0,0,0,0,0,0,0,0,165.175,313,46,60.9704,0,0,0,0,304.5167,594,91,84.8952,36,41.5167,47,39,23.68,23.68,23.63
2022-11-16 22:30:00,2.109,4.6812,0.6148,0.829,120,112.0719,37.6585,120,78.4687,78.5546,78.341,0.0707,120,26.2053,26.2487,26.1754,0.0216,120,1008.2533,1008.4719,1008.0874,0.0885,120,0,0,0,0,120,0,0,0,0,120,13.8672,14.2604,13.2775,0.2434,120,120,0,0,0,0,0,120,None,None,None,None,0,3.4709,3.4745,3.4681,0.0015,0.5621,0.5625,0.5617,0.0002,0.7847,0.7855,0.7834,0.0007,-0.0001,-0.0001,-0.0001,0,0,0,0,0,0,0,0,0,0,0,0,0,206.4167,486,44,90.1066,0,0,0,0,333.2,978,0,129.9306,36,41.8667,47,39,23.67,23.68,23.63
2022-11-16 22:40:00,1.8954,3.3472,0.6976,0.5588,120,99.2152,33.6105,120,78.5333,78.6157,78.4631,0.03,120,26.2804,26.2975,26.2456,0.0145,120,1008.1552,1008.3071,1008.0874,0.0786,120,0,0,0,0,120,0,0,0,0,120,13.9655,14.2604,13.7689,0.2418,120,120,0,0,0,0,0,120,None,None,None,None,0,3.4693,3.4718,3.4681,0.0013,0.5628,0.563,0.5625,0.0001,0.7853,0.7862,0.7846,0.0003,-0.0001,-0.0001,-0.0001,0,0,0,0,0,0,0,0,0,0,0,0,0,183.1917,341,53,60.7392,0,0,0,0,298.3917,1005,112,118.3375,36,41.65,47,39,23.67,23.68,23.63
2022-11-16 22:50:00,1.8374,5.1136,0.302,0.7823,120,99.7487,39.0185,120,78.5371,78.6767,78.3105,0.0813,120,26.2879,26.3097,26.2487,0.0128,120,1008.1532,1008.3254,1008.1057,0.0733,120,0,0,0,0,120,0,0,0,0,120,13.8713,14.2604,13.2775,0.2375,120,120,0,0,0,0,0,120,None,None,None,None,0,3.4692,3.4721,3.4684,0.0012,0.5629,0.5631,0.5625,0.0001,0.7854,0.7868,0.7831,0.0008,-0.0001,-0.0001,-0.0001,0,0,0,0,0,0,0,0,0,0,0,0,0,176.8917,533,10,85.028,0,0,0,0,301.25,946,2,135.5633,36,41.5833,47,39,23.67,23.68,23.63
2022-11-16 23:00:00,2.4707,4.442,0.7712,0.8711,120,104.0309,30.9241,120,78.4163,78.4936,78.2495,0.065,120,26.2524,26.2914,26.2273,0.019,120,1008.1089,1008.3071,1007.9226,0.0749,120,0,0,0,0,120,0,0,0,0,120,13.8181,14.2604,13.2775,0.1953,120,120,0,0,0,0,0,120,None,None,None,None,0,3.4685,3.4718,3.4654,0.0012,0.5625,0.5629,0.5623,0.0002,0.7842,0.7849,0.7825,0.0007,-0.0001,-0.0001,-0.0001,0,0,0,0,0,0,0,0,0,0,0,0,0,245.7333,460,61,94.6835,0,0,0,0,300.0167,712,82,92.5579,35.5,41.6167,47,39,23.67,23.68,23.63
2022-11-16 23:10:00,1.8693,4.5064,0.6332,0.7868,120,106.3696,38.7231,120,78.1002,78.28,78.0053,0.0763,120,26.2982,26.3128,26.2853,0.0059,120,1007.9525,1008.124,1007.9043,0.0646,120,0,0,0,0,120,0,0,0,0,120,13.8263,14.2604,13.2775,0.2313,120,120,0,0,0,0,0,120,None,None,None,None,0,3.4659,3.4687,3.4651,0.0011,0.563,0.5631,0.5628,0.0001,0.781,0.7828,0.7801,0.0008,-0.0001,-0.0001,-0.0001,0,0,0,0,0,0,0,0,0,0,0,0,0,180.3583,467,46,85.5261,0,0,0,0,313.4667,815,1,119.1719,35,41.65,47,39,23.67,23.68,23.63
2022-11-16 23:20:00,1.8479,4.0464,0.5412,0.6962,120,105.0369,28.9707,120,78.0966,78.1884,78.0053,0.0418,120,26.3074,26.3219,26.2883,0.0061,120,1007.862,1008.124,1007.7212,0.0917,120,0,0,0,0,120,0,0,0,0,120,13.8099,14.2604,13.2775,0.226,120,120,0,0,0,0,0,120,None,None,None,None,0,3.4644,3.4687,3.462,0.0015,0.5631,0.5632,0.5629,0.0001,0.781,0.7819,0.7801,0.0004,-0.0001,-0.0001,-0.0001,0,0,0,0,0,0,0,0,0,0,0,0,0,178.0333,417,36,75.6729,0,0,0,0,300.875,663,49,85.9173,35,41.7167,47,39,23.67,23.68,23.63
2022-11-16 23:30:00,1.8888,3.3748,0.6332,0.5855,120,114.295,32.0637,120,78.3408,78.5546,78.1579,0.1043,120,26.2934,26.3097,26.2761,0.0062,120,1007.7642,1007.9409,1007.5564,0.0679,120,0,0,0,0,120,0,0,0,0,120,13.859,14.2604,13.2775,0.2206,120,120,0,0,0,0,0,120,None,None,None,None,0,3.4627,3.4657,3.4593,0.0011,0.5629,0.5631,0.5628,0.0001,0.7834,0.7855,0.7816,0.001,-0.0001,-0.0001,-0.0001,0,0,0,0,0,0,0,0,0,0,0,0,0,182.4833,344,46,63.638,0,0,0,0,327.6417,597,76,92.9934,35,41.5167,47,39,23.67,23.68,23.63
2022-11-16 23:40:00,2.2043,4.6076,0.6792,0.8199,120,101.1331,28.4823,120,78.4814,78.5241,78.3715,0.032,120,26.3045,26.3158,26.2914,0.0051,120,1007.6722,1007.7578,1007.5381,0.0913,120,0,0,0,0,120,0,0,0,0,120,13.8877,14.2604,13.7689,0.2113,120,120,0,0,0,0,0,120,None,None,None,None,0,3.4612,3.4626,3.459,0.0015,0.5631,0.5632,0.5629,0.0001,0.7848,0.7852,0.7837,0.0003,-0.0001,-0.0001,-0.0001,0,0,0,0,0,0,0,0,0,0,0,0,0,216.7667,478,51,89.1202,0,0,0,0,289.8417,628,111,83.4361,35,41.75,47,39,23.67,23.68,23.63
2022-11-16 23:50:00,2.1284,4.0648,0.716,0.7539,120,99.5847,33.5491,120,78.2352,78.3715,78.1274,0.0729,120,26.2418,26.3036,26.1907,0.0341,120,1007.5663,1007.7578,1007.3733,0.0704,120,0,0,0,0,120,0,0,0,0,120,13.6133,13.7689,13.2775,0.2296,120,120,0,0,0,0,0,120,None,None,None,None,0,3.4594,3.4626,3.4562,0.0012,0.5624,0.563,0.5619,0.0003,0.7824,0.7837,0.7813,0.0007,-0.0001,-0.0001,-0.0001,0,0,0,0,0,0,0,0,0,0,0,0,0,208.5167,419,55,81.9476,0,0,0,0,299.8583,928,16,124.1899,35,41.8333,47,39,23.67,23.68,23.63
