datetime,Anemometer;wind_speed;Avg (m/s),Anemometer;wind_speed;Max (m/s),Anemometer;wind_speed;Min (m/s),Anemometer;wind_speed;StdDev (m/s),Anemometer;wind_speed;Count (),Wind Vane TMR;wind_direction;Avg (°),Wind Vane TMR;wind_direction;StdDev (°),Wind Vane TMR;wind_direction;Count (),Hygro/Thermo;humidity;Avg (%),Hygro/Thermo;humidity;Max (%),Hygro/Thermo;humidity;Min (%),Hygro/Thermo;humidity;StdDev (%),Hygro/Thermo;humidity;Count (),Hygro/Thermo;temperature;Avg (°C),Hygro/Thermo;temperature;Max (°C),Hygro/Thermo;temperature;Min (°C),Hygro/Thermo;temperature;StdDev (°C),Hygro/Thermo;temperature;Count (),Barometer;air_pressure;Avg (hPa),Barometer;air_pressure;Max (hPa),Barometer;air_pressure;Min (hPa),Barometer;air_pressure;StdDev (hPa),Barometer;air_pressure;Count (),DHI (Diffuse Horizontal Irradiance);solar_irradiance;Avg (W/m²),DHI (Diffuse Horizontal Irradiance);solar_irradiance;Max (W/m²),DHI (Diffuse Horizontal Irradiance);solar_irradiance;Min (W/m²),DHI (Diffuse Horizontal Irradiance);solar_irradiance;StdDev (W/m²),DHI (Diffuse Horizontal Irradiance);solar_irradiance;Count (),GHI (Global Horizontal Irradiance);solar_irradiance;Avg (W/m²),GHI (Global Horizontal Irradiance);solar_irradiance;Max (W/m²),GHI (Global Horizontal Irradiance);solar_irradiance;Min (W/m²),GHI (Global Horizontal Irradiance);solar_irradiance;StdDev (W/m²),GHI (Global Horizontal Irradiance);solar_irradiance;Count (),DNI (Direct Normal Irradiance) Pyrheliometer;solar_DNI;Avg (W/m²),DNI (Direct Normal Irradiance) Pyrheliometer;solar_DNI;Max (W/m²),DNI (Direct Normal Irradiance) Pyrheliometer;solar_DNI;Min (W/m²),DNI (Direct Normal Irradiance) Pyrheliometer;solar_DNI;StdDev (W/m²),DNI (Direct Normal Irradiance) Pyrheliometer;solar_DNI;Count (),Precipitation;precipitation;Count (),Precipitation;precipitation;Sum (mm),GTI (Global Tilt Irradiance) PV Cell;voltage;Avg (W/m2),GTI (Global Tilt Irradiance) PV Cell;voltage;Max (W/m2),GTI (Global Tilt Irradiance) PV Cell;voltage;Min (W/m2),GTI (Global Tilt Irradiance) PV Cell;voltage;StdDev (W/m2),GTI (Global Tilt Irradiance) PV Cell;voltage;Count (),Theta;other;Avg (°),Theta;other;Max (°),Theta;other;Min (°),Theta;other;StdDev (°),Theta;other;Count (),A1;channel;Avg (V),A1;channel;Max (V),A1;channel;Min (V),A1;channel;StdDev (V),A2;channel;Avg (V),A2;channel;Max (V),A2;channel;Min (V),A2;channel;StdDev (V),A3;channel;Avg (V),A3;channel;Max (V),A3;channel;Min (V),A3;channel;StdDev (V),A4;channel;Avg (V),A4;channel;Max (V),A4;channel;Min (V),A4;channel;StdDev (V),A5;channel;Avg (V),A5;channel;Max (V),A5;channel;Min (V),A5;channel;StdDev (V),A6;channel;Avg (V),A6;channel;Max (V),A6;channel;Min (V),A6;channel;StdDev (V),A7;channel;Avg (V),A7;channel;Max (V),A7;channel;Min (V),A7;channel;StdDev (V),C1;channel;Avg (I),C1;channel;Max (I),C1;channel;Min (I),C1;channel;StdDev (I),C2;channel;Avg (I),C2;channel;Max (I),C2;channel;Min (I),C2;channel;StdDev (I),D1;channel;Avg (),D1;channel;Max (),D1;channel;Min (),D1;channel;StdDev (),T;channel;Avg (°C),I;channel;Avg (mA),I;channel;Max (mA),I;channel;Min (mA),V;channel;Avg (V),V;channel;Max (V),V;channel;Min (V)
2022-11-14 00:00:00,2.6529,4.4788,0.946,0.8523,120,98.2714,28.5366,120,84.7201,84.9635,84.5973,0.0961,120,25.7147,25.7604,25.678,0.0233,120,1007.3701,1007.5564,1007.1718,0.0508,120,4.9423,6.0079,3.3646,0.5219,120,0,0,0,0,120,13.6584,14.2604,13.2775,0.2338,120,120,0,0,0,0,0,120,None,None,None,None,0,3.4562,3.4593,3.4529,0.0008,0.5572,0.5576,0.5568,0.0002,0.8472,0.8496,0.846,0.001,-0.0001,-0.0001,-0.0001,0,0.0001,0.0001,0,0,0,0,0,0,0,0,0,0,265.5333,464,80,92.6424,0,0,0,0,285.8833,927,107,96.6516,35,47.9333,53,43,23.66,23.68,23.63
2022-11-14 00:10:00,1.7773,3.844,0.4308,0.7819,120,95.422,41.8494,120,84.8824,84.994,84.7499,0.0659,120,25.6493,25.7054,25.5895,0.0327,120,1007.2744,1007.4099,1007.1718,0.0955,120,3.6165,4.5661,2.163,0.5918,120,0,0,0,0,120,13.6338,14.2604,13.2775,0.2294,120,120,0,0,0,0,0,120,None,None,None,None,0,3.4546,3.4568,3.4529,0.0016,0.5565,0.5571,0.5559,0.0003,0.8488,0.8499,0.8475,0.0007,-0.0001,-0.0001,-0.0001,0,0,0.0001,0,0,0,0,0,0,0,0,0,0,170.3583,395,24,84.9891,0,0,0,0,289.475,832,62,133.92,35,45.4333,49,41,23.67,23.68,23.63
2022-11-14 00:20:00,2.271,4.2212,0.2928,0.8725,120,96.6602,38.1758,120,85.0149,85.1161,84.8109,0.07,120,25.5668,25.5895,25.5528,0.0081,120,1007.2625,1007.3916,1007.1718,0.0919,120,3.4083,4.3252,1.922,0.577,120,0,0,0,0,120,13.6256,14.2604,13.2775,0.25,120,120,0,0,0,0,0,120,None,None,None,None,0,3.4544,3.4565,3.4529,0.0015,0.5557,0.5559,0.5555,0.0001,0.8501,0.8512,0.8481,0.0007,-0.0001,-0.0001,-0.0001,0,0,0.0001,0,0,0,0,0,0,0,0,0,0,224.025,436,9,94.8334,0,0,0,0,292.75,796,38,125.2048,35,44.7667,47,41,23.67,23.68,23.63
2022-11-14 00:30:00,1.8799,3.9728,0.4124,0.8104,120,95.7039,43.1878,120,85.2163,85.2992,85.0856,0.0691,120,25.5506,25.565,25.5345,0.0061,120,1007.1955,1007.3916,1006.9887,0.0612,120,0.9111,3.1236,0,0.9151,120,0,0,0,0,120,13.6092,13.7689,13.2775,0.2312,120,120,0,0,0,0,0,120,None,None,None,None,0,3.4533,3.4565,3.4498,0.001,0.5555,0.5556,0.5554,0.0001,0.8522,0.853,0.8509,0.0007,-0.0001,-0.0001,-0.0001,0,0,0,0,0,0,0,0,0,0,0,0,0,181.5083,409,22,88.084,0,0,0,0,290.1833,813,11,136.7065,35,44.7833,47,41,23.66,23.68,23.63
2022-11-14 00:40:00,2.0092,3.5036,0.762,0.6921,120,94.8202,34.1517,120,85.2496,85.3603,85.0551,0.0792,120,25.4642,25.5345,25.4155,0.039,120,1007.0482,1007.2085,1006.9704,0.0854,120,0.002,0.2402,0,0.0219,120,0,0,0,0,120,13.6092,13.7689,13.2775,0.2312,120,120,0,0,0,0,0,120,None,None,None,None,0,3.4508,3.4535,3.4495,0.0014,0.5546,0.5554,0.5542,0.0004,0.8525,0.8536,0.8506,0.0008,-0.0001,-0.0001,-0.0001,0,0,0,0,0,0,0,0,0,0,0,0,0,195.5667,358,60,75.2298,0,0,0,0,283.8,974,61,120.7082,35,44.8667,49,41,23.66,23.68,23.63
2022-11-14 00:50:00,1.3463,2.6664,0.3296,0.518,120,95.8196,39.1718,120,85.3254,85.4213,85.2687,0.0378,120,25.3781,25.4277,25.3117,0.0348,120,1006.9958,1007.0071,1006.7873,0.0217,120,0,0,0,0,120,0,0,0,0,120,13.5232,13.7689,12.786,0.2549,120,120,0,0,0,0,0,120,None,None,None,None,0,3.4499,3.4501,3.4465,0.0004,0.5538,0.5543,0.5531,0.0003,0.8533,0.8542,0.8527,0.0004,-0.0001,-0.0001,-0.0001,0,0,0,0,0,0,0,0,0,0,0,0,0,123.5083,267,13,56.3039,0,0,0,0,288.625,1002,22,131.9838,35,44.7333,47,41,23.66,23.68,23.63
2022-11-14 01:00:00,1.0943,2.4548,0.4768,0.3964,120,90.922,28.5363,120,85.3704,85.4518,85.2687,0.048,120,25.2554,25.3209,25.211,0.0325,120,1006.9227,1007.0071,1006.7873,0.093,120,0,0,0,0,120,0,0,0,0,120,13.4782,13.7689,13.2775,0.2426,120,120,0,0,0,0,0,120,None,None,None,None,0,3.4487,3.4501,3.4465,0.0015,0.5525,0.5532,0.5521,0.0003,0.8537,0.8545,0.8527,0.0005,-0.0001,-0.0001,-0.0001,0,0,0,0,0,0,0,0,0,0,0,0,0,96.1167,244,29,43.0835,0,0,0,0,262.0917,655,72,84.9005,35,44.7833,47,41,23.66,23.68,23.63
2022-11-14 01:10:00,1.3051,2.4456,0.5412,0.4563,120,83.3023,31.6044,120,85.5159,85.5739,85.4213,0.0334,120,25.2336,25.2782,25.1988,0.025,120,1006.8226,1007.0071,1006.6225,0.0685,120,0,0,0,0,120,0,0,0,0,120,13.601,13.7689,13.2775,0.2341,120,120,0,0,0,0,0,120,None,None,None,None,0,3.447,3.4501,3.4437,0.0011,0.5523,0.5528,0.552,0.0003,0.8552,0.8557,0.8542,0.0003,-0.0001,-0.0001,-0.0001,0,0,0,0,0,0,0,0,0,0,0,0,0,119.0333,243,36,49.5994,0,0,0,0,245.9583,975,7,112.1543,35,44.85,47,41,23.66,23.68,23.63
2022-11-14 01:20:00,0.9847,2.1052,0.2376,0.3981,120,81.0646,36.2237,120,85.5935,85.7875,85.4213,0.1038,120,25.3408,25.385,25.2721,0.0369,120,1006.7096,1006.8056,1006.5859,0.0959,120,0,0,0,0,120,0,0,0,0,120,13.5683,13.7689,13.2775,0.2426,120,120,0,0,0,0,0,120,None,None,None,None,0,3.4452,3.4468,3.4431,0.0016,0.5534,0.5538,0.5527,0.0004,0.8559,0.8579,0.8542,0.001,-0.0001,-0.0001,-0.0001,0,0,0,0,0,0,0,0,0,0,0,0,0,84.2083,206,3,43.2689,0,0,0,0,237.575,565,62,106.229,35,44.75,47,41,23.66,23.68,23.63
2022-11-14 01:30:00,0.5149,1.82,0,0.3457,120,93.0664,54.1591,120,85.5566,85.6655,85.4518,0.0468,120,25.3759,25.388,25.3575,0.0067,120,1006.6141,1006.8056,1006.4028,0.0579,120,0,0,0,0,120,0,0,0,0,120,13.4863,13.7689,13.2775,0.244,120,120,0,0,0,0,0,120,None,None,None,None,0,3.4436,3.4468,3.44,0.001,0.5538,0.5539,0.5536,0.0001,0.8556,0.8567,0.8545,0.0005,-0.0001,-0.0001,-0.0001,0,0,0,0,0,0,0,0,0,0,0,0,0,35.8,175,0,34.1378,0,0,0,0,307.0583,948,28,182.7714,34.6,44.8333,47,41,23.66,23.68,23.63
2022-11-14 01:40:00,0.2643,0.9276,0,0.2777,120,48.3537,66.6651,120,85.6156,85.7875,85.4823,0.1132,120,25.3384,25.3697,25.3148,0.0142,120,1006.6524,1006.8056,1006.5859,0.0855,120,0,0,0,0,120,0,0,0,0,120,13.5068,13.7689,12.786,0.2543,120,120,0,0,0,0,0,120,None,None,None,None,0,3.4442,3.4468,3.4431,0.0014,0.5534,0.5537,0.5532,0.0001,0.8562,0.8579,0.8548,0.0011,-0.0001,-0.0001,-0.0001,0,0,0,0,0,0,0,0,0,0,0,0,0,15.4167,78,0,22.0871,0,0,0,0,363.6333,1022,23,302.711,34,44.6667,47,41,23.66,23.68,23.63
2022-11-14 01:50:00,0.4257,1.1668,0,0.2745,120,154.4179,74.316,120,85.8257,86.0622,85.6349,0.0985,120,25.3026,25.3301,25.266,0.0188,120,1006.6062,1006.8056,1006.5859,0.0406,120,0.008,0.2402,0,0.0433,120,0,0,0,0,120,13.6379,14.2604,13.2775,0.2274,120,120,0,0,0,0,0,120,None,None,None,None,0,3.4434,3.4468,3.4431,0.0007,0.553,0.5533,0.5527,0.0002,0.8583,0.8606,0.8563,0.001,-0.0001,-0.0001,-0.0001,0,0,0,0,0,0,0,0,0,0,0,0,0,28.5833,104,0,22.4209,0,0,0,0,452.2583,982,0,213.746,34,44.7,47,41,23.66,23.68,23.63
2022-11-14 02:00:00,1.0372,3.0252,0.348,0.5561,120,84.5022,42.2705,120,86.2629,86.3674,86.0622,0.0664,120,25.35,25.3972,25.2721,0.0391,120,1006.5383,1006.6225,1006.3845,0.087,120,0.2622,0.7213,0,0.1994,120,0,0,0,0,120,13.773,14.2604,13.2775,0.2064,120,120,0,0,0,0,0,120,None,None,None,None,0,3.4423,3.4437,3.4397,0.0014,0.5535,0.554,0.5527,0.0004,0.8626,0.8637,0.8606,0.0007,-0.0001,-0.0001,-0.0001,0,0,0,0,0,0,0,0,0,0,0,0,0,89.9167,306,15,60.4502,0,0,0,0,262.5583,998,1,150.1743,34,44.85,47,41,23.65,23.68,23.63
2022-11-14 02:10:00,1.5047,3.6232,0.5504,0.6569,120,67.7073,45.3525,120,86.3018,86.3674,86.2148,0.0368,120,25.4836,25.5681,25.3911,0.0568,120,1006.5409,1006.6225,1006.3845,0.0847,120,0.0961,0.7213,0,0.1879,120,0,0,0,0,120,13.5355,14.2604,13.2775,0.2847,120,120,0,0,0,0,0,120,None,None,None,None,0,3.4423,3.4437,3.4397,0.0014,0.5548,0.5557,0.5539,0.0006,0.863,0.8637,0.8621,0.0004,-0.0001,-0.0001,-0.0001,0,0,0,0,0,0,0,0,0,0,0,0,0,140.725,371,37,71.4003,0,0,0,0,261.175,1020,0,206.7795,34,44.8,47,41,23.65,23.68,23.63
2022-11-14 02:20:00,1.6375,3.5036,0.4952,0.6509,120,78.2923,44.8307,120,86.344,86.4284,86.1538,0.0645,120,25.6289,25.6841,25.565,0.0382,120,1006.5304,1006.6225,1006.3845,0.0898,120,0,0,0,0,120,0,0,0,0,120,13.773,14.2604,13.2775,0.216,120,120,0,0,0,0,0,120,None,None,None,None,0,3.4422,3.4437,3.4397,0.0015,0.5563,0.5568,0.5556,0.0004,0.8634,0.8643,0.8615,0.0006,-0.0001,-0.0001,-0.0001,0,0,0,0,0,0,0,0,0,0,0,0,0,155.1667,358,31,70.7492,0,0,0,0,250.825,1019,7,159.7481,34,44.8667,47,41,23.65,23.68,23.63
2022-11-14 02:30:00,1.8485,4.1016,0.7068,0.747,120,85.5018,35.2106,120,86.0192,86.2758,85.6044,0.198,120,25.6644,25.6932,25.6017,0.0282,120,1006.5296,1006.6225,1006.3845,0.0915,120,0,0,0,0,120,0,0,0,0,120,13.6665,14.2604,13.2775,0.254,120,120,0,0,0,0,0,120,None,None,None,None,0,3.4422,3.4437,3.4397,0.0015,0.5566,0.5569,0.556,0.0003,0.8602,0.8628,0.856,0.002,-0.0001,-0.0001,-0.0001,0,0,0,0,0,0,0,0,0,0,0,0,0,178.1,423,54,81.1968,0,0,0,0,263.675,1020,77,134.5521,34,45.0167,49,41,23.65,23.68,23.63
2022-11-14 02:40:00,1.9266,4.5616,0.256,0.9914,120,84.0232,38.7357,120,85.7265,85.9096,85.5739,0.0758,120,25.596,25.6383,25.5711,0.0159,120,1006.4858,1006.6042,1006.3845,0.0943,120,0,0,0,0,120,0,0,0,0,120,13.5764,14.2604,13.2775,0.2492,120,120,0,0,0,0,0,120,None,None,None,None,0,3.4414,3.4434,3.4397,0.0016,0.556,0.5564,0.5557,0.0002,0.8573,0.8591,0.8557,0.0008,-0.0001,-0.0001,-0.0001,0,0,0,0,0,0,0,0,0,0,0,0,0,186.5833,473,5,107.7598,0,0,0,0,260.7667,993,75,136.601,34,44.8333,47,41,23.65,23.68,23.63
2022-11-14 02:50:00,1.8057,3.6692,0.5044,0.757,120,84.991,39.2065,120,85.3341,85.7265,85.1161,0.1964,120,25.6415,25.6749,25.6108,0.0184,120,1006.554,1006.6042,1006.3845,0.0773,120,0,0,0,0,120,0,0,0,0,120,13.5601,14.2604,13.2775,0.2601,120,120,0,0,0,0,0,120,None,None,None,None,0,3.4426,3.4434,3.4397,0.0013,0.5564,0.5567,0.5561,0.0002,0.8533,0.8573,0.8512,0.002,-0.0001,-0.0001,-0.0001,0,0,0,0,0,0,0,0,0,0,0,0,0,173.4417,376,32,82.2779,0,0,0,0,255.4833,911,9,129.4918,34,44.7167,47,41,23.65,23.68,23.63
2022-11-14 03:00:00,1.5778,3.292,0.5596,0.6334,120,99.546,34.9346,120,84.7064,85.1161,84.4447,0.1831,120,25.617,25.6444,25.5925,0.0153,120,1006.5563,1006.6225,1006.3845,0.076,120,0,0,0,0,120,0,0,0,0,120,13.5109,14.2604,13.2775,0.2546,120,120,0,0,0,0,0,120,None,None,None,None,0,3.4426,3.4437,3.4397,0.0013,0.5562,0.5564,0.5559,0.0001,0.8471,0.8512,0.8444,0.0018,-0.0001,-0.0001,-0.0001,0,0,0,0,0,0,0,0,0,0,0,0,0,148.675,335,38,68.8522,0,0,0,0,294.3,942,13,119.269,34,44.9333,49,41,23.65,23.68,23.63
2022-11-14 03:10:00,1.6493,3.6876,0.4032,0.7002,120,77.5173,32.1119,120,84.238,84.4752,84.0175,0.1245,120,25.6107,25.6322,25.5803,0.0109,120,1006.5922,1006.7873,1006.3845,0.0513,120,0,0,0,0,120,0,0,0,0,120,13.5764,13.7689,13.2775,0.2409,120,120,0,0,0,0,0,120,None,None,None,None,0,3.4432,3.4465,3.4397,0.0009,0.5561,0.5563,0.5558,0.0001,0.8424,0.8448,0.8402,0.0012,-0.0001,-0.0001,-0.0001,0,0,0,0,0,0,0,0,0,0,0,0,0,156.4417,378,21,76.1076,0,0,0,0,230.3083,1008,0,115.5683,34,45.1,47,41,23.65,23.68,23.63
2022-11-14 03:20:00,1.4454,3.7152,0.486,0.685,120,81.9516,39.2678,120,83.7662,84.1395,83.5902,0.1683,120,25.636,25.6658,25.62,0.0107,120,1006.6645,1006.9704,1006.5859,0.1015,120,0,0,0,0,120,0,0,0,0,120,13.5519,13.7689,13.2775,0.2451,120,120,0,0,0,0,0,120,None,None,None,None,0,3.4444,3.4495,3.4431,0.0017,0.5564,0.5567,0.5562,0.0001,0.8377,0.8414,0.8359,0.0017,-0.0001,-0.0001,-0.0001,0,0,0,0,0,0,0,0,0,0,0,0,0,134.2833,381,30,74.4616,0,0,0,0,244.0417,948,5,127.9636,34,44.8333,47,41,23.65,23.68,23.63
2022-11-14 03:30:00,1.2619,2.97,0.3572,0.5573,120,85.0114,42.2782,120,83.4989,83.6207,83.4071,0.0687,120,25.6377,25.6505,25.623,0.0066,120,1006.8859,1006.9887,1006.769,0.0981,120,0,0,0,0,120,0,0,0,0,120,13.5519,13.7689,13.2775,0.2451,120,120,0,0,0,0,0,120,None,None,None,None,0,3.4481,3.4498,3.4462,0.0016,0.5564,0.5565,0.5562,0.0001,0.835,0.8362,0.8341,0.0007,-0.0001,-0.0001,-0.0001,0,0,0,0,0,0,0,0,0,0,0,0,0,114.3333,300,16,60.5747,0,0,0,0,271.55,964,11,157.9808,34,44.9333,47,41,23.65,23.68,23.63
2022-11-14 03:40:00,1.7454,4.6444,0,0.9643,120,78.5933,49.3332,120,83.2626,83.4071,83.1324,0.0926,120,25.6488,25.6688,25.6322,0.0076,120,1006.9486,1006.9887,1006.769,0.0709,120,0,0,0,0,120,0,0,0,0,120,13.6461,14.2604,13.2775,0.2568,120,120,0,0,0,0,0,120,None,None,None,None,0,3.4491,3.4498,3.4462,0.0012,0.5565,0.5567,0.5563,0.0001,0.8326,0.8341,0.8313,0.0009,-0.0001,-0.0001,-0.0001,0,0,0,0,0,0,0,0,0,0,0,0,0,167.0833,482,0,104.4865,0,0,0,0,280.6667,1014,31,192.7359,34,44.85,47,41,23.65,23.68,23.63
2022-11-14 03:50:00,1.7654,3.7336,0.2376,0.7805,120,81.2277,39.3268,120,83.1617,83.2545,83.0714,0.0434,120,25.7027,25.7695,25.6413,0.0375,120,1007.0295,1007.1902,1006.769,0.1026,120,0,0,0,0,120,0,0,0,0,120,13.7198,14.2604,13.2775,0.2244,120,120,0,0,0,0,0,120,None,None,None,None,0,3.4505,3.4532,3.4462,0.0017,0.557,0.5577,0.5564,0.0004,0.8316,0.8325,0.8307,0.0004,-0.0001,-0.0001,-0.0001,0,0,0,0,0,0,0,0,0,0,0,0,0,169.0667,383,3,84.8341,0,0,0,0,249.9917,982,42,134.1509,34,44.95,47,41,23.65,23.68,23.63
2022-11-14 04:00:00,1.5746,3.0896,0.3848,0.5443,120,80.8913,50.886,120,82.8295,83.0714,82.6441,0.1302,120,25.7724,25.8031,25.7421,0.0145,120,1007.2629,1007.3733,1007.1535,0.0943,120,0,0,0,0,120,0,0,0,0,120,13.5805,14.2604,13.2775,0.2483,120,120,0,0,0,0,0,120,None,None,None,None,0,3.4544,3.4562,3.4526,0.0016,0.5577,0.558,0.5574,0.0001,0.8283,0.8307,0.8264,0.0013,-0.0001,-0.0001,-0.0001,0,0,0,0,0,0,0,0,0,0,0,0,0,148.325,313,19,59.1638,0,0,0,0,284.2583,966,12,189.6602,34,44.9,47,41,23.65,23.68,23.63
2022-11-14 04:10:00,1.6652,4.258,0.5044,0.7123,120,76.8861,35.2682,120,82.711,82.8578,82.5526,0.0893,120,25.8061,25.8428,25.7543,0.026,120,1007.353,1007.5381,1007.1535,0.0807,120,0,0,0,0,120,0,0,0,0,120,13.6379,14.2604,13.2775,0.2361,120,120,0,0,0,0,0,120,None,None,None,None,0,3.4559,3.459,3.4526,0.0013,0.5581,0.5584,0.5575,0.0003,0.8271,0.8286,0.8255,0.0009,-0.0001,-0.0001,-0.0001,0,0,0,0,0,0,0,0,0,0,0,0,0,158.175,440,32,77.4201,0,0,0,0,251.8667,1021,82,148.5929,34,44.85,47,39,23.65,23.68,23.63
2022-11-14 04:20:00,1.7751,3.4208,0.578,0.619,120,83.8948,34.7511,120,82.4501,82.6136,82.3389,0.0744,120,25.8136,25.8428,25.7787,0.019,120,1007.4807,1007.7029,1007.3366,0.0929,120,0,0,0,0,120,0,0,0,0,120,13.5437,14.2604,13.2775,0.254,120,120,0,0,0,0,0,120,None,None,None,None,0,3.458,3.4617,3.4556,0.0015,0.5581,0.5584,0.5578,0.0002,0.8245,0.8261,0.8234,0.0007,-0.0001,-0.0001,-0.0001,0,0,0,0,0,0,0,0,0,0,0,0,0,170.1167,349,40,67.2859,0,0,0,0,255.2417,899,36,124.3279,34,44.85,49,41,23.65,23.68,23.63
2022-11-14 04:30:00,1.7457,3.476,0.532,0.6124,120,84.7064,28.6201,120,82.343,82.461,82.1863,0.0805,120,25.8042,25.8214,25.7817,0.0102,120,1007.6566,1007.886,1007.4099,0.0934,120,0.022,0.2402,0,0.0696,120,0,0,0,0,120,13.6092,14.2604,13.2775,0.2398,120,120,0,0.0712,0.3052,0,0.1296,120,None,None,None,None,0,3.4609,3.4648,3.4568,0.0016,0.558,0.5582,0.5578,0.0001,0.8234,0.8246,0.8219,0.0008,-0.0001,-0.0001,-0.0001,0,0,0,0,0,0,0,0,0,0.0001,0.0003,0,0.0001,166.925,355,35,66.5608,0,0,0,0,241.475,538,79,82.551,34,44.95,49,41,23.65,23.68,23.63
2022-11-14 04:40:00,1.1743,3.614,0,0.6818,120,89.1317,49.5594,120,82.1693,82.3084,82.1253,0.0489,120,25.821,25.8397,25.8122,0.0061,120,1007.7868,1007.9043,1007.6846,0.0948,120,1.1093,2.163,0,0.6431,120,0.9311,2.1981,0,0.6247,120,13.5232,14.2604,13.2775,0.2549,120,120,0,1.6709,3.0518,0.3052,0.8001,120,None,None,None,None,0,3.4631,3.4651,3.4614,0.0016,0.5582,0.5584,0.5581,0.0001,0.8217,0.8231,0.8213,0.0005,-0.0001,-0.0001,-0.0001,0,0,0,0,0,0,0,0,0,0.0017,0.0031,0.0003,0.0008,105.0083,370,0,73.8109,0,0,0,0,296.5333,902,28,173.6391,34,44.6833,49,41,23.65,23.68,23.63
2022-11-14 04:50:00,1.3372,3.1172,0.3388,0.5748,120,79.6328,35.3892,120,82.0719,82.1253,82.0032,0.0294,120,25.8361,25.8489,25.8183,0.0059,120,1007.8275,1007.886,1007.6846,0.0872,120,4.5738,7.6898,1.922,1.8026,120,4.4178,7.3277,1.8319,1.5277,120,13.6584,14.2604,13.2775,0.2662,120,120,0,5.0635,7.9348,3.0518,1.4013,120,89.24,89.86,88.59,0.44,77,3.4638,3.4648,3.4614,0.0015,0.5584,0.5585,0.5582,0.0001,0.8207,0.8213,0.82,0.0003,-0.0001,-0.0001,-0.0001,0,0.0001,0.0001,0,0,0,0.0001,0,0,0.0051,0.0079,0.0031,0.0014,122.5167,316,14,62.4788,0,0,0,0,251.7083,1001,42,143.415,34,44.95,47,41,23.65,23.68,23.63
2022-11-14 05:00:00,1.2573,3.154,0.348,0.5114,120,77.9274,35.0441,120,82.0518,82.1253,81.9422,0.0341,120,25.848,25.8611,25.8275,0.0066,120,1007.7763,1007.9043,1007.6662,0.0953,120,13.1827,20.6661,7.6898,3.9161,120,12.8198,20.5162,7.3277,3.9819,120,13.9124,14.7535,13.2775,0.3017,120,120,0,12.6245,19.837,7.6296,3.8727,120,87.3,88.59,86.03,0.69,120,3.4629,3.4651,3.4611,0.0016,0.5585,0.5586,0.5583,0.0001,0.8205,0.8213,0.8194,0.0003,-0.0001,-0.0001,-0.0001,0,0.0002,0.0003,0.0001,0.0001,0.0001,0.0002,0.0001,0,0.0126,0.0198,0.0076,0.0039,113.8333,320,15,55.591,0,0,0,0,238.2,1020,3,130.8448,34,44.85,49,41,23.65,23.68,23.63
2022-11-14 05:10:00,1.4334,2.97,0.3572,0.6066,120,73.2582,35.2917,120,82.0139,82.1253,81.8812,0.0582,120,25.8407,25.8702,25.8183,0.012,120,1007.7438,1007.886,1007.6662,0.0838,120,24.0063,30.0378,20.9063,2.2168,120,23.7957,30.042,20.5162,2.3652,120,13.8181,14.2604,13.2775,0.1847,120,120,0,22.5862,28.077,20.1422,2.1123,120,84.94,86.03,83.73,0.69,120,3.4624,3.4648,3.4611,0.0014,0.5584,0.5587,0.5582,0.0001,0.8201,0.8213,0.8188,0.0006,-0.0001,-0.0001,-0.0001,0,0.0003,0.0004,0.0003,0,0.0002,0.0003,0.0002,0,0.0226,0.0281,0.0201,0.0021,132.975,300,16,65.9313,0,0,0,0,227.4667,846,14,127.4229,34,44.7333,47,41,23.65,23.68,23.63
2022-11-14 05:20:00,1.9417,4.4144,0.3572,0.8323,120,74.9616,42.5417,120,81.928,82.0032,81.8201,0.0401,120,25.8693,25.8946,25.8489,0.0095,120,1007.8431,1007.9043,1007.6846,0.0768,120,35.1824,48.0606,30.0378,5.2706,120,35.1013,48.7275,30.042,5.3412,120,14.9006,16.2278,13.7689,0.5545,120,120,0,31.2764,43.0311,27.7718,4.2184,120,82.58,83.73,81.42,0.69,120,3.4641,3.4651,3.4614,0.0013,0.5587,0.5589,0.5585,0.0001,0.8193,0.82,0.8182,0.0004,-0.0001,-0.0001,-0.0001,0,0.0004,0.0006,0.0004,0.0001,0.0003,0.0004,0.0003,0,0.0313,0.043,0.0278,0.0042,188.225,457,16,90.463,0,0,0,0,268.2417,991,3,185.4387,34,44.8667,47,41,23.65,23.68,23.63
2022-11-14 05:30:00,1.9432,3.2828,0.5872,0.6742,120,65.2922,30.1163,120,81.7667,81.9727,81.6065,0.0959,120,25.94,25.9923,25.8885,0.0272,120,1007.9598,1008.0874,1007.8677,0.0937,120,48.0726,55.9906,43.2543,4.3699,120,49.2309,57.1537,44.3301,4.2538,120,19.8015,23.1131,16.2278,1.8618,120,120,0,40.8999,49.44,35.7067,4.9009,120,80.21,81.42,79.11,0.69,120,3.466,3.4681,3.4645,0.0016,0.5594,0.5599,0.5589,0.0003,0.8177,0.8197,0.8161,0.001,-0.0001,-0.0001,-0.0001,0,0.0006,0.0007,0.0005,0.0001,0.0004,0.0005,0.0004,0,0.0409,0.0494,0.0357,0.0049,188.3917,334,41,73.2844,0,0,0,0,208.7417,937,42,128.4583,34,44.8667,47,41,23.65,23.68,23.63
2022-11-14 05:40:00,1.4194,3.66,0.3572,0.5888,120,75.6595,39.6672,120,81.399,81.6675,81.1182,0.1385,120,26.0217,26.035,25.9893,0.0113,120,1008.0963,1008.2888,1007.8677,0.0666,120,63.8365,86.5094,47.5803,11.4717,120,63.8886,85.3637,47.994,11.1405,120,14.7897,16.7193,13.7689,0.6693,120,120,0,53.176,74.16,38.7585,10.6663,120,77.84,79.11,76.55,0.69,120,3.4683,3.4715,3.4645,0.0011,0.5602,0.5604,0.5599,0.0001,0.814,0.8167,0.8112,0.0014,-0.0001,-0.0001,-0.0001,0,0.0008,0.0011,0.0006,0.0001,0.0005,0.0007,0.0004,0.0001,0.0532,0.0742,0.0388,0.0107,131.4583,375,16,63.9975,0,0,0,0,242.975,994,13,154.3999,34,44.9167,49,41,23.66,23.68,23.63
2022-11-14 05:50:00,1.4651,2.9792,0.394,0.659,120,79.7393,33.2719,120,81.2265,81.3623,81.0877,0.0729,120,26.1007,26.2243,26.0076,0.0642,120,1008.2171,1008.4536,1008.0508,0.1061,120,117.246,144.422,86.5094,16.6867,120,117.9188,149.1116,86.096,18.052,120,19.3631,31.9642,14.2604,5.0745,120,120,0,104.0961,130.9244,74.7703,15.9358,120,75.47,76.55,74.23,0.69,120,3.4703,3.4742,3.4675,0.0018,0.561,0.5622,0.5601,0.0006,0.8123,0.8136,0.8109,0.0007,-0.0001,-0.0001,-0.0002,0,0.0015,0.0018,0.0011,0.0002,0.001,0.0012,0.0007,0.0001,0.1041,0.1309,0.0748,0.0159,136.425,301,20,71.6336,0,0,0,0,230.3417,650,11,99.3716,34,44.6333,47,41,23.65,23.68,23.63
2022-11-14 06:00:00,1.5313,3.062,0.4308,0.5661,120,80.8839,40.0666,120,80.8786,81.1182,80.6299,0.1032,120,26.3153,26.4287,26.2182,0.0612,120,1008.4205,1008.6184,1008.2339,0.0695,120,141.863,145.1433,138.174,2.3219,120,142.2824,150.9436,137.7551,3.4383,120,16.7442,36.882,14.2604,5.1443,120,120,0,126.4992,132.4503,122.6844,2.6985,120,73.09,74.23,71.92,0.69,120,3.4737,3.477,3.4706,0.0012,0.5632,0.5643,0.5622,0.0006,0.8088,0.8112,0.8063,0.001,-0.0001,-0.0001,-0.0002,0,0.0018,0.0018,0.0018,0,0.0012,0.0013,0.0011,0,0.1265,0.1325,0.1227,0.0027,143.625,310,24,61.5373,0,0,0,0,246.7417,1022,12,135.7513,34,44.7167,49,41,23.65,23.68,23.63
2022-11-14 06:10:00,1.7713,4.534,0.7712,0.7285,120,73.1357,36.4725,120,80.4407,80.6604,80.2026,0.1273,120,26.4876,26.5783,26.4257,0.0342,120,1008.4451,1008.6367,1008.2705,0.035,120,171.3342,232.3732,137.4535,33.2075,120,194.8838,466.3878,137.7551,77.5996,120,79.0215,636.8273,14.7535,136.824,120,120,0,167.4474,359.8132,121.1585,58.4749,120,70.72,71.92,69.6,0.69,120,3.4741,3.4773,3.4712,0.0006,0.5649,0.5658,0.5643,0.0003,0.8044,0.8066,0.802,0.0013,-0.0005,-0.0001,-0.004,0.0008,0.0022,0.003,0.0017,0.0004,0.0016,0.0039,0.0011,0.0006,0.1674,0.3598,0.1212,0.0585,169.7083,470,61,79.1811,0,0,0,0,249.5,1020,0,170.3778,34,44.7833,47,41,23.65,23.68,23.63
2022-11-14 06:20:00,1.7948,4.1752,0.4216,0.8402,120,76.388,37.5009,120,79.8919,80.5383,79.2871,0.3583,120,26.7599,26.8438,26.5813,0.0752,120,1008.4535,1008.6367,1008.417,0.0487,120,186.5574,229.9701,151.6315,28.0854,120,190.011,240.7047,154.2413,25.7883,120,22.9489,42.2913,14.2604,7.8381,120,120,0,168.3859,210.5777,134.2814,24.2087,120,68.35,69.6,67.29,0.69,120,3.4742,3.4773,3.4736,0.0008,0.5676,0.5684,0.5658,0.0008,0.7989,0.8054,0.7929,0.0036,-0.0001,-0.0001,-0.0003,0,0.0024,0.0029,0.0019,0.0004,0.0016,0.002,0.0013,0.0002,0.1684,0.2106,0.1343,0.0242,172.2583,431,23,91.3252,0,0,0,0,228.45,855,10,120.2044,34,44.6333,47,41,23.65,23.68,23.63
2022-11-14 06:30:00,2.0064,3.4576,0.2836,0.7313,120,68.341,34.7937,120,79.1981,79.5007,78.8293,0.171,120,26.825,26.8499,26.8041,0.0091,120,1008.6157,1008.8382,1008.4353,0.0873,120,162.2587,180.948,143.2205,11.1124,120,176.1348,417.2941,143.617,44.4487,120,46.0037,641.252,13.7689,106.4494,120,120,0,155.0467,326.2429,127.8726,31.6593,120,65.97,67.03,64.72,0.69,120,3.4769,3.4806,3.4739,0.0015,0.5683,0.5685,0.568,0.0001,0.792,0.795,0.7883,0.0017,-0.0003,-0.0001,-0.004,0.0007,0.0021,0.0023,0.0018,0.0001,0.0015,0.0035,0.0012,0.0004,0.155,0.3262,0.1279,0.0317,195.2583,353,8,79.4925,0,0,0,0,211.675,934,26,124.4663,34,44.75,49,41,23.65,23.68,23.63
2022-11-14 06:40:00,2.1793,3.8532,0.7988,0.7682,120,68.544,33.338,120,78.898,79.1955,78.7072,0.0966,120,26.7931,26.8316,26.7614,0.0221,120,1008.6595,1008.8382,1008.4353,0.0785,120,194.2771,267.9378,124.4772,57.0805,120,204.8978,390.9148,124.9316,72.6528,120,36.0375,259.6487,13.2775,51.5506,120,120,0,187.8033,345.1643,111.0874,66.6972,120,63.6,64.72,62.4,0.69,120,3.4777,3.4806,3.4739,0.0013,0.5679,0.5683,0.5676,0.0002,0.789,0.792,0.7871,0.001,-0.0002,-0.0001,-0.0016,0.0003,0.0025,0.0034,0.0016,0.0007,0.0017,0.0033,0.001,0.0006,0.1878,0.3452,0.1111,0.0667,214.0583,396,64,83.5048,0,0,0,0,227.1833,1006,24,151.6241,34,44.7833,47,41,23.65,23.68,23.63
2022-11-14 06:50:00,2.0863,4.028,0.6976,0.7078,120,90.3587,34.945,120,78.7988,79.104,78.28,0.2404,120,27.0172,27.1703,26.8285,0.1152,120,1008.8311,1009.0213,1008.6367,0.0651,120,237.2513,260.0079,207.3819,20.9306,120,285.4348,634.551,208.8307,105.9591,120,108.3138,756.816,13.7689,188.1152,120,120,0,254.1505,528.2754,190.1303,84.3238,120,61.22,62.4,60.09,0.7,120,3.4805,3.4837,3.4773,0.0011,0.5702,0.5717,0.5683,0.0011,0.788,0.791,0.7828,0.0024,-0.0007,-0.0001,-0.0047,0.0012,0.003,0.0033,0.0026,0.0003,0.0024,0.0053,0.0017,0.0009,0.2542,0.5283,0.1901,0.0843,203.95,415,53,76.9351,0,0,0,0,265.5833,683,106,104.6054,34,44.8167,47,41,23.65,23.68,23.63
2022-11-14 07:00:00,2.1705,4.396,0.5504,0.8956,120,94.9764,44.9122,120,78.2075,78.4936,77.8832,0.1569,120,27.1094,27.1673,27.0482,0.0356,120,1008.9338,1009.0396,1008.8198,0.0907,120,227.1286,256.4031,208.8236,15.1862,120,240.5455,514.3818,213.2269,44.1018,120,37.5128,616.1731,13.7689,86.3824,120,120,0,221.8238,448.6221,195.9288,35.7126,120,58.85,60.09,57.77,0.69,120,3.4822,3.484,3.4803,0.0015,0.5711,0.5717,0.5705,0.0004,0.7821,0.7849,0.7788,0.0016,-0.0002,-0.0001,-0.0038,0.0005,0.0029,0.0033,0.0027,0.0002,0.002,0.0043,0.0018,0.0004,0.2218,0.4486,0.1959,0.0357,213.1,455,37,97.3513,0,0,0,0,285.95,849,25,139.6082,34,44.6667,47,41,23.65,23.68,23.63
2022-11-14 07:10:00,2.0814,4.7364,0.4952,1.0356,120,96.738,45.7415,120,78.0267,78.4936,77.517,0.2484,120,27.221,27.3992,27.1154,0.0915,120,1009.0043,1009.2044,1008.8198,0.0823,120,275.0651,304.7047,238.6213,20.1365,120,401.595,745.9268,239.2389,158.2723,120,225.2375,817.3026,14.7535,275.5251,120,120,0,356.8555,634.785,222.7851,129.9117,120,56.48,57.77,55.21,0.69,120,3.4834,3.4867,3.4803,0.0014,0.5722,0.574,0.5712,0.0009,0.7803,0.7849,0.7752,0.0025,-0.0014,-0.0001,-0.0051,0.0017,0.0035,0.0039,0.003,0.0003,0.0033,0.0062,0.002,0.0013,0.3569,0.6348,0.2228,0.1299,203.4083,492,31,112.562,0,0,0,0,310.675,1020,33,163.7687,34,44.7833,47,41,23.65,23.68,23.63
2022-11-14 07:20:00,2.5345,5.1228,0.624,0.9601,120,97.2912,40.5961,120,77.224,78.28,76.1132,0.6406,120,27.6911,27.8509,27.4053,0.1436,120,1009.1253,1009.3692,1009.003,0.0955,120,232.9239,256.163,210.7457,12.8602,120,429.4757,772.3049,223.8511,211.1555,120,323.9251,868.9365,13.7689,343.8238,120,120,0,367.6082,678.7317,188.9096,176.2838,120,54.11,55.21,52.9,0.69,120,3.4854,3.4895,3.4834,0.0016,0.5769,0.5785,0.574,0.0014,0.7722,0.7828,0.7611,0.0064,-0.002,-0.0001,-0.0054,0.0021,0.003,0.0033,0.0027,0.0002,0.0036,0.0064,0.0019,0.0018,0.3676,0.6787,0.1889,0.1763,252.6667,534,45,104.3639,0,0,0,0,291.5,824,55,126.0823,34,44.4167,49,41,23.65,23.68,23.63
2022-11-14 07:30:00,2.7471,5.822,0.7068,1.0856,120,69.8793,39.2499,120,76.2172,76.5709,75.808,0.1923,120,27.4814,27.7227,27.2283,0.146,120,1009.2033,1009.4058,1009.003,0.057,120,252.5607,295.8134,195.6071,33.1076,120,254.2629,296.3926,197.8391,33.1088,120,14.1542,14.7535,13.2775,0.3505,120,120,0,231.1599,273.751,176.397,32.629,120,51.74,52.9,50.59,0.69,120,3.4867,3.4901,3.4834,0.0009,0.5748,0.5772,0.5723,0.0015,0.7622,0.7657,0.7581,0.0019,-0.0001,-0.0001,-0.0001,0,0.0032,0.0038,0.0025,0.0004,0.0021,0.0025,0.0016,0.0003,0.2312,0.2738,0.1764,0.0326,275.7667,610,54,118.0022,0,0,0,0,252.675,1017,26,188.3816,34,44.35,47,41,23.66,23.68,23.63
2022-11-14 07:40:00,2.6127,5.7392,0.854,0.9104,120,64.783,31.7854,120,76.3726,76.693,76.0826,0.153,120,27.2248,27.268,27.1703,0.0248,120,1009.2599,1009.4058,1009.2044,0.0811,120,241.4907,301.3402,214.1102,28.5039,120,259.8348,778.9004,217.2569,78.5774,120,37.5291,697.8053,13.2775,87.2951,120,120,0,234.3313,680.8679,194.4029,66.5112,120,49.38,50.59,48.29,0.69,120,3.4877,3.4901,3.4867,0.0014,0.5723,0.5727,0.5717,0.0003,0.7637,0.7669,0.7608,0.0015,-0.0002,-0.0001,-0.0043,0.0005,0.0031,0.0038,0.0027,0.0004,0.0022,0.0065,0.0018,0.0007,0.2343,0.6809,0.1944,0.0665,261.1583,601,70,98.959,0,0,0,0,212.3667,1021,3,152.3696,34,44.7667,49,41,23.66,23.68,23.63
2022-11-14 07:50:00,2.7812,5.1872,0.6148,1.0455,120,85.245,43.3295,120,77.0918,77.7917,76.2963,0.3884,120,27.3192,27.6586,27.152,0.1621,120,1009.2383,1009.4241,1009.0213,0.0733,120,274.23,382.0819,178.5457,68.6593,120,659.4514,978.5702,233.7431,263.2307,120,534.4673,857.135,14.2604,371.2037,120,120,0,586.3801,874.3553,223.3955,223.3429,120,47.03,48.29,45.74,0.68,120,3.4873,3.4904,3.4837,0.0012,0.5732,0.5766,0.5715,0.0016,0.7709,0.7779,0.763,0.0039,-0.0033,-0.0001,-0.0053,0.0023,0.0035,0.0049,0.0023,0.0009,0.0055,0.0082,0.0019,0.0022,0.5864,0.8744,0.2234,0.2233,279.475,541,44,113.6368,0,0,0,0,270.45,999,25,157.3145,34.6,44.5833,47,41,23.66,23.68,23.63
2022-11-14 08:00:00,2.8348,7.2296,0.6608,1.3867,120,82.4136,48.664,120,76.9979,77.6696,76.1742,0.3468,120,27.7032,27.7868,27.6434,0.0347,120,1009.321,1009.4241,1009.2044,0.0923,120,312.1759,396.5,213.6299,59.3767,120,569.8498,843.7467,415.8283,125.2105,120,340.4606,842.3816,103.7609,229.3636,120,120,0,492.7442,734.2753,355.5406,110.962,120,44.67,45.74,43.45,0.68,120,3.4887,3.4904,3.4867,0.0015,0.577,0.5779,0.5764,0.0003,0.77,0.7767,0.7617,0.0035,-0.0021,-0.0006,-0.0052,0.0014,0.004,0.005,0.0027,0.0008,0.0047,0.007,0.0035,0.001,0.4927,0.7343,0.3555,0.111,285.3,763,49,150.7248,0,0,0,0,289.9917,955,14,184.3437,35,44.1667,47,41,23.66,23.68,23.63
2022-11-14 08:10:00,2.3507,7.0824,0.3296,1.2805,120,82.7928,52.1354,120,77.1104,77.7001,76.3878,0.3514,120,27.7701,27.9119,27.6922,0.0479,120,1009.3204,1009.4241,1009.2044,0.0946,120,359.2894,404.1898,311.4331,30.114,120,634.4498,896.1381,492.0336,95.7462,120,345.411,728.785,168.6723,140.9309,120,120,0,546.7442,776.6961,417.188,86.3826,120,42.33,43.45,41.17,0.69,120,3.4887,3.4904,3.4867,0.0016,0.5777,0.5791,0.5769,0.0005,0.7711,0.777,0.7639,0.0035,-0.0021,-0.001,-0.0045,0.0009,0.0046,0.0051,0.004,0.0004,0.0053,0.0075,0.0041,0.0008,0.5467,0.7767,0.4172,0.0864,232.6833,747,13,139.1853,0,0,0,0,305.1583,1017,33,208.6154,35,44.1333,47,41,23.66,23.68,23.63
2022-11-14 08:20:00,2.0346,5.6012,0.486,1.1099,120,95.6239,48.5005,120,76.3209,77.4255,74.4041,0.9589,120,28.2744,28.5101,27.9119,0.1833,120,1009.3907,1009.5889,1009.2044,0.0639,120,404.7186,470.9945,362.137,32.7494,120,658.6667,927.2785,537.096,94.7478,120,307.9512,676.6597,107.2027,141.7769,120,120,0,577.779,807.2146,455.6413,82.7007,120,39.99,41.17,38.89,0.68,120,3.4898,3.4931,3.4867,0.0011,0.5827,0.5851,0.5791,0.0018,0.7632,0.7743,0.744,0.0096,-0.0019,-0.0007,-0.0042,0.0009,0.0051,0.006,0.0046,0.0004,0.0055,0.0077,0.0045,0.0008,0.5778,0.8072,0.4556,0.0827,198.325,586,30,120.6412,0,0,0,0,325.7083,1018,80,186.752,35,44.3667,47,41,23.66,23.68,23.63
2022-11-14 08:30:00,2.5055,4.8376,0.7896,1.0161,120,83.0512,43.0088,120,74.7012,75.3807,73.8548,0.3991,120,27.9788,28.272,27.8509,0.1072,120,1009.4241,1009.6072,1009.2227,0.08,120,507.3662,528.6669,474.3583,17.9976,120,569.6697,690.2389,516.2137,39.6793,120,72.2803,200.6381,30.9813,39.7067,120,120,0,520.4932,631.428,470.5954,37.4817,120,37.67,38.89,36.63,0.67,120,3.4904,3.4935,3.487,0.0013,0.5798,0.5827,0.5785,0.0011,0.747,0.7538,0.7385,0.004,-0.0004,-0.0002,-0.0012,0.0002,0.0064,0.0067,0.006,0.0002,0.0047,0.0057,0.0043,0.0003,0.5205,0.6314,0.4706,0.0375,249.5083,503,63,110.4503,0,0,0,0,282.5333,1021,25,174.6189,35,43.8,47,41,23.66,23.68,23.63
2022-11-14 08:40:00,2.3955,4.9572,0.6792,0.9521,120,63.6979,28.223,120,73.7828,74.221,73.0918,0.2776,120,27.8112,27.973,27.683,0.0867,120,1009.5318,1009.6255,1009.4058,0.0918,120,516.7521,575.7661,475.5598,31.2481,120,564.8367,791.7227,490.5678,70.2475,120,55.2081,250.796,17.7038,53.8395,120,120,0,525.4041,730.9183,455.6413,65.5989,120,35.35,36.38,34.13,0.67,120,3.4922,3.4938,3.4901,0.0015,0.5781,0.5797,0.5768,0.0009,0.7378,0.7422,0.7309,0.0028,-0.0003,-0.0001,-0.0016,0.0003,0.0066,0.0073,0.006,0.0004,0.0047,0.0066,0.0041,0.0006,0.5254,0.7309,0.4556,0.0656,237.55,516,51,103.4882,0,0,0,0,188.3333,712,34,90.782,35,43.7667,47,41,23.67,23.68,23.63
2022-11-14 08:50:00,2.2666,4.7732,0.7436,0.8864,120,90.3857,42.052,120,72.7287,73.7938,71.7185,0.315,120,28.1028,28.4399,27.9424,0.1425,120,1009.5813,1009.8086,1009.4241,0.08,120,533.4311,595.952,482.2882,39.4373,120,559.8877,664.9592,495.6963,52.9745,120,29.3374,73.2726,15.7364,15.2975,120,120,0,525.5567,619.8309,468.4591,47.405,120,33.05,34.13,31.9,0.67,120,3.493,3.4968,3.4904,0.0013,0.581,0.5844,0.5794,0.0014,0.7273,0.7379,0.7172,0.0031,-0.0002,-0.0001,-0.0005,0.0001,0.0068,0.0076,0.0061,0.0005,0.0047,0.0055,0.0041,0.0004,0.5256,0.6198,0.4685,0.0474,223.5417,496,58,96.3461,0,0,0,0,287.6083,1022,71,160.1878,35,41.1167,47,39,23.67,23.68,23.63
2022-11-14 09:00:00,2.8214,5.7576,0.3296,1.1745,120,81.5477,48.644,120,70.9276,71.749,69.8264,0.4248,120,28.4107,28.4643,28.3209,0.0266,120,1009.5772,1009.6438,1009.4241,0.0818,120,507.0738,598.3551,457.537,50.0326,120,595.4712,1121.0876,473.7143,170.9484,120,94.5323,561.5872,15.7364,137.2771,120,120,0,542.8175,1024.5064,433.9732,153.8956,120,30.78,31.9,29.69,0.66,120,3.493,3.4941,3.4904,0.0014,0.5841,0.5846,0.5832,0.0003,0.7093,0.7175,0.6983,0.0042,-0.0006,-0.0001,-0.0035,0.0009,0.0064,0.0076,0.0058,0.0006,0.005,0.0093,0.0039,0.0014,0.5428,1.0245,0.434,0.1539,283.85,603,13,127.6656,0,0,0,0,274.5417,982,16,179.0308,35,41.0833,47,39,23.68,23.68,23.63
2022-11-14 09:10:00,2.6897,4.9388,1.084,0.9051,120,90.8289,28.8177,120,70.3792,70.864,69.8874,0.2276,120,28.1976,28.3087,28.1195,0.0499,120,1009.5285,1009.6622,1009.4424,0.0916,120,548.0636,617.5795,465.2268,51.8779,120,570.8634,667.5234,479.5762,59.6293,120,20.1785,47.7006,14.2604,6.7255,120,120,0,528.6111,613.422,443.7391,53.0429,120,28.52,29.69,27.51,0.65,120,3.4921,3.4944,3.4907,0.0015,0.582,0.5831,0.5812,0.0005,0.7038,0.7086,0.6989,0.0023,-0.0001,-0.0001,-0.0003,0,0.007,0.0078,0.0059,0.0007,0.0048,0.0056,0.004,0.0005,0.5286,0.6134,0.4437,0.053,269.5333,514,95,98.3799,0,0,0,0,267.5333,1015,41,106.5652,35.7,41.0833,47,39,23.68,23.68,23.63
2022-11-14 09:20:00,2.1526,5.6656,0.6516,1.0252,120,88.0206,54.7144,120,70.0219,70.925,69.277,0.385,120,28.5273,28.8488,28.269,0.1562,120,1009.6382,1009.8453,1009.4424,0.0542,120,658.569,687.5079,619.2614,14.9003,120,720.3021,1038.6555,656.533,48.7558,120,51.3355,317.1834,23.6046,41.9383,120,120,0,662.3076,915.2501,603.6561,44.912,120,26.3,27.51,25.12,0.64,120,3.494,3.4974,3.4907,0.0009,0.5853,0.5885,0.5827,0.0016,0.7002,0.7093,0.6928,0.0039,-0.0003,-0.0001,-0.002,0.0003,0.0084,0.0087,0.0079,0.0002,0.006,0.0087,0.0055,0.0004,0.6623,0.9153,0.6037,0.0449,211.15,593,48,111.4344,0,0,0,0,297.5083,1020,30,186.617,36,41.1,47,39,23.67,23.68,23.63
2022-11-14 09:30:00,2.5344,4.8192,0.3848,1.0011,120,72.7929,50.1841,120,68.6173,69.9179,67.7511,0.6466,120,28.8384,29.0625,28.5589,0.1657,120,1009.6818,1009.8453,1009.4424,0.0868,120,653.8931,672.6087,634.4008,11.9148,120,707.9281,763.5126,673.7515,21.9185,120,38.058,81.1408,22.1286,13.3895,120,120,0,656.3489,708.3346,625.3243,19.6967,120,24.12,25.12,23.02,0.63,120,3.4947,3.4974,3.4907,0.0014,0.5884,0.5906,0.5856,0.0017,0.6862,0.6992,0.6775,0.0065,-0.0002,-0.0001,-0.0005,0.0001,0.0083,0.0085,0.0081,0.0002,0.0059,0.0064,0.0056,0.0002,0.6563,0.7083,0.6253,0.0197,252.65,501,19,108.81,0,0,0,0,268.6083,986,10,196.0412,36,41.0667,47,39,23.68,23.68,23.63
2022-11-14 09:40:00,2.7523,5.6288,0.8264,1.0742,120,72.3475,42.8949,120,68.7918,69.277,67.9952,0.3121,120,28.5971,28.6566,28.4674,0.0361,120,1009.6782,1009.8453,1009.4607,0.081,120,659.9928,680.5386,631.7575,10.8313,120,772.638,1156.2593,688.0408,85.1755,120,93.6635,457.8263,22.6217,83.2503,120,120,0,710.4989,1091.3419,639.3628,76.6091,120,21.99,23.02,20.97,0.62,120,3.4946,3.4974,3.491,0.0014,0.586,0.5866,0.5847,0.0004,0.6879,0.6928,0.68,0.0031,-0.0006,-0.0001,-0.0028,0.0005,0.0084,0.0086,0.008,0.0001,0.0064,0.0096,0.0057,0.0007,0.7105,1.0913,0.6394,0.0766,276.3333,589,67,116.7637,0,0,0,0,255.4667,1002,4,179.2214,36,41.1167,47,39,23.68,23.68,23.63
2022-11-14 09:50:00,2.6821,5.27,0.4676,1.2423,120,80.4721,45.835,120,69.3663,70.4367,68.1783,0.5062,120,28.3936,28.4796,28.3361,0.0337,120,1009.6252,1009.8453,1009.4424,0.0768,120,625.5734,654.5858,580.3323,22.7332,120,902.9675,1333.2161,774.8691,104.2859,120,252.8292,724.3603,104.7438,123.4612,120,120,0,819.3304,1241.7981,702.8413,95.89,120,19.93,20.97,19,0.59,120,3.4938,3.4974,3.4907,0.0013,0.5839,0.5848,0.5834,0.0003,0.6937,0.7044,0.6818,0.0051,-0.0016,-0.0006,-0.0045,0.0008,0.0079,0.0083,0.0074,0.0003,0.0075,0.0111,0.0065,0.0009,0.8193,1.2418,0.7028,0.0959,268.7083,550,28,135.0283,0,0,0,0,266.8083,995,11,169.5187,36.1,41.0667,47,39,23.68,23.68,23.68
2022-11-14 10:00:00,2.0485,3.982,0.2744,1.0423,120,62.7057,52.7464,120,70.086,71.1386,69.1549,0.4573,120,28.7013,28.9862,28.4887,0.1659,120,1009.7017,1009.8636,1009.4607,0.0865,120,635.3818,659.3921,558.4646,21.6158,120,875.1113,1131.3469,603.4094,97.1252,120,211.7593,470.6123,18.1953,89.2341,120,120,0,795.0682,1050.4471,544.7554,91.3357,120,17.96,19,16.93,0.56,120,3.495,3.4977,3.491,0.0014,0.587,0.5899,0.5849,0.0017,0.7009,0.7114,0.6915,0.0046,-0.0013,-0.0001,-0.0029,0.0006,0.0081,0.0084,0.0071,0.0003,0.0073,0.0094,0.005,0.0008,0.7951,1.0504,0.5448,0.0913,199.8333,410,7,113.2959,0,0,0,0,265.15,1011,13,221.5356,37,41,47,39,23.68,23.68,23.63
2022-11-14 10:10:00,2.5814,4.9664,0.4584,1.149,120,48.3432,46.7073,120,69.5125,70.5588,68.453,0.6395,120,29.1538,29.3036,28.9587,0.0983,120,1009.7153,1009.8453,1009.4607,0.0937,120,619.2094,674.5315,459.9402,51.6858,120,884.8597,1321.1248,605.9736,171.7317,120,236.884,802.0577,17.2108,208.4259,120,120,0,810.6988,1233.8633,547.5021,156.2986,120,16.11,16.93,15.22,0.51,120,3.4953,3.4974,3.491,0.0016,0.5915,0.593,0.5896,0.001,0.6951,0.7056,0.6845,0.0064,-0.0015,-0.0001,-0.005,0.0013,0.0079,0.0086,0.0058,0.0007,0.0074,0.011,0.005,0.0014,0.8107,1.2339,0.5475,0.1563,257.7583,517,27,124.8922,0,0,0,0,264.0083,1019,0,269.3282,37,41.2667,47,41,23.68,23.68,23.68
2022-11-14 10:20:00,2.9744,5.9692,0.6516,1.3781,120,90.273,47.3171,120,69.6964,71.4133,67.8121,0.9677,120,28.6444,28.9404,28.4368,0.1502,120,1009.644,1009.8636,1009.4607,0.0747,120,316.4373,452.9717,243.4276,58.4235,120,1107.1172,1303.5402,665.3253,128.6629,120,759.7827,941.7161,268.4998,158.242,120,120,0,999.2701,1170.0796,585.6502,117.2814,120,14.45,15.22,13.7,0.46,120,3.4941,3.4977,3.491,0.0012,0.5864,0.5894,0.5844,0.0015,0.697,0.7141,0.6781,0.0097,-0.0047,-0.0017,-0.0058,0.001,0.004,0.0058,0.0031,0.0007,0.0092,0.0109,0.0055,0.0011,0.9993,1.1701,0.5857,0.1173,300.4833,626,48,149.7924,0,0,0,0,301.2167,1020,19,179.5223,37,41.0833,47,39,23.68,23.68,23.68
2022-11-14 10:30:00,2.7887,6.2452,0.4032,1.3902,120,71.3992,46.805,120,69.5558,70.2841,68.392,0.5097,120,28.7849,28.916,28.7054,0.0549,120,1009.6126,1009.6805,1009.4607,0.0818,120,471.1284,576.4874,307.8283,84.3755,120,921.2279,1196.1933,562.3758,146.6303,120,421.3343,831.563,39.341,195.2797,120,120,0,837.2143,1072.1152,504.471,135.6895,120,13.03,13.7,12.46,0.37,120,3.4935,3.4947,3.491,0.0014,0.5878,0.5892,0.587,0.0006,0.6956,0.7028,0.6839,0.0051,-0.0026,-0.0002,-0.0052,0.0012,0.006,0.0073,0.0039,0.0011,0.0077,0.01,0.0047,0.0012,0.8372,1.0721,0.5045,0.1357,280.2917,656,21,151.1121,0,0,0,0,277.6417,953,32,204.4229,37,41.1,47,39,23.68,23.68,23.63
2022-11-14 10:40:00,3.1983,6.3004,0.7804,1.2809,120,52.6451,36.7982,120,69.5324,70.6809,68.392,0.5903,120,28.6912,28.8824,28.562,0.1042,120,1009.4595,1009.6622,1009.2776,0.087,120,363.4286,509.9236,271.0622,56.5848,120,852.3628,1408.6879,350.2485,411.1797,120,465.7114,955.4866,15.2449,405.0551,120,120,0,768.8197,1276.8944,299.6918,378.6754,120,11.95,12.46,11.57,0.26,120,3.491,3.4944,3.488,0.0014,0.5869,0.5888,0.5856,0.001,0.6953,0.7068,0.6839,0.0059,-0.0029,-0.0001,-0.0059,0.0025,0.0046,0.0065,0.0034,0.0007,0.0071,0.0117,0.0029,0.0034,0.7688,1.2769,0.2997,0.3787,324.8167,662,62,139.2318,0,0,0,0,198.1167,1021,9,183.1205,37.6,44.1333,47,41,23.68,23.68,23.63
2022-11-14 10:50:00,2.7196,5.3528,0.5412,1.1327,120,71.4018,45.2843,120,69.3709,70.2536,68.3615,0.4462,120,28.7838,28.8946,28.5711,0.0903,120,1009.3828,1009.6622,1009.1128,0.0987,120,358.6786,476.2811,271.7827,54.8465,120,840.6481,1372.4166,290.5306,432.8489,120,459.925,943.1921,14.2604,393.0044,120,120,0,773.6544,1280.5567,254.2192,404.8384,120,11.28,11.5,11.11,0.12,120,3.4897,3.4944,3.4852,0.0016,0.5878,0.5889,0.5857,0.0009,0.6937,0.7025,0.6836,0.0045,-0.0029,-0.0001,-0.0059,0.0024,0.0046,0.006,0.0035,0.0007,0.007,0.0114,0.0024,0.0036,0.7737,1.2806,0.2542,0.4048,272.7833,559,36,123.1241,0,0,0,0,246.6833,1002,10,175.1082,38,44.8167,47,41,23.68,23.68,23.63
2022-11-14 11:00:00,2.9675,5.8864,0.8724,1.1194,120,79.8163,45.4285,120,69.8243,70.5283,69.1855,0.3055,120,28.6863,28.7695,28.5375,0.074,120,1009.1665,1009.3326,1008.948,0.0867,120,432.9243,508.2409,335.463,38.844,120,1007.8374,1462.91,490.2017,351.5607,120,534.787,963.8463,36.882,352.5782,120,120,0,915.2145,1334.2692,403.7599,330.877,120,11.13,11.23,11.1,0.04,120,3.4861,3.4889,3.4825,0.0014,0.5869,0.5877,0.5854,0.0007,0.6982,0.7053,0.6919,0.0031,-0.0033,-0.0002,-0.006,0.0022,0.0055,0.0065,0.0043,0.0005,0.0084,0.0122,0.0041,0.0029,0.9152,1.3343,0.4038,0.3309,299.725,617,72,121.6758,0,0,0,0,266.15,1020,0,185.1352,38.5,44.4833,47,41,23.68,23.68,23.63
2022-11-14 11:10:00,2.3439,5.0216,0.5044,1.1396,120,75.5248,58.9826,120,69.7506,70.9555,68.4225,0.7142,120,28.9028,29.0808,28.6596,0.1366,120,1009.1322,1009.3142,1008.9297,0.0599,120,242.9265,317.2,207.8622,25.0208,120,1065.1314,1272.7647,302.6206,329.37,120,785.7803,943.1921,14.7535,334.5815,120,120,0,974.8044,1166.1123,251.7777,310.3519,120,11.49,11.83,11.23,0.18,120,3.4855,3.4886,3.4822,0.001,0.589,0.5908,0.5866,0.0014,0.6975,0.7096,0.6842,0.0071,-0.0049,-0.0001,-0.0059,0.0021,0.0031,0.004,0.0026,0.0003,0.0089,0.0106,0.0025,0.0027,0.9748,1.1661,0.2518,0.3104,231.95,523,32,123.8741,0,0,0,0,274.4833,958,0,196.6085,39,44.6333,47,41,23.68,23.73,23.63
2022-11-14 11:20:00,2.7007,5.9968,0.6056,1.0058,120,74.2353,36.0787,120,69.5835,70.101,68.2699,0.3773,120,29.0361,29.3005,28.8153,0.1712,120,1009.104,1009.3142,1008.9297,0.0768,120,283.0311,425.8173,168.6929,92.323,120,1050.611,1418.2137,404.4706,293.564,120,734.8998,964.8292,23.6046,335.1892,120,120,0,960.7964,1322.0618,366.5273,273.2837,120,12.34,12.84,11.83,0.31,120,3.4851,3.4886,3.4822,0.0013,0.5904,0.593,0.5881,0.0017,0.6958,0.701,0.6827,0.0038,-0.0046,-0.0001,-0.006,0.0021,0.0036,0.0054,0.0021,0.0012,0.0088,0.0118,0.0034,0.0024,0.9608,1.3221,0.3665,0.2733,270.725,629,43,109.3222,0,0,0,0,240.3667,1012,32,151.7547,39,44.85,47,41,23.68,23.68,23.68
2022-11-14 11:30:00,2.743,5.546,0.6608,1.1328,120,94.5793,44.123,120,68.9505,70.4978,67.7206,0.7557,120,29.0197,29.2608,28.7939,0.15,120,1008.8968,1009.1311,1008.5635,0.1061,120,231.5922,280.9142,183.8323,19.931,120,1097.842,1249.6831,274.4106,264.0276,120,835.5831,958.437,17.7038,267.8867,120,120,0,1002.0219,1163.0604,237.434,247.7896,120,13.57,14.35,12.84,0.41,120,3.4816,3.4855,3.4761,0.0018,0.5902,0.5926,0.5879,0.0015,0.6895,0.705,0.6772,0.0076,-0.0052,-0.0001,-0.0059,0.0017,0.0029,0.0036,0.0023,0.0003,0.0091,0.0104,0.0023,0.0022,1.002,1.1631,0.2374,0.2478,275.325,580,49,123.1344,0,0,0,0,294.175,966,17,147.0894,39,44.6833,47,41,23.68,23.68,23.68
2022-11-14 11:40:00,3.1607,6.1532,0.532,1.2896,120,78.6416,43.7738,120,68.7063,69.5822,67.9342,0.4451,120,29.0629,29.2822,28.9129,0.1276,120,1008.697,1008.9663,1008.3987,0.1211,120,171.2481,259.5276,124.4772,37.1936,120,1121.5736,1211.2149,598.6459,67.3863,120,928.3369,946.1424,361.9336,70.5045,120,120,0,1027.8685,1106.6011,549.9435,65.3664,120,15.1,15.96,14.35,0.48,120,3.4783,3.4828,3.4733,0.002,0.5906,0.5928,0.5891,0.0013,0.6871,0.6958,0.6793,0.0045,-0.0058,-0.0022,-0.0059,0.0004,0.0022,0.0033,0.0016,0.0005,0.0093,0.0101,0.005,0.0006,1.0279,1.1066,0.5499,0.0654,320.7333,646,35,140.1714,0,0,0,0,252.625,919,13,149.505,39,44.55,47,41,23.68,23.68,23.63
2022-11-14 11:50:00,3.2361,5.5368,0.4768,1.0592,120,78.8385,42.7888,120,68.5252,69.3991,67.7206,0.3764,120,29.0113,29.1113,28.8397,0.068,120,1008.4874,1008.5818,1008.3804,0.0931,120,139.3818,192.4827,111.5008,20.2219,120,1081.4043,1136.4754,694.2689,53.2466,120,927.5501,947.1254,486.8402,61.2264,120,120,0,989.3872,1039.1553,631.428,52.9905,120,16.84,17.74,15.96,0.54,120,3.4748,3.4764,3.473,0.0016,0.5901,0.5911,0.5884,0.0007,0.6853,0.694,0.6772,0.0038,-0.0058,-0.003,-0.0059,0.0004,0.0018,0.0024,0.0014,0.0003,0.009,0.0095,0.0058,0.0004,0.9894,1.0392,0.6314,0.053,328.925,579,29,115.1335,0,0,0,0,246.2667,907,16,140.6911,39,44.5667,47,41,23.68,23.73,23.68
2022-11-14 12:00:00,2.5064,5.7208,0.3664,1.1176,120,77.5135,49.2214,120,68.9525,69.9484,67.8732,0.4807,120,29.0734,29.4806,28.8031,0.2512,120,1008.3645,1008.5818,1008.179,0.1022,120,178.6234,248.4732,137.4535,29.8198,120,1065.5924,1176.4094,548.0876,112.6294,120,882.9722,953.5192,361.4422,129.4444,120,120,0,974.69,1090.7315,507.828,110.3711,120,18.74,19.65,17.74,0.57,120,3.4727,3.4764,3.4696,0.0017,0.5907,0.5948,0.588,0.0025,0.6895,0.6995,0.6787,0.0048,-0.0055,-0.0022,-0.0059,0.0008,0.0023,0.0032,0.0017,0.0004,0.0089,0.0098,0.0046,0.0009,0.9747,1.0907,0.5078,0.1104,249.6083,599,17,121.4827,0,0,0,0,279.5083,1021,11,201.7829,39.4,44.5333,49,39,23.68,23.68,23.63
2022-11-14 12:10:00,2.7822,5.8864,0.6424,1.3032,120,86.7336,43.5959,120,67.8482,68.8498,66.805,0.5343,120,29.4787,29.5843,29.389,0.0494,120,1008.3108,1008.3987,1008.179,0.094,120,233.1142,318.4016,162.9252,44.0982,120,1098.9961,1244.1885,340.3565,184.9805,120,870.3463,945.651,56.0603,205.5321,120,120,0,1009.4429,1155.736,306.4058,171.9225,120,20.75,21.88,19.65,0.6,120,3.4718,3.4733,3.4696,0.0016,0.5948,0.5958,0.5939,0.0005,0.6785,0.6885,0.6681,0.0053,-0.0054,-0.0003,-0.0059,0.0013,0.003,0.004,0.0021,0.0006,0.0092,0.0104,0.0028,0.0015,1.0094,1.1557,0.3064,0.1719,279.5833,617,47,141.6555,0,0,0,0,274.75,928,55,150.3135,40,44.5,47,41,23.68,23.68,23.68
2022-11-14 12:20:00,2.4456,6.5212,0.4216,1.1398,120,73.5321,46.8377,120,68.0062,69.1549,66.5914,0.6372,120,29.2728,29.4287,29.1479,0.0819,120,1008.173,1008.3804,1007.9958,0.0751,120,211.0383,276.1087,145.8638,38.3234,120,1002.0153,1187.7671,261.587,222.34,120,806.049,942.2092,32.4557,245.4766,120,120,0,916.9515,1090.4263,218.5125,209.0827,120,22.84,23.95,21.88,0.62,120,3.4696,3.473,3.4666,0.0013,0.5927,0.5943,0.5915,0.0008,0.6801,0.6915,0.6659,0.0064,-0.005,-0.0002,-0.0058,0.0015,0.0027,0.0035,0.0019,0.0005,0.0083,0.0099,0.0022,0.0019,0.917,1.0904,0.2185,0.2091,243,686,23,123.886,0,0,0,0,254.9583,970,33,180.679,40,43.5,47,41,23.68,23.73,23.68
2022-11-14 12:30:00,2.5227,5.178,0.532,1.0612,120,98.1037,43.743,120,68.1898,69.5212,67.2323,0.5874,120,29.0796,29.331,28.9007,0.1407,120,1008.0639,1008.2156,1007.9958,0.0792,120,199.3055,283.0772,132.6472,49.2655,120,1026.8245,1178.2413,369.6663,161.2668,120,856.7492,942.7006,112.612,184.4478,120,120,0,940.2371,1094.6989,308.237,152.5278,120,24.99,26.08,23.95,0.64,120,3.4677,3.4703,3.4666,0.0013,0.5908,0.5933,0.589,0.0014,0.6819,0.6952,0.6723,0.0059,-0.0053,-0.0007,-0.0059,0.0011,0.0025,0.0036,0.0017,0.0006,0.0086,0.0098,0.0031,0.0013,0.9402,1.0947,0.3082,0.1525,251.3833,540,35,115.3452,0,0,0,0,301.6417,911,34,148.603,40,43.6667,47,41,23.68,23.68,23.63
2022-11-14 12:40:00,2.7338,4.9112,0.3388,1.131,120,93.4813,42.2568,120,69.0143,70.3452,68.1783,0.4873,120,29.2089,29.2853,28.977,0.0651,120,1007.9966,1008.2156,1007.8127,0.103,120,207.5899,276.1087,144.1819,40.8527,120,928.5095,1120.3553,333.0288,197.4674,120,761.5367,931.3906,79.1734,238.5899,120,120,0,848.9995,1027.5582,289.6206,183.1907,120,27.19,28.24,26.08,0.65,120,3.4666,3.4703,3.4635,0.0017,0.5921,0.5928,0.5898,0.0006,0.6901,0.7035,0.6818,0.0049,-0.0047,-0.0005,-0.0058,0.0015,0.0026,0.0035,0.0018,0.0005,0.0077,0.0093,0.0028,0.0016,0.849,1.0276,0.2896,0.1832,274.325,511,14,122.9317,0,0,0,0,281.4,792,69,130.5873,40,44.5167,47,41,23.68,23.73,23.68
2022-11-14 12:50:00,2.5483,6.4936,0.3572,1.2966,120,59.025,50.3209,120,69.0891,70.4978,67.9952,0.7028,120,29.1026,29.267,28.9221,0.1176,120,1007.9208,1008.0325,1007.8127,0.093,120,287.4568,338.8276,149.2283,47.3911,120,741.6553,1192.8968,260.8547,325.752,120,494.0898,936.7999,16.7193,363.4116,120,120,0,678.1162,1098.3612,224.311,307.5419,120,29.42,30.43,28.24,0.65,120,3.4653,3.4672,3.4635,0.0015,0.591,0.5927,0.5892,0.0012,0.6909,0.705,0.68,0.007,-0.0031,-0.0001,-0.0058,0.0023,0.0037,0.0043,0.0019,0.0006,0.0062,0.0099,0.0022,0.0027,0.6781,1.0984,0.2243,0.3075,254.1583,683,16,140.9346,0,0,0,0,265.4,1014,8,238.1985,40,44.0333,47,39,23.68,23.68,23.68
2022-11-14 13:00:00,2.2572,4.5708,0.4032,0.8999,120,87.4245,53.5182,120,69.5433,70.1621,68.7582,0.3767,120,29.2845,29.4653,29.0655,0.1153,120,1007.7943,1008.0142,1007.6296,0.0764,120,274.0198,381.3614,210.5055,46.4417,120,823.3403,1149.2989,279.539,317.4386,120,611.4766,945.1595,14.7535,377.2563,120,120,0,748.4792,1046.4797,242.317,296.5056,120,31.69,32.9,30.68,0.66,120,3.4632,3.4669,3.4605,0.0013,0.5928,0.5947,0.5907,0.0011,0.6954,0.7016,0.6876,0.0038,-0.0038,-0.0001,-0.0059,0.0023,0.0035,0.0048,0.0027,0.0006,0.0069,0.0096,0.0023,0.0026,0.7485,1.0465,0.2423,0.2965,222.525,474,21,97.8102,0,0,0,0,317.2667,1018,4,219.9988,40,43.75,47,39,23.68,23.68,23.68
2022-11-14 13:10:00,2.229,3.9728,0.762,0.7789,120,75.2563,48.5447,120,69.0619,70.04,68.0563,0.4974,120,29.2835,29.4043,29.1418,0.0815,120,1007.7877,1007.8494,1007.4648,0.0843,120,323.2579,354.4472,296.7748,16.5389,120,621.1048,1159.1909,309.2149,314.8613,120,334.3054,925.4882,15.2449,349.545,120,120,0,561.9322,1074.2515,265.8162,298.9858,120,33.98,35.14,32.9,0.67,120,3.4631,3.4642,3.4577,0.0014,0.5928,0.594,0.5914,0.0008,0.6906,0.7004,0.6806,0.005,-0.0021,-0.0001,-0.0057,0.0022,0.0041,0.0045,0.0038,0.0002,0.0052,0.0097,0.0026,0.0026,0.5619,1.0743,0.2658,0.299,219.4583,409,60,84.6621,0,0,0,0,300.725,1022,23,233.5119,40,44.0833,47,41,23.68,23.73,23.68
2022-11-14 13:20:00,3.0001,5.7484,0.486,1.1244,120,54.9827,41.9641,120,68.9105,70.7419,67.6901,0.8253,120,28.8501,29.3555,28.507,0.2714,120,1007.6202,1007.8494,1007.4465,0.1021,120,309.5746,374.6331,227.0866,46.0254,120,613.0233,1140.5054,237.407,351.0254,120,364.3928,919.5875,13.7689,372.7697,120,120,0,551.2202,1049.5315,198.0651,329.4775,120,36.28,37.39,35.14,0.68,120,3.4603,3.4642,3.4574,0.0017,0.5885,0.5936,0.5851,0.0027,0.6891,0.7074,0.6769,0.0083,-0.0023,-0.0001,-0.0057,0.0023,0.0039,0.0048,0.0029,0.0006,0.0051,0.0095,0.002,0.0029,0.5512,1.0495,0.1981,0.3295,303.275,602,30,122.2131,0,0,0,0,230.2667,1021,11,216.0292,40,43.7667,47,41,23.68,23.68,23.68
2022-11-14 13:30:00,2.4126,5.6196,0.44,1.1774,120,83.1629,54.5406,120,70.3159,70.864,69.4296,0.2761,120,28.9743,29.1754,28.6962,0.1443,120,1007.4749,1007.6662,1007.3,0.0503,120,348.2695,385.6866,307.348,23.2489,120,506.0345,1115.2257,315.8103,259.0199,120,194.5436,896.4744,14.7535,293.1375,120,120,0,464.6468,1024.5064,281.991,238.377,120,38.6,39.65,37.39,0.68,120,3.4579,3.4611,3.455,0.0008,0.5897,0.5917,0.587,0.0014,0.7032,0.7086,0.6943,0.0028,-0.0012,-0.0001,-0.0056,0.0018,0.0044,0.0049,0.0039,0.0003,0.0042,0.0093,0.0026,0.0022,0.4646,1.0245,0.282,0.2384,239.4167,588,25,127.9769,0,0,0,0,303.675,977,2,210.353,40,44.4167,47,41,23.68,23.68,23.68
2022-11-14 13:40:00,2.5813,4.8192,0.762,0.9487,120,88.7639,41.848,120,69.9538,70.7114,69.3075,0.3504,120,28.8574,29.1449,28.6962,0.1492,120,1007.4593,1007.6479,1007.2817,0.031,120,350.8707,379.1984,331.6181,11.3099,120,428.3003,815.5366,339.9904,110.4316,120,103.6831,581.2585,17.2108,133.021,120,120,0,400.7258,750.7553,311.594,101.1378,120,40.93,42.18,39.65,0.68,120,3.4577,3.4608,3.4547,0.0005,0.5886,0.5915,0.587,0.0015,0.6995,0.7071,0.6931,0.0035,-0.0006,-0.0001,-0.0036,0.0008,0.0045,0.0048,0.0042,0.0001,0.0036,0.0068,0.0028,0.0009,0.4007,0.7508,0.3116,0.1011,257.75,501,60,103.1146,0,0,0,0,287.6,951,75,158.8217,40,43.8667,47,41,23.68,23.68,23.68
2022-11-14 13:50:00,3.1045,6.834,1.1484,1.1686,120,98.9966,30.5234,120,70.3452,71.0166,69.8874,0.273,120,28.6366,28.7542,28.5223,0.0827,120,1007.3852,1007.5014,1007.2817,0.0831,120,283.4997,352.7654,251.5976,29.8947,120,655.3084,934.9724,337.7923,241.1888,120,489.119,883.69,48.6835,337.7041,120,120,0,591.9802,852.9923,296.3347,219.943,120,43.27,44.47,42.18,0.68,120,3.4564,3.4584,3.4547,0.0014,0.5864,0.5875,0.5852,0.0008,0.7035,0.7102,0.6989,0.0027,-0.003,-0.0003,-0.0055,0.0021,0.0036,0.0045,0.0032,0.0004,0.0055,0.0078,0.0028,0.002,0.592,0.853,0.2963,0.2199,314.6167,720,102,127.0202,0,0,0,0,281.6583,522,36,88.4013,40,44.7667,47,41,23.68,23.68,23.63
2022-11-14 14:00:00,2.5923,6.742,0.3572,1.3179,120,84.6899,42.6064,120,71.0372,72.2373,69.7348,0.7436,120,28.8231,29.2761,28.4582,0.3183,120,1007.3133,1007.4831,1007.0986,0.0631,120,172.2914,273.4654,152.5929,29.1382,120,724.5001,914.8223,201.8691,178.616,120,748.333,881.7225,19.6697,252.9435,120,120,0,652.4578,849.6353,171.514,164.672,120,45.61,46.76,44.47,0.69,120,3.4552,3.4581,3.4516,0.0011,0.5882,0.5928,0.5846,0.0032,0.7104,0.7224,0.6973,0.0074,-0.0046,-0.0001,-0.0055,0.0016,0.0022,0.0035,0.0019,0.0004,0.006,0.0076,0.0017,0.0015,0.6525,0.8496,0.1715,0.1647,258.95,710,16,143.251,0,0,0,0,269.1917,959,14,151.0335,40,44.3667,47,41,23.68,23.73,23.68
2022-11-14 14:10:00,2.7228,5.4724,0.4032,1.1108,120,75.7259,42.4921,120,69.8597,71.3218,68.8192,0.6488,120,29.2534,29.4317,29.0808,0.1135,120,1007.2906,1007.4648,1007.0986,0.0739,120,178.363,199.9323,150.1898,14.9103,120,573.2815,822.4982,155.3397,283.5444,120,553.8632,874.3458,14.7535,382.0014,120,120,0,511.0579,738.8531,130.9244,259.3878,120,47.97,49.06,46.76,0.69,120,3.4548,3.4577,3.4516,0.0012,0.5925,0.5943,0.5908,0.0011,0.6986,0.7132,0.6882,0.0065,-0.0034,-0.0001,-0.0054,0.0024,0.0023,0.0025,0.0019,0.0002,0.0048,0.0069,0.0013,0.0024,0.5111,0.7389,0.1309,0.2594,273.1333,572,21,120.744,0,0,0,0,244.6583,1004,18,157.4727,40.1,44.5667,47,41,23.68,23.73,23.63
2022-11-14 14:20:00,2.4142,4.8652,0.7252,1.0146,120,83.9853,47.7929,120,69.0204,69.9484,67.6595,0.6235,120,29.2999,29.4592,29.1357,0.1001,120,1007.3186,1007.4831,1007.2817,0.0502,120,160.7609,200.4126,139.3756,13.4669,120,674.2435,769.7407,191.2449,157.9157,120,762.8931,870.4125,34.4231,243.1541,120,120,0,597.2498,690.939,158.6963,142.4765,120,50.33,51.62,49.06,0.69,120,3.4553,3.4581,3.4547,0.0008,0.593,0.5946,0.5914,0.001,0.6902,0.6995,0.6766,0.0062,-0.0047,-0.0002,-0.0054,0.0015,0.002,0.0025,0.0018,0.0002,0.0056,0.0064,0.0016,0.0013,0.5972,0.6909,0.1587,0.1425,239.5917,506,56,110.2777,0,0,0,0,288.9333,980,8,181.9516,40.7,44.2833,47,41,23.68,23.68,23.63
2022-11-14 14:30:00,2.8548,6.144,0.946,1.0479,120,76.9305,39.9555,120,68.587,69.7043,67.6595,0.4508,120,29.1916,29.3249,29.0838,0.0875,120,1007.3171,1007.4831,1007.1169,0.0644,120,163.9969,198.4906,143.4614,17.156,120,682.7218,718.8151,377.3601,63.7371,120,809.1593,864.5102,360.4592,93.4326,120,120,0,602.6414,641.4991,316.1718,58.8708,120,52.69,53.92,51.62,0.69,120,3.4553,3.4581,3.4519,0.0011,0.5919,0.5933,0.5908,0.0009,0.6859,0.697,0.6766,0.0045,-0.005,-0.0022,-0.0054,0.0006,0.0021,0.0025,0.0018,0.0002,0.0057,0.006,0.0031,0.0005,0.6026,0.6415,0.3162,0.0589,287.475,645,80,113.904,0,0,0,0,245.45,1010,23,150.5193,41,44.5333,47,41,23.68,23.68,23.68
2022-11-14 14:40:00,2.7339,5.3804,0.5504,1.2275,120,63.0772,41.7397,120,69.0428,70.4672,67.6595,0.745,120,29.0921,29.4226,28.7634,0.2348,120,1007.2842,1007.3183,1007.0986,0.0484,120,198.8449,216.2732,181.6693,8.8796,120,493.3704,717.7167,185.7491,199.1448,120,491.1557,834.5134,16.2278,318.5328,120,120,0,437.2743,643.025,163.8844,176.9792,120,55.06,56.23,53.92,0.69,120,3.4547,3.4553,3.4516,0.0008,0.5909,0.5942,0.5876,0.0024,0.6904,0.7047,0.6766,0.0074,-0.003,-0.0001,-0.0052,0.002,0.0025,0.0027,0.0023,0.0001,0.0041,0.006,0.0015,0.0017,0.4373,0.643,0.1639,0.177,274.3333,562,37,133.4233,0,0,0,0,229.7917,969,14,182.539,41,44.45,47,41,23.68,23.73,23.63
2022-11-14 14:50:00,2.9984,4.994,0.7252,1.0162,120,84.9988,37.2073,120,69.9637,71.6575,69.0939,0.5774,120,28.6135,28.8824,28.385,0.1757,120,1007.2987,1007.4831,1007.0986,0.0484,120,139.3258,210.0252,107.8961,28.7784,120,416.2925,618.0636,151.3097,181.325,120,498.8435,822.2188,14.2604,358.6936,120,120,0,358.1194,535.905,128.1777,155.5285,120,57.42,58.54,56.23,0.69,120,3.455,3.4581,3.4516,0.0008,0.5861,0.5888,0.5838,0.0018,0.6996,0.7166,0.6909,0.0058,-0.0031,-0.0001,-0.0051,0.0022,0.0018,0.0027,0.0014,0.0004,0.0035,0.0051,0.0013,0.0015,0.3581,0.5359,0.1282,0.1555,303.0917,520,56,110.4553,0,0,0,0,259.775,950,22,131.8475,41,44.6333,47,41,23.68,23.68,23.63
2022-11-14 15:00:00,2.6063,5.1504,0.4124,0.942,120,68.5829,43.219,120,70.9179,71.7185,70.4672,0.2106,120,28.7502,29.151,28.4796,0.1808,120,1007.3727,1007.5014,1007.0986,0.0899,120,133.909,148.0268,112.2213,10.5246,120,486.4063,580.3277,149.1116,115.7768,120,662.1933,801.0748,71.7966,210.1866,120,120,0,414.7542,498.3673,122.074,99.1831,120,59.79,60.85,58.54,0.69,120,3.4562,3.4584,3.4516,0.0015,0.5875,0.5915,0.5848,0.0018,0.7092,0.7172,0.7047,0.0021,-0.0041,-0.0004,-0.005,0.0013,0.0017,0.0019,0.0014,0.0001,0.0041,0.0048,0.0012,0.001,0.4148,0.4984,0.1221,0.0992,260.4667,537,22,102.389,0,0,0,0,237.625,1020,12,173.4505,41,44.3333,47,39,23.68,23.68,23.63
2022-11-14 15:10:00,2.8445,4.9664,0.578,1.013,120,65.9294,42.1322,120,69.779,70.7419,69.216,0.3482,120,29.0414,29.1754,28.9038,0.0781,120,1007.4245,1007.5014,1007.2817,0.071,120,132.6794,153.7937,111.9811,11.4784,120,454.0804,509.9856,199.6711,91.7648,120,653.7186,770.0935,117.0383,192.3416,120,120,0.1,382.5114,429.7006,162.3585,77.9717,120,62.17,63.42,61.11,0.69,120,3.4571,3.4584,3.4547,0.0012,0.5904,0.5917,0.589,0.0008,0.6978,0.7074,0.6922,0.0035,-0.0041,-0.0007,-0.0048,0.0012,0.0017,0.002,0.0014,0.0001,0.0038,0.0042,0.0017,0.0008,0.3825,0.4297,0.1624,0.078,286.3583,517,40,110.1036,0.0083,1,0,0.0913,234.825,1015,8,182.8845,40.4,34.4667,47,29,23.33,23.68,23.13
2022-11-14 15:20:00,2.202,5.0308,0.6424,0.9399,120,75.6635,46.106,120,69.9934,70.8335,68.4225,0.5327,120,29.0946,29.4226,28.9038,0.1848,120,1007.4615,1007.6662,1007.2817,0.0573,120,120.1777,155.4764,100.9276,17.5123,120,419.1288,512.916,204.0672,62.7356,120,664.4881,762.2253,115.5624,146.374,120,120,0,348.6918,433.0577,167.2414,51.528,120,64.54,65.74,63.42,0.69,120,3.4577,3.4611,3.4547,0.001,0.5909,0.5942,0.589,0.0019,0.6999,0.7083,0.6842,0.0053,-0.0041,-0.0007,-0.0047,0.0009,0.0015,0.002,0.0013,0.0002,0.0035,0.0043,0.0017,0.0005,0.3487,0.4331,0.1672,0.0515,216.525,524,47,102.1671,0,0,0,0,243.6333,986,12,162.4226,39.5,31.0833,35,31,23.12,23.18,23.08
2022-11-14 15:30:00,2.1303,4.4052,0.2376,0.9672,120,75.2266,50.156,120,69.41,70.4062,68.3004,0.5655,120,29.126,29.3249,28.9679,0.0902,120,1007.4502,1007.6479,1007.2817,0.0566,120,138.8332,173.9795,105.4929,15.7553,120,355.0968,456.4958,152.0432,109.5121,120,524.7264,736.6532,23.1131,269.0333,120,120,0,294.8826,377.8191,134.2814,86.8283,120,66.91,68.05,65.74,0.69,120,3.4575,3.4608,3.4547,0.0009,0.5913,0.5933,0.5897,0.0009,0.6941,0.7041,0.683,0.0057,-0.0033,-0.0001,-0.0046,0.0017,0.0018,0.0022,0.0013,0.0002,0.003,0.0038,0.0013,0.0009,0.2949,0.3778,0.1343,0.0868,208.7333,456,3,105.1269,0,0,0,0,278.9667,1014,21,207.6545,39,31,33,29,23.08,23.13,23.03
2022-11-14 15:40:00,2.1007,5.9048,0.5228,0.8448,120,80.434,42.2998,120,69.5499,70.3146,68.8803,0.3106,120,29.1595,29.3555,29.0319,0.0869,120,1007.4654,1007.6479,1007.2817,0.0585,120,218.754,248.7142,156.1969,23.9629,120,453.7018,500.0936,172.9256,65.7815,120,631.9379,720.4254,56.5517,120.3857,120,120,0,389.6603,430.6162,166.3259,53.6311,120,69.29,70.37,68.05,0.69,120,3.4578,3.4608,3.4547,0.001,0.5916,0.5936,0.5903,0.0009,0.6955,0.7031,0.6888,0.0031,-0.0039,-0.0004,-0.0045,0.0007,0.0028,0.0032,0.002,0.0003,0.0038,0.0042,0.0014,0.0005,0.3897,0.4306,0.1663,0.0536,205.5083,619,34,91.8215,0,0,0,0,251.2167,985,26,143.9428,39,36.9833,45,29,23.45,23.68,23.03
2022-11-14 15:50:00,2.7214,5.5736,0.716,1.0528,120,56.2197,42.7242,120,69.5435,71.9626,67.8732,1.3407,120,28.163,29.3341,27.1795,0.7254,120,1007.616,1007.6662,1007.4465,0.0579,120,103.1001,154.9953,84.8268,18.5472,120,100.1468,166.6975,77.6699,23.1263,120,21.4529,50.651,13.2775,8.2178,120,120,0,97.8779,162.6637,73.2444,23.7564,120,71.66,72.94,70.37,0.69,120,3.4603,3.4611,3.4574,0.001,0.5816,0.5933,0.5718,0.0073,0.6954,0.7196,0.6787,0.0134,-0.0001,-0.0001,-0.0003,0.0001,0.0013,0.002,0.0011,0.0002,0.0008,0.0014,0.0006,0.0002,0.0979,0.1627,0.0732,0.0238,272.975,583,55,114.4385,0,0,0,0,233.4417,1020,25,215.9356,39.6,41.05,45,39,23.68,23.68,23.68
2022-11-14 16:00:00,1.9505,4.074,0.3388,0.9002,120,73.4476,42.7882,120,73.4428,74.8009,72.0237,0.7383,120,26.8232,27.1642,26.4196,0.2559,120,1007.5942,1007.6662,1007.4465,0.0789,120,100.9294,120.6323,88.9118,10.3286,120,92.1661,108.0792,79.1357,9.5262,120,13.9,14.7535,12.2946,0.4583,120,120,0,86.9676,101.6266,73.2444,9.5166,120,74.03,75.25,72.94,0.69,120,3.4599,3.4611,3.4574,0.0013,0.5682,0.5716,0.5642,0.0026,0.7344,0.748,0.7202,0.0074,-0.0001,-0.0001,-0.0001,0,0.0013,0.0015,0.0011,0.0001,0.0008,0.0009,0.0007,0.0001,0.087,0.1016,0.0732,0.0095,189.1833,420,14,97.8513,0,0,0,0,256.35,1010,16,180.3619,40,41.15,47,41,23.68,23.73,23.68
2022-11-14 16:10:00,1.3991,3.4576,0.4308,0.6428,120,77.8916,49.4931,120,75.7833,76.4794,74.6788,0.4532,120,26.5353,26.7522,26.4074,0.1054,120,1007.5419,1007.6479,1007.4465,0.0881,120,103.6388,119.911,83.6252,12.2702,120,91.8731,108.4454,71.8079,11.6151,120,14.1048,14.2604,13.7689,0.2296,120,120,0,84.2413,101.6266,63.7837,12.0945,120,76.4,77.56,75.25,0.69,120,3.459,3.4608,3.4574,0.0015,0.5654,0.5675,0.5641,0.001,0.7578,0.7648,0.7468,0.0045,-0.0001,-0.0001,-0.0001,0,0.0013,0.0015,0.0011,0.0002,0.0008,0.0009,0.0006,0.0001,0.0842,0.1016,0.0638,0.0121,129.25,353,24,69.8749,0,0,0,0,268.7333,1014,1,184.7533,40,41.0667,47,39,23.68,23.68,23.68
2022-11-14 16:20:00,1.1624,2.142,0.3296,0.4241,120,78.3,45.5038,120,75.9295,76.2963,75.5638,0.1787,120,26.8981,27.0116,26.7461,0.077,120,1007.6279,1007.831,1007.4465,0.0798,120,74.3438,83.6252,70.1685,2.844,120,63.9801,71.0756,61.5498,2.1353,120,14.0474,14.7535,13.2775,0.2607,120,120,0,56.8229,63.1733,54.3229,1.9581,120,78.77,79.87,77.56,0.69,120,3.4605,3.4639,3.4574,0.0013,0.569,0.5701,0.5675,0.0008,0.7593,0.763,0.7556,0.0018,-0.0001,-0.0001,-0.0001,0,0.0009,0.0011,0.0009,0,0.0005,0.0006,0.0005,0,0.0568,0.0632,0.0543,0.002,103.5167,210,13,46.0942,0,0,0,0,261.125,984,7,175.1226,40,41.1333,45,41,23.68,23.68,23.68
2022-11-14 16:30:00,0.9474,2.142,0.302,0.4303,120,91.1223,49.5173,120,75.7373,76.1132,75.4112,0.204,120,27.1925,27.2985,27.0147,0.09,120,1007.7024,1007.8494,1007.4648,0.0909,120,57.1941,70.1685,49.9827,5.7775,120,51.0596,61.1837,46.8956,4.1488,120,28.4277,77.6974,14.2604,17.0995,120,120,0,42.6674,54.3229,36.6222,5.4645,120,81.14,82.43,79.87,0.69,120,3.4617,3.4642,3.4577,0.0015,0.5719,0.573,0.5702,0.0009,0.7574,0.7611,0.7541,0.002,-0.0002,-0.0001,-0.0005,0.0001,0.0007,0.0009,0.0006,0.0001,0.0004,0.0005,0.0004,0,0.0427,0.0543,0.0366,0.0055,80.15,210,10,46.772,0,0,0,0,312.0167,1019,23,198.4101,40,41.1833,47,39,23.68,23.68,23.68
2022-11-14 16:40:00,1.3618,3.0712,0.4124,0.6347,120,84.2956,53.134,120,75.4941,75.869,75.1671,0.1563,120,27.2902,27.3321,27.268,0.0101,120,1007.7685,1007.831,1007.6296,0.085,120,46.6909,51.4252,39.1693,3.7263,120,65.8365,75.1056,51.2917,5.6538,120,233.8761,300.9555,80.6478,66.3523,120,120,0,35.7016,39.6741,29.9081,3.1614,120,83.5,84.73,82.43,0.69,120,3.4628,3.4639,3.4605,0.0014,0.5729,0.5733,0.5727,0.0001,0.7549,0.7587,0.7517,0.0016,-0.0015,-0.0005,-0.0019,0.0004,0.0006,0.0007,0.0005,0,0.0005,0.0006,0.0004,0,0.0357,0.0397,0.0299,0.0032,125.2,311,22,68.9899,0,0,0,0,298.7917,992,0,202.0628,40,41.0667,47,39,23.68,23.68,23.68
2022-11-14 16:50:00,1.2609,2.7952,0.3204,0.5482,120,70.7691,43.4797,120,75.4852,76.0521,74.984,0.2829,120,27.4706,27.5579,27.3382,0.0541,120,1007.8204,1008.0142,1007.6296,0.0418,120,34.5876,39.6504,26.4331,4.4169,120,39.2564,63.0156,25.6459,11.4379,120,93.4382,282.2688,18.1953,85.9759,120,120,0,27.5353,30.2133,21.9733,2.7412,120,85.86,87.03,84.73,0.69,120,3.4637,3.4669,3.4605,0.0007,0.5747,0.5756,0.5734,0.0005,0.7549,0.7605,0.7498,0.0028,-0.0006,-0.0001,-0.0018,0.0005,0.0004,0.0005,0.0003,0.0001,0.0003,0.0005,0.0002,0.0001,0.0275,0.0302,0.022,0.0027,114.2333,281,12,59.5864,0,0,0,0,233.9583,910,0,151.855,40,41.05,45,39,23.68,23.73,23.68
2022-11-14 17:00:00,1.3012,2.924,0,0.6131,120,73.6243,40.1571,120,75.825,76.2963,75.4418,0.216,120,27.2256,27.3778,27.0879,0.0799,120,1007.9089,1008.0325,1007.6479,0.0937,120,17.8285,26.1929,9.3717,5.3027,120,17.8849,28.5762,8.4262,6.3329,120,28.4809,83.1067,13.7689,24.0329,120,120,0,15.801,21.9733,8.8504,3.9613,120,88.22,89.33,87.03,0.69,120,3.4651,3.4672,3.4608,0.0016,0.5723,0.5738,0.5709,0.0008,0.7583,0.763,0.7544,0.0022,-0.0002,-0.0001,-0.0005,0.0001,0.0002,0.0003,0.0001,0.0001,0.0001,0.0002,0.0001,0.0001,0.0158,0.022,0.0089,0.004,118.8,295,0,66.2659,0,0,0,0,242.7833,1022,22,161.6021,40,41.0833,47,39,23.68,23.68,23.68
2022-11-14 17:10:00,1.4173,3.5404,0.2928,0.6348,120,65.044,39.6556,120,76.3136,76.693,75.7469,0.1954,120,27.0037,27.0818,26.917,0.0357,120,1007.9965,1008.0325,1007.8127,0.0555,120,4.0912,9.1315,1.4417,2.1004,120,3.795,8.4262,0.7323,2.0328,120,13.7689,14.2604,13.2775,0.2113,120,120,0,4.5727,8.8504,2.1363,1.7614,120,89.67,89.84,89.33,0.17,29,3.4666,3.4672,3.4635,0.0009,0.57,0.5708,0.5692,0.0004,0.7631,0.7669,0.7575,0.002,-0.0001,-0.0001,-0.0001,0,0.0001,0.0001,0,0,0,0.0001,0,0,0.0046,0.0089,0.0021,0.0018,131.225,362,9,69.0028,0,0,0,0,231.275,1020,31,183.1711,40,41.1,47,39,23.68,23.73,23.68
2022-11-14 17:20:00,1.398,3.5496,0.3296,0.6525,120,58.7957,52.9199,120,76.4763,76.8151,76.2047,0.1402,120,26.9104,26.9414,26.8773,0.0193,120,1008.0949,1008.2156,1007.9958,0.0932,120,0.2423,1.4417,0,0.3531,120,0.1678,1.0996,0,0.2764,120,13.7362,14.2604,13.2775,0.2087,120,120,0,0.9944,2.4415,0,0.7193,120,None,None,None,None,0,3.4682,3.4703,3.4666,0.0016,0.5691,0.5694,0.5688,0.0002,0.7648,0.7682,0.762,0.0014,-0.0001,-0.0001,-0.0001,0,0,0,0,0,0,0,0,0,0.001,0.0024,0,0.0007,129.1333,363,13,70.9199,0,0,0,0,288.2917,1018,20,262.0056,40,41.2,47,39,23.68,23.68,23.63
2022-11-14 17:30:00,1.7244,4.0648,0.3664,0.8592,120,59.5876,37.1794,120,76.2769,76.5099,75.8995,0.127,120,26.8803,26.9292,26.8377,0.0256,120,1008.1957,1008.3987,1007.9958,0.0427,120,0,0,0,0,120,0,0,0,0,120,13.773,14.2604,13.2775,0.2064,120,120,0,0,0,0,0,120,None,None,None,None,0,3.4699,3.4733,3.4666,0.0007,0.5688,0.5693,0.5684,0.0003,0.7628,0.7651,0.759,0.0013,-0.0001,-0.0001,-0.0001,0,0,0,0,0,0,0,0,0,0,0,0,0,164.6083,419,17,93.3872,0,0,0,0,231.2333,1022,5,206.5296,40,41.1333,47,39,23.68,23.68,23.63
2022-11-14 17:40:00,1.8116,5.3896,0.3204,0.8272,120,65.3037,41.5452,120,76.0008,76.1742,75.7469,0.1083,120,26.8628,26.8987,26.8407,0.0124,120,1008.2047,1008.3987,1007.9958,0.0689,120,0,0,0,0,120,0,0,0,0,120,13.7812,14.2604,13.2775,0.196,120,120,0,0,0,0,0,120,None,None,None,None,0,3.4701,3.4733,3.4666,0.0011,0.5686,0.569,0.5684,0.0001,0.76,0.7617,0.7575,0.0011,-0.0001,-0.0001,-0.0001,0,0,0,0,0,0,0,0,0,0,0,0,0,174.0833,563,12,89.9163,0,0,0,0,222.875,1015,12,164.8948,39.9,41.0667,47,39,23.68,23.73,23.68
2022-11-14 17:50:00,1.5549,3.6968,0.2652,0.8023,120,71.4295,44.2115,120,75.9229,76.2047,75.6249,0.1347,120,26.878,26.9323,26.8285,0.0355,120,1008.2638,1008.3987,1008.179,0.0928,120,0,0,0,0,120,0,0,0,0,120,13.8754,14.2604,13.7689,0.2033,120,120,0,0,0,0,0,120,None,None,None,None,0,3.4711,3.4733,3.4696,0.0015,0.5688,0.5693,0.5683,0.0003,0.7592,0.762,0.7562,0.0013,-0.0001,-0.0001,-0.0001,0,0,0,0,0,0,0,0,0,0,0,0,0,146.1833,379,6,87.2056,0,0,0,0,249.6083,973,16,179.5866,39,41.1667,47,39,23.68,23.73,23.68
2022-11-14 18:00:00,1.3247,3.1448,0.3664,0.6299,120,75.6699,37.5093,120,75.8021,75.9606,75.6249,0.0953,120,26.9186,26.9506,26.8926,0.0161,120,1008.2621,1008.3987,1008.179,0.0928,120,0,0,0,0,120,0,0,0,0,120,13.8427,14.2604,13.2775,0.2079,120,120,0,0,0,0,0,120,None,None,None,None,0,3.471,3.4733,3.4696,0.0015,0.5692,0.5695,0.5689,0.0002,0.758,0.7596,0.7562,0.001,-0.0001,-0.0001,-0.0001,0,0,0,0,0,0,0,0,0,0,0,0,0,121.1583,319,17,68.4684,0,0,0,0,252.9167,1010,28,163.2375,39,41.0667,45,39,23.68,23.68,23.63
2022-11-14 18:10:00,1.6924,3.8532,0.4032,0.6799,120,72.1265,34.8605,120,75.793,75.9301,75.6249,0.0686,120,26.8704,26.9262,26.8133,0.0354,120,1008.3988,1008.5635,1008.179,0.0833,120,0,0,0,0,120,0,0,0,0,120,13.8058,14.2604,13.2775,0.1448,120,120,0,0,0,0,0,120,None,None,None,None,0,3.4733,3.4761,3.4696,0.0014,0.5687,0.5693,0.5681,0.0003,0.7579,0.7593,0.7562,0.0007,-0.0001,-0.0001,-0.0001,0,0,0,0,0,0,0,0,0,0,0,0,0,161.1333,396,21,73.9035,0,0,0,0,231.1917,977,10,144.2467,39,41.1,45,39,23.68,23.68,23.63
2022-11-14 18:20:00,1.627,3.0896,0.2836,0.6738,120,66.5578,43.8896,120,75.9662,76.1437,75.7469,0.081,120,26.8136,26.8377,26.795,0.0104,120,1008.4263,1008.5818,1008.3621,0.0808,120,0,0,0,0,120,0,0,0,0,120,13.8959,14.2604,13.7689,0.216,120,120,0,0,0,0,0,120,None,None,None,None,0,3.4738,3.4764,3.4727,0.0013,0.5681,0.5684,0.5679,0.0001,0.7597,0.7614,0.7575,0.0008,-0.0001,-0.0001,-0.0001,0,0,0,0,0,0,0,0,0,0,0,0,0,154.025,313,8,73.2433,0,0,0,0,237.2583,983,30,176.9777,39,41.0667,47,39,23.68,23.68,23.63
2022-11-14 18:30:00,1.6445,3.3748,0.6792,0.5794,120,78.0604,33.4692,120,76.0539,76.1742,75.9301,0.059,120,26.8016,26.8377,26.7461,0.024,120,1008.5516,1008.7649,1008.3621,0.0727,120,0,0,0,0,120,0,0,0,0,120,13.8549,14.2604,13.2775,0.208,120,120,0,0,0,0,0,120,None,None,None,None,0,3.4759,3.4794,3.4727,0.0012,0.568,0.5684,0.5675,0.0002,0.7605,0.7617,0.7593,0.0006,-0.0001,-0.0001,-0.0001,0,0,0,0,0,0,0,0,0,0,0,0,0,155.925,344,51,62.9749,0,0,0,0,241.0333,1007,79,131.8787,39,41.0833,47,39,23.68,23.68,23.63
2022-11-14 18:40:00,1.6089,2.7676,0.4308,0.5798,120,74.6947,38.0402,120,76.0847,76.2352,75.8995,0.0747,120,26.6646,26.7492,26.621,0.0347,120,1008.6097,1008.7649,1008.5269,0.0918,120,0,0,0,0,120,0,0,0,0,120,13.8017,14.2604,13.2775,0.1526,120,120,0,0,0,0,0,120,None,None,None,None,0,3.4768,3.4794,3.4754,0.0015,0.5666,0.5675,0.5662,0.0003,0.7608,0.7624,0.759,0.0007,-0.0001,-0.0001,-0.0001,0,0,0,0,0,0,0,0,0,0,0,0,0,152.05,278,24,63.0257,0,0,0,0,245.7167,1004,51,158.5917,39,41.15,47,39,23.68,23.68,23.63
2022-11-14 18:50:00,1.4747,3.614,0.3664,0.6504,120,71.4052,41.1247,120,76.1551,76.2963,76.0216,0.0757,120,26.5826,26.6363,26.5355,0.0361,120,1008.63,1008.7649,1008.5269,0.0984,120,0,0,0,0,120,0,0,0,0,120,13.7853,14.2604,13.2775,0.1795,120,120,0,0,0,0,0,120,None,None,None,None,0,3.4772,3.4794,3.4754,0.0016,0.5658,0.5664,0.5654,0.0004,0.7616,0.763,0.7602,0.0008,-0.0001,-0.0001,-0.0001,0,0,0,0,0,0,0,0,0,0,0,0,0,137.4667,370,17,70.6912,0,0,0,0,256.5167,954,7,184.0167,39,41.1333,47,39,23.68,23.68,23.63
2022-11-14 19:00:00,1.397,2.7216,0.5964,0.4405,120,73.9936,34.5829,120,76.371,76.4794,76.1742,0.0847,120,26.5201,26.5386,26.502,0.0076,120,1008.7724,1008.948,1008.5452,0.0802,120,0,0,0,0,120,0,0,0,0,120,13.8304,14.2604,13.2775,0.197,120,120,0,0,0,0,0,120,None,None,None,None,0,3.4795,3.4825,3.4758,0.0013,0.5652,0.5654,0.565,0.0001,0.7637,0.7648,0.7617,0.0008,-0.0001,-0.0001,-0.0001,0,0,0,0,0,0,0,0,0,0,0,0,0,129.025,273,42,47.8854,0,0,0,0,213.8083,537,11,100.8591,38.8,41.0833,45,39,23.68,23.68,23.63
2022-11-14 19:10:00,1.2724,2.5744,0.4492,0.4624,120,79.9474,37.0326,120,76.601,76.8456,76.4183,0.1021,120,26.4803,26.5142,26.4531,0.0158,120,1008.9016,1008.948,1008.7283,0.0702,120,0,0,0,0,120,0,0,0,0,120,13.8427,14.2604,13.2775,0.2079,120,120,0,0,0,0,0,120,None,None,None,None,0,3.4817,3.4825,3.4788,0.0012,0.5648,0.5651,0.5645,0.0002,0.766,0.7685,0.7642,0.001,-0.0001,-0.0001,-0.0001,0,0,0,0,0,0,0,0,0,0,0,0,0,115.4833,257,26,50.2655,0,0,0,0,239.175,809,30,119.1967,38,41.05,45,39,23.68,23.68,23.68
2022-11-14 19:20:00,1.6709,4.028,0.4124,0.7711,120,76.0923,42.3618,120,76.901,77.0287,76.693,0.0876,120,26.4873,26.5325,26.4531,0.0238,120,1008.9422,1009.1311,1008.7283,0.0611,120,0,0,0,0,120,0,0,0,0,120,14.0269,14.2604,13.7689,0.2465,120,120,0,0,0,0,0,120,None,None,None,None,0,3.4824,3.4855,3.4788,0.001,0.5649,0.5653,0.5645,0.0002,0.769,0.7703,0.7669,0.0009,-0.0001,-0.0001,-0.0001,0,0,0,0,0,0,0,0,0,0,0,0,0,158.7917,415,22,83.8105,0,0,0,0,244.5417,963,11,154.3755,38,41.1,47,39,23.68,23.68,23.68
2022-11-14 19:30:00,1.4878,3.6048,0.5688,0.6752,120,76.8126,46.7417,120,77.0096,77.0898,76.9066,0.0419,120,26.5624,26.6027,26.5264,0.0209,120,1009.0104,1009.1311,1008.9114,0.0936,120,0,0,0,0,120,0,0,0,0,120,13.945,14.2604,13.7689,0.2366,120,120,0,0,0,0,0,120,None,None,None,None,0,3.4835,3.4855,3.4819,0.0016,0.5656,0.566,0.5653,0.0002,0.7701,0.7709,0.7691,0.0004,-0.0001,-0.0001,-0.0001,0,0,0,0,0,0,0,0,0,0,0,0,0,138.8917,369,39,73.3885,0,0,0,0,280.7333,1018,15,203.4665,38,41.0667,45,39,23.68,23.68,23.68
2022-11-14 19:40:00,1.4762,2.9608,0.256,0.6278,120,84.6481,46.9528,120,77.0305,77.1203,76.9372,0.0487,120,26.6061,26.6179,26.5905,0.0078,120,1009.1031,1009.2959,1008.9114,0.0552,120,0,0,0,0,120,0,0,0,0,120,13.9368,14.2604,13.7689,0.2341,120,120,0,0,0,0,0,120,None,None,None,None,0,3.4851,3.4883,3.4819,0.0009,0.5661,0.5662,0.5659,0.0001,0.7703,0.7712,0.7694,0.0005,-0.0001,-0.0001,-0.0001,0,0,0,0,0,0,0,0,0,0,0,0,0,137.6333,299,5,68.2419,0,0,0,0,289.3917,1009,27,182.8266,38,41.25,47,39,23.68,23.68,23.63
2022-11-14 19:50:00,1.0126,2.3076,0.2192,0.4625,120,76.5804,45.7164,120,77.0793,77.3339,76.9677,0.0898,120,26.5968,26.624,26.5661,0.0176,120,1009.1523,1009.2959,1009.0762,0.0877,120,0,0,0,0,120,0,0,0,0,120,13.945,14.2604,13.7689,0.2366,120,120,0,0,0,0,0,120,None,None,None,None,0,3.4859,3.4883,3.4846,0.0015,0.566,0.5662,0.5657,0.0002,0.7708,0.7733,0.7697,0.0009,-0.0001,-0.0001,-0.0001,0,0,0,0,0,0,0,0,0,0,0,0,0,87.2417,228,1,50.2765,0,0,0,0,242.5,860,5,145.023,38,41.15,45,41,23.68,23.68,23.63
2022-11-14 20:00:00,1.5056,3.9176,0.4308,0.8684,120,60.9119,40.7709,120,77.3769,77.517,77.2423,0.0829,120,26.6349,26.679,26.5905,0.0236,120,1009.234,1009.2959,1009.0762,0.0864,120,0,0,0,0,120,0,0,0,0,120,13.9123,14.2604,13.2775,0.2417,120,120,0,0,0,0,0,120,None,None,None,None,0,3.4872,3.4883,3.4846,0.0014,0.5664,0.5668,0.5659,0.0002,0.7738,0.7752,0.7724,0.0008,-0.0001,-0.0001,-0.0001,0,0,0,0,0,0,0,0,0,0,0,0,0,140.825,403,24,94.3915,0,0,0,0,232.475,1020,10,199.1654,38,41.1,47,39,23.68,23.68,23.68
2022-11-14 20:10:00,2.0429,3.7704,0.7344,0.7623,120,63.1804,39.3156,120,77.6546,77.8832,77.4255,0.1313,120,26.6396,26.6729,26.621,0.0136,120,1009.2875,1009.479,1009.0945,0.0406,120,0,0,0,0,120,0,0,0,0,120,14.0147,14.2604,13.7689,0.2468,120,120,0,0,0,0,0,120,None,None,None,None,0,3.4881,3.4913,3.4849,0.0007,0.5664,0.5667,0.5662,0.0001,0.7765,0.7788,0.7743,0.0013,-0.0001,-0.0001,-0.0001,0,0,0,0,0,0,0,0,0,0,0,0,0,199.2333,387,57,82.8558,0,0,0,0,234.75,991,7,190.339,38,41.1333,47,39,23.68,23.68,23.63
2022-11-14 20:20:00,2.0632,4.2304,0.7252,0.7652,120,85.3426,36.4327,120,77.8886,78.0663,77.7306,0.0869,120,26.5631,26.6485,26.3982,0.0753,120,1009.3785,1009.4974,1009.2593,0.0988,120,0,0,0,0,120,0,0,0,0,120,13.8508,14.2604,13.2775,0.3078,120,120,0,0,0,0,0,120,None,None,None,None,0,3.4896,3.4916,3.4877,0.0016,0.5656,0.5665,0.564,0.0008,0.7789,0.7807,0.7773,0.0009,-0.0001,-0.0001,-0.0001,0,0,0,0,0,0,0,0,0,0,0,0,0,201.4333,437,56,83.1762,0,0,0,0,259.525,930,3,129.5432,37.5,41.05,47,39,23.68,23.68,23.63
2022-11-14 20:30:00,1.9414,3.4852,0.6516,0.6047,120,80.8781,42.0165,120,78.5864,79.2871,78.0663,0.3922,120,26.1454,26.3891,25.9557,0.1403,120,1009.378,1009.479,1009.2593,0.0973,120,0.5226,1.922,0,0.7704,120,0,0,0,0,120,13.2447,14.2604,12.2946,0.5046,120,120,0,0,0,0,0,120,None,None,None,None,0,3.4896,3.4913,3.4877,0.0016,0.5615,0.5639,0.5596,0.0014,0.7859,0.7929,0.7807,0.0039,-0.0001,-0.0001,-0.0001,0,0,0,-0.0001,0,0,0,0,0,0,0,0,0,188.2,356,48,65.7261,0,0,0,0,267.5667,972,16,164.8388,37,41.0833,45,39,23.68,23.68,23.68
2022-11-14 20:40:00,1.1488,2.7032,0.3204,0.5712,120,87.8252,43.2341,120,79.93,80.4773,79.2871,0.3447,120,25.944,25.9862,25.9191,0.0188,120,1009.4855,1009.6622,1009.2776,0.0785,120,2.1847,2.8835,1.4417,0.3414,120,0,0,0,0,120,13.8508,14.2604,13.2775,0.2048,120,120,0,0,0,0,0,120,None,None,None,None,0,3.4914,3.4944,3.488,0.0013,0.5594,0.5599,0.5592,0.0002,0.7993,0.8048,0.7929,0.0034,-0.0001,-0.0001,-0.0001,0,0,0,0,0,0,0,0,0,0,0,0,0,102.0417,271,12,62.0855,0,0,0,0,299.275,1016,34,188.0627,37,41.15,47,41,23.68,23.68,23.68
2022-11-14 20:50:00,1.5357,3.246,0.3296,0.6351,120,68.6902,36.8381,120,80.7527,81.1487,80.4468,0.1997,120,25.9825,25.9984,25.9648,0.0082,120,1009.5656,1009.6622,1009.4424,0.0949,120,2.0826,3.1236,0.9614,0.5235,120,0,0,0,0,120,13.9164,14.2604,13.2775,0.235,120,120,0,0,0,0,0,120,None,None,None,None,0,3.4928,3.4944,3.4907,0.0016,0.5598,0.56,0.5596,0.0001,0.8075,0.8115,0.8045,0.002,-0.0001,-0.0001,-0.0001,0,0,0,0,0,0,0,0,0,0,0,0,0,144.1,330,13,69.0376,0,0,0,0,222.0083,1021,1,146.2815,37,41.1333,47,39,23.68,23.68,23.63
2022-11-14 21:00:00,1.5566,2.924,0.5044,0.5369,120,66.1397,30.9839,120,81.2517,81.4234,81.0572,0.1209,120,26.0357,26.1022,25.9923,0.0313,120,1009.5898,1009.6622,1009.4424,0.0862,120,0.5206,1.6819,0,0.4276,120,0,0,0,0,120,13.9368,14.2604,13.2775,0.2508,120,120,0,0,0,0,0,120,None,None,None,None,0,3.4932,3.4944,3.4907,0.0014,0.5604,0.561,0.5599,0.0003,0.8125,0.8142,0.8106,0.0012,-0.0001,-0.0001,-0.0001,0,0,0,0,0,0,0,0,0,0,0,0,0,146.3667,295,32,58.3624,0,0,0,0,201.4333,987,6,117.9432,37,41.1833,47,39,23.68,23.68,23.63
2022-11-14 21:10:00,1.777,3.8164,0.4584,0.7952,120,73.9886,41.3973,120,81.3339,81.4234,81.2403,0.0442,120,26.1385,26.209,26.093,0.0353,120,1009.5235,1009.6622,1009.2593,0.098,120,0.002,0.2402,0,0.0219,120,0,0,0,0,120,13.986,14.2604,13.2775,0.2532,120,120,0,0,0,0,0,120,None,None,None,None,0,3.4921,3.4944,3.4877,0.0016,0.5614,0.5621,0.5609,0.0003,0.8133,0.8142,0.8124,0.0004,-0.0001,-0.0001,-0.0001,0,0,0,0,0,0,0,0,0,0,0,0,0,170.325,392,27,86.4361,0,0,0,0,242.8917,1012,0,159.3238,37,41.1,47,41,23.68,23.68,23.63
2022-11-14 21:20:00,1.7598,4.074,0.256,0.873,120,77.3971,41.4649,120,81.0734,81.3013,80.9046,0.1016,120,26.2114,26.2334,26.1846,0.0144,120,1009.5508,1009.6622,1009.4241,0.0938,120,0,0,0,0,120,0,0,0,0,120,13.8836,14.2604,13.2775,0.2182,120,120,0,0,0,0,0,120,None,None,None,None,0,3.4925,3.4944,3.4904,0.0016,0.5621,0.5623,0.5618,0.0001,0.8107,0.813,0.809,0.001,-0.0001,-0.0001,-0.0001,0,0,0,0,0,0,0,0,0,0,0,0,0,168.4583,420,5,94.8935,0,0,0,0,253.625,991,6,162.6146,37,41.0667,43,39,23.68,23.68,23.63
2022-11-14 21:30:00,1.3506,2.9792,0.302,0.5016,120,66.6948,36.88,120,80.9661,81.0572,80.9046,0.0371,120,26.2362,26.2761,26.2029,0.0178,120,1009.611,1009.6622,1009.4424,0.0632,120,0,0,0,0,120,0,0,0,0,120,13.9205,14.2604,13.2775,0.2366,120,120,0,0,0,0,0,120,None,None,None,None,0,3.4935,3.4944,3.4907,0.0011,0.5624,0.5628,0.562,0.0002,0.8097,0.8106,0.809,0.0004,-0.0001,-0.0001,-0.0001,0,0,0,0,0,0,0,0,0,0,0,0,0,123.9833,301,10,54.5181,0,0,0,0,228.475,1012,28,166.1007,37,41.1167,45,39,23.68,23.68,23.63
2022-11-14 21:40:00,1.1657,2.372,0.3112,0.5335,120,79.0416,46.2663,120,80.8644,80.9656,80.6909,0.0584,120,26.3023,26.328,26.267,0.0182,120,1009.6171,1009.8453,1009.4424,0.0673,120,0,0,0,0,120,0,0,0,0,120,13.8672,14.2604,13.2775,0.2074,120,120,0,0,0,0,0,120,None,None,None,None,0,3.4936,3.4974,3.4907,0.0011,0.563,0.5633,0.5627,0.0002,0.8086,0.8097,0.8069,0.0006,-0.0001,-0.0001,-0.0001,0,0,0,0,0,0,0,0,0,0,0,0,0,103.875,235,11,57.9853,0,0,0,0,265.0083,965,20,174.835,36.9,41.1167,47,39,23.68,23.68,23.63
2022-11-14 21:50:00,1.7016,4.4604,0.4676,0.9113,120,67.6236,38.1504,120,80.6439,80.752,80.3858,0.0823,120,26.2443,26.325,26.1937,0.0415,120,1009.6329,1009.8453,1009.4241,0.0537,120,0,0,0,0,120,0,0,0,0,120,13.945,14.2604,13.2775,0.2532,120,120,0,0,0,0,0,120,None,None,None,None,0,3.4939,3.4974,3.4904,0.0009,0.5624,0.5633,0.5619,0.0004,0.8064,0.8075,0.8039,0.0008,-0.0001,-0.0001,-0.0001,0,0,0,0,0,0,0,0,0,0,0,0,0,162.1333,462,28,99.0524,0,0,0,0,218.8667,1000,23,151.1985,36,41.0833,47,39,23.68,23.68,23.68
2022-11-14 22:00:00,1.4688,3.1356,0.5228,0.5485,120,69.309,28.1734,120,80.5055,80.6909,80.2637,0.1044,120,26.2506,26.2975,26.212,0.0274,120,1009.5349,1009.6438,1009.4241,0.094,120,0,0,0,0,120,0,0,0,0,120,13.9901,14.2604,13.7689,0.2455,120,120,0,0,0,0,0,120,None,None,None,None,0,3.4922,3.4941,3.4904,0.0016,0.5625,0.563,0.5621,0.0003,0.8051,0.8069,0.8026,0.001,-0.0001,-0.0001,-0.0001,0,0,0,0,0,0,0,0,0,0,0,0,0,136.825,318,34,59.6189,0,0,0,0,220.4417,1014,64,136.7036,36,41.15,47,39,23.68,23.68,23.68
2022-11-14 22:10:00,1.6464,3.9728,0.486,0.8063,120,64.8386,45.6276,120,80.104,80.3247,79.8669,0.1155,120,26.344,26.3982,26.2944,0.0284,120,1009.4343,1009.4607,1009.241,0.0492,120,0,0,0,0,120,0,0,0,0,120,13.9409,14.2604,13.2775,0.2439,120,120,0,0,0,0,0,120,None,None,None,None,0,3.4906,3.491,3.4874,0.0008,0.5634,0.564,0.5629,0.0003,0.801,0.8032,0.7987,0.0012,-0.0001,-0.0001,-0.0001,0,0,0,0,0,0,0,0,0,0,0,0,0,156.125,409,30,87.64,0,0,0,0,237.3833,1017,8,188.8362,36,41.1667,47,41,23.68,23.68,23.63
2022-11-14 22:20:00,2.0497,4.672,0.5412,0.844,120,68.8443,38.2548,120,79.3029,79.8975,78.7988,0.2238,120,26.231,26.4013,26.1602,0.0759,120,1009.4972,1009.6438,1009.4241,0.0836,120,0,0,0,0,120,0,0,0,0,120,13.8427,14.2604,13.2775,0.1874,120,120,0,0,0,0,0,120,None,None,None,None,0,3.4916,3.4941,3.4904,0.0014,0.5623,0.564,0.5616,0.0008,0.793,0.799,0.788,0.0022,-0.0001,-0.0001,-0.0001,0,0,0,0,0,0,0,0,0,0,0,0,0,199.9667,485,36,91.7397,0,0,0,0,238.525,1004,21,171.9898,36,41.1833,47,41,23.68,23.68,23.63
2022-11-14 22:30:00,1.3137,3.1632,0.3756,0.5427,120,66.0315,32.6771,120,79.0208,79.3786,78.8293,0.1211,120,26.2242,26.267,26.2029,0.0164,120,1009.4691,1009.6438,1009.4241,0.0665,120,0,0,0,0,120,0,0,0,0,120,13.8304,14.2604,13.2775,0.197,120,120,0,0,0,0,0,120,None,None,None,None,0,3.4912,3.4941,3.4904,0.0011,0.5622,0.5627,0.562,0.0002,0.7902,0.7938,0.7883,0.0012,-0.0001,-0.0001,-0.0001,0,0,0,0,0,0,0,0,0,0,0,0,0,119.9667,321,18,58.9915,0,0,0,0,194.3,676,1,100.168,36,41.1167,45,41,23.68,23.68,23.63
2022-11-14 22:40:00,1.2963,3.3564,0.394,0.5211,120,67.0522,39.6438,120,78.9493,79.3481,78.7072,0.169,120,26.3302,26.4104,26.2578,0.0563,120,1009.4513,1009.6255,1009.241,0.0506,120,0,0,0,0,120,0,0,0,0,120,13.8959,14.2604,13.2775,0.2252,120,120,0,0,0,0,0,120,None,None,None,None,0,3.4909,3.4938,3.4874,0.0008,0.5633,0.5641,0.5626,0.0006,0.7895,0.7935,0.7871,0.0017,-0.0001,-0.0001,-0.0001,0,0,0,0,0,0,0,0,0,0,0,0,0,118.075,342,20,56.6388,0,0,0,0,230.4167,994,8,169.8783,36,41.2,47,41,23.68,23.68,23.63
2022-11-14 22:50:00,1.0105,2.8872,0,0.6925,120,56.6835,63.5852,120,79.2896,79.5007,79.0124,0.1475,120,26.4129,26.4379,26.3952,0.0097,120,1009.3364,1009.6255,1009.2227,0.0981,120,0,0,0,0,120,0,0,0,0,120,13.8386,14.2604,13.2775,0.2044,120,120,0,0,0,0,0,120,None,None,None,None,0,3.4889,3.4938,3.487,0.0016,0.5641,0.5644,0.5639,0.0001,0.7929,0.795,0.7901,0.0015,-0.0001,-0.0001,-0.0001,0,0,0,0,0,0,0,0,0,0,0,0,0,87.2,291,0,75.0216,0,0,0,0,300.0333,1020,0,266.1803,36,41.05,43,39,23.68,23.68,23.63
2022-11-14 23:00:00,1.802,3.246,0.6148,0.5568,120,65.3331,31.8833,120,79.7217,80.05,79.4702,0.1865,120,26.2917,26.3952,26.2212,0.0521,120,1009.2656,1009.4424,1009.2227,0.0611,120,0,0,0,0,120,0,0,0,0,120,13.8181,14.2604,13.2775,0.1847,120,120,0,0,0,0,0,120,None,None,None,None,0,3.4878,3.4907,3.487,0.001,0.5629,0.5639,0.5622,0.0005,0.7972,0.8005,0.7947,0.0019,-0.0001,-0.0001,-0.0001,0,0,0,0,0,0,0,0,0,0,0,0,0,173.0417,330,44,60.5223,0,0,0,0,211.4167,1010,12,140.3863,36,41.05,43,39,23.68,23.68,23.63
2022-11-14 23:10:00,2.4633,4.7732,1.038,0.8161,120,59.8221,36.0708,120,80.3201,80.5383,80.05,0.1268,120,26.2161,26.2334,26.1998,0.0079,120,1009.2387,1009.4424,1009.0396,0.0627,120,0,0,0,0,120,0,0,0,0,120,13.859,14.2604,13.2775,0.2383,120,120,0,0,0,0,0,120,None,None,None,None,0,3.4873,3.4907,3.484,0.001,0.5622,0.5623,0.562,0.0001,0.8032,0.8054,0.8005,0.0013,-0.0001,-0.0001,-0.0001,0,0,0,0,0,0,0,0,0,0,0,0,0,244.925,496,90,88.705,0,0,0,0,220.4333,1017,15,186.0523,36,41.1,45,41,23.68,23.68,23.63
2022-11-14 23:20:00,2.2729,4.1752,0.854,0.7179,120,58.8815,27.1676,120,80.679,80.813,80.5078,0.0704,120,26.241,26.2609,26.2212,0.009,120,1009.2074,1009.4424,1009.0396,0.0866,120,0,0,0,0,120,0,0,0,0,120,13.8427,14.2604,13.2775,0.2175,120,120,0,0,0,0,0,120,None,None,None,None,0,3.4868,3.4907,3.484,0.0014,0.5624,0.5626,0.5622,0.0001,0.8068,0.8081,0.8051,0.0007,-0.0001,-0.0001,-0.0001,0,0,0,0,0,0,0,0,0,0,0,0,0,224.2333,431,70,78.0319,0,0,0,0,183.8167,972,19,119.3505,36,41.1333,47,39,23.68,23.68,23.63
2022-11-14 23:30:00,1.9492,3.844,0.4124,0.822,120,66.685,40.2151,120,80.988,81.2708,80.752,0.1506,120,26.1924,26.2334,26.1663,0.0184,120,1009.1182,1009.2593,1009.0396,0.0869,120,0,0,0,0,120,0,0,0,0,120,13.8181,14.2604,13.2775,0.2055,120,120,0,0,0,0,0,120,None,None,None,None,0,3.4853,3.4877,3.484,0.0014,0.5619,0.5623,0.5617,0.0002,0.8099,0.8127,0.8075,0.0015,-0.0001,-0.0001,-0.0001,0,0,0,0,0,0,0,0,0,0,0,0,0,189.0417,395,22,89.3504,0,0,0,0,216.9167,947,23,147.7917,36,41.05,45,39,23.68,23.68,23.68
2022-11-14 23:40:00,2.0975,4.1476,0.5412,0.7599,120,53.2166,42.8562,120,81.3092,81.4539,80.9656,0.1121,120,26.1645,26.1998,26.0594,0.0396,120,1009.1073,1009.2593,1009.0396,0.0807,120,0.008,0.2402,0,0.0433,120,0,0,0,0,120,13.6829,14.2604,12.786,0.3805,120,120,0,0,0,0,0,120,None,None,None,None,0,3.4851,3.4877,3.484,0.0013,0.5616,0.562,0.5606,0.0004,0.8131,0.8145,0.8097,0.0011,-0.0001,-0.0001,-0.0001,0,0,0,-0.0001,0,0,0,0,0,0,0,0,0,205.1667,428,36,82.5982,0,0,0,0,226.7417,1011,24,215.6632,35.6,41.0333,45,39,23.68,23.68,23.63
2022-11-14 23:50:00,1.6926,3.8624,0.394,0.7866,120,78.2739,51.8156,120,81.6167,81.8812,81.3318,0.1653,120,25.9868,26.0625,25.9496,0.0318,120,1009.0584,1009.241,1008.8748,0.0534,120,0,0,0,0,120,0,0,0,0,120,13.601,14.2604,12.786,0.3518,120,120,0,0,0,0,0,120,None,None,None,None,0,3.4843,3.4874,3.4812,0.0009,0.5599,0.5606,0.5595,0.0003,0.8162,0.8188,0.8133,0.0017,-0.0001,-0.0001,-0.0001,0,0,0,-0.0001,0,0,0,0,0,0,0,0,0,161.15,397,20,85.4987,0,0,0,0,260.5167,956,3,171.3358,35,41.35,47,39,23.68,23.68,23.63
