datetime,Anemometer;wind_speed;Avg (m/s),Anemometer;wind_speed;Max (m/s),Anemometer;wind_speed;Min (m/s),Anemometer;wind_speed;StdDev (m/s),Anemometer;wind_speed;Count (),Wind Vane TMR;wind_direction;Avg (°),Wind Vane TMR;wind_direction;StdDev (°),Wind Vane TMR;wind_direction;Count (),Hygro/Thermo;humidity;Avg (%),Hygro/Thermo;humidity;Max (%),Hygro/Thermo;humidity;Min (%),Hygro/Thermo;humidity;StdDev (%),Hygro/Thermo;humidity;Count (),Hygro/Thermo;temperature;Avg (°C),Hygro/Thermo;temperature;Max (°C),Hygro/Thermo;temperature;Min (°C),Hygro/Thermo;temperature;StdDev (°C),Hygro/Thermo;temperature;Count (),Barometer;air_pressure;Avg (hPa),Barometer;air_pressure;Max (hPa),Barometer;air_pressure;Min (hPa),Barometer;air_pressure;StdDev (hPa),Barometer;air_pressure;Count (),DHI (Diffuse Horizontal Irradiance);solar_irradiance;Avg (W/m²),DHI (Diffuse Horizontal Irradiance);solar_irradiance;Max (W/m²),DHI (Diffuse Horizontal Irradiance);solar_irradiance;Min (W/m²),DHI (Diffuse Horizontal Irradiance);solar_irradiance;StdDev (W/m²),DHI (Diffuse Horizontal Irradiance);solar_irradiance;Count (),GHI (Global Horizontal Irradiance);solar_irradiance;Avg (W/m²),GHI (Global Horizontal Irradiance);solar_irradiance;Max (W/m²),GHI (Global Horizontal Irradiance);solar_irradiance;Min (W/m²),GHI (Global Horizontal Irradiance);solar_irradiance;StdDev (W/m²),GHI (Global Horizontal Irradiance);solar_irradiance;Count (),DNI (Direct Normal Irradiance) Pyrheliometer;solar_DNI;Avg (W/m²),DNI (Direct Normal Irradiance) Pyrheliometer;solar_DNI;Max (W/m²),DNI (Direct Normal Irradiance) Pyrheliometer;solar_DNI;Min (W/m²),DNI (Direct Normal Irradiance) Pyrheliometer;solar_DNI;StdDev (W/m²),DNI (Direct Normal Irradiance) Pyrheliometer;solar_DNI;Count (),Precipitation;precipitation;Count (),Precipitation;precipitation;Sum (mm),GTI (Global Tilt Irradiance) PV Cell;voltage;Avg (W/m2),GTI (Global Tilt Irradiance) PV Cell;voltage;Max (W/m2),GTI (Global Tilt Irradiance) PV Cell;voltage;Min (W/m2),GTI (Global Tilt Irradiance) PV Cell;voltage;StdDev (W/m2),GTI (Global Tilt Irradiance) PV Cell;voltage;Count (),Theta;other;Avg (°),Theta;other;Max (°),Theta;other;Min (°),Theta;other;StdDev (°),Theta;other;Count (),A1;channel;Avg (V),A1;channel;Max (V),A1;channel;Min (V),A1;channel;StdDev (V),A2;channel;Avg (V),A2;channel;Max (V),A2;channel;Min (V),A2;channel;StdDev (V),A3;channel;Avg (V),A3;channel;Max (V),A3;channel;Min (V),A3;channel;StdDev (V),A4;channel;Avg (V),A4;channel;Max (V),A4;channel;Min (V),A4;channel;StdDev (V),A5;channel;Avg (V),A5;channel;Max (V),A5;channel;Min (V),A5;channel;StdDev (V),A6;channel;Avg (V),A6;channel;Max (V),A6;channel;Min (V),A6;channel;StdDev (V),A7;channel;Avg (V),A7;channel;Max (V),A7;channel;Min (V),A7;channel;StdDev (V),C1;channel;Avg (I),C1;channel;Max (I),C1;channel;Min (I),C1;channel;StdDev (I),C2;channel;Avg (I),C2;channel;Max (I),C2;channel;Min (I),C2;channel;StdDev (I),D1;channel;Avg (),D1;channel;Max (),D1;channel;Min (),D1;channel;StdDev (),T;channel;Avg (°C),I;channel;Avg (mA),I;channel;Max (mA),I;channel;Min (mA),V;channel;Avg (V),V;channel;Max (V),V;channel;Min (V)
2022-11-11 00:00:00,1.343,2.602,0.3112,0.6101,120,91.6187,45.6985,120,79.4005,79.5007,79.2871,0.0586,120,26.6312,26.6881,26.5752,0.0241,120,1007.4444,1007.5747,1007.2085,0.1053,120,0,0,0,0,120,0,0,0,0,120,13.8508,14.2604,13.2775,0.1946,120,120,0,0,0,0,0,120,None,None,None,None,0,3.4574,3.4596,3.4535,0.0018,0.5663,0.5669,0.5657,0.0002,0.794,0.795,0.7929,0.0006,-0.0001,-0.0001,-0.0001,0,0,0,0,0,0,0,0,0,0,0,0,0,123.15,260,11,66.3193,0,0,0,0,342.825,1022,39,215.1372,36,44.5167,49,41,23.68,23.68,23.63
2022-11-11 00:10:00,0.9026,2.2524,0,0.4206,120,82.5268,44.2901,120,79.3555,79.5007,79.2566,0.0551,120,26.6231,26.682,26.5508,0.0284,120,1007.2985,1007.4099,1007.1902,0.0955,120,0,0,0,0,120,0,0,0,0,120,13.7935,14.2604,13.2775,0.2099,120,120,0,0,0,0,0,120,None,None,None,None,0,3.455,3.4568,3.4532,0.0016,0.5662,0.5668,0.5655,0.0003,0.7936,0.795,0.7926,0.0006,-0.0001,-0.0001,-0.0001,0,0,0,0,0,0,0,0,0,0,0,0,0,75.475,222,0,45.3552,0,0,0,0,279.6083,1016,0,177.2402,36,41.7333,47,39,23.68,23.68,23.63
2022-11-11 00:20:00,1.0018,1.9396,0.2284,0.4103,120,93.1598,39.0533,120,79.591,79.8364,79.3786,0.1194,120,26.5313,26.6332,26.4318,0.0427,120,1007.2181,1007.4099,1007.0254,0.0579,120,0,0,0,0,120,0,0,0,0,120,13.6747,14.2604,13.2775,0.2141,120,120,0,0,0,0,0,120,None,None,None,None,0,3.4536,3.4568,3.4504,0.001,0.5653,0.5663,0.5643,0.0004,0.7959,0.7984,0.7938,0.0012,-0.0001,-0.0001,-0.0001,0,0,0,0,0,0,0,0,0,0,0,0,0,86.0667,188,2,44.5934,0,0,0,0,281.9667,992,38,132.9881,36,41.7833,47,39,23.68,23.68,23.63
2022-11-11 00:30:00,1.0986,2.7124,0.2376,0.5339,120,103.3877,43.1151,120,80.0849,80.3552,79.7754,0.1601,120,26.4236,26.5172,26.3372,0.0404,120,1007.2108,1007.3916,1007.0071,0.0355,120,0,0,0,0,120,0,0,0,0,120,13.7403,14.2604,13.2775,0.2044,120,120,0,0,0,0,0,120,None,None,None,None,0,3.4535,3.4565,3.4501,0.0006,0.5642,0.5652,0.5634,0.0004,0.8008,0.8036,0.7978,0.0016,-0.0001,-0.0001,-0.0001,0,0,0,0,0,0,0,0,0,0,0,0,0,96.5917,272,3,58.033,0,0,0,0,308.1667,753,93,127.8681,36,41.5167,47,39,23.68,23.68,23.63
2022-11-11 00:40:00,1.3391,2.234,0.4124,0.4085,120,101.8717,24.9003,120,80.6564,80.9656,80.3247,0.1933,120,26.3375,26.4074,26.2731,0.0286,120,1007.1294,1007.2268,1007.0071,0.0932,120,0,0,0,0,120,0,0,0,0,120,13.7894,14.2604,13.2775,0.2054,120,120,0,0,0,0,0,120,None,None,None,None,0,3.4522,3.4538,3.4501,0.0016,0.5634,0.5641,0.5627,0.0003,0.8066,0.8097,0.8032,0.0019,-0.0001,-0.0001,-0.0001,0,0,0,0,0,0,0,0,0,0,0,0,0,122.725,220,22,44.4066,0,0,0,0,290.6667,565,110,72.8495,36,41.6833,47,39,23.68,23.68,23.63
2022-11-11 00:50:00,0.7066,2.0132,0,0.4782,120,89.1904,61.9343,120,81.1268,81.3623,80.9046,0.1199,120,26.3165,26.3799,26.2609,0.024,120,1007.0002,1007.0437,1006.8239,0.063,120,0,0,0,0,120,0,0,0,0,120,13.728,14.2604,13.2775,0.2168,120,120,0,0,0,0,0,120,None,None,None,None,0,3.45,3.4507,3.4471,0.001,0.5632,0.5638,0.5626,0.0002,0.8113,0.8136,0.809,0.0012,-0.0001,-0.0001,-0.0001,0,0,0,0,0,0,0,0,0,0,0,0,0,57.2083,196,0,47.5877,0,0,0,0,321.6583,1003,13,207.2245,36,41.4167,47,41,23.68,23.68,23.63
2022-11-11 01:00:00,0.6647,1.4336,0,0.3488,120,95.4164,48.6018,120,81.5058,81.7286,81.3013,0.1232,120,26.3167,26.3738,26.2639,0.0255,120,1006.856,1007.0254,1006.6408,0.0763,120,0,0,0,0,120,0,0,0,0,120,13.8181,14.2604,13.7689,0.1481,120,120,0,0,0,0,0,120,None,None,None,None,0,3.4476,3.4504,3.444,0.0013,0.5632,0.5637,0.5626,0.0003,0.8151,0.8173,0.813,0.0012,-0.0001,-0.0001,-0.0001,0,0,0,0,0,0,0,0,0,0,0,0,0,50.7583,133,0,35.6672,0,0,0,0,311.6333,997,2,174.4591,35.3,41.6333,47,39,23.68,23.68,23.63
2022-11-11 01:10:00,1.5144,3.3288,0.5596,0.6119,120,91.1529,27.3811,120,81.7929,82.0643,81.5455,0.1261,120,26.2757,26.3738,26.212,0.036,120,1006.849,1007.0254,1006.6408,0.0666,120,0,0,0,0,120,0,0,0,0,120,13.8427,14.2604,13.2775,0.1979,120,120,0,0,0,0,0,120,None,None,None,None,0,3.4475,3.4504,3.444,0.0011,0.5628,0.5637,0.5621,0.0004,0.8179,0.8206,0.8155,0.0013,-0.0001,-0.0001,-0.0001,0,0,0,0,0,0,0,0,0,0,0,0,0,141.7833,339,38,66.507,0,0,0,0,267.325,835,77,92.4911,35,41.4667,47,39,23.68,23.68,23.63
2022-11-11 01:20:00,1.1189,2.5008,0.2376,0.5307,120,83.6654,61.3129,120,81.9829,82.0948,81.8506,0.0564,120,26.2538,26.328,26.1419,0.0363,120,1006.7673,1006.8422,1006.6225,0.0864,120,0,0,0,0,120,0,0,0,0,120,13.728,14.2604,13.2775,0.2595,120,120,0,0,0,0,0,120,None,None,None,None,0,3.4461,3.4474,3.4437,0.0014,0.5625,0.5633,0.5614,0.0004,0.8198,0.8209,0.8185,0.0006,-0.0001,-0.0001,-0.0001,0,0,0,0,0,0,0,0,0,0,0,0,0,98.7917,249,3,57.6802,0,0,0,0,329.5917,1011,3,237.1235,35,41.7833,47,41,23.68,23.68,23.63
2022-11-11 01:30:00,1.4578,3.0436,0.5228,0.4554,120,83.2314,34.9326,120,82.0994,82.2474,81.9117,0.0935,120,26.1166,26.209,26.0289,0.0479,120,1006.6718,1006.8422,1006.4394,0.0879,120,0,0,0,0,120,0,0,0,0,120,13.6256,13.7689,13.2775,0.2243,120,120,0,0,0,0,0,120,None,None,None,None,0,3.4445,3.4474,3.4407,0.0015,0.5612,0.5621,0.5603,0.0005,0.821,0.8225,0.8191,0.0009,-0.0001,-0.0001,-0.0001,0,0,0,0,0,0,0,0,0,0,0,0,0,135.6333,308,34,49.4973,0,0,0,0,244.4833,907,8,114.4445,35,41.9667,47,39,23.68,23.68,23.63
2022-11-11 01:40:00,1.4985,3.6508,0.5044,0.7381,120,71.4993,39.5294,120,82.2548,82.4915,82.0948,0.0881,120,26.0053,26.1083,25.9282,0.0368,120,1006.6369,1006.8422,1006.4394,0.059,120,0,0,0,0,120,0,0,0,0,120,13.7607,14.2604,13.2775,0.2547,120,120,0,0,0,0,0,120,None,None,None,None,0,3.4439,3.4474,3.4407,0.001,0.5601,0.5611,0.5593,0.0004,0.8225,0.8249,0.8209,0.0009,-0.0001,-0.0001,-0.0001,0,0,0,0,0,0,0,0,0,0,0,0,0,140.0583,374,32,80.2248,0,0,0,0,241.7,1012,3,168.0104,35,41.7333,47,41,23.68,23.68,23.63
2022-11-11 01:50:00,1.3219,3.154,0.3388,0.6499,120,75.6229,48.4431,120,82.4325,82.5221,82.3695,0.0385,120,26.0031,26.0839,25.9343,0.0343,120,1006.6231,1006.8239,1006.4394,0.06,120,0,0,0,0,120,0,0,0,0,120,13.773,14.2604,13.2775,0.1744,120,120,0,0,0,0,0,120,None,None,None,None,0,3.4437,3.4471,3.4407,0.001,0.56,0.5608,0.5593,0.0003,0.8243,0.8252,0.8237,0.0004,-0.0001,-0.0001,-0.0001,0,0,0,0,0,0,0,0,0,0,0,0,0,120.8583,320,14,70.6412,0,0,0,0,269.3,1011,29,187.6573,35,41.4833,47,39,23.68,23.68,23.63
2022-11-11 02:00:00,1.1334,2.2708,0.3296,0.4493,120,92.4987,46.242,120,82.444,82.5221,82.3695,0.0397,120,26.0654,26.1235,25.9893,0.0299,120,1006.5154,1006.6591,1006.4211,0.0925,120,0,0,0,0,120,0,0,0,0,120,13.7566,14.2604,13.2775,0.2157,120,120,0,0,0,0,0,120,None,None,None,None,0,3.4419,3.4443,3.4404,0.0015,0.5606,0.5612,0.5599,0.0003,0.8244,0.8252,0.8237,0.0004,-0.0001,-0.0001,-0.0001,0,0,0,0,0,0,0,0,0,0,0,0,0,100.3667,224,13,48.8396,0,0,0,0,305.2583,957,30,174.4772,35,41.75,47,41,23.68,23.68,23.63
2022-11-11 02:10:00,1.153,2.74,0,0.5398,120,87.9507,53.4847,120,82.2868,82.4915,82.0643,0.1238,120,26.0455,26.1205,25.9404,0.0372,120,1006.5685,1006.6591,1006.4394,0.0928,120,0,0,0,0,120,0,0,0,0,120,13.7034,14.2604,13.2775,0.2201,120,120,0,0,0,0,0,120,None,None,None,None,0,3.4428,3.4443,3.4407,0.0015,0.5605,0.5612,0.5594,0.0004,0.8229,0.8249,0.8206,0.0012,-0.0001,-0.0001,-0.0001,0,0,0,0,0,0,0,0,0,0,0,0,0,102.6917,275,0,58.2977,0,0,0,0,292.7,992,1,182.7424,35,41.7667,47,39,23.68,23.68,23.63
2022-11-11 02:20:00,1.5475,3.5036,0.5136,0.7642,120,98.6661,42.1244,120,82.1983,82.3389,82.0643,0.0658,120,25.9555,26.0198,25.8916,0.0261,120,1006.4556,1006.6408,1006.4211,0.0504,120,0,0,0,0,120,0,0,0,0,120,13.687,14.2604,13.2775,0.2238,120,120,0,0,0,0,0,120,None,None,None,None,0,3.4409,3.444,3.4404,0.0008,0.5595,0.5602,0.5589,0.0003,0.822,0.8234,0.8206,0.0007,-0.0001,-0.0001,-0.0001,0,0,0,0,0,0,0,0,0,0,0,0,0,145.3833,358,33,83.0685,0,0,0,0,311.2583,1005,21,156.2479,35,41.6833,47,41,23.68,23.68,23.63
2022-11-11 02:30:00,1.2627,2.6388,0.4032,0.5447,120,71.6976,42.9481,120,81.9402,82.1558,81.7591,0.0897,120,25.9697,26.0289,25.9191,0.0237,120,1006.4411,1006.4577,1006.2563,0.0193,120,0,0,0,0,120,0,0,0,0,120,13.642,14.2604,13.2775,0.2341,120,120,0,0,0,0,0,120,None,None,None,None,0,3.4407,3.441,3.4376,0.0003,0.5597,0.5603,0.5592,0.0002,0.8194,0.8216,0.8176,0.0009,-0.0001,-0.0001,-0.0001,0,0,0,0,0,0,0,0,0,0,0,0,0,114.425,264,21,59.2117,0,0,0,0,242.725,967,4,166.1951,35,41.7667,47,41,23.68,23.68,23.63
2022-11-11 02:40:00,0.8362,2.2984,0,0.5009,120,74.4719,59.7608,120,81.7451,81.8812,81.576,0.0742,120,25.9543,26.0106,25.9007,0.0226,120,1006.3799,1006.6408,1006.238,0.0945,120,0,0,0,0,120,0,0,0,0,120,13.687,14.2604,13.2775,0.2495,120,120,0,0,0,0,0,120,None,None,None,None,0,3.4397,3.444,3.4373,0.0016,0.5595,0.5601,0.559,0.0002,0.8175,0.8188,0.8158,0.0007,-0.0001,-0.0001,-0.0001,0,0,0,0,0,0,0,0,0,0,0,0,0,68.825,227,0,53.3132,0,0,0,0,297.2833,1004,5,229.583,35,41.5,47,39,23.68,23.68,23.63
2022-11-11 02:50:00,0.8339,1.9028,0.2192,0.3248,120,96.8573,53.849,120,81.6581,81.7591,81.576,0.0486,120,25.9324,25.9831,25.8824,0.0216,120,1006.4095,1006.6408,1006.238,0.0854,120,0,0,0,0,120,0,0,0,0,120,13.7116,14.2604,13.2775,0.2131,120,120,0,0,0,0,0,120,None,None,None,None,0,3.4402,3.444,3.4373,0.0014,0.5593,0.5598,0.5588,0.0002,0.8166,0.8176,0.8158,0.0005,-0.0001,-0.0001,-0.0001,0,0,0,0,0,0,0,0,0,0,0,0,0,67.8167,184,1,35.3054,0,0,0,0,327.9333,977,17,193.673,35,41.6167,47,39,23.68,23.68,23.63
2022-11-11 03:00:00,1.0394,2.5928,0.2284,0.3916,120,82.6014,33.6943,120,81.6177,81.698,81.4844,0.0502,120,25.9294,25.9831,25.8702,0.0232,120,1006.4373,1006.6225,1006.238,0.0311,120,0,0,0,0,120,0,0,0,0,120,13.7157,14.2604,13.2775,0.2688,120,120,0,0,0,0,0,120,None,None,None,None,0,3.4406,3.4437,3.4373,0.0005,0.5593,0.5598,0.5587,0.0002,0.8162,0.817,0.8148,0.0005,-0.0001,-0.0001,-0.0001,0,0,0,0,0,0,0,0,0,0,0,0,0,90.15,259,2,42.5614,0,0,0,0,263.075,1021,80,145.8623,35,41.85,47,39,23.67,23.68,23.63
2022-11-11 03:10:00,0.9928,1.9488,0.2836,0.3859,120,90.5252,43.0281,120,81.6093,81.698,81.5149,0.0511,120,25.9382,25.9954,25.8855,0.0246,120,1006.4858,1006.6591,1006.4211,0.0851,120,0,0,0,0,120,0,0,0,0,120,13.7689,14.2604,13.2775,0.1911,120,120,0,0,0,0,0,120,None,None,None,None,0,3.4414,3.4443,3.4404,0.0014,0.5594,0.5599,0.5588,0.0003,0.8161,0.817,0.8151,0.0005,-0.0001,-0.0001,-0.0001,0,0,0,0,0,0,0,0,0,0,0,0,0,85.0833,189,8,41.9447,0,0,0,0,283.1667,956,34,145.9947,35,41.6,47,39,23.68,23.68,23.63
2022-11-11 03:20:00,0.6974,1.3232,0.2376,0.2606,120,87.3267,65.2888,120,81.5834,81.6675,81.4844,0.048,120,25.946,26.0045,25.8885,0.0228,120,1006.5888,1006.8056,1006.4211,0.0855,120,0,0,0,0,120,0,0,0,0,120,13.7403,14.2604,13.2775,0.2234,120,120,0,0,0,0,0,120,None,None,None,None,0,3.4431,3.4468,3.4404,0.0014,0.5595,0.5601,0.5589,0.0002,0.8158,0.8167,0.8148,0.0005,-0.0001,-0.0001,-0.0001,0,0,0,0,0,0,0,0,0,0,0,0,0,52.9833,121,3,28.3288,0,0,0,0,317.1167,913,40,209.2221,35,41.45,47,39,23.68,23.68,23.63
2022-11-11 03:30:00,1.1223,1.9856,0,0.4418,120,79.5782,39.6963,120,81.5391,81.6675,81.4539,0.0551,120,25.9464,26.0137,25.8855,0.025,120,1006.5989,1006.6408,1006.4211,0.0747,120,0,0,0,0,120,0,0,0,0,120,13.6543,14.2604,13.2775,0.2182,120,120,0,0,0,0,0,120,None,None,None,None,0,3.4433,3.444,3.4404,0.0012,0.5595,0.5601,0.5588,0.0003,0.8154,0.8167,0.8145,0.0006,-0.0001,-0.0001,-0.0001,0,0,0,0,0,0,0,0,0,0,0,0,0,99.35,193,0,47.5737,0,0,0,0,259.9167,1022,66,155.7887,35,41.5833,47,41,23.68,23.68,23.63
2022-11-11 03:40:00,1.0086,1.9856,0.2836,0.3718,120,64.8761,32.8851,120,81.6179,81.698,81.5149,0.0465,120,25.9505,26.0045,25.8916,0.0199,120,1006.661,1006.8422,1006.6042,0.0673,120,0,0,0,0,120,0,0,0,0,120,13.7075,14.2604,13.2775,0.2346,120,120,0,0,0,0,0,120,None,None,None,None,0,3.4443,3.4474,3.4434,0.0011,0.5595,0.5601,0.5589,0.0002,0.8162,0.817,0.8151,0.0005,-0.0001,-0.0001,-0.0001,0,0,0,0,0,0,0,0,0,0,0,0,0,86.8,193,8,40.414,0,0,0,0,201.2083,935,10,122.9324,35,41.9,47,41,23.67,23.68,23.63
2022-11-11 03:50:00,0.7421,1.8844,0,0.4163,120,63.7887,32.2065,120,81.6284,81.7286,81.5455,0.0458,120,25.9866,26.0381,25.9221,0.0238,120,1006.7603,1006.8422,1006.6225,0.0898,120,0,0,0,0,120,0,0,0,0,120,13.728,14.2604,13.2775,0.2168,120,120,0,0,0,0,0,120,None,None,None,None,0,3.446,3.4474,3.4437,0.0015,0.5599,0.5604,0.5592,0.0002,0.8163,0.8173,0.8155,0.0005,-0.0001,-0.0001,-0.0001,0,0,0,0,0,0,0,0,0,0,0,0,0,59.925,182,0,41.8471,0,0,0,0,188.925,552,21,98.0886,35,41.7333,47,39,23.67,23.68,23.63
2022-11-11 04:00:00,0.5153,1.0748,0,0.262,120,68.295,51.7222,120,81.6683,81.7591,81.6065,0.0443,120,26.032,26.1235,25.9587,0.0329,120,1006.7437,1006.8422,1006.6225,0.0948,120,0,0,0,0,120,0,0,0,0,120,13.7362,14.2604,13.2775,0.2361,120,120,0,0,0,0,0,120,None,None,None,None,0,3.4457,3.4474,3.4437,0.0016,0.5603,0.5612,0.5596,0.0003,0.8167,0.8176,0.8161,0.0004,-0.0001,-0.0001,-0.0001,0,0,0,0,0,0,0,0,0,0,0,0,0,35.0833,94,0,25.2306,0,0,0,0,305.5417,1018,1,246.0182,35,41.5167,47,39,23.68,23.68,23.63
2022-11-11 04:10:00,0.6163,1.3232,0.2192,0.2187,120,42.7285,47.9105,120,81.636,81.7286,81.5455,0.0468,120,26.0896,26.148,26.0228,0.0263,120,1006.7553,1007.0071,1006.6225,0.0939,120,0,0,0,0,120,0,0,0,0,120,13.7362,14.2604,13.2775,0.1883,120,120,0,0,0,0,0,120,None,None,None,None,0,3.4459,3.4501,3.4437,0.0016,0.5609,0.5615,0.5602,0.0003,0.8164,0.8173,0.8155,0.0005,-0.0001,-0.0001,-0.0001,0,0,0,0,0,0,0,0,0,0,0,0,0,44.1667,121,1,23.7668,0,0,0,0,276.475,1017,12,283.4315,35,41.7667,47,39,23.68,23.68,23.63
2022-11-11 04:20:00,0.9347,1.7648,0.3848,0.2855,120,301.9315,63.9725,120,81.4473,81.7591,81.2098,0.1435,120,26.0016,26.1541,25.7176,0.1114,120,1006.8685,1007.0254,1006.6225,0.0941,120,0,0,0,0,120,0,0,0,0,120,13.6297,14.2604,13.2775,0.2932,120,120,0,0,0,0,0,120,None,None,None,None,0,3.4478,3.4504,3.4437,0.0016,0.56,0.5615,0.5572,0.0011,0.8145,0.8176,0.8121,0.0014,-0.0001,-0.0001,-0.0001,0,0,0,0,0,0,0,0,0,0,0,0,0,78.775,169,19,31.0298,0,0,0,0,598.5333,1017,0,322.6376,35,41.75,49,39,23.67,23.68,23.63
2022-11-11 04:30:00,0.7832,2.0776,0.2468,0.3837,120,268.3004,46.0422,120,81.8003,82.1558,81.3013,0.2205,120,25.5127,25.7848,25.2873,0.13,120,1006.9695,1007.0254,1006.8056,0.0742,120,0,0,0,0,120,0.0031,0.3661,0,0.0334,120,13.4495,13.7689,12.786,0.26,120,120,0,0.0407,0.6104,0,0.1114,120,None,None,None,None,0,3.4495,3.4504,3.4468,0.0012,0.5551,0.5578,0.5529,0.0013,0.818,0.8216,0.813,0.0022,-0.0001,-0.0001,-0.0001,0,0,0,0,0,0,0,0,0,0,0.0006,0,0.0001,62.3,203,4,41.7044,0,0,0,0,730.0083,973,21,167.593,35,41.6,47,39,23.67,23.68,23.63
2022-11-11 04:40:00,0.6175,1.4612,0,0.3086,120,274.9244,53.8845,120,82.6741,83.1019,82.0643,0.2715,120,25.1597,25.3117,25.0249,0.0648,120,1006.9407,1007.0254,1006.7873,0.0919,120,1.7922,3.1236,0,1.0637,120,2.1004,3.2977,0.3661,1.0819,120,13.4618,14.2604,13.2775,0.2473,120,120,0,2.6246,3.9674,0.6104,1.0366,120,None,None,None,None,0,3.449,3.4504,3.4465,0.0015,0.5516,0.5531,0.5503,0.0006,0.8267,0.831,0.8206,0.0027,-0.0001,-0.0001,-0.0001,0,0,0,0,0,0,0,0,0,0.0026,0.004,0.0006,0.001,44.675,136,0,32.9022,0,0,0,0,730.2583,1020,5,194.4248,35,41.4167,47,39,23.67,23.68,23.63
2022-11-11 04:50:00,1.0338,1.7556,0,0.3149,120,237.7678,27.7578,120,83.5465,83.9564,83.1019,0.2414,120,24.9937,25.1134,24.8753,0.0479,120,1006.9958,1007.0254,1006.8056,0.0419,120,3.5244,4.3252,2.4032,0.6011,120,3.7216,4.3962,2.9304,0.5224,120,13.556,13.7689,13.2775,0.2446,120,120,0,4.3311,4.883,3.357,0.5087,120,89.25,89.88,88.6,0.44,77,3.4499,3.4504,3.4468,0.0007,0.5499,0.5511,0.5487,0.0005,0.8355,0.8396,0.831,0.0024,-0.0001,-0.0001,-0.0001,0,0,0.0001,0,0,0,0,0,0,0.0043,0.0049,0.0034,0.0005,89.925,168,0,33.0767,0,0,0,0,673.425,865,425,80.3258,35,41.8167,47,39,23.67,23.68,23.63
2022-11-11 05:00:00,1.5419,2.832,0.4308,0.51,120,238.9388,25.0129,120,84.4208,84.872,83.9564,0.257,120,24.863,24.9791,24.7533,0.0483,120,1006.9813,1007.1902,1006.8056,0.0725,120,5.0144,5.5268,4.085,0.3368,120,5.1813,5.8619,4.3962,0.3198,120,13.5969,14.2604,13.2775,0.2439,120,120,0,5.3891,5.7985,4.883,0.2255,120,87.3,88.6,86.03,0.69,120,3.4497,3.4532,3.4468,0.0012,0.5486,0.5498,0.5475,0.0005,0.8442,0.8487,0.8396,0.0026,-0.0001,-0.0001,-0.0001,0,0.0001,0.0001,0.0001,0,0,0,0,0,0.0054,0.0058,0.0049,0.0002,144.7667,285,24,55.4341,0,0,0,0,668.7,867,5,93.8651,34.1,41.5333,47,39,23.67,23.68,23.63
2022-11-11 05:10:00,0.7086,2.9884,0,0.668,120,206.9766,46.5775,120,85.2461,85.6349,84.7804,0.2204,120,24.7941,24.8753,24.7197,0.0327,120,1007.0106,1007.2085,1006.8056,0.0656,120,4.5678,7.4496,3.8449,0.7461,120,5.3429,8.4262,3.6639,1.189,120,13.4249,13.7689,12.786,0.2516,120,120,0,6.1469,9.7659,4.2726,1.5548,120,84.93,86.03,83.72,0.69,120,3.4502,3.4535,3.4468,0.0011,0.5479,0.5487,0.5472,0.0003,0.8525,0.8563,0.8478,0.0022,-0.0001,-0.0001,-0.0001,0,0.0001,0.0001,0,0,0,0.0001,0,0,0.0061,0.0098,0.0043,0.0016,55.15,302,0,71.7273,0,0,0,0,584.5667,1004,0,145.2751,34,41.6333,47,39,23.67,23.68,23.63
2022-11-11 05:20:00,0.6751,1.3048,0,0.2982,120,211.6842,29.8282,120,85.9818,86.2758,85.5739,0.1944,120,24.9169,25.0005,24.799,0.0547,120,1007.082,1007.2085,1006.9887,0.0923,120,9.3718,10.3331,7.6898,0.5204,120,9.2021,9.892,8.06,0.3625,120,13.4208,13.7689,12.786,0.2417,120,120,0.3,10.5187,11.2919,9.7659,0.3915,120,82.56,83.72,81.4,0.7,120,3.4514,3.4535,3.4498,0.0015,0.5492,0.55,0.548,0.0006,0.8598,0.8628,0.8557,0.0019,-0.0001,-0.0001,-0.0001,0,0.0001,0.0001,0.0001,0,0.0001,0.0001,0.0001,0,0.0105,0.0113,0.0098,0.0004,50.75,119,0,32.0465,0.025,1,0,0.1568,597.525,896,185,90.6047,34,41.6667,47,39,23.66,23.68,23.63
2022-11-11 05:30:00,1.0935,1.8476,0.302,0.3826,120,265.1823,38.1257,120,86.4849,86.8252,86.2148,0.204,120,24.8222,24.9547,24.6953,0.0764,120,1007.1798,1007.3916,1006.9887,0.0512,120,13.2987,15.1394,9.3717,1.8497,120,12.8595,14.6543,9.1597,1.8622,120,13.4208,13.7689,12.786,0.2657,120,120,0.4,14.3996,16.1748,10.6815,1.8302,120,80.18,81.4,79.08,0.69,120,3.453,3.4565,3.4498,0.0009,0.5482,0.5495,0.547,0.0008,0.8648,0.8683,0.8621,0.002,-0.0001,-0.0001,-0.0001,0,0.0002,0.0002,0.0001,0,0.0001,0.0001,0.0001,0,0.0144,0.0162,0.0107,0.0018,96.0333,178,10,41.5821,0.0333,1,0,0.1803,747.1333,957,388,110.9125,34,41.9167,47,39,23.67,23.68,23.63
2022-11-11 05:40:00,0.9159,2.1236,0.3388,0.4391,120,209.8237,42.8387,120,87.3,87.9238,86.7946,0.2989,120,24.6834,24.7472,24.6434,0.02,120,1007.3196,1007.5198,1007.1718,0.0892,120,17.416,24.7512,14.178,2.4778,120,17.1613,24.1801,13.922,2.5489,120,13.5519,13.7689,13.2775,0.2451,120,120,0,18.011,25.0252,14.6489,2.4755,120,77.8,79.08,76.5,0.69,120,3.4553,3.4587,3.4529,0.0015,0.5468,0.5475,0.5464,0.0002,0.873,0.8792,0.8679,0.003,-0.0001,-0.0001,-0.0001,0,0.0002,0.0003,0.0002,0,0.0001,0.0002,0.0001,0,0.018,0.025,0.0146,0.0025,76.725,208,14,47.7317,0,0,0,0,575.7,795,18,133.5769,34,41.8,49,39,23.66,23.68,23.63
2022-11-11 05:50:00,1.602,2.8412,0.4032,0.5927,120,242.0785,35.2348,120,87.7326,88.0459,87.466,0.1423,120,24.6338,24.7685,24.4969,0.0662,120,1007.3678,1007.5564,1007.1718,0.0558,120,27.9633,31.7197,24.0307,1.9427,120,27.5112,31.1417,23.4478,1.9543,120,13.4577,13.7689,13.2775,0.2378,120,120,0.1,28.0058,32.3496,22.8889,2.207,120,75.42,76.5,74.18,0.69,120,3.4561,3.4593,3.4529,0.0009,0.5463,0.5477,0.545,0.0007,0.8773,0.8805,0.8747,0.0014,-0.0001,-0.0001,-0.0001,0,0.0004,0.0004,0.0003,0,0.0002,0.0003,0.0002,0,0.028,0.0323,0.0229,0.0022,151.3083,286,21,64.4292,0.0083,1,0,0.0913,681.05,985,130,112.5389,34,41.6,47,39,23.66,23.68,23.63
2022-11-11 06:00:00,0.7116,1.4336,0.2284,0.3078,120,236.5604,66.3584,120,88.4287,88.7478,88.0154,0.1979,120,24.5533,24.6495,24.4694,0.0478,120,1007.4636,1007.7212,1007.3366,0.0915,120,28.4179,34.363,22.5882,2.6465,120,28.2012,34.072,22.3481,2.6583,120,13.6338,14.2604,12.786,0.27,120,120,0,27.7846,34.1807,21.9733,2.7432,120,73.03,74.18,71.85,0.7,120,3.4577,3.462,3.4556,0.0015,0.5455,0.5465,0.5447,0.0005,0.8843,0.8875,0.8802,0.002,-0.0001,-0.0001,-0.0001,0,0.0004,0.0004,0.0003,0,0.0002,0.0003,0.0002,0,0.0278,0.0342,0.022,0.0027,54.5167,133,2,33.4561,0,0,0,0,655.4333,1020,14,198.5956,34,41.4167,47,39,23.66,23.68,23.63
2022-11-11 06:10:00,0.9534,2.0132,0.2192,0.4599,120,239.0057,41.5623,120,88.8633,89.1446,88.5647,0.1366,120,24.6634,24.7136,24.6068,0.0237,120,1007.6777,1007.7395,1007.5198,0.0779,120,40.6453,47.0992,34.363,4.7614,120,40.6273,47.2617,34.072,4.9968,120,13.6338,14.2604,13.2775,0.2381,120,120,0,39.7453,44.8622,34.4859,3.9793,120,70.65,71.85,69.53,0.7,120,3.4613,3.4623,3.4587,0.0013,0.5466,0.5471,0.5461,0.0002,0.8886,0.8914,0.8856,0.0014,-0.0001,-0.0001,-0.0001,0,0.0005,0.0006,0.0004,0.0001,0.0003,0.0004,0.0003,0,0.0397,0.0449,0.0345,0.004,80.8,196,1,49.9902,0,0,0,0,665.9583,1004,24,136.4611,34,41.9667,47,39,23.66,23.68,23.63
2022-11-11 06:20:00,1.2531,2.4088,0.302,0.5641,120,201.0496,36.1373,120,89.0568,89.2361,88.9004,0.0795,120,24.6023,24.7044,24.4725,0.0604,120,1007.7764,1007.9226,1007.7029,0.0834,120,25.6083,44.2157,17.0614,8.4329,120,25.1115,44.3301,16.4862,8.6997,120,13.3799,13.7689,12.786,0.2459,120,120,0,25.9407,43.3363,17.0904,8.0765,120,68.27,69.53,67.2,0.69,120,3.4629,3.4654,3.4617,0.0014,0.546,0.547,0.5447,0.0006,0.8906,0.8924,0.889,0.0008,-0.0001,-0.0001,-0.0001,0,0.0003,0.0006,0.0002,0.0001,0.0002,0.0004,0.0001,0.0001,0.0259,0.0433,0.0171,0.0081,113.375,239,10,61.3173,0,0,0,0,571.7917,890,290,103.6723,34,41.4,47,39,23.66,23.68,23.63
2022-11-11 06:30:00,1.3745,2.7584,0.4308,0.5874,120,225.1967,48.7553,120,89.5166,89.7244,89.053,0.1642,120,24.4611,24.5244,24.3901,0.0267,120,1007.9148,1008.1057,1007.7029,0.0837,120,21.4451,25.7126,16.8213,3.1351,120,21.1914,25.2797,16.12,3.1311,120,13.4044,13.7689,12.786,0.2588,120,120,0.8,22.4591,27.4667,17.0904,3.6721,120,65.88,66.94,64.62,0.69,120,3.4652,3.4684,3.4617,0.0014,0.5446,0.5452,0.5439,0.0003,0.8952,0.8972,0.8905,0.0016,-0.0001,-0.0001,-0.0001,0,0.0003,0.0003,0.0002,0,0.0002,0.0002,0.0001,0,0.0225,0.0275,0.0171,0.0037,126.575,277,24,63.8492,0.0667,1,0,0.2505,643.9417,996,285,138.0481,34,41.8,47,39,23.67,23.68,23.63
2022-11-11 06:40:00,0.9242,2.74,0.2192,0.5493,120,240.4005,52.2884,120,89.9777,90.3958,89.6023,0.2179,120,24.4048,24.4725,24.3565,0.0251,120,1007.9653,1008.1057,1007.886,0.0923,120,38.9031,71.1299,22.1079,15.7496,120,38.8839,71.0756,21.982,16.0382,120,13.6584,14.2604,12.786,0.2811,120,120,0.8,40.9304,73.8548,23.1941,16.891,120,63.49,64.62,62.29,0.7,120,3.4661,3.4684,3.4648,0.0015,0.5441,0.5447,0.5436,0.0003,0.8998,0.904,0.896,0.0022,-0.0001,-0.0001,-0.0001,0,0.0005,0.0009,0.0003,0.0002,0.0003,0.0006,0.0002,0.0001,0.0409,0.0739,0.0232,0.0169,77.6333,275,1,59.703,0.0667,1,0,0.2505,648.5167,985,41,175.1257,34,41.9,47,41,23.66,23.68,23.63
2022-11-11 06:50:00,1.4975,2.6848,0.3296,0.5889,120,208.8241,21.4432,120,90.2175,90.8231,89.7244,0.2361,120,24.4188,24.4938,24.3504,0.0299,120,1007.9939,1008.1057,1007.8677,0.0971,120,124.457,153.5535,71.8504,26.8111,120,124.0707,151.6771,71.4418,26.5677,120,13.7812,14.2604,13.2775,0.2505,120,120,1.2,131.0719,162.0533,73.8548,29.635,120,61.11,62.29,59.97,0.7,120,3.4666,3.4684,3.4645,0.0016,0.5442,0.5449,0.5435,0.0003,0.9022,0.9082,0.8972,0.0024,-0.0001,-0.0001,-0.0001,0,0.0016,0.0019,0.0009,0.0003,0.001,0.0013,0.0006,0.0002,0.1311,0.1621,0.0739,0.0296,139.95,269,13,64.0065,0.1,1,0,0.3013,592.5667,781,342,62.1331,34,41.5333,47,39,23.66,23.68,23.63
2022-11-11 07:00:00,1.4097,2.6756,0.44,0.4649,120,191.4983,21.6064,120,90.6494,91.0062,90.2738,0.221,120,24.5726,24.6495,24.4023,0.0564,120,1008.0754,1008.2705,1007.886,0.0695,120,134.782,145.3835,127.6008,4.7954,120,134.9183,143.9832,127.4958,4.6857,120,13.8386,14.2604,13.2775,0.2141,120,120,0.1,139.4492,149.2355,131.2296,4.8783,120,58.73,59.97,57.64,0.69,120,3.4679,3.4712,3.4648,0.0012,0.5457,0.5465,0.544,0.0006,0.9065,0.9101,0.9027,0.0022,-0.0001,-0.0001,-0.0001,0,0.0017,0.0018,0.0016,0.0001,0.0011,0.0012,0.0011,0,0.1394,0.1492,0.1312,0.0049,130.4,268,25,50.5362,0.0083,1,0,0.0913,543.7,739,330,62.4962,34,41.4833,47,39,23.66,23.68,23.63
2022-11-11 07:10:00,0.4793,1.2956,0,0.3115,120,191.7101,31.9499,120,90.8862,91.1283,90.6095,0.1509,120,24.8508,25.0554,24.6129,0.1478,120,1008.2618,1008.4536,1008.0874,0.0501,120,184.8633,227.0866,135.5307,38.0658,120,186.1,228.6134,135.9232,38.6631,120,14.236,14.7535,13.7689,0.2696,120,120,0.1,194.5428,239.8755,141.3007,40.7815,120,56.34,57.64,55.06,0.69,120,3.471,3.4742,3.4681,0.0008,0.5485,0.5505,0.5461,0.0015,0.9089,0.9113,0.9061,0.0015,-0.0001,-0.0001,-0.0001,0,0.0023,0.0029,0.0017,0.0005,0.0015,0.0019,0.0011,0.0003,0.1945,0.2399,0.1413,0.0408,32.5083,118,0,29.4997,0.0083,1,0,0.0913,545.4417,757,339,91.3724,34,41.65,47,41,23.66,23.68,23.63
2022-11-11 07:20:00,1.0567,2.1696,0,0.598,120,155.2342,33.4115,120,90.2448,90.8841,89.5413,0.406,120,24.9846,25.1103,24.6922,0.1274,120,1008.2484,1008.4536,1008.0874,0.0661,120,220.4982,229.4898,198.2504,6.5045,120,221.6957,228.6134,199.6711,6.2307,120,13.7198,14.2604,13.2775,0.3513,120,120,0.5,227.2688,237.7392,202.9481,8.1689,120,53.96,55.06,52.74,0.69,120,3.4708,3.4742,3.4681,0.0011,0.5498,0.5511,0.5469,0.0013,0.9024,0.9088,0.8954,0.0041,-0.0001,-0.0001,-0.0001,0,0.0028,0.0029,0.0025,0.0001,0.0018,0.0019,0.0017,0.0001,0.2273,0.2377,0.2029,0.0082,92.4167,213,0,64.3893,0.0417,1,0,0.2007,437.275,603,185,95.2635,34,41.3167,47,39,23.66,23.68,23.63
2022-11-11 07:30:00,0.8499,2.0224,0.2192,0.3973,120,182.2128,24.8991,120,90.9411,91.5555,89.9991,0.3988,120,24.9014,25.2324,24.6587,0.1912,120,1008.3345,1008.4719,1008.0874,0.0892,120,143.1807,196.5677,127.3606,18.3274,120,143.8669,198.5714,127.8631,18.7902,120,13.8386,14.7535,13.2775,0.2726,120,120,0,147.1374,201.7274,130.0088,19.4304,120,51.58,52.74,50.42,0.7,120,3.4722,3.4745,3.4681,0.0015,0.549,0.5523,0.5466,0.0019,0.9094,0.9156,0.9,0.004,-0.0001,-0.0001,-0.0001,0,0.0018,0.0025,0.0016,0.0002,0.0012,0.0017,0.0011,0.0002,0.1471,0.2017,0.13,0.0194,69.5583,197,1,43.1847,0,0,0,0,518,749,319,72.1074,34,41.3,47,39,23.66,23.68,23.63
2022-11-11 07:40:00,1.7288,2.6664,0.5872,0.5172,120,181.5311,20.8913,120,90.6562,91.464,90.2127,0.3088,120,25.1264,25.2599,25.0218,0.0771,120,1008.406,1008.6367,1008.2522,0.0854,120,134.1453,152.5929,117.2677,11.4308,120,132.9766,152.4094,115.7719,11.9261,120,13.7116,14.2604,13.2775,0.2033,120,120,0,136.6721,155.6444,119.6326,12.0626,120,49.21,50.42,48.11,0.69,120,3.4734,3.4773,3.4709,0.0014,0.5513,0.5526,0.5502,0.0008,0.9066,0.9146,0.9021,0.0031,-0.0001,-0.0001,-0.0001,0,0.0017,0.0019,0.0015,0.0001,0.0011,0.0013,0.001,0.0001,0.1367,0.1556,0.1196,0.0121,165.0917,267,41,56.216,0,0,0,0,514.475,675,264,60.5183,34,41.7667,47,39,23.66,23.68,23.63
2022-11-11 07:50:00,1.798,3.1816,0.6976,0.5008,120,193.6377,15.9014,120,91.0174,91.4335,90.5179,0.2514,120,25.1414,25.2385,25.0676,0.0536,120,1008.4742,1008.655,1008.2705,0.0767,120,144.5444,179.5063,109.578,20.9896,120,144.6789,180.6194,109.1777,21.153,120,13.7894,14.2604,13.2775,0.2733,120,120,0,148.2665,185.8577,111.3926,22.1024,120,46.84,48.11,45.54,0.69,120,3.4746,3.4776,3.4712,0.0013,0.5514,0.5524,0.5507,0.0005,0.9102,0.9143,0.9052,0.0025,-0.0001,-0.0001,-0.0001,0,0.0018,0.0023,0.0014,0.0003,0.0012,0.0015,0.0009,0.0002,0.1483,0.1859,0.1114,0.0221,172.6083,323,53,54.4297,0,0,0,0,549.8667,681,424,45.6727,34,41.4333,47,39,23.66,23.68,23.63
2022-11-11 08:00:00,1.3067,2.5284,0.4492,0.4102,120,197.4781,22.2827,120,91.0901,91.4335,90.701,0.17,120,25.2384,25.2934,25.1653,0.0378,120,1008.4428,1008.655,1008.2705,0.0586,120,202.3394,253.5197,180.2276,16.6759,120,203.1423,255.7251,181.3529,16.9586,120,14.0967,14.7535,13.7689,0.2803,120,120,0.1,207.8056,256.6607,186.4681,15.7941,120,44.47,45.54,43.24,0.69,120,3.474,3.4776,3.4712,0.001,0.5524,0.5529,0.5516,0.0004,0.9109,0.9143,0.907,0.0017,-0.0001,-0.0001,-0.0001,0,0.0026,0.0032,0.0023,0.0002,0.0017,0.0021,0.0015,0.0001,0.2078,0.2567,0.1865,0.0158,119.2083,252,26,44.5857,0.0083,1,0,0.0913,559.8667,699,351,64.1188,34,41.5333,47,39,23.66,23.68,23.63
2022-11-11 08:10:00,1.0112,1.7924,0.2284,0.3191,120,175.3403,48.7079,120,91.2832,91.586,90.8536,0.1885,120,25.4585,25.6169,25.2599,0.111,120,1008.3784,1008.4536,1008.2522,0.0868,120,380.3119,445.0417,255.2024,65.4003,120,382.9834,446.2365,257.557,64.7941,120,14.954,15.2449,14.2604,0.3091,120,120,0,373.221,431.8369,258.1866,60.0092,120,42.11,43.24,40.94,0.69,120,3.473,3.4742,3.4709,0.0014,0.5546,0.5562,0.5526,0.0011,0.9128,0.9159,0.9085,0.0019,-0.0001,-0.0001,-0.0001,0,0.0048,0.0057,0.0032,0.0008,0.0032,0.0037,0.0021,0.0005,0.3732,0.4318,0.2582,0.06,87.0833,172,2,34.6887,0,0,0,0,495.475,780,173,136.0154,33.4,41.5167,47,39,23.66,23.68,23.63
2022-11-11 08:20:00,1.031,1.8844,0.2284,0.4391,120,145.381,45.4472,120,90.8043,91.6471,89.9686,0.4664,120,25.8395,25.9648,25.6139,0.0947,120,1008.4127,1008.655,1008.2522,0.0884,120,351.9301,540.9228,289.5654,74.305,120,402.3552,848.8764,285.0348,178.4763,120,74.7105,444.0574,13.7689,125.1162,120,120,0,386.3007,783.7153,282.9066,161.4419,120,39.76,40.94,38.65,0.69,120,3.4735,3.4776,3.4709,0.0015,0.5584,0.5596,0.5561,0.0009,0.908,0.9165,0.8997,0.0047,-0.0005,-0.0001,-0.0028,0.0008,0.0045,0.0069,0.0037,0.0009,0.0034,0.0071,0.0024,0.0015,0.3863,0.7837,0.2829,0.1614,89.2417,182,2,47.7251,0,0,0,0,419.4917,888,95,134.1719,33.7,41.7,47,39,23.66,23.68,23.63
2022-11-11 08:30:00,0.934,1.9028,0.2376,0.3832,120,129.257,46.223,120,90.6138,91.2198,89.938,0.3971,120,26.2952,26.5966,25.9496,0.1974,120,1008.3322,1008.4536,1008.2522,0.0834,120,550.9592,575.7661,521.2173,19.338,120,614.6109,825.0624,526.4718,62.1633,120,88.5861,344.7228,21.6371,61.4378,120,120,0,571.4413,767.8457,481.8873,59.3116,120,37.41,38.65,36.37,0.68,120,3.4722,3.4742,3.4709,0.0014,0.5629,0.566,0.5595,0.002,0.9061,0.9122,0.8994,0.004,-0.0006,-0.0001,-0.0021,0.0004,0.007,0.0073,0.0066,0.0002,0.0051,0.0069,0.0044,0.0005,0.5714,0.7678,0.4819,0.0593,78.6917,184,3,41.6544,0,0,0,0,385.9917,995,3,149.1306,34,41.6333,47,39,23.66,23.68,23.63
2022-11-11 08:40:00,1.7766,3.2828,0.3756,0.8126,120,100.1254,45.0631,120,89.7646,91.0978,88.5647,0.5846,120,26.6438,26.9292,26.5172,0.0938,120,1008.3598,1008.4719,1008.2522,0.0895,120,569.0741,620.2228,522.1787,34.6242,120,734.3401,1231.7311,525.3721,201.5526,120,201.1865,732.7199,19.1782,186.8816,120,120,0,670.4866,1181.3715,481.2769,183.2649,120,35.07,36.12,33.85,0.67,120,3.4727,3.4745,3.4709,0.0015,0.5664,0.5693,0.5652,0.0009,0.8976,0.911,0.8856,0.0058,-0.0012,-0.0001,-0.0045,0.0012,0.0072,0.0079,0.0066,0.0004,0.0061,0.0103,0.0044,0.0017,0.6705,1.1814,0.4813,0.1833,170.2833,334,18,88.3279,0,0,0,0,312.9417,989,87,154.2705,34,41.7,47,41,23.66,23.68,23.63
2022-11-11 08:50:00,2.3868,4.4604,0.3756,0.8578,120,61.4305,30.7046,120,89.3358,91.1588,88.168,0.5888,120,27.1967,27.3901,26.9475,0.1454,120,1008.3499,1008.4719,1008.2522,0.0902,120,539.4747,623.3465,456.3354,52.9796,120,1041.87,1325.5222,474.4478,241.1046,120,559.9936,861.5598,25.079,257.8086,120,120,0.1,949.5783,1205.1759,427.8695,221.4083,120,32.76,33.85,31.59,0.68,120,3.4725,3.4745,3.4709,0.0015,0.572,0.5739,0.5695,0.0014,0.8934,0.9116,0.8817,0.0059,-0.0035,-0.0002,-0.0053,0.0016,0.0069,0.0079,0.0058,0.0007,0.0087,0.011,0.004,0.002,0.9496,1.2052,0.4279,0.2214,236.6083,462,18,93.2371,0.0083,1,0,0.0913,202.2667,1017,1,154.0038,34,41.5833,47,39,23.66,23.68,23.63
2022-11-11 09:00:00,1.6692,3.5036,0.4216,0.7539,120,64.6456,51.6851,120,89.1207,90.64,87.8323,0.748,120,27.7169,27.9699,27.3412,0.2002,120,1008.2946,1008.4719,1008.0874,0.0604,120,465.5595,502.474,441.6772,15.6001,120,985.4371,1267.6351,486.904,163.6415,120,548.175,829.5956,29.9968,166.075,120,120,0,893.1598,1151.1582,431.2265,151.5862,120,30.46,31.59,29.36,0.67,120,3.4716,3.4745,3.4681,0.001,0.5772,0.5797,0.5734,0.002,0.8912,0.9064,0.8783,0.0075,-0.0034,-0.0002,-0.0051,0.001,0.0059,0.0064,0.0056,0.0002,0.0082,0.0106,0.0041,0.0014,0.8932,1.1512,0.4312,0.1516,158.6083,358,23,81.9447,0,0,0,0,251.5333,986,17,203.5914,34,41.7333,47,39,23.66,23.68,23.63
2022-11-11 09:10:00,2.6877,4.2488,0.8632,0.8098,120,44.4996,32.8352,120,87.7524,89.1446,86.9778,0.4302,120,27.7949,27.9943,27.6922,0.0785,120,1008.2929,1008.4719,1008.0691,0.0711,120,482.8493,519.2953,438.5535,25.4436,120,1049.8873,1301.3409,504.1236,223.9104,120,582.3482,879.7551,30.9813,241.33,120,120,0,960.0309,1197.8515,457.1673,206.2516,120,28.18,29.36,27.15,0.66,120,3.4715,3.4745,3.4678,0.0012,0.5779,0.5799,0.5769,0.0008,0.8775,0.8914,0.8698,0.0043,-0.0036,-0.0002,-0.0055,0.0015,0.0061,0.0066,0.0056,0.0003,0.0087,0.0108,0.0042,0.0019,0.96,1.1979,0.4572,0.2063,269.3167,439,71,88.0247,0,0,0,0,206.2667,1022,2,233.1001,34,41.95,47,39,23.66,23.68,23.63
2022-11-11 09:20:00,2.8212,5.2976,0.8816,1.0346,120,38.364,38.4994,120,86.5279,87.8018,85.2382,0.6875,120,27.8678,27.9608,27.7807,0.0492,120,1008.1585,1008.3071,1008.0874,0.0887,120,415.6745,492.3811,354.2071,39.5739,120,1006.9612,1329.1861,395.6783,353.1501,120,600.4162,904.3426,14.7535,367.0684,120,120,0,925.807,1228.9804,358.2873,328.6915,120,25.92,27.15,24.73,0.65,120,3.4693,3.4718,3.4681,0.0015,0.5787,0.5796,0.5778,0.0005,0.8653,0.878,0.8524,0.0069,-0.0037,-0.0001,-0.0056,0.0023,0.0053,0.0063,0.0045,0.0005,0.0084,0.0111,0.0033,0.0029,0.9258,1.229,0.3583,0.3287,283.825,553,73,112.4532,0,0,0,0,205.85,1021,0,245.978,34,41.5833,47,39,23.66,23.68,23.63
2022-11-11 09:30:00,2.0494,4.2304,0.5504,0.9907,120,66.5544,58.6963,120,84.5787,86.4895,82.4915,1.2738,120,28.2113,28.449,27.857,0.1796,120,1008.1162,1008.3071,1007.9043,0.0681,120,258.0196,354.6874,197.0488,51.5406,120,1075.805,1252.6146,356.1104,201.6108,120,811.5566,906.31,38.3564,220.2838,120,120,0,984.255,1152.3789,325.0221,183.6472,120,23.71,24.73,22.59,0.64,120,3.4686,3.4718,3.4651,0.0011,0.5821,0.5845,0.5786,0.0018,0.8458,0.8649,0.8249,0.0127,-0.005,-0.0002,-0.0056,0.0014,0.0033,0.0045,0.0025,0.0007,0.009,0.0104,0.003,0.0017,0.9843,1.1524,0.325,0.1836,199.9333,437,37,107.6897,0,0,0,0,321.7,1009,14,262.9334,34.3,41.4167,47,39,23.67,23.68,23.63
2022-11-11 09:40:00,2.6269,4.7824,0.5136,0.9248,120,47.5552,39.4407,120,81.0091,83.1629,79.1345,1.2576,120,28.4259,28.5772,28.153,0.1046,120,1008.076,1008.124,1007.9043,0.0719,120,343.7197,421.9724,204.7386,57.4627,120,950.232,1243.8211,413.9964,265.4466,120,590.0073,879.7551,45.2417,283.065,120,120,0,861.4739,1135.8989,366.8325,243.7148,120,21.54,22.59,20.5,0.63,120,3.4679,3.4687,3.4651,0.0012,0.5843,0.5858,0.5815,0.001,0.8101,0.8316,0.7913,0.0126,-0.0037,-0.0003,-0.0055,0.0018,0.0044,0.0054,0.0026,0.0007,0.0079,0.0104,0.0034,0.0022,0.8615,1.1359,0.3668,0.2437,262.7083,497,33,100.5168,0,0,0,0,192.675,1020,0,194.7103,35,41.4333,47,39,23.67,23.68,23.63
2022-11-11 09:50:00,2.5425,4.672,0.256,0.9432,120,37.6939,51.7274,120,78.9463,79.7449,77.4255,0.6537,120,28.2563,28.4887,28.1011,0.1263,120,1007.9992,1008.124,1007.9043,0.0911,120,530.6777,590.9055,419.089,41.3766,120,921.7561,1320.3926,555.7815,221.5278,120,364.3354,798.1228,19.6697,235.529,120,120,0,840.8104,1208.8382,491.0428,204.7608,120,19.43,20.5,18.48,0.6,120,3.4667,3.4687,3.4651,0.0015,0.5826,0.5849,0.581,0.0013,0.7895,0.7974,0.7743,0.0065,-0.0023,-0.0001,-0.005,0.0015,0.0067,0.0075,0.0053,0.0005,0.0077,0.011,0.0046,0.0018,0.8408,1.2088,0.491,0.2048,253.5333,485,5,102.5261,0,0,0,0,287.4667,1021,7,311.3062,35,41.8,47,39,23.67,23.68,23.63
2022-11-11 10:00:00,2.467,4.488,0.5964,0.9789,120,53.902,42.0743,120,76.4229,77.8527,75.3197,0.6307,120,28.403,28.507,28.3239,0.0542,120,1008.0151,1008.1423,1007.9226,0.0903,120,566.7051,607.9669,511.6055,37.1317,120,690.4126,997.988,548.8199,122.3425,120,101.5153,368.3274,17.7038,93.4578,120,120,0,629.8969,916.4708,496.8413,114.6743,120,17.42,18.48,16.36,0.57,120,3.4669,3.469,3.4654,0.0015,0.584,0.5851,0.5832,0.0005,0.7642,0.7785,0.7532,0.0063,-0.0006,-0.0001,-0.0023,0.0006,0.0072,0.0077,0.0065,0.0005,0.0058,0.0083,0.0046,0.001,0.6299,0.9165,0.4968,0.1147,245.325,465,42,106.3999,0,0,0,0,205.7667,986,5,182.955,35,41.6167,47,39,23.67,23.68,23.63
2022-11-11 10:10:00,2.3192,4.8652,0.3204,1.1433,120,53.3559,47.5795,120,74.7416,76.2658,73.0918,0.8478,120,28.5326,28.6322,28.3575,0.0782,120,1007.9524,1008.124,1007.7578,0.0692,120,610.1599,619.2614,587.5417,8.2709,120,780.9331,963.5498,659.8295,59.21,120,139.4134,316.6919,39.341,52.7247,120,120,0,715.5624,892.056,596.6369,56.5286,120,15.52,16.36,14.58,0.53,120,3.4659,3.4687,3.4626,0.0012,0.5853,0.5863,0.5836,0.0008,0.7474,0.7627,0.7309,0.0085,-0.0009,-0.0002,-0.002,0.0003,0.0077,0.0079,0.0075,0.0001,0.0065,0.008,0.0055,0.0005,0.7156,0.8921,0.5966,0.0565,229.2583,506,12,124.2748,0,0,0,0,262.1583,1020,20,255.2141,35.8,41.7667,47,39,23.68,23.68,23.63
2022-11-11 10:20:00,2.6374,5.0032,0.9092,1.0154,120,51.2906,31.2825,120,73.5155,74.3736,72.2983,0.5836,120,28.3082,28.4551,28.0432,0.1505,120,1007.9449,1008.1606,1007.7578,0.0608,120,553.8569,644.7339,485.1724,41.2643,120,692.3391,1283.7563,519.5102,159.4218,120,114.7805,571.9143,14.2604,120.624,120,120,0,633.7728,1202.4293,469.3747,150.9615,120,13.79,14.58,13.01,0.47,120,3.4657,3.4693,3.4626,0.001,0.5831,0.5846,0.5804,0.0015,0.7352,0.7437,0.723,0.0058,-0.0007,-0.0001,-0.0035,0.0007,0.007,0.0082,0.0062,0.0005,0.0058,0.0107,0.0043,0.0013,0.6338,1.2024,0.4694,0.151,263.85,521,76,110.3659,0,0,0,0,187.8083,988,15,175.8264,36,42.8167,47,39,23.67,23.68,23.63
2022-11-11 10:30:00,2.3578,5.0216,0.4216,1.0702,120,44.4514,46.5858,120,73.3606,75.045,71.2912,0.833,120,28.5274,28.7542,28.1011,0.2079,120,1007.8353,1007.9592,1007.593,0.0896,120,542.5086,647.1362,471.9559,48.3006,120,1107.1508,1541.6795,513.2821,369.2402,120,506.2732,909.2604,16.2278,342.3514,120,120,0,1019.4199,1419.7211,464.1865,343.8485,120,12.31,13.01,11.71,0.39,120,3.4639,3.466,3.4599,0.0015,0.5853,0.5875,0.581,0.0021,0.7336,0.7505,0.7129,0.0083,-0.0031,-0.0001,-0.0056,0.0021,0.0069,0.0082,0.006,0.0006,0.0092,0.0128,0.0043,0.0031,1.0194,1.4197,0.4642,0.3438,233.4583,523,23,116.3305,0,0,0,0,229.175,1008,1,246.5685,36.1,43.4,47,41,23.68,23.68,23.63
2022-11-11 10:40:00,2.5719,5.914,0.4676,1.172,120,34.5162,42.3318,120,72.3032,72.9087,71.688,0.3348,120,28.573,28.8488,28.4033,0.1257,120,1007.7096,1007.7944,1007.5747,0.0876,120,487.0585,572.6425,442.3984,41.4572,120,831.5378,1181.1729,556.88,168.2704,120,314.0122,625.0242,19.6697,157.588,120,120,0,758.6393,1108.4323,496.231,160.2771,120,11.17,11.71,10.78,0.27,120,3.4618,3.4632,3.4596,0.0015,0.5857,0.5885,0.584,0.0013,0.723,0.7291,0.7169,0.0033,-0.0019,-0.0001,-0.0039,0.001,0.0062,0.0073,0.0056,0.0005,0.0069,0.0098,0.0046,0.0014,0.7586,1.1084,0.4962,0.1603,256.7333,620,28,127.395,0,0,0,0,242.75,1017,0,293.2389,37,43.6333,49,41,23.68,23.68,23.63
2022-11-11 10:50:00,2.2535,4.6812,0.5228,1.1059,120,44.7316,51.8548,120,71.5036,72.6646,70.1926,0.5733,120,28.646,28.861,28.507,0.1192,120,1007.6836,1007.8127,1007.5747,0.0912,120,414.2868,476.5213,374.152,30.3342,120,834.026,1096.1753,424.2545,241.2984,120,384.2433,664.3651,15.2449,230.7008,120,120,0,764.4251,1008.3316,377.8191,225.4244,120,10.48,10.7,10.31,0.13,120,3.4614,3.4635,3.4596,0.0015,0.5865,0.5886,0.5851,0.0012,0.715,0.7266,0.7019,0.0057,-0.0024,-0.0001,-0.0041,0.0014,0.0053,0.0061,0.0048,0.0004,0.0069,0.0091,0.0035,0.002,0.7644,1.0083,0.3778,0.2254,222.1167,486,34,120.2115,0,0,0,0,251.8417,1006,0,263.561,37,42.5333,47,39,23.68,23.68,23.63
2022-11-11 11:00:00,1.8726,4.948,0.3848,0.9874,120,50.9475,61.6651,120,71.1318,71.9016,69.4296,0.5978,120,28.9828,29.1723,28.8458,0.0888,120,1007.6063,1007.7944,1007.4099,0.0458,120,365.4112,432.3055,272.5039,53.2921,120,1027.2824,1390.3685,435.9784,272.0613,120,612.2061,922.0464,25.572,281.1699,120,120,0,952.6175,1295.5107,392.7732,255.8417,120,10.33,10.45,10.29,0.05,120,3.4601,3.4632,3.4568,0.0008,0.5898,0.5917,0.5885,0.0009,0.7113,0.719,0.6943,0.006,-0.0038,-0.0002,-0.0057,0.0017,0.0046,0.0055,0.0035,0.0007,0.0086,0.0116,0.0036,0.0023,0.9526,1.2955,0.3928,0.2558,180.7167,515,19,107.3258,0,0,0,0,312.075,1009,0,289.6023,37,42.4,47,41,23.68,23.68,23.63
2022-11-11 11:10:00,2.5509,4.994,0.5136,1.0513,120,39.1133,32.8241,120,69.9487,70.7419,69.4296,0.3489,120,28.8155,29.0228,28.5375,0.16,120,1007.5254,1007.7944,1007.4099,0.0923,120,284.451,385.6866,170.615,68.2075,120,821.481,1240.8908,354.2785,348.0325,120,497.4624,921.0635,28.0309,376.9991,120,120,0,754.1047,1219.5196,314.951,325.7957,120,10.75,11.11,10.45,0.2,120,3.4588,3.4632,3.4568,0.0015,0.5882,0.5902,0.5854,0.0016,0.6995,0.7074,0.6943,0.0035,-0.0031,-0.0002,-0.0057,0.0023,0.0036,0.0049,0.0022,0.0009,0.0068,0.0103,0.003,0.0029,0.7541,1.2195,0.315,0.3258,254.45,520,33,114.268,0,0,0,0,189.7417,1013,2,231.0104,37,41.9833,47,39,23.68,23.68,23.68
2022-11-11 11:20:00,2.2846,4.8468,0.7436,0.9977,120,43.4658,47.0901,120,70.0308,70.7724,68.6361,0.5143,120,28.6814,28.8519,28.4918,0.1005,120,1007.4317,1007.6296,1007.2451,0.1128,120,198.3282,315.278,120.3921,65.4377,120,1079.2274,1255.1789,477.7443,169.5818,120,827.1659,919.5875,199.1621,183.341,120,120,0,993.1104,1167.0278,412.6103,157.3806,120,11.67,12.21,11.11,0.33,120,3.4572,3.4605,3.4541,0.0019,0.5868,0.5885,0.5849,0.001,0.7003,0.7077,0.6864,0.0051,-0.0051,-0.0012,-0.0057,0.0011,0.0025,0.004,0.0015,0.0008,0.009,0.0105,0.004,0.0014,0.9931,1.167,0.4126,0.1574,225.5,504,58,108.4419,0,0,0,0,246.4333,1014,10,268.8581,38,42.3833,47,39,23.68,23.68,23.63
2022-11-11 11:30:00,2.506,4.4604,0.5596,0.9515,120,48.8506,39.4227,120,69.4632,70.3146,68.6056,0.415,120,28.7932,28.919,28.681,0.063,120,1007.2336,1007.4465,1007.0803,0.081,120,138.0823,206.6606,111.5008,23.9184,120,1090.7405,1162.1212,773.4046,53.6553,120,896.262,921.5549,531.0989,63.2145,120,120,0,1002.0575,1069.0634,696.1272,49.3909,120,12.99,13.81,12.21,0.43,120,3.4539,3.4574,3.4513,0.0013,0.5879,0.5892,0.5868,0.0006,0.6946,0.7031,0.6861,0.0042,-0.0056,-0.0033,-0.0057,0.0004,0.0018,0.0026,0.0014,0.0003,0.0091,0.0097,0.0064,0.0004,1.0021,1.0691,0.6961,0.0494,249.5667,462,38,103.4255,0,0,0,0,211.7667,1018,0,216.7147,38,41.8,47,39,23.68,23.68,23.63
2022-11-11 11:40:00,2.3318,5.3804,0.2928,1.04,120,105.8839,45.799,120,68.9108,70.3757,67.5375,0.7403,120,29.0749,29.2242,28.8855,0.1044,120,1007.1364,1007.2817,1007.062,0.0818,120,99.5276,126.3992,87.4701,9.9194,120,1067.8395,1097.6411,1021.4358,8.1617,120,916.3995,923.0293,864.0187,7.9013,120,120,0,981.5923,1007.7212,963.7745,6.6204,120,14.6,15.5,13.81,0.5,120,3.4523,3.4547,3.451,0.0014,0.5907,0.5922,0.5888,0.001,0.6891,0.7038,0.6754,0.0074,-0.0057,-0.0054,-0.0057,0,0.0013,0.0016,0.0011,0.0001,0.0089,0.0091,0.0085,0.0001,0.9816,1.0077,0.9638,0.0066,230.625,562,9,113.0398,0,0,0,0,324.5083,1020,5,153.7935,38,41.75,47,39,23.68,23.68,23.63
2022-11-11 11:50:00,2.1685,6.1256,0.6516,1.1045,120,81.1232,59.4828,120,68.7468,69.6738,67.568,0.5716,120,29.0157,29.1815,28.8671,0.0893,120,1006.9764,1007.1169,1006.7141,0.1035,120,104.654,128.322,90.8346,10.908,120,1063.0248,1080.0552,1048.5474,8.9586,120,915.4856,925.9813,895,5.8514,120,120,0,977.2256,993.6827,962.5538,8.9344,120,16.41,17.35,15.5,0.56,120,3.4496,3.4519,3.4452,0.0017,0.5902,0.5918,0.5887,0.0009,0.6875,0.6967,0.6757,0.0057,-0.0057,-0.0056,-0.0057,0,0.0013,0.0016,0.0012,0.0001,0.0089,0.009,0.0087,0.0001,0.9772,0.9937,0.9626,0.0089,212.8833,643,48,120.0546,0,0,0,0,302.6833,980,7,214.6553,38,42.9667,47,39,23.68,23.68,23.68
2022-11-11 12:00:00,2.8729,4.948,0.7528,0.9963,120,105.5706,39.1385,120,68.1466,69.1549,67.2628,0.3876,120,28.8642,28.9892,28.7573,0.0774,120,1006.8494,1007.0986,1006.6958,0.0894,120,117.4041,191.0409,95.4,26.9836,120,1026.7848,1139.0396,359.0408,129.8976,120,878.6981,939.2588,178.0164,141.1223,120,120,0,945.2447,1050.7523,310.6784,121.354,120,18.37,19.32,17.35,0.59,120,3.4475,3.4516,3.4449,0.0015,0.5886,0.5899,0.5876,0.0008,0.6815,0.6915,0.6726,0.0039,-0.0055,-0.0011,-0.0058,0.0009,0.0015,0.0024,0.0012,0.0003,0.0086,0.0095,0.003,0.0011,0.9452,1.0508,0.3107,0.1214,289.4417,515,59,108.2976,0,0,0,0,313.525,708,94,118.6922,38.1,42.75,47,41,23.68,23.68,23.63
2022-11-11 12:10:00,2.1163,4.4512,0.6332,0.948,120,84.8399,42.2993,120,68.2597,69.0329,66.9271,0.5882,120,29.0459,29.3219,28.8549,0.1295,120,1006.7483,1006.9155,1006.5127,0.0751,120,126.7199,159.0811,108.8575,10.3648,120,1059.8008,1083.7191,1047.8139,8.0244,120,911.6622,918.1131,904.3426,3.1737,120,120,0,971.4652,993.3775,959.8071,7.3436,120,20.44,21.6,19.32,0.61,120,3.4458,3.4486,3.4419,0.0013,0.5905,0.5932,0.5886,0.0013,0.6826,0.6903,0.6693,0.0059,-0.0057,-0.0056,-0.0057,0,0.0016,0.002,0.0014,0.0001,0.0088,0.009,0.0087,0.0001,0.9715,0.9934,0.9598,0.0073,207.2083,461,46,103.0382,0,0,0,0,247.9667,578,17,122.3271,39,43.7333,47,41,23.68,23.68,23.63
2022-11-11 12:20:00,2.399,4.902,0.8172,0.913,120,79.6586,44.4368,120,67.9258,69.1549,66.3778,0.7039,120,29.2965,29.5508,29.0869,0.1708,120,1006.5778,1006.7324,1006.5127,0.0841,120,181.0825,276.589,130.485,42.6225,120,942.8192,1152.9616,256.8247,270.9617,120,756.8117,919.096,21.1457,298.4716,120,120,0,863.1982,1070.5893,223.7007,254.4355,120,22.58,23.71,21.6,0.63,120,3.443,3.4455,3.4419,0.0014,0.593,0.5955,0.5909,0.0017,0.6793,0.6915,0.6638,0.007,-0.0047,-0.0001,-0.0057,0.0019,0.0023,0.0035,0.0017,0.0005,0.0079,0.0096,0.0021,0.0023,0.8632,1.0706,0.2237,0.2544,237.9333,510,66,99.2382,0,0,0,0,284.15,1007,2,199.203,39,44.6,47,41,23.68,23.68,23.68
2022-11-11 12:30:00,2.3907,6.0244,0.6424,0.9795,120,62.3162,36.8014,120,67.8983,69.1244,67.1712,0.4418,120,28.9793,29.096,28.8855,0.0564,120,1006.4692,1006.7141,1006.3112,0.118,120,182.6925,270.3409,142.2598,34.8213,120,978.07,1132.8115,191.2449,234.531,120,800.3035,915.1611,16.2278,252.2128,120,120,0,896.1074,1044.0382,160.5274,223.1928,120,24.77,25.87,23.71,0.65,120,3.4412,3.4452,3.4385,0.002,0.5898,0.591,0.5888,0.0006,0.679,0.6912,0.6717,0.0044,-0.005,-0.0001,-0.0057,0.0016,0.0023,0.0034,0.0018,0.0004,0.0081,0.0094,0.0016,0.002,0.8961,1.044,0.1605,0.2232,237.0333,632,47,106.468,0,0,0,0,213.1,989,33,160.0964,39,44.1,47,41,23.68,23.68,23.63
2022-11-11 12:40:00,2.624,5.4632,0.5596,0.9588,120,53.8579,37.9314,120,68.3119,69.5822,67.629,0.4546,120,28.7938,29.0045,28.5528,0.1551,120,1006.3491,1006.5493,1006.1281,0.0603,120,195.2764,263.6126,140.5772,33.9825,120,818.2783,1119.623,187.581,345.4686,120,643.7729,915.6542,16.2278,355.9414,120,120,0,750.8189,1039.7656,157.7807,323.8251,120,27,28.07,25.87,0.66,120,3.4392,3.4425,3.4355,0.001,0.5879,0.59,0.5855,0.0015,0.6831,0.6958,0.6763,0.0045,-0.004,-0.0001,-0.0057,0.0022,0.0025,0.0033,0.0018,0.0004,0.0068,0.0093,0.0016,0.0029,0.7508,1.0398,0.1578,0.3238,262.3917,571,38,104.2199,0,0,0,0,254.35,1019,15,247.1274,39,44.3333,47,41,23.68,23.68,23.63
2022-11-11 12:50:00,2.2522,5.4264,0.4124,1.1165,120,89.6561,64.7065,120,69.2852,70.4367,67.629,0.7519,120,29.2131,29.5203,28.5986,0.3124,120,1006.334,1006.531,1006.1281,0.0565,120,180.3535,266.7362,140.8173,44.8966,120,966.2912,1128.7815,315.0768,187.9552,120,826.9159,907.786,81.1408,212.7353,120,120,0,885.5632,1045.5641,281.6858,174.5592,120,29.27,30.29,28.07,0.66,120,3.4389,3.4422,3.4355,0.0009,0.5921,0.5952,0.586,0.0031,0.6929,0.7044,0.6763,0.0075,-0.0051,-0.0005,-0.0056,0.0013,0.0023,0.0034,0.0018,0.0006,0.008,0.0094,0.0026,0.0016,0.8856,1.0456,0.2817,0.1746,221.9833,567,22,121.3567,0,0,0,0,350.3667,1018,6,242.5435,39,43.7167,47,41,23.68,23.68,23.68
2022-11-11 13:00:00,2.9127,5.5828,1.0288,0.9955,120,87.3447,34.9487,120,67.673,68.6361,66.8966,0.4545,120,29.216,29.4836,28.8946,0.1839,120,1006.3523,1006.5493,1006.1464,0.0777,120,181.5491,237.6598,158.3598,20.6483,120,1009.7578,1061.3697,710.0228,34.1552,120,890.7133,910.7364,558.6368,31.9508,120,120,0,926.7963,977.813,635.3954,33.1375,120,31.56,32.78,30.54,0.67,120,3.4392,3.4425,3.4358,0.0013,0.5922,0.5948,0.5889,0.0018,0.6767,0.6864,0.669,0.0045,-0.0055,-0.0035,-0.0057,0.0002,0.0023,0.003,0.002,0.0003,0.0084,0.0088,0.0059,0.0003,0.9268,0.9778,0.6354,0.0331,293.7667,584,89,108.2085,0,0,0,0,251.55,592,17,102.379,39,44.25,47,41,23.68,23.68,23.68
2022-11-11 13:10:00,2.7877,5.2884,0.3204,1.2193,120,84.0467,55.4418,120,68.2122,68.9108,67.3849,0.3515,120,28.9935,29.1205,28.9221,0.048,120,1006.314,1006.3662,1006.1464,0.0658,120,177.2456,265.2945,128.322,50.6157,120,901.3768,1076.3914,416.5606,142.0921,120,799.5373,904.8356,165.2304,188.047,120,120,0,825.073,997.3449,388.1954,129.9527,120,33.87,35.04,32.78,0.68,120,3.4386,3.4394,3.4358,0.0011,0.5899,0.5912,0.5892,0.0005,0.6821,0.6891,0.6738,0.0035,-0.005,-0.001,-0.0056,0.0012,0.0023,0.0034,0.0016,0.0006,0.0075,0.009,0.0035,0.0012,0.8251,0.9973,0.3882,0.13,280.1833,552,12,132.5365,0,0,0,0,296.9667,1019,5,207.6611,39.8,44.0333,47,39,23.68,23.68,23.68
2022-11-11 13:20:00,2.8271,6.006,0.3572,1.3697,120,70.3337,43.6394,120,67.7112,68.7582,66.9881,0.5152,120,29.1433,29.2517,29.0289,0.0519,120,1006.1779,1006.3478,1005.9633,0.0691,120,194.149,281.6354,134.089,56.2595,120,804.2097,1026.5654,286.8667,227.5644,120,693.2806,901.8837,29.5053,303.7721,120,120,0,736.1955,997.6501,261.8488,208.9079,120,36.2,37.32,35.04,0.68,120,3.4363,3.4391,3.4327,0.0012,0.5914,0.5925,0.5903,0.0005,0.6771,0.6876,0.6699,0.0052,-0.0043,-0.0002,-0.0056,0.0019,0.0025,0.0036,0.0017,0.0007,0.0067,0.0086,0.0024,0.0019,0.7362,0.9977,0.2618,0.2089,284.4667,630,16,148.8782,0,0,0,0,233.8083,966,25,158.436,40,44.5667,47,39,23.68,23.73,23.68
2022-11-11 13:30:00,2.2076,5.7576,0.4676,1.2115,120,67.5532,55.7386,120,68.3981,69.5517,66.7745,0.7666,120,28.8722,29.1723,28.6962,0.1299,120,1006.0985,1006.1831,1005.9633,0.0866,120,182.8567,247.2717,137.2134,26.6816,120,670.989,964.2821,212.8607,282.1168,120,574.2465,895,22.6217,349.3125,120,120,0,613.9536,884.1212,186.7733,260.7583,120,38.53,39.6,37.32,0.68,120,3.435,3.4364,3.4327,0.0014,0.5887,0.5917,0.587,0.0013,0.684,0.6955,0.6677,0.0077,-0.0036,-0.0001,-0.0056,0.0022,0.0023,0.0031,0.0017,0.0003,0.0056,0.008,0.0018,0.0024,0.614,0.8841,0.1868,0.2608,217.1333,603,28,131.6881,0,0,0,0,269.1917,1013,13,219.4706,40,44.4167,49,41,23.68,23.68,23.63
2022-11-11 13:40:00,2.4494,6.3004,0.486,1.1881,120,72.6517,53.6539,120,68.1061,69.5517,67.1712,0.4967,120,29.2457,29.3341,29.1784,0.0483,120,1006.0005,1006.1831,1005.7802,0.0735,120,163.9749,200.6535,130.2441,20.5203,120,656.7769,938.2701,179.521,292.9369,120,599.0925,896.4744,18.6868,359.521,120,120,0,592.0565,854.8235,149.5407,271.8973,120,40.88,42.15,39.6,0.68,120,3.4333,3.4364,3.4297,0.0012,0.5925,0.5933,0.5918,0.0005,0.6811,0.6955,0.6717,0.005,-0.0037,-0.0001,-0.0056,0.0022,0.0021,0.0025,0.0017,0.0003,0.0055,0.0078,0.0015,0.0024,0.5921,0.8548,0.1495,0.2719,243.4083,662,30,129.1386,0,0,0,0,247.0583,992,2,179.4775,40,44.0333,47,41,23.68,23.68,23.68
2022-11-11 13:50:00,2.4983,5.2056,0.67,0.9751,120,57.8311,52.1265,120,67.8604,68.9718,67.0797,0.4863,120,29.017,29.1815,28.8488,0.11,120,1006.0849,1006.1831,1005.945,0.0947,120,130.9192,193.4441,95.4,31.0358,120,726.1884,885.5126,186.8475,175.3697,120,751.0868,871.8869,63.437,231.2085,120,120,0,653.3809,802.3316,155.9496,160.4002,120,43.24,44.45,42.15,0.69,120,3.4347,3.4364,3.4324,0.0016,0.5902,0.5918,0.5885,0.0011,0.6786,0.6897,0.6708,0.0049,-0.0047,-0.0004,-0.0054,0.0014,0.0017,0.0025,0.0012,0.0004,0.006,0.0074,0.0016,0.0015,0.6534,0.8023,0.1559,0.1604,248.7333,543,50,105.9945,0,0,0,0,276.3333,1014,2,255.7957,40,43.6,47,39,23.68,23.73,23.63
2022-11-11 14:00:00,2.6094,4.9112,0.5872,0.9818,120,45.2001,55.7781,120,67.5545,68.3004,66.744,0.4062,120,29.2552,29.389,29.1418,0.0791,120,1005.9809,1006.1831,1005.7802,0.0667,120,147.376,204.7386,106.6945,28.0758,120,695.8471,838.6182,209.563,185.5726,120,718.6103,873.3629,37.3735,266.6545,120,120,0,627.692,759.6057,180.0592,167.2529,120,45.6,46.76,44.45,0.69,120,3.433,3.4364,3.4297,0.0011,0.5926,0.5939,0.5914,0.0008,0.6755,0.683,0.6674,0.0041,-0.0045,-0.0002,-0.0054,0.0017,0.0019,0.0026,0.0014,0.0004,0.0058,0.007,0.0017,0.0015,0.6277,0.7596,0.1801,0.1673,260.8,511,41,106.7186,0,0,0,0,282.9917,1021,8,287.7382,40,43.5,47,39,23.68,23.68,23.63
2022-11-11 14:10:00,2.9515,5.2792,1.038,0.9416,120,49.8121,32.8266,120,66.8188,67.7511,66.0726,0.4424,120,28.9813,29.3188,28.8336,0.1323,120,1005.8452,1006.1464,1005.5788,0.1138,120,103.6528,125.6787,93.9583,8.5936,120,700.9396,734.569,358.3085,47.9225,120,818.5642,847.7908,312.7586,70.6303,120,120,0,630.2988,661.9465,314.6458,44.5056,120,47.97,49.07,46.76,0.69,120,3.4308,3.4358,3.4263,0.0019,0.5898,0.5932,0.5883,0.0013,0.6682,0.6775,0.6607,0.0044,-0.0051,-0.0019,-0.0053,0.0004,0.0013,0.0016,0.0012,0.0001,0.0058,0.0061,0.003,0.0004,0.6303,0.6619,0.3146,0.0445,297.9917,551,90,102.3506,0,0,0,0,176.4917,1012,8,166.252,40,44.1167,47,41,23.68,23.68,23.68
2022-11-11 14:20:00,2.3274,5.546,0.486,1.016,120,56.2188,41.5646,120,67.3808,68.3004,66.2862,0.5119,120,29.2004,29.4073,28.9343,0.1496,120,1005.8379,1005.9999,1005.6154,0.0932,120,165.9113,217.2339,113.1827,32.6011,120,413.5051,777.8007,135.9232,267.0186,120,353.4593,833.039,13.7689,381.5298,120,120,0,368.9815,704.062,115.36,243.4931,120,50.34,51.64,49.07,0.69,120,3.4306,3.4333,3.4269,0.0016,0.592,0.5941,0.5893,0.0015,0.6738,0.683,0.6629,0.0051,-0.0022,-0.0001,-0.0052,0.0024,0.0021,0.0028,0.0014,0.0004,0.0034,0.0065,0.0011,0.0022,0.369,0.7041,0.1154,0.2435,230.15,580,30,110.4324,0,0,0,0,212.45,1008,4,194.3983,40,43.6167,49,39,23.68,23.68,23.68
2022-11-11 14:30:00,2.1926,4.8376,0.7712,0.8085,120,49.1041,48.074,120,68.0792,69.3075,66.4083,0.8461,120,28.9144,29.3066,28.681,0.1978,120,1005.8185,1005.9816,1005.6154,0.073,120,140.8077,160.5228,111.0205,15.1193,120,562.6782,712.587,157.9052,175.2655,120,639.806,831.0715,22.1286,268.7685,120,120,0,498.8886,635.7006,133.6711,156.7649,120,52.72,53.96,51.64,0.69,120,3.4303,3.433,3.4269,0.0012,0.5891,0.5931,0.5868,0.002,0.6808,0.6931,0.6641,0.0085,-0.004,-0.0001,-0.0052,0.0017,0.0018,0.002,0.0014,0.0002,0.0047,0.0059,0.0013,0.0015,0.4989,0.6357,0.1337,0.1568,215.5,503,61,87.8782,0,0,0,0,241.5667,1016,4,246.1548,40,43.0667,47,41,23.68,23.68,23.68
2022-11-11 14:40:00,2.5902,5.1504,0.4308,1.1266,120,52.2927,41.9076,120,67.5184,68.6056,66.6524,0.5353,120,28.9538,29.3249,28.7603,0.1779,120,1005.9047,1005.9816,1005.7619,0.0904,120,101.1397,158.8402,77.8583,27.3039,120,568.0241,668.2569,185.0156,76.8898,120,750.1565,809.4344,136.2166,121.1524,120,120,0,497.6959,591.1435,144.9629,69.3793,120,55.1,56.28,53.96,0.7,120,3.4317,3.433,3.4294,0.0015,0.5895,0.5933,0.5876,0.0018,0.6752,0.6861,0.6665,0.0054,-0.0047,-0.0008,-0.005,0.0008,0.0013,0.002,0.001,0.0003,0.0047,0.0056,0.0015,0.0006,0.4977,0.5911,0.145,0.0694,258.7167,537,24,122.4597,0,0,0,0,228.6667,1015,11,218.5343,40,42.8667,47,39,23.68,23.68,23.68
2022-11-11 14:50:00,2.9079,4.9848,0.946,0.8354,120,62.612,33.356,120,67.0003,67.9037,66.1946,0.4167,120,28.9537,29.1296,28.8366,0.0993,120,1005.9078,1005.9999,1005.7802,0.0898,120,85.9705,96.3614,78.5795,4.4261,120,541.9509,558.3457,531.2341,8.4966,120,781.4323,792.7135,771.5678,6.3666,120,120,0,469.362,486.7702,458.6932,8.9372,120,57.48,58.6,56.28,0.7,120,3.4318,3.4333,3.4297,0.0015,0.5895,0.5913,0.5884,0.001,0.67,0.679,0.6619,0.0042,-0.0049,-0.0048,-0.0049,0,0.0011,0.0012,0.001,0.0001,0.0045,0.0047,0.0044,0.0001,0.4694,0.4868,0.4587,0.0089,293.25,519,80,90.7991,0,0,0,0,209.4917,953,30,150.3143,40,43.3833,47,41,23.68,23.68,23.68
2022-11-11 15:00:00,2.638,4.4972,0.7068,0.8089,120,53.8196,39.7508,120,67.0497,67.5069,66.5914,0.247,120,28.9322,28.9953,28.8763,0.0266,120,1005.7971,1005.9816,1005.5971,0.0809,120,94.4291,102.1291,87.2299,4.239,120,515.5419,534.898,493.1321,14.3427,120,771.8758,779.436,762.7167,4.9044,120,120,0,440.4711,461.1347,418.4088,14.4424,120,59.86,60.92,58.6,0.69,120,3.43,3.433,3.4266,0.0013,0.5893,0.5899,0.5888,0.0003,0.6705,0.6751,0.6659,0.0025,-0.0048,-0.0047,-0.0048,0,0.0012,0.0013,0.0011,0.0001,0.0043,0.0045,0.0041,0.0001,0.4405,0.4611,0.4184,0.0144,263.9167,466,54,87.9243,0,0,0,0,195.5417,979,22,163.6447,40,44.05,47,41,23.68,23.68,23.68
2022-11-11 15:10:00,2.6304,5.8036,0.9276,1.051,120,46.4511,44.516,120,67.0194,67.7816,65.92,0.4401,120,29.0642,29.2181,28.9495,0.0748,120,1005.8322,1005.9999,1005.5971,0.0899,120,97.4289,103.811,90.8346,3.306,120,470.5242,494.964,330.4646,28.9693,120,737.4774,765.1756,492.2494,45.2353,120,120,0,395.5326,420.2399,276.4977,26.4896,120,62.25,63.51,61.18,0.69,120,3.4305,3.4333,3.4266,0.0015,0.5906,0.5922,0.5895,0.0008,0.6702,0.6778,0.6592,0.0044,-0.0046,-0.0031,-0.0047,0.0003,0.0012,0.0013,0.0012,0,0.0039,0.0041,0.0028,0.0002,0.3955,0.4202,0.2765,0.0265,263.0917,608,78,114.2431,0,0,0,0,211.875,1019,0,225.9864,40,44.2333,47,41,23.68,23.68,23.63
2022-11-11 15:20:00,2.3379,4.4052,0.7896,0.7659,120,50.2998,40.5539,120,66.8427,67.5375,66.0421,0.3704,120,29.1709,29.2792,29.0808,0.073,120,1005.8248,1005.9816,1005.7619,0.073,120,89.2346,100.6874,84.1063,4.3667,120,396.1208,457.2281,121.2677,70.9018,120,660.0501,734.6874,76.223,145.22,120,120,0,326.2073,381.1762,98.2696,59.4069,120,64.63,65.83,63.51,0.7,120,3.4304,3.433,3.4294,0.0012,0.5917,0.5928,0.5908,0.0007,0.6684,0.6754,0.6604,0.0037,-0.0041,-0.0005,-0.0046,0.0009,0.0011,0.0013,0.0011,0.0001,0.0033,0.0038,0.001,0.0006,0.3262,0.3812,0.0983,0.0594,231.2917,456,63,83.2528,0,0,0,0,231.4917,998,0,239.3704,40,44.1833,47,41,23.68,23.73,23.63
2022-11-11 15:30:00,1.7034,4.2396,0.3848,0.9696,120,74.6678,66.9314,120,66.689,67.9037,65.4012,0.8667,120,29.6093,29.8834,29.1266,0.2307,120,1005.7837,1005.8168,1005.5788,0.0438,120,114.098,129.7638,84.1063,15.6662,120,348.2059,416.928,131.8932,103.422,120,549.0726,713.0487,23.6046,253.0316,120,120,0,285.3099,342.7229,114.7496,81.929,120,67.01,68.16,65.83,0.7,120,3.4297,3.4303,3.4263,0.0007,0.5961,0.5988,0.5913,0.0023,0.6669,0.679,0.654,0.0087,-0.0034,-0.0001,-0.0044,0.0016,0.0014,0.0016,0.0011,0.0002,0.0029,0.0035,0.0011,0.0009,0.2853,0.3427,0.1147,0.0819,162.325,438,19,105.3908,0,0,0,0,324.6083,1020,16,248.2375,40.6,44.15,49,41,23.68,23.68,23.68
2022-11-11 15:40:00,1.8835,4.212,0.4216,0.9944,120,104.0644,59.8032,120,66.1344,66.8355,65.4012,0.4053,120,29.3667,29.5965,29.1388,0.1263,120,1005.7935,1005.9816,1005.5971,0.0315,120,104.5279,125.6787,83.8661,15.3452,120,289.8251,385.4202,109.1777,82.8497,120,490.3525,670.7573,26.0635,218.1852,120,120,0,232.7036,313.1199,90.3348,63.9125,120,69.4,70.48,68.16,0.69,120,3.4299,3.433,3.4266,0.0005,0.5937,0.596,0.5914,0.0013,0.6613,0.6684,0.654,0.0041,-0.003,-0.0002,-0.0042,0.0014,0.0013,0.0016,0.0011,0.0002,0.0024,0.0032,0.0009,0.0007,0.2327,0.3131,0.0903,0.0639,181.9,435,23,108.0838,0,0,0,0,346.825,1018,8,199.9396,41,44.3333,47,41,23.68,23.68,23.63
2022-11-11 15:50:00,2.1625,4.6996,0.716,0.9348,120,82.4673,40.3791,120,66.744,67.5375,65.7979,0.4811,120,29.0643,29.2364,28.9557,0.0996,120,1005.7137,1005.8168,1005.5788,0.0903,120,82.7244,86.5094,74.7346,2.4164,120,277.4296,309.581,116.8715,32.076,120,575.1562,629.4505,108.1872,85.8904,120,120,0,208.7593,237.7392,91.2503,24.7204,120,71.78,73.06,70.48,0.69,120,3.4286,3.4303,3.4263,0.0015,0.5906,0.5924,0.5896,0.001,0.6674,0.6754,0.658,0.0048,-0.0036,-0.0007,-0.0039,0.0005,0.0011,0.0011,0.0009,0,0.0023,0.0026,0.001,0.0003,0.2088,0.2377,0.0913,0.0247,212.225,488,55,101.6127,0,0,0,0,250.8167,862,0,133.7407,41,43.3667,47,41,23.68,23.73,23.68
2022-11-11 16:00:00,2.2552,4.6076,0.6608,0.7249,120,83.0802,44.1773,120,67.2831,67.8121,66.744,0.2608,120,29.0303,29.1266,28.861,0.0723,120,1005.6612,1005.7985,1005.5788,0.0787,120,66.2696,74.7346,59.5953,3.8017,120,232.2716,258.2893,182.8175,16.6987,120,560.256,593.0599,387.5056,37.8033,120,120,0,164.1743,188.6044,129.7037,14.0468,120,74.17,75.38,73.06,0.7,120,3.4277,3.43,3.4263,0.0013,0.5903,0.5913,0.5886,0.0007,0.6728,0.6781,0.6674,0.0026,-0.0035,-0.0024,-0.0037,0.0002,0.0008,0.0009,0.0008,0,0.0019,0.0022,0.0015,0.0001,0.1642,0.1886,0.1297,0.014,222.3,478,49,78.7926,0,0,0,0,285.8417,1009,31,184.8692,40.6,42.9833,49,39,23.68,23.73,23.63
2022-11-11 16:10:00,2.325,4.8652,0.5412,0.9157,120,78.2846,43.9746,120,67.1725,67.8121,66.3167,0.3483,120,28.6012,28.8519,28.4735,0.0902,120,1005.643,1005.8168,1005.414,0.0751,120,55.1436,62.4787,50.9441,2.6986,120,188.4875,218.3553,163.0336,15.5779,120,526.4311,576.8321,482.4154,26.7257,120,120,0,124.5435,148.9303,104.0681,12.5885,120,76.54,77.7,75.38,0.7,120,3.4274,3.4303,3.4236,0.0013,0.586,0.5885,0.5847,0.0009,0.6717,0.6781,0.6632,0.0035,-0.0033,-0.003,-0.0036,0.0002,0.0007,0.0008,0.0006,0,0.0016,0.0018,0.0014,0.0001,0.1245,0.1489,0.1041,0.0126,229.8917,506,36,99.5301,0,0,0,0,280.3167,972,13,191.1121,41,44.3833,47,41,23.68,23.68,23.63
2022-11-11 16:20:00,2.1558,4.3592,0.3112,0.8821,120,87.5328,38.2782,120,67.7145,68.2394,66.9576,0.3024,120,28.5383,28.6566,28.4185,0.0752,120,1005.6812,1005.8168,1005.5971,0.089,120,48.4191,51.4252,45.8976,1.3925,120,145.6926,162.6675,131.1597,9.1052,120,464.2484,482.4154,440.6155,11.0343,120,120,0,89.582,104.0681,76.9066,8.1207,120,78.92,80.02,77.7,0.69,120,3.428,3.4303,3.4266,0.0015,0.5854,0.5866,0.5842,0.0008,0.6771,0.6824,0.6696,0.003,-0.0029,-0.0027,-0.003,0.0001,0.0006,0.0007,0.0006,0,0.0012,0.0014,0.0011,0.0001,0.0896,0.1041,0.0769,0.0081,211.5,451,11,95.8766,0,0,0,0,255.9833,635,9,113.5059,41,44.9,49,41,23.68,23.68,23.68
2022-11-11 16:30:00,2.2538,4.5432,0.7896,0.813,120,68.518,36.0152,120,68.053,68.5141,67.5985,0.2063,120,28.3223,28.4185,28.1469,0.0835,120,1005.7344,1005.7985,1005.5971,0.0827,120,44.36,47.8205,40.611,1.6287,120,112.0966,131.8932,91.958,11.2322,120,406.4872,455.3674,352.0996,26.2047,120,120,0,61.6474,76.9066,47.3037,8.4715,120,81.3,82.6,80.02,0.69,120,3.4289,3.43,3.4266,0.0014,0.5832,0.5842,0.5815,0.0008,0.6805,0.6851,0.676,0.0021,-0.0025,-0.0022,-0.0028,0.0002,0.0006,0.0006,0.0005,0,0.0009,0.0011,0.0008,0.0001,0.0616,0.0769,0.0473,0.0085,222.15,471,63,88.3715,0,0,0,0,230.2833,954,19,157.4951,41,44.7833,47,41,23.68,23.73,23.63
2022-11-11 16:40:00,1.7961,3.752,0.394,0.7489,120,84.2191,40.1709,120,69.1972,69.6432,68.6056,0.2779,120,28.1378,28.1591,28.0828,0.013,120,1005.7755,1005.9816,1005.5971,0.0679,120,33.5764,40.3709,27.1543,3.6119,120,58.4786,90.8595,31.1417,15.2001,120,198.6293,349.6407,52.6184,78.0715,120,120,0,33.6187,47.3037,24.4148,5.8902,120,83.68,84.91,82.6,0.69,120,3.4296,3.433,3.4266,0.0011,0.5814,0.5816,0.5808,0.0001,0.692,0.6964,0.6861,0.0028,-0.0012,-0.0003,-0.0022,0.0005,0.0004,0.0005,0.0003,0,0.0005,0.0008,0.0003,0.0001,0.0336,0.0473,0.0244,0.0059,172.4,385,20,81.4043,0,0,0,0,273.0333,1018,19,167.5072,41,44.6,49,41,23.68,23.73,23.68
2022-11-11 16:50:00,2.2029,4.6168,0.716,0.9261,120,77.734,38.8273,120,69.7824,70.3452,68.9108,0.3518,120,27.7984,28.0676,27.6037,0.1262,120,1005.8084,1005.9999,1005.6154,0.0593,120,23.5357,27.3945,19.4646,2.0048,120,31.0193,35.5378,23.4478,3.3438,120,104.4493,142.6104,53.1099,31.7442,120,120,0,20.9255,24.1096,17.0904,1.8082,120,86.05,87.22,84.91,0.69,120,3.4301,3.4333,3.4269,0.001,0.578,0.5807,0.576,0.0013,0.6978,0.7035,0.6891,0.0035,-0.0006,-0.0003,-0.0009,0.0002,0.0003,0.0003,0.0002,0,0.0003,0.0003,0.0002,0,0.0209,0.0241,0.0171,0.0018,216.625,479,55,100.6602,0,0,0,0,241.675,865,12,137.4367,41,44.5167,47,41,23.68,23.73,23.68
2022-11-11 17:00:00,2.0477,3.7704,0.7068,0.7954,120,75.3227,37.4178,120,70.5433,70.8945,69.9484,0.2006,120,27.4941,27.6037,27.329,0.0652,120,1005.8522,1005.9999,1005.6154,0.0932,120,14.3942,19.2244,9.3717,2.7823,120,15.9401,23.4478,9.1597,4.6808,120,38.0211,84.0912,14.2604,27.7182,120,120,0,13.1306,17.0904,8.8504,2.4949,120,88.41,89.53,87.22,0.69,120,3.4309,3.4333,3.4269,0.0016,0.5749,0.576,0.5733,0.0006,0.7054,0.7089,0.6995,0.002,-0.0002,-0.0001,-0.0005,0.0002,0.0002,0.0002,0.0001,0,0.0001,0.0002,0.0001,0,0.0131,0.0171,0.0089,0.0025,199.75,387,54,86.4529,0,0,0,0,239.4333,988,32,143.0502,41,44.4333,47,41,23.68,23.68,23.68
2022-11-11 17:10:00,2.175,3.7888,0.9828,0.6955,120,80.3748,36.2455,120,71.5173,72.1458,70.6809,0.3712,120,27.2251,27.3229,27.1886,0.0317,120,1005.9404,1005.9999,1005.7619,0.0706,120,4.6118,9.6118,2.163,2.2695,120,4.4452,9.1597,2.1981,2.2232,120,13.8918,14.2604,13.2775,0.2319,120,120,0,4.9313,8.8504,2.7467,1.8486,120,89.74,89.78,89.53,0.1,16,3.4323,3.4333,3.4294,0.0012,0.5723,0.5732,0.5719,0.0003,0.7152,0.7215,0.7068,0.0037,-0.0001,-0.0001,-0.0001,0,0.0001,0.0001,0,0,0,0.0001,0,0,0.0049,0.0089,0.0027,0.0018,213.5917,389,84,75.5993,0,0,0,0,260.5833,1020,20,160.1722,41,44.45,47,41,23.68,23.68,23.63
2022-11-11 17:20:00,1.6814,3.7152,0.302,0.8119,120,86.3444,44.5249,120,72.5117,72.8172,72.0847,0.1762,120,27.2181,27.2497,27.152,0.0223,120,1005.8737,1005.9999,1005.7619,0.0952,120,0.7149,2.4032,0,0.8574,120,0.5923,2.1981,0,0.7377,120,13.728,13.7689,13.2775,0.1364,120,120,0,1.2792,3.0518,0,1.0297,120,None,None,None,None,0,3.4312,3.4333,3.4294,0.0016,0.5722,0.5725,0.5715,0.0002,0.7251,0.7282,0.7208,0.0018,-0.0001,-0.0001,-0.0001,0,0,0,0,0,0,0,0,0,0.0013,0.0031,0,0.001,159.9333,381,10,88.2462,0,0,0,0,273.7917,882,48,147.3666,40.6,44.6333,47,41,23.68,23.68,23.68
2022-11-11 17:30:00,2.1872,4.6904,0.8264,0.841,120,79.8037,36.8928,120,73.1964,73.5191,72.8172,0.1844,120,27.076,27.1612,26.9719,0.0542,120,1005.9864,1006.1647,1005.9633,0.0549,120,0,0,0,0,120,0,0,0,0,120,13.7403,14.2604,13.2775,0.1943,120,120,0,0,0,0,0,120,None,None,None,None,0,3.4331,3.4361,3.4327,0.0009,0.5708,0.5716,0.5697,0.0005,0.732,0.7352,0.7282,0.0018,-0.0001,-0.0001,-0.0001,0,0,0,0,0,0,0,0,0,0,0,0,0,214.9083,487,67,91.4159,0,0,0,0,259.5833,1019,10,158.7729,40,44.6,49,41,23.68,23.73,23.63
2022-11-11 17:40:00,1.8839,3.6968,0.5412,0.7475,120,80.03,42.4576,120,73.7955,74.0074,73.4275,0.1318,120,26.9595,26.9842,26.9384,0.0112,120,1006.0273,1006.1647,1005.945,0.0884,120,0,0,0,0,120,0,0,0,0,120,13.7771,14.2604,13.2775,0.1558,120,120,0,0,0,0,0,120,None,None,None,None,0,3.4338,3.4361,3.4324,0.0015,0.5696,0.5698,0.5694,0.0001,0.738,0.7401,0.7343,0.0013,-0.0001,-0.0001,-0.0001,0,0,0,0,0,0,0,0,0,0,0,0,0,181.95,379,36,81.2468,0,0,0,0,279.8333,969,11,180.2649,40,44.4333,49,39,23.68,23.68,23.68
2022-11-11 17:50:00,1.7193,4.1108,0.4216,0.7889,120,93.1436,39.3357,120,74.101,74.4346,73.8853,0.1331,120,26.9415,26.9597,26.917,0.0112,120,1006.1078,1006.1647,1005.945,0.0805,120,0,0,0,0,120,0,0,0,0,120,13.7853,14.2604,13.2775,0.1415,120,120,0,0,0,0,0,120,None,None,None,None,0,3.4351,3.4361,3.4324,0.0013,0.5694,0.5696,0.5692,0.0001,0.741,0.7443,0.7389,0.0013,-0.0001,-0.0001,-0.0001,0,0,0,0,0,0,0,0,0,0,0,0,0,164.05,424,23,85.7509,0,0,0,0,287.025,992,60,138.3696,40,44.3167,47,41,23.68,23.68,23.68
2022-11-11 18:00:00,2.1223,4.3316,0.67,0.8593,120,83.5747,38.0584,120,74.414,74.7093,74.1295,0.1613,120,26.9115,26.9597,26.8865,0.021,120,1006.1681,1006.3478,1005.9633,0.0678,120,0,0,0,0,120,0,0,0,0,120,13.8222,14.2604,13.2775,0.1994,120,120,0,0,0,0,0,120,None,None,None,None,0,3.4361,3.4391,3.4327,0.0011,0.5691,0.5696,0.5689,0.0002,0.7441,0.7471,0.7413,0.0016,-0.0001,-0.0001,-0.0001,0,0,0,0,0,0,0,0,0,0,0,0,0,207.8583,448,50,93.3982,0,0,0,0,269.7083,976,44,153.8776,40,44.25,49,41,23.68,23.68,23.68
2022-11-11 18:10:00,1.7393,4.0556,0.5412,0.7893,120,89.5381,50.6507,120,74.9184,75.1366,74.6788,0.1268,120,26.917,26.9384,26.8926,0.01,120,1006.1942,1006.3478,1006.1098,0.083,120,0,0,0,0,120,0,0,0,0,120,13.773,14.2604,13.2775,0.1624,120,120,0,0,0,0,0,120,None,None,None,None,0,3.4366,3.4391,3.4352,0.0014,0.5692,0.5694,0.5689,0.0001,0.7492,0.7514,0.7468,0.0013,-0.0001,-0.0001,-0.0001,0,0,0,0,0,0,0,0,0,0,0,0,0,166.225,418,36,85.7966,0,0,0,0,281.3417,916,0,161.7435,40,44.5,47,41,23.68,23.73,23.68
2022-11-11 18:20:00,2.3551,4.4052,0.946,0.7366,120,87.4608,29.0014,120,75.2986,75.6249,74.984,0.1687,120,26.8106,26.9018,26.7431,0.0467,120,1006.3141,1006.531,1006.1281,0.058,120,0,0,0,0,120,0,0,0,0,120,13.8795,14.2604,13.2775,0.2157,120,120,0,0,0,0,0,120,None,None,None,None,0,3.4386,3.4422,3.4355,0.001,0.5681,0.569,0.5674,0.0005,0.753,0.7562,0.7498,0.0017,-0.0001,-0.0001,-0.0001,0,0,0,0,0,0,0,0,0,0,0,0,0,233.1583,456,80,80.0656,0,0,0,0,256.0167,895,27,98.9595,40,44.5333,47,41,23.68,23.68,23.68
2022-11-11 18:30:00,2.1951,4.442,0.5872,0.8184,120,93.0871,42.3657,120,75.72,75.9606,75.4418,0.1518,120,26.6995,26.7492,26.6729,0.0173,120,1006.3219,1006.3478,1006.1464,0.0383,120,0,0,0,0,120,0,0,0,0,120,13.8263,14.2604,13.2775,0.2131,120,120,0,0,0,0,0,120,None,None,None,None,0,3.4387,3.4391,3.4358,0.0006,0.567,0.5675,0.5667,0.0002,0.7572,0.7596,0.7544,0.0015,-0.0001,-0.0001,-0.0001,0,0,0,0,0,0,0,0,0,0,0,0,0,215.775,460,41,88.9586,0,0,0,0,283.475,972,14,144.3451,40,44.55,47,41,23.68,23.68,23.68
2022-11-11 18:40:00,2.0191,5.04,0.3664,1.0583,120,92.3622,46.6496,120,76.1071,76.3878,75.9606,0.0928,120,26.6834,26.7095,26.6546,0.0149,120,1006.3579,1006.531,1006.1464,0.081,120,0,0,0,0,120,0,0,0,0,120,13.8508,14.2604,13.7689,0.1839,120,120,0,0,0,0,0,120,None,None,None,None,0,3.4393,3.4422,3.4358,0.0013,0.5668,0.5671,0.5665,0.0001,0.7611,0.7639,0.7596,0.0009,-0.0001,-0.0001,-0.0001,0,0,0,0,0,0,0,0,0,0,0,0,0,196.6417,525,17,115.0344,0,0,0,0,313.65,994,18,183.8644,39.5,44.8333,49,41,23.68,23.68,23.63
2022-11-11 18:50:00,2.8361,5.0492,0.2928,1.0518,120,92.6937,33.4505,120,76.6541,77.0287,76.3573,0.1656,120,26.7252,26.7736,26.6607,0.0347,120,1006.4913,1006.7141,1006.3112,0.0889,120,0,0,0,0,120,0,0,0,0,120,13.9246,14.2604,13.2775,0.2383,120,120,0,0,0,0,0,120,None,None,None,None,0,3.4415,3.4452,3.4385,0.0015,0.5673,0.5677,0.5666,0.0003,0.7665,0.7703,0.7636,0.0017,-0.0001,-0.0001,-0.0001,0,0,0,0,0,0,0,0,0,0,0,0,0,285.45,526,9,114.3245,0,0,0,0,273.5083,743,56,104.2282,39,44.7,47,41,23.68,23.68,23.68
2022-11-11 19:00:00,2.595,5.8128,0.6332,1.0031,120,98.4083,42.305,120,77.9608,78.9819,77.0592,0.6175,120,26.4854,26.6698,26.3616,0.0877,120,1006.4956,1006.6958,1006.3112,0.0719,120,0,0,0,0,120,0,0,0,0,120,13.7976,14.2604,13.2775,0.2044,120,120,0,0,0,0,0,120,None,None,None,None,0,3.4416,3.4449,3.4385,0.0012,0.5648,0.5667,0.5636,0.0009,0.7796,0.7898,0.7706,0.0062,-0.0001,-0.0001,-0.0001,0,0,0,0,0,0,0,0,0,0,0,0,0,259.2417,609,46,109.034,0,0,0,0,300.95,845,52,136.3859,39,44.5667,47,41,23.68,23.68,23.63
2022-11-11 19:10:00,2.2158,3.89,0.6792,0.835,120,98.9714,42.3247,120,79.7296,80.4163,78.9514,0.4105,120,26.2788,26.3616,26.1968,0.0463,120,1006.5763,1006.7324,1006.3112,0.1049,120,0,0,0,0,120,0,0,0,0,120,13.8467,14.2604,13.7689,0.1802,120,120,0,0,0,0,0,120,None,None,None,None,0,3.4429,3.4455,3.4385,0.0017,0.5628,0.5636,0.562,0.0005,0.7973,0.8042,0.7895,0.0041,-0.0001,-0.0001,-0.0001,0,0,0,0,0,0,0,0,0,0,0,0,0,218.0167,400,51,90.7568,0,0,0,0,303.3667,1005,33,149.8239,39,44.75,47,41,23.68,23.68,23.63
2022-11-11 19:20:00,2.6301,5.1228,0.7528,0.953,120,94.6009,37.1514,120,80.9114,81.3318,80.3858,0.2572,120,26.1818,26.209,26.1693,0.0066,120,1006.7261,1006.9155,1006.4943,0.0873,120,0,0,0,0,120,0,0,0,0,120,13.9205,14.2604,13.2775,0.2366,120,120,0,0,0,0,0,120,None,None,None,None,0,3.4454,3.4486,3.4416,0.0015,0.5618,0.5621,0.5617,0.0001,0.8091,0.8133,0.8039,0.0026,-0.0001,-0.0001,-0.0001,0,0,0,0,0,0,0,0,0,0,0,0,0,263.05,534,59,103.5888,0,0,0,0,288.5833,958,3,135.4003,39,44.8,47,41,23.68,23.68,23.63
2022-11-11 19:30:00,2.4233,5.3528,0.8172,0.9276,120,97.0851,36.2819,120,81.4704,81.6675,81.3013,0.0931,120,26.189,26.2059,26.1693,0.0069,120,1006.784,1007.0803,1006.6774,0.1015,120,0,0,0,0,120,0,0,0,0,120,13.9573,14.2604,13.2775,0.2483,120,120,0,0,0,0,0,120,None,None,None,None,0,3.4464,3.4513,3.4446,0.0017,0.5619,0.5621,0.5617,0.0001,0.8147,0.8167,0.813,0.0009,-0.0001,-0.0001,-0.0001,0,0,0,0,0,0,0,0,0,0,0,0,0,240.575,559,66,100.821,0,0,0,0,294.8,1022,56,138.43,39,44.6333,47,41,23.68,23.68,23.63
2022-11-11 19:40:00,2.6465,5.3712,0.8816,1.0365,120,97.7687,35.7615,120,81.5053,81.6065,81.4234,0.0442,120,26.2059,26.2517,26.1815,0.0156,120,1006.8799,1007.0803,1006.6774,0.0661,120,0,0,0,0,120,0,0,0,0,120,13.986,14.2604,13.2775,0.2532,120,120,0,0,0,0,0,120,None,None,None,None,0,3.448,3.4513,3.4446,0.0011,0.5621,0.5625,0.5618,0.0002,0.8151,0.8161,0.8142,0.0004,-0.0001,-0.0001,-0.0001,0,0,0,0,0,0,0,0,0,0,0,0,0,264.8417,561,73,112.6608,0,0,0,0,293.7917,955,28,124.1221,38.1,44.6167,47,41,23.68,23.68,23.63
2022-11-11 19:50:00,1.9968,3.9452,0.394,0.8376,120,93.6819,40.4587,120,81.1782,81.4539,80.8435,0.1878,120,26.3142,26.383,26.2487,0.0422,120,1006.9817,1007.0803,1006.8606,0.093,120,0,0,0,0,120,0,0,0,0,120,13.9696,14.2604,13.7689,0.2426,120,120,0,0,0,0,0,120,None,None,None,None,0,3.4497,3.4513,3.4477,0.0016,0.5631,0.5638,0.5625,0.0004,0.8118,0.8145,0.8084,0.0019,-0.0001,-0.0001,-0.0001,0,0,0,0,0,0,0,0,0,0,0,0,0,194.2167,406,20,91.0439,0,0,0,0,300.2667,1020,29,162.4743,38,44.4833,47,41,23.68,23.68,23.63
2022-11-11 20:00:00,1.9883,3.9176,0.3112,0.7778,120,92.3738,38.0132,120,80.4615,80.8435,80.1416,0.1874,120,26.3814,26.3921,26.3707,0.0042,120,1007.0302,1007.0803,1006.8606,0.0728,120,0,0,0,0,120,0,0,0,0,120,13.9655,14.2604,13.2775,0.25,120,120,0,0,0,0,0,120,None,None,None,None,0,3.4505,3.4513,3.4477,0.0012,0.5638,0.5639,0.5637,0,0.8046,0.8084,0.8014,0.0019,-0.0001,-0.0001,-0.0001,0,0,0,0,0,0,0,0,0,0,0,0,0,193.2917,403,11,84.5403,0,0,0,0,278.1167,904,53,124.6052,38,44.4,47,41,23.68,23.68,23.68
2022-11-11 20:10:00,2.0879,3.9544,0.5964,0.7757,120,87.0158,36.725,120,79.9023,80.1721,79.7143,0.1515,120,26.3626,26.386,26.3372,0.0121,120,1007.1398,1007.2634,1007.0437,0.093,120,0,0,0,0,120,0,0,0,0,120,13.9123,14.2604,13.7689,0.2243,120,120,0,0,0,0,0,120,None,None,None,None,0,3.4523,3.4544,3.4507,0.0015,0.5636,0.5639,0.5634,0.0001,0.799,0.8017,0.7971,0.0015,-0.0001,-0.0001,-0.0001,0,0,0,0,0,0,0,0,0,0,0,0,0,204.1167,407,42,84.3149,0,0,0,0,268.5083,1011,15,141.3559,38,44.3167,49,41,23.68,23.68,23.63
2022-11-11 20:20:00,1.6457,3.016,0.624,0.6264,120,105.0684,43.0943,120,79.6602,79.8059,79.5312,0.0836,120,26.3512,26.3799,26.3097,0.0174,120,1007.2826,1007.4282,1007.0437,0.085,120,0,0,0,0,120,0,0,0,0,120,13.8427,14.2604,13.2775,0.2079,120,120,0,0,0,0,0,120,None,None,None,None,0,3.4547,3.4571,3.4507,0.0014,0.5635,0.5638,0.5631,0.0002,0.7966,0.7981,0.7953,0.0008,-0.0001,-0.0001,-0.0001,0,0,0,0,0,0,0,0,0,0,0,0,0,156.05,305,45,68.0867,0,0,0,0,314.7917,1010,29,140.2036,38,44.65,47,41,23.68,23.68,23.63
2022-11-11 20:30:00,1.9495,3.6876,0.5596,0.7344,120,104.5111,33.5358,120,79.665,79.7754,79.5312,0.074,120,26.2721,26.3158,26.2395,0.0234,120,1007.4248,1007.6113,1007.2451,0.0716,120,0,0,0,0,120,0,0,0,0,120,13.9328,14.2604,13.2775,0.2412,120,120,0,0,0,0,0,120,None,None,None,None,0,3.4571,3.4602,3.4541,0.0012,0.5627,0.5632,0.5624,0.0002,0.7967,0.7978,0.7953,0.0007,-0.0001,-0.0001,-0.0001,0,0,0,0,0,0,0,0,0,0,0,0,0,189.075,378,38,79.8242,0,0,0,0,298.9,580,21,96.8317,38,44.8333,47,41,23.68,23.68,23.63
2022-11-11 20:40:00,1.7892,3.2736,0.7712,0.547,120,99.0334,32.2346,120,79.9079,80.05,79.7449,0.0773,120,26.2419,26.2517,26.2334,0.0043,120,1007.4706,1007.6113,1007.4099,0.0841,120,0,0,0,0,120,0,0,0,0,120,13.8672,14.2604,13.2775,0.217,120,120,0,0,0,0,0,120,None,None,None,None,0,3.4578,3.4602,3.4568,0.0014,0.5624,0.5625,0.5623,0,0.7991,0.8005,0.7974,0.0008,-0.0001,-0.0001,-0.0001,0,0,0,0,0,0,0,0,0,0,0,0,0,171.65,333,61,59.4565,0,0,0,0,293.625,965,84,111.6845,38,44.55,47,41,23.68,23.68,23.63
2022-11-11 20:50:00,2.0974,4.0924,0.7252,0.6922,120,99.4713,31.5895,120,80.1592,80.3247,80.0195,0.0831,120,26.1957,26.2426,26.151,0.0266,120,1007.4877,1007.6113,1007.4099,0.0882,120,0,0,0,0,120,0,0,0,0,120,13.9,14.2604,13.2775,0.2274,120,120,0,0,0,0,0,120,None,None,None,None,0,3.4581,3.4602,3.4568,0.0015,0.562,0.5624,0.5615,0.0003,0.8016,0.8032,0.8002,0.0008,-0.0001,-0.0001,-0.0001,0,0,0,0,0,0,0,0,0,0,0,0,0,205.15,422,56,75.2414,0,0,0,0,287.2167,747,44,97.3749,37.2,44.7,47,41,23.68,23.68,23.63
2022-11-11 21:00:00,1.5919,3.9268,0.44,0.6842,120,97.5702,33.2039,120,80.4854,80.5689,80.3247,0.0585,120,26.1584,26.1724,26.1449,0.0058,120,1007.5137,1007.6113,1007.4099,0.0899,120,0,0,0,0,120,0,0,0,0,120,13.814,14.2604,10.3271,0.398,120,120,0,0,0,0,0,120,None,None,None,None,0,3.4586,3.4602,3.4568,0.0015,0.5616,0.5617,0.5615,0.0001,0.8049,0.8057,0.8032,0.0006,-0.0001,-0.0001,-0.0001,0,0,0,0,0,0,0,0,0,0,0,0,0,150.2083,404,25,74.3654,0,0,0,0,283.8583,915,47,107.2125,37,44.5,47,41,23.68,23.68,23.63
2022-11-11 21:10:00,1.9963,4.4788,0.6884,0.881,120,99.3797,34.0519,120,80.7006,80.8435,80.5078,0.1019,120,26.1361,26.1571,26.1174,0.0101,120,1007.5625,1007.6113,1007.4099,0.0668,120,0,0,0,0,120,0,0,0,0,120,13.9532,14.2604,13.2775,0.2473,120,120,0,0,0,0,0,120,None,None,None,None,0,3.4594,3.4602,3.4568,0.0011,0.5614,0.5616,0.5612,0.0001,0.807,0.8084,0.8051,0.001,-0.0001,-0.0001,-0.0001,0,0,0,0,0,0,0,0,0,0,0,0,0,194.1583,464,52,95.7589,0,0,0,0,301.425,948,92,125.1854,37,44.9,49,41,23.68,23.68,23.63
2022-11-11 21:20:00,1.8114,4.212,0.348,0.7854,120,101.1771,36.1805,120,80.8863,81.0877,80.6909,0.0908,120,26.1458,26.1785,26.1266,0.0107,120,1007.4274,1007.6113,1007.4099,0.0496,120,0,0,0,0,120,0,0,0,0,120,13.9573,14.2604,13.7689,0.2399,120,120,0,0,0,0,0,120,None,None,None,None,0,3.4571,3.4602,3.4568,0.0008,0.5615,0.5618,0.5613,0.0001,0.8089,0.8109,0.8069,0.0009,-0.0001,-0.0001,-0.0001,0,0,0,0,0,0,0,0,0,0,0,0,0,174.0667,435,15,85.3665,0,0,0,0,300.725,848,58,118.4795,37,44.8167,47,41,23.68,23.68,23.63
2022-11-11 21:30:00,1.4495,4.8928,0.4216,0.7999,120,95.6481,52.8732,120,80.9961,81.0877,80.874,0.054,120,26.2269,26.2731,26.1693,0.0284,120,1007.3844,1007.4282,1007.2268,0.0651,120,0,0,0,0,120,0,0,0,0,120,13.9532,14.2604,13.7689,0.2389,120,120,0,0,0,0,0,120,None,None,None,None,0,3.4564,3.4571,3.4538,0.0011,0.5623,0.5627,0.5617,0.0003,0.81,0.8109,0.8087,0.0005,-0.0001,-0.0001,-0.0001,0,0,0,0,0,0,0,0,0,0,0,0,0,134.7333,509,23,86.9446,0,0,0,0,315.4417,991,75,182.1899,37,44.45,47,41,23.68,23.68,23.63
2022-11-11 21:40:00,1.8314,3.6416,0.4768,0.733,120,96.6162,41.4547,120,80.8562,80.9656,80.7215,0.0586,120,26.2483,26.2609,26.2273,0.0072,120,1007.3135,1007.4282,1007.2085,0.0911,120,0,0,0,0,120,0,0,0,0,120,13.9532,14.2604,13.7689,0.2389,120,120,0,0,0,0,0,120,None,None,None,None,0,3.4552,3.4571,3.4535,0.0015,0.5625,0.5626,0.5623,0.0001,0.8086,0.8097,0.8072,0.0006,-0.0001,-0.0001,-0.0001,0,0,0,0,0,0,0,0,0,0,0,0,0,176.2417,373,29,79.6706,0,0,0,0,302.2167,971,16,148.6764,37,44.5167,47,41,23.68,23.68,23.63
2022-11-11 21:50:00,1.867,3.752,0.4216,0.6906,120,86.1547,38.5361,120,80.6586,80.813,80.4468,0.0894,120,26.2628,26.2883,26.2426,0.0113,120,1007.225,1007.4282,1007.0437,0.0269,120,0,0,0,0,120,0,0,0,0,120,13.9328,14.2604,13.7689,0.2326,120,120,0,0,0,0,0,120,None,None,None,None,0,3.4537,3.4571,3.4507,0.0004,0.5626,0.5629,0.5624,0.0001,0.8066,0.8081,0.8045,0.0009,-0.0001,-0.0001,-0.0001,0,0,0,0,0,0,0,0,0,0,0,0,0,180.1083,385,23,75.0675,0,0,0,0,268.125,932,38,134.919,37,44.6333,49,41,23.68,23.68,23.63
2022-11-11 22:00:00,1.8029,3.5128,0.6792,0.7203,120,92.6308,39.1708,120,80.3847,80.4773,80.2637,0.0559,120,26.2504,26.27,26.2395,0.0067,120,1007.2326,1007.4099,1007.0254,0.0486,120,0,0,0,0,120,0,0,0,0,120,13.8795,14.2604,13.2775,0.2157,120,120,0,0,0,0,0,120,None,None,None,None,0,3.4539,3.4568,3.4504,0.0008,0.5625,0.5627,0.5624,0.0001,0.8038,0.8048,0.8026,0.0006,-0.0001,-0.0001,-0.0001,0,0,0,0,0,0,0,0,0,0,0,0,0,173.1417,359,51,78.2928,0,0,0,0,278.1417,977,7,132.3488,37,44.65,47,41,23.68,23.68,23.63
2022-11-11 22:10:00,2.0285,3.6508,0.6056,0.7337,120,94.6995,33.2596,120,80.2477,80.3247,80.2026,0.0268,120,26.254,26.2792,26.2334,0.0115,120,1007.1284,1007.4099,1007.0254,0.0998,120,0,0,0,0,120,0,0,0,0,120,13.9942,14.2604,13.7689,0.2459,120,120,0,0,0,0,0,120,None,None,None,None,0,3.4521,3.4568,3.4504,0.0017,0.5625,0.5628,0.5623,0.0001,0.8025,0.8032,0.802,0.0003,-0.0001,-0.0001,-0.0001,0,0,0,0,0,0,0,0,0,0,0,0,0,197.6667,374,43,79.7449,0,0,0,0,269.5167,527,22,96.4179,37,44.5667,47,41,23.68,23.68,23.63
2022-11-11 22:20:00,1.9388,3.6232,0.5688,0.736,120,99.8448,35.3492,120,80.2563,80.4163,80.1721,0.0534,120,26.299,26.3341,26.2761,0.0139,120,1007.0739,1007.2268,1006.8422,0.0801,120,0,0,0,0,120,0,0,0,0,120,13.986,14.2604,13.7689,0.2451,120,120,0,0,0,0,0,120,None,None,None,None,0,3.4512,3.4538,3.4474,0.0013,0.563,0.5633,0.5628,0.0001,0.8026,0.8042,0.8017,0.0005,-0.0001,-0.0001,-0.0001,0,0,0,0,0,0,0,0,0,0,0,0,0,187.9167,371,39,80.0022,0,0,0,0,288.9083,663,12,105.4463,37,44.5833,47,41,23.68,23.68,23.63
2022-11-11 22:30:00,1.5228,3.1816,0.3572,0.632,120,85.1045,41.5553,120,80.4468,80.5383,80.3858,0.0424,120,26.3533,26.3707,26.325,0.0101,120,1006.9556,1007.0437,1006.8239,0.0975,120,0,0,0,0,120,0,0,0,0,120,13.8795,14.2604,13.7689,0.2061,120,120,0,0,0,0,0,120,None,None,None,None,0,3.4493,3.4507,3.4471,0.0016,0.5635,0.5637,0.5633,0.0001,0.8045,0.8054,0.8039,0.0004,-0.0001,-0.0001,-0.0001,0,0,0,0,0,0,0,0,0,0,0,0,0,142.6917,323,16,68.6945,0,0,0,0,270.9333,967,18,153.6838,36.9,44.8667,47,41,23.68,23.68,23.63
2022-11-11 22:40:00,1.7255,3.0804,0.256,0.6238,120,96.5433,39.11,120,80.8069,81.0572,80.5689,0.1484,120,26.3141,26.3402,26.2975,0.0065,120,1006.9395,1007.062,1006.8239,0.0987,120,0,0,0,0,120,0,0,0,0,120,13.8713,14.2604,13.2775,0.2375,120,120,0,0,0,0,0,120,None,None,None,None,0,3.449,3.451,3.4471,0.0016,0.5631,0.5634,0.563,0.0001,0.8081,0.8106,0.8057,0.0015,-0.0001,-0.0001,-0.0001,0,0,0,0,0,0,0,0,0,0,0,0,0,164.725,312,5,67.8088,0,0,0,0,293.1,997,27,136.8011,36,44.7,47,41,23.68,23.68,23.63
2022-11-11 22:50:00,1.6282,3.43,0.4768,0.6514,120,101.414,29.6938,120,81.1836,81.3623,81.0266,0.077,120,26.2957,26.325,26.2273,0.028,120,1006.7884,1007.0254,1006.6408,0.086,120,0,0,0,0,120,0,0,0,0,120,13.7566,14.2604,13.2775,0.162,120,120,0,0,0,0,0,120,None,None,None,None,0,3.4465,3.4504,3.444,0.0014,0.563,0.5633,0.5623,0.0003,0.8118,0.8136,0.8103,0.0008,-0.0001,-0.0001,-0.0001,0,0,0,0,0,0,0,0,0,0,0,0,0,154.15,350,29,70.8058,0,0,0,0,296.8583,886,123,97.7117,36,44.7,47,41,23.68,23.68,23.63
2022-11-11 23:00:00,1.8599,3.8348,0.762,0.6593,120,110.1406,32.7123,120,81.5683,81.8201,81.3623,0.1337,120,26.152,26.2304,26.0961,0.0422,120,1006.7133,1007.0254,1006.6225,0.0918,120,0,0,0,0,120,0,0,0,0,120,13.8386,14.2604,13.2775,0.1943,120,120,0,0,0,0,0,120,None,None,None,None,0,3.4452,3.4504,3.4437,0.0015,0.5615,0.5623,0.561,0.0004,0.8157,0.8182,0.8136,0.0013,-0.0001,-0.0001,-0.0001,0,0,0,0,0,0,0,0,0,0,0,0,0,179.3333,394,60,71.6676,0,0,0,0,317.575,652,104,95.8797,36,44.8,47,41,23.68,23.68,23.63
2022-11-11 23:10:00,1.9192,4.2948,0.4676,0.8777,120,106.8798,30.2073,120,81.917,82.0032,81.7896,0.0603,120,26.1261,26.1571,26.0991,0.0154,120,1006.6257,1006.8239,1006.4394,0.0662,120,0,0,0,0,120,0,0,0,0,120,13.8222,14.2604,13.2775,0.2188,120,120,0,0,0,0,0,120,None,None,None,None,0,3.4438,3.4471,3.4407,0.0011,0.5613,0.5616,0.561,0.0001,0.8192,0.82,0.8179,0.0006,-0.0001,-0.0001,-0.0001,0,0,0,0,0,0,0,0,0,0,0,0,0,185.7833,444,28,95.4057,0,0,0,0,310.4083,846,77,95.5847,36,44.5667,49,41,23.67,23.68,23.63
2022-11-11 23:20:00,1.7857,3.9268,0.4676,0.5567,120,116.1343,34.444,120,81.9089,81.9727,81.8201,0.036,120,26.1322,26.151,26.1144,0.0088,120,1006.6196,1006.7324,1006.4394,0.0644,120,0,0,0,0,120,0,0,0,0,120,13.8754,14.2604,13.2775,0.2224,120,120,0,0,0,0,0,120,None,None,None,None,0,3.4437,3.4455,3.4407,0.0011,0.5613,0.5615,0.5611,0.0001,0.8191,0.8197,0.8182,0.0004,-0.0001,-0.0001,-0.0001,0,0,0,0,0,0,0,0,0,0,0,0,0,171.275,404,28,60.5156,0,0,0,0,335.1333,841,28,105.6313,36,44.8167,49,41,23.68,23.68,23.63
2022-11-11 23:30:00,1.7623,3.6784,0.6148,0.6374,120,92.5036,34.0505,120,81.8768,81.9727,81.7286,0.0568,120,26.1482,26.1632,26.1235,0.0115,120,1006.5203,1006.6591,1006.4394,0.0943,120,0,0,0,0,120,0,0,0,0,120,13.9123,14.2604,13.2775,0.25,120,120,0,0,0,0,0,120,None,None,None,None,0,3.442,3.4443,3.4407,0.0016,0.5615,0.5616,0.5612,0.0001,0.8188,0.8197,0.8173,0.0006,-0.0001,-0.0001,-0.0001,0,0,0,0,0,0,0,0,0,0,0,0,0,168.7333,377,44,69.2836,0,0,0,0,280.6,996,39,133.312,36,44.6167,49,41,23.68,23.68,23.63
2022-11-11 23:40:00,1.716,3.982,0.2928,0.8478,120,98.5258,42.3001,120,81.6202,81.8506,81.4539,0.1056,120,26.1253,26.1663,26.0778,0.0254,120,1006.4379,1006.6408,1006.2563,0.0465,120,0,0,0,0,120,0,0,0,0,120,13.9573,14.2604,13.2775,0.2563,120,120,0,0,0,0,0,120,None,None,None,None,0,3.4406,3.444,3.4376,0.0008,0.5613,0.5617,0.5608,0.0003,0.8162,0.8185,0.8145,0.0011,-0.0001,-0.0001,-0.0001,0,0,0,0,0,0,0,0,0,0,0,0,0,163.6917,410,9,92.152,0,0,0,0,310.6833,976,85,146.1523,36,44.6333,47,41,23.68,23.68,23.63
2022-11-11 23:50:00,2.1041,3.9636,0.532,0.808,120,98.8976,30.3237,120,81.3817,81.637,81.2098,0.1038,120,26.1094,26.1358,26.0869,0.0149,120,1006.2491,1006.4577,1006.0549,0.0863,120,0,0,0,0,120,0,0,0,0,120,13.8222,14.2604,13.2775,0.189,120,120,0,0,0,0,0,120,None,None,None,None,0,3.4375,3.441,3.4342,0.0014,0.5611,0.5614,0.5609,0.0001,0.8138,0.8164,0.8121,0.001,-0.0001,-0.0001,-0.0001,0,0,0,0,0,0,0,0,0,0,0,0,0,205.8833,408,35,87.8305,0,0,0,0,297.4667,1001,75,119.6153,36,44.9,47,41,23.67,23.68,23.63
