datetime,Anemometer;wind_speed;Avg (m/s),Anemometer;wind_speed;Max (m/s),Anemometer;wind_speed;Min (m/s),Anemometer;wind_speed;StdDev (m/s),Anemometer;wind_speed;Count (),Wind Vane TMR;wind_direction;Avg (°),Wind Vane TMR;wind_direction;StdDev (°),Wind Vane TMR;wind_direction;Count (),Hygro/Thermo;humidity;Avg (%),Hygro/Thermo;humidity;Max (%),Hygro/Thermo;humidity;Min (%),Hygro/Thermo;humidity;StdDev (%),Hygro/Thermo;humidity;Count (),Hygro/Thermo;temperature;Avg (°C),Hygro/Thermo;temperature;Max (°C),Hygro/Thermo;temperature;Min (°C),Hygro/Thermo;temperature;StdDev (°C),Hygro/Thermo;temperature;Count (),Barometer;air_pressure;Avg (hPa),Barometer;air_pressure;Max (hPa),Barometer;air_pressure;Min (hPa),Barometer;air_pressure;StdDev (hPa),Barometer;air_pressure;Count (),DHI (Diffuse Horizontal Irradiance);solar_irradiance;Avg (W/m²),DHI (Diffuse Horizontal Irradiance);solar_irradiance;Max (W/m²),DHI (Diffuse Horizontal Irradiance);solar_irradiance;Min (W/m²),DHI (Diffuse Horizontal Irradiance);solar_irradiance;StdDev (W/m²),DHI (Diffuse Horizontal Irradiance);solar_irradiance;Count (),GHI (Global Horizontal Irradiance);solar_irradiance;Avg (W/m²),GHI (Global Horizontal Irradiance);solar_irradiance;Max (W/m²),GHI (Global Horizontal Irradiance);solar_irradiance;Min (W/m²),GHI (Global Horizontal Irradiance);solar_irradiance;StdDev (W/m²),GHI (Global Horizontal Irradiance);solar_irradiance;Count (),DNI (Direct Normal Irradiance) Pyrheliometer;solar_DNI;Avg (W/m²),DNI (Direct Normal Irradiance) Pyrheliometer;solar_DNI;Max (W/m²),DNI (Direct Normal Irradiance) Pyrheliometer;solar_DNI;Min (W/m²),DNI (Direct Normal Irradiance) Pyrheliometer;solar_DNI;StdDev (W/m²),DNI (Direct Normal Irradiance) Pyrheliometer;solar_DNI;Count (),Precipitation;precipitation;Count (),Precipitation;precipitation;Sum (mm),GTI (Global Tilt Irradiance) PV Cell;voltage;Avg (W/m2),GTI (Global Tilt Irradiance) PV Cell;voltage;Max (W/m2),GTI (Global Tilt Irradiance) PV Cell;voltage;Min (W/m2),GTI (Global Tilt Irradiance) PV Cell;voltage;StdDev (W/m2),GTI (Global Tilt Irradiance) PV Cell;voltage;Count (),Theta;other;Avg (°),Theta;other;Max (°),Theta;other;Min (°),Theta;other;StdDev (°),Theta;other;Count (),A1;channel;Avg (V),A1;channel;Max (V),A1;channel;Min (V),A1;channel;StdDev (V),A2;channel;Avg (V),A2;channel;Max (V),A2;channel;Min (V),A2;channel;StdDev (V),A3;channel;Avg (V),A3;channel;Max (V),A3;channel;Min (V),A3;channel;StdDev (V),A4;channel;Avg (V),A4;channel;Max (V),A4;channel;Min (V),A4;channel;StdDev (V),A5;channel;Avg (V),A5;channel;Max (V),A5;channel;Min (V),A5;channel;StdDev (V),A6;channel;Avg (V),A6;channel;Max (V),A6;channel;Min (V),A6;channel;StdDev (V),A7;channel;Avg (V),A7;channel;Max (V),A7;channel;Min (V),A7;channel;StdDev (V),C1;channel;Avg (I),C1;channel;Max (I),C1;channel;Min (I),C1;channel;StdDev (I),C2;channel;Avg (I),C2;channel;Max (I),C2;channel;Min (I),C2;channel;StdDev (I),D1;channel;Avg (),D1;channel;Max (),D1;channel;Min (),D1;channel;StdDev (),T;channel;Avg (°C),I;channel;Avg (mA),I;channel;Max (mA),I;channel;Min (mA),V;channel;Avg (V),V;channel;Max (V),V;channel;Min (V)
2022-11-07 00:00:00,1.9884,3.6416,0.3664,0.6924,120,103.3287,31.9615,120,79.0114,79.104,78.8903,0.0514,120,25.9937,26.0472,25.9404,0.0219,120,1007.6745,1007.7578,1007.5381,0.0857,120,0,0,0,0,120,0,0,0,0,120,13.8263,14.2604,13.2775,0.1931,120,120,0,0,0,0,0,120,None,None,None,None,0,3.4612,3.4626,3.459,0.0014,0.5599,0.5605,0.5594,0.0002,0.7901,0.791,0.7889,0.0005,-0.0001,-0.0001,-0.0001,0,0,0,0,0,0,0,0,0,0,0,0,0,193.3,373,17,75.2605,0,0,0,0,320.3,1002,96,136.3783,35,44.2833,53,41,23.65,23.68,23.63
2022-11-07 00:10:00,1.6882,3.66,0.5872,0.6043,120,101.9872,38.1251,120,78.985,79.1345,78.6767,0.0939,120,25.9953,26.0564,25.9374,0.0227,120,1007.5251,1007.7395,1007.3733,0.0714,120,0,0,0,0,120,0,0,0,0,120,13.6829,14.2604,13.2775,0.2176,120,120,0,0,0,0,0,120,None,None,None,None,0,3.4588,3.4623,3.4562,0.0012,0.5599,0.5606,0.5594,0.0002,0.7898,0.7913,0.7868,0.0009,-0.0001,-0.0001,-0.0001,0,0,0,0,0,0,0,0,0,0,0,0,0,160.675,375,41,65.6853,0,0,0,0,313.6333,981,18,141.2953,35,41.7167,47,39,23.66,23.68,23.63
2022-11-07 00:20:00,1.6269,2.9056,0.394,0.5693,120,96.8637,29.534,120,78.8186,78.9209,78.6767,0.0524,120,25.9129,25.9893,25.858,0.0247,120,1007.4451,1007.5747,1007.355,0.0811,120,0,0,0,0,120,0,0,0,0,120,13.6297,14.2604,13.2775,0.2563,120,120,0,0,0,0,0,120,None,None,None,None,0,3.4574,3.4596,3.4559,0.0014,0.5591,0.5599,0.5586,0.0003,0.7882,0.7892,0.7868,0.0005,-0.0001,-0.0001,-0.0001,0,0,0,0,0,0,0,0,0,0,0,0,0,154.0083,293,20,61.8814,0,0,0,0,275.1833,523,38,85.4415,35,41.9,49,39,23.66,23.68,23.63
2022-11-07 00:30:00,1.5296,3.1448,0.3204,0.6035,120,96.8617,29.6785,120,78.6406,78.7683,78.5241,0.0637,120,25.8861,25.9374,25.8275,0.0248,120,1007.3928,1007.5564,1007.1902,0.054,120,0,0,0,0,120,0,0,0,0,120,13.6379,14.2604,13.2775,0.2274,120,120,0,0,0,0,0,120,None,None,None,None,0,3.4565,3.4593,3.4532,0.0009,0.5589,0.5594,0.5583,0.0003,0.7864,0.7877,0.7852,0.0006,-0.0001,-0.0001,-0.0001,0,0,0,0,0,0,0,0,0,0,0,0,0,143.4333,319,12,65.5957,0,0,0,0,279.9583,745,25,91.4276,35,41.6667,47,39,23.66,23.68,23.63
2022-11-07 00:40:00,1.4617,2.4364,0.6884,0.4443,120,104.2884,28.743,120,78.5201,78.6157,78.4326,0.0397,120,25.8441,25.9069,25.7726,0.0274,120,1007.3466,1007.5381,1007.1718,0.0752,120,0,0,0,0,120,0,0,0,0,120,13.687,14.2604,13.2775,0.2238,120,120,0,0,0,0,0,120,None,None,None,None,0,3.4558,3.459,3.4529,0.0013,0.5584,0.5591,0.5577,0.0003,0.7852,0.7862,0.7843,0.0004,-0.0001,-0.0001,-0.0001,0,0,0,0,0,0,0,0,0,0,0,0,0,136.0583,242,52,48.2947,0,0,0,0,299.2417,644,68,85.0118,35,41.8333,47,39,23.65,23.68,23.63
2022-11-07 00:50:00,1.3293,2.7216,0.4492,0.4976,120,100.9108,36.4494,120,78.5813,78.7072,78.4936,0.0562,120,25.7919,25.8428,25.7451,0.0205,120,1007.3002,1007.3916,1007.1718,0.094,120,0,0,0,0,120,0,0,0,0,120,13.6379,13.7689,13.2775,0.2182,120,120,0,0,0,0,0,120,None,None,None,None,0,3.455,3.4565,3.4529,0.0016,0.5579,0.5584,0.5575,0.0002,0.7858,0.7871,0.7849,0.0006,-0.0001,-0.0001,-0.0001,0,0,0,0,0,0,0,0,0,0,0,0,0,121.6667,273,26,54.0882,0,0,0,0,306.225,921,1,132.3585,35,41.4,47,39,23.66,23.68,23.63
2022-11-07 01:00:00,1.2809,3.0804,0.3112,0.6471,120,103.2137,40.361,120,78.6953,78.7683,78.5852,0.0458,120,25.8062,25.858,25.7543,0.0237,120,1007.093,1007.3733,1006.9887,0.0947,120,0,0,0,0,120,0,0,0,0,120,13.6911,14.2604,13.2775,0.2207,120,120,0,0,0,0,0,120,None,None,None,None,0,3.4515,3.4562,3.4498,0.0016,0.5581,0.5586,0.5575,0.0002,0.787,0.7877,0.7859,0.0005,-0.0001,-0.0001,-0.0001,0,0,0,0,0,0,0,0,0,0,0,0,0,116.4,312,11,70.3375,0,0,0,0,307.5583,965,4,129.6421,35,41.65,47,39,23.66,23.68,23.63
2022-11-07 01:10:00,1.0122,1.8752,0.2928,0.3364,120,103.966,38.2553,120,78.8326,78.9819,78.7072,0.0725,120,25.7985,25.8428,25.7512,0.0202,120,1007.0891,1007.2085,1006.9887,0.0916,120,0,0,0,0,120,0,0,0,0,120,13.6543,13.7689,13.2775,0.2087,120,120,0,0,0,0,0,120,None,None,None,None,0,3.4515,3.4535,3.4498,0.0015,0.558,0.5584,0.5575,0.0002,0.7883,0.7898,0.7871,0.0007,-0.0001,-0.0001,-0.0001,0,0,0,0,0,0,0,0,0,0,0,0,0,87.2,181,9,36.5687,0,0,0,0,300.675,671,81,111.6642,35,41.9667,47,39,23.65,23.68,23.63
2022-11-07 01:20:00,1.3332,2.4364,0.5964,0.4008,120,103.4218,27.2232,120,79.0035,79.165,78.8903,0.0539,120,25.78,25.8397,25.7085,0.0296,120,1007.0092,1007.2085,1006.9887,0.039,120,0,0,0,0,120,0,0,0,0,120,13.642,14.2604,13.2775,0.2508,120,120,0,0,0,0,0,120,None,None,None,None,0,3.4502,3.4535,3.4498,0.0007,0.5578,0.5584,0.5571,0.0003,0.79,0.7917,0.7889,0.0005,-0.0001,-0.0001,-0.0001,0,0,0,0,0,0,0,0,0,0,0,0,0,122.0833,242,42,43.5667,0,0,0,0,295.8333,589,138,78.8633,34.1,41.8833,47,39,23.65,23.68,23.63
2022-11-07 01:30:00,1.0862,2.2156,0.4032,0.4062,120,82.9762,31.5604,120,79.1637,79.2261,79.0429,0.0441,120,25.7315,25.7848,25.6688,0.0224,120,1006.8836,1007.0254,1006.6225,0.0974,120,0,0,0,0,120,0,0,0,0,120,13.5969,13.7689,13.2775,0.2354,120,120,0,0,0,0,0,120,None,None,None,None,0,3.4481,3.4504,3.4437,0.0016,0.5573,0.5578,0.5567,0.0002,0.7916,0.7923,0.7904,0.0004,-0.0001,-0.0001,-0.0001,0,0,0,0,0,0,0,0,0,0,0,0,0,95.2417,218,21,44.1478,0,0,0,0,249.35,989,25,125.8776,34,41.7,47,39,23.65,23.68,23.63
2022-11-07 01:40:00,1.389,2.2432,0.4676,0.423,120,105.4719,34.475,120,79.3771,79.5923,79.1345,0.1089,120,25.6574,25.7298,25.5803,0.0323,120,1006.6819,1007.0071,1006.6042,0.0947,120,0,0,0,0,120,0,0,0,0,120,13.6584,14.2604,13.2775,0.2249,120,120,0,0,0,0,0,120,None,None,None,None,0,3.4447,3.4501,3.4434,0.0016,0.5566,0.5573,0.5558,0.0003,0.7938,0.7959,0.7913,0.0011,-0.0001,-0.0001,-0.0001,0,0,0,0,0,0,0,0,0,0,0,0,0,128.15,221,28,45.9736,0,0,0,0,311.4417,784,4,111.6967,34,41.5667,47,41,23.65,23.68,23.63
2022-11-07 01:50:00,1.2508,2.2892,0.3296,0.462,120,102.353,26.595,120,79.7881,80.0195,79.5312,0.1323,120,25.6097,25.6627,25.5498,0.0242,120,1006.6048,1006.8239,1006.4211,0.0567,120,0,0,0,0,120,0,0,0,0,120,13.5273,14.2604,12.786,0.2703,120,120,0,0,0,0,0,120,None,None,None,None,0,3.4434,3.4471,3.4404,0.0009,0.5561,0.5566,0.5555,0.0002,0.7979,0.8002,0.7953,0.0013,-0.0001,-0.0001,-0.0001,0,0,0,0,0,0,0,0,0,0,0,0,0,113.1333,226,13,50.2143,0,0,0,0,298.6667,974,96,95.2128,34,41.6,47,39,23.65,23.68,23.63
2022-11-07 02:00:00,1.1344,2.7952,0.4308,0.4504,120,116.6477,29.2565,120,80.2154,80.4773,79.928,0.155,120,25.5932,25.6383,25.5437,0.0188,120,1006.5812,1006.6408,1006.4211,0.0777,120,0,0,0,0,120,0,0,0,0,120,13.5805,13.7689,13.2775,0.2399,120,120,0,0,0,0,0,120,None,None,None,None,0,3.443,3.444,3.4404,0.0013,0.5559,0.5564,0.5554,0.0002,0.8022,0.8048,0.7993,0.0016,-0.0001,-0.0001,-0.0001,0,0,0,0,0,0,0,0,0,0,0,0,0,100.475,281,24,48.9517,0,0,0,0,343.3417,1014,121,108.4414,34,41.65,47,39,23.65,23.68,23.63
2022-11-07 02:10:00,0.7336,1.544,0,0.3475,120,96.5761,36.0337,120,80.5729,80.7215,80.3552,0.085,120,25.6165,25.6627,25.562,0.0213,120,1006.5438,1006.6408,1006.4028,0.0943,120,0,0,0,0,120,0,0,0,0,120,13.5068,13.7689,13.2775,0.2462,120,120,0,0,0,0,0,120,None,None,None,None,0,3.4424,3.444,3.44,0.0016,0.5562,0.5566,0.5556,0.0002,0.8057,0.8072,0.8036,0.0009,-0.0001,-0.0001,-0.0001,0,0,0,0,0,0,0,0,0,0,0,0,0,57.2917,145,0,37.0744,0,0,0,0,299.0833,1010,58,146.3877,34,41.4833,47,39,23.65,23.68,23.63
2022-11-07 02:20:00,0.9033,3.8348,0,0.9032,120,120.5226,45.6721,120,80.8384,81.2403,80.5994,0.1648,120,25.5912,25.6505,25.5345,0.0249,120,1006.5529,1006.6408,1006.4211,0.0897,120,0,0,0,0,120,0,0,0,0,120,13.3921,14.2604,12.2946,0.4261,120,120,0,0,0,0,0,120,None,None,None,None,0,3.4425,3.444,3.4404,0.0015,0.5559,0.5565,0.5554,0.0003,0.8084,0.8124,0.806,0.0016,-0.0001,-0.0001,-0.0001,0,0,0,0,0,0,0,0,0,0,0,0,0,78.2083,394,0,95.552,0,0,0,0,374.8083,1015,106,165.78,34,41.3333,47,39,23.65,23.68,23.63
2022-11-07 02:30:00,1.3168,3.1448,0.3388,0.6708,120,108.6926,30.8951,120,81.5068,81.7896,81.1182,0.1748,120,25.5779,25.62,25.5162,0.0219,120,1006.5345,1006.6408,1006.4211,0.0947,120,0.6609,2.4032,0,0.7315,120,0,0,0,0,120,13.3921,13.7689,12.786,0.2446,120,120,0,0,0,0,0,120,None,None,None,None,0,3.4422,3.444,3.4404,0.0016,0.5558,0.5562,0.5552,0.0002,0.8151,0.8179,0.8112,0.0017,-0.0001,-0.0001,-0.0001,0,0,0,0,0,0,0,0,0,0,0,0,0,120.3,319,14,72.9136,0,0,0,0,318.8083,1019,68,107.5823,34,41.2,47,39,23.65,23.68,23.63
2022-11-07 02:40:00,1.1639,1.8752,0.3112,0.39,120,100.9237,32.7736,120,82.1523,82.5526,81.7896,0.2359,120,25.4397,25.5559,25.3362,0.0618,120,1006.5868,1006.8056,1006.4028,0.0707,120,2.381,3.1236,1.6819,0.3084,120,0,0,0,0,120,13.5683,13.7689,13.2775,0.2426,120,120,0,0,0,0,0,120,None,None,None,None,0,3.4431,3.4468,3.44,0.0012,0.5544,0.5556,0.5534,0.0006,0.8215,0.8255,0.8179,0.0024,-0.0001,-0.0001,-0.0001,0,0,0,0,0,0,0,0,0,0,0,0,0,103.6833,181,11,42.3876,0,0,0,0,292.625,828,22,102.6227,34,41.55,47,41,23.64,23.68,23.63
2022-11-07 02:50:00,1.0907,2.4916,0.4216,0.3451,120,103.0152,28.1104,120,82.8557,83.1935,82.4915,0.2075,120,25.2784,25.3667,25.211,0.0358,120,1006.6366,1006.8239,1006.5859,0.0664,120,2.7414,3.8449,2.163,0.3461,120,0,0,0,0,120,13.5437,13.7689,13.2775,0.2459,120,120,0,0,0,0,0,120,None,None,None,None,0,3.4439,3.4471,3.4431,0.0011,0.5528,0.5537,0.5521,0.0004,0.8286,0.8319,0.8249,0.0021,-0.0001,-0.0001,-0.0001,0,0,0,0,0,0,0,0,0,0,0,0,0,95.7333,248,23,37.5074,0,0,0,0,294.05,545,40,81.7834,34,41.6833,49,39,23.65,23.68,23.63
2022-11-07 03:00:00,1.0833,2.0408,0.3756,0.3729,120,112.153,31.5898,120,83.4686,83.7733,83.1629,0.1541,120,25.254,25.3423,25.2019,0.0244,120,1006.7627,1006.8239,1006.5859,0.0769,120,3.4804,4.5661,2.6433,0.4226,120,0,0,0,0,120,13.6338,14.2604,13.2775,0.2294,120,120,0,0,0,0,0,120,None,None,None,None,0,3.446,3.4471,3.4431,0.0013,0.5525,0.5534,0.552,0.0002,0.8347,0.8377,0.8316,0.0015,-0.0001,-0.0001,-0.0001,0,0,0.0001,0,0,0,0,0,0,0,0,0,0,94.925,199,18,40.5295,0,0,0,0,322.55,638,160,91.7295,34,41.55,47,39,23.64,23.68,23.63
2022-11-07 03:10:00,1.7345,3.3564,0.5044,0.6707,120,104.583,25.9361,120,83.8509,83.9564,83.6512,0.0765,120,25.3911,25.4704,25.2904,0.044,120,1006.7779,1007.0071,1006.5859,0.0908,120,5.2787,6.4882,4.085,0.6346,120,0,0,0,0,120,13.6706,14.2604,13.2775,0.2262,120,120,0,0,0,0,0,120,None,None,None,None,0,3.4463,3.4501,3.4431,0.0015,0.5539,0.5547,0.5529,0.0004,0.8385,0.8396,0.8365,0.0008,-0.0001,-0.0001,-0.0001,0,0.0001,0.0001,0.0001,0,0,0,0,0,0,0,0,0,165.7083,342,32,72.904,0,0,0,0,304.1,941,111,90.7056,34,41.5,47,39,23.64,23.68,23.63
2022-11-07 03:20:00,1.6576,2.8596,0.7068,0.4661,120,106.9529,25.7524,120,83.8262,83.9259,83.7123,0.0452,120,25.4056,25.4643,25.3301,0.0282,120,1006.7534,1007.0071,1006.5859,0.0995,120,4.2634,5.2866,3.1236,0.5815,120,0,0,0,0,120,13.4904,13.7689,13.2775,0.2446,120,120,0,0,0,0,0,120,None,None,None,None,0,3.4459,3.4501,3.4431,0.0017,0.5541,0.5546,0.5533,0.0003,0.8383,0.8393,0.8371,0.0005,-0.0001,-0.0001,-0.0001,0,0.0001,0.0001,0,0,0,0,0,0,0,0,0,0,157.35,288,54,50.6621,0,0,0,0,306.8333,727,134,78.0264,34,41.6333,47,41,23.64,23.68,23.63
2022-11-07 03:30:00,1.5779,2.9792,0.6608,0.5052,120,108.0096,32.4406,120,83.8638,83.9564,83.7428,0.0569,120,25.3286,25.3819,25.2812,0.0206,120,1006.7913,1007.0071,1006.6042,0.0801,120,3.925,5.2866,3.1236,0.4656,120,0,0,0,0,120,13.4454,13.7689,13.2775,0.2341,120,120,0,0,0,0,0,120,None,None,None,None,0,3.4465,3.4501,3.4434,0.0013,0.5533,0.5538,0.5528,0.0002,0.8386,0.8396,0.8374,0.0006,-0.0001,-0.0001,-0.0001,0,0.0001,0.0001,0,0,0,0,0,0,0,0,0,0,148.6833,301,49,54.908,0,0,0,0,313.5583,978,32,108.2561,34,41.8,47,39,23.64,23.68,23.63
2022-11-07 03:40:00,1.6625,3.7336,0.348,0.7053,120,101.9879,20.1581,120,83.8509,83.9869,83.6818,0.0633,120,25.3468,25.4094,25.2812,0.0273,120,1006.8485,1007.0071,1006.7873,0.0854,120,3.8589,5.5268,2.163,0.9048,120,0,0,0,0,120,13.5068,13.7689,13.2775,0.2462,120,120,0,0,0,0,0,120,None,None,None,None,0,3.4475,3.4501,3.4465,0.0014,0.5535,0.5541,0.5528,0.0003,0.8385,0.8399,0.8368,0.0006,-0.0001,-0.0001,-0.0001,0,0,0.0001,0,0,0,0,0,0,0,0,0,0,157.8833,383,15,76.6668,0,0,0,0,289.8833,492,126,58.6674,34,41.55,47,41,23.64,23.68,23.63
2022-11-07 03:50:00,1.1275,2.9608,0.3388,0.453,120,95.0274,44.6531,120,83.6362,83.7733,83.4986,0.0605,120,25.3497,25.4155,25.269,0.0346,120,1007.038,1007.1902,1006.7873,0.0909,120,1.62,2.6433,0.2402,0.5018,120,0,0,0,0,120,13.4904,13.7689,12.786,0.2527,120,120,0,0,0,0,0,120,None,None,None,None,0,3.4506,3.4532,3.4465,0.0015,0.5535,0.5542,0.5527,0.0003,0.8364,0.8377,0.835,0.0006,-0.0001,-0.0001,-0.0001,0,0,0,0,0,0,0,0,0,0,0,0,0,99.7333,299,14,49.2368,0,0,0,0,298.6,928,21,152.0877,34,41.5667,47,41,23.64,23.68,23.63
2022-11-07 04:00:00,0.7715,1.5624,0,0.3916,120,113.0008,53.8209,120,83.5742,83.6818,83.4681,0.0453,120,25.2774,25.3514,25.1958,0.0303,120,1007.2265,1007.3733,1007.1535,0.083,120,0.034,0.4803,0,0.1092,120,0,0,0,0,120,13.4003,13.7689,12.786,0.223,120,120,0,0,0,0,0,120,None,None,None,None,0,3.4538,3.4562,3.4526,0.0014,0.5528,0.5535,0.552,0.0003,0.8357,0.8368,0.8347,0.0005,-0.0001,-0.0001,-0.0001,0,0,0,0,0,0,0,0,0,0,0,0,0,62.3667,147,0,40.1892,0,0,0,0,351.2583,964,12,173.3367,34,41.45,47,39,23.64,23.68,23.63
2022-11-07 04:10:00,0.8599,1.9672,0.2468,0.3045,120,98.8601,49.6552,120,83.5681,83.6512,83.4376,0.0505,120,25.2121,25.2812,25.1317,0.0298,120,1007.3046,1007.3733,1007.1535,0.0838,120,0,0,0,0,120,0,0,0,0,120,13.4536,13.7689,12.786,0.2451,120,120,0,0,0,0,0,120,None,None,None,None,0,3.4551,3.4562,3.4526,0.0014,0.5521,0.5528,0.5513,0.0003,0.8357,0.8365,0.8344,0.0005,-0.0001,-0.0001,-0.0001,0,0,0,0,0,0,0,0,0,0,0,0,0,70.6417,191,4,33.0982,0,0,0,0,310.7333,986,9,167.666,34,41.5833,47,39,23.64,23.68,23.63
2022-11-07 04:20:00,0.964,2.2248,0.3296,0.4244,120,95.6849,34.8908,120,83.5498,83.6512,83.4376,0.0496,120,25.1728,25.2202,25.1286,0.0196,120,1007.3316,1007.5198,1007.1535,0.0631,120,0,0,0,0,120,0,0,0,0,120,13.4904,13.7689,13.2775,0.2446,120,120,0,0,0,0,0,120,None,None,None,None,0,3.4555,3.4587,3.4526,0.0011,0.5517,0.5522,0.5513,0.0002,0.8355,0.8365,0.8344,0.0005,-0.0001,-0.0001,-0.0001,0,0,0,0,0,0,0,0,0,0,0,0,0,81.9583,219,13,46.1352,0,0,0,0,288.6417,1022,0,130.6752,34,42.15,47,41,23.64,23.68,23.63
2022-11-07 04:30:00,0.7025,1.3416,0,0.2206,120,103.4842,36.7484,120,83.4114,83.5292,83.346,0.0423,120,25.1592,25.208,25.1134,0.0193,120,1007.4686,1007.7029,1007.3366,0.0876,120,0.2162,1.922,0,0.4614,120,0.0885,0.7323,0,0.2226,120,13.5191,13.7689,13.2775,0.2467,120,120,0,0.2696,1.8311,0,0.5192,120,None,None,None,None,0,3.4578,3.4617,3.4556,0.0015,0.5516,0.5521,0.5511,0.0002,0.8341,0.8353,0.8335,0.0004,-0.0001,-0.0001,-0.0001,0,0,0,0,0,0,0,0,0,0.0003,0.0018,0,0.0005,53.725,123,0,23.4571,0,0,0,0,302.2167,1019,85,121.1328,34,41.6667,47,39,23.66,23.68,23.63
2022-11-07 04:40:00,0.911,1.82,0.4216,0.2992,120,87.298,32.4807,120,83.3857,83.4681,83.224,0.0482,120,25.2019,25.2843,25.15,0.0329,120,1007.5816,1007.7212,1007.5014,0.0878,120,5.1706,7.6898,1.4417,1.98,120,4.4881,7.3277,0.7323,2.0365,120,13.642,13.7689,13.2775,0.216,120,120,0,4.8296,7.6296,1.8311,1.8484,120,None,None,None,None,0,3.4597,3.462,3.4584,0.0015,0.552,0.5528,0.5515,0.0003,0.8339,0.8347,0.8322,0.0005,-0.0001,-0.0001,-0.0001,0,0.0001,0.0001,0,0,0,0.0001,0,0,0.0048,0.0076,0.0018,0.0018,76.2,175,23,32.5234,0,0,0,0,266.575,1011,72,130.6821,34,41.5833,47,39,23.66,23.68,23.63
2022-11-07 04:50:00,0.8203,1.5256,0.3756,0.2629,120,73.2583,39.879,120,83.223,83.3155,83.1324,0.0396,120,25.2423,25.2965,25.1897,0.0226,120,1007.5803,1007.7029,1007.5014,0.0865,120,11.2041,16.8213,7.4496,2.8917,120,11.1223,17.2197,7.3277,2.9558,120,13.5683,13.7689,13.2775,0.2426,120,120,0,11.3173,17.0904,7.6296,2.7221,120,89.32,89.96,88.67,0.44,77,3.4597,3.4617,3.4584,0.0014,0.5524,0.553,0.5519,0.0002,0.8322,0.8332,0.8313,0.0004,-0.0001,-0.0001,-0.0001,0,0.0001,0.0002,0.0001,0,0.0001,0.0001,0.0001,0,0.0113,0.0171,0.0076,0.0027,66.3417,143,18,28.5791,0,0,0,0,246.2583,1020,0,166.0627,34,41.5,47,39,23.66,23.68,23.63
2022-11-07 05:00:00,0.8211,1.3876,0.3756,0.1835,120,65.3462,27.1175,120,83.2006,83.3155,83.1324,0.0449,120,25.257,25.3331,25.2019,0.0252,120,1007.6969,1007.886,1007.5198,0.0606,120,32.3949,44.6961,17.0614,8.215,120,32.0664,45.0636,17.2197,8.1765,120,14.015,14.7535,13.2775,0.4644,120,120,0,30.2794,41.5052,16.7852,7.2641,120,87.36,88.67,86.08,0.69,120,3.4616,3.4648,3.4587,0.001,0.5526,0.5533,0.552,0.0003,0.832,0.8332,0.8313,0.0004,-0.0001,-0.0001,-0.0001,0,0.0004,0.0006,0.0002,0.0001,0.0003,0.0004,0.0001,0.0001,0.0303,0.0415,0.0168,0.0073,66.425,128,18,19.9452,0,0,0,0,194.05,1000,11,106.024,34,41.6667,47,39,23.65,23.68,23.63
2022-11-07 05:10:00,0.758,1.3232,0.2928,0.2512,120,57.0096,36.206,120,83.2954,83.3766,83.1935,0.0357,120,25.374,25.5284,25.2446,0.0598,120,1007.7877,1007.9043,1007.6662,0.0938,120,60.8468,79.7803,44.937,10.2249,120,61.0523,79.5018,45.0636,10.1136,120,17.8468,20.6542,14.7535,2.0074,120,120,0,54.206,69.5822,41.8104,8.1597,120,84.98,86.08,83.75,0.7,120,3.4631,3.4651,3.4611,0.0016,0.5537,0.5553,0.5524,0.0006,0.833,0.8338,0.8319,0.0004,-0.0001,-0.0001,-0.0001,0,0.0008,0.001,0.0006,0.0001,0.0005,0.0007,0.0004,0.0001,0.0542,0.0696,0.0418,0.0082,59.5667,121,9,27.3095,0,0,0,0,213.3417,1022,0,189.3171,33.4,41.95,47,39,23.66,23.68,23.63
2022-11-07 05:20:00,0.8499,1.728,0.302,0.3093,120,104.1986,32.8879,120,83.2108,83.4071,82.9493,0.1201,120,25.6645,25.8275,25.4857,0.0927,120,1007.9385,1008.0874,1007.8677,0.0894,120,94.9558,107.8961,80.2614,8.0374,120,95.7412,108.0792,80.2353,8.0648,120,23.9571,105.7283,14.7535,16.3328,120,120,0,85.2407,97.9644,69.8874,7.991,120,82.59,83.75,81.42,0.7,120,3.4656,3.4681,3.4645,0.0015,0.5566,0.5583,0.5549,0.0009,0.8321,0.8341,0.8295,0.0012,-0.0001,-0.0001,-0.0007,0.0001,0.0012,0.0014,0.001,0.0001,0.0008,0.0009,0.0007,0.0001,0.0852,0.098,0.0699,0.008,69.55,165,10,33.6194,0,0,0,0,302,960,41,108.478,33,41.9833,47,39,23.66,23.68,23.63
2022-11-07 05:30:00,0.7203,1.8752,0,0.3936,120,88.5766,59.3373,120,83.0131,83.4376,82.7662,0.1588,120,25.9352,26.1815,25.7787,0.1066,120,1008.0644,1008.0874,1007.886,0.0382,120,104.2596,115.5858,99.9661,3.8083,120,127.3131,193.443,101.1176,33.0262,120,133.6926,396.8482,15.2449,153.2916,120,120,0,100.1821,127.8726,89.1141,11.1742,120,80.2,81.42,79.09,0.7,120,3.4677,3.4681,3.4648,0.0006,0.5594,0.5618,0.5578,0.0011,0.8301,0.8344,0.8277,0.0016,-0.0008,-0.0001,-0.0025,0.001,0.0013,0.0015,0.0013,0,0.0011,0.0016,0.0008,0.0003,0.1002,0.1279,0.0891,0.0112,57.375,181,0,39.6203,0,0,0,0,304.775,979,7,198.5445,33,42.0833,47,39,23.66,23.68,23.63
2022-11-07 05:40:00,0.9935,2.0592,0.2376,0.4419,120,88.3447,48.564,120,82.4905,83.0714,81.698,0.2931,120,26.6628,27.271,26.1785,0.3212,120,1008.1051,1008.2705,1007.886,0.0732,120,185.7964,248.4732,115.826,43.5162,120,258.4609,316.5426,183.1849,42.7595,120,335.8462,413.5691,57.0432,86.8551,120,120,0,200.1277,260.9333,128.4829,44.3146,120,77.8,79.09,76.5,0.7,120,3.4684,3.4712,3.4648,0.0012,0.5666,0.5727,0.5618,0.0032,0.8249,0.8307,0.817,0.0029,-0.0021,-0.0004,-0.0026,0.0005,0.0024,0.0032,0.0015,0.0006,0.0022,0.0026,0.0015,0.0004,0.2001,0.2609,0.1285,0.0443,85.1583,201,3,48.0306,0,0,0,0,277.7333,890,39,151.5582,33,41.4667,47,39,23.65,23.68,23.63
2022-11-07 05:50:00,1.7804,3.7612,0.2468,0.8607,120,96.4442,49.0631,120,80.3715,81.4539,79.5923,0.5857,120,27.1902,27.3534,26.8926,0.1291,120,1008.3302,1008.6367,1008.0691,0.1147,120,131.2716,169.8945,112.2213,16.4303,120,151.6095,256.0912,114.6735,38.9207,120,86.8895,415.0435,13.2775,107.2612,120,120,0,124.396,181.5851,99.1852,24.3572,120,75.41,76.5,74.16,0.7,120,3.4722,3.4773,3.4678,0.0019,0.5719,0.5735,0.5689,0.0013,0.8037,0.8145,0.7959,0.0059,-0.0005,-0.0001,-0.0026,0.0007,0.0017,0.0022,0.0014,0.0002,0.0013,0.0021,0.001,0.0003,0.1244,0.1816,0.0992,0.0244,170.6917,386,4,93.5554,0,0,0,0,298.65,967,18,155.9717,33.1,41.9167,47,41,23.66,23.68,23.63
2022-11-07 06:00:00,1.3012,2.8228,0.3112,0.5868,120,95.3852,42.2263,120,79.9308,80.2332,79.6533,0.1358,120,26.7146,26.8895,26.5966,0.0702,120,1008.5688,1008.655,1008.4353,0.0907,120,140.7817,192.0024,108.6173,31.8833,120,180.5892,269.2809,113.5738,52.0791,120,133.7009,302.923,14.2604,76.7002,120,120,0,147.7757,218.8177,97.0489,42.4692,120,73.01,74.16,71.82,0.7,120,3.4761,3.4776,3.4739,0.0015,0.5672,0.5689,0.566,0.0007,0.7993,0.8023,0.7965,0.0014,-0.0008,-0.0001,-0.0019,0.0005,0.0018,0.0024,0.0014,0.0004,0.0015,0.0022,0.0009,0.0004,0.1478,0.2188,0.097,0.0425,118.6083,284,11,63.7859,0,0,0,0,301.8167,997,11,160.5329,33.9,41.7,47,39,23.66,23.68,23.63
2022-11-07 06:10:00,1.8145,3.246,0.4952,0.6576,120,76.2924,21.9348,120,78.8161,80.0806,78.4021,0.4303,120,26.7739,26.9079,26.6179,0.0749,120,1008.7028,1008.8565,1008.6184,0.093,120,119.5549,168.6929,99.726,18.9043,120,130.8577,270.3806,101.4838,43.4125,120,41.6803,311.7741,13.2775,78.4925,120,120,0,112.2038,213.9348,88.8089,31.8732,120,70.61,71.82,69.48,0.7,120,3.4784,3.4809,3.477,0.0015,0.5677,0.5691,0.5662,0.0008,0.7882,0.8008,0.784,0.0043,-0.0003,-0.0001,-0.0019,0.0005,0.0015,0.0021,0.0013,0.0002,0.0011,0.0023,0.0008,0.0004,0.1122,0.2139,0.0888,0.0319,174.4,330,31,71.4825,0,0,0,0,217.6917,555,57,65.0247,34,41.5333,47,39,23.66,23.68,23.63
2022-11-07 06:20:00,1.5064,3.4852,0.394,0.7489,120,98.3772,42.3502,120,78.3425,78.6767,77.9748,0.1701,120,26.6234,26.7064,26.5539,0.0293,120,1008.8372,1009.0213,1008.6184,0.0274,120,149.775,223.0016,99.0047,45.6967,120,194.612,348.4166,100.7515,93.964,120,120.2962,323.5772,13.7689,118.8174,120,120,0,167.4652,293.8932,88.1985,77.1939,120,68.22,69.48,67.14,0.7,120,3.4806,3.4837,3.477,0.0005,0.5662,0.5671,0.5655,0.0003,0.7834,0.7868,0.7797,0.0017,-0.0007,-0.0001,-0.002,0.0007,0.0019,0.0028,0.0013,0.0006,0.0016,0.0029,0.0008,0.0008,0.1675,0.2939,0.0882,0.0772,140.9083,356,20,81.4064,0,0,0,0,295.0417,934,37,135.0943,34,41.75,47,39,23.66,23.68,23.63
2022-11-07 06:30:00,1.8747,4.2304,0.3388,0.8748,120,79.215,37.3328,120,77.867,78.1884,77.456,0.1413,120,26.7734,26.9658,26.6485,0.0964,120,1008.9595,1009.0396,1008.8198,0.0856,120,188.2195,217.715,160.2819,17.3687,120,218.1268,349.1489,163.0336,58.352,120,81.767,350.6236,15.2449,108.6549,120,120,0,194.0341,294.8088,148.9303,45.2532,120,65.81,66.88,64.54,0.7,120,3.4827,3.484,3.4803,0.0014,0.5677,0.5697,0.5665,0.001,0.7787,0.7819,0.7746,0.0014,-0.0005,-0.0001,-0.0022,0.0007,0.0024,0.0028,0.002,0.0002,0.0018,0.0029,0.0014,0.0005,0.194,0.2948,0.1489,0.0453,180.95,437,14,95.0827,0,0,0,0,254.8167,985,31,151.227,34,41.7333,47,39,23.66,23.68,23.63
2022-11-07 06:40:00,1.4862,2.924,0.2192,0.7299,120,84.6072,42.2859,120,77.3476,77.7917,76.9372,0.214,120,26.9804,27.0605,26.8957,0.0347,120,1009.1202,1009.4058,1009.003,0.0974,120,196.3898,274.426,157.3984,42.3839,120,197.8726,275.509,159.7371,42.2388,120,15.4946,17.7038,14.2604,0.8762,120,120,0,180.5678,253.3036,145.5733,39.6498,120,63.41,64.54,62.2,0.7,120,3.4853,3.4901,3.4834,0.0016,0.5698,0.5706,0.569,0.0003,0.7735,0.7779,0.7694,0.0021,-0.0001,-0.0001,-0.0001,0,0.0025,0.0035,0.002,0.0005,0.0016,0.0023,0.0013,0.0004,0.1806,0.2533,0.1456,0.0396,138.7167,295,1,79.3321,0,0,0,0,281.6583,981,34,168.6446,34,41.4167,47,39,23.67,23.68,23.63
2022-11-07 06:50:00,1.9982,4.442,0.2928,1.0156,120,101.5366,38.3499,120,77.0915,77.6391,76.7541,0.2478,120,27.0126,27.1795,26.8743,0.0702,120,1009.2915,1009.4241,1009.1861,0.0942,120,249.1804,268.6591,219.637,16.5773,120,270.3099,346.9508,220.9208,29.5842,120,51.7781,202.1125,14.2604,54.3905,120,120,0,241.6863,303.9643,196.5392,25.0336,120,61.01,62.2,59.86,0.7,120,3.4882,3.4904,3.4864,0.0016,0.5701,0.5718,0.5687,0.0007,0.7709,0.7764,0.7675,0.0025,-0.0003,-0.0001,-0.0013,0.0003,0.0032,0.0034,0.0028,0.0002,0.0023,0.0029,0.0018,0.0002,0.2417,0.304,0.1965,0.025,194.3667,460,9,110.3931,0,0,0,0,303.7833,1004,35,132.657,34,41.95,47,41,23.66,23.68,23.63
2022-11-07 07:00:00,1.2406,2.8504,0.2192,0.5695,120,89.2304,57.4855,120,76.4288,77.0287,75.5333,0.3717,120,27.3574,27.5701,27.1215,0.1166,120,1009.4023,1009.6072,1009.2044,0.0908,120,253.7863,293.8906,212.6685,26.1932,120,260.9583,418.3926,215.425,35.6764,120,22.2439,228.6674,14.2604,26.9712,120,120,0,231.5719,382.0917,189.5199,32.195,120,58.62,59.86,57.52,0.7,120,3.49,3.4935,3.4867,0.0015,0.5736,0.5757,0.5712,0.0012,0.7643,0.7703,0.7553,0.0037,-0.0001,-0.0001,-0.0014,0.0002,0.0032,0.0037,0.0027,0.0003,0.0022,0.0035,0.0018,0.0003,0.2316,0.3821,0.1895,0.0322,112.025,287,1,61.9055,0,0,0,0,340.525,1020,33,221.6732,34,41.9,47,39,23.66,23.68,23.63
2022-11-07 07:10:00,2.2151,4.3316,0.3756,0.8819,120,85.4876,39.0201,120,75.1244,75.808,74.5262,0.3783,120,27.4752,27.5518,27.3717,0.046,120,1009.5419,1009.6072,1009.3875,0.0847,120,274.5424,316.7197,243.6677,23.2557,120,350.1843,583.9916,246.9328,115.0384,120,131.4511,437.6652,14.2604,159.689,120,120,0,307.9674,510.8799,216.6814,99.4825,120,56.21,57.52,54.93,0.7,120,3.4924,3.4935,3.4898,0.0014,0.5747,0.5755,0.5737,0.0005,0.7512,0.7581,0.7453,0.0038,-0.0008,-0.0001,-0.0027,0.001,0.0035,0.004,0.0031,0.0003,0.0029,0.0049,0.0021,0.001,0.308,0.5109,0.2167,0.0995,217.9417,448,18,95.8611,0,0,0,0,263.95,909,19,135.2586,34,41.8667,47,39,23.66,23.68,23.63
2022-11-07 07:20:00,2.121,5.3528,0.5872,0.9095,120,77.4542,42.2518,120,74.7141,75.5333,73.7327,0.4098,120,27.7068,28.1195,27.4175,0.2161,120,1009.6316,1009.8086,1009.4058,0.0868,120,282.4184,328.4945,225.885,34.3037,120,673.175,730.1729,316.1765,72.9938,120,615.1853,704.689,57.5363,120.7418,120,120,0,583.458,636.3109,277.4133,60.9118,120,53.82,54.93,52.59,0.7,120,3.4939,3.4968,3.4901,0.0014,0.5771,0.5812,0.5742,0.0022,0.7471,0.7553,0.7373,0.0041,-0.0038,-0.0004,-0.0044,0.0007,0.0036,0.0042,0.0029,0.0004,0.0056,0.0061,0.0026,0.0006,0.5835,0.6363,0.2774,0.0609,207.7167,559,41,98.8634,0,0,0,0,250.275,941,39,155.9746,34,41.6167,47,39,23.66,23.68,23.63
2022-11-07 07:30:00,2.2923,4.4052,0.6148,0.8148,120,79.0687,45.3153,120,72.9901,73.5191,72.4204,0.2587,120,28.1111,28.385,27.9974,0.0928,120,1009.6867,1009.8086,1009.5706,0.0989,120,223.476,240.5433,202.3354,11.6018,120,655.9373,742.2629,295.6591,122.7474,120,641.9,771.0764,91.9594,187.6104,120,120,0,566.2353,640.8887,255.1347,106.2507,120,51.42,52.59,50.25,0.7,120,3.4948,3.4968,3.4928,0.0016,0.5811,0.5838,0.58,0.0009,0.7299,0.7352,0.7242,0.0026,-0.004,-0.0006,-0.0048,0.0012,0.0028,0.0031,0.0026,0.0001,0.0055,0.0062,0.0025,0.001,0.5662,0.6409,0.2551,0.1063,226.3333,456,44,88.5675,0,0,0,0,266.1333,1011,0,178.1888,34.1,41.8833,47,39,23.66,23.68,23.63
2022-11-07 07:40:00,2.4389,5.7116,0.6884,1.1639,120,81.6152,34.2617,120,71.294,72.9392,70.1621,0.8494,120,28.5086,28.6627,28.33,0.1043,120,1009.7191,1009.9918,1009.5889,0.0969,120,221.7478,270.5811,200.6535,19.8857,120,714.9165,830.5582,295.2929,141.2297,120,695.8623,820.7444,84.0912,205.9477,120,120,0,624.1722,725.7302,254.2192,123.1628,120,49.03,50.25,47.92,0.7,120,3.4953,3.4999,3.4931,0.0016,0.5851,0.5866,0.5833,0.001,0.7129,0.7294,0.7016,0.0085,-0.0043,-0.0005,-0.0051,0.0013,0.0028,0.0034,0.0025,0.0003,0.006,0.0069,0.0025,0.0012,0.6242,0.7257,0.2542,0.1232,242.2667,598,52,126.5095,0,0,0,0,241.8917,744,55,109.6339,35,41.65,47,39,23.67,23.68,23.63
2022-11-07 07:50:00,2.5333,4.8284,0.5688,0.9804,120,76.2824,45.4027,120,70.5278,71.4743,69.3075,0.5365,120,28.3728,28.5559,28.1927,0.126,120,1009.7516,1009.827,1009.6072,0.0842,120,224.1869,252.5591,203.2969,16.5432,120,823.3158,862.7983,754.3529,21.5032,120,810.0773,821.7274,714.5247,12.7119,120,120,0,723.487,759.6057,658.2843,19.6413,120,46.64,47.92,45.34,0.69,120,3.4959,3.4971,3.4935,0.0014,0.5837,0.5856,0.5819,0.0013,0.7053,0.7147,0.6931,0.0054,-0.005,-0.0044,-0.0051,0.0001,0.0028,0.0032,0.0026,0.0002,0.0069,0.0072,0.0063,0.0002,0.7235,0.7596,0.6583,0.0196,252.5333,502,39,106.5653,0,0,0,0,249.475,1014,42,163.3906,35,41.3833,47,39,23.67,23.68,23.63
2022-11-07 08:00:00,3.0684,5.2516,1.3968,0.9669,120,92.7328,31.2709,120,69.6148,70.3146,69.1244,0.2811,120,28.3396,28.4887,28.2324,0.081,120,1009.8282,1010.0101,1009.6072,0.0804,120,264.9023,303.5032,240.3031,17.4309,120,823.438,933.874,426.4526,88.5978,120,725.376,817.3026,175.5575,126.8341,120,120,0,728.2886,831.9346,387.2799,77.778,120,44.25,45.34,43.01,0.69,120,3.4971,3.5002,3.4935,0.0013,0.5834,0.5849,0.5823,0.0008,0.6961,0.7031,0.6912,0.0028,-0.0045,-0.0011,-0.0051,0.0008,0.0034,0.0039,0.0031,0.0002,0.0069,0.0078,0.0036,0.0007,0.7283,0.8319,0.3873,0.0778,310.6917,548,129,105.094,0,0,0,0,272.225,963,55,107.5708,35,41.8833,47,41,23.67,23.68,23.63
2022-11-07 08:10:00,2.3748,4.58,0.5136,0.9747,120,98.9459,36.8601,120,70.1109,71.1692,69.3991,0.3829,120,28.412,28.7664,28.2171,0.1541,120,1009.8975,1010.0101,1009.6255,0.1001,120,316.5955,335.463,296.0535,12.5472,120,829.2602,938.2701,360.5066,149.007,120,640.1912,785.8298,45.7332,191.3383,120,120,0,738.4208,834.0709,316.1718,134.1949,120,41.87,43.01,40.69,0.7,120,3.4983,3.5002,3.4938,0.0017,0.5841,0.5877,0.5822,0.0015,0.7011,0.7117,0.694,0.0038,-0.004,-0.0003,-0.0049,0.0012,0.004,0.0043,0.0038,0.0002,0.0069,0.0078,0.003,0.0012,0.7384,0.8341,0.3162,0.1342,235.3083,475,33,105.9488,0,0,0,0,294.9417,1016,24,125.1182,35,41.3167,47,39,23.67,23.68,23.63
2022-11-07 08:20:00,3.0245,4.9388,0.9828,0.923,120,98.3706,30.6253,120,69.1407,70.1926,67.9037,0.6085,120,28.6621,28.8275,28.2507,0.1679,120,1009.9922,1010.2115,1009.8086,0.0764,120,316.1149,343.3937,294.852,12.8177,120,764.4557,970.5102,316.5426,225.9176,120,542.9706,780.4206,15.7364,268.1221,120,120,0,681.0205,864.5894,278.3288,204.1058,120,39.5,40.69,38.38,0.69,120,3.4999,3.5035,3.4968,0.0013,0.5866,0.5883,0.5825,0.0017,0.6914,0.7019,0.679,0.0061,-0.0034,-0.0001,-0.0048,0.0017,0.004,0.0044,0.0037,0.0002,0.0064,0.0081,0.0026,0.0019,0.681,0.8646,0.2783,0.2041,305.925,514,84,100.328,0,0,0,0,279.9083,533,31,88.8524,36,41.8667,47,41,23.68,23.68,23.63
2022-11-07 08:30:00,2.932,5.3528,0.5872,1.0246,120,78.9463,31.6854,120,69.5903,70.101,68.7887,0.3845,120,28.0229,28.2598,27.857,0.0903,120,1010.0537,1010.2115,1009.827,0.0812,120,353.3058,409.2362,310.9528,30.3978,120,572.0877,998.7215,327.9004,203.5156,120,257.6239,699.2797,15.2449,218.6151,120,120,0,512.6881,907.0101,291.1466,185.3849,120,37.13,38.38,36.07,0.69,120,3.5009,3.5035,3.4971,0.0014,0.5802,0.5826,0.5786,0.0009,0.6959,0.701,0.6879,0.0038,-0.0016,-0.0001,-0.0043,0.0014,0.0045,0.0052,0.0039,0.0004,0.0048,0.0083,0.0027,0.0017,0.5127,0.907,0.2911,0.1854,295.8667,559,41,111.3742,0,0,0,0,235.7333,998,14,114.9098,36,41.7167,47,39,23.68,23.68,23.63
2022-11-07 08:40:00,2.3247,4.8284,0.44,1.0873,120,93.8386,56.4889,120,70.7002,71.6575,69.5212,0.581,120,28.1467,28.5345,27.8173,0.268,120,1010.0591,1010.2298,1010.0101,0.0739,120,347.2782,383.7646,311.1929,23.3384,120,507.8053,864.6303,322.0384,188.6542,120,186.7411,562.5717,14.7535,198.7295,120,120,0,458.3397,785.2413,287.1792,172.3647,120,34.76,35.82,33.52,0.68,120,3.501,3.5038,3.5002,0.0012,0.5815,0.5854,0.5782,0.0027,0.707,0.7166,0.6952,0.0058,-0.0012,-0.0001,-0.0035,0.0012,0.0044,0.0049,0.004,0.0003,0.0042,0.0072,0.0027,0.0016,0.4583,0.7852,0.2872,0.1724,229.8583,502,25,118.1887,0,0,0,0,319.7667,985,37,195.9029,36,41.65,47,39,23.68,23.68,23.63
2022-11-07 08:50:00,2.76,5.0768,1.0472,0.9501,120,65.8805,32.4569,120,70.2358,71.1081,69.3686,0.517,120,28.198,28.4399,28.0706,0.1002,120,1010.0755,1010.2298,1009.827,0.0924,120,420.4486,480.8465,365.5016,30.052,120,757.6901,1182.2713,375.1621,283.0775,120,369.8717,811.4003,14.7535,309.0101,120,120,0,682.1396,1072.1152,335.0932,258.8151,120,32.42,33.52,31.24,0.68,120,3.5013,3.5038,3.4971,0.0015,0.582,0.5844,0.5807,0.001,0.7024,0.7111,0.6937,0.0052,-0.0023,-0.0001,-0.005,0.0019,0.0053,0.0061,0.0046,0.0004,0.0063,0.0098,0.0031,0.0024,0.6821,1.0721,0.3351,0.2588,277.175,529,91,103.2743,0,0,0,0,197.575,1008,1,118.544,36.5,41.5667,47,39,23.68,23.68,23.63
2022-11-07 09:00:00,2.7266,5.9416,0.8356,1.0082,120,78.6597,33.6948,120,70.1913,71.2912,69.6127,0.4298,120,28.0883,28.3178,27.799,0.1707,120,1010.1398,1010.2481,1010.0101,0.0924,120,438.9639,531.7913,367.1835,51.9077,120,495.2205,1288.5186,378.8247,176.2365,120,62.6419,795.1724,14.2604,158.3839,120,120,0,456.2288,1186.8648,344.554,169.0559,120,30.08,31.24,28.97,0.68,120,3.5023,3.5041,3.5002,0.0015,0.5809,0.5832,0.578,0.0017,0.7019,0.7129,0.6961,0.0043,-0.0004,-0.0001,-0.0049,0.001,0.0056,0.0068,0.0047,0.0007,0.0041,0.0107,0.0032,0.0015,0.4562,1.1869,0.3446,0.1691,273.5417,623,68,109.5902,0,0,0,0,247.8167,1016,20,140.4499,37,41.6,47,39,23.68,23.68,23.63
2022-11-07 09:10:00,2.523,4.718,0.4124,1.0339,120,72.5668,49.3207,120,71.1275,71.8101,70.4062,0.3779,120,28.0596,28.2965,27.7715,0.1929,120,1010.1865,1010.2481,1010.0284,0.0791,120,465.3132,540.9228,400.5858,42.8064,120,574.9637,1305.0048,416.5606,205.8822,120,114.2887,815.3352,15.2449,197.2062,120,120,0,530.2794,1207.6174,382.3969,189.748,120,27.77,28.97,26.72,0.67,120,3.5031,3.5041,3.5005,0.0013,0.5806,0.583,0.5777,0.0019,0.7113,0.7181,0.7041,0.0038,-0.0007,-0.0001,-0.0051,0.0012,0.0059,0.0069,0.0051,0.0005,0.0048,0.0109,0.0035,0.0017,0.5303,1.2076,0.3824,0.1897,251.4167,490,22,112.3851,0,0,0,0,260.9167,1022,4,211.4855,37,41.5,47,39,23.68,23.68,23.63
2022-11-07 09:20:00,2.4218,5.7392,0.4768,1.1098,120,95.9214,44.3221,120,70.7773,71.7185,70.1315,0.4119,120,28.1885,28.3026,28.0859,0.0669,120,1010.2216,1010.4129,1010.0284,0.0555,120,482.1684,547.1701,436.1504,34.6565,120,523.1256,1082.6194,453.9304,84.9835,120,39.2751,598.4692,15.2449,67.4374,120,120,0,483.7845,1062.3493,415.0517,79.4099,120,25.47,26.72,24.25,0.66,120,3.5037,3.5069,3.5005,0.0009,0.5819,0.583,0.5809,0.0007,0.7078,0.7172,0.7013,0.0041,-0.0002,-0.0001,-0.0037,0.0004,0.0061,0.0069,0.0055,0.0004,0.0044,0.009,0.0038,0.0007,0.4838,1.0623,0.4151,0.0794,240.4083,601,29,120.6324,0,0,0,0,300.6917,1006,31,157.8642,37,41.5,49,39,23.68,23.68,23.63
2022-11-07 09:30:00,2.4404,5.086,0.4584,0.9167,120,102.6359,46.224,120,70.762,71.8406,69.8874,0.5634,120,28.3837,28.5284,28.2354,0.0629,120,1010.1921,1010.2664,1010.0467,0.0818,120,426.5222,516.652,314.7969,71.6467,120,598.2434,1391.8343,333.7623,311.8265,120,171.1688,894.0171,13.7689,268.0752,120,120,0,551.1058,1289.407,301.5229,293.5328,120,23.21,24.25,22.07,0.66,120,3.5032,3.5044,3.5008,0.0014,0.5838,0.5853,0.5824,0.0006,0.7076,0.7184,0.6989,0.0056,-0.0011,-0.0001,-0.0055,0.0017,0.0054,0.0066,0.004,0.0009,0.005,0.0116,0.0028,0.0026,0.5511,1.2894,0.3015,0.2935,242.4333,530,27,99.6373,0,0,0,0,322.65,1015,6,162.3545,38,41.65,47,39,23.68,23.68,23.68
2022-11-07 09:40:00,2.7089,5.684,0.4584,1.4688,120,107.9806,45.9662,120,70.6941,72.3289,69.2465,0.7844,120,28.4358,28.6627,28.3148,0.1168,120,1010.2094,1010.4312,1010.0467,0.0795,120,411.1087,618.5402,288.6039,100.0681,120,998.1744,1510.904,451,271.1206,120,580.1762,912.2108,31.4728,279.8796,120,120,0,912.1423,1391.9492,404.0651,251.435,120,20.99,22.07,19.92,0.64,120,3.5035,3.5072,3.5008,0.0013,0.5844,0.5866,0.5831,0.0012,0.7069,0.7233,0.6925,0.0078,-0.0036,-0.0002,-0.0057,0.0017,0.0052,0.0079,0.0037,0.0013,0.0083,0.0126,0.0038,0.0023,0.9121,1.3919,0.4041,0.2514,271.6167,595,27,159.6512,0,0,0,0,338.0667,963,12,153.7161,38,41.2167,47,39,23.68,23.68,23.68
2022-11-07 09:50:00,3.1574,7.1652,1.222,1.1104,120,56.9149,30.0197,120,70.5702,71.9626,69.6432,0.6236,120,28.5345,28.6993,28.3789,0.1074,120,1010.0893,1010.2664,1009.8636,0.0733,120,335.5614,390.0118,277.0693,29.7086,120,790.8281,1306.8367,303.3529,428.1868,120,444.1642,925.4882,15.2449,417.2856,120,120,0,712.8513,1201.8189,256.3555,397.5574,120,18.82,19.92,17.84,0.62,120,3.5015,3.5044,3.4977,0.0012,0.5854,0.587,0.5838,0.0011,0.7057,0.7196,0.6964,0.0062,-0.0028,-0.0001,-0.0057,0.0026,0.0043,0.005,0.0035,0.0004,0.0066,0.0109,0.0025,0.0036,0.7129,1.2018,0.2564,0.3976,320.3667,756,110,120.6994,0,0,0,0,175.7417,1020,0,119.6887,38,41.6333,47,39,23.68,23.68,23.68
2022-11-07 10:00:00,2.8285,5.0676,0.5964,1.0197,120,74.9375,41.5107,120,70.3159,71.0776,69.6432,0.3782,120,28.4872,28.5437,28.4246,0.0343,120,1010.0607,1010.2664,1009.8636,0.0603,120,325.1063,424.3756,234.7764,47.7927,120,928.1431,1345.3061,311.7803,350.7981,120,578.1478,927.4557,23.1131,350.3486,120,120,0,839.8287,1234.4737,262.4592,327.1937,120,16.73,17.84,15.62,0.59,120,3.501,3.5044,3.4977,0.001,0.5849,0.5854,0.5843,0.0003,0.7032,0.7108,0.6964,0.0038,-0.0036,-0.0001,-0.0058,0.0022,0.0041,0.0054,0.003,0.0006,0.0077,0.0112,0.0026,0.0029,0.8398,1.2345,0.2625,0.3272,284.6167,528,42,110.832,0,0,0,0,239.4,1010,10,151.4205,38,41.5,47,39,23.68,23.68,23.63
2022-11-07 10:10:00,2.5391,6.2544,0.4952,1.4077,120,91.8994,51.6936,120,69.6951,71.5964,67.3543,1.3501,120,28.9466,29.2822,28.5528,0.2152,120,1009.9724,1010.1016,1009.8636,0.0953,120,284.3668,364.0591,228.2882,40.1933,120,889.8026,1303.1729,263.419,375.1118,120,576.4471,929.9146,18.1953,365.7598,120,120,0,800.3937,1185.9493,213.0192,354.3558,120,14.74,15.62,13.76,0.56,120,3.4995,3.5017,3.4977,0.0016,0.5895,0.5928,0.5855,0.0022,0.697,0.716,0.6735,0.0135,-0.0036,-0.0001,-0.0058,0.0023,0.0036,0.0046,0.0029,0.0005,0.0074,0.0109,0.0022,0.0031,0.8004,1.1859,0.213,0.3544,253.1667,657,31,153.0104,0,0,0,0,304.5333,955,5,178.4866,38.8,41.45,47,39,23.68,23.68,23.68
2022-11-07 10:20:00,3.1012,6.1164,1.1024,1.0241,120,82.619,37.8423,120,68.8714,69.7348,67.5375,0.4475,120,28.5328,28.7085,28.4307,0.0885,120,1009.8674,1010.1016,1009.6805,0.0776,120,258.2899,346.7575,206.9008,32.3141,120,782.8077,1269.8343,244.3673,456.4115,120,495.2128,937.2913,14.2604,434.7289,120,120,0,702.414,1207.6174,199.591,427.2063,120,12.92,13.76,12.09,0.5,120,3.4978,3.5017,3.4947,0.0013,0.5853,0.5871,0.5843,0.0009,0.6887,0.6973,0.6754,0.0045,-0.0031,-0.0001,-0.0058,0.0027,0.0033,0.0044,0.0026,0.0004,0.0065,0.0106,0.002,0.0038,0.7024,1.2076,0.1996,0.4272,314.2583,642,97,111.3139,0,0,0,0,253.8917,1015,46,135.4819,39,41.75,47,39,23.68,23.68,23.68
2022-11-07 10:30:00,2.1585,5.4908,0.3112,1.0852,120,86.145,56.1443,120,69.4647,70.4978,68.6972,0.3952,120,28.5422,28.9679,28.385,0.1394,120,1009.8039,1010.0833,1009.6805,0.0996,120,257.4589,320.8047,199.6921,36.7886,120,886.2092,1298.7767,219.0888,461.2359,120,591.4089,936.3068,14.7535,415.7866,120,120,0,804.3535,1181.9819,185.2474,427.9234,120,11.33,12.09,10.68,0.42,120,3.4967,3.5014,3.4947,0.0017,0.5854,0.5897,0.5838,0.0014,0.6946,0.705,0.687,0.004,-0.0037,-0.0001,-0.0058,0.0026,0.0033,0.0041,0.0025,0.0005,0.0074,0.0108,0.0018,0.0038,0.8044,1.182,0.1852,0.4279,211.7917,574,11,117.9519,0,0,0,0,300.6833,992,1,194.518,39,41.6333,47,39,23.68,23.73,23.68
2022-11-07 10:40:00,3.002,6.0612,0.6884,1.1371,120,77.9309,40.0238,120,68.0759,70.4978,67.0492,0.7751,120,28.9819,29.2151,28.7909,0.1037,120,1009.7479,1009.9185,1009.4974,0.0933,120,311.2968,366.4622,254.7213,34.4984,120,1093.3754,1353.7323,404.8379,270.4098,120,732.4287,949.5843,39.8324,271.8918,120,120,0,998.5097,1238.1359,338.1451,254.0545,120,10.1,10.68,9.67,0.3,120,3.4958,3.4986,3.4916,0.0016,0.5898,0.5921,0.5879,0.001,0.6808,0.705,0.6705,0.0078,-0.0045,-0.0002,-0.0059,0.0017,0.004,0.0047,0.0032,0.0004,0.0091,0.0113,0.0034,0.0023,0.9985,1.2381,0.3381,0.2541,303.4833,636,52,123.6005,0,0,0,0,247.5417,851,20,139.72,39,41.5667,47,39,23.68,23.68,23.68
2022-11-07 10:50:00,2.6751,6.098,0.3388,1.0775,120,96.2653,54.556,120,68.362,69.3381,67.3543,0.4576,120,28.8262,28.9434,28.742,0.0591,120,1009.6474,1009.7171,1009.4974,0.0814,120,351.2572,446.2433,274.1858,46.0067,120,850.8454,1451.5522,296.0264,410.9129,120,463.6828,942.7006,14.2604,384.9885,120,120,0,773.2754,1336.1003,251.7777,387.0275,120,9.34,9.59,9.16,0.14,120,3.4941,3.4953,3.4916,0.0014,0.5883,0.5894,0.5874,0.0006,0.6836,0.6934,0.6735,0.0046,-0.0029,-0.0001,-0.0059,0.0024,0.0045,0.0057,0.0035,0.0006,0.0071,0.0121,0.0025,0.0034,0.7733,1.3361,0.2518,0.387,267.95,640,14,117.1241,0,0,0,0,309.225,895,1,176.6096,39,41.5833,47,39,23.68,23.68,23.68
2022-11-07 11:00:00,2.9685,5.8128,0.8264,1.0874,120,80.6804,39.9629,120,68.5298,69.3381,67.8121,0.4051,120,28.6611,28.8916,28.4857,0.1099,120,1009.5801,1009.7171,1009.4974,0.0881,120,387.1645,485.8929,299.1772,65.0475,120,675.0801,1450.0876,321.6723,379.5162,120,266.0903,933.8479,14.2604,335.9152,120,120,0,613.0329,1356.2426,279.2444,360.7004,120,9.2,9.34,9.15,0.06,120,3.493,3.4953,3.4916,0.0015,0.5866,0.5889,0.5849,0.0011,0.6853,0.6934,0.6781,0.0041,-0.0017,-0.0001,-0.0058,0.0021,0.0049,0.0062,0.0038,0.0008,0.0056,0.0121,0.0027,0.0032,0.613,1.3562,0.2792,0.3607,299.8333,609,67,118.1918,0,0,0,0,252.8167,986,27,142.4198,39,41.9167,47,41,23.68,23.68,23.68
2022-11-07 11:10:00,3.1236,5.4632,0.8724,1.0275,120,72.4587,33.7838,120,69.2206,70.4062,68.3309,0.5222,120,28.2733,28.4948,28.1134,0.1181,120,1009.4865,1009.7171,1009.3142,0.074,120,377.4202,546.9299,283.0772,75.2929,120,456.0801,1462.1777,300.4226,221.6986,120,68.9856,909.7519,14.2604,162.0316,120,120,0,411.1225,1387.9818,266.7318,200.3038,120,9.69,10.1,9.34,0.23,120,3.4914,3.4953,3.4886,0.0012,0.5827,0.5849,0.5811,0.0012,0.6922,0.7041,0.6833,0.0052,-0.0004,-0.0001,-0.0056,0.001,0.0048,0.0069,0.0036,0.001,0.0038,0.0122,0.0025,0.0018,0.4111,1.388,0.2667,0.2003,316.7,571,72,111.6854,0,0,0,0,229.7583,913,58,134.1251,39.7,41.8833,47,39,23.68,23.73,23.68
2022-11-07 11:20:00,2.6402,5.638,0.7804,1.0828,120,90.1385,42.5583,120,70.2221,71.0471,69.5517,0.3681,120,28.2603,28.3727,28.1317,0.0662,120,1009.3117,1009.534,1009.1311,0.0942,120,389.5355,451.0488,296.5339,44.1084,120,754.5546,1406.1224,313.2449,392.0123,120,344.6447,923.0293,14.2604,369.4105,120,120,0,690.644,1313.2115,278.9392,367.4407,120,10.72,11.32,10.1,0.37,120,3.4885,3.4922,3.4855,0.0016,0.5826,0.5837,0.5813,0.0007,0.7022,0.7105,0.6955,0.0037,-0.0021,-0.0001,-0.0057,0.0023,0.0049,0.0057,0.0038,0.0006,0.0063,0.0117,0.0026,0.0033,0.6906,1.3132,0.2789,0.3674,264.15,590,62,117.6951,0,0,0,0,286.05,1000,12,157.2994,40,41.6333,47,39,23.68,23.73,23.68
2022-11-07 11:30:00,3.2301,6.8156,0.8816,1.1691,120,84.5314,37.8816,120,69.5395,70.4978,68.8498,0.3931,120,28.4333,28.4948,28.3514,0.0375,120,1009.1328,1009.3509,1008.9663,0.1009,120,364.4839,446.4835,287.1622,47.2268,120,588.269,1353.3661,306.2845,326.1544,120,211.9519,921.0635,14.7535,299.3934,120,120,0,535.3786,1254.3107,274.6666,310.6776,120,12.17,13.06,11.32,0.47,120,3.4855,3.4892,3.4828,0.0017,0.5843,0.5849,0.5835,0.0004,0.6954,0.705,0.6885,0.0039,-0.0013,-0.0001,-0.0057,0.0019,0.0046,0.0057,0.0036,0.0006,0.0049,0.0113,0.0026,0.0027,0.5354,1.2543,0.2747,0.3107,328.275,718,73,127.0728,0,0,0,0,248.1333,893,10,119.3437,40,41.5,47,41,23.68,23.68,23.68
2022-11-07 11:40:00,2.2013,4.672,0.6424,0.9502,120,82.3541,52.0587,120,69.7068,70.6809,68.8498,0.4332,120,28.5524,28.9526,28.2873,0.232,120,1008.948,1009.1678,1008.7649,0.0812,120,443.3735,534.4346,370.5472,47.9844,120,779.373,1376.8139,395.6783,352.7555,120,316.9422,837.9552,15.2449,321.0479,120,120,0,717.3299,1324.5033,354.9303,333.7733,120,13.9,14.85,13.06,0.54,120,3.4825,3.4861,3.4794,0.0014,0.5855,0.5895,0.5829,0.0023,0.6971,0.7068,0.6885,0.0043,-0.002,-0.0001,-0.0052,0.002,0.0056,0.0068,0.0047,0.0006,0.0065,0.0115,0.0033,0.0029,0.7173,1.3245,0.3549,0.3338,216.4417,485,47,103.2797,0,0,0,0,310.5667,1013,29,219.7158,40,41.7167,47,41,23.68,23.73,23.68
2022-11-07 11:50:00,3.166,5.0216,1.0288,1.0551,120,94.0848,43.012,120,69.0387,70.1315,67.9647,0.6049,120,28.6104,28.9618,28.4155,0.155,120,1008.851,1008.9846,1008.5635,0.1033,120,430.4312,575.0457,330.6575,55.0498,120,650.454,1478.2977,342.5546,355.3814,120,206.8703,901.8837,13.7689,311.1474,120,120,0,601.3011,1389.5077,303.6592,339.8352,120,15.81,16.79,14.85,0.58,120,3.4808,3.4831,3.4761,0.0017,0.5861,0.5896,0.5841,0.0015,0.6904,0.7013,0.6796,0.006,-0.0013,-0.0001,-0.0056,0.0019,0.0055,0.0073,0.0042,0.0007,0.0054,0.0123,0.0029,0.003,0.6013,1.3895,0.3037,0.3398,321.3083,523,89,114.6859,0,0,0,0,282.05,1020,73,138.1675,40,41.4,47,39,23.68,23.68,23.68
2022-11-07 12:00:00,2.721,5.4908,0.4216,1.1624,120,76.4227,34.8196,120,70.1992,71.1386,69.4906,0.4347,120,28.3893,28.562,28.211,0.0902,120,1008.6605,1008.8015,1008.3987,0.1005,120,348.8842,449.8472,290.5268,40.6351,120,490.4302,1274.2305,306.6507,275.3002,120,136.672,879.7551,13.7689,241.9691,120,120,0,448.3576,1224.0974,277.7184,260.2016,120,17.86,18.84,16.79,0.61,120,3.4777,3.48,3.4733,0.0017,0.5839,0.5856,0.5821,0.0009,0.702,0.7114,0.6949,0.0043,-0.0008,-0.0001,-0.0055,0.0015,0.0044,0.0057,0.0037,0.0005,0.0041,0.0106,0.0026,0.0023,0.4484,1.2241,0.2777,0.2602,272.9333,574,23,126.3429,0,0,0,0,243.3833,988,38,141.8176,40,41.7333,47,39,23.68,23.68,23.68
2022-11-07 12:10:00,2.8907,5.2884,0.9644,0.9439,120,87.8067,44.8945,120,70.8035,72.0542,69.6738,0.6819,120,28.4501,28.684,28.1347,0.2039,120,1008.4892,1008.7832,1008.3987,0.0928,120,335.3051,400.5858,255.9228,41.7293,120,1137.1595,1303.9064,477.012,175.945,120,788.7801,916.1457,143.1018,182.162,120,120,0,1046.9324,1206.7019,397.6562,169.8647,120,20,21.19,18.84,0.63,120,3.4748,3.4797,3.4733,0.0015,0.5845,0.5868,0.5814,0.002,0.708,0.7205,0.6967,0.0068,-0.0049,-0.0009,-0.0057,0.0011,0.0043,0.0051,0.0032,0.0005,0.0095,0.0109,0.004,0.0015,1.0469,1.2067,0.3977,0.1699,291.3833,552,82,102.5954,0,0,0,0,266.7083,919,9,144.1704,40,41.65,47,41,23.68,23.73,23.68
2022-11-07 12:20:00,3.0698,5.2516,1.1024,1.0924,120,103.2491,37.4868,120,70.1689,70.925,69.2465,0.4054,120,28.6501,28.7451,28.5711,0.0444,120,1008.3285,1008.6001,1008.1973,0.0989,120,318.3958,376.5551,259.5276,40.6592,120,914.6028,1284.4886,270.0132,398.7671,120,590.4375,907.2929,14.2604,385.8487,120,120,0,835.2407,1187.7804,236.5185,376.1467,120,22.2,23.36,21.19,0.65,120,3.4721,3.4767,3.47,0.0016,0.5865,0.5875,0.5857,0.0004,0.7017,0.7093,0.6925,0.0041,-0.0037,-0.0001,-0.0056,0.0024,0.004,0.0048,0.0033,0.0005,0.0076,0.0107,0.0022,0.0033,0.8352,1.1878,0.2365,0.3761,310.85,548,97,118.743,0,0,0,0,305.1333,1002,46,124.1892,40,41.5167,47,39,23.68,23.68,23.68
2022-11-07 12:30:00,2.5017,4.9112,0.9368,0.9337,120,91.8172,38.1666,120,70.6537,71.749,69.4296,0.6722,120,28.5006,28.7207,28.3422,0.1112,120,1008.1713,1008.417,1007.9958,0.1304,120,250.0555,312.3945,148.9882,46.8773,120,805.031,1209.383,271.479,341.0063,120,569.2386,923.0293,14.7535,366.0893,120,120,0,741.0148,1120.3345,237.1288,319.5172,120,24.44,25.57,23.36,0.66,120,3.4695,3.4736,3.4666,0.0022,0.585,0.5872,0.5834,0.0011,0.7065,0.7175,0.6943,0.0067,-0.0035,-0.0001,-0.0057,0.0023,0.0032,0.004,0.0019,0.0006,0.0067,0.0101,0.0023,0.0028,0.741,1.1203,0.2371,0.3195,249.1,511,79,101.4856,0,0,0,0,264.0917,601,40,110.1685,40,41.65,47,39,23.68,23.68,23.68
2022-11-07 12:40:00,2.5665,5.3712,0.4216,1.2032,120,68.2618,53.4546,120,70.0443,71.749,67.8732,1.1547,120,28.9426,29.27,28.7085,0.1998,120,1007.9466,1008.2339,1007.831,0.0956,120,154.8173,217.2339,141.2984,19.3833,120,1010.8508,1063.9352,728.3409,35.1955,120,888.3366,907.786,531.0989,45.697,120,120,0,926.0231,985.7479,626.545,35.166,120,26.72,27.8,25.57,0.67,120,3.4658,3.4706,3.4639,0.0016,0.5894,0.5927,0.5871,0.002,0.7004,0.7175,0.6787,0.0115,-0.0055,-0.0033,-0.0056,0.0003,0.002,0.0028,0.0018,0.0002,0.0084,0.0089,0.0061,0.0003,0.926,0.9857,0.6265,0.0352,256.1417,561,23,130.7828,0,0,0,0,289.4083,1019,7,238.8203,40,41.5,47,39,23.68,23.68,23.68
2022-11-07 12:50:00,2.879,4.902,1.3508,0.7251,120,77.6178,30.9604,120,69.6178,70.925,68.4225,0.5911,120,28.8035,28.9923,28.6169,0.1194,120,1007.9299,1008.0508,1007.8127,0.0938,120,193.8827,265.7756,138.8953,36.2087,120,804.9273,1115.9592,202.9688,318.9661,120,652.1697,908.7689,16.7193,353.9202,120,120,0,733.8455,1032.4412,167.2414,300.8407,120,29.03,30.06,27.8,0.67,120,3.4655,3.4675,3.4635,0.0016,0.588,0.5899,0.5862,0.0012,0.6962,0.7093,0.6842,0.0059,-0.004,-0.0001,-0.0056,0.0022,0.0025,0.0034,0.0018,0.0005,0.0067,0.0093,0.0017,0.0027,0.7338,1.0324,0.1672,0.3008,290.1083,510,124,78.8117,0,0,0,0,238.2583,1003,16,126.7298,40,41.4667,47,39,23.68,23.68,23.68
2022-11-07 13:00:00,2.1913,4.8836,0.2928,1.0402,120,81.1282,53.7304,120,69.7846,70.864,68.1173,0.6943,120,28.9815,29.4012,28.6444,0.2673,120,1007.7978,1008.0325,1007.6479,0.083,120,171.8048,263.6126,133.8488,38.1614,120,951.6213,1050.3794,540.7599,94.8899,120,846.3527,901.8837,305.8733,130.972,120,120,0,868.244,958.5864,488.6013,90.9484,120,31.36,32.59,30.31,0.68,120,3.4633,3.4672,3.4608,0.0014,0.5898,0.594,0.5864,0.0027,0.6978,0.7086,0.6812,0.0069,-0.0053,-0.0019,-0.0056,0.0008,0.0022,0.0033,0.0017,0.0005,0.0079,0.0088,0.0045,0.0008,0.8682,0.9586,0.4886,0.0909,215.3583,508,9,113.0675,0,0,0,0,300.125,1006,7,207.8168,40,41.8,47,39,23.68,23.73,23.68
2022-11-07 13:10:00,3.0245,5.5736,0.6148,1.2234,120,81.2743,47.3634,120,68.2028,69.0024,66.8355,0.5825,120,28.9791,29.3188,28.6291,0.2651,120,1007.6637,1007.8677,1007.4648,0.092,120,147.6042,195.3661,121.8339,20.692,120,885.2536,988.4622,235.2089,181.8779,120,827.0307,899.9178,69.8292,213.8652,120,120,0,809.0457,907.0101,204.1688,171.8141,120,33.7,34.88,32.59,0.69,120,3.4611,3.4645,3.4577,0.0015,0.5898,0.5932,0.5863,0.0027,0.682,0.69,0.6684,0.0058,-0.0051,-0.0004,-0.0056,0.0013,0.0019,0.0025,0.0015,0.0003,0.0074,0.0082,0.002,0.0015,0.809,0.907,0.2042,0.1718,305.925,583,44,132.9793,0,0,0,0,251.5583,816,9,145.3517,40,41.6833,47,39,23.68,23.68,23.68
2022-11-07 13:20:00,2.6302,5.3988,0.6148,1.218,120,97.7329,50.1597,120,69.2022,70.3757,68.2394,0.5535,120,28.7003,28.8885,28.5131,0.1166,120,1007.4772,1007.6662,1007.3183,0.0713,120,198.911,285.7205,146.1047,40.4576,120,794.559,1033.1597,200.0372,269.6205,120,684.138,900.4093,17.7038,326.2129,120,120,0,722.6478,959.5019,169.0725,252.7323,120,36.05,37.18,34.88,0.69,120,3.458,3.4611,3.4553,0.0012,0.587,0.5889,0.5851,0.0012,0.692,0.7038,0.6824,0.0055,-0.0042,-0.0001,-0.0056,0.002,0.0025,0.0036,0.0019,0.0005,0.0066,0.0086,0.0017,0.0022,0.7226,0.9595,0.1691,0.2527,263.0667,564,44,132.3924,0,0,0,0,330.325,966,44,185.9078,40,41.7,47,39,23.68,23.68,23.63
2022-11-07 13:30:00,2.7738,5.6104,0.256,1.225,120,74.3708,52.0755,120,68.7885,70.3452,67.629,0.7902,120,29.0344,29.27,28.8183,0.1584,120,1007.2765,1007.5014,1007.1169,0.1002,120,217.1881,295.8134,155.2362,38.3007,120,772.2593,1010.4442,249.497,232.9527,120,659.2591,889.0993,45.2417,297.5218,120,120,0,702.1978,921.0486,205.9999,220.7473,120,38.41,39.49,37.18,0.69,120,3.4546,3.4584,3.4519,0.0017,0.5903,0.5927,0.5882,0.0016,0.6879,0.7035,0.6763,0.0079,-0.0041,-0.0003,-0.0055,0.0018,0.0028,0.0038,0.002,0.0005,0.0064,0.0084,0.0021,0.0019,0.7022,0.921,0.206,0.2207,278.675,587,5,133.1469,0,0,0,0,259.2667,1015,14,191.2322,40,41.4167,47,39,23.68,23.73,23.68
2022-11-07 13:40:00,2.8788,6.4844,0.9,1.1894,120,84.3817,35.8828,120,68.5547,69.4906,67.4764,0.5323,120,28.8087,29.0045,28.4307,0.1542,120,1007.2285,1007.4831,1007.0986,0.0996,120,171.6767,241.0244,134.089,29.9489,120,777.1717,922.5162,215.0588,182.5784,120,747.9109,899.4264,24.096,241.7936,120,120,0,707.1546,839.5642,184.9422,175.2085,120,40.79,42.06,39.49,0.69,120,3.4538,3.4581,3.4516,0.0017,0.5881,0.59,0.5843,0.0015,0.6855,0.6949,0.6748,0.0053,-0.0046,-0.0001,-0.0056,0.0015,0.0022,0.0031,0.0017,0.0004,0.0065,0.0077,0.0018,0.0015,0.7072,0.8396,0.1849,0.1752,290.0917,682,75,129.2813,0,0,0,0,260.1667,954,63,129.735,40,41.6,47,39,23.68,23.68,23.68
2022-11-07 13:50:00,2.7236,6.9996,0.4124,1.1822,120,79.7773,52.495,120,69.0916,70.5893,67.568,0.7875,120,28.8078,29.0716,28.4033,0.2268,120,1007.0287,1007.1352,1006.7324,0.1063,120,121.233,135.5307,110.0591,6.2486,120,801.1475,831.2905,733.1032,19.0173,120,866.3877,876.8047,768.6175,15.1801,120,120,0,726.3939,757.4694,653.0961,18.8058,120,43.17,44.39,42.06,0.7,120,3.4505,3.4523,3.4455,0.0018,0.5881,0.5907,0.584,0.0023,0.6909,0.7059,0.6757,0.0079,-0.0054,-0.0048,-0.0054,0.0001,0.0015,0.0017,0.0014,0.0001,0.0067,0.0069,0.0061,0.0002,0.7264,0.7575,0.6531,0.0188,273.2167,738,22,128.4957,0,0,0,0,273.3333,984,14,190.3923,40,41.7,47,39,23.68,23.73,23.68
2022-11-07 14:00:00,2.3797,4.8468,0.3848,1.0362,120,94.3222,42.4776,120,67.9589,68.9718,67.1712,0.505,120,29.0722,29.267,28.8733,0.1233,120,1006.8339,1007.1352,1006.7324,0.1123,120,127.6251,163.4063,108.6173,17.0697,120,751.2939,821.7647,257.9232,80.4029,120,825.5922,872.3783,139.1669,117.0895,120,120,0,674.8431,745.262,224.0059,75.3802,120,45.55,46.71,44.39,0.7,120,3.4472,3.4523,3.4455,0.0019,0.5907,0.5927,0.5887,0.0012,0.6796,0.6897,0.6717,0.005,-0.0051,-0.0009,-0.0054,0.0007,0.0016,0.0021,0.0014,0.0002,0.0063,0.0068,0.0021,0.0007,0.6748,0.7453,0.224,0.0754,235.8417,504,19,112.6265,0,0,0,0,283.425,964,1,136.2157,40,41.4667,47,39,23.68,23.68,23.68
2022-11-07 14:10:00,2.6477,5.1504,0.5964,1.0907,120,82.108,53.492,120,67.4337,68.5141,66.4998,0.5405,120,29.149,29.3036,29.0045,0.1054,120,1006.7087,1006.769,1006.5493,0.0769,120,148.1109,175.6614,126.6402,14.295,120,659.0483,780.3649,176.5894,186.3032,120,707.7302,857.6265,22.1286,265.6891,120,120,0,589.0988,700.3998,142.5214,170.3107,120,47.93,49.04,46.71,0.7,120,3.4451,3.4462,3.4425,0.0013,0.5915,0.593,0.59,0.001,0.6743,0.6851,0.665,0.0054,-0.0044,-0.0001,-0.0053,0.0016,0.0019,0.0022,0.0016,0.0002,0.0055,0.0065,0.0015,0.0016,0.5891,0.7004,0.1425,0.1703,264.9667,537,42,118.5552,0,0,0,0,277.1,997,16,181.22,40,41.55,47,41,23.68,23.73,23.68
2022-11-07 14:20:00,2.2854,6.006,0.4676,1.0959,120,76.0378,45.6744,120,67.8114,69.3381,66.8355,0.7339,120,28.9672,29.1601,28.7817,0.129,120,1006.699,1006.769,1006.5493,0.0824,120,173.2787,206.4205,137.2134,17.4343,120,607.9919,790.623,212.8607,190.118,120,632.0322,855.1676,56.5517,283.8711,120,120,0,541.1695,711.0813,179.4488,172.9247,120,50.33,51.63,49.04,0.69,120,3.445,3.4462,3.4425,0.0014,0.5897,0.5916,0.5878,0.0013,0.6781,0.6934,0.6684,0.0073,-0.0039,-0.0004,-0.0053,0.0018,0.0022,0.0026,0.0017,0.0002,0.0051,0.0066,0.0018,0.0016,0.5412,0.7111,0.1794,0.1729,225.5833,630,28,119.122,0,0,0,0,272.3583,970,14,188.0535,40,41.6667,47,41,23.68,23.68,23.68
2022-11-07 14:30:00,2.8056,5.1044,0.5872,0.8205,120,101.7031,44.0288,120,67.8299,68.7887,66.7745,0.4928,120,28.971,29.1723,28.7115,0.1522,120,1006.5629,1006.769,1006.3662,0.067,120,175.5515,190.3205,154.9953,8.2102,120,594.0087,729.8067,198.2053,156.5185,120,641.3264,833.5305,28.5224,240.5637,120,120,0,528.545,652.1805,170.5985,142.8183,120,52.72,53.97,51.63,0.7,120,3.4427,3.4462,3.4394,0.0011,0.5897,0.5917,0.5871,0.0015,0.6783,0.6879,0.6677,0.0049,-0.004,-0.0002,-0.0052,0.0015,0.0022,0.0024,0.002,0.0001,0.0049,0.0061,0.0017,0.0013,0.5285,0.6522,0.1706,0.1428,282.1333,532,41,89.1873,0,0,0,0,293.5667,695,28,126.6107,40,41.8667,47,39,23.68,23.68,23.68
2022-11-07 14:40:00,2.2126,4.3684,0.6608,0.9398,120,81.0864,47.6605,120,68.6679,69.8874,67.8121,0.5071,120,28.7632,29.0319,28.5803,0.1438,120,1006.4905,1006.5859,1006.3478,0.0939,120,145.6759,154.2748,136.9732,5.1968,120,596.262,645.1753,470.0504,40.827,120,733.3098,814.8437,503.068,68.2426,120,120,0,527.2708,571.0013,415.3569,36.2753,120,55.12,56.3,53.97,0.7,120,3.4415,3.4431,3.4391,0.0016,0.5876,0.5903,0.5858,0.0014,0.6867,0.6989,0.6781,0.0051,-0.0046,-0.0031,-0.0051,0.0004,0.0019,0.002,0.0017,0.0001,0.005,0.0054,0.0039,0.0003,0.5273,0.571,0.4154,0.0363,217.675,452,49,102.1474,0,0,0,0,291.2833,1019,21,201.4652,40,41.6833,47,39,23.68,23.73,23.63
2022-11-07 14:50:00,2.4941,4.5892,0.6516,0.8533,120,85.617,38.1567,120,67.9439,69.1855,67.2018,0.4934,120,29.0805,29.2151,28.9557,0.0833,120,1006.4731,1006.5859,1006.3478,0.0992,120,145.4836,155.9567,133.1283,7.3681,120,581.8972,632.7191,527.2041,25.9618,120,756.7953,809.9259,629.4505,45.5044,120,120,0,509.6845,556.6576,464.1865,23.6553,120,57.51,58.64,56.3,0.7,120,3.4412,3.4431,3.4391,0.0017,0.5908,0.5921,0.5896,0.0008,0.6794,0.6919,0.672,0.0049,-0.0047,-0.0039,-0.005,0.0003,0.0018,0.002,0.0017,0.0001,0.0048,0.0053,0.0044,0.0002,0.5097,0.5567,0.4642,0.0237,248.2667,476,48,92.7538,0,0,0,0,284.7667,1021,56,168.7886,40,41.7667,47,39,23.68,23.68,23.68
2022-11-07 15:00:00,2.6819,6.1716,0.6148,1.0857,120,82.6672,35.5126,120,67.7852,68.7582,67.2018,0.3682,120,28.8872,29.0533,28.739,0.0773,120,1006.5122,1006.5859,1006.3478,0.0857,120,137.1971,148.5071,124.9575,6.0426,120,532.6512,567.5054,252.7947,50.7757,120,735.4898,775.9942,203.0954,89.6675,120,120,0,459.802,490.4325,200.5066,45.9512,120,59.91,60.98,58.64,0.7,120,3.4419,3.4431,3.4391,0.0014,0.5889,0.5905,0.5874,0.0008,0.6779,0.6876,0.672,0.0037,-0.0046,-0.0013,-0.0048,0.0006,0.0017,0.0019,0.0016,0.0001,0.0044,0.0047,0.0021,0.0004,0.4598,0.4904,0.2005,0.046,268.6833,648,44,118.0093,0,0,0,0,239.8333,561,3,104.798,40,41.3833,47,39,23.68,23.68,23.63
2022-11-07 15:10:00,2.1887,4.9848,0.4032,1.1304,120,99.8657,51.0176,120,68.5067,69.4906,66.9881,0.6235,120,29.0004,29.2334,28.6932,0.1803,120,1006.5325,1006.5859,1006.3478,0.0687,120,149.7309,160.763,138.8953,5.6046,120,442.207,532.3337,169.6291,120.0994,120,591.6916,756.816,45.7332,242.9522,120,120,0,376.8756,457.1673,142.8266,102.222,120,62.31,63.58,61.24,0.7,120,3.4422,3.4431,3.4391,0.0011,0.59,0.5923,0.5869,0.0018,0.6851,0.6949,0.6699,0.0062,-0.0037,-0.0003,-0.0047,0.0015,0.0019,0.002,0.0018,0.0001,0.0037,0.0044,0.0014,0.001,0.3769,0.4572,0.1428,0.1022,215.075,519,21,122.8666,0,0,0,0,305.6417,912,36,156.8066,40,41.5,47,39,23.68,23.68,23.68
2022-11-07 15:20:00,2.6408,5.2424,0.6148,1.0763,120,79.7521,44.2348,120,68.2663,69.0329,66.9271,0.53,120,28.7669,29.0136,28.6901,0.0679,120,1006.4823,1006.5859,1006.3295,0.0965,120,147.1497,163.6465,134.5701,10.2082,120,435.71,515.4802,313.9784,58.2708,120,632.9049,758.2904,353.574,110.002,120,120,0,365.2557,433.668,263.9851,48.8859,120,64.71,65.92,63.58,0.7,120,3.4414,3.4431,3.4388,0.0016,0.5877,0.5901,0.5869,0.0007,0.6827,0.6903,0.6693,0.0053,-0.0039,-0.0022,-0.0047,0.0007,0.0019,0.0021,0.0017,0.0001,0.0036,0.0043,0.0026,0.0005,0.3653,0.4337,0.264,0.0489,264.2167,547,44,116.9922,0,0,0,0,267.2417,1020,12,170.7037,40,41.6667,47,39,23.68,23.68,23.63
2022-11-07 15:30:00,2.2705,4.5248,0.5044,0.8915,120,85.2588,55.4612,120,69.2747,70.4062,68.3615,0.5232,120,28.7036,29.0136,28.6169,0.0927,120,1006.4768,1006.5676,1006.3478,0.0952,120,148.0448,165.0882,136.0118,9.3138,120,415.6667,448.4358,182.8175,52.879,120,646.7275,710.5898,65.4044,132.662,120,120,0,342.0972,370.7999,155.3392,42.4275,120,67.11,68.26,65.92,0.7,120,3.4413,3.4428,3.4391,0.0016,0.587,0.5901,0.5862,0.0009,0.6927,0.7041,0.6836,0.0052,-0.004,-0.0004,-0.0044,0.0008,0.0019,0.0021,0.0017,0.0001,0.0035,0.0037,0.0015,0.0004,0.3421,0.3708,0.1553,0.0424,223.9667,469,32,96.9052,0,0,0,0,283.4667,904,1,178.0292,40,41.5,47,39,23.68,23.68,23.68
2022-11-07 15:40:00,2.4215,4.672,0.67,0.9151,120,94.6615,35.8721,120,68.79,69.5822,68.0563,0.3922,120,28.8269,29.0289,28.739,0.0844,120,1006.5511,1006.7507,1006.3478,0.0575,120,144.0277,154.0346,136.252,4.9531,120,390.7078,409.2341,355.7443,15.14,120,659.7714,678.1341,601.4196,17.0119,120,120,0,316.6779,334.788,286.874,14.3888,120,69.5,70.59,68.26,0.7,120,3.4425,3.4458,3.4391,0.001,0.5883,0.5903,0.5874,0.0008,0.6879,0.6958,0.6806,0.0039,-0.0041,-0.0037,-0.0042,0.0001,0.0018,0.002,0.0017,0.0001,0.0033,0.0034,0.003,0.0001,0.3167,0.3348,0.2869,0.0144,240.375,485,50,99.4634,0,0,0,0,278.1167,914,27,115.6847,40,41.5833,47,39,23.68,23.73,23.63
2022-11-07 15:50:00,2.5897,5.0308,0.4032,1.0487,120,87.8702,44.3237,120,69.204,69.9179,68.3309,0.4901,120,28.7168,28.8458,28.6016,0.0741,120,1006.5532,1006.7507,1006.3478,0.0433,120,140.2069,154.7551,130.485,7.0386,120,337.6485,374.0624,160.1032,40.978,120,597.5516,657.9729,86.057,102.1973,120,120,0,266.2943,298.1658,136.7229,32.0973,120,71.9,73.19,70.59,0.7,120,3.4426,3.4458,3.4391,0.0007,0.5872,0.5885,0.586,0.0007,0.692,0.6992,0.6833,0.0049,-0.0037,-0.0005,-0.0041,0.0006,0.0018,0.002,0.0017,0.0001,0.0028,0.0031,0.0013,0.0003,0.2663,0.2982,0.1367,0.0321,258.6583,524,21,113.9888,0,0,0,0,287.7333,1017,13,170.9093,40.3,42.6333,47,39,23.68,23.68,23.68
2022-11-07 16:00:00,2.3751,4.1292,0.7252,0.8495,120,95.4421,37.3296,120,69.4205,69.9484,68.6361,0.292,120,28.7216,28.797,28.6413,0.0451,120,1006.5613,1006.7507,1006.531,0.0443,120,123.2015,132.4071,114.3843,5.1827,120,285.905,317.2749,192.3433,22.1577,120,564.3538,611.7467,290.137,51.2808,120,120,0,217.8869,245.674,153.8133,18.2559,120,74.3,75.53,73.19,0.7,120,3.4427,3.4458,3.4422,0.0007,0.5872,0.588,0.5864,0.0004,0.6942,0.6995,0.6864,0.0029,-0.0035,-0.0018,-0.0038,0.0003,0.0016,0.0017,0.0015,0.0001,0.0024,0.0026,0.0016,0.0002,0.2179,0.2457,0.1538,0.0183,235.3333,426,56,92.3331,0,0,0,0,284.0583,1008,71,125.2517,41,45.4833,47,39,23.68,23.68,23.68
2022-11-07 16:10:00,2.3222,4.6536,0.4676,0.9565,120,98.2937,35.5317,120,69.5313,70.3146,69.0329,0.284,120,28.6305,28.7298,28.4399,0.092,120,1006.6765,1006.9338,1006.531,0.1092,120,105.1908,119.1906,84.5866,10.2629,120,216.0599,261.2209,101.1176,52.2129,120,446.4016,549.7857,51.6339,160.9623,120,120,0,158.9862,193.7925,84.8415,35.81,120,76.69,77.86,75.53,0.7,120,3.4446,3.4489,3.4422,0.0018,0.5863,0.5873,0.5844,0.0009,0.6953,0.7031,0.6903,0.0028,-0.0028,-0.0003,-0.0034,0.001,0.0013,0.0015,0.0011,0.0001,0.0018,0.0022,0.0008,0.0004,0.159,0.1938,0.0848,0.0358,229.5917,483,28,103.9677,0,0,0,0,283.975,580,97,102.777,41,46.0167,47,41,23.68,23.68,23.68
2022-11-07 16:20:00,1.955,4.1476,0.4584,0.7899,120,71.8867,40.531,120,70.3396,71.2607,69.5212,0.56,120,28.2702,28.4613,28.1317,0.1238,120,1006.8474,1007.1169,1006.7324,0.0953,120,76.1621,84.8268,69.2071,4.2982,120,114.0444,188.3133,75.8379,33.578,120,193.0233,494.7083,42.2913,146.5144,120,120,0,86.5301,127.8726,63.7837,18.2473,120,79.09,80.19,77.86,0.7,120,3.4475,3.4519,3.4455,0.0016,0.5827,0.5846,0.5813,0.0012,0.7034,0.7126,0.6952,0.0056,-0.0012,-0.0003,-0.0031,0.0009,0.001,0.0011,0.0009,0.0001,0.0009,0.0016,0.0006,0.0003,0.0865,0.1279,0.0638,0.0182,189.675,428,27,85.8611,0,0,0,0,241.6083,937,29,163.9116,41,46.3167,47,39,23.68,23.68,23.68
2022-11-07 16:30:00,2.2288,4.58,0.3204,0.8881,120,69.5954,40.2864,120,71.1669,71.8406,70.4062,0.3959,120,27.9507,28.2202,27.6769,0.1628,120,1007.0229,1007.3,1006.9155,0.0993,120,58.9444,83.1449,43.2543,13.4672,120,61.5316,89.3938,42.8655,14.8549,120,30.4029,111.1376,15.7364,18.8818,120,120,0,53.7634,77.517,38.1481,13.3271,120,81.48,82.78,80.19,0.69,120,3.4504,3.455,3.4486,0.0017,0.5795,0.5822,0.5768,0.0016,0.7117,0.7184,0.7041,0.004,-0.0002,-0.0001,-0.0007,0.0001,0.0007,0.0011,0.0005,0.0002,0.0005,0.0007,0.0004,0.0001,0.0538,0.0775,0.0381,0.0133,219.4333,475,12,96.5342,0,0,0,0,263.925,1012,15,202.0461,41,41.7167,47,39,23.68,23.68,23.68
2022-11-07 16:40:00,1.994,3.8624,0.4676,0.8475,120,88.4985,49.5915,120,72.4588,73.1834,71.5049,0.4177,120,27.5357,27.6678,27.4053,0.063,120,1007.1404,1007.3183,1006.9155,0.091,120,42.8742,52.1457,29.5575,6.6586,120,43.1338,51.6579,29.3097,6.88,120,16.1993,19.1782,13.7689,1.3736,120,120,0,40.0911,48.8296,28.6874,6.0753,120,83.87,85.11,82.78,0.69,120,3.4523,3.4553,3.4486,0.0015,0.5754,0.5767,0.574,0.0006,0.7246,0.7318,0.715,0.0042,-0.0001,-0.0001,-0.0001,0,0.0005,0.0007,0.0004,0.0001,0.0004,0.0004,0.0002,0.0001,0.0401,0.0488,0.0287,0.0061,193.9167,397,28,92.1216,0,0,0,0,295.3833,928,66,171.3438,40.2,41.6,47,39,23.68,23.68,23.68
2022-11-07 16:50:00,1.8675,4.2212,0.3756,0.774,120,94.8732,42.7184,120,73.0654,73.4275,72.6035,0.1779,120,27.3689,27.4511,27.2832,0.0378,120,1007.2803,1007.4831,1007.0986,0.0949,120,22.7267,29.7976,16.3409,3.7297,120,22.4492,29.6759,16.4862,3.6497,120,13.9861,15.2449,13.2775,0.3175,120,120,0,22.4031,28.6874,16.7852,3.4687,120,86.25,87.43,85.11,0.7,120,3.4547,3.4581,3.4516,0.0016,0.5737,0.5745,0.5728,0.0004,0.7307,0.7343,0.726,0.0018,-0.0001,-0.0001,-0.0001,0,0.0003,0.0004,0.0002,0,0.0002,0.0002,0.0001,0,0.0224,0.0287,0.0168,0.0035,180.1667,436,18,84.1304,0,0,0,0,297.3667,1003,38,154.8676,40,41.6833,47,39,23.68,23.73,23.68
2022-11-07 17:00:00,2.3321,3.6232,0.762,0.7288,120,94.0872,32.8752,120,73.3215,73.8853,72.8477,0.2828,120,27.1266,27.2893,27.0238,0.0792,120,1007.4078,1007.4831,1007.2817,0.0821,120,11.06,16.8213,5.0465,3.7169,120,11.165,16.4862,5.1297,3.8672,120,16.8548,33.9317,13.2775,6.011,120,120,0,11.2003,16.7852,5.7985,3.4411,120,88.63,89.75,87.43,0.7,120,3.4568,3.4581,3.4547,0.0014,0.5713,0.5729,0.5702,0.0008,0.7332,0.7389,0.7285,0.0028,-0.0001,-0.0001,-0.0002,0,0.0001,0.0002,0.0001,0,0.0001,0.0001,0,0,0.0112,0.0168,0.0058,0.0034,230.6583,371,60,79.2134,0,0,0,0,278.5583,1001,8,117.3657,40,41.6667,47,39,23.68,23.68,23.68
2022-11-07 17:10:00,2.0036,4.0556,0.8448,0.6873,120,99.823,24.8704,120,73.7027,73.8548,73.5496,0.0684,120,27.0614,27.1093,26.9811,0.0301,120,1007.5623,1007.6662,1007.4465,0.0867,120,2.2709,5.0465,0.4803,1.3507,120,2.2255,5.1297,0,1.4548,120,13.773,14.2604,13.2775,0.1624,120,120,0,3.1256,5.7985,1.2207,1.2691,120,89.75,89.75,89.75,0,3,3.4594,3.4611,3.4574,0.0014,0.5706,0.5711,0.5698,0.0003,0.737,0.7385,0.7355,0.0007,-0.0001,-0.0001,-0.0001,0,0,0.0001,0,0,0,0,0,0,0.0031,0.0058,0.0012,0.0013,194.9583,418,69,74.7018,0,0,0,0,284.6417,587,114,72.6288,40,41.6833,47,39,23.68,23.68,23.63
2022-11-07 17:20:00,1.9266,3.4668,0.7988,0.578,120,88.2111,30.7863,120,74.0911,74.3126,73.8548,0.1215,120,26.9802,27.0116,26.9475,0.0135,120,1007.6875,1007.8494,1007.4648,0.0859,120,0.1221,0.7213,0,0.2089,120,0.0336,0.3661,0,0.1061,120,13.7771,14.2604,13.2775,0.1684,120,120,0,0.2391,1.5259,0,0.4191,120,None,None,None,None,0,3.4615,3.4642,3.4577,0.0014,0.5698,0.5701,0.5695,0.0001,0.7409,0.7431,0.7385,0.0012,-0.0001,-0.0001,-0.0001,0,0,0,0,0,0,0,0,0,0.0002,0.0015,0,0.0004,186.5833,354,64,62.8311,0,0,0,0,256.2333,874,4,101.0999,40,41.7,47,39,23.68,23.68,23.68
2022-11-07 17:30:00,1.7199,2.924,0.4124,0.6782,120,97.8724,41.0034,120,74.3464,74.5262,74.1905,0.0906,120,26.9809,27.0208,26.9292,0.0246,120,1007.8222,1008.0142,1007.6296,0.0465,120,0,0,0,0,120,0,0,0,0,120,13.7894,14.2604,13.2775,0.148,120,120,0,0,0,0,0,120,None,None,None,None,0,3.4637,3.4669,3.4605,0.0008,0.5698,0.5702,0.5693,0.0003,0.7435,0.7453,0.7419,0.0009,-0.0001,-0.0001,-0.0001,0,0,0,0,0,0,0,0,0,0,0,0,0,164.1167,295,22,73.7225,0,0,0,0,307.775,981,36,153.0882,40,41.4167,47,39,23.68,23.73,23.68
2022-11-07 17:40:00,1.9137,3.3932,0.486,0.7151,120,105.2046,33.1141,120,74.6396,74.8314,74.4041,0.1329,120,26.9239,26.9658,26.8865,0.0167,120,1007.8396,1008.0142,1007.6296,0.0586,120,0,0,0,0,120,0,0,0,0,120,13.7607,14.2604,13.2775,0.18,120,120,0,0,0,0,0,120,None,None,None,None,0,3.464,3.4669,3.4605,0.001,0.5692,0.5697,0.5689,0.0002,0.7464,0.7483,0.744,0.0013,-0.0001,-0.0001,-0.0001,0,0,0,0,0,0,0,0,0,0,0,0,0,185.1833,346,30,77.726,0,0,0,0,307.6917,921,68,106.9737,40,41.65,47,39,23.68,23.68,23.68
2022-11-07 17:50:00,1.7937,3.5864,0.67,0.6243,120,101.0958,29.4036,120,74.8566,75.0145,74.6788,0.0778,120,26.9278,26.975,26.8773,0.024,120,1007.8713,1008.0142,1007.7944,0.081,120,0,0,0,0,120,0,0,0,0,120,13.7935,14.2604,13.2775,0.1541,120,120,0,0,0,0,0,120,None,None,None,None,0,3.4645,3.4669,3.4632,0.0014,0.5693,0.5697,0.5688,0.0002,0.7486,0.7501,0.7468,0.0008,-0.0001,-0.0001,-0.0001,0,0,0,0,0,0,0,0,0,0,0,0,0,172.1417,367,50,67.8581,0,0,0,0,287.3667,500,50,84.8002,40,41.3833,47,39,23.68,23.68,23.63
2022-11-07 18:00:00,1.4981,3.8808,0.4032,0.6573,120,102.9168,36.7236,120,75.0076,75.2586,74.8314,0.1163,120,26.8695,26.917,26.8285,0.0188,120,1007.9951,1008.2156,1007.8127,0.0739,120,0,0,0,0,120,0,0,0,0,120,13.773,14.2604,13.2775,0.1624,120,120,0,0,0,0,0,120,None,None,None,None,0,3.4666,3.4703,3.4635,0.0012,0.5687,0.5692,0.5683,0.0002,0.7501,0.7526,0.7483,0.0012,-0.0001,-0.0001,-0.0001,0,0,0,0,0,0,0,0,0,0,0,0,0,140.0083,399,21,71.451,0,0,0,0,305.9583,866,68,119.4417,39.7,41.7667,47,39,23.68,23.68,23.68
2022-11-07 18:10:00,1.6673,2.9056,0.2652,0.5802,120,91.2508,32.0874,120,75.1503,75.3197,74.984,0.0916,120,26.8308,26.9018,26.7492,0.041,120,1008.1082,1008.2156,1007.9775,0.092,120,0,0,0,0,120,0,0,0,0,120,13.7853,14.2604,13.2775,0.1415,120,120,0,0,0,0,0,120,None,None,None,None,0,3.4685,3.4703,3.4663,0.0015,0.5683,0.569,0.5675,0.0004,0.7515,0.7532,0.7498,0.0009,-0.0001,-0.0001,-0.0001,0,0,0,0,0,0,0,0,0,0,0,0,0,158.4,293,6,63.0612,0,0,0,0,284.8833,994,22,140.8576,39,41.5,47,39,23.68,23.68,23.68
2022-11-07 18:20:00,1.3905,3.062,0.2284,0.5898,120,101.6287,40.5024,120,75.427,75.6554,75.2281,0.1065,120,26.7475,26.7858,26.7034,0.0162,120,1008.1858,1008.3987,1007.9775,0.0759,120,0,0,0,0,120,0,0,0,0,120,13.8099,14.2604,13.2775,0.1635,120,120,0,0,0,0,0,120,None,None,None,None,0,3.4698,3.4733,3.4663,0.0013,0.5675,0.5679,0.567,0.0002,0.7543,0.7566,0.7523,0.0011,-0.0001,-0.0001,-0.0001,0,0,0,0,0,0,0,0,0,0,0,0,0,128.3167,310,2,64.1069,0,0,0,0,313.225,1011,20,145.475,39,41.5333,47,39,23.68,23.68,23.68
2022-11-07 18:30:00,1.3598,2.9148,0.5688,0.5064,120,83.4245,32.9903,120,75.6348,75.808,75.5028,0.0896,120,26.7099,26.7675,26.6485,0.0262,120,1008.2972,1008.3987,1008.179,0.0916,120,0,0,0,0,120,0,0,0,0,120,13.8181,14.2604,13.2775,0.1847,120,120,0,0,0,0,0,120,None,None,None,None,0,3.4716,3.4733,3.4696,0.0015,0.5671,0.5677,0.5665,0.0003,0.7563,0.7581,0.755,0.0009,-0.0001,-0.0001,-0.0001,0,0,0,0,0,0,0,0,0,0,0,0,0,124.975,294,39,55.0403,0,0,0,0,258.1667,1002,8,137.3325,39,41.55,47,39,23.68,23.68,23.68
2022-11-07 18:40:00,1.2262,2.8596,0.2192,0.5313,120,90.0098,41.8745,120,75.8924,76.0826,75.6249,0.1217,120,26.6692,26.7095,26.624,0.0183,120,1008.4378,1008.5635,1008.179,0.0913,120,0,0,0,0,120,0,0,0,0,120,13.8263,14.2604,13.2775,0.1708,120,120,0,0,0,0,0,120,None,None,None,None,0,3.474,3.4761,3.4696,0.0015,0.5667,0.5671,0.5662,0.0002,0.7589,0.7608,0.7562,0.0012,-0.0001,-0.0001,-0.0001,0,0,0,0,0,0,0,0,0,0,0,0,0,110.4583,288,1,57.7489,0,0,0,0,285.7333,945,59,150.1549,39,41.7667,47,39,23.68,23.68,23.63
2022-11-07 18:50:00,1.6338,2.7216,0.762,0.4198,120,89.3865,28.1169,120,76.1498,76.4489,75.9606,0.1365,120,26.6663,26.7187,26.6118,0.0193,120,1008.5461,1008.7649,1008.3621,0.0759,120,0,0,0,0,120,0,0,0,0,120,13.9614,14.2604,13.7689,0.2409,120,120,0,0,0,0,0,120,None,None,None,None,0,3.4758,3.4794,3.4727,0.0013,0.5667,0.5672,0.5661,0.0002,0.7615,0.7645,0.7596,0.0014,-0.0001,-0.0001,-0.0001,0,0,0,0,0,0,0,0,0,0,0,0,0,154.7583,273,60,45.6258,0,0,0,0,255.175,522,16,81.8855,39,41.5833,47,39,23.68,23.68,23.68
2022-11-07 19:00:00,1.6309,3.6048,0.2376,0.7927,120,92.1517,47.7942,120,76.5035,76.7235,76.3268,0.0949,120,26.6694,26.7034,26.624,0.0162,120,1008.6895,1008.9663,1008.5269,0.0996,120,0,0,0,0,120,0,0,0,0,120,13.8836,14.2604,13.7689,0.2087,120,120,0,0,0,0,0,120,None,None,None,None,0,3.4782,3.4828,3.4754,0.0017,0.5667,0.567,0.5662,0.0002,0.765,0.7672,0.7633,0.0009,-0.0001,-0.0001,-0.0001,0,0,0,0,0,0,0,0,0,0,0,0,0,154.4417,369,3,86.161,0,0,0,0,299.9083,972,15,169.8955,39,41.55,47,39,23.68,23.68,23.68
2022-11-07 19:10:00,1.6266,3.2552,0.2284,0.7217,120,103.9773,39.5631,120,76.5453,76.6625,76.3573,0.0694,120,26.6564,26.7095,26.6027,0.0249,120,1008.7773,1008.948,1008.5452,0.0795,120,0,0,0,0,120,0,0,0,0,120,13.9164,14.2604,13.7689,0.2262,120,120,0,0,0,0,0,120,None,None,None,None,0,3.4796,3.4825,3.4758,0.0013,0.5666,0.5671,0.566,0.0003,0.7655,0.7666,0.7636,0.0007,-0.0001,-0.0001,-0.0001,0,0,0,0,0,0,0,0,0,0,0,0,0,153.9833,331,2,78.4435,0,0,0,0,302.9333,793,47,118.9978,39,41.5167,47,39,23.68,23.68,23.68
2022-11-07 19:20:00,1.7785,3.6232,0.5044,0.6002,120,102.1328,28.4449,120,76.602,76.7235,76.5099,0.052,120,26.6713,26.7156,26.6302,0.0173,120,1008.9502,1009.1311,1008.7283,0.1062,120,0,0,0,0,120,0,0,0,0,120,13.945,14.2604,13.7689,0.2366,120,120,0,0,0,0,0,120,None,None,None,None,0,3.4825,3.4855,3.4788,0.0018,0.5667,0.5672,0.5663,0.0002,0.766,0.7672,0.7651,0.0005,-0.0001,-0.0001,-0.0001,0,0,0,0,0,0,0,0,0,0,0,0,0,170.4917,371,32,65.2342,0,0,0,0,291.5917,554,88,82.4218,39,41.5167,47,39,23.68,23.68,23.63
2022-11-07 19:30:00,1.743,3.8348,0.4032,0.7244,120,98.8217,35.7755,120,76.7332,76.8761,76.6015,0.0597,120,26.6929,26.7553,26.6424,0.0211,120,1009.098,1009.1311,1008.9297,0.0508,120,0,0,0,0,120,0,0,0,0,120,14.0269,14.2604,13.7689,0.2465,120,120,0,0,0,0,0,120,None,None,None,None,0,3.485,3.4855,3.4822,0.0008,0.5669,0.5675,0.5664,0.0002,0.7673,0.7688,0.766,0.0006,-0.0001,-0.0001,-0.0001,0,0,0,0,0,0,0,0,0,0,0,0,0,166.6333,394,21,78.7416,0,0,0,0,288.6083,996,7,120.6065,38,41.5333,47,39,23.68,23.68,23.68
2022-11-07 19:40:00,2.5049,4.5156,1.1116,0.6709,120,101.1096,24.6918,120,76.7721,76.8456,76.632,0.049,120,26.6244,26.6942,26.5539,0.0352,120,1009.1049,1009.3142,1008.9297,0.0453,120,0,0,0,0,120,0,0,0,0,120,13.9246,14.2604,13.2775,0.2383,120,120,0,0,0,0,0,120,None,None,None,None,0,3.4851,3.4886,3.4822,0.0008,0.5662,0.5669,0.5655,0.0003,0.7677,0.7685,0.7663,0.0005,-0.0001,-0.0001,-0.0001,0,0,0,0,0,0,0,0,0,0,0,0,0,249.4417,468,98,72.9202,0,0,0,0,288.35,524,143,71.3096,38,41.6667,47,39,23.68,23.68,23.63
2022-11-07 19:50:00,2.3074,4.258,0.716,0.7875,120,100.1714,34.9936,120,76.7462,76.8761,76.6015,0.0719,120,26.5824,26.624,26.5355,0.017,120,1009.2187,1009.3142,1009.0762,0.0898,120,0,0,0,0,120,0,0,0,0,120,13.9041,14.2604,13.7689,0.2204,120,120,0,0,0,0,0,120,None,None,None,None,0,3.487,3.4886,3.4846,0.0015,0.5658,0.5662,0.5654,0.0002,0.7675,0.7688,0.766,0.0007,-0.0001,-0.0001,-0.0001,0,0,0,0,0,0,0,0,0,0,0,0,0,227.975,440,55,85.5975,0,0,0,0,300,908,57,118.6024,38,41.6667,47,39,23.68,23.68,23.68
2022-11-07 20:00:00,1.5851,3.016,0.4584,0.6357,120,96.6871,39.7392,120,76.5941,76.7541,76.4489,0.0814,120,26.578,26.624,26.5233,0.0209,120,1009.2833,1009.479,1009.0762,0.0798,120,0,0,0,0,120,0,0,0,0,120,13.8836,14.2604,13.2775,0.2274,120,120,0,0,0,0,0,120,None,None,None,None,0,3.4881,3.4913,3.4846,0.0013,0.5658,0.5662,0.5652,0.0002,0.7659,0.7675,0.7645,0.0008,-0.0001,-0.0001,-0.0001,0,0,0,0,0,0,0,0,0,0,0,0,0,149.4667,305,27,69.1033,0,0,0,0,294.975,879,9,133.7713,38,41.5,47,39,23.68,23.68,23.63
2022-11-07 20:10:00,1.8243,3.6968,0.6148,0.7402,120,104.4512,39.5572,120,76.6455,76.7846,76.4794,0.0635,120,26.5133,26.5478,26.4837,0.0142,120,1009.3393,1009.479,1009.0762,0.0927,120,0,0,0,0,120,0,0,0,0,120,13.8836,14.2604,13.2775,0.2274,120,120,0,0,0,0,0,120,None,None,None,None,0,3.489,3.4913,3.4846,0.0015,0.5651,0.5655,0.5648,0.0001,0.7665,0.7678,0.7648,0.0006,-0.0001,-0.0001,-0.0001,0,0,0,0,0,0,0,0,0,0,0,0,0,175.4667,379,44,80.4517,0,0,0,0,307.3083,863,21,122.6463,38,41.6667,47,41,23.68,23.68,23.68
2022-11-07 20:20:00,1.8814,3.3196,0.4952,0.6708,120,106.664,27.3374,120,76.8181,76.9677,76.6625,0.08,120,26.5048,26.5386,26.4684,0.0131,120,1009.4383,1009.479,1009.2593,0.0727,120,0,0,0,0,120,0,0,0,0,120,13.9328,14.2604,13.2775,0.2412,120,120,0,0,0,0,0,120,None,None,None,None,0,3.4906,3.4913,3.4877,0.0012,0.5651,0.5654,0.5647,0.0001,0.7682,0.7697,0.7666,0.0008,-0.0001,-0.0001,-0.0001,0,0,0,0,0,0,0,0,0,0,0,0,0,181.675,338,31,72.9175,0,0,0,0,305.3167,577,128,79.4383,38,41.75,47,39,23.68,23.68,23.63
2022-11-07 20:30:00,1.737,3.2276,0.4032,0.6854,120,109.4683,39.7168,120,77.032,77.1813,76.8761,0.0834,120,26.4823,26.5294,26.4318,0.0193,120,1009.4647,1009.6622,1009.2593,0.0679,120,0,0,0,0,120,0,0,0,0,120,13.8795,14.2604,13.2775,0.2157,120,120,0,0,0,0,0,120,None,None,None,None,0,3.4911,3.4944,3.4877,0.0011,0.5648,0.5653,0.5643,0.0002,0.7703,0.7718,0.7688,0.0008,-0.0001,-0.0001,-0.0001,0,0,0,0,0,0,0,0,0,0,0,0,0,165.975,328,21,74.4981,0,0,0,0,330.5917,949,85,132.0237,37.9,41.4833,47,39,23.68,23.68,23.68
2022-11-07 20:40:00,1.8639,3.5312,0.532,0.642,120,111.1229,34.0694,120,77.2245,77.3339,77.1508,0.0438,120,26.4638,26.5111,26.4135,0.0193,120,1009.5105,1009.6622,1009.2593,0.0886,120,0,0,0,0,120,0,0,0,0,120,13.9573,14.2604,13.7689,0.2399,120,120,0,0,0,0,0,120,None,None,None,None,0,3.4918,3.4944,3.4877,0.0015,0.5646,0.5651,0.5641,0.0002,0.7722,0.7733,0.7715,0.0004,-0.0001,-0.0001,-0.0001,0,0,0,0,0,0,0,0,0,0,0,0,0,179.775,361,35,69.7871,0,0,0,0,319.1167,717,146,99.2895,37,41.3333,47,39,23.68,23.68,23.63
2022-11-07 20:50:00,1.8906,3.7336,0.4308,0.654,120,101.732,30.0606,120,77.3008,77.3949,77.2118,0.042,120,26.4391,26.4806,26.3982,0.0176,120,1009.5875,1009.6622,1009.4424,0.0893,120,0,0,0,0,120,0,0,0,0,120,13.9409,14.2604,13.7689,0.2354,120,120,0,0,0,0,0,120,None,None,None,None,0,3.4931,3.4944,3.4907,0.0015,0.5644,0.5648,0.564,0.0002,0.773,0.7739,0.7721,0.0004,-0.0001,-0.0001,-0.0001,0,0,0,0,0,0,0,0,0,0,0,0,0,182.675,383,24,71.0881,0,0,0,0,297.3417,889,37,102.2493,37,41.6,47,39,23.68,23.68,23.63
2022-11-07 21:00:00,1.8117,3.5036,0.8724,0.5192,120,103.8733,23.7737,120,77.4438,77.6086,77.3034,0.0735,120,26.4044,26.4654,26.3402,0.0258,120,1009.6312,1009.6622,1009.4424,0.057,120,0,0,0,0,120,0,0,0,0,120,13.9082,14.2604,13.7689,0.2224,120,120,0,0,0,0,0,120,None,None,None,None,0,3.4939,3.4944,3.4907,0.001,0.564,0.5646,0.5634,0.0003,0.7744,0.7761,0.773,0.0007,-0.0001,-0.0001,-0.0001,0,0,0,0,0,0,0,0,0,0,0,0,0,174.1,358,72,56.4397,0,0,0,0,295.875,582,117,69.4297,37,41.5333,47,39,23.68,23.68,23.68
2022-11-07 21:10:00,1.4883,3.384,0.3848,0.6919,120,110.1447,37.429,120,77.6632,77.7917,77.517,0.0547,120,26.3448,26.386,26.2883,0.0202,120,1009.6091,1009.827,1009.4241,0.0802,120,0,0,0,0,120,0,0,0,0,120,13.8672,14.2604,13.2775,0.2074,120,120,0,0,0,0,0,120,None,None,None,None,0,3.4935,3.4971,3.4904,0.0013,0.5635,0.5639,0.5629,0.0002,0.7766,0.7779,0.7752,0.0005,-0.0001,-0.0001,-0.0001,0,0,0,0,0,0,0,0,0,0,0,0,0,138.95,345,19,75.2079,0,0,0,0,333.4333,971,148,129.9995,37,41.5333,47,39,23.68,23.68,23.63
2022-11-07 21:20:00,1.9,3.476,0.7436,0.5129,120,100.067,24.402,120,77.7106,77.7917,77.6086,0.0416,120,26.2796,26.3311,26.212,0.0266,120,1009.6522,1009.8453,1009.4607,0.0592,120,0,0,0,0,120,0,0,0,0,120,13.9368,14.2604,13.7689,0.2341,120,120,0,0,0,0,0,120,None,None,None,None,0,3.4942,3.4974,3.491,0.001,0.5628,0.5633,0.5621,0.0003,0.7771,0.7779,0.7761,0.0004,-0.0001,-0.0001,-0.0001,0,0,0,0,0,0,0,0,0,0,0,0,0,183.6917,355,58,55.7453,0,0,0,0,288.6333,743,164,76.2054,37,41.6333,47,39,23.68,23.68,23.63
2022-11-07 21:30:00,1.8719,3.3196,0.6792,0.5688,120,99.3793,29.3283,120,77.8019,77.9138,77.6391,0.0635,120,26.2311,26.2822,26.1785,0.018,120,1009.7639,1010.0101,1009.6255,0.0932,120,0,0,0,0,120,0,0,0,0,120,13.9,14.2604,13.2775,0.2446,120,120,0,0,0,0,0,120,None,None,None,None,0,3.4961,3.5002,3.4938,0.0016,0.5623,0.5628,0.5618,0.0002,0.778,0.7791,0.7764,0.0006,-0.0001,-0.0001,-0.0001,0,0,0,0,0,0,0,0,0,0,0,0,0,180.6417,338,51,61.8305,0,0,0,0,286.8167,811,86,92.3542,37,41.4833,47,39,23.68,23.68,23.63
2022-11-07 21:40:00,1.6464,3.5956,0.6332,0.6126,120,107.6622,26.6214,120,77.9206,78.0663,77.7612,0.0745,120,26.1953,26.2487,26.1449,0.0205,120,1009.8338,1010.0284,1009.6255,0.0792,120,0,0,0,0,120,0,0,0,0,120,13.8713,14.2604,13.2775,0.2103,120,120,0,0,0,0,0,120,None,None,None,None,0,3.4972,3.5005,3.4938,0.0013,0.5619,0.5625,0.5615,0.0002,0.7792,0.7807,0.7776,0.0007,-0.0001,-0.0001,-0.0001,0,0,0,0,0,0,0,0,0,0,0,0,0,156.1333,368,46,66.586,0,0,0,0,305.15,532,56,77.0965,37,41.5667,47,39,23.68,23.68,23.68
2022-11-07 21:50:00,1.982,3.7336,0.5504,0.756,120,106.8651,34.6191,120,77.93,78.0358,77.7612,0.0584,120,26.173,26.2334,26.1113,0.0306,120,1009.8529,1010.0284,1009.6438,0.0733,120,0,0,0,0,120,0,0,0,0,120,13.8877,14.2604,13.7689,0.2113,120,120,0,0,0,0,0,120,None,None,None,None,0,3.4975,3.5005,3.4941,0.0012,0.5617,0.5623,0.5611,0.0003,0.7793,0.7804,0.7776,0.0006,-0.0001,-0.0001,-0.0001,0,0,0,0,0,0,0,0,0,0,0,0,0,192.6083,383,37,82.1695,0,0,0,0,309.4833,729,32,103.1987,37,41.4333,47,39,23.68,23.68,23.63
2022-11-07 22:00:00,1.2229,2.4916,0.4584,0.4295,120,109.4185,38.3652,120,77.9359,78.0053,77.8832,0.0343,120,26.1519,26.1907,26.1083,0.0169,120,1009.7085,1009.8453,1009.6072,0.0969,120,0,0,0,0,120,0,0,0,0,120,13.8427,14.2604,13.2775,0.2079,120,120,0,0,0,0,0,120,None,None,None,None,0,3.4951,3.4974,3.4935,0.0016,0.5615,0.5619,0.5611,0.0002,0.7794,0.7801,0.7788,0.0003,-0.0001,-0.0001,-0.0001,0,0,0,0,0,0,0,0,0,0,0,0,0,110.1,248,27,46.69,0,0,0,0,328.075,1022,70,134.113,36.3,41.6,47,39,23.68,23.68,23.63
2022-11-07 22:10:00,1.4768,2.2524,0.7344,0.3335,120,101.5262,27.5322,120,77.8957,77.9748,77.7917,0.0474,120,26.1561,26.2059,26.1083,0.0183,120,1009.6753,1009.827,1009.6072,0.0868,120,0,0,0,0,120,0,0,0,0,120,13.8754,14.2604,13.2775,0.2131,120,120,0,0,0,0,0,120,None,None,None,None,0,3.4946,3.4971,3.4935,0.0014,0.5616,0.5621,0.5611,0.0002,0.779,0.7797,0.7779,0.0005,-0.0001,-0.0001,-0.0001,0,0,0,0,0,0,0,0,0,0,0,0,0,137.7,222,57,36.2518,0,0,0,0,287.85,486,12,80.0342,36,41.65,47,41,23.68,23.68,23.63
2022-11-07 22:20:00,1.4045,3.4116,0.4768,0.5556,120,105.6604,30.8947,120,78.0079,78.1579,77.8832,0.0727,120,26.1791,26.2456,26.1235,0.0241,120,1009.6329,1009.827,1009.6072,0.0378,120,0,0,0,0,120,0,0,0,0,120,13.9368,14.2604,13.7689,0.2341,120,120,0,0,0,0,0,120,None,None,None,None,0,3.4939,3.4971,3.4935,0.0006,0.5618,0.5625,0.5612,0.0002,0.7801,0.7816,0.7788,0.0007,-0.0001,-0.0001,-0.0001,0,0,0,0,0,0,0,0,0,0,0,0,0,129.8333,348,29,60.3932,0,0,0,0,299.6,537,14,89.5323,36,41.7333,47,39,23.68,23.68,23.63
2022-11-07 22:30:00,1.1872,2.4824,0.2468,0.5071,120,95.9644,40.4965,120,78.134,78.2495,78.0358,0.0513,120,26.2265,26.2639,26.1876,0.0177,120,1009.5582,1009.8086,1009.4241,0.0949,120,0,0,0,0,120,0,0,0,0,120,13.9164,14.2604,13.2775,0.2673,120,120,0,0,0,0,0,120,None,None,None,None,0,3.4926,3.4968,3.4904,0.0016,0.5623,0.5626,0.5619,0.0002,0.7813,0.7825,0.7804,0.0005,-0.0001,-0.0001,-0.0001,0,0,0,0,0,0,0,0,0,0,0,0,0,106.2167,247,4,55.1193,0,0,0,0,294.2167,904,29,140.4802,36,41.4667,47,39,23.68,23.68,23.63
2022-11-07 22:40:00,1.1478,2.2708,0.3388,0.4293,120,102.4722,40.8197,120,78.3052,78.4631,78.1579,0.0739,120,26.2194,26.2578,26.1754,0.0178,120,1009.397,1009.6255,1009.2227,0.1004,120,0,0,0,0,120,0,0,0,0,120,13.8959,14.2604,13.2775,0.2426,120,120,0,0,0,0,0,120,None,None,None,None,0,3.4899,3.4938,3.487,0.0017,0.5622,0.5626,0.5617,0.0002,0.7831,0.7846,0.7816,0.0007,-0.0001,-0.0001,-0.0001,0,0,0,0,0,0,0,0,0,0,0,0,0,101.9333,224,14,46.6652,0,0,0,0,296.8,646,36,119.1724,36,41.7833,47,41,23.68,23.68,23.63
2022-11-07 22:50:00,1.4509,2.2892,0.67,0.3432,120,107.7524,28.5655,120,78.5707,78.7988,78.3715,0.1015,120,26.2308,26.2914,26.1724,0.0239,120,1009.375,1009.4607,1009.2227,0.0937,120,0,0,0,0,120,0,0,0,0,120,13.8918,14.2604,13.2775,0.2319,120,120,0,0,0,0,0,120,None,None,None,None,0,3.4896,3.491,3.487,0.0016,0.5623,0.5629,0.5617,0.0002,0.7857,0.788,0.7837,0.001,-0.0001,-0.0001,-0.0001,0,0,0,0,0,0,0,0,0,0,0,0,0,134.8833,226,50,37.3069,0,0,0,0,307.0833,529,149,81.5409,36,41.5333,47,39,23.68,23.68,23.63
2022-11-07 23:00:00,1.426,2.4272,0.394,0.4399,120,107.9256,30.4147,120,78.8166,78.9514,78.6767,0.0553,120,26.3061,26.3707,26.2395,0.028,120,1009.2351,1009.4424,1009.0579,0.0987,120,0,0,0,0,120,0,0,0,0,120,13.9696,14.2604,13.7689,0.2426,120,120,0,0,0,0,0,120,None,None,None,None,0,3.4873,3.4907,3.4843,0.0016,0.5631,0.5637,0.5624,0.0003,0.7882,0.7895,0.7868,0.0006,-0.0001,-0.0001,-0.0001,0,0,0,0,0,0,0,0,0,0,0,0,0,132.175,241,20,47.8144,0,0,0,0,312.3583,853,10,96.783,36,41.5833,47,39,23.68,23.68,23.63
2022-11-07 23:10:00,1.7526,3.8256,0.4492,0.7442,120,100.4286,34.8622,120,78.9656,79.104,78.8293,0.0583,120,26.343,26.3799,26.2975,0.0174,120,1009.0883,1009.2593,1008.8931,0.0702,120,0,0,0,0,120,0,0,0,0,120,13.9655,14.2604,13.2775,0.25,120,120,0,0,0,0,0,120,None,None,None,None,0,3.4848,3.4877,3.4816,0.0012,0.5634,0.5638,0.563,0.0002,0.7897,0.791,0.7883,0.0006,-0.0001,-0.0001,-0.0001,0,0,0,0,0,0,0,0,0,0,0,0,0,167.675,393,26,80.8917,0,0,0,0,295.7917,834,39,109.7713,36,41.65,47,39,23.68,23.68,23.63
2022-11-07 23:20:00,1.9671,4.028,0.4492,0.7706,120,97.2496,31.2418,120,78.9443,79.104,78.7683,0.0775,120,26.326,26.3738,26.2731,0.0223,120,1009.0436,1009.2593,1008.8748,0.0737,120,0,0,0,0,120,0,0,0,0,120,13.9164,14.2604,13.7689,0.2262,120,120,0,0,0,0,0,120,None,None,None,None,0,3.4841,3.4877,3.4812,0.0012,0.5633,0.5637,0.5627,0.0002,0.7894,0.791,0.7877,0.0008,-0.0001,-0.0001,-0.0001,0,0,0,0,0,0,0,0,0,0,0,0,0,190.9917,415,26,83.7627,0,0,0,0,278.825,610,33,91.9149,36,41.8,47,39,23.68,23.68,23.63
2022-11-07 23:30:00,1.8586,3.5772,0.3756,0.7329,120,102.3498,39.4839,120,78.8062,78.8903,78.6767,0.0516,120,26.2681,26.3158,26.209,0.0225,120,1008.9862,1009.0945,1008.8748,0.0893,120,0,0,0,0,120,0,0,0,0,120,13.8181,14.2604,13.2775,0.1953,120,120,0,0,0,0,0,120,None,None,None,None,0,3.4831,3.4849,3.4812,0.0015,0.5627,0.5632,0.5621,0.0002,0.7881,0.7889,0.7868,0.0005,-0.0001,-0.0001,-0.0001,0,0,0,0,0,0,0,0,0,0,0,0,0,179.2,366,18,79.6643,0,0,0,0,312.725,1001,31,138.0478,36,41.6333,47,39,23.68,23.68,23.63
2022-11-07 23:40:00,1.8471,3.5864,0.302,0.7281,120,97.127,29.8339,120,78.8486,78.9514,78.7683,0.0356,120,26.2652,26.3097,26.2151,0.0205,120,1008.852,1009.0579,1008.6734,0.0719,120,0,0,0,0,120,0,0,0,0,120,13.8467,14.2604,13.2775,0.2297,120,120,0,0,0,0,0,120,None,None,None,None,0,3.4809,3.4843,3.4779,0.0012,0.5626,0.5631,0.5622,0.0002,0.7885,0.7895,0.7877,0.0004,-0.0001,-0.0001,-0.0001,0,0,0,0,0,0,0,0,0,0,0,0,0,177.95,367,10,79.1378,0,0,0,0,280.275,682,3,91.8379,36,41.55,47,41,23.68,23.68,23.63
2022-11-07 23:50:00,1.5245,3.4944,0.3572,0.6887,120,90.9761,38.2952,120,79.0081,79.1955,78.8293,0.087,120,26.2643,26.3067,26.2212,0.0183,120,1008.688,1008.8931,1008.4719,0.1275,120,0,0,0,0,120,0,0,0,0,120,13.8508,14.2604,13.2775,0.2145,120,120,0,0,0,0,0,120,None,None,None,None,0,3.4781,3.4816,3.4745,0.0021,0.5626,0.5631,0.5622,0.0002,0.7901,0.792,0.7883,0.0009,-0.0001,-0.0001,-0.0001,0,0,0,0,0,0,0,0,0,0,0,0,0,142.8833,357,16,74.8534,0,0,0,0,304.825,1005,11,181.5819,36,41.9833,47,39,23.68,23.68,23.63
