datetime,Anemometer;wind_speed;Avg (m/s),Anemometer;wind_speed;Max (m/s),Anemometer;wind_speed;Min (m/s),Anemometer;wind_speed;StdDev (m/s),Anemometer;wind_speed;Count (),Wind Vane TMR;wind_direction;Avg (°),Wind Vane TMR;wind_direction;StdDev (°),Wind Vane TMR;wind_direction;Count (),Hygro/Thermo;humidity;Avg (%),Hygro/Thermo;humidity;Max (%),Hygro/Thermo;humidity;Min (%),Hygro/Thermo;humidity;StdDev (%),Hygro/Thermo;humidity;Count (),Hygro/Thermo;temperature;Avg (°C),Hygro/Thermo;temperature;Max (°C),Hygro/Thermo;temperature;Min (°C),Hygro/Thermo;temperature;StdDev (°C),Hygro/Thermo;temperature;Count (),Barometer;air_pressure;Avg (hPa),Barometer;air_pressure;Max (hPa),Barometer;air_pressure;Min (hPa),Barometer;air_pressure;StdDev (hPa),Barometer;air_pressure;Count (),DHI (Diffuse Horizontal Irradiance);solar_irradiance;Avg (W/m²),DHI (Diffuse Horizontal Irradiance);solar_irradiance;Max (W/m²),DHI (Diffuse Horizontal Irradiance);solar_irradiance;Min (W/m²),DHI (Diffuse Horizontal Irradiance);solar_irradiance;StdDev (W/m²),DHI (Diffuse Horizontal Irradiance);solar_irradiance;Count (),GHI (Global Horizontal Irradiance);solar_irradiance;Avg (W/m²),GHI (Global Horizontal Irradiance);solar_irradiance;Max (W/m²),GHI (Global Horizontal Irradiance);solar_irradiance;Min (W/m²),GHI (Global Horizontal Irradiance);solar_irradiance;StdDev (W/m²),GHI (Global Horizontal Irradiance);solar_irradiance;Count (),DNI (Direct Normal Irradiance) Pyrheliometer;solar_DNI;Avg (W/m²),DNI (Direct Normal Irradiance) Pyrheliometer;solar_DNI;Max (W/m²),DNI (Direct Normal Irradiance) Pyrheliometer;solar_DNI;Min (W/m²),DNI (Direct Normal Irradiance) Pyrheliometer;solar_DNI;StdDev (W/m²),DNI (Direct Normal Irradiance) Pyrheliometer;solar_DNI;Count (),Precipitation;precipitation;Count (),Precipitation;precipitation;Sum (mm),GTI (Global Tilt Irradiance) PV Cell;voltage;Avg (W/m2),GTI (Global Tilt Irradiance) PV Cell;voltage;Max (W/m2),GTI (Global Tilt Irradiance) PV Cell;voltage;Min (W/m2),GTI (Global Tilt Irradiance) PV Cell;voltage;StdDev (W/m2),GTI (Global Tilt Irradiance) PV Cell;voltage;Count (),Theta;other;Avg (°),Theta;other;Max (°),Theta;other;Min (°),Theta;other;StdDev (°),Theta;other;Count (),A1;channel;Avg (V),A1;channel;Max (V),A1;channel;Min (V),A1;channel;StdDev (V),A2;channel;Avg (V),A2;channel;Max (V),A2;channel;Min (V),A2;channel;StdDev (V),A3;channel;Avg (V),A3;channel;Max (V),A3;channel;Min (V),A3;channel;StdDev (V),A4;channel;Avg (V),A4;channel;Max (V),A4;channel;Min (V),A4;channel;StdDev (V),A5;channel;Avg (V),A5;channel;Max (V),A5;channel;Min (V),A5;channel;StdDev (V),A6;channel;Avg (V),A6;channel;Max (V),A6;channel;Min (V),A6;channel;StdDev (V),A7;channel;Avg (V),A7;channel;Max (V),A7;channel;Min (V),A7;channel;StdDev (V),C1;channel;Avg (I),C1;channel;Max (I),C1;channel;Min (I),C1;channel;StdDev (I),C2;channel;Avg (I),C2;channel;Max (I),C2;channel;Min (I),C2;channel;StdDev (I),D1;channel;Avg (),D1;channel;Max (),D1;channel;Min (),D1;channel;StdDev (),T;channel;Avg (°C),I;channel;Avg (mA),I;channel;Max (mA),I;channel;Min (mA),V;channel;Avg (V),V;channel;Max (V),V;channel;Min (V)
2022-11-03 00:00:00,1.4238,3.4024,0.4584,0.6199,120,93.898,44.0332,120,78.7166,79.0429,78.5241,0.1208,120,25.8977,26.0045,25.7848,0.054,120,1007.8153,1008.124,1007.5381,0.121,120,0,0,0,0,120,0,0,0,0,120,13.5969,13.7689,13.2775,0.2354,120,120,0,0,0,0,0,120,None,None,None,None,0,3.4636,3.4687,3.459,0.002,0.559,0.5601,0.5578,0.0005,0.7872,0.7904,0.7852,0.0012,-0.0001,-0.0001,-0.0001,0,0,0,0,0,0,0,0,0,0,0,0,0,131.9333,347,27,67.3846,0,0,0,0,319.7333,1014,80,180.3682,35,43.85,49,41,23.67,23.68,23.63
2022-11-03 00:10:00,2.0039,3.4392,0.7252,0.683,120,97.4321,30.2098,120,78.5984,78.7072,78.4936,0.0518,120,25.7557,25.8183,25.7085,0.0236,120,1007.6664,1007.7395,1007.5198,0.0828,120,0,0,0,0,120,0,0,0,0,120,13.687,14.2604,13.2775,0.2238,120,120,0,0,0,0,0,120,None,None,None,None,0,3.4611,3.4623,3.4587,0.0014,0.5576,0.5582,0.5571,0.0002,0.786,0.7871,0.7849,0.0005,-0.0001,-0.0001,-0.0001,0,0,0,0,0,0,0,0,0,0,0,0,0,194.9917,351,56,74.235,0,0,0,0,285.9,977,94,106.0551,35,41.3833,47,39,23.67,23.68,23.63
2022-11-03 00:20:00,2.2978,4.4512,0.808,0.8312,120,97.0476,30.1895,120,78.6749,78.7988,78.5241,0.0671,120,25.7573,25.8153,25.7024,0.0246,120,1007.5736,1007.7395,1007.355,0.0822,120,0,0,0,0,120,0,0,0,0,120,13.728,14.2604,13.2775,0.1755,120,120,0,0,0,0,0,120,None,None,None,None,0,3.4596,3.4623,3.4559,0.0014,0.5576,0.5582,0.557,0.0003,0.7867,0.788,0.7852,0.0007,-0.0001,-0.0001,-0.0001,0,0,0,0,0,0,0,0,0,0,0,0,0,226.9333,461,65,90.3481,0,0,0,0,278.875,669,75,89.8435,35,41.0167,43,39,23.67,23.68,23.63
2022-11-03 00:30:00,2.5812,5.04,0.9368,0.9626,120,100.6115,27.4847,120,78.8069,78.9514,78.6767,0.0741,120,25.7779,25.8122,25.7298,0.0171,120,1007.427,1007.5564,1007.3366,0.0802,120,0,0,0,0,120,0,0,0,0,120,13.7116,14.2604,13.2775,0.2033,120,120,0,0,0,0,0,120,None,None,None,None,0,3.4571,3.4593,3.4556,0.0013,0.5578,0.5581,0.5573,0.0002,0.7881,0.7895,0.7868,0.0007,-0.0001,-0.0001,-0.0001,0,0,0,0,0,0,0,0,0,0,0,0,0,257.7417,525,79,104.6278,0,0,0,0,293.5083,932,70,95.1854,34.2,41.1167,47,41,23.67,23.68,23.63
2022-11-03 00:40:00,2.1076,4.3592,0.7804,0.8003,120,91.3209,28.6739,120,78.956,79.0429,78.8598,0.0524,120,25.7744,25.8183,25.7298,0.0168,120,1007.3453,1007.3916,1007.1535,0.059,120,0,0,0,0,120,0,0,0,0,120,13.6911,14.2604,13.2775,0.2014,120,120,0,0,0,0,0,120,None,None,None,None,0,3.4558,3.4565,3.4526,0.001,0.5577,0.5582,0.5573,0.0002,0.7896,0.7904,0.7886,0.0005,-0.0001,-0.0001,-0.0001,0,0,0,0,0,0,0,0,0,0,0,0,0,206.2583,451,62,86.9935,0,0,0,0,267.6583,913,65,98.6182,34,41.0667,47,39,23.67,23.68,23.63
2022-11-03 00:50:00,2.2206,4.0648,0.3848,0.8219,120,97.678,31.7541,120,78.9799,79.0735,78.8293,0.0717,120,25.7675,25.8122,25.7176,0.0189,120,1007.2382,1007.3916,1006.9887,0.0933,120,0,0,0,0,120,0,0,0,0,120,13.6993,14.2604,13.2775,0.2323,120,120,0,0,0,0,0,120,None,None,None,None,0,3.454,3.4565,3.4498,0.0016,0.5577,0.5581,0.5572,0.0002,0.7898,0.7907,0.7883,0.0007,-0.0001,-0.0001,-0.0001,0,0,0,0,0,0,0,0,0,0,0,0,0,218.5417,419,19,89.3317,0,0,0,0,283.9167,918,29,105.5063,34,41.0667,47,39,23.67,23.68,23.63
2022-11-03 01:00:00,2.077,4.8744,0.67,0.8231,120,103.2785,34.7921,120,78.7065,78.8903,78.4936,0.1236,120,25.7287,25.7939,25.6566,0.0274,120,1007.0866,1007.3733,1006.9704,0.0971,120,0,0,0,0,120,0,0,0,0,120,13.5805,13.7689,13.2775,0.2399,120,120,0,0,0,0,0,120,None,None,None,None,0,3.4514,3.4562,3.4495,0.0016,0.5573,0.5579,0.5566,0.0003,0.7871,0.7889,0.7849,0.0012,-0.0001,-0.0001,-0.0001,0,0,0,0,0,0,0,0,0,0,0,0,0,202.9333,507,50,89.4721,0,0,0,0,298.5917,651,69,102.6163,34,41.0833,47,39,23.67,23.68,23.63
2022-11-03 01:10:00,1.7953,3.8164,0.3664,0.7465,120,100.6258,37.9587,120,78.3626,78.6157,78.1579,0.1356,120,25.6885,25.7298,25.6444,0.0175,120,1006.9994,1007.1902,1006.8056,0.0416,120,0,0,0,0,120,0,0,0,0,120,13.6256,14.2604,13.2775,0.2417,120,120,0,0,0,0,0,120,None,None,None,None,0,3.45,3.4532,3.4468,0.0007,0.5569,0.5573,0.5564,0.0002,0.7836,0.7862,0.7816,0.0014,-0.0001,-0.0001,-0.0001,0,0,0,0,0,0,0,0,0,0,0,0,0,172.3167,392,17,81.1387,0,0,0,0,290.7667,683,19,113.7049,34,41.1333,47,39,23.67,23.68,23.63
2022-11-03 01:20:00,1.8156,3.6968,0.4952,0.7506,120,107.9156,35.3894,120,78.2072,78.3105,78.0969,0.0516,120,25.7067,25.7573,25.6566,0.0194,120,1006.9187,1007.0071,1006.7873,0.0941,120,0,0,0,0,120,0,0,0,0,120,13.6092,14.2604,13.2775,0.2481,120,120,0,0,0,0,0,120,None,None,None,None,0,3.4486,3.4501,3.4465,0.0016,0.5571,0.5576,0.5566,0.0002,0.7821,0.7831,0.781,0.0005,-0.0001,-0.0001,-0.0001,0,0,0,0,0,0,0,0,0,0,0,0,0,174.525,379,31,81.5856,0,0,0,0,319.8833,1014,17,121.3364,34,41.1,47,39,23.67,23.68,23.63
2022-11-03 01:30:00,2.0089,3.8992,0.532,0.7781,120,99.5844,29.9994,120,78.2642,78.4021,78.1579,0.0502,120,25.6564,25.7359,25.5589,0.0463,120,1006.8332,1007.0071,1006.6225,0.0809,120,0,0,0,0,120,0,0,0,0,120,13.5846,14.2604,13.2775,0.2473,120,120,0,0,0,0,0,120,None,None,None,None,0,3.4472,3.4501,3.4437,0.0013,0.5566,0.5574,0.5556,0.0005,0.7826,0.784,0.7816,0.0005,-0.0001,-0.0001,-0.0001,0,0,0,0,0,0,0,0,0,0,0,0,0,195.5333,401,35,84.5759,0,0,0,0,286.4083,595,74,87.9549,34,41.05,47,39,23.67,23.68,23.63
2022-11-03 01:40:00,1.7552,3.8348,0.4308,0.6446,120,93.6178,34.8771,120,78.3949,78.5546,78.3105,0.0524,120,25.5769,25.62,25.5376,0.0169,120,1006.8853,1007.0071,1006.7873,0.0978,120,0,0,0,0,120,0,0,0,0,120,13.6543,14.2604,13.2775,0.2274,120,120,0,0,0,0,0,120,None,None,None,None,0,3.4481,3.4501,3.4465,0.0016,0.5558,0.5562,0.5554,0.0002,0.7839,0.7855,0.7831,0.0005,-0.0001,-0.0001,-0.0001,0,0,0,0,0,0,0,0,0,0,0,0,0,167.9583,394,24,70.066,0,0,0,0,290.5333,993,33,139.8213,34,41.0833,45,39,23.67,23.68,23.63
2022-11-03 01:50:00,1.6475,3.016,0.5136,0.5196,120,86.4337,34.2395,120,78.3301,78.5241,78.1274,0.0817,120,25.5687,25.6352,25.4674,0.0346,120,1006.7818,1007.0071,1006.5859,0.0718,120,0,0,0,0,120,0,0,0,0,120,13.5683,13.7689,13.2775,0.2426,120,120,0,0,0,0,0,120,None,None,None,None,0,3.4464,3.4501,3.4431,0.0012,0.5557,0.5564,0.5547,0.0003,0.7833,0.7852,0.7813,0.0008,-0.0001,-0.0001,-0.0001,0,0,0,0,0,0,0,0,0,0,0,0,0,156.25,305,33,56.4831,0,0,0,0,270.3917,1004,29,140.0682,34,41.1,47,39,23.67,23.68,23.63
2022-11-03 02:00:00,1.2563,3.2184,0.2192,0.6136,120,95.8407,53.4472,120,78.4326,78.5852,78.28,0.0663,120,25.4966,25.5406,25.4399,0.0208,120,1006.7113,1006.8056,1006.5859,0.094,120,0,0,0,0,120,0,0,0,0,120,13.5642,14.2604,13.2775,0.2515,120,120,0,0,0,0,0,120,None,None,None,None,0,3.4452,3.4468,3.4431,0.0016,0.555,0.5554,0.5544,0.0002,0.7843,0.7859,0.7828,0.0007,-0.0001,-0.0001,-0.0001,0,0,0,0,0,0,0,0,0,0,0,0,0,113.725,327,1,66.6908,0,0,0,0,318.9,1011,8,191.5795,34,41.0833,45,39,23.67,23.68,23.63
2022-11-03 02:10:00,1.7914,3.8716,0.3756,0.8102,120,94.7436,41.6649,120,78.6261,78.7683,78.4326,0.0695,120,25.5876,25.6658,25.5101,0.0329,120,1006.619,1006.8056,1006.4211,0.0645,120,0,0,0,0,120,0,0,0,0,120,13.6993,14.2604,13.2775,0.2409,120,120,0,0,0,0,0,120,None,None,None,None,0,3.4437,3.4468,3.4404,0.0011,0.5559,0.5567,0.5551,0.0003,0.7863,0.7877,0.7843,0.0007,-0.0001,-0.0001,-0.0001,0,0,0,0,0,0,0,0,0,0,0,0,0,171.8917,398,18,88.0658,0,0,0,0,297.5167,1020,34,153.194,34,41,43,39,23.67,23.68,23.63
2022-11-03 02:20:00,1.4082,2.9884,0.5688,0.4755,120,93.6788,36.1928,120,78.6452,78.7683,78.5241,0.0593,120,25.5809,25.6688,25.4949,0.0465,120,1006.599,1006.8056,1006.4028,0.0533,120,0,0,0,0,120,0,0,0,0,120,13.4822,13.7689,13.2775,0.2433,120,120,0,0,0,0,0,120,None,None,None,None,0,3.4433,3.4468,3.44,0.0009,0.5558,0.5567,0.555,0.0005,0.7865,0.7877,0.7852,0.0006,-0.0001,-0.0001,-0.0001,0,0,0,0,0,0,0,0,0,0,0,0,0,130.2417,302,39,51.6828,0,0,0,0,272.3333,719,9,109.5452,34,41.0833,45,39,23.67,23.68,23.63
2022-11-03 02:30:00,1.7942,4.1936,0.486,0.6713,120,95.3234,33.6321,120,78.7891,79.104,78.6767,0.0812,120,25.5364,25.6169,25.4796,0.0364,120,1006.5917,1006.7873,1006.4028,0.0404,120,0,0,0,0,120,0,0,0,0,120,13.6174,13.7689,13.2775,0.2279,120,120,0,0,0,0,0,120,None,None,None,None,0,3.4432,3.4465,3.44,0.0007,0.5554,0.5562,0.5548,0.0004,0.7879,0.791,0.7868,0.0008,-0.0001,-0.0001,-0.0001,0,0,0,0,0,0,0,0,0,0,0,0,0,172.2,433,30,72.9716,0,0,0,0,276.875,826,23,105.5787,34,41.1167,47,39,23.67,23.68,23.63
2022-11-03 02:40:00,1.5206,4.442,0,0.8263,120,79.8209,48.5407,120,78.7024,78.8598,78.5852,0.0508,120,25.5939,25.6322,25.5589,0.0138,120,1006.5361,1006.6225,1006.3845,0.0891,120,0,0,0,0,120,0,0,0,0,120,13.6092,14.2604,13.2775,0.2481,120,120,0,0,0,0,0,120,None,None,None,None,0,3.4423,3.4437,3.4397,0.0015,0.5559,0.5563,0.5556,0.0001,0.787,0.7886,0.7859,0.0005,-0.0001,-0.0001,-0.0001,0,0,0,0,0,0,0,0,0,0,0,0,0,142.8333,460,0,89.1523,0,0,0,0,281.3917,1021,14,187.2186,34,41.0667,45,39,23.67,23.68,23.63
2022-11-03 02:50:00,1.6978,3.8624,0.3848,0.7501,120,85.2481,41.4235,120,78.7942,78.8903,78.6767,0.0461,120,25.6199,25.6597,25.5742,0.017,120,1006.5259,1006.6042,1006.3845,0.092,120,0,0,0,0,120,0,0,0,0,120,13.6665,14.2604,13.2775,0.2375,120,120,0,0,0,0,0,120,None,None,None,None,0,3.4421,3.4434,3.4397,0.0015,0.5562,0.5566,0.5557,0.0002,0.7879,0.7889,0.7868,0.0005,-0.0001,-0.0001,-0.0001,0,0,0,0,0,0,0,0,0,0,0,0,0,161.7167,397,19,81.5332,0,0,0,0,269.6583,991,4,150.4222,34,41.0833,45,39,23.67,23.68,23.63
2022-11-03 03:00:00,1.9171,4.0372,0.5136,0.8676,120,93.6438,44.2935,120,78.8728,78.9514,78.7683,0.0469,120,25.5835,25.6291,25.5437,0.017,120,1006.4287,1006.6042,1006.2197,0.0708,120,0,0,0,0,120,0,0,0,0,120,13.6133,14.2604,13.2775,0.2547,120,120,0,0,0,0,0,120,None,None,None,None,0,3.4405,3.4434,3.437,0.0012,0.5558,0.5563,0.5554,0.0002,0.7887,0.7895,0.7877,0.0005,-0.0001,-0.0001,-0.0001,0,0,0,0,0,0,0,0,0,0,0,0,0,185.55,416,33,94.3078,0,0,0,0,305.9,1003,8,174.5139,34,41.1833,47,39,23.66,23.68,23.63
2022-11-03 03:10:00,1.7145,3.9728,0.4308,0.7379,120,82.5448,40.1534,120,78.7823,78.8903,78.6767,0.0537,120,25.6319,25.6688,25.5925,0.0195,120,1006.4194,1006.6042,1006.2197,0.052,120,0,0,0,0,120,0,0,0,0,120,13.601,13.7689,13.2775,0.2341,120,120,0,0,0,0,0,120,None,None,None,None,0,3.4403,3.4434,3.437,0.0009,0.5563,0.5567,0.5559,0.0002,0.7878,0.7889,0.7868,0.0005,-0.0001,-0.0001,-0.0001,0,0,0,0,0,0,0,0,0,0,0,0,0,163.5333,409,24,80.2015,0,0,0,0,251.125,773,26,125.9136,34,41.1167,45,39,23.67,23.68,23.63
2022-11-03 03:20:00,1.5882,3.0344,0.5136,0.5634,120,85.2031,43.5425,120,78.3924,78.6767,78.2189,0.1126,120,25.5418,25.681,25.443,0.0701,120,1006.4989,1006.6225,1006.2197,0.0979,120,0,0,0,0,120,0,0,0,0,120,13.4413,13.7689,12.786,0.2412,120,120,0,0,0,0,0,120,None,None,None,None,0,3.4416,3.4437,3.437,0.0016,0.5554,0.5568,0.5544,0.0007,0.7839,0.7868,0.7822,0.0011,-0.0001,-0.0001,-0.0001,0,0,0,0,0,0,0,0,0,0,0,0,0,149.8083,307,33,61.2393,0,0,0,0,281.275,1019,4,174.7012,34,41.1167,47,39,23.66,23.68,23.63
2022-11-03 03:30:00,1.4639,4.0464,0.3204,0.7593,120,76.6424,38.7441,120,78.1144,78.341,77.7917,0.159,120,25.4574,25.4949,25.3911,0.0215,120,1006.5928,1006.7873,1006.4028,0.0363,120,0,0,0,0,120,0,0,0,0,120,13.4495,14.2604,13.2775,0.2439,120,120,0,0,0,0,0,120,None,None,None,None,0,3.4432,3.4465,3.44,0.0006,0.5546,0.555,0.5539,0.0002,0.7811,0.7834,0.7779,0.0016,-0.0001,-0.0001,-0.0001,0,0,0,0,0,0,0,0,0,0,0,0,0,136.2917,417,12,82.5367,0,0,0,0,259.525,1022,35,172.0334,34,41,43,39,23.66,23.68,23.63
2022-11-03 03:40:00,1.4827,2.7124,0.2836,0.5674,120,79.3416,42.6353,120,77.6902,77.9138,77.3949,0.1328,120,25.4234,25.4674,25.385,0.0177,120,1006.7336,1006.9887,1006.5676,0.102,120,0,0,0,0,120,0,0,0,0,120,13.556,14.2604,12.786,0.2606,120,120,0,0,0,0,0,120,None,None,None,None,0,3.4456,3.4498,3.4428,0.0017,0.5542,0.5547,0.5538,0.0002,0.7769,0.7791,0.7739,0.0013,-0.0001,-0.0001,-0.0001,0,0,0,0,0,0,0,0,0,0,0,0,0,138.3333,272,8,61.6748,0,0,0,0,256.3583,951,15,153.3699,34,41.15,47,39,23.66,23.68,23.63
2022-11-03 03:50:00,1.1982,2.648,0.2928,0.5034,120,87.6544,40.1862,120,77.2998,77.456,77.1508,0.0722,120,25.4288,25.4674,25.3911,0.0159,120,1006.7687,1006.9704,1006.5859,0.0686,120,0,0,0,0,120,0,0,0,0,120,13.4618,14.2604,13.2775,0.2554,120,120,0,0,0,0,0,120,None,None,None,None,0,3.4461,3.4495,3.4431,0.0011,0.5543,0.5547,0.5539,0.0002,0.773,0.7746,0.7715,0.0007,-0.0001,-0.0001,-0.0001,0,0,0,0,0,0,0,0,0,0,0,0,0,107.4083,265,9,54.7123,0,0,0,0,266.1917,945,4,135.5433,34,41.1,45,39,23.66,23.68,23.63
2022-11-03 04:00:00,1.3115,2.8688,0.3204,0.6079,120,86.7791,43.3749,120,77.1429,77.2729,76.9982,0.0711,120,25.4253,25.4735,25.3697,0.0201,120,1006.9196,1007.0071,1006.6042,0.0927,120,0,0,0,0,120,0,0,0,0,120,13.5027,13.7689,13.2775,0.2459,120,120,0,0,0,0,0,120,None,None,None,None,0,3.4487,3.4501,3.4434,0.0015,0.5543,0.5547,0.5537,0.0002,0.7714,0.7727,0.77,0.0007,-0.0001,-0.0001,-0.0001,0,0,0,0,0,0,0,0,0,0,0,0,0,119.7333,289,12,66.0778,0,0,0,0,270.675,1012,5,147.7297,33.5,41.1,45,39,23.66,23.68,23.63
2022-11-03 04:10:00,0.9031,2.0408,0.3204,0.3445,120,91.0373,44.0804,120,77.0338,77.1813,76.9372,0.0533,120,25.3831,25.4308,25.3392,0.0182,120,1007.0695,1007.1902,1006.9521,0.095,120,0,0,0,0,120,0,0,0,0,120,13.4208,13.7689,12.786,0.2417,120,120,0,0,0,0,0,120,None,None,None,None,0,3.4512,3.4532,3.4492,0.0016,0.5538,0.5543,0.5534,0.0002,0.7703,0.7718,0.7694,0.0005,-0.0001,-0.0001,-0.0001,0,0,0,0,0,0,0,0,0,0,0,0,0,75.3333,199,12,37.4481,0,0,0,0,275.1917,752,10,134.8086,33,41,45,39,23.66,23.68,23.63
2022-11-03 04:20:00,1.0102,1.8108,0.3572,0.3244,120,84.7206,37.9816,120,77.0168,77.0898,76.9372,0.0414,120,25.3229,25.385,25.269,0.0214,120,1007.1166,1007.1902,1006.9704,0.0856,120,0,0,0,0,120,0,0,0,0,120,13.4208,13.7689,12.786,0.2332,120,120,0,0,0,0,0,120,None,None,None,None,0,3.4519,3.4532,3.4495,0.0014,0.5532,0.5538,0.5527,0.0002,0.7702,0.7709,0.7694,0.0004,-0.0001,-0.0001,-0.0001,0,0,0,0,0,0,0,0,0,0,0,0,0,86.975,174,16,35.2655,0,0,0,0,267.925,1011,9,151.1342,33,41.05,47,39,23.66,23.68,23.63
2022-11-03 04:30:00,0.8584,2.2984,0,0.5464,120,97.6208,55.1598,120,77.1434,77.2729,76.9372,0.0711,120,25.2836,25.3178,25.2477,0.0156,120,1007.2753,1007.3733,1007.1535,0.0907,120,0,0,0,0,120,0,0,0,0,120,13.47,13.7689,13.2775,0.2409,120,120,0,0.0992,0.9156,0,0.1945,120,None,None,None,None,0,3.4546,3.4562,3.4526,0.0015,0.5528,0.5532,0.5525,0.0002,0.7714,0.7727,0.7694,0.0007,-0.0001,-0.0001,-0.0001,0,0,0,0,0,0,0,0,0,0.0001,0.0009,0,0.0002,72.575,227,0,56.3624,0,0,0,0,302.8667,897,30,165.0388,33,41.0667,43,39,23.66,23.68,23.63
2022-11-03 04:40:00,0.7909,2.05,0,0.4728,120,93.4098,48.8319,120,77.282,77.3949,77.1508,0.0739,120,25.2476,25.2965,25.1805,0.021,120,1007.3518,1007.5198,1007.1535,0.04,120,2.375,5.5268,0,1.7092,120,1.9538,4.7623,0,1.4425,120,13.4372,13.7689,13.2775,0.2312,120,120,0,2.9145,5.4933,0.6104,1.3097,120,None,None,None,None,0,3.4559,3.4587,3.4526,0.0007,0.5525,0.553,0.5518,0.0002,0.7728,0.7739,0.7715,0.0007,-0.0001,-0.0001,-0.0001,0,0,0.0001,0,0,0,0,0,0,0.0029,0.0055,0.0006,0.0013,64.475,200,0,49.3889,0,0,0,0,317.7417,1001,42,184.7042,33,41.1333,47,39,23.66,23.68,23.63
2022-11-03 04:50:00,0.8582,1.5532,0,0.3332,120,78.2643,39.2259,120,77.4987,77.5781,77.3644,0.0421,120,25.2434,25.2873,25.1866,0.0208,120,1007.4068,1007.5381,1007.3366,0.0785,120,10.2008,16.5811,5.5268,3.3358,120,9.6935,17.5858,4.7623,3.5862,120,14.8918,35.4061,13.2775,3.7208,120,120,0,9.4811,14.9541,5.4933,2.809,120,89.32,89.83,88.79,0.37,64,3.4568,3.459,3.4556,0.0013,0.5524,0.5529,0.5519,0.0002,0.775,0.7758,0.7736,0.0004,-0.0001,-0.0001,-0.0002,0,0.0001,0.0002,0.0001,0,0.0001,0.0001,0,0,0.0095,0.015,0.0055,0.0028,70.6417,146,0,35.7792,0,0,0,0,241.2167,904,17,132.8823,33,41.0833,47,39,23.66,23.68,23.63
2022-11-03 05:00:00,0.6162,1.59,0,0.3565,120,77.4103,56.4705,120,77.5424,77.6391,77.4865,0.0289,120,25.3629,25.5284,25.2416,0.076,120,1007.5777,1007.7212,1007.355,0.0911,120,25.7926,35.8055,16.5811,6.0147,120,31.9656,48.7275,17.952,9.4187,120,105.9698,172.1157,38.3564,38.174,120,120,0,22.7617,31.1289,14.9541,4.949,120,87.48,88.79,86.2,0.7,120,3.4596,3.462,3.4559,0.0015,0.5536,0.5553,0.5524,0.0008,0.7754,0.7764,0.7749,0.0003,-0.0007,-0.0002,-0.0011,0.0002,0.0003,0.0005,0.0002,0.0001,0.0003,0.0004,0.0001,0.0001,0.0228,0.0311,0.015,0.0049,45.1083,150,0,37.3421,0,0,0,0,322.6917,997,15,237.5723,33,41.0833,47,39,23.66,23.68,23.63
2022-11-03 05:10:00,0.6254,1.36,0.2652,0.22,120,97.1326,33.5635,120,77.2355,77.6086,76.6015,0.2581,120,25.8072,26.0717,25.5315,0.1584,120,1007.7085,1007.9043,1007.5014,0.0827,120,43.9194,52.6268,35.5646,6.4116,120,59.0098,72.1741,48.7275,7.0882,120,166.4765,235.5527,24.5875,65.6018,120,120,0,38.4406,46.6933,30.8237,5.9435,120,85.08,86.2,83.85,0.7,120,3.4618,3.4651,3.4584,0.0014,0.5581,0.5607,0.5553,0.0016,0.7724,0.7761,0.766,0.0026,-0.001,-0.0002,-0.0015,0.0004,0.0006,0.0007,0.0005,0.0001,0.0005,0.0006,0.0004,0.0001,0.0384,0.0467,0.0308,0.0059,45.15,125,6,23.9104,0,0,0,0,291.7583,981,19,125.8352,33,41.0833,45,41,23.65,23.68,23.63
2022-11-03 05:20:00,0.6544,1.2588,0.348,0.2103,120,98.8441,27.2073,120,76.4476,76.6625,76.2352,0.1167,120,26.0636,26.0961,26.0228,0.0171,120,1007.757,1007.9043,1007.6846,0.0884,120,58.1754,66.0835,49.7425,5.2506,120,65.177,93.4238,50.9256,11.9255,120,67.4528,288.6626,21.1457,82.683,120,120,0,49.4552,54.3229,42.7259,3.7719,120,82.68,83.85,81.51,0.7,120,3.4626,3.4651,3.4614,0.0015,0.5606,0.561,0.5602,0.0002,0.7645,0.7666,0.7624,0.0012,-0.0004,-0.0001,-0.0018,0.0005,0.0007,0.0008,0.0006,0.0001,0.0005,0.0008,0.0004,0.0001,0.0495,0.0543,0.0427,0.0038,48.3083,114,15,22.8586,0,0,0,0,280.7833,534,79,78.4533,33,41.0667,43,39,23.65,23.68,23.63
2022-11-03 05:30:00,0.5774,1.728,0,0.3992,120,130.2921,47.8927,120,76.6025,76.9982,76.2658,0.2326,120,26.2319,26.6027,26.0106,0.1821,120,1007.7837,1007.9043,1007.6846,0.0922,120,72.4335,85.7882,64.8819,8.1338,120,122.877,161.9352,65.946,32.6465,120,308.4675,426.8466,25.572,146.3099,120,120,0,75.3756,100.4059,53.1022,16.444,120,80.28,81.51,79.16,0.7,120,3.4631,3.4651,3.4614,0.0015,0.5623,0.566,0.5601,0.0018,0.766,0.77,0.7627,0.0023,-0.0019,-0.0002,-0.0026,0.0009,0.0009,0.0011,0.0008,0.0001,0.001,0.0013,0.0005,0.0003,0.0754,0.1004,0.0531,0.0164,43.7417,165,0,38.3937,0,0,0,0,373.3583,699,74,135.5147,33,41.0333,43,39,23.66,23.68,23.63
2022-11-03 05:40:00,0.4816,1.1576,0,0.2387,120,117.4633,65.0185,120,75.8688,76.6625,74.8009,0.5564,120,27.2437,27.8539,26.6118,0.36,120,1007.9008,1008.0874,1007.6846,0.0928,120,84.01,99.0047,77.137,5.709,120,176.6691,207.7311,161.9352,12.3514,120,449.803,480.9394,426.8466,14.0961,120,120,0,111.2247,138.8592,100.4059,10.4729,120,77.87,79.16,76.56,0.7,120,3.465,3.4681,3.4614,0.0015,0.5724,0.5785,0.5661,0.0036,0.7587,0.7666,0.748,0.0056,-0.0028,-0.0026,-0.003,0.0001,0.0011,0.0013,0.001,0.0001,0.0015,0.0017,0.0013,0.0001,0.1112,0.1389,0.1004,0.0105,30.0917,103,0,25.0099,0,0,0,0,389.8,1014,40,209.2747,33,41.0833,45,39,23.65,23.68,23.63
2022-11-03 05:50:00,0.916,1.8384,0.3296,0.3588,120,94.93,38.9873,120,73.3133,75.0145,72.4815,0.6504,120,27.8952,28.0248,27.7715,0.0761,120,1008.0346,1008.1057,1007.8677,0.0789,120,105.4231,117.7488,95.8811,7.1671,120,206.9036,265.617,127.4958,46.1222,120,396.9799,533.0664,103.2694,148.8277,120,120,0,143.6532,183.7214,97.0489,27.9193,120,75.46,76.56,74.21,0.7,120,3.4672,3.4684,3.4645,0.0013,0.5789,0.5803,0.5777,0.0008,0.7331,0.7501,0.7248,0.0065,-0.0025,-0.0006,-0.0033,0.0009,0.0013,0.0015,0.0012,0.0001,0.0017,0.0022,0.0011,0.0004,0.1437,0.1837,0.097,0.0279,76.7417,177,13,39.0009,0,0,0,0,295.6333,992,22,151.9827,33,41.05,47,39,23.65,23.68,23.63
2022-11-03 06:00:00,0.9025,1.8016,0.2192,0.4128,120,96.2748,52.9059,120,72.2055,73.2139,70.8335,0.8161,120,28.1545,28.3941,27.7807,0.1924,120,1008.1266,1008.2705,1007.8677,0.0967,120,125.8268,145.6236,112.7024,12.7823,120,293.8338,333.395,261.2209,24.5648,120,558.5061,586.1763,511.9207,18.1351,120,120,0,211.7349,251.7777,181.2799,24.7262,120,73.05,74.21,71.85,0.71,120,3.4688,3.4712,3.4645,0.0016,0.5815,0.5839,0.5778,0.0019,0.7221,0.7321,0.7083,0.0082,-0.0035,-0.0032,-0.0036,0.0001,0.0016,0.0018,0.0014,0.0002,0.0024,0.0028,0.0022,0.0002,0.2117,0.2518,0.1813,0.0247,75.2667,173,1,44.874,0,0,0,0,301.325,849,34,163.2784,33,41.05,43,39,23.66,23.68,23.63
2022-11-03 06:10:00,1.6753,3.43,0.4492,0.5757,120,91.0041,38.1342,120,70.5003,71.7185,70.0705,0.372,120,28.1672,28.3819,27.8967,0.1426,120,1008.1266,1008.2888,1008.0691,0.0811,120,122.9211,143.7016,108.6173,10.317,120,310.3814,364.1705,172.5594,42.0617,120,542.1838,618.1405,162.2801,106.8274,120,120,0,234.0058,281.3807,137.6385,31.093,120,70.64,71.85,69.5,0.71,120,3.4688,3.4715,3.4678,0.0014,0.5817,0.5838,0.579,0.0014,0.705,0.7172,0.7007,0.0037,-0.0034,-0.001,-0.0038,0.0007,0.0016,0.0018,0.0014,0.0001,0.0026,0.003,0.0014,0.0003,0.234,0.2814,0.1376,0.0311,159.275,350,26,62.5716,0,0,0,0,284.5667,1003,28,150.9804,33.1,41.1667,47,39,23.66,23.68,23.63
2022-11-03 06:20:00,1.7268,3.0436,0.302,0.7126,120,93.7013,40.609,120,70.3965,71.2912,69.8569,0.3651,120,27.7724,27.8906,27.5182,0.0943,120,1008.296,1008.4536,1008.2522,0.0642,120,151.6434,167.4913,138.174,10.3279,120,260.6896,414.3625,139.587,111.6315,120,290.4406,647.6458,14.2604,278.8682,120,120,0,212.0757,327.4636,119.6326,82.1148,120,68.23,69.5,67.15,0.7,120,3.4716,3.4742,3.4709,0.0011,0.5777,0.5789,0.5752,0.0009,0.704,0.7129,0.6986,0.0037,-0.0018,-0.0001,-0.004,0.0017,0.0019,0.0021,0.0018,0.0001,0.0022,0.0035,0.0012,0.0009,0.2121,0.3275,0.1196,0.0821,164.8667,308,10,77.4545,0,0,0,0,294.7333,991,68,144.7488,34,41.0833,47,39,23.66,23.68,23.63
2022-11-03 06:30:00,1.4485,2.8688,0.4124,0.5193,120,93.3763,35.9968,120,71.1791,71.9626,70.3757,0.4375,120,27.509,27.7136,27.3565,0.1195,120,1008.4304,1008.4719,1008.2705,0.0578,120,162.3669,176.6228,142.9803,9.3592,120,404.6053,471.5162,157.9052,107.7649,120,560.01,681.0844,40.3239,220.1555,120,120,0,320.8233,376.9036,130.6192,83.4711,120,65.81,66.89,64.53,0.7,120,3.4738,3.4745,3.4712,0.001,0.5751,0.5771,0.5736,0.0012,0.7118,0.7196,0.7038,0.0044,-0.0035,-0.0003,-0.0042,0.0014,0.0021,0.0022,0.0018,0.0001,0.0034,0.0039,0.0013,0.0009,0.3208,0.3769,0.1306,0.0835,134.6167,289,22,56.4411,0,0,0,0,281.4417,1018,19,129.755,34,41.0833,47,39,23.66,23.68,23.63
2022-11-03 06:40:00,1.8908,3.246,0.4676,0.706,120,97.4384,32.2757,120,70.672,71.749,69.5517,0.5213,120,27.8849,28.0248,27.7105,0.0916,120,1008.4518,1008.6734,1008.2705,0.0382,120,161.0672,166.2898,148.9882,3.5318,120,492.4239,506.3217,471.8824,10.5092,120,697.0999,708.6239,680.593,6.9213,120,120,0,399.8306,414.4414,377.514,11.6424,120,63.4,64.53,62.18,0.71,120,3.4742,3.4779,3.4712,0.0006,0.5788,0.5803,0.5771,0.0009,0.7067,0.7175,0.6955,0.0052,-0.0043,-0.0042,-0.0044,0,0.002,0.0021,0.0019,0,0.0041,0.0042,0.0039,0.0001,0.3998,0.4144,0.3775,0.0116,182.6917,330,28,76.7425,0,0,0,0,287.5917,874,42,106.7805,34,41.0833,47,39,23.66,23.68,23.63
2022-11-03 06:50:00,1.8004,3.43,0.4768,0.6275,120,95.2236,52.9738,120,69.9647,70.6503,69.3075,0.3242,120,27.9734,28.1652,27.9028,0.0574,120,1008.4834,1008.6734,1008.2888,0.0659,120,147.9006,152.352,142.2598,2.6524,120,520.8877,544.7899,498.6279,12.2134,120,721.0854,744.5214,702.7232,10.0614,120,120,0,429.2199,452.2843,406.8117,12.7359,120,60.98,62.18,59.83,0.71,120,3.4747,3.4779,3.4715,0.0011,0.5797,0.5817,0.579,0.0006,0.6996,0.7065,0.6931,0.0032,-0.0045,-0.0044,-0.0046,0.0001,0.0019,0.0019,0.0018,0,0.0043,0.0045,0.0042,0.0001,0.4292,0.4523,0.4068,0.0127,172.875,350,29,68.2066,0,0,0,0,307.8833,882,80,168.0767,34,41.05,43,39,23.67,23.68,23.63
2022-11-03 07:00:00,1.7157,3.3012,0.4492,0.621,120,94.2641,47.5767,120,69.2755,70.2841,68.3004,0.5061,120,28.4057,28.5223,28.1744,0.0943,120,1008.6468,1008.8565,1008.4536,0.0677,120,150.5239,157.8795,136.0118,5.2676,120,542.1585,583.2593,282.1044,61.1855,120,703.9927,761.2423,205.5543,117.2437,120,120,0,452.4013,487.0754,238.9599,50.665,120,58.57,59.83,57.47,0.7,120,3.4774,3.4809,3.4742,0.0011,0.5841,0.5852,0.5817,0.0009,0.6928,0.7028,0.683,0.0051,-0.0044,-0.0013,-0.0047,0.0007,0.0019,0.002,0.0017,0.0001,0.0045,0.0049,0.0024,0.0005,0.4524,0.4871,0.239,0.0507,163.6583,336,26,67.5018,0,0,0,0,299.625,982,65,168.8423,34,41.1,47,39,23.67,23.68,23.63
2022-11-03 07:10:00,2.0074,4.2672,0.2836,0.8669,120,101.5436,46.9636,120,68.2694,69.4906,67.0186,0.6733,120,28.4062,28.5955,28.0523,0.1862,120,1008.7085,1008.8748,1008.4902,0.083,120,150.8263,179.2661,129.7638,17.8477,120,550.0476,629.4214,223.8511,110.2086,120,670.3729,768.6175,79.1734,198.7571,120,120,0,463.2684,534.3791,189.8251,93.2593,120,56.15,57.47,54.86,0.7,120,3.4785,3.4812,3.4748,0.0014,0.5841,0.586,0.5805,0.0019,0.6827,0.6949,0.6702,0.0067,-0.0042,-0.0005,-0.0048,0.0012,0.0019,0.0023,0.0016,0.0002,0.0046,0.0052,0.0019,0.0009,0.4633,0.5344,0.1898,0.0933,195.375,441,8,94.2229,0,0,0,0,305.175,1011,19,149.2803,35,41.15,47,39,23.67,23.68,23.63
2022-11-03 07:20:00,2.0207,4.3316,0.3848,0.8524,120,84.3065,48.5761,120,68.6918,69.216,67.9952,0.2301,120,28.0381,28.0676,27.973,0.0237,120,1008.8034,1008.8931,1008.6734,0.0953,120,159.5413,188.1575,138.415,16.6632,120,504.6637,676.6831,197.8391,177.1437,120,547.3063,775.0113,46.7177,293.3217,120,120,0,426.7683,581.0724,160.8325,153.0946,120,53.74,54.86,52.5,0.7,120,3.4801,3.4816,3.4779,0.0016,0.5804,0.5807,0.5797,0.0002,0.6869,0.6922,0.68,0.0023,-0.0034,-0.0003,-0.0048,0.0018,0.002,0.0024,0.0018,0.0002,0.0042,0.0056,0.0016,0.0015,0.4268,0.5811,0.1608,0.1531,196.8167,448,19,92.6485,0,0,0,0,278.2417,998,14,175.6599,35,41.1333,47,39,23.67,23.68,23.63
2022-11-03 07:30:00,2.245,4.212,0.3664,0.7785,120,63.9785,40.4059,120,68.8815,69.7653,68.2699,0.3874,120,28.1303,28.2385,27.9424,0.1076,120,1008.784,1008.8931,1008.6734,0.0978,120,175.964,204.2575,153.3134,17.6541,120,682.7097,747.3926,414.7299,44.9646,120,760.6679,808.4499,259.1573,80.4555,120,120,0,589.3658,651.265,336.9243,39.7048,120,51.33,52.5,50.15,0.71,120,3.4797,3.4816,3.4779,0.0016,0.5813,0.5824,0.5794,0.0011,0.6888,0.6977,0.6827,0.0039,-0.0047,-0.0016,-0.005,0.0005,0.0022,0.0026,0.0019,0.0002,0.0057,0.0062,0.0035,0.0004,0.5894,0.6513,0.3369,0.0397,221.2,435,17,84.6169,0,0,0,0,224.225,1018,8,175.8934,35,41.3167,47,39,23.67,23.68,23.63
2022-11-03 07:40:00,2.2305,3.89,0.5688,0.7885,120,92.7293,42.1254,120,69.1145,70.0705,68.2699,0.4719,120,28.1534,28.2446,28.0737,0.0466,120,1008.8371,1008.9114,1008.6734,0.0869,120,183.0489,233.0945,152.352,27.5403,120,705.4154,804.9124,284.6687,116.3639,120,744.4358,820.7444,78.6819,180.9491,120,120,0,614.6809,708.3346,245.9792,102.8333,120,48.92,50.15,47.8,0.7,120,3.4806,3.4819,3.4779,0.0014,0.5815,0.5825,0.5807,0.0005,0.6911,0.7007,0.6827,0.0047,-0.0046,-0.0005,-0.0051,0.0011,0.0023,0.003,0.0019,0.0003,0.0059,0.0067,0.0024,0.001,0.6147,0.7083,0.246,0.1028,219.6167,400,39,85.7112,0,0,0,0,268.75,663,4,121.5133,36,41.8333,47,41,23.67,23.68,23.63
2022-11-03 07:50:00,2.756,4.4696,0.5964,0.8802,120,72.6471,53.8128,120,69.4914,70.3146,68.8803,0.3516,120,28.1707,28.3209,27.9974,0.1025,120,1008.8675,1009.0762,1008.6917,0.0763,120,189.7814,238.6213,161.7244,23.4635,120,709.7844,810.7743,265.2509,147.8794,120,706.5089,821.2359,56.5517,220.8646,120,120,0,626.3365,721.1524,231.0251,131.3596,120,46.51,47.8,45.2,0.7,120,3.4811,3.4846,3.4782,0.0013,0.5817,0.5832,0.58,0.001,0.6949,0.7031,0.6888,0.0035,-0.0044,-0.0004,-0.0051,0.0014,0.0024,0.003,0.0021,0.0003,0.0059,0.0068,0.0022,0.0012,0.6263,0.7212,0.231,0.1314,276.7417,463,42,95.6761,0,0,0,0,250.675,1004,24,190.464,36,41.7333,47,39,23.68,23.68,23.63
2022-11-03 08:00:00,2.0551,4.166,0.7528,0.734,120,82.5943,38.4213,120,69.8716,70.5588,69.0329,0.3833,120,28.1036,28.2965,27.9882,0.0662,120,1008.9419,1009.1128,1008.71,0.0817,120,160.4424,170.8559,150.6701,4.9535,120,795.478,814.0708,769.0084,11.9092,120,829.1534,839.4312,802.5491,6.068,120,120,0,707.5793,726.6457,676.2902,13.1072,120,44.1,45.2,42.85,0.7,120,3.4824,3.4852,3.4785,0.0014,0.581,0.583,0.5799,0.0007,0.6987,0.7056,0.6903,0.0038,-0.0051,-0.005,-0.0052,0,0.002,0.0022,0.0019,0.0001,0.0066,0.0068,0.0064,0.0001,0.7076,0.7266,0.6763,0.0131,200.55,430,59,79.7853,0,0,0,0,250.3833,903,5,125.8302,36.4,41.6333,47,39,23.68,23.68,23.63
2022-11-03 08:10:00,2.0441,4.7088,0.394,1.0733,120,87.838,47.4875,120,69.3831,70.6198,68.2394,0.5132,120,28.4945,28.7512,28.3026,0.139,120,1009.0146,1009.1311,1008.8931,0.0913,120,193.3159,224.6835,150.9102,24.0976,120,803.4404,900.9004,312.5126,135.4709,120,764.2413,849.7583,116.5469,173.2978,120,120,0,717.4978,810.8768,279.2444,124.9657,120,41.7,42.85,40.51,0.7,120,3.4836,3.4855,3.4816,0.0015,0.5849,0.5875,0.583,0.0014,0.6938,0.7062,0.6824,0.0051,-0.0047,-0.0007,-0.0053,0.0011,0.0025,0.0029,0.0019,0.0003,0.0067,0.0075,0.0026,0.0011,0.7175,0.8109,0.2792,0.125,199.3583,489,20,116.6666,0,0,0,0,278.7167,860,72,154.2462,37,41.3667,47,39,23.68,23.68,23.63
2022-11-03 08:20:00,2.4429,4.9296,0.486,1.1024,120,89.068,41.0769,120,68.2903,69.6432,67.4459,0.5893,120,28.4493,28.7451,28.2385,0.1639,120,1009.0365,1009.1128,1008.9114,0.0843,120,215.4639,266.2559,184.3126,23.8726,120,853.9565,968.6783,320.5726,152.7794,120,769.8351,857.135,93.4338,202.4275,120,120,0,767.9729,880.459,285.9584,141.0912,120,39.31,40.51,38.18,0.7,120,3.4839,3.4852,3.4819,0.0014,0.5845,0.5875,0.5824,0.0016,0.6829,0.6964,0.6745,0.0059,-0.0048,-0.0006,-0.0053,0.0013,0.0027,0.0034,0.0023,0.0003,0.0071,0.0081,0.0027,0.0013,0.768,0.8805,0.286,0.1411,242.7083,513,30,119.8286,0,0,0,0,280.0583,992,12,151.3447,37,41.55,47,39,23.68,23.68,23.68
2022-11-03 08:30:00,2.4109,4.3224,0.8816,0.7308,120,83.7074,50.5831,120,68.4576,69.3075,67.6595,0.3869,120,28.5319,28.5864,28.446,0.0371,120,1009.0483,1009.1311,1008.9297,0.0848,120,227.2487,269.8606,197.0488,25.0104,120,877.4499,986.6303,354.2785,161.602,120,761.1924,868.4451,109.6616,203.3585,120,120,0,794.0051,902.4323,317.0873,144.3994,120,36.91,38.18,35.85,0.69,120,3.4841,3.4855,3.4822,0.0014,0.5853,0.5859,0.5845,0.0004,0.6846,0.6931,0.6766,0.0039,-0.0047,-0.0007,-0.0054,0.0013,0.0029,0.0034,0.0025,0.0003,0.0073,0.0082,0.003,0.0013,0.794,0.9024,0.3171,0.1444,239.225,447,73,79.436,0,0,0,0,287.6083,1013,4,196.4659,37.8,41.4833,47,39,23.68,23.68,23.63
2022-11-03 08:40:00,1.4967,3.384,0.3112,0.6675,120,88.781,63.7511,120,68.6183,69.216,67.8121,0.3119,120,29.0441,29.7858,28.5223,0.3782,120,1008.9396,1009.1311,1008.7283,0.052,120,243.0487,282.5969,218.4354,14.0468,120,968.0834,1024.3673,477.7443,96.2561,120,821.5106,865.4947,223.2581,121.6024,120,120,0,881.3873,938.4442,433.9732,91.3194,120,34.52,35.59,33.27,0.69,120,3.4823,3.4855,3.4788,0.0009,0.5904,0.5979,0.5852,0.0038,0.6862,0.6922,0.6781,0.0031,-0.0051,-0.0014,-0.0054,0.0008,0.0031,0.0036,0.0028,0.0002,0.0081,0.0085,0.004,0.0008,0.8814,0.9384,0.434,0.0913,139.8583,345,11,72.5528,0,0,0,0,330.2,1018,14,224.1079,38,41.55,49,39,23.68,23.68,23.63
2022-11-03 08:50:00,2.1233,4.6904,0.3572,1.1613,120,90.0601,50.3133,120,65.7211,68.2699,63.7226,1.1114,120,29.505,29.8987,28.9526,0.3857,120,1008.8076,1008.9663,1008.5635,0.0913,120,215.4839,249.1945,181.6693,17.3724,120,903.2269,1021.4358,314.3445,186.1386,120,756.7789,872.3783,78.6819,219.0171,120,120,0,823.9158,937.5286,279.8547,170.0989,120,32.15,33.27,30.96,0.69,120,3.4801,3.4828,3.4761,0.0015,0.595,0.599,0.5895,0.0039,0.6572,0.6827,0.6372,0.0111,-0.0047,-0.0005,-0.0054,0.0014,0.0027,0.0032,0.0023,0.0002,0.0075,0.0085,0.0026,0.0016,0.8239,0.9375,0.2799,0.1701,207.9667,487,16,126.2304,0,0,0,0,312.15,977,7,190.4941,38.1,41.7,47,39,23.68,23.68,23.68
2022-11-03 09:00:00,2.4078,5.178,0.4676,1.004,120,95.2024,39.9984,120,66.0415,66.7135,65.1265,0.3749,120,28.8027,29.0045,28.623,0.0828,120,1008.609,1008.7832,1008.3804,0.0972,120,173.2166,218.9165,150.6701,16.7112,120,893.8724,1002.018,222.7527,193.539,120,777.109,892.5411,34.9146,219.0506,120,120,0,810.1545,910.6723,187.0785,179.9411,120,29.79,30.96,28.65,0.69,120,3.4768,3.4797,3.473,0.0016,0.588,0.59,0.5862,0.0008,0.6604,0.6671,0.6513,0.0037,-0.0048,-0.0002,-0.0055,0.0014,0.0022,0.0028,0.0019,0.0002,0.0074,0.0083,0.0019,0.0016,0.8102,0.9107,0.1871,0.1799,238.8917,540,28,109.1273,0,0,0,0,286.8167,901,56,132.9432,39,41.6,47,39,23.68,23.68,23.68
2022-11-03 09:10:00,2.7134,5.1504,0.486,1.0378,120,94.8967,39.9987,120,67.2086,68.6361,65.2791,0.8591,120,28.2654,28.6169,28.1195,0.1296,120,1008.4948,1008.6001,1008.3804,0.0939,120,152.0899,179.9874,138.6551,12.89,120,977.9295,991.3938,945.2317,8.606,120,872.9363,888.1147,829.5956,11.9908,120,120,0,888.1649,904.8738,859.7064,8.4449,120,27.43,28.65,26.37,0.68,120,3.4749,3.4767,3.473,0.0016,0.5827,0.5862,0.5812,0.0013,0.6721,0.6864,0.6528,0.0086,-0.0054,-0.0051,-0.0055,0.0001,0.0019,0.0023,0.0018,0.0002,0.0081,0.0083,0.0079,0.0001,0.8882,0.9049,0.8597,0.0084,272.1083,537,30,112.8025,0,0,0,0,275.8167,665,10,116.8384,39,41.45,47,41,23.68,23.68,23.63
2022-11-03 09:20:00,2.4775,4.4696,0.6148,0.8881,120,68.3414,51.4919,120,67.1916,68.5751,66.1641,0.625,120,28.5582,28.6962,28.4246,0.0761,120,1008.4106,1008.6001,1008.1973,0.0769,120,167.5314,211.4669,133.8488,21.3309,120,984.4997,1065.3998,432.3145,86.8816,120,848.0246,891.5582,329.4779,91.6702,120,120,0,898.5463,976.8975,439.4665,81.8851,120,25.1,26.37,23.85,0.67,120,3.4735,3.4767,3.47,0.0013,0.5856,0.587,0.5843,0.0008,0.6719,0.6858,0.6616,0.0063,-0.0053,-0.002,-0.0055,0.0006,0.0021,0.0027,0.0017,0.0003,0.0082,0.0089,0.0036,0.0007,0.8985,0.9769,0.4395,0.0819,246.4667,463,44,96.5331,0,0,0,0,248.9333,1015,11,200.7386,39.1,41.7167,47,39,23.68,23.68,23.68
2022-11-03 09:30:00,2.8152,5.4908,0.8172,1.1956,120,78.9786,39.9923,120,67.8488,69.1855,66.7745,0.7806,120,28.4366,28.5864,28.272,0.1075,120,1008.3901,1008.6001,1008.2156,0.0667,120,220.6124,279.4724,193.9244,18.3408,120,1057.0896,1113.7611,566.0396,89.2704,120,848.9097,890.5736,306.8563,101.8906,120,120,0,966.3406,1019.6234,529.4961,83.5695,120,22.79,23.85,21.61,0.67,120,3.4732,3.4767,3.4703,0.0011,0.5844,0.5859,0.5827,0.0011,0.6785,0.6919,0.6677,0.0078,-0.0053,-0.0019,-0.0055,0.0006,0.0028,0.0035,0.0025,0.0002,0.0088,0.0093,0.0047,0.0007,0.9663,1.0196,0.5295,0.0836,283.175,574,66,129.9594,0,0,0,0,235.0167,800,2,124.9378,40,41.8833,47,41,23.68,23.73,23.68
2022-11-03 09:40:00,3.0265,6.4016,0.9184,1.1638,120,65.6713,46.5892,120,68.0395,68.8192,67.3238,0.3345,120,28.5478,28.6444,28.3056,0.0849,120,1008.3705,1008.4353,1008.2156,0.0862,120,254.2548,336.1843,198.0102,44.0125,120,975.4138,1210.4826,311.7803,276.0192,120,720.9215,898.9333,18.1953,304.2379,120,120,0,890.0571,1116.6723,269.7836,258.3875,120,20.51,21.61,19.41,0.66,120,3.4728,3.4739,3.4703,0.0014,0.5855,0.5864,0.5831,0.0008,0.6804,0.6882,0.6732,0.0033,-0.0045,-0.0001,-0.0056,0.0019,0.0032,0.0043,0.0025,0.0006,0.0081,0.0101,0.0026,0.0023,0.8901,1.1167,0.2698,0.2584,306.1417,673,77,126.4991,0,0,0,0,266.275,1020,5,229.8998,40,41.6,47,39,23.68,23.73,23.68
2022-11-03 09:50:00,2.4172,5.3344,0.2836,1.1773,120,84.8948,46.444,120,68.5151,69.7348,67.3543,0.5813,120,28.3091,28.446,28.1347,0.1052,120,1008.2424,1008.4353,1008.0325,0.0915,120,239.5663,257.8457,223.4819,9.9205,120,1141.8734,1169.8151,1113.7611,11.8228,120,887.3694,895.4915,849.7583,7.0133,120,120,0,1049.4578,1075.7775,1023.5908,10.8563,120,18.28,19.41,17.26,0.64,120,3.4707,3.4739,3.4672,0.0015,0.5831,0.5845,0.5814,0.001,0.6852,0.6973,0.6735,0.0058,-0.0055,-0.0053,-0.0056,0,0.003,0.0033,0.0028,0.0001,0.0095,0.0097,0.0093,0.0001,1.0495,1.0758,1.0236,0.0109,239.9083,557,8,127.9669,0,0,0,0,283.0583,984,11,176.8116,40,41.7167,47,41,23.68,23.68,23.63
2022-11-03 10:00:00,2.4921,5.0124,0.5412,1.021,120,65.2888,40.0435,120,68.3729,69.3381,66.9271,0.5962,120,28.3989,28.5894,28.2415,0.1252,120,1008.0828,1008.2522,1007.8494,0.0773,120,241.1283,316.9598,189.1189,42.4363,120,907.2937,1207.9172,318.7407,304.352,120,647.3668,892.5411,27.5379,324.9318,120,120,0,829.1192,1120.0293,279.5495,286.292,120,16.11,17.26,14.95,0.62,120,3.468,3.4709,3.4642,0.0013,0.584,0.5859,0.5824,0.0013,0.6837,0.6934,0.6693,0.006,-0.004,-0.0002,-0.0055,0.002,0.0031,0.004,0.0024,0.0005,0.0076,0.0101,0.0027,0.0025,0.8291,1.12,0.2795,0.2863,248.0583,522,36,110.9785,0,0,0,0,235.975,1001,14,180.5491,40.4,41.8167,47,41,23.68,23.68,23.63
2022-11-03 10:10:00,2.3171,5.6656,0.5504,1.1074,120,88.0968,43.2509,120,68.0136,69.1244,67.1407,0.5627,120,28.4034,28.6474,28.2476,0.1243,120,1007.9797,1008.2522,1007.8494,0.0966,120,198.8949,265.5354,151.6315,31.8323,120,956.9091,1146.3673,250.5966,298.1595,120,730.4535,892.5411,16.7193,308.4918,120,120,0,879.4824,1085.8486,216.9866,276.4368,120,14.03,14.95,12.99,0.59,120,3.4663,3.4709,3.4642,0.0016,0.584,0.5865,0.5825,0.0012,0.6801,0.6912,0.6714,0.0056,-0.0045,-0.0001,-0.0055,0.0019,0.0025,0.0034,0.0019,0.0004,0.008,0.0095,0.0021,0.0025,0.8795,1.0858,0.217,0.2764,229.0333,593,37,120.3718,0,0,0,0,288.525,1003,61,166.8044,41,41.6833,47,39,23.68,23.68,23.68
2022-11-03 10:20:00,2.2817,4.9572,0.5044,1.0037,120,82.8264,50.889,120,67.2592,68.3309,66.2557,0.5417,120,28.7921,29.035,28.6199,0.159,120,1007.8756,1008.0691,1007.6846,0.0499,120,150.3598,160.2819,140.8173,4.9481,120,1076.4889,1091.7791,1054.7755,8.8674,120,886.3285,897.4589,865.0032,7.022,120,120,0,987.6629,1003.1434,967.1316,8.229,120,12.09,12.99,11.19,0.54,120,3.4646,3.4678,3.4614,0.0008,0.5879,0.5904,0.5862,0.0016,0.6726,0.6833,0.6626,0.0054,-0.0055,-0.0054,-0.0056,0,0.0019,0.002,0.0018,0.0001,0.009,0.0091,0.0088,0.0001,0.9877,1.0031,0.9671,0.0082,225.1833,516,32,109.1008,0,0,0,0,294.575,1017,32,198.9398,41,41.9,47,39,23.68,23.73,23.68
2022-11-03 10:30:00,2.7024,4.7548,0.7068,0.9669,120,87.7602,38.7306,120,65.6369,66.9881,64.1194,0.6699,120,29.0648,29.1388,28.861,0.058,120,1007.8396,1008.0691,1007.6846,0.0846,120,172.4235,247.7528,147.0654,25.9138,120,1065.9649,1178.6074,332.2965,142.207,120,848.5409,896.4744,74.2556,144.0641,120,120,0,977.8843,1078.2189,298.471,133.5949,120,10.37,11.19,9.66,0.46,120,3.464,3.4678,3.4614,0.0014,0.5907,0.5914,0.5886,0.0006,0.6564,0.6699,0.6412,0.0067,-0.0053,-0.0005,-0.0056,0.0009,0.0022,0.0031,0.0019,0.0003,0.0089,0.0098,0.0028,0.0012,0.9779,1.0782,0.2985,0.1336,270.9167,494,54,105.0946,0,0,0,0,275.9917,987,50,151.1818,41,41.7833,47,39,23.68,23.68,23.68
2022-11-03 10:40:00,2.2772,4.7824,0.4492,0.8944,120,87.9252,46.7286,120,66.3526,67.6901,63.9668,1.1888,120,28.6472,28.8946,28.449,0.1509,120,1007.6707,1007.886,1007.4831,0.0914,120,244.7949,316.4795,217.9551,22.6747,120,676.9973,1231.7311,239.2389,424.9742,120,410.1017,899.4264,14.2604,401.5731,120,120,0,614.0731,1143.5285,200.2014,400.7122,120,9,9.66,8.52,0.33,120,3.4612,3.4648,3.4581,0.0015,0.5865,0.5889,0.5845,0.0015,0.6635,0.6769,0.6397,0.0119,-0.0025,-0.0001,-0.0056,0.0025,0.0031,0.004,0.0028,0.0003,0.0056,0.0103,0.002,0.0035,0.6141,1.1435,0.2002,0.4007,224.6917,497,26,97.214,0,0,0,0,273.7,797,37,145.5274,41,41.35,47,39,23.68,23.68,23.68
2022-11-03 10:50:00,2.5091,4.8284,0.5872,1.0964,120,89.4713,50.1119,120,66.2348,67.0492,65.4622,0.3433,120,28.8844,29.1601,28.7207,0.1365,120,1007.4984,1007.6846,1007.3183,0.0566,120,217.0379,319.363,183.111,36.4242,120,1072.1962,1226.2365,552.8499,145.7048,120,809.651,895,241.9449,162.5603,120,120,0,990.791,1132.8471,498.9776,132.1936,120,8.15,8.43,7.95,0.15,120,3.4583,3.4614,3.4553,0.0009,0.5888,0.5916,0.5872,0.0014,0.6623,0.6705,0.6546,0.0034,-0.005,-0.0015,-0.0056,0.001,0.0028,0.0041,0.0023,0.0005,0.0089,0.0102,0.0046,0.0012,0.9908,1.1328,0.499,0.1322,249.9,502,41,119.1722,0,0,0,0,278.5417,976,10,159.3759,41,41.7333,47,39,23.68,23.73,23.68
2022-11-03 11:00:00,2.4896,4.9204,0.578,1.1301,120,90.3395,47.2078,120,65.7506,66.9881,64.3025,0.7424,120,29.0129,29.1723,28.8549,0.1025,120,1007.4419,1007.6846,1007.1535,0.0948,120,156.7318,182.3898,139.6165,11.8306,120,1084.9855,1115.9592,870.8583,31.4498,120,875.6818,893.0325,593.0599,35.8665,120,120,0,999.6211,1027.8634,702.5361,33.0615,120,7.99,8.16,7.93,0.07,120,3.4574,3.4614,3.4526,0.0016,0.5901,0.5917,0.5886,0.001,0.6575,0.6699,0.643,0.0074,-0.0054,-0.0037,-0.0055,0.0002,0.002,0.0023,0.0018,0.0001,0.009,0.0093,0.0073,0.0003,0.9996,1.0279,0.7025,0.0331,247.7833,512,40,122.8369,0,0,0,0,274.4083,964,11,149.8743,41.2,42.3167,47,39,23.68,23.73,23.68
2022-11-03 11:10:00,2.3802,5.2516,0.3572,1.2021,120,75.9331,49.8302,120,66.2211,67.3238,64.7298,0.817,120,28.9018,29.2212,28.7634,0.1315,120,1007.2721,1007.355,1006.9704,0.0941,120,152.216,159.8016,142.7402,4.7522,120,1090.0658,1103.8691,1069.4298,8.7467,120,887.4677,895.4915,871.8869,5.7377,120,120,0,1004.5091,1015.3508,986.053,7.3777,120,8.56,9.03,8.16,0.26,120,3.4545,3.4559,3.4495,0.0016,0.589,0.5922,0.5876,0.0013,0.6622,0.6732,0.6473,0.0082,-0.0055,-0.0054,-0.0056,0,0.0019,0.002,0.0018,0.0001,0.0091,0.0092,0.0089,0.0001,1.0045,1.0154,0.9861,0.0074,235.8917,548,16,130.6628,0,0,0,0,251.9583,975,1,171.3475,42,46.2,47,41,23.68,23.68,23.68
2022-11-03 11:20:00,2.3377,5.1872,0.4492,1.2295,120,80.8547,59.7768,120,65.9996,67.3543,64.2415,0.903,120,29.3587,29.5874,29.1937,0.1277,120,1007.1416,1007.355,1006.9521,0.0793,120,157.4867,246.0709,135.2906,21.8932,120,1080.983,1141.2389,551.7515,75.9557,120,874.9033,900.4093,278.3355,91.019,120,120,0,995.8444,1055.3301,490.1273,76.9089,120,9.72,10.39,9.03,0.41,120,3.4524,3.4559,3.4492,0.0013,0.5936,0.5959,0.5919,0.0013,0.66,0.6735,0.6424,0.009,-0.0054,-0.0017,-0.0056,0.0006,0.002,0.0031,0.0017,0.0003,0.009,0.0095,0.0046,0.0006,0.9958,1.0553,0.4901,0.0769,231.275,541,26,133.639,0,0,0,0,302.9917,999,2,210.9932,42,45.2,47,41,23.68,23.73,23.68
2022-11-03 11:30:00,2.9683,5.132,1.0656,1.0655,120,76.4503,40.8753,120,66.522,68.3615,64.3941,1.1626,120,28.7502,29.2273,28.5528,0.1816,120,1006.9309,1007.1718,1006.769,0.0838,120,190.7767,261.9307,154.515,28.2162,120,1006.5857,1156.9928,252.0612,248.8351,120,780.0637,895,23.1131,256.076,120,120,0,927.9814,1073.336,213.3244,235.6393,120,11.31,12.27,10.39,0.51,120,3.4488,3.4529,3.4462,0.0014,0.5875,0.5923,0.5855,0.0018,0.6652,0.6836,0.6439,0.0116,-0.0048,-0.0001,-0.0056,0.0016,0.0024,0.0033,0.002,0.0004,0.0084,0.0096,0.0021,0.0021,0.928,1.0733,0.2133,0.2356,299.8167,535,93,115.8204,0,0,0,0,234.5667,927,17,134.7401,42,41.5833,47,39,23.68,23.73,23.68
2022-11-03 11:40:00,2.6496,4.718,0.5412,1.0136,120,78.9993,44.8178,120,68.1809,68.9718,67.1712,0.3733,120,28.6969,28.8183,28.5925,0.0716,120,1006.7832,1006.9887,1006.5859,0.0654,120,156.4814,178.5457,141.7787,8.2556,120,1069.8697,1112.6615,840.4502,39.2436,120,880.1282,895,585.1917,38.3281,120,120,0,988.7641,1014.7404,695.2116,39.0355,120,13.17,14.18,12.27,0.57,120,3.4464,3.4498,3.4431,0.0011,0.587,0.5882,0.5859,0.0007,0.6818,0.6897,0.6717,0.0037,-0.0055,-0.0036,-0.0056,0.0002,0.002,0.0023,0.0018,0.0001,0.0089,0.0093,0.007,0.0003,0.9888,1.0147,0.6952,0.039,265.175,490,36,110.1774,0,0,0,0,276.4417,1015,26,188.7461,42,41.5333,47,39,23.68,23.73,23.68
2022-11-03 11:50:00,3.5379,7.3216,0.6424,1.4086,120,82.2232,46.4656,120,67.5886,69.1244,66.5304,0.6848,120,28.8247,29.0258,28.4551,0.1419,120,1006.5371,1006.8056,1006.3845,0.1431,120,149.8671,196.3276,133.8488,13.38,120,1054.3693,1090.6795,642.611,41.3713,120,880.9724,895,468.1534,44.5435,120,120,0,974.5476,1011.3834,621.662,38.2038,120,15.19,16.21,14.18,0.61,120,3.4423,3.4468,3.4397,0.0024,0.5883,0.5903,0.5846,0.0014,0.6759,0.6912,0.6653,0.0068,-0.0055,-0.0029,-0.0056,0.0003,0.0019,0.0025,0.0017,0.0002,0.0088,0.0091,0.0054,0.0003,0.9745,1.0114,0.6217,0.0382,361.725,773,47,153.1119,0,0,0,0,262.4417,1020,43,160.8824,42,41.4667,47,39,23.68,23.68,23.68
2022-11-03 12:00:00,2.835,6.5028,0.5412,1.3497,120,84.7358,53.2445,120,68.2847,69.3381,67.1102,0.4408,120,28.4888,28.5681,28.4002,0.0495,120,1006.3024,1006.5859,1006.1831,0.1061,120,160.0119,229.4898,138.8953,22.3393,120,982.0848,1063.2017,283.569,175.4045,120,808.4094,890.0822,66.3874,193.0023,120,120,0,903.6454,992.7671,238.6547,166.0808,120,17.32,18.34,16.21,0.64,120,3.4384,3.4431,3.4364,0.0018,0.5849,0.5857,0.584,0.0005,0.6828,0.6934,0.6711,0.0044,-0.005,-0.0004,-0.0055,0.0012,0.002,0.0029,0.0018,0.0003,0.0082,0.0089,0.0024,0.0015,0.9036,0.9928,0.2387,0.1661,285.325,684,36,146.7048,0,0,0,0,298.9,1010,33,195.6995,42,41.55,47,39,23.68,23.73,23.68
2022-11-03 12:10:00,2.7806,6.282,0.4952,1.2765,120,86.8701,44.2882,120,68.9492,69.8264,68.0258,0.4173,120,28.6324,28.7909,28.4551,0.0617,120,1006.1901,1006.4028,1005.9999,0.0799,120,215.7002,289.3252,168.9331,28.6664,120,1025.7254,1144.1693,471.8824,140.8753,120,805.7088,882.7054,231.1263,154.7821,120,120,0,949.6521,1073.6412,449.5376,134.1731,120,19.53,20.76,18.34,0.65,120,3.4365,3.44,3.4333,0.0013,0.5863,0.5879,0.5846,0.0006,0.6895,0.6983,0.6803,0.0042,-0.005,-0.0014,-0.0055,0.001,0.0027,0.0037,0.0021,0.0004,0.0085,0.0095,0.0039,0.0012,0.9497,1.0736,0.4495,0.1342,279.4167,660,31,138.7534,0,0,0,0,289.5833,1014,25,175.6792,42,41.6667,47,39,23.68,23.73,23.68
2022-11-03 12:20:00,2.9684,5.5276,0.4216,1.3036,120,96.1879,39.3891,120,68.4256,69.6738,67.4154,0.6333,120,28.7655,28.916,28.562,0.0846,120,1005.9766,1006.2197,1005.8168,0.1132,120,195.8091,215.0717,178.0646,9.028,120,1063.4217,1082.6194,1038.6555,11.0049,120,876.9809,887.1318,857.6265,6.9234,120,120,0,984.0515,1003.4486,957.6708,11.6498,120,21.79,22.98,20.76,0.66,120,3.4329,3.437,3.4303,0.0019,0.5877,0.5892,0.5856,0.0008,0.6843,0.6967,0.6742,0.0063,-0.0054,-0.0053,-0.0055,0,0.0025,0.0027,0.0023,0.0001,0.0089,0.009,0.0087,0.0001,0.9841,1.0034,0.9577,0.0116,299.825,578,23,141.6929,0,0,0,0,303.2667,1015,60,147.1237,42,41.6833,47,41,23.68,23.68,23.68
2022-11-03 12:30:00,2.6769,5.6748,0.5044,1.0774,120,95.2834,47.9757,120,68.8055,69.6738,67.7816,0.4303,120,28.702,28.8336,28.5437,0.0787,120,1005.8237,1006.0182,1005.6154,0.0562,120,263.7127,349.1606,186.4756,46.311,120,757.7664,1154.7935,302.9868,349.0366,120,505.9125,887.6233,17.7038,386.2575,120,120,0,695.4914,1082.7967,262.154,331.2076,120,24.09,25.24,22.98,0.68,120,3.4304,3.4336,3.4269,0.0009,0.587,0.5883,0.5854,0.0008,0.6881,0.6967,0.6778,0.0043,-0.0031,-0.0001,-0.0055,0.0024,0.0033,0.0044,0.0024,0.0006,0.0063,0.0096,0.0025,0.0029,0.6955,1.0828,0.2622,0.3312,268.1417,594,32,117.1059,0,0,0,0,301.425,979,15,165.2012,42,41.6333,47,39,23.68,23.68,23.68
2022-11-03 12:40:00,2.4589,5.132,0.5136,1.0312,120,103.9239,45.4239,120,68.8724,69.9789,67.9647,0.5319,120,28.8072,28.916,28.7176,0.0553,120,1005.7309,1005.8535,1005.4689,0.095,120,245.4156,352.2843,209.3039,35.8936,120,858.2675,1097.2737,250.9628,295.5089,120,645.5021,880.7396,15.7364,326.5145,120,120,0,793.115,1024.5064,216.9866,279.706,120,26.41,27.52,25.24,0.68,120,3.4288,3.4309,3.4245,0.0016,0.5881,0.5892,0.5872,0.0006,0.6887,0.6998,0.6796,0.0053,-0.004,-0.0001,-0.0055,0.002,0.0031,0.0045,0.0027,0.0005,0.0071,0.0091,0.0021,0.0025,0.7931,1.0245,0.217,0.2797,244.45,535,33,112.0874,0,0,0,0,314.4,1020,37,146.8576,42,41.9333,47,41,23.68,23.68,23.68
2022-11-03 12:50:00,3.3454,5.6656,0.7344,1.1674,120,79.442,34.5912,120,68.5016,69.6127,67.5985,0.4677,120,28.6773,28.9465,28.3026,0.1957,120,1005.5533,1005.652,1005.2675,0.1159,120,237.5978,300.8598,191.2811,30.6016,120,882.7226,1084.8175,288.3325,235.6828,120,690.8219,886.1489,34.9146,268.9313,120,120,0,812.4104,1009.8575,247.8103,221.7053,120,28.76,29.81,27.52,0.68,120,3.4259,3.4275,3.4211,0.0019,0.5868,0.5895,0.583,0.002,0.685,0.6961,0.676,0.0047,-0.0043,-0.0002,-0.0055,0.0017,0.003,0.0038,0.0024,0.0004,0.0074,0.009,0.0024,0.002,0.8124,1.0099,0.2478,0.2217,340.8,593,57,126.8901,0,0,0,0,255.5083,1019,18,154.9085,42,41.6833,47,41,23.68,23.73,23.68
2022-11-03 13:00:00,2.8391,5.27,0.6976,1.1419,120,94.6466,39.1923,120,69.8147,70.6198,68.9413,0.4354,120,28.4474,28.6444,28.2995,0.0919,120,1005.4288,1005.6337,1005.2675,0.0784,120,232.0308,272.7441,182.1496,23.3705,120,851.34,1047.8139,260.1212,233.9583,120,684.011,865.9861,24.5875,265.0571,120,120,0,782.4513,964.6901,222.4799,222.519,120,31.12,32.37,30.06,0.69,120,3.4238,3.4272,3.4211,0.0013,0.5845,0.5864,0.583,0.0009,0.6981,0.7062,0.6894,0.0044,-0.0042,-0.0002,-0.0054,0.0016,0.0029,0.0035,0.0023,0.0003,0.0071,0.0087,0.0022,0.0019,0.7825,0.9647,0.2225,0.2225,285.7667,550,53,124.1189,0,0,0,0,281.7333,952,17,126.9049,41.9,41.75,47,39,23.68,23.73,23.68
2022-11-03 13:10:00,3.3604,6.4752,0.8816,1.1313,120,86.7972,35.7786,120,69.6877,70.4978,68.5141,0.5084,120,28.5211,28.6962,28.3514,0.1235,120,1005.2867,1005.4689,1005.0661,0.0981,120,232.9099,300.3787,203.7772,28.0178,120,739.219,1049.2797,214.3253,350.3805,120,568.8085,863.5272,13.7689,384.1904,120,120,0,677.9839,977.813,189.5199,328.2822,120,33.49,34.69,32.37,0.7,120,3.4214,3.4245,3.4178,0.0016,0.5852,0.587,0.5835,0.0012,0.6969,0.705,0.6851,0.0051,-0.0035,-0.0001,-0.0054,0.0024,0.003,0.0038,0.0026,0.0004,0.0062,0.0087,0.0018,0.0029,0.678,0.9778,0.1895,0.3283,342.4333,681,73,122.9694,0,0,0,0,271.8833,998,56,142.0632,41,41.65,47,39,23.68,23.68,23.68
2022-11-03 13:20:00,2.9865,4.5892,0.9184,0.8024,120,81.4157,31.7902,120,70.6107,71.9321,69.5517,0.6427,120,28.3083,28.4674,28.1835,0.0737,120,1005.0713,1005.2858,1004.883,0.1199,120,242.536,303.5032,218.4354,22.3496,120,761.0637,1036.09,226.0492,324.3948,120,600.9817,866.4776,16.2278,370.3443,120,120,0,695.0209,958.5864,196.234,305.9219,120,35.87,37.01,34.69,0.7,120,3.4179,3.4214,3.4147,0.002,0.5831,0.5847,0.5818,0.0007,0.7061,0.7193,0.6955,0.0064,-0.0037,-0.0001,-0.0054,0.0023,0.0031,0.0039,0.0028,0.0003,0.0063,0.0086,0.0019,0.0027,0.695,0.9586,0.1962,0.3059,301.7917,476,77,87.2125,0,0,0,0,235.1,582,9,93.6664,41,41.5833,47,39,23.68,23.73,23.68
2022-11-03 13:30:00,2.9409,5.9232,0.6792,1.087,120,101.0151,47.7083,120,70.6697,71.3523,69.9484,0.3482,120,28.5414,28.623,28.4704,0.043,120,1004.955,1005.0844,1004.7182,0.0893,120,262.317,287.1622,232.1331,14.705,120,847.3679,986.2641,243.6351,200.4132,120,699.4317,839.4312,20.1627,241.3587,120,120,0,774.6412,900.9064,206.3051,188.3035,120,38.26,39.35,37.01,0.7,120,3.4159,3.4181,3.412,0.0015,0.5854,0.5862,0.5847,0.0004,0.7067,0.7135,0.6995,0.0035,-0.0043,-0.0001,-0.0052,0.0015,0.0033,0.0036,0.0029,0.0002,0.0071,0.0082,0.002,0.0017,0.7746,0.9009,0.2063,0.1883,296.8417,621,51,118.1535,0,0,0,0,317.7917,1011,31,169.3653,41,41.9167,47,39,23.68,23.73,23.63
2022-11-03 13:40:00,2.6083,5.2976,0.8816,0.9947,120,84.5316,35.0468,120,70.3892,71.5354,68.7277,0.7103,120,28.8685,29.0533,28.6352,0.1102,120,1004.9203,1005.0844,1004.8647,0.0637,120,240.5335,262.411,215.3118,12.5313,120,757.3176,930.2101,252.0612,238.2452,120,645.2932,853.6916,17.7038,291.2019,120,120,0,689.0291,856.9597,211.1881,223.2613,120,40.66,41.94,39.35,0.7,120,3.4153,3.4181,3.4144,0.0011,0.5887,0.5905,0.5864,0.0011,0.7039,0.7154,0.6873,0.0071,-0.004,-0.0001,-0.0053,0.0018,0.0031,0.0033,0.0027,0.0002,0.0063,0.0077,0.0021,0.002,0.689,0.857,0.2112,0.2233,260.6833,553,73,108.119,0,0,0,0,261.7167,999,29,137.2249,41,41.7333,47,39,23.68,23.73,23.68
2022-11-03 13:50:00,2.5703,5.3436,0.5596,0.983,120,91.3729,45.2163,120,68.7638,70.3146,67.1407,1.1034,120,29.0914,29.3188,28.9129,0.1334,120,1004.8717,1005.0844,1004.6999,0.0782,120,209.4203,241.5047,186.2346,16.9467,120,811.1402,891.0084,452.4658,72.9861,120,772.6175,822.7119,330.4608,102.0944,120,120,0,732.3705,813.0131,401.0132,70.2589,120,43.06,44.29,41.94,0.7,120,3.4145,3.4181,3.4117,0.0013,0.5909,0.5932,0.5891,0.0013,0.6876,0.7031,0.6714,0.011,-0.0048,-0.0021,-0.0051,0.0006,0.0027,0.0031,0.0024,0.0002,0.0068,0.0074,0.0038,0.0006,0.7324,0.813,0.401,0.0703,256.55,558,38,106.8479,0,0,0,0,295.225,1014,21,168.6903,41,41.4833,47,39,23.68,23.73,23.68
2022-11-03 14:00:00,2.7412,4.9204,0.5596,1.0276,120,79.8901,45.1603,120,67.423,68.453,66.4083,0.5034,120,28.953,29.0899,28.8824,0.0505,120,1004.8289,1004.9196,1004.6815,0.0928,120,172.8321,207.8622,146.1047,17.9561,120,756.2582,819.5666,386.8848,74.2665,120,784.5141,821.2359,255.7138,103.0322,120,120,0,679.6777,737.6324,305.1851,70.2578,120,45.46,46.63,44.29,0.7,120,3.4138,3.4153,3.4114,0.0015,0.5895,0.5909,0.5888,0.0005,0.6742,0.6845,0.6641,0.005,-0.0049,-0.0016,-0.0051,0.0006,0.0022,0.0026,0.0019,0.0002,0.0063,0.0068,0.0032,0.0006,0.6797,0.7376,0.3052,0.0703,275.1333,512,38,111.6983,0,0,0,0,275.1167,994,36,179.5512,41,41.45,47,39,23.68,23.68,23.68
2022-11-03 14:10:00,2.5181,5.4172,0.7528,1.2094,120,63.7026,46.61,120,66.2216,67.3849,64.3941,0.8396,120,29.172,29.444,28.7909,0.2048,120,1004.7162,1004.9196,1004.5167,0.0923,120,145.1051,169.1732,120.8724,16.7837,120,689.5974,750.6891,241.8031,87.041,120,766.0075,811.4003,137.2011,122.5143,120,120,0,621.9901,678.1213,205.9999,80.8583,120,47.86,48.98,46.63,0.7,120,3.4119,3.4153,3.4086,0.0015,0.5917,0.5944,0.5879,0.0021,0.6622,0.6738,0.6439,0.0084,-0.0048,-0.0009,-0.005,0.0008,0.0018,0.0021,0.0015,0.0002,0.0057,0.0063,0.002,0.0007,0.622,0.6781,0.206,0.0809,250.875,566,59,131.4589,0,0,0,0,252.1333,1019,10,214.092,41,41.9,47,39,23.68,23.73,23.68
2022-11-03 14:20:00,2.8966,5.7208,0.9276,1.0953,120,81.922,35.9248,120,67.129,68.2089,65.9505,0.5667,120,28.7757,28.9404,28.6108,0.0926,120,1004.6915,1004.9013,1004.5167,0.0772,120,135.4669,155.7165,122.3142,10.4819,120,635.9427,678.1489,340.3565,77.5947,120,739.6124,802.0577,272.9262,124.1542,120,120,0,573.425,621.0517,296.9451,70.8042,120,50.27,51.59,48.98,0.7,120,3.4115,3.415,3.4086,0.0013,0.5878,0.5894,0.5861,0.0009,0.6713,0.6821,0.6595,0.0057,-0.0046,-0.0017,-0.005,0.0008,0.0017,0.002,0.0016,0.0001,0.0053,0.0056,0.0028,0.0006,0.5734,0.6211,0.2969,0.0708,292.025,599,78,119.0499,0,0,0,0,247.3333,891,36,121.735,41,41.6167,47,39,23.68,23.68,23.68
2022-11-03 14:30:00,1.9933,4.7548,0.4124,1.0534,120,71.4939,60.4409,120,67.3241,68.3615,66.1031,0.6471,120,29.0518,29.444,28.6962,0.2799,120,1004.6803,1004.7182,1004.5167,0.0661,120,132.9498,148.0268,121.5937,6.2933,120,608.2208,644.8091,207.3649,78.0894,120,739.6657,792.222,107.2027,123.4545,120,120,0,544.6359,580.7672,166.6311,71.3061,120,52.69,53.94,51.59,0.7,120,3.4113,3.412,3.4086,0.0011,0.5905,0.5944,0.587,0.0028,0.6732,0.6836,0.661,0.0065,-0.0046,-0.0007,-0.0049,0.0008,0.0017,0.0019,0.0015,0.0001,0.0051,0.0054,0.0017,0.0006,0.5446,0.5808,0.1666,0.0713,193.8333,494,22,114.4985,0,0,0,0,322.4333,1016,10,260.2293,41,42.2333,47,39,23.68,23.73,23.68
2022-11-03 14:40:00,2.5365,5.5368,0.4676,1.0943,120,76.6929,46.2296,120,66.4083,67.5375,64.4551,0.9134,120,29.3096,29.7186,28.9495,0.2579,120,1004.7069,1004.9013,1004.4984,0.0564,120,172.1492,191.7622,142.0189,12.8855,120,622.8267,648.1056,384.3205,47.4859,120,746.0709,775.5027,349.1476,69.9408,120,120,0,555.6708,581.0724,339.0606,43.138,120,55.1,56.29,53.94,0.71,120,3.4118,3.415,3.4083,0.0009,0.5931,0.5972,0.5895,0.0026,0.6641,0.6754,0.6446,0.0091,-0.0046,-0.0022,-0.0048,0.0004,0.0022,0.0024,0.0018,0.0002,0.0052,0.0054,0.0032,0.0004,0.5557,0.5811,0.3391,0.0431,252.8833,579,28,118.9403,0,0,0,0,255.1167,920,12,165.7349,41,41.5167,47,41,23.68,23.68,23.68
2022-11-03 14:50:00,2.396,5.316,0.5228,1.0364,120,82.1107,42.0226,120,67.9266,69.2465,67.0492,0.5804,120,28.854,28.9404,28.7573,0.0495,120,1004.8187,1004.9013,1004.6999,0.0905,120,167.8198,200.6535,148.0268,17.1731,120,538.0185,622.0936,172.5594,115.8962,120,654.6858,772.5524,40.8153,197.4456,120,120,0,476.0455,553.6058,145.8785,105.0582,120,57.51,58.64,56.29,0.71,120,3.4136,3.415,3.4117,0.0015,0.5885,0.5894,0.5876,0.0005,0.6793,0.6925,0.6705,0.0058,-0.0041,-0.0003,-0.0048,0.0012,0.0021,0.0025,0.0019,0.0002,0.0045,0.0052,0.0014,0.001,0.476,0.5536,0.1459,0.1051,237.6083,555,34,112.6528,0,0,0,0,256.6833,989,18,142.9244,41,41.7333,47,41,23.68,23.73,23.68
2022-11-03 15:00:00,3.1954,5.4816,0.8632,1.0765,120,75.0133,39.0336,120,67.8355,69.4906,66.4998,0.7459,120,28.7977,29.2029,28.15,0.3491,120,1004.8743,1005.0478,1004.6999,0.0502,120,161.2575,200.4126,131.6858,22.7274,120,296.3923,599.3794,133.7251,183.8259,120,257.1896,748.4563,13.7689,302.1703,120,120,0,259.2598,534.9895,111.0874,166.4507,120,59.92,61,58.64,0.7,120,3.4146,3.4175,3.4117,0.0008,0.588,0.592,0.5815,0.0035,0.6784,0.6949,0.665,0.0075,-0.0016,-0.0001,-0.0046,0.0019,0.002,0.0025,0.0017,0.0003,0.0025,0.005,0.0011,0.0015,0.2593,0.535,0.1111,0.1665,324.5,573,71,117.012,0,0,0,0,243.775,1004,42,151.0576,41,41.7833,49,39,23.68,23.68,23.68
2022-11-03 15:10:00,2.338,4.626,0.5136,1.0899,120,97.3746,46.0883,120,70.1353,71.1692,68.3615,0.6657,120,28.1941,28.4857,27.9791,0.1854,120,1004.9303,1005.0844,1004.8463,0.0781,120,162.8555,177.1031,136.0118,11.1593,120,396.3682,529.7695,135.1897,132.6214,120,479.6854,729.2765,13.7689,255.3547,120,120,0,341.408,457.7776,112.3081,115.191,120,62.34,63.61,61.26,0.7,120,3.4155,3.4181,3.4141,0.0013,0.5819,0.5849,0.5798,0.0019,0.7014,0.7117,0.6836,0.0067,-0.003,-0.0001,-0.0045,0.0016,0.0021,0.0022,0.0017,0.0001,0.0033,0.0044,0.0011,0.0011,0.3414,0.4578,0.1123,0.1152,231.3,480,33,118.4653,0,0,0,0,300.1417,904,37,151.1478,41,41.3833,47,39,23.68,23.73,23.68
2022-11-03 15:20:00,2.299,5.2516,0.7252,0.9511,120,83.7853,44.9993,120,70.0921,70.8945,69.1549,0.346,120,28.5119,28.6169,28.4521,0.0398,120,1004.9533,1005.0844,1004.8647,0.088,120,164.6858,183.8323,146.1047,10.8851,120,333.9633,472.6158,162.3013,125.4999,120,387.3866,684.0348,32.4557,261.0796,120,120,0,282.3166,400.0977,137.3333,105.7239,120,64.75,65.96,63.61,0.71,120,3.4159,3.4181,3.4144,0.0015,0.5851,0.5862,0.5845,0.0004,0.7009,0.7089,0.6915,0.0035,-0.0024,-0.0002,-0.0042,0.0016,0.0021,0.0023,0.0019,0.0001,0.0028,0.0039,0.0014,0.001,0.2823,0.4001,0.1373,0.1057,227.0667,548,56,103.3795,0,0,0,0,290.4,1014,4,187.1688,41,41.0833,47,39,23.68,23.68,23.68
2022-11-03 15:30:00,2.1589,5.132,0.3756,1.1444,120,77.8804,47.2446,120,70.3485,71.2302,69.216,0.5279,120,28.5068,28.6901,28.4063,0.0889,120,1004.9091,1005.0844,1004.8647,0.0632,120,156.1931,184.0724,134.5701,14.6647,120,254.8033,466.3878,140.6855,124.7663,120,244.2768,663.8737,14.7535,262.1924,120,120,0,220.6615,394.2991,125.7363,101.5265,120,67.16,68.32,65.96,0.71,120,3.4152,3.4181,3.4144,0.0011,0.5851,0.5869,0.5841,0.0009,0.7035,0.7123,0.6922,0.0053,-0.0015,-0.0001,-0.0041,0.0016,0.002,0.0023,0.0017,0.0002,0.0021,0.0039,0.0012,0.001,0.2207,0.3943,0.1257,0.1015,211.8333,535,18,124.3862,0,0,0,0,282.6417,1015,16,202.6988,41,41.2667,47,41,23.68,23.68,23.68
2022-11-03 15:40:00,2.4527,4.6812,0.5504,0.9864,120,84.2696,42.937,120,70.8045,71.4743,69.9484,0.3826,120,28.2856,28.4307,28.2232,0.0498,120,1005.0476,1005.2492,1004.8647,0.0695,120,145.8881,162.2047,132.1669,8.8945,120,294.1483,398.2425,147.6471,72.6943,120,407.3109,624.5327,24.5875,191.1571,120,120,0,246.0275,336.314,132.7555,57.4858,120,69.57,70.67,68.32,0.7,120,3.4175,3.4208,3.4144,0.0012,0.5829,0.5843,0.5822,0.0005,0.708,0.7147,0.6995,0.0038,-0.0025,-0.0002,-0.0039,0.0012,0.0019,0.0021,0.0017,0.0001,0.0024,0.0033,0.0012,0.0006,0.246,0.3363,0.1328,0.0575,243.7667,486,37,107.2206,0,0,0,0,275.3417,974,16,165.2367,41,41.0667,47,39,23.68,23.68,23.63
2022-11-03 15:50:00,2.4881,4.6904,0.9736,0.8418,120,75.4777,36.5348,120,71.1369,71.8406,70.5893,0.2912,120,28.3042,28.3636,28.2263,0.0404,120,1005.1149,1005.2675,1005.0661,0.0793,120,134.8702,149.9488,118.9504,8.0163,120,293.6475,356.8427,126.3974,47.4693,120,488.7175,599.9452,38.8495,124.0229,120,120,0,239.4711,288.7051,116.2755,35.1415,120,71.98,73.28,70.67,0.7,120,3.4186,3.4211,3.4178,0.0013,0.583,0.5836,0.5823,0.0004,0.7114,0.7184,0.7059,0.0029,-0.003,-0.0002,-0.0037,0.0008,0.0017,0.0019,0.0015,0.0001,0.0024,0.003,0.0011,0.0004,0.2395,0.2887,0.1163,0.0351,247.6167,487,83,91.5035,0,0,0,0,249.25,963,21,155.4253,41,41.0833,47,39,23.68,23.68,23.68
2022-11-03 16:00:00,2.4914,4.8468,0.7712,0.8693,120,76.225,33.5418,120,71.3037,71.8406,70.6809,0.3643,120,28.0606,28.3392,27.8417,0.1439,120,1005.1695,1005.2675,1005.0478,0.0912,120,116.7894,121.3528,109.3378,3.224,120,143.415,272.9448,111.3757,41.3467,120,110.289,532.5733,18.6868,135.7621,120,120,0,126.4356,217.9022,102.5422,29.4358,120,74.39,75.63,73.28,0.7,120,3.4195,3.4211,3.4175,0.0015,0.5806,0.5834,0.5784,0.0014,0.713,0.7184,0.7068,0.0036,-0.0007,-0.0001,-0.0033,0.0008,0.0015,0.0015,0.0014,0,0.0012,0.0023,0.0009,0.0003,0.1264,0.2179,0.1025,0.0294,247.975,504,61,94.4942,0,0,0,0,227.2917,830,8,111.3108,41,41.1333,47,39,23.68,23.73,23.63
2022-11-03 16:10:00,2.0262,3.8808,0.4032,0.7238,120,78.6069,47.3153,120,72.4077,73.2444,71.7795,0.3685,120,27.7793,27.9272,27.7227,0.0435,120,1005.1025,1005.2675,1005.0478,0.0702,120,112.6501,116.7874,105.0126,2.6553,120,158.7445,222.3854,110.2773,49.6241,120,211.8248,457.3348,17.2108,203.7646,120,120,0,128.137,168.157,97.9644,30.0103,120,76.8,77.97,75.63,0.71,120,3.4184,3.4211,3.4175,0.0012,0.5778,0.5793,0.5772,0.0004,0.7241,0.7324,0.7178,0.0037,-0.0013,-0.0001,-0.0028,0.0013,0.0014,0.0015,0.0013,0,0.0013,0.0019,0.0009,0.0004,0.1281,0.1682,0.098,0.03,197.4167,399,21,78.6778,0,0,0,0,277.8083,958,26,189.0928,41,41.3667,47,39,23.68,23.73,23.68
2022-11-03 16:20:00,2.0577,4.1936,0.6056,0.8519,120,96.8557,35.8562,120,72.1417,73.3665,71.1386,0.6358,120,28.2833,28.4338,27.9333,0.1297,120,1005.1526,1005.2858,1005.0478,0.0926,120,106.7787,135.5307,70.6488,17.5111,120,180.9007,211.395,127.8631,24.6062,120,374.6746,427.8295,303.4144,34.7013,120,120,0,138.5896,169.9881,91.2503,21.8868,120,79.21,80.32,77.97,0.7,120,3.4192,3.4214,3.4175,0.0015,0.5828,0.5843,0.5793,0.0013,0.7214,0.7337,0.7114,0.0064,-0.0023,-0.0019,-0.0027,0.0002,0.0014,0.0017,0.0009,0.0002,0.0015,0.0018,0.0011,0.0002,0.1386,0.17,0.0913,0.0219,200.8417,433,43,92.603,0,0,0,0,292.1583,985,74,124.3032,41,41.7667,47,39,23.68,23.73,23.68
2022-11-03 16:30:00,2.103,4.0924,0.3388,0.9372,120,111.6946,38.8018,120,72.012,72.6951,71.6575,0.2352,120,28.1469,28.269,27.9516,0.0982,120,1005.2603,1005.4506,1005.0661,0.0505,120,55.0295,69.6882,43.7354,6.4214,120,83.9747,126.7635,51.2917,24.2329,120,182.5734,319.6423,24.5875,115.584,120,120,0,60.7573,90.3348,43.3363,13.9924,120,81.61,82.92,80.32,0.7,120,3.421,3.4242,3.4178,0.0008,0.5815,0.5827,0.5795,0.001,0.7201,0.727,0.7166,0.0024,-0.0011,-0.0002,-0.002,0.0007,0.0007,0.0009,0.0006,0.0001,0.0007,0.0011,0.0004,0.0002,0.0608,0.0903,0.0433,0.014,205.7583,422,14,101.8702,0,0,0,0,324.1917,849,20,118.7194,41,41.55,47,39,23.68,23.68,23.68
2022-11-03 16:40:00,1.9364,4.028,0.4492,0.8063,120,79.1617,46.1445,120,72.6124,73.1529,72.0542,0.26,120,27.8114,27.9516,27.7258,0.0573,120,1005.3775,1005.4506,1005.2309,0.0856,120,47.0454,53.1071,41.8126,3.9496,120,56.4269,74.3733,43.2317,9.7803,120,81.6523,230.1434,13.7689,91.5004,120,120,0,46.6628,51.8815,41.8104,3.2427,120,84.02,85.26,82.92,0.7,120,3.423,3.4242,3.4205,0.0014,0.5781,0.5795,0.5773,0.0006,0.7261,0.7315,0.7205,0.0026,-0.0005,-0.0001,-0.0014,0.0006,0.0006,0.0007,0.0005,0.0001,0.0005,0.0006,0.0004,0.0001,0.0467,0.0519,0.0418,0.0032,187.65,415,26,87.645,0,0,0,0,275.925,1017,0,184.9456,41,41.5333,47,41,23.68,23.68,23.68
2022-11-03 16:50:00,2.0774,3.8256,0.578,0.7257,120,86.0571,41.0858,120,73.2523,73.4581,72.9392,0.1378,120,27.6611,27.7349,27.5365,0.0512,120,1005.5647,1005.8168,1005.414,0.102,120,23.1152,43.2543,14.178,8.1424,120,23.0842,42.8655,13.922,7.7886,120,18.0884,25.079,13.7689,3.9481,120,120,0,22.5913,41.5052,13.7333,7.668,120,86.41,87.6,85.26,0.7,120,3.4261,3.4303,3.4236,0.0017,0.5766,0.5774,0.5754,0.0005,0.7325,0.7346,0.7294,0.0014,-0.0001,-0.0001,-0.0002,0,0.0003,0.0005,0.0002,0.0001,0.0002,0.0004,0.0001,0.0001,0.0226,0.0415,0.0137,0.0077,202.975,393,40,78.8839,0,0,0,0,281.4583,975,18,163.6881,41,41.6833,47,39,23.68,23.73,23.68
2022-11-03 17:00:00,1.9676,4.1568,0.4492,0.9284,120,93.9176,48.1362,120,73.7724,73.9769,73.336,0.1675,120,27.4596,27.5365,27.3595,0.0449,120,1005.6294,1005.8168,1005.414,0.0639,120,6.4822,13.9378,2.6433,2.8799,120,6.3229,13.922,2.9304,2.8869,120,14.5067,17.2108,13.7689,0.7705,120,120,0,6.2258,13.7333,2.7467,2.7772,120,88.81,89.94,87.6,0.7,120,3.4272,3.4303,3.4236,0.0011,0.5746,0.5754,0.5736,0.0004,0.7377,0.7398,0.7334,0.0017,-0.0001,-0.0001,-0.0001,0,0.0001,0.0002,0,0,0.0001,0.0001,0,0,0.0062,0.0137,0.0027,0.0028,191.0417,429,26,100.9175,0,0,0,0,325.3833,1002,37,197.7656,41,41.75,47,39,23.68,23.73,23.68
2022-11-03 17:10:00,2.0162,4.0372,0.2744,0.8565,120,83.8725,47.3966,120,74.206,74.4346,73.9463,0.1457,120,27.3054,27.3626,27.2283,0.035,120,1005.7321,1005.9999,1005.5971,0.0972,120,1.4178,2.8835,0,0.9117,120,1.1478,2.9304,0,0.9616,120,13.9368,14.2604,13.7689,0.2341,120,120,0,1.47,3.0518,0,0.9577,120,89.94,89.94,89.94,0,3,3.4289,3.4333,3.4266,0.0016,0.573,0.5736,0.5723,0.0003,0.7421,0.7443,0.7395,0.0015,-0.0001,-0.0001,-0.0001,0,0,0,0,0,0,0,0,0,0.0015,0.0031,0,0.001,196.325,416,7,93.0931,0,0,0,0,270.5833,945,0,160.0604,40.4,41.5333,47,39,23.68,23.68,23.68
2022-11-03 17:20:00,1.6181,3.522,0.4584,0.6984,120,55.678,44.1624,120,74.438,74.8924,74.0074,0.2557,120,27.142,27.2436,26.9445,0.095,120,1005.7865,1005.9999,1005.5971,0.0557,120,0.004,0.2402,0,0.0309,120,0,0,0,0,120,13.5191,14.2604,12.786,0.4079,120,120,0,0,0,0,0,120,None,None,None,None,0,3.4298,3.4333,3.4266,0.0009,0.5714,0.5724,0.5694,0.0009,0.7444,0.7489,0.7401,0.0026,-0.0001,-0.0001,-0.0001,0,0,0,-0.0001,0,0,0,0,0,0,0,0,0,153.0583,360,27,75.914,0,0,0,0,224.7167,977,15,204.3553,40,41.6167,47,39,23.68,23.73,23.68
2022-11-03 17:30:00,2.0596,4.1384,0.4676,0.7282,120,43.2581,40.2545,120,75.2701,75.8995,74.7398,0.3144,120,26.8491,26.9475,26.682,0.0787,120,1005.9323,1006.1647,1005.7802,0.0922,120,0,0,0,0,120,0,0,0,0,120,13.5273,14.2604,12.2946,0.4594,120,120,0,0,0,0,0,120,None,None,None,None,0,3.4322,3.4361,3.4297,0.0015,0.5685,0.5695,0.5668,0.0008,0.7527,0.759,0.7474,0.0031,-0.0001,-0.0001,-0.0001,0,0,0,0,0,0,0,0,0,0,0,0,0,201.0417,427,28,79.1557,0,0,0,0,210.9,1022,5,241.0197,40,41.6833,47,41,23.68,23.68,23.63
2022-11-03 17:40:00,1.9249,4.3592,0.3848,0.6965,120,33.6211,23.1327,120,76.9753,78.2189,75.8385,0.741,120,26.4106,26.6759,26.212,0.1391,120,1006.0286,1006.1831,1005.945,0.083,120,0.4145,2.163,0,0.6032,120,0,0,0,0,120,13.343,14.2604,12.2946,0.5213,120,120,0.1,0,0,0,0,120,None,None,None,None,0,3.4338,3.4364,3.4324,0.0014,0.5641,0.5668,0.5621,0.0014,0.7698,0.7822,0.7584,0.0074,-0.0001,-0.0001,-0.0001,0,0,0,0,0,0,0,0,0,0,0,0,0,186.4,451,19,75.7085,0.0083,1,0,0.0913,143.575,1007,2,189.3656,40,41.5333,47,39,23.68,23.68,23.68
2022-11-03 17:50:00,1.7473,2.7676,0.8816,0.4061,120,38.3964,19.6364,120,79.4504,80.6299,78.2189,0.7161,120,26.1234,26.2182,26.0686,0.0439,120,1006.045,1006.1831,1005.9633,0.0922,120,3.6907,4.8063,2.163,0.5597,120,0,0,0,0,120,13.9368,14.2604,13.7689,0.2341,120,120,0,0,0,0,0,120,None,None,None,None,0,3.4341,3.4364,3.4327,0.0015,0.5612,0.5622,0.5607,0.0004,0.7945,0.8063,0.7822,0.0072,-0.0001,-0.0001,-0.0001,0,0,0.0001,0,0,0,0,0,0,0,0,0,0,167.1,278,73,44.1444,0,0,0,0,125.4667,966,0,120.8501,40,41.9833,47,39,23.68,23.68,23.68
2022-11-03 18:00:00,1.6483,3.9728,0.486,0.7822,120,71.967,38.3753,120,81.5696,82.4,80.6299,0.4467,120,26.0823,26.1358,26.0259,0.0281,120,1006.023,1006.1831,1005.9633,0.084,120,5.1525,7.9299,3.1236,1.599,120,0.177,0.7323,0,0.2226,120,14.0474,14.2604,13.7689,0.2446,120,120,0,0,0,0,0,120,None,None,None,None,0,3.4337,3.4364,3.4327,0.0014,0.5608,0.5614,0.5603,0.0003,0.8157,0.824,0.8063,0.0045,-0.0001,-0.0001,-0.0001,0,0.0001,0.0001,0,0,0,0,0,0,0,0,0,0,156.3417,409,30,85.0224,0,0,0,0,230.3833,985,17,155.1688,40,42.4167,47,39,23.68,23.68,23.63
2022-11-03 18:10:00,2.2043,4.8284,0.4032,1.0016,120,80.357,44.111,120,82.6167,82.9798,82.2169,0.1918,120,26.1896,26.3158,26.0717,0.0834,120,1006.0335,1006.1647,1005.7802,0.0945,120,8.4686,10.0929,7.2094,0.6437,120,0.4119,0.7323,0,0.1389,120,14.0433,14.2604,13.7689,0.2451,120,120,0,0,0,0,0,120,None,None,None,None,0,3.4339,3.4361,3.4297,0.0016,0.5619,0.5632,0.5607,0.0008,0.8262,0.8298,0.8222,0.0019,-0.0001,-0.0001,-0.0001,0,0.0001,0.0001,0.0001,0,0,0,0,0,0,0,0,0,216.7667,502,21,108.8737,0,0,0,0,264.7667,1008,14,170.1661,40,42.0167,47,39,23.68,23.68,23.68
2022-11-03 18:20:00,1.8653,3.9728,0.4216,0.805,120,74.6399,52.4471,120,82.5846,82.8883,82.2779,0.1378,120,26.3408,26.3677,26.2944,0.0171,120,1006.1849,1006.3478,1005.9633,0.0937,120,7.6257,10.0929,6.0079,0.7842,120,0.0763,0.3661,0,0.1493,120,13.8467,14.2604,13.2775,0.2014,120,120,0,0,0,0,0,120,None,None,None,None,0,3.4364,3.4391,3.4327,0.0016,0.5634,0.5637,0.5629,0.0002,0.8258,0.8289,0.8228,0.0014,-0.0001,-0.0001,-0.0001,0,0.0001,0.0001,0.0001,0,0,0,0,0,0,0,0,0,179.925,409,23,87.5007,0,0,0,0,287.3,1019,30,210.3779,40,41.65,47,39,23.68,23.68,23.63
2022-11-03 18:30:00,1.9387,4.2212,0.256,1.0252,120,92.9476,48.8925,120,82.3951,82.6136,82.0338,0.1418,120,26.437,26.502,26.3555,0.0502,120,1006.4043,1006.531,1006.3112,0.089,120,7.1631,8.8913,5.5268,0.9321,120,0.0031,0.3661,0,0.0334,120,14.0311,14.7535,13.2775,0.2622,120,120,0,0,0,0,0,120,None,None,None,None,0,3.4401,3.4422,3.4385,0.0015,0.5644,0.565,0.5635,0.0005,0.824,0.8261,0.8203,0.0014,-0.0001,-0.0001,-0.0001,0,0.0001,0.0001,0.0001,0,0,0,0,0,0,0,0,0,187.9,436,5,111.4306,0,0,0,0,310.7083,991,2,184.3462,39,41.7,47,39,23.68,23.68,23.63
2022-11-03 18:40:00,2.2319,4.5708,0.5964,0.7976,120,92.6883,41.5578,120,81.8832,82.2779,81.576,0.2109,120,26.5136,26.5325,26.4867,0.0115,120,1006.4441,1006.531,1006.3112,0.0957,120,6.4442,8.4102,3.8449,1.1793,120,0,0,0,0,120,14.0351,14.2604,13.2775,0.254,120,120,0,0,0,0,0,120,None,None,None,None,0,3.4407,3.4422,3.4385,0.0016,0.5651,0.5653,0.5649,0.0001,0.8188,0.8228,0.8158,0.0021,-0.0001,-0.0001,-0.0001,0,0.0001,0.0001,0,0,0,0,0,0,0,0,0,0,219.775,474,42,86.6941,0,0,0,0,302.5583,983,47,162.7923,39,41.3167,47,39,23.68,23.68,23.63
2022-11-03 18:50:00,2.6395,5.3528,0.67,1.0031,120,83.9037,33.6926,120,81.4681,81.7591,81.2403,0.1368,120,26.5225,26.5539,26.4928,0.0135,120,1006.4693,1006.7141,1006.2929,0.09,120,1.0253,3.6047,0,1.1339,120,0,0,0,0,120,13.9778,14.2604,13.7689,0.244,120,120,0,0,0,0,0,120,None,None,None,None,0,3.4412,3.4452,3.4382,0.0015,0.5652,0.5655,0.5649,0.0001,0.8147,0.8176,0.8124,0.0014,-0.0001,-0.0001,-0.0001,0,0,0,0,0,0,0,0,0,0,0,0,0,264.075,559,50,109.0293,0,0,0,0,254.4583,879,14,117.8791,39,41.7833,47,39,23.68,23.68,23.68
2022-11-03 19:00:00,2.3175,6.512,0.532,1.1353,120,78.5501,47.1175,120,80.9252,81.2403,80.7215,0.0851,120,26.5098,26.5539,26.4715,0.0206,120,1006.5984,1006.7141,1006.4943,0.0956,120,0,0,0,0,120,0,0,0,0,120,14.0761,14.7535,13.7689,0.2473,120,120,0,0,0,0,0,120,None,None,None,None,0,3.4433,3.4452,3.4416,0.0016,0.5651,0.5655,0.5647,0.0002,0.8093,0.8124,0.8072,0.0009,-0.0001,-0.0001,-0.0001,0,0,0,0,0,0,0,0,0,0,0,0,0,229.075,685,35,123.3995,0,0,0,0,277.9417,1005,0,186.7978,39,41.4333,47,39,23.68,23.68,23.63
2022-11-03 19:10:00,2.3569,4.7088,0.3296,0.9892,120,72.4989,39.2569,120,80.5857,80.7825,80.2942,0.1215,120,26.5519,26.5905,26.5233,0.0174,120,1006.711,1006.9155,1006.5127,0.0788,120,0,0,0,0,120,0,0,0,0,120,14.1211,14.2604,13.7689,0.2224,120,120,0,0,0,0,0,120,None,None,None,None,0,3.4452,3.4486,3.4419,0.0013,0.5655,0.5659,0.5652,0.0002,0.8059,0.8078,0.8029,0.0012,-0.0001,-0.0001,-0.0001,0,0,0,0,0,0,0,0,0,0,0,0,0,233.3583,489,13,107.5198,0,0,0,0,232.05,955,29,141.4452,39,41.4333,47,39,23.68,23.68,23.68
2022-11-03 19:20:00,2.2698,4.3684,0.486,0.9403,120,80.2599,49.9458,120,80.3097,80.4163,80.1721,0.0711,120,26.5753,26.5905,26.563,0.0063,120,1006.9001,1007.0986,1006.6774,0.0757,120,0,0,0,0,120,0,0,0,0,120,14.1826,14.7535,13.7689,0.2299,120,120,0,0,0,0,0,120,None,None,None,None,0,3.4483,3.4516,3.4446,0.0013,0.5657,0.5659,0.5656,0.0001,0.8031,0.8042,0.8017,0.0007,-0.0001,-0.0001,-0.0001,0,0,0,0,0,0,0,0,0,0,0,0,0,223.8917,452,30,102.2092,0,0,0,0,290,997,16,194.4482,38.2,41.9,47,39,23.68,23.68,23.63
2022-11-03 19:30:00,3.0011,5.5736,0.9644,1.0308,120,64.0552,30.1046,120,80.1795,80.2637,80.05,0.0557,120,26.5915,26.6118,26.5661,0.0118,120,1006.9491,1007.0986,1006.8789,0.0893,120,0,0,0,0,120,0,0,0,0,120,14.158,14.7535,13.7689,0.2103,120,120,0,0,0,0,0,120,None,None,None,None,0,3.4492,3.4516,3.448,0.0015,0.5659,0.5661,0.5657,0.0001,0.8018,0.8026,0.8005,0.0006,-0.0001,-0.0001,-0.0001,0,0,0,0,0,0,0,0,0,0,0,0,0,303.3833,583,82,112.0417,0,0,0,0,206.975,1011,22,134.7249,38,41.7333,47,39,23.68,23.68,23.68
2022-11-03 19:40:00,2.7995,6.3648,0.3112,1.3107,120,78.4772,41.613,120,79.9259,80.2332,79.7449,0.125,120,26.5418,26.624,26.4623,0.0517,120,1007.0005,1007.2634,1006.6774,0.125,120,0,0,0,0,120,0,0,0,0,120,14.0024,14.2604,13.7689,0.2465,120,120,0,0,0,0,0,120,None,None,None,None,0,3.45,3.4544,3.4446,0.0021,0.5654,0.5662,0.5646,0.0005,0.7993,0.8023,0.7974,0.0012,-0.0001,-0.0001,-0.0001,0,0,0,0,0,0,0,0,0,0,0,0,0,281.4667,669,11,142.4623,0,0,0,0,278.5833,1000,8,185.981,38,41.5,47,39,23.68,23.68,23.63
2022-11-03 19:50:00,2.2591,3.798,0.8908,0.6166,120,65.9922,33.9847,120,79.8003,79.989,79.5618,0.1284,120,26.4928,26.5111,26.4592,0.0118,120,1007.2721,1007.4465,1007.062,0.0589,120,0,0,0,0,120,0,0,0,0,120,14.1089,14.2604,13.7689,0.2279,120,120,0,0,0,0,0,120,None,None,None,None,0,3.4545,3.4574,3.451,0.001,0.5649,0.5651,0.5646,0.0001,0.798,0.7999,0.7956,0.0013,-0.0001,-0.0001,-0.0001,0,0,0,0,0,0,0,0,0,0,0,0,0,222.7333,390,74,67.0181,0,0,0,0,216.0917,940,51,141.606,38,41.4167,47,39,23.68,23.68,23.68
2022-11-03 20:00:00,2.3144,4.0372,0.4952,0.7903,120,70.8404,38.6508,120,79.5511,79.7143,79.4092,0.0741,120,26.5374,26.5722,26.4959,0.0208,120,1007.3937,1007.4465,1007.2268,0.0638,120,0,0,0,0,120,0,0,0,0,120,14.0925,14.2604,13.7689,0.2341,120,120,0,0,0,0,0,120,None,None,None,None,0,3.4566,3.4574,3.4538,0.0011,0.5654,0.5657,0.565,0.0002,0.7955,0.7971,0.7941,0.0007,-0.0001,-0.0001,-0.0001,0,0,0,0,0,0,0,0,0,0,0,0,0,228.7417,416,31,85.9064,0,0,0,0,221.65,986,0,135.5598,38,41.6833,49,39,23.68,23.68,23.63
2022-11-03 20:10:00,2.0811,4.3868,0.808,0.7797,120,62.8638,27.7837,120,79.3809,79.5618,79.2871,0.0494,120,26.5731,26.5844,26.56,0.0049,120,1007.4464,1007.6113,1007.2451,0.0884,120,0,0,0,0,120,0,0,0,0,120,14.0269,14.2604,13.7689,0.2465,120,120,0,0,0,0,0,120,None,None,None,None,0,3.4574,3.4602,3.4541,0.0015,0.5657,0.5658,0.5656,0.0001,0.7938,0.7956,0.7929,0.0005,-0.0001,-0.0001,-0.0001,0,0,0,0,0,0,0,0,0,0,0,0,0,203.3833,454,65,84.754,0,0,0,0,193.0667,1014,23,117.4429,38,41.9167,47,39,23.68,23.68,23.63
2022-11-03 20:20:00,2.6821,5.4172,0.4768,1.2088,120,63.3971,45.0499,120,79.314,79.5312,79.1345,0.0765,120,26.5278,26.5691,26.4928,0.0198,120,1007.51,1007.6113,1007.4099,0.0914,120,0,0,0,0,120,0,0,0,0,120,14.1212,14.7535,13.7689,0.2484,120,120,0,0,0,0,0,120,None,None,None,None,0,3.4585,3.4602,3.4568,0.0015,0.5653,0.5657,0.5649,0.0002,0.7931,0.7953,0.7913,0.0008,-0.0001,-0.0001,-0.0001,0,0,0,0,0,0,0,0,0,0,0,0,0,268.7083,566,29,131.3864,0,0,0,0,216.4083,939,0,159.6824,37,41.5,47,39,23.68,23.68,23.68
2022-11-03 20:30:00,2.3156,4.5708,0.6608,0.8869,120,76.2951,42.9545,120,79.3067,79.4092,79.1345,0.0806,120,26.5703,26.5996,26.5203,0.0226,120,1007.5614,1007.6296,1007.4099,0.0747,120,0,0,0,0,120,0,0,0,0,120,14.0761,14.7535,13.7689,0.2473,120,120,0,0,0,0,0,120,None,None,None,None,0,3.4594,3.4605,3.4568,0.0012,0.5657,0.566,0.5652,0.0002,0.7931,0.7941,0.7913,0.0008,-0.0001,-0.0001,-0.0001,0,0,0,0,0,0,0,0,0,0,0,0,0,228.8667,474,49,96.4054,0,0,0,0,280.825,1001,15,198.3093,37,41.5667,47,39,23.68,23.68,23.63
2022-11-03 20:40:00,2.7017,5.8404,0.624,1.2089,120,70.4926,37.56,120,79.0905,79.1955,78.8293,0.0846,120,26.5167,26.5844,26.4715,0.0271,120,1007.539,1007.6113,1007.4099,0.0841,120,0,0,0,0,120,0,0,0,0,120,14.0392,14.2604,13.7689,0.2455,120,120,0,0,0,0,0,120,None,None,None,None,0,3.459,3.4602,3.4568,0.0014,0.5652,0.5658,0.5647,0.0003,0.7909,0.792,0.7883,0.0008,-0.0001,-0.0001,-0.0001,0,0,0,0,0,0,0,0,0,0,0,0,0,270.8417,612,45,131.4073,0,0,0,0,231.8417,1017,10,156.5618,37,41.6833,47,39,23.68,23.68,23.63
2022-11-03 20:50:00,2.3027,5.546,0.5596,1.0329,120,63.9845,40.1942,120,78.9656,79.165,78.6462,0.131,120,26.5083,26.5355,26.4684,0.0155,120,1007.611,1007.7944,1007.4099,0.0651,120,0,0,0,0,120,0,0,0,0,120,14.0433,14.2604,13.7689,0.2451,120,120,0,0,0,0,0,120,None,None,None,None,0,3.4602,3.4632,3.4568,0.0011,0.5651,0.5654,0.5647,0.0002,0.7897,0.7917,0.7865,0.0013,-0.0001,-0.0001,-0.0001,0,0,0,0,0,0,0,0,0,0,0,0,0,227.4667,580,38,112.2685,0,0,0,0,251.0167,1010,7,212.7901,37,41.5833,47,39,23.68,23.68,23.63
2022-11-03 21:00:00,2.4342,6.006,0.3848,1.1631,120,64.2977,49.2446,120,78.5259,78.7072,78.1579,0.1533,120,26.5181,26.5508,26.4928,0.0131,120,1007.703,1007.7944,1007.5747,0.0879,120,0,0,0,0,120,0,0,0,0,120,14.0269,14.2604,13.7689,0.2465,120,120,0,0,0,0,0,120,None,None,None,None,0,3.4617,3.4632,3.4596,0.0015,0.5652,0.5655,0.5649,0.0001,0.7853,0.7871,0.7816,0.0015,-0.0001,-0.0001,-0.0001,0,0,0,0,0,0,0,0,0,0,0,0,0,241.7583,630,19,126.4195,0,0,0,0,238.9667,1018,0,192.7197,37,41.7167,47,39,23.68,23.68,23.63
2022-11-03 21:10:00,2.4847,4.8008,0.8356,1.0986,120,63.7397,35.2339,120,77.9725,78.1579,77.7306,0.1353,120,26.5405,26.5752,26.5111,0.0175,120,1007.878,1008.1423,1007.593,0.1233,120,0,0,0,0,120,0,0,0,0,120,14.0474,14.2604,13.7689,0.2446,120,120,0,0,0,0,0,120,None,None,None,None,0,3.4646,3.469,3.4599,0.0021,0.5654,0.5657,0.5651,0.0002,0.7797,0.7816,0.7773,0.0014,-0.0001,-0.0001,-0.0001,0,0,0,0,0,0,0,0,0,0,0,0,0,247.25,499,68,119.4123,0,0,0,0,202.925,982,8,137.7098,37,41.7667,47,39,23.68,23.68,23.63
2022-11-03 21:20:00,2.5742,5.5184,0.5504,0.8135,120,61.2117,38.6531,120,77.5079,77.7612,77.2118,0.1424,120,26.5849,26.6027,26.5539,0.0105,120,1008.0007,1008.1606,1007.9409,0.0771,120,0,0,0,0,120,0,0,0,0,120,14.1007,14.2604,13.7689,0.2312,120,120,0,0,0,0,0,120,None,None,None,None,0,3.4667,3.4693,3.4657,0.0013,0.5658,0.566,0.5655,0.0001,0.7751,0.7776,0.7721,0.0014,-0.0001,-0.0001,-0.0001,0,0,0,0,0,0,0,0,0,0,0,0,0,256.975,577,37,88.429,0,0,0,0,227.2083,1002,16,194.146,37,41.3167,47,39,23.68,23.68,23.63
2022-11-03 21:30:00,1.8884,4.1844,0.578,0.8136,120,64.5072,39.5056,120,77.3481,77.3949,77.1813,0.0503,120,26.5832,26.6179,26.5447,0.0224,120,1008.0399,1008.1606,1007.9409,0.0929,120,0,0,0,0,120,0,0,0,0,120,14.0188,14.2604,13.7689,0.2467,120,120,0,0,0,0,0,120,None,None,None,None,0,3.4673,3.4693,3.4657,0.0015,0.5658,0.5662,0.5655,0.0002,0.7735,0.7739,0.7718,0.0005,-0.0001,-0.0001,-0.0001,0,0,0,0,0,0,0,0,0,0,0,0,0,182.4333,432,40,88.4396,0,0,0,0,226.5917,1018,1,182.0054,37,41.8333,47,39,23.68,23.68,23.63
2022-11-03 21:40:00,1.8228,3.614,0.348,0.6468,120,69.0617,39.9589,120,77.3642,77.456,77.1813,0.0698,120,26.6113,26.6332,26.5874,0.0117,120,1008.2373,1008.3438,1008.124,0.0924,120,0,0,0,0,120,0,0,0,0,120,14.0843,14.2604,13.7689,0.2366,120,120,0,0,0,0,0,120,None,None,None,None,0,3.4706,3.4724,3.4687,0.0015,0.5661,0.5663,0.5659,0.0001,0.7736,0.7746,0.7718,0.0007,-0.0001,-0.0001,-0.0001,0,0,0,0,0,0,0,0,0,0,0,0,0,175.3083,370,15,70.3034,0,0,0,0,226.9583,910,15,146.8325,36,41.9333,47,39,23.68,23.68,23.63
2022-11-03 21:50:00,1.5858,3.0896,0.3664,0.6531,120,70.118,42.264,120,77.6546,77.8527,77.3949,0.1168,120,26.6339,26.6546,26.6118,0.0125,120,1008.2913,1008.4902,1008.124,0.0755,120,0,0,0,0,120,0,0,0,0,120,14.0433,14.2604,13.7689,0.2451,120,120,0,0,0,0,0,120,None,None,None,None,0,3.4715,3.4748,3.4687,0.0013,0.5663,0.5665,0.5661,0.0001,0.7765,0.7785,0.7739,0.0012,-0.0001,-0.0001,-0.0001,0,0,0,0,0,0,0,0,0,0,0,0,0,149.5417,313,17,70.9869,0,0,0,0,236.0333,955,5,162.9749,36,41.5833,47,39,23.68,23.68,23.63
2022-11-03 22:00:00,2.4247,4.7916,0.8908,0.7375,120,49.1509,33.4721,120,77.9738,78.1884,77.8222,0.1035,120,26.6472,26.6637,26.6332,0.0074,120,1008.1916,1008.3438,1008.124,0.0861,120,0,0,0,0,120,0,0,0,0,120,14.0802,14.2604,13.7689,0.2378,120,120,0,0,0,0,0,120,None,None,None,None,0,3.4699,3.4724,3.4687,0.0014,0.5665,0.5666,0.5663,0.0001,0.7797,0.7819,0.7782,0.001,-0.0001,-0.0001,-0.0001,0,0,0,0,0,0,0,0,0,0,0,0,0,240.7333,498,74,80.1625,0,0,0,0,201.0917,1018,21,203.5981,36,41.6667,49,39,23.68,23.68,23.63
2022-11-03 22:10:00,2.2944,4.2856,0.4032,1.0102,120,56.7042,46.0962,120,78.2337,78.3715,78.0969,0.0649,120,26.6506,26.6698,26.6332,0.0079,120,1008.1454,1008.3438,1007.9409,0.055,120,0,0,0,0,120,0,0,0,0,120,14.0229,14.2604,13.7689,0.2466,120,120,0,0,0,0,0,120,None,None,None,None,0,3.4691,3.4724,3.4657,0.0009,0.5665,0.5667,0.5663,0.0001,0.7823,0.7837,0.781,0.0006,-0.0001,-0.0001,-0.0001,0,0,0,0,0,0,0,0,0,0,0,0,0,226.5667,443,21,109.808,0,0,0,0,211.125,951,20,177.3587,36,41.7,49,39,23.68,23.68,23.63
2022-11-03 22:20:00,1.7216,4.1752,0.2652,0.7764,120,64.2263,56.8338,120,78.4659,78.5546,78.3715,0.0424,120,26.666,26.6881,26.6424,0.0111,120,1008.0105,1008.1423,1007.9226,0.0908,120,0,0,0,0,120,0,0,0,0,120,13.945,14.2604,13.7689,0.2366,120,120,0,0,0,0,0,120,None,None,None,None,0,3.4668,3.469,3.4654,0.0015,0.5667,0.5669,0.5664,0.0001,0.7847,0.7855,0.7837,0.0004,-0.0001,-0.0001,-0.0001,0,0,0,0,0,0,0,0,0,0,0,0,0,164.3083,431,6,84.3963,0,0,0,0,294.3083,1014,10,253.2892,36,41.6833,47,39,23.68,23.68,23.63
2022-11-03 22:30:00,2.683,4.6904,0.808,0.8592,120,56.8791,34.9256,120,78.5167,78.6767,78.28,0.1072,120,26.5899,26.6637,26.5508,0.0333,120,1008.0502,1008.1423,1007.9226,0.0936,120,0,0,0,0,120,0,0,0,0,120,13.9819,14.2604,13.7689,0.2446,120,120,0,0,0,0,0,120,None,None,None,None,0,3.4675,3.469,3.4654,0.0016,0.5659,0.5666,0.5655,0.0003,0.7852,0.7868,0.7828,0.0011,-0.0001,-0.0001,-0.0001,0,0,0,0,0,0,0,0,0,0,0,0,0,268.8083,487,65,93.3894,0,0,0,0,203.775,1021,5,174.3451,36,41.5,47,41,23.67,23.68,23.63
2022-11-03 22:40:00,1.9133,3.7796,0.4308,0.7201,120,57.4319,46.5379,120,78.62,78.6767,78.5546,0.0305,120,26.6087,26.6363,26.5722,0.0188,120,1008.0076,1008.1423,1007.9226,0.0937,120,0,0,0,0,120,0,0,0,0,120,13.9819,14.2604,13.7689,0.2446,120,120,0,0,0,0,0,120,None,None,None,None,0,3.4668,3.469,3.4654,0.0016,0.5661,0.5664,0.5657,0.0002,0.7862,0.7868,0.7855,0.0003,-0.0001,-0.0001,-0.0001,0,0,0,0,0,0,0,0,0,0,0,0,0,185.1417,388,24,78.2748,0,0,0,0,226.85,973,14,194.6028,36,41.65,47,39,23.68,23.68,23.63
2022-11-03 22:50:00,2.1528,3.8348,0.4032,0.7646,120,59.7598,38.7631,120,78.7009,78.8293,78.5241,0.0855,120,26.611,26.6302,26.5935,0.0072,120,1007.9312,1008.124,1007.7395,0.0478,120,0,0,0,0,120,0,0,0,0,120,13.9696,14.2604,13.2775,0.2508,120,120,0,0,0,0,0,120,None,None,None,None,0,3.4655,3.4687,3.4623,0.0008,0.5661,0.5663,0.5659,0.0001,0.787,0.7883,0.7852,0.0009,-0.0001,-0.0001,-0.0001,0,0,0,0,0,0,0,0,0,0,0,0,0,211.175,394,21,83.1119,0,0,0,0,200.9917,995,0,156.7269,36,41.8167,47,39,23.67,23.68,23.63
2022-11-03 23:00:00,1.9494,4.9296,0.394,0.9476,120,53.5827,42.2221,120,78.7932,78.8598,78.6462,0.0614,120,26.6212,26.6546,26.5691,0.0204,120,1007.823,1007.9592,1007.5564,0.0993,120,0,0,0,0,120,0,0,0,0,120,13.9532,14.2604,13.7689,0.2389,120,120,0,0,0,0,0,120,None,None,None,None,0,3.4637,3.466,3.4593,0.0017,0.5662,0.5665,0.5657,0.0002,0.7879,0.7886,0.7865,0.0006,-0.0001,-0.0001,-0.0001,0,0,0,0,0,0,0,0,0,0,0,0,0,189.0667,513,20,102.9974,0,0,0,0,230.4,999,13,208.8779,36,41.9,47,39,23.68,23.68,23.63
2022-11-03 23:10:00,2.3944,5.362,0.532,1.02,120,54.1877,34.5581,120,78.8372,78.9209,78.7683,0.03,120,26.5566,26.5813,26.5355,0.0099,120,1007.6452,1007.7761,1007.5381,0.0988,120,0,0,0,0,120,0,0,0,0,120,13.9532,14.2604,13.7689,0.2389,120,120,0,0,0,0,0,120,None,None,None,None,0,3.4608,3.4629,3.459,0.0016,0.5656,0.5658,0.5654,0.0001,0.7884,0.7892,0.7877,0.0003,-0.0001,-0.0001,-0.0001,0,0,0,0,0,0,0,0,0,0,0,0,0,237.4333,560,35,110.8692,0,0,0,0,199.9417,1009,6,176.5402,36,41.9167,47,39,23.67,23.68,23.63
2022-11-03 23:20:00,2.2419,4.6536,0.8356,0.734,120,65.4413,39.5796,120,78.7868,78.8903,78.6462,0.064,120,26.5234,26.5478,26.4867,0.0189,120,1007.5675,1007.7761,1007.3916,0.0579,120,0,0,0,0,120,0,0,0,0,120,13.9,14.2604,13.7689,0.2182,120,120,0,0,0,0,0,120,None,None,None,None,0,3.4595,3.4629,3.4565,0.001,0.5652,0.5655,0.5649,0.0002,0.7879,0.7889,0.7865,0.0006,-0.0001,-0.0001,-0.0001,0,0,0,0,0,0,0,0,0,0,0,0,0,220.8583,483,68,79.7805,0,0,0,0,216.5,906,20,149.1099,36,41.8167,47,39,23.67,23.68,23.63
2022-11-03 23:30:00,1.708,3.5128,0.3112,0.7559,120,58.3572,34.1585,120,78.7729,78.8293,78.6462,0.0594,120,26.5233,26.5478,26.4928,0.0145,120,1007.5282,1007.593,1007.3916,0.0654,120,0,0,0,0,120,0,0,0,0,120,13.9328,14.2604,13.7689,0.2326,120,120,0,0,0,0,0,120,None,None,None,None,0,3.4588,3.4599,3.4565,0.0011,0.5652,0.5655,0.5649,0.0001,0.7877,0.7883,0.7865,0.0006,-0.0001,-0.0001,-0.0001,0,0,0,0,0,0,0,0,0,0,0,0,0,162.825,359,11,82.1656,0,0,0,0,204.3583,1015,12,171.1284,36,41.5333,47,39,23.67,23.68,23.63
2022-11-03 23:40:00,1.5982,3.5956,0.2836,0.8189,120,55.1961,47.1363,120,78.7723,78.8293,78.6767,0.0397,120,26.547,26.5722,26.5172,0.0114,120,1007.3769,1007.5747,1007.1902,0.1053,120,0,0,0,0,120,0,0,0,0,120,13.9205,14.2604,13.7689,0.2279,120,120,0,0,0,0,0,120,None,None,None,None,0,3.4563,3.4596,3.4532,0.0018,0.5655,0.5657,0.5652,0.0001,0.7877,0.7883,0.7868,0.0004,-0.0001,-0.0001,-0.0001,0,0,0,0,0,0,0,0,0,0,0,0,0,150.8917,368,8,89.011,0,0,0,0,253.1917,1005,16,235.7152,36,41.55,47,39,23.67,23.68,23.63
2022-11-03 23:50:00,1.9019,3.3932,0.4492,0.7384,120,48.698,36.6616,120,78.8647,79.0124,78.7072,0.0869,120,26.5044,26.5386,26.4684,0.0166,120,1007.1975,1007.4099,1007.0071,0.0914,120,0,0,0,0,120,0,0,0,0,120,13.8959,14.2604,13.7689,0.216,120,120,0,0,0,0,0,120,None,None,None,None,0,3.4533,3.4568,3.4501,0.0015,0.565,0.5654,0.5647,0.0002,0.7886,0.7901,0.7871,0.0009,-0.0001,-0.0001,-0.0001,0,0,0,0,0,0,0,0,0,0,0,0,0,183.9,346,26,80.2632,0,0,0,0,212.35,1020,1,214.7339,36,42.0667,47,39,23.67,23.68,23.63
