datetime,Anemometer;wind_speed;Avg (m/s),Anemometer;wind_speed;Max (m/s),Anemometer;wind_speed;Min (m/s),Anemometer;wind_speed;StdDev (m/s),Anemometer;wind_speed;Count (),Wind Vane TMR;wind_direction;Avg (°),Wind Vane TMR;wind_direction;StdDev (°),Wind Vane TMR;wind_direction;Count (),Hygro/Thermo;humidity;Avg (%),Hygro/Thermo;humidity;Max (%),Hygro/Thermo;humidity;Min (%),Hygro/Thermo;humidity;StdDev (%),Hygro/Thermo;humidity;Count (),Hygro/Thermo;temperature;Avg (°C),Hygro/Thermo;temperature;Max (°C),Hygro/Thermo;temperature;Min (°C),Hygro/Thermo;temperature;StdDev (°C),Hygro/Thermo;temperature;Count (),Barometer;air_pressure;Avg (hPa),Barometer;air_pressure;Max (hPa),Barometer;air_pressure;Min (hPa),Barometer;air_pressure;StdDev (hPa),Barometer;air_pressure;Count (),DHI (Diffuse Horizontal Irradiance);solar_irradiance;Avg (W/m²),DHI (Diffuse Horizontal Irradiance);solar_irradiance;Max (W/m²),DHI (Diffuse Horizontal Irradiance);solar_irradiance;Min (W/m²),DHI (Diffuse Horizontal Irradiance);solar_irradiance;StdDev (W/m²),DHI (Diffuse Horizontal Irradiance);solar_irradiance;Count (),GHI (Global Horizontal Irradiance);solar_irradiance;Avg (W/m²),GHI (Global Horizontal Irradiance);solar_irradiance;Max (W/m²),GHI (Global Horizontal Irradiance);solar_irradiance;Min (W/m²),GHI (Global Horizontal Irradiance);solar_irradiance;StdDev (W/m²),GHI (Global Horizontal Irradiance);solar_irradiance;Count (),DNI (Direct Normal Irradiance) Pyrheliometer;solar_DNI;Avg (W/m²),DNI (Direct Normal Irradiance) Pyrheliometer;solar_DNI;Max (W/m²),DNI (Direct Normal Irradiance) Pyrheliometer;solar_DNI;Min (W/m²),DNI (Direct Normal Irradiance) Pyrheliometer;solar_DNI;StdDev (W/m²),DNI (Direct Normal Irradiance) Pyrheliometer;solar_DNI;Count (),Precipitation;precipitation;Count (),Precipitation;precipitation;Sum (mm),GTI (Global Tilt Irradiance) PV Cell;voltage;Avg (W/m2),GTI (Global Tilt Irradiance) PV Cell;voltage;Max (W/m2),GTI (Global Tilt Irradiance) PV Cell;voltage;Min (W/m2),GTI (Global Tilt Irradiance) PV Cell;voltage;StdDev (W/m2),GTI (Global Tilt Irradiance) PV Cell;voltage;Count (),Theta;other;Avg (°),Theta;other;Max (°),Theta;other;Min (°),Theta;other;StdDev (°),Theta;other;Count (),A1;channel;Avg (V),A1;channel;Max (V),A1;channel;Min (V),A1;channel;StdDev (V),A2;channel;Avg (V),A2;channel;Max (V),A2;channel;Min (V),A2;channel;StdDev (V),A3;channel;Avg (V),A3;channel;Max (V),A3;channel;Min (V),A3;channel;StdDev (V),A4;channel;Avg (V),A4;channel;Max (V),A4;channel;Min (V),A4;channel;StdDev (V),A5;channel;Avg (V),A5;channel;Max (V),A5;channel;Min (V),A5;channel;StdDev (V),A6;channel;Avg (V),A6;channel;Max (V),A6;channel;Min (V),A6;channel;StdDev (V),A7;channel;Avg (V),A7;channel;Max (V),A7;channel;Min (V),A7;channel;StdDev (V),C1;channel;Avg (I),C1;channel;Max (I),C1;channel;Min (I),C1;channel;StdDev (I),C2;channel;Avg (I),C2;channel;Max (I),C2;channel;Min (I),C2;channel;StdDev (I),D1;channel;Avg (),D1;channel;Max (),D1;channel;Min (),D1;channel;StdDev (),T;channel;Avg (°C),I;channel;Avg (mA),I;channel;Max (mA),I;channel;Min (mA),V;channel;Avg (V),V;channel;Max (V),V;channel;Min (V)
2022-11-17 00:00:00,1.6865,3.568,0.5964,0.5362,120,111.2434,32.475,120,78.0829,78.1884,77.9748,0.0699,120,26.1885,26.2059,26.1693,0.0086,120,1007.438,1007.5564,1007.3733,0.0765,120,0,0,0,0,120,0,0,0,0,120,13.728,14.2604,13.2775,0.2168,120,120,0,0,0,0,0,120,None,None,None,None,0,3.4573,3.4593,3.4562,0.0013,0.5619,0.5621,0.5617,0.0001,0.7808,0.7819,0.7797,0.0007,-0.0001,-0.0001,-0.0001,0,0,0,0,0,0,0,0,0,0,0,0,0,160.4917,365,42,58.2781,0,0,0,0,319.1083,682,133,94.3832,35.2,44.7333,51,41,23.66,23.68,23.63
2022-11-17 00:10:00,2.2613,3.9544,0.6148,0.7254,120,99.626,26.5435,120,77.9956,78.1274,77.8832,0.0736,120,26.1626,26.1937,26.1327,0.016,120,1007.364,1007.5564,1007.1902,0.0653,120,0,0,0,0,120,0,0,0,0,120,13.728,14.2604,13.2775,0.1972,120,120,0,0,0,0,0,120,None,None,None,None,0,3.4561,3.4593,3.4532,0.0011,0.5616,0.5619,0.5613,0.0002,0.78,0.7813,0.7788,0.0007,-0.0001,-0.0001,-0.0001,0,0,0,0,0,0,0,0,0,0,0,0,0,222.9667,407,44,78.8511,0,0,0,0,293.4333,981,109,98.4356,35,41.7,49,39,23.67,23.68,23.63
2022-11-17 00:20:00,1.568,3.1724,0.4216,0.6124,120,103.026,31.1712,120,77.8967,77.9748,77.8222,0.0366,120,26.1325,26.151,26.1205,0.0065,120,1007.1975,1007.3916,1006.9887,0.0646,120,0,0,0,0,120,0,0,0,0,120,13.7116,14.2604,13.2775,0.2131,120,120,0,0,0,0,0,120,None,None,None,None,0,3.4533,3.4565,3.4498,0.0011,0.5613,0.5615,0.5612,0.0001,0.779,0.7797,0.7782,0.0004,-0.0001,-0.0001,-0.0001,0,0,0,0,0,0,0,0,0,0,0,0,0,147.6083,322,23,66.567,0,0,0,0,295.1333,602,93,90.7292,35,41.5833,47,39,23.66,23.68,23.63
2022-11-17 00:30:00,1.5966,2.97,0.6516,0.5354,120,102.7405,29.0164,120,77.8423,77.9138,77.7917,0.027,120,26.1082,26.1358,26.0717,0.0161,120,1007.159,1007.2085,1007.0071,0.0762,120,0,0,0,0,120,0,0,0,0,120,13.773,14.2604,13.2775,0.2426,120,120,0,0,0,0,0,120,None,None,None,None,0,3.4527,3.4535,3.4501,0.0013,0.5611,0.5614,0.5607,0.0002,0.7784,0.7791,0.7779,0.0003,-0.0001,-0.0001,-0.0001,0,0,0,0,0,0,0,0,0,0,0,0,0,150.7167,300,48,58.1937,0,0,0,0,294.9917,589,61,84.8771,35,41.6167,47,39,23.67,23.68,23.63
2022-11-17 00:40:00,1.7764,3.3748,0.2836,0.6999,120,100.2036,35.4976,120,77.9951,78.0358,77.9138,0.0312,120,26.1098,26.1358,26.0778,0.0173,120,1007.1476,1007.2085,1006.9887,0.082,120,0,0,0,0,120,0,0,0,0,120,13.814,14.2604,13.2775,0.2014,120,120,0,0,0,0,0,120,None,None,None,None,0,3.4525,3.4535,3.4498,0.0014,0.5611,0.5614,0.5608,0.0002,0.78,0.7804,0.7791,0.0003,-0.0001,-0.0001,-0.0001,0,0,0,0,0,0,0,0,0,0,0,0,0,170.2583,344,8,76.0709,0,0,0,0,288.6917,629,9,105.3506,35,41.4333,47,39,23.67,23.68,23.63
2022-11-17 00:50:00,1.7188,3.5404,0.6056,0.7204,120,101.0013,27.4843,120,78.0216,78.0663,77.9748,0.0224,120,26.1125,26.1327,26.0778,0.014,120,1007.0467,1007.2085,1006.8239,0.0787,120,0,0,0,0,120,0,0,0,0,120,13.7444,14.2604,13.2775,0.1895,120,120,0,0,0,0,0,120,None,None,None,None,0,3.4508,3.4535,3.4471,0.0013,0.5611,0.5613,0.5608,0.0001,0.7802,0.7807,0.7797,0.0002,-0.0001,-0.0001,-0.0001,0,0,0,0,0,0,0,0,0,0,0,0,0,164,362,43,78.3034,0,0,0,0,292.625,863,121,89.5672,35,41.7167,47,39,23.66,23.68,23.63
2022-11-17 01:00:00,1.508,2.9424,0.4308,0.592,120,113.8232,31.1854,120,78.117,78.1579,78.0358,0.0207,120,26.0911,26.1083,26.0747,0.0065,120,1007.0283,1007.2085,1006.8239,0.0647,120,0,0,0,0,120,0,0,0,0,120,13.7607,14.2604,13.2775,0.191,120,120,0,0,0,0,0,120,None,None,None,None,0,3.4505,3.4535,3.4471,0.0011,0.5609,0.5611,0.5607,0.0001,0.7812,0.7816,0.7804,0.0002,-0.0001,-0.0001,-0.0001,0,0,0,0,0,0,0,0,0,0,0,0,0,141.0917,297,24,64.3436,0,0,0,0,330.075,951,90,101.8717,35,41.4833,47,39,23.66,23.68,23.63
2022-11-17 01:10:00,1.2156,3.1448,0,0.6952,120,108.5794,52.6932,120,78.2337,78.28,78.1579,0.0268,120,26.0915,26.1052,26.0778,0.0054,120,1006.9973,1007.1902,1006.8056,0.0512,120,0,0,0,0,120,0,0,0,0,120,13.687,14.2604,13.2775,0.2145,120,120,0,0,0,0,0,120,None,None,None,None,0,3.45,3.4532,3.4468,0.0009,0.5609,0.5611,0.5608,0.0001,0.7823,0.7828,0.7816,0.0003,-0.0001,-0.0001,-0.0001,0,0,0,0,0,0,0,0,0,0,0,0,0,110.25,319,0,74.0087,0,0,0,0,362.525,983,82,186.3554,35,41.85,47,41,23.66,23.68,23.63
2022-11-17 01:20:00,1.2536,2.4732,0.4952,0.4801,120,114.9687,35.5896,120,78.3898,78.5241,78.2189,0.0772,120,26.0707,26.093,26.0503,0.0082,120,1006.9373,1007.0254,1006.7873,0.092,120,0,0,0,0,120,0,0,0,0,120,13.6174,13.7689,13.2775,0.2279,120,120,0,0,0,0,0,120,None,None,None,None,0,3.449,3.4504,3.4465,0.0015,0.5607,0.5609,0.5605,0.0001,0.7839,0.7852,0.7822,0.0008,-0.0001,-0.0001,-0.0001,0,0,0,0,0,0,0,0,0,0,0,0,0,113.4333,246,31,52.1818,0,0,0,0,331.7417,650,57,103.9557,35,41.4,47,39,23.66,23.68,23.63
2022-11-17 01:30:00,1.1947,2.2432,0.4492,0.4304,120,99.1241,32.1416,120,78.6365,78.8598,78.4936,0.0846,120,26.0445,26.0594,26.032,0.0063,120,1006.832,1007.0254,1006.6042,0.101,120,0,0,0,0,120,0,0,0,0,120,13.5232,14.2604,12.2946,0.3715,120,120,0,0,0,0,0,120,None,None,None,None,0,3.4472,3.4504,3.4434,0.0017,0.5604,0.5606,0.5603,0.0001,0.7864,0.7886,0.7849,0.0008,-0.0001,-0.0001,-0.0001,0,0,0,0,0,0,0,0,0,0,0,0,0,107.0333,221,26,46.7868,0,0,0,0,288.05,710,112,96.857,35,41.5833,47,39,23.66,23.68,23.63
2022-11-17 01:40:00,1.2853,4.4052,0,1.0455,120,80.4385,53.8261,120,78.854,79.5618,78.4021,0.3067,120,25.7644,26.0442,25.443,0.2015,120,1006.7948,1007.0071,1006.6042,0.1157,120,0.002,0.2402,0,0.0219,120,0,0,0,0,120,12.8595,13.7689,11.31,0.5397,120,120,0.3,0,0,0,0,120,None,None,None,None,0,3.4466,3.4501,3.4434,0.0019,0.5576,0.5604,0.5544,0.002,0.7885,0.7956,0.784,0.0031,-0.0001,-0.0001,-0.0001,0,0,0,0,0,0,0,0,0,0,0,0,0,117.0667,456,0,113.427,0.025,1,0,0.1568,270.2833,892,18,178.6644,35,41.5833,47,39,23.66,23.68,23.63
2022-11-17 01:50:00,0.4362,0.9552,0,0.2208,120,128.5484,50.328,120,80.2624,80.9351,79.5923,0.383,120,25.3232,25.443,25.2324,0.0595,120,1006.6744,1006.8422,1006.6042,0.0816,120,0.5787,2.163,0,0.7004,120,0,0,0,0,120,13.3553,13.7689,12.786,0.2014,120,120,0,0,0,0,0,120,None,None,None,None,0,3.4446,3.4474,3.4434,0.0014,0.5532,0.5544,0.5523,0.0006,0.8026,0.8094,0.7959,0.0038,-0.0001,-0.0001,-0.0001,0,0,0,0,0,0,0,0,0,0,0,0,0,26.6833,81,0,20.4799,0,0,0,0,377.2667,944,74,153.8967,35,41.8,47,41,23.66,23.68,23.63
2022-11-17 02:00:00,0.8997,2.004,0.2836,0.3668,120,83.7851,41.3176,120,81.5386,81.9422,80.9351,0.2835,120,25.234,25.2477,25.2141,0.007,120,1006.6755,1006.8239,1006.6042,0.0813,120,2.7254,3.3646,2.163,0.3404,120,0,0,0,0,120,13.5109,13.7689,13.2775,0.2465,120,120,0,0,0,0,0,120,None,None,None,None,0,3.4446,3.4471,3.4434,0.0014,0.5523,0.5525,0.5521,0.0001,0.8154,0.8194,0.8094,0.0028,-0.0001,-0.0001,-0.0001,0,0,0,0,0,0,0,0,0,0,0,0,0,74.9667,195,8,39.8685,0,0,0,0,276.8583,1001,16,165.3695,35,41.7167,47,39,23.66,23.68,23.63
2022-11-17 02:10:00,0.9837,2.1788,0.2192,0.3993,120,83.4354,37.222,120,82.3664,82.8578,81.8812,0.2676,120,25.1551,25.2171,25.1073,0.0292,120,1006.6202,1006.8239,1006.4028,0.0646,120,2.4712,3.1236,1.922,0.2806,120,0,0,0,0,120,13.4577,13.7689,13.2775,0.2378,120,120,0,0,0,0,0,120,None,None,None,None,0,3.4437,3.4471,3.44,0.0011,0.5515,0.5522,0.5511,0.0003,0.8237,0.8286,0.8188,0.0027,-0.0001,-0.0001,-0.0001,0,0,0,0,0,0,0,0,0,0,0,0,0,84.1,214,1,43.397,0,0,0,0,247.0417,822,0,119.8201,34.8,41.45,47,41,23.66,23.68,23.63
2022-11-17 02:20:00,0.9567,3.0804,0.2468,0.62,120,79.5836,42.5598,120,83.182,83.4376,82.8272,0.1845,120,25.1201,25.1378,25.1042,0.008,120,1006.6268,1006.8239,1006.4211,0.0528,120,3.3722,5.7669,2.4032,0.8969,120,0.0061,0.3661,0,0.0471,120,13.5764,13.7689,13.2775,0.2409,120,120,0,0,0,0,0,120,None,None,None,None,0,3.4438,3.4471,3.4404,0.0009,0.5512,0.5514,0.551,0.0001,0.8318,0.8344,0.8283,0.0018,-0.0001,-0.0001,-0.0001,0,0,0.0001,0,0,0,0,0,0,0,0,0,0,81.1583,312,4,67.3936,0,0,0,0,270.65,1018,60,179.5545,34,41.5333,47,39,23.66,23.68,23.63
2022-11-17 02:30:00,2.4641,5.0952,0.9736,0.7594,120,103.1491,33.8988,120,84.1306,84.4142,83.3155,0.2664,120,25.2719,25.3758,25.092,0.1021,120,1006.6584,1006.8239,1006.5859,0.0749,120,4.8902,6.248,3.1236,0.9815,120,0.0885,0.3661,0,0.1574,120,13.6952,14.2604,13.2775,0.2175,120,120,0,0,0,0,0,120,None,None,None,None,0,3.4443,3.4471,3.4431,0.0012,0.5527,0.5538,0.5509,0.001,0.8413,0.8441,0.8332,0.0027,-0.0001,-0.0001,-0.0001,0,0.0001,0.0001,0,0,0,0,0,0,0,0,0,0,245.0083,531,83,82.5413,0,0,0,0,296.5667,640,47,99.0277,34,41.3833,47,39,23.66,23.68,23.63
2022-11-17 02:40:00,2.752,5.8128,0.4768,1.1295,120,128.6971,37.3185,120,84.3142,84.5973,84.1395,0.1134,120,25.2364,25.3667,25.089,0.0855,120,1006.7943,1007.0254,1006.6042,0.088,120,3.8088,4.8063,2.4032,0.6244,120,0,0,0,0,120,13.4659,13.7689,13.2775,0.2399,120,120,0,0,0,0,0,120,None,None,None,None,0,3.4466,3.4504,3.4434,0.0015,0.5524,0.5537,0.5509,0.0009,0.8431,0.846,0.8414,0.0011,-0.0001,-0.0001,-0.0001,0,0,0.0001,0,0,0,0,0,0,0,0,0,0,276.3,609,29,122.7704,0,0,0,0,366.475,805,60,110.2017,34,41.5,47,39,23.65,23.68,23.63
2022-11-17 02:50:00,2.8718,5.7668,0.8356,0.9753,120,118.7171,31.0641,120,84.9597,85.2382,84.5668,0.1945,120,25.0204,25.0859,24.9272,0.0348,120,1006.8749,1007.0254,1006.7873,0.0942,120,4.2214,4.8063,3.1236,0.4914,120,0,0,0,0,120,13.4945,13.7689,13.2775,0.2451,120,120,0,0,0,0,0,120,None,None,None,None,0,3.4479,3.4504,3.4465,0.0016,0.5502,0.5509,0.5493,0.0003,0.8496,0.8524,0.8457,0.0019,-0.0001,-0.0001,-0.0001,0,0.0001,0.0001,0,0,0,0,0,0,0,0,0,0,289.325,604,68,106.0109,0,0,0,0,346.525,989,89,105.9943,34,41.8333,47,39,23.65,23.68,23.63
2022-11-17 03:00:00,3.1583,6.8432,0.7528,1.1982,120,121.7983,36.6583,120,85.1372,85.4518,84.8415,0.1621,120,24.6817,24.9242,24.4969,0.1242,120,1006.9347,1007.1902,1006.7873,0.1033,120,4.3716,5.2866,3.1236,0.539,120,0,0,0,0,120,13.3717,13.7689,12.786,0.2234,120,120,0,0,0,0,0,120,None,None,None,None,0,3.4489,3.4532,3.4465,0.0017,0.5468,0.5492,0.545,0.0012,0.8514,0.8545,0.8484,0.0016,-0.0001,-0.0001,-0.0001,0,0.0001,0.0001,0,0,0,0,0,0,0,0,0,0,320.4667,721,59,130.2346,0,0,0,0,357.1167,952,73,121.9959,34,41.7,47,39,23.65,23.68,23.63
2022-11-17 03:10:00,3.3865,7.064,0.9552,1.3587,120,104.2473,36.8631,120,85.641,85.818,85.3908,0.1146,120,24.4249,24.4969,24.3413,0.0434,120,1006.9457,1007.0071,1006.7873,0.085,120,4.8562,6.248,3.8449,0.5422,120,0,0,0,0,120,13.4454,13.7689,13.2775,0.2341,120,120,0.1,0,0,0,0,120,None,None,None,None,0,3.4491,3.4501,3.4465,0.0014,0.5443,0.545,0.5434,0.0004,0.8564,0.8582,0.8539,0.0011,-0.0001,-0.0001,-0.0001,0,0.0001,0.0001,0,0,0,0,0,0,0,0,0,0,345.275,745,81,147.6806,0.0083,1,0,0.0913,307.775,920,22,123.4045,34,41.6,47,39,23.65,23.68,23.63
2022-11-17 03:20:00,3.1475,6.7512,0.946,1.2962,120,99.0029,29.812,120,86.0533,86.3063,85.7875,0.1486,120,24.2877,24.3565,24.2589,0.0244,120,1006.9529,1007.0071,1006.769,0.0762,120,4.1112,5.5268,2.4032,0.8341,120,0,0,0,0,120,13.4945,13.7689,13.2775,0.2451,120,120,0,0,0,0,0,120,None,None,None,None,0,3.4492,3.4501,3.4462,0.0013,0.5429,0.5436,0.5426,0.0002,0.8605,0.8631,0.8579,0.0015,-0.0001,-0.0001,-0.0001,0,0.0001,0.0001,0,0,0,0,0,0,0,0,0,0,319.2917,711,80,140.8898,0,0,0,0,293.8667,990,119,110.2145,34,41.7833,47,39,23.65,23.68,23.63
2022-11-17 03:30:00,2.876,6.098,0.5228,1.1776,120,114.3036,38.1523,120,86.1527,86.3063,86.0317,0.0595,120,24.1724,24.268,24.03,0.0726,120,1006.9738,1007.1718,1006.7873,0.0631,120,2.0506,2.8835,0.7213,0.509,120,0,0,0,0,120,13.4782,13.7689,12.786,0.2508,120,120,0,0,0,0,0,120,None,None,None,None,0,3.4496,3.4529,3.4465,0.0011,0.5417,0.5427,0.5403,0.0007,0.8615,0.8631,0.8603,0.0006,-0.0001,-0.0001,-0.0001,0,0,0,0,0,0,0,0,0,0,0,0,0,289.7833,640,34,127.9982,0,0,0,0,335.4417,769,140,115.295,34,41.3,47,41,23.64,23.68,23.63
2022-11-17 03:40:00,2.7717,5.5828,0.8172,1.0103,120,94.8293,29.1676,120,86.4213,86.642,86.0317,0.1437,120,23.9776,24.03,23.9598,0.0169,120,1006.9855,1007.1902,1006.7873,0.0588,120,0.2603,1.2016,0,0.3464,120,0,0,0,0,120,13.4331,13.7689,12.786,0.2466,120,120,0,0,0,0,0,120,None,None,None,None,0,3.4498,3.4532,3.4465,0.001,0.5398,0.5403,0.5396,0.0002,0.8642,0.8664,0.8603,0.0014,-0.0001,-0.0001,-0.0001,0,0,0,0,0,0,0,0,0,0,0,0,0,278.4417,584,66,109.8112,0,0,0,0,280.0167,978,110,104.1056,34,41.5333,47,39,23.64,23.68,23.63
2022-11-17 03:50:00,2.146,4.258,0.7896,0.8109,120,95.7177,36.6396,120,86.9048,87.0083,86.6115,0.1223,120,24.0085,24.0513,23.9567,0.0335,120,1006.9234,1007.1718,1006.769,0.0934,120,0,0,0,0,120,0,0,0,0,120,13.4495,13.7689,12.786,0.2439,120,120,0,0,0,0,0,120,None,None,None,None,0,3.4487,3.4529,3.4462,0.0016,0.5401,0.5405,0.5396,0.0003,0.869,0.8701,0.8661,0.0012,-0.0001,-0.0001,-0.0001,0,0,0,0,0,0,0,0,0,0,0,0,0,210.4333,440,63,88.1418,0,0,0,0,290.8667,931,49,127.9356,33.8,41.6333,47,41,23.64,23.68,23.63
2022-11-17 04:00:00,1.775,3.7428,0.4952,0.6549,120,76.7643,37.5086,120,87.0769,87.2219,86.8862,0.0899,120,24.0359,24.0666,23.9933,0.0197,120,1006.8285,1006.9887,1006.769,0.0824,120,0,0,0,0,120,0,0,0,0,120,13.515,13.7689,13.2775,0.2466,120,120,0,0,0,0,0,120,None,None,None,None,0,3.4471,3.4498,3.4462,0.0014,0.5404,0.5407,0.5399,0.0002,0.8708,0.8722,0.8689,0.0009,-0.0001,-0.0001,-0.0001,0,0,0,0,0,0,0,0,0,0,0,0,0,170.1083,384,31,71.1894,0,0,0,0,232.725,805,5,124.3031,33,41.7833,47,39,23.64,23.68,23.63
2022-11-17 04:10:00,1.0873,2.3812,0.3848,0.4821,120,77.1281,44.7682,120,87.242,87.4355,87.0083,0.1269,120,23.96,23.9994,23.9323,0.0139,120,1006.8816,1006.9887,1006.7507,0.099,120,0,0,0,0,120,0,0,0,0,120,13.47,13.7689,12.786,0.2492,120,120,0,0,0,0,0,120,None,None,None,None,0,3.448,3.4498,3.4458,0.0016,0.5396,0.54,0.5393,0.0001,0.8724,0.8744,0.8701,0.0013,-0.0001,-0.0001,-0.0001,0,0,0,0,0,0,0,0,0,0,0,0,0,95.3583,236,19,52.4026,0,0,0,0,284.9583,1018,11,208.2114,33,41.7,47,39,23.63,23.68,23.63
2022-11-17 04:20:00,1.4812,3.9452,0.3112,0.7607,120,68.4573,52.482,120,87.4376,87.5881,87.1609,0.106,120,24.0158,24.1246,23.9598,0.0493,120,1007.0197,1007.1902,1006.7873,0.0858,120,0,0,0,0,120,0,0,0,0,120,13.5642,14.2604,13.2775,0.2515,120,120,0,0,0,0,0,120,None,None,None,None,0,3.4503,3.4532,3.4465,0.0014,0.5402,0.5413,0.5396,0.0005,0.8744,0.8759,0.8716,0.0011,-0.0001,-0.0001,-0.0001,0,0,0,0,0,0,0,0,0,0,0,0,0,138.175,406,11,82.6798,0,0,0,0,297.175,1018,3,240.8107,33,41.8833,49,39,23.64,23.68,23.63
2022-11-17 04:30:00,1.7164,3.3196,0.6148,0.6345,120,69.5652,34.5823,120,87.4365,87.5271,87.2829,0.0541,120,24.2121,24.2802,24.1246,0.047,120,1007.1474,1007.1902,1006.9521,0.0576,120,0.02,0.2402,0,0.0667,120,0.0244,0.3661,0,0.0917,120,13.6543,14.2604,13.2775,0.2274,120,120,0,0.056,0.3052,0,0.1186,120,None,None,None,None,0,3.4525,3.4532,3.4492,0.001,0.5421,0.5428,0.5413,0.0005,0.8744,0.8753,0.8728,0.0005,-0.0001,-0.0001,-0.0001,0,0,0,0,0,0,0,0,0,0.0001,0.0003,0,0.0001,163.7417,338,44,68.9636,0,0,0,0,219.85,937,1,135.7618,33,41.4333,47,39,23.66,23.68,23.63
2022-11-17 04:40:00,1.5885,3.8164,0.4216,0.6355,120,66.3483,33.4719,120,87.3933,87.466,87.2829,0.0554,120,24.3147,24.3596,24.268,0.0279,120,1007.1351,1007.1718,1006.9521,0.0665,120,1.1475,2.4032,0.2402,0.6156,120,1.3371,2.9304,0.3661,0.8235,120,13.429,13.7689,13.2775,0.2279,120,120,0,1.9227,3.6622,0.3052,0.9672,120,None,None,None,None,0,3.4523,3.4529,3.4492,0.0011,0.5432,0.5436,0.5427,0.0003,0.8739,0.8747,0.8728,0.0006,-0.0001,-0.0001,-0.0001,0,0,0,0,0,0,0,0,0,0.0019,0.0037,0.0003,0.001,149.8417,392,23,69.0784,0,0,0,0,233.8667,1005,14,175.8548,33,41.6667,47,39,23.66,23.68,23.63
2022-11-17 04:50:00,0.9272,2.9424,0,0.6158,120,80.4835,52.5259,120,87.0378,87.3135,86.7641,0.1283,120,24.2421,24.3474,24.1795,0.0581,120,1007.0757,1007.1902,1006.9521,0.0967,120,5.5631,8.8913,2.4032,1.9903,120,5.8161,9.5258,2.9304,1.8948,120,13.3717,13.7689,12.786,0.2141,120,120,0,6.1876,9.1555,3.357,1.6389,120,89.26,89.89,88.62,0.43,77,3.4513,3.4532,3.4492,0.0016,0.5424,0.5435,0.5418,0.0006,0.8704,0.8731,0.8676,0.0013,-0.0001,-0.0001,-0.0001,0,0.0001,0.0001,0,0,0,0.0001,0,0,0.0062,0.0092,0.0034,0.0016,79.475,297,0,64.8386,0,0,0,0,305.675,1015,37,213.7287,33,41.3667,47,39,23.65,23.68,23.63
2022-11-17 05:00:00,0.5766,1.222,0,0.2953,120,131.7819,50.6146,120,87.0243,87.0693,86.9778,0.0237,120,24.2042,24.2344,24.1887,0.0103,120,1007.0667,1007.1902,1006.9521,0.0954,120,14.7426,20.6661,8.8913,3.3672,120,14.8471,20.8836,9.1597,3.2844,120,13.429,13.7689,12.786,0.2366,120,120,0,13.9037,19.2267,9.1555,2.8903,120,87.33,88.62,86.07,0.68,120,3.4511,3.4532,3.4492,0.0016,0.542,0.5423,0.5419,0.0001,0.8702,0.8707,0.8698,0.0002,-0.0001,-0.0001,-0.0001,0,0.0002,0.0003,0.0001,0,0.0001,0.0002,0.0001,0,0.0139,0.0192,0.0092,0.0029,42.325,110,0,27.7247,0,0,0,0,389.6167,1003,99,154.8501,33,41.4,47,39,23.65,23.68,23.63
2022-11-17 05:10:00,0.1922,0.486,0,0.1636,120,179.3805,62.7443,120,86.9086,87.0388,86.8252,0.0618,120,24.2891,24.3748,24.2222,0.038,120,1007.0283,1007.1718,1006.9521,0.0908,120,30.2562,37.2472,20.6661,5.1296,120,30.2529,37.3697,20.8836,5.046,120,13.5232,13.7689,13.2775,0.2468,120,120,0,27.4972,33.8755,19.2267,4.4505,120,84.98,86.07,83.78,0.69,120,3.4505,3.4529,3.4492,0.0015,0.5429,0.5437,0.5422,0.0004,0.8691,0.8704,0.8683,0.0006,-0.0001,-0.0001,-0.0001,0,0.0004,0.0005,0.0003,0.0001,0.0003,0.0003,0.0002,0,0.0275,0.0339,0.0192,0.0045,7.0083,30,0,8.033,0,0,0,0,484.9083,865,18,181.808,33,41.6667,47,39,23.65,23.68,23.63
2022-11-17 05:20:00,0.3938,0.7804,0,0.2035,120,214.7362,51.4945,120,86.7547,86.9778,86.6115,0.0975,120,24.4213,24.4481,24.3779,0.0175,120,1006.98,1007.1718,1006.9521,0.0481,120,30.8569,37.2472,26.674,3.1937,120,31.117,37.3697,26.7455,3.1343,120,13.4618,14.2604,13.2775,0.2473,120,120,0,28.9036,33.8755,25.6355,2.5205,120,82.63,83.78,81.48,0.69,120,3.4497,3.4529,3.4492,0.0008,0.5442,0.5445,0.5438,0.0002,0.8675,0.8698,0.8661,0.001,-0.0001,-0.0001,-0.0001,0,0.0004,0.0005,0.0003,0,0.0003,0.0003,0.0002,0,0.0289,0.0339,0.0256,0.0025,23.0167,62,0,16.9492,0,0,0,0,547.3083,869,18,183.0614,33,41.7333,47,39,23.65,23.68,23.63
2022-11-17 05:30:00,0.2817,0.6516,0,0.2312,120,260.0978,46.1134,120,86.7079,86.8557,86.642,0.0607,120,24.3573,24.3962,24.3321,0.015,120,1007.0914,1007.3366,1006.9521,0.0945,120,22.5925,26.4331,14.8984,3.067,120,22.7057,27.1116,14.6543,3.4196,120,13.5109,14.2604,13.2775,0.2546,120,120,0,22.0776,25.6355,14.9541,2.8532,120,80.27,81.48,79.18,0.69,120,3.4515,3.4556,3.4492,0.0016,0.5436,0.544,0.5433,0.0001,0.8671,0.8686,0.8664,0.0006,-0.0001,-0.0001,-0.0001,0,0.0003,0.0003,0.0002,0,0.0002,0.0002,0.0001,0,0.0221,0.0256,0.015,0.0029,16.1583,48,0,15.388,0,0,0,0,733.4417,998,18,143.5955,33,41.8667,47,41,23.65,23.68,23.63
2022-11-17 05:40:00,1.2518,2.786,0,0.83,120,190.8022,32.9788,120,86.9383,87.1914,86.7946,0.1128,120,24.4404,24.5122,24.3657,0.0442,120,1007.2417,1007.5198,1007.1352,0.1021,120,11.5105,18.5032,7.6898,2.6431,120,11.5865,18.6843,8.7923,2.3662,120,13.2775,14.2604,12.786,0.3371,120,120,1.4,12.5991,19.5318,10.3763,2.2022,120,77.91,79.18,76.63,0.69,120,3.454,3.4587,3.4523,0.0017,0.5444,0.5451,0.5437,0.0004,0.8694,0.8719,0.8679,0.0011,-0.0001,-0.0001,-0.0001,0,0.0001,0.0002,0.0001,0,0.0001,0.0002,0.0001,0,0.0126,0.0195,0.0104,0.0022,115.3333,280,0,87.224,0.1167,1,0,0.3224,539.6167,689,267,93.9331,33,41.5667,47,39,23.65,23.68,23.63
2022-11-17 05:50:00,2.1638,4.6628,0.2836,0.9228,120,154.1565,42.9337,120,87.0797,87.4355,86.8557,0.1676,120,24.2653,24.4359,24.0025,0.1491,120,1007.3969,1007.5198,1007.3183,0.0774,120,39.5979,56.2307,18.5032,14.0867,120,39.3633,56.054,18.6843,14.0878,120,13.3471,13.7689,12.786,0.2141,120,120,1.6,40.9228,57.0696,19.837,14.677,120,75.55,76.63,74.32,0.69,120,3.4566,3.4587,3.4553,0.0013,0.5426,0.5444,0.54,0.0015,0.8708,0.8744,0.8686,0.0017,-0.0001,-0.0001,-0.0001,0,0.0005,0.0007,0.0002,0.0002,0.0003,0.0005,0.0002,0.0001,0.0409,0.0571,0.0198,0.0147,212.3667,484,8,100.2995,0.1333,1,0,0.3414,437.9167,781,167,122.3797,33,41.7,47,39,23.65,23.68,23.63
2022-11-17 06:00:00,1.7261,3.246,0.5228,0.5367,120,111.0808,36.3331,120,87.4699,87.9849,86.9472,0.3492,120,23.8958,24.1063,23.7797,0.0893,120,1007.3382,1007.5381,1007.1352,0.079,120,78.4891,116.0661,56.4709,16.4769,120,73.5729,109.1777,56.054,14.2116,120,13.6461,14.2604,12.786,0.3562,120,120,0.1,70.9555,100.7111,57.0696,11.4573,120,73.19,74.32,72.02,0.69,120,3.4556,3.459,3.4523,0.0013,0.539,0.5411,0.5378,0.0009,0.8747,0.8798,0.8695,0.0035,-0.0001,-0.0001,-0.0001,0,0.001,0.0015,0.0007,0.0002,0.0006,0.0009,0.0005,0.0001,0.071,0.1007,0.0571,0.0115,164.7917,330,34,58.3334,0.0083,1,0,0.0913,317.4917,708,79,105.221,33,41.5833,47,39,23.66,23.68,23.63
2022-11-17 06:10:00,1.3493,3.7704,0.302,0.6446,120,137.1094,43.4589,120,87.8783,88.1069,87.7102,0.1399,120,24.5167,24.8357,24.1032,0.2095,120,1007.3492,1007.5198,1007.1352,0.1003,120,148.968,161.0032,117.2677,11.4127,120,142.5876,154.9736,110.2773,11.6825,120,14.1253,14.7535,13.7689,0.2294,120,120,0,134.5027,144.9629,101.9318,11.9598,120,70.83,72.02,69.71,0.69,120,3.4558,3.4587,3.4523,0.0017,0.5452,0.5484,0.541,0.0021,0.8788,0.8811,0.8771,0.0014,-0.0001,-0.0001,-0.0001,0,0.0019,0.002,0.0015,0.0001,0.0012,0.0013,0.0009,0.0001,0.1345,0.145,0.1019,0.012,123.8333,387,10,70.0693,0,0,0,0,387.525,868,6,129.2795,33,41.5167,47,39,23.65,23.68,23.63
2022-11-17 06:20:00,1.4102,2.1052,0.5596,0.3438,120,143.0064,30.6145,120,87.5932,87.7407,87.405,0.0808,120,25.0561,25.2721,24.8387,0.1312,120,1007.5007,1007.7029,1007.3366,0.0631,120,147.9266,160.763,137.9339,6.6922,120,140.8687,152.7755,131.1597,6.5303,120,14.0229,14.7535,13.7689,0.2626,120,120,0,137.9411,150.4563,127.8726,7.0252,120,68.47,69.71,67.41,0.69,120,3.4583,3.4617,3.4556,0.0011,0.5506,0.5527,0.5484,0.0013,0.8759,0.8774,0.8741,0.0008,-0.0001,-0.0001,-0.0001,0,0.0019,0.002,0.0018,0.0001,0.0012,0.0013,0.0011,0.0001,0.1379,0.1505,0.1279,0.007,130.4583,206,38,37.3678,0,0,0,0,409.2167,791,193,90.5011,33,41.55,47,39,23.65,23.68,23.63
2022-11-17 06:30:00,1.2215,2.6848,0.3204,0.5246,120,139.5841,34.8274,120,87.3831,87.5881,87.2219,0.0868,120,25.4108,25.5742,25.269,0.0871,120,1007.6428,1007.886,1007.4831,0.0887,120,139.3098,150.1898,111.5008,10.1564,120,132.4637,142.5174,104.0492,9.6313,120,14.0515,14.7535,13.2775,0.2601,120,120,0,132.018,141.9111,104.6785,9.186,120,66.1,67.15,64.85,0.69,120,3.4607,3.4648,3.4581,0.0015,0.5541,0.5557,0.5527,0.0009,0.8738,0.8759,0.8722,0.0009,-0.0001,-0.0001,-0.0001,0,0.0018,0.0019,0.0014,0.0001,0.0011,0.0012,0.0009,0.0001,0.132,0.1419,0.1047,0.0092,109.9417,269,12,57.0191,0,0,0,0,400.15,718,208,101.5017,33,41.6,47,39,23.65,23.68,23.63
2022-11-17 06:40:00,2.6972,5.4448,0.5688,1.0264,120,132.9015,36.1269,120,86.7438,87.3745,85.9706,0.39,120,25.5142,25.6139,25.1531,0.12,120,1007.859,1008.0874,1007.6662,0.1313,120,96.5679,162.9252,67.5252,27.1423,120,93.882,177.6891,64.114,29.8239,120,14.9208,48.6835,12.2946,5.8922,120,120,0.3,92.4762,162.9688,64.0889,26.7483,120,63.73,64.85,62.54,0.69,120,3.4643,3.4681,3.4611,0.0022,0.5551,0.5561,0.5515,0.0012,0.8674,0.8737,0.8597,0.0039,-0.0001,-0.0001,-0.0003,0,0.0012,0.0021,0.0009,0.0003,0.0008,0.0015,0.0005,0.0002,0.0925,0.163,0.0641,0.0267,270.35,569,39,111.5688,0.025,1,0,0.1568,380.1417,644,160,103.4198,33,41.4167,47,39,23.65,23.68,23.63
2022-11-17 06:50:00,1.4245,3.0988,0.3296,0.5969,120,112.5165,41.997,120,87.3666,88.0154,86.2148,0.4528,120,25.0657,25.3697,24.9089,0.1243,120,1007.8712,1008.0691,1007.6662,0.0722,120,285.0337,348.9205,164.848,59.5937,120,439.4348,702.3289,172.5594,150.4053,120,286.8999,634.8598,23.6046,186.7944,120,120,0.1,382.5114,592.0591,159.6118,123.8038,120,61.37,62.54,60.24,0.69,120,3.4645,3.4678,3.4611,0.0012,0.5507,0.5537,0.5491,0.0012,0.8737,0.8802,0.8621,0.0045,-0.0018,-0.0001,-0.0039,0.0012,0.0036,0.0044,0.0021,0.0008,0.0037,0.0059,0.0014,0.0013,0.3825,0.5921,0.1596,0.1238,132.0083,314,13,64.8834,0.0083,1,0,0.0913,324.3417,622,30,120.6149,33,41.5667,47,39,23.65,23.68,23.63
2022-11-17 07:00:00,2.0176,4.672,0.3848,0.9201,120,120.0847,32.8549,120,86.9378,87.6797,85.9706,0.4378,120,25.8178,26.2059,25.3697,0.2507,120,1007.9376,1008.0691,1007.6846,0.0973,120,284.7633,344.8354,268.4189,18.7573,120,472.0751,699.3974,267.0828,180.6883,120,357.0246,773.5353,15.2449,323.344,120,120,0,403.0859,591.1435,235.9081,144.9492,120,59.01,60.24,57.94,0.69,120,3.4656,3.4678,3.4614,0.0016,0.5582,0.5621,0.5537,0.0025,0.8694,0.8768,0.8597,0.0044,-0.0022,-0.0001,-0.0048,0.002,0.0036,0.0044,0.0034,0.0002,0.0039,0.0058,0.0022,0.0015,0.4031,0.5911,0.2359,0.1449,196.4833,485,19,100.0143,0,0,0,0,343.7333,596,170,94.3436,33,41.7,49,39,23.66,23.68,23.63
2022-11-17 07:10:00,2.4859,5.3344,0.5228,1.0995,120,128.1571,37.3183,120,85.9864,86.7336,84.7499,0.4928,120,26.5885,26.9292,26.2151,0.2244,120,1007.9192,1008.0874,1007.8494,0.0802,120,234.1815,301.5803,172.2976,45.0071,120,538.5131,717.7167,251.3289,149.6075,120,548.3307,808.9413,19.1782,296.9656,120,120,0,457.1368,608.2339,220.6488,122.3393,120,56.65,57.94,55.38,0.68,120,3.4653,3.4681,3.4642,0.0013,0.5659,0.5693,0.5622,0.0022,0.8599,0.8673,0.8475,0.0049,-0.0034,-0.0001,-0.005,0.0018,0.003,0.0038,0.0022,0.0006,0.0045,0.006,0.0021,0.0012,0.4571,0.6082,0.2206,0.1223,247.375,557,34,119.5136,0,0,0,0,363.5667,715,67,108.1935,33,41.7833,47,39,23.65,23.68,23.63
2022-11-17 07:20:00,2.868,6.2176,0.716,1.2411,120,126.0374,33.9399,120,84.5922,85.9401,83.4986,0.6371,120,27.0733,27.1795,26.9262,0.0642,120,1008.0311,1008.2522,1007.8677,0.0855,120,182.4822,216.0323,150.6701,17.1681,120,588.1408,691.3373,202.9688,144.878,120,679.3065,824.1863,45.7332,239.302,120,120,0,497.7264,592.0591,173.04,122.6158,120,54.29,55.38,53.09,0.69,120,3.4672,3.4709,3.4645,0.0014,0.5707,0.5718,0.5693,0.0006,0.8459,0.8594,0.835,0.0064,-0.0042,-0.0003,-0.0051,0.0015,0.0023,0.0027,0.0019,0.0002,0.0049,0.0058,0.0017,0.0012,0.4977,0.5921,0.173,0.1226,288.9167,653,55,134.9034,0,0,0,0,354.9333,551,58,97.4958,33,41.65,47,39,23.65,23.68,23.63
2022-11-17 07:30:00,2.8302,6.0704,1.0472,1.1546,120,118.7314,37.8144,120,83.4745,84.6583,82.461,0.5125,120,27.2976,27.5243,27.1062,0.0998,120,1008.1033,1008.2705,1007.8677,0.1012,120,159.0847,185.274,141.5386,11.622,120,666.1223,713.6867,307.383,56.746,120,783.9771,826.6452,133.2662,94.5134,120,120,0,564.8798,606.4028,224.9214,51.4219,120,51.94,53.09,50.79,0.69,120,3.4684,3.4712,3.4645,0.0017,0.573,0.5752,0.5711,0.001,0.8347,0.8466,0.8246,0.0051,-0.0049,-0.0008,-0.0051,0.0006,0.002,0.0024,0.0018,0.0001,0.0055,0.0059,0.0026,0.0005,0.5649,0.6064,0.2249,0.0514,284.8083,637,91,125.4969,0,0,0,0,350.5417,1008,117,124.7128,33,41.7,47,39,23.65,23.68,23.63
2022-11-17 07:40:00,3.0848,5.5644,0.9,0.9374,120,111.4572,31.8783,120,81.49,82.7357,80.3858,0.5917,120,27.5185,27.5701,27.4694,0.0296,120,1008.2026,1008.4353,1008.0508,0.0888,120,216.6794,289.5654,151.6315,50.2964,120,696.7873,861.6987,206.6315,174.6298,120,704.9599,832.0545,20.1627,245.2828,120,120,0,590.8638,740.379,163.274,154.9264,120,49.59,50.79,48.51,0.69,120,3.47,3.4739,3.4675,0.0015,0.5752,0.5757,0.5747,0.0003,0.8149,0.8274,0.8039,0.0059,-0.0044,-0.0001,-0.0052,0.0015,0.0028,0.0037,0.0019,0.0006,0.0058,0.0072,0.0017,0.0015,0.5909,0.7404,0.1633,0.1549,312.475,582,75,101.8884,0,0,0,0,318.275,556,142,91.0216,33,41.5833,47,39,23.66,23.68,23.63
2022-11-17 07:50:00,3.2048,5.546,0.7068,1.0214,120,118.8528,31.2657,120,79.7299,81.1792,78.5852,0.5769,120,27.5911,27.6891,27.5365,0.0476,120,1008.1729,1008.2705,1008.0508,0.0953,120,254.5432,295.8134,216.2732,22.7643,120,670.7325,904.1981,227.515,245.7736,120,583.4095,847.7908,16.7193,336.0161,120,120,0,572.3085,782.4946,187.6888,214.642,120,47.25,48.51,45.97,0.68,120,3.4695,3.4712,3.4675,0.0016,0.5759,0.5769,0.5754,0.0005,0.7973,0.8118,0.7859,0.0058,-0.0036,-0.0001,-0.0053,0.0021,0.0032,0.0038,0.0027,0.0003,0.0056,0.0075,0.0019,0.002,0.5723,0.7825,0.1877,0.2146,325.5167,580,54,111.0202,0,0,0,0,342.7,997,48,104.1418,33,41.4833,47,41,23.66,23.68,23.63
2022-11-17 08:00:00,3.1825,6.2636,1.13,1.1042,120,123.1454,37.0706,120,77.8082,79.1345,77.0287,0.583,120,27.6335,27.7105,27.5671,0.0475,120,1008.1372,1008.2888,1008.0508,0.0885,120,295.9294,384.485,245.3496,52.9939,120,595.4132,979.6699,291.2629,198.6029,120,403.426,861.0683,60.9781,252.4963,120,120,0,521.4672,871.6086,246.8947,178.4279,120,44.91,45.97,43.69,0.68,120,3.469,3.4715,3.4675,0.0015,0.5763,0.5771,0.5757,0.0005,0.7781,0.7913,0.7703,0.0058,-0.0025,-0.0004,-0.0053,0.0016,0.0038,0.0049,0.0031,0.0007,0.005,0.0082,0.0024,0.0017,0.5215,0.8716,0.2469,0.1784,323.1,658,100,120.0227,0,0,0,0,349.5,656,52,107.0669,33.2,41.4833,47,39,23.66,23.68,23.63
2022-11-17 08:10:00,3.2718,6.4016,1.1668,1.0484,120,106.891,34.3798,120,76.3939,77.6391,75.3197,0.69,120,27.7062,27.7746,27.5671,0.0613,120,1008.0401,1008.2522,1007.886,0.0845,120,300.4872,372.7102,241.985,31.7344,120,706.084,1039.3878,250.5966,320.2498,120,526.6688,882.7054,14.7535,391.3093,120,120,0,621.4408,927.1523,212.1036,286.7268,120,42.58,43.69,41.43,0.68,120,3.4673,3.4709,3.4648,0.0014,0.5771,0.5777,0.5757,0.0006,0.7639,0.7764,0.7532,0.0069,-0.0033,-0.0001,-0.0055,0.0024,0.0038,0.0047,0.0031,0.0004,0.0059,0.0087,0.0021,0.0027,0.6214,0.9272,0.2121,0.2867,332.8083,673,104,113.9548,0,0,0,0,308.0417,719,28,101.4568,34,41.6333,47,39,23.66,23.68,23.63
2022-11-17 08:20:00,3.295,7.0732,0.9736,1.357,120,117.613,35.3744,120,75.0483,76.0826,73.336,0.6276,120,27.8149,28.0035,27.7014,0.0895,120,1008.0041,1008.1057,1007.7395,0.0943,120,278.5094,342.4323,228.7685,36.4588,120,795.0108,1007.88,301.521,249.2771,120,642.023,905.3271,18.1953,332.6029,120,120,0,701.5646,898.1597,258.4918,224.4551,120,40.26,41.43,39.17,0.68,120,3.4667,3.4684,3.4623,0.0016,0.5782,0.58,0.577,0.0009,0.7505,0.7608,0.7334,0.0063,-0.004,-0.0001,-0.0056,0.0021,0.0035,0.0043,0.0029,0.0005,0.0066,0.0084,0.0025,0.0021,0.7016,0.8982,0.2585,0.2245,335.325,746,83,147.497,0,0,0,0,336.5667,646,121,101.4438,34,41.95,47,39,23.66,23.68,23.63
2022-11-17 08:30:00,3.1258,5.362,1.314,0.8966,120,117.5707,36.0343,120,73.7419,74.6788,72.9392,0.4673,120,28.0492,28.1622,27.9211,0.0891,120,1008.0148,1008.2888,1007.9043,0.1,120,291.1314,350.122,250.8764,31.3972,120,740.0067,1072.7275,302.9868,276.3238,120,540.3561,895.4915,25.079,349.2253,120,120,0,653.6912,972.0145,260.0177,250.2079,120,37.95,39.17,36.93,0.67,120,3.4669,3.4715,3.4651,0.0017,0.5805,0.5816,0.5792,0.0009,0.7374,0.7468,0.7294,0.0047,-0.0034,-0.0002,-0.0056,0.0022,0.0037,0.0044,0.0032,0.0004,0.0062,0.0089,0.0025,0.0023,0.6537,0.972,0.26,0.2502,316.9333,560,120,97.4571,0,0,0,0,333.325,605,8,103.3629,34,41.5667,47,41,23.67,23.68,23.63
2022-11-17 08:40:00,3.3362,5.5828,1.5164,1.0214,120,116.5431,32.092,120,72.4873,73.2139,71.7795,0.3424,120,28.114,28.1652,28.0554,0.0333,120,1007.9862,1008.124,1007.7395,0.096,120,295.3487,358.7724,238.6213,38.3051,120,884.4628,1116.6915,309.2149,250.059,120,685.6502,894.5085,16.2278,298.5093,120,120,0,791.1008,1016.2664,263.6799,227.0254,120,35.65,36.68,34.45,0.66,120,3.4664,3.4687,3.4623,0.0016,0.5811,0.5817,0.5806,0.0003,0.7249,0.7321,0.7178,0.0034,-0.0043,-0.0001,-0.0056,0.0019,0.0038,0.0046,0.003,0.0005,0.0074,0.0093,0.0026,0.0021,0.7911,1.0163,0.2637,0.227,339.8083,584,142,111.0227,0,0,0,0,329.2833,610,63,93.4416,34.1,41.5833,47,39,23.67,23.68,23.63
2022-11-17 08:50:00,3.6059,6.5856,0.762,1.4487,120,94.7304,39.1666,120,71.6432,72.2983,70.8945,0.276,120,28.0461,28.1713,27.976,0.0648,120,1007.9722,1008.124,1007.9043,0.0854,120,281.1468,351.0827,225.1638,32.7623,120,875.6119,1109.7311,243.2689,294.0861,120,675.1757,918.1131,18.1953,328.967,120,120,0,781.6452,998.2604,207.2207,268.8843,120,33.38,34.45,32.24,0.66,120,3.4662,3.4687,3.4651,0.0014,0.5805,0.5817,0.5798,0.0006,0.7164,0.723,0.7089,0.0028,-0.0042,-0.0001,-0.0057,0.002,0.0036,0.0045,0.0029,0.0004,0.0073,0.0092,0.002,0.0024,0.7816,0.9983,0.2072,0.2689,369.125,693,60,157.4684,0,0,0,0,283.8417,846,1,125.5284,35,41.4,47,39,23.67,23.68,23.63
2022-11-17 09:00:00,3.5115,6.1164,1.3232,1.0823,120,101.1167,27.1439,120,70.9749,71.6575,70.4062,0.2713,120,28.1632,28.2751,28.1134,0.0402,120,1007.9514,1008.1423,1007.7578,0.0638,120,236.152,289.5654,201.6142,22.2278,120,866.3489,1105.7011,229.3469,290.1683,120,697.4564,918.6046,15.7364,332.4567,120,120,0,781.7214,1021.4545,198.3703,270.4413,120,31.13,32.24,30.05,0.66,120,3.4659,3.469,3.4626,0.0011,0.5816,0.5827,0.5811,0.0004,0.7097,0.7166,0.7041,0.0027,-0.0043,-0.0001,-0.0057,0.0021,0.003,0.0037,0.0026,0.0003,0.0072,0.0092,0.0019,0.0024,0.7817,1.0215,0.1984,0.2704,358.8583,642,121,117.6443,0,0,0,0,289.675,647,73,80.4122,35,41.4833,47,39,23.67,23.68,23.63
2022-11-17 09:10:00,2.8796,5.546,0.8448,1.0309,120,137.5297,38.0575,120,70.5051,71.1692,69.6432,0.3491,120,28.4788,28.7512,28.272,0.1193,120,1007.8974,1008.1423,1007.7395,0.0876,120,258.2739,315.9984,197.7693,35.6978,120,936.3162,1164.6855,287.2329,243.8767,120,724.2859,929.9146,23.1131,286.2886,120,120,0,840.1084,1058.9923,247.1999,226.7294,120,28.9,30.05,27.89,0.64,120,3.465,3.469,3.4623,0.0015,0.5848,0.5875,0.5827,0.0012,0.7051,0.7117,0.6964,0.0035,-0.0045,-0.0001,-0.0058,0.0018,0.0033,0.004,0.0025,0.0005,0.0078,0.0097,0.0024,0.002,0.8401,1.059,0.2472,0.2267,290.175,580,69,112.0585,0,0,0,0,401.8333,986,159,124.2633,35,41.8,47,39,23.67,23.68,23.63
2022-11-17 09:20:00,3.1097,6.8524,0.6792,1.1869,120,97.7415,38.4901,120,69.1679,70.2841,68.1783,0.4674,120,28.5531,28.7817,28.4185,0.1112,120,1007.7993,1007.9592,1007.5747,0.0871,120,277.5182,352.5252,222.2803,33.4414,120,861.9311,1189.9652,237.7731,350.1728,120,616.3614,937.2913,16.2278,368.2085,120,120,0,774.6691,1075.7775,201.7274,319.7761,120,26.7,27.89,25.54,0.63,120,3.4633,3.466,3.4596,0.0015,0.5855,0.5878,0.5842,0.0011,0.6917,0.7028,0.6818,0.0047,-0.0038,-0.0001,-0.0058,0.0023,0.0035,0.0045,0.0028,0.0004,0.0072,0.0099,0.002,0.0029,0.7747,1.0758,0.2017,0.3198,315.1833,722,51,129.0062,0,0,0,0,306.6083,1004,7,150.4589,35.5,41.6667,47,39,23.67,23.68,23.63
2022-11-17 09:30:00,3.3532,5.7116,0.7436,1.02,120,114.4849,44.4533,120,68.8988,69.4296,68.1478,0.3187,120,28.4544,28.6047,28.3697,0.0561,120,1007.7931,1007.9592,1007.5747,0.0719,120,216.2028,277.3102,176.863,23.3253,120,956.6282,1151.8631,242.5366,271.5543,120,766.0526,938.7657,16.2278,297.2605,120,120,0,866.2679,1055.0249,207.831,251.9474,120,24.55,25.54,23.47,0.62,120,3.4632,3.466,3.4596,0.0012,0.5845,0.586,0.5837,0.0006,0.689,0.6943,0.6815,0.0032,-0.0048,-0.0001,-0.0058,0.0018,0.0027,0.0035,0.0022,0.0003,0.008,0.0096,0.002,0.0023,0.8663,1.055,0.2078,0.2519,341.65,598,58,110.8726,0,0,0,0,333.4083,780,51,129.6847,36,41.7667,47,41,23.68,23.68,23.63
2022-11-17 09:40:00,2.914,6.3924,0.4124,1.2167,120,116.6427,43.5475,120,68.731,69.6127,67.7206,0.4867,120,28.6536,28.8336,28.5101,0.066,120,1007.6997,1007.9409,1007.5747,0.0927,120,203.4948,262.411,161.4835,27.7315,120,1067.4975,1198.7587,383.9544,153.9441,120,883.1361,957.4525,141.1344,168.1715,120,120,0,966.5822,1085.2382,350.9629,141.7114,120,22.46,23.47,21.46,0.6,120,3.4617,3.4657,3.4596,0.0015,0.5865,0.5883,0.5851,0.0007,0.6873,0.6961,0.6772,0.0049,-0.0055,-0.0009,-0.0059,0.001,0.0026,0.0033,0.0021,0.0004,0.0089,0.01,0.0032,0.0013,0.9666,1.0852,0.351,0.1417,293.9083,672,22,132.2535,0,0,0,0,336.0583,723,24,126.823,36,41.7,47,39,23.68,23.68,23.63
2022-11-17 09:50:00,3.7381,7.5516,0.762,1.3369,120,106.1776,36.9038,120,67.8398,69.1855,66.8966,0.5965,120,28.6245,28.9343,28.3972,0.1818,120,1007.5867,1007.7944,1007.4099,0.0796,120,289.7897,370.5472,217.715,41.3214,120,1036.5669,1256.2785,362.3385,272.9876,120,750.3451,959.4199,23.1131,298.3905,120,120,0,935.8908,1169.4693,323.8014,250.4119,120,20.44,21.46,19.53,0.58,120,3.4598,3.4632,3.4568,0.0013,0.5863,0.5893,0.584,0.0018,0.6784,0.6919,0.669,0.006,-0.0047,-0.0001,-0.006,0.0019,0.0037,0.0047,0.0028,0.0005,0.0086,0.0105,0.003,0.0023,0.9359,1.1695,0.3238,0.2504,383.4917,798,60,145.3189,0,0,0,0,312.275,974,74,119.3122,36,41.25,47,39,23.68,23.68,23.63
2022-11-17 10:00:00,3.3317,6.9536,0.7252,1.4227,120,103.6214,39.7599,120,68.2396,69.1244,67.1407,0.5264,120,28.5134,28.6322,28.3514,0.0926,120,1007.5918,1007.8127,1007.4099,0.063,120,336.8771,435.9102,265.0543,49.8011,120,931.7915,1376.8139,332.6627,389.0278,120,588.9951,945.651,16.2278,383.7756,120,120,0,840.0423,1260.4144,287.4844,360.6606,120,18.51,19.53,17.51,0.54,120,3.4599,3.4635,3.4568,0.0011,0.5851,0.5863,0.5835,0.0009,0.6824,0.6912,0.6714,0.0053,-0.0037,-0.0001,-0.0059,0.0024,0.0043,0.0055,0.0034,0.0006,0.0078,0.0115,0.0028,0.0032,0.84,1.2604,0.2875,0.3607,339.3167,733,56,154.6448,0,0,0,0,311.5833,974,40,134.0113,36.9,41.85,47,39,23.68,23.68,23.63
2022-11-17 10:10:00,3.4526,6.2728,0.7436,1.2071,120,125.5236,34.1501,120,68.5779,69.1855,67.9952,0.294,120,28.6296,28.8122,28.5559,0.0741,120,1007.4998,1007.7944,1007.2451,0.1013,120,333.663,449.8472,259.5276,54.1122,120,1096.5383,1358.8619,347.3169,304.7572,120,747.4477,946.6339,16.2278,318.6543,120,120,0,1002.9221,1244.2396,304.5747,281.3718,120,16.72,17.51,15.85,0.5,120,3.4583,3.4632,3.4541,0.0017,0.5863,0.5881,0.5856,0.0007,0.6858,0.6919,0.68,0.0029,-0.0046,-0.0001,-0.0059,0.002,0.0042,0.0057,0.0033,0.0007,0.0091,0.0113,0.0029,0.0025,1.0029,1.2442,0.3046,0.2814,352.4583,659,58,131.2057,0,0,0,0,359.0083,677,153,98.9013,37,41.45,47,39,23.68,23.68,23.63
2022-11-17 10:20:00,3.3881,6.4752,0.762,1.1666,120,112.0744,38.3039,120,68.0258,69.0634,66.6524,0.6794,120,28.8861,29.0808,28.7054,0.1178,120,1007.4583,1007.6296,1007.2634,0.0806,120,380.2058,451.7701,265.7756,49.1809,120,1031.2606,1397.3301,396.4106,312.4918,120,630.9952,954.5021,17.2108,325.4527,120,120,0,942.91,1273.8426,333.8725,295.5138,120,15.11,15.85,14.38,0.44,120,3.4576,3.4605,3.4544,0.0013,0.5889,0.5908,0.587,0.0012,0.6803,0.6906,0.6665,0.0068,-0.0039,-0.0001,-0.0059,0.002,0.0048,0.0057,0.0034,0.0006,0.0086,0.0116,0.0033,0.0026,0.9429,1.2738,0.3339,0.2955,345.45,681,60,126.8014,0,0,0,0,322.7,643,97,111.0512,37,42.05,47,39,23.68,23.68,23.63
2022-11-17 10:30:00,3.0013,5.5736,0.532,0.9837,120,93.7982,43.6647,120,68.275,68.9413,67.5985,0.3146,120,28.7985,28.8763,28.7085,0.0493,120,1007.4102,1007.6113,1007.2451,0.0739,120,435.7959,542.6047,291.2472,66.163,120,836.5967,1471.3361,314.3445,416.6876,120,380.17,950.5688,15.7364,383.0657,120,120,0,765.6204,1344.0352,271.3096,389.7169,120,13.74,14.38,13.19,0.36,120,3.4568,3.4602,3.4541,0.0012,0.588,0.5888,0.5871,0.0005,0.6827,0.6894,0.676,0.0031,-0.0024,-0.0001,-0.0059,0.0024,0.0055,0.0069,0.0037,0.0008,0.007,0.0123,0.0026,0.0035,0.7656,1.344,0.2713,0.3897,303.4,583,35,106.9254,0,0,0,0,296.35,1001,37,160.4132,37,41.7333,47,39,23.68,23.68,23.68
2022-11-17 10:40:00,3.3615,6.7328,0.992,1.2167,120,124.5879,36.4512,120,68.6483,69.216,67.9647,0.2534,120,28.8083,28.8671,28.7664,0.0244,120,1007.4108,1007.6296,1007.2451,0.082,120,443.1732,533.2331,345.0756,50.5733,120,1015.7205,1440.928,370.7647,390.4961,120,545.9457,948.1099,16.2278,377.2518,120,120,0,934.2758,1322.0618,331.7362,365.9237,120,12.69,13.19,12.33,0.25,120,3.4568,3.4605,3.4541,0.0014,0.5881,0.5887,0.5877,0.0002,0.6865,0.6922,0.6796,0.0025,-0.0034,-0.0001,-0.0059,0.0023,0.0056,0.0068,0.0044,0.0006,0.0085,0.012,0.0031,0.0033,0.9343,1.3221,0.3317,0.3659,342.55,709,85,132.2542,0,0,0,0,352.975,636,54,105.1309,37.8,41.75,47,39,23.68,23.68,23.68
2022-11-17 10:50:00,3.6608,6.65,0.67,1.5289,120,125.6048,43.3218,120,68.0751,69.0024,67.1712,0.4485,120,28.7216,28.9038,28.5498,0.1229,120,1007.3626,1007.4648,1007.2451,0.0862,120,465.6596,535.8764,353.4858,48.7018,120,825.5965,1502.4778,382.4886,384.5404,120,337.7517,943.6835,14.7535,345.7206,120,120,0,765.0863,1401.1048,343.6384,366.1171,120,12.05,12.26,11.88,0.12,120,3.456,3.4577,3.4541,0.0014,0.5872,0.589,0.5855,0.0012,0.6808,0.69,0.6717,0.0045,-0.0021,-0.0001,-0.0059,0.0021,0.0059,0.0068,0.0045,0.0006,0.0069,0.0125,0.0032,0.0032,0.7651,1.4011,0.3436,0.3661,375.0917,700,50,166.1839,0,0,0,0,365.2083,945,47,131.5284,38,41.6667,47,39,23.68,23.68,23.63
2022-11-17 11:00:00,3.6667,6.6132,0.8724,1.2107,120,94.9417,32.2193,120,68.3152,69.3381,67.568,0.4043,120,28.459,28.5803,28.3972,0.0495,120,1007.2542,1007.4648,1007.062,0.096,120,372.6462,469.5528,325.1299,38.6087,120,725.5748,1445.6903,353.9124,395.7316,120,335.1989,969.2556,14.7535,384.376,120,120,0,664.7542,1339.4574,313.1199,372.5263,120,11.88,11.96,11.85,0.03,120,3.4542,3.4577,3.451,0.0016,0.5846,0.5858,0.584,0.0005,0.6832,0.6934,0.6757,0.004,-0.0021,-0.0001,-0.006,0.0024,0.0047,0.006,0.0041,0.0005,0.006,0.012,0.0029,0.0033,0.6648,1.3395,0.3131,0.3725,375.7333,696,72,131.5951,0,0,0,0,274.1083,644,65,95.8695,38,41.4833,47,39,23.68,23.73,23.63
2022-11-17 11:10:00,3.1353,6.9904,0.6424,1.2544,120,97.7487,44.4153,120,69.205,69.8264,68.392,0.3893,120,28.5365,28.6718,28.388,0.0991,120,1007.0809,1007.2817,1006.8789,0.0633,120,466.2804,582.4953,367.9039,58.4163,120,760.7278,1454.4838,386.5186,369.0098,120,277.2532,939.7502,14.7535,336.6411,120,120,0,699.6368,1351.97,357.0666,346.1852,120,12.2,12.5,11.96,0.16,120,3.4513,3.4547,3.448,0.0011,0.5854,0.5867,0.5839,0.001,0.6921,0.6983,0.6839,0.0039,-0.0017,-0.0001,-0.0058,0.0021,0.0059,0.0074,0.0047,0.0007,0.0063,0.0121,0.0032,0.0031,0.6996,1.352,0.3571,0.3462,317.9667,737,47,136.3529,0,0,0,0,304.0833,1004,10,155.9111,38,42.2167,47,39,23.68,23.68,23.68
2022-11-17 11:20:00,3.2758,6.4476,1.0104,1.2376,120,109.1959,37.2128,120,69.3088,70.1926,68.7277,0.3881,120,28.6237,28.7481,28.4796,0.0816,120,1006.9976,1007.0986,1006.8789,0.0957,120,443.5877,520.9772,368.385,42.181,120,676.9241,1488.1897,386.1525,358.8957,120,218.6522,968.7641,13.7689,323.6684,120,120,0,620.3294,1353.4959,357.0666,331.8569,120,12.97,13.44,12.5,0.28,120,3.45,3.4516,3.448,0.0016,0.5862,0.5875,0.5848,0.0008,0.6931,0.7019,0.6873,0.0039,-0.0014,-0.0001,-0.006,0.002,0.0056,0.0066,0.0047,0.0005,0.0056,0.0124,0.0032,0.003,0.6203,1.3535,0.3571,0.3319,333.2417,678,87,134.5252,0,0,0,0,314.4,632,89,107.6024,38.5,45.3,47,41,23.68,23.68,23.68
2022-11-17 11:30:00,2.6197,6.052,0.3756,1.3459,120,142.9626,38.6361,120,69.6272,70.5893,68.3309,0.6011,120,28.6668,28.8458,28.507,0.0897,120,1006.9178,1007.0986,1006.8606,0.0607,120,428.2964,510.885,333.7811,49.4055,120,609.0635,1469.8715,355.0108,318.6873,120,172.0048,979.0912,14.7535,292.9688,120,120,0,566.4591,1355.327,328.074,298.0423,120,14.12,14.86,13.44,0.38,120,3.4486,3.4516,3.4477,0.001,0.5867,0.5885,0.5851,0.0009,0.6963,0.7059,0.6833,0.006,-0.0011,-0.0001,-0.0061,0.0018,0.0054,0.0065,0.0042,0.0006,0.0051,0.0122,0.003,0.0027,0.5665,1.3553,0.3281,0.298,261.925,635,18,146.2983,0,0,0,0,414.5667,975,120,119.7914,39,44.8167,47,41,23.68,23.68,23.63
2022-11-17 11:40:00,3.0461,5.6012,0.6332,1.2757,120,130.1505,42.8212,120,68.6692,70.3757,67.3238,0.7717,120,29.022,29.1876,28.8183,0.1246,120,1006.7421,1006.9155,1006.5127,0.075,120,405.8561,476.7614,319.8433,46.1129,120,790.019,1464.3757,338.1585,440.7969,120,368.9457,976.6323,14.7535,406.6393,120,120,0,734.4127,1370.5863,309.1525,411.4099,120,15.57,16.39,14.86,0.46,120,3.4457,3.4486,3.4419,0.0013,0.5902,0.5919,0.5882,0.0013,0.6867,0.7038,0.6732,0.0077,-0.0023,-0.0001,-0.0061,0.0025,0.0052,0.0061,0.0041,0.0006,0.0066,0.0122,0.0028,0.0037,0.7344,1.3706,0.3092,0.4114,308.275,586,46,138.6611,0,0,0,0,370.8667,668,55,122.1793,39,45.7833,47,41,23.68,23.68,23.63
2022-11-17 11:50:00,3.2485,5.362,1.1208,1.0233,120,124.6743,30.7526,120,68.0893,68.6666,67.3238,0.2686,120,28.5709,28.8336,28.3422,0.1679,120,1006.5873,1006.8972,1006.3295,0.1164,120,347.6587,438.0724,294.3717,41.6706,120,491.8103,1367.2881,306.6507,295.1594,120,142.2862,958.9285,14.2604,272.8746,120,120,0,453.2812,1273.8426,277.1081,281.2458,120,17.24,18.11,16.39,0.52,120,3.4431,3.4483,3.4388,0.0019,0.5857,0.5883,0.5834,0.0017,0.6809,0.6867,0.6732,0.0027,-0.0009,-0.0001,-0.006,0.0017,0.0044,0.0056,0.0037,0.0005,0.0041,0.0114,0.0026,0.0025,0.4533,1.2738,0.2771,0.2812,330.2667,560,99,111.228,0,0,0,0,353.7083,543,97,88.3777,39,46.45,49,41,23.68,23.68,23.68
2022-11-17 12:00:00,3.5573,6.8892,1.3232,1.2217,120,116.8491,36.6401,120,68.6707,69.3686,67.9037,0.3739,120,28.438,28.5498,28.2782,0.0857,120,1006.3483,1006.7141,1006.1281,0.1196,120,374.1442,465.2268,293.8906,61.8988,120,652.1607,1387.072,308.8487,398.9335,120,273.3029,934.8324,13.7689,349.2271,120,120,0,600.8026,1297.3418,278.634,376.4628,120,19.07,19.96,18.11,0.56,120,3.4391,3.4452,3.4355,0.002,0.5844,0.5855,0.5828,0.0009,0.6867,0.6937,0.679,0.0037,-0.0017,-0.0001,-0.0058,0.0022,0.0048,0.0059,0.0037,0.0008,0.0054,0.0116,0.0026,0.0033,0.6008,1.2973,0.2786,0.3765,363.8417,726,121,132.7905,0,0,0,0,334.8833,622,12,106.0999,39,45.6667,47,41,23.68,23.68,23.68
2022-11-17 12:10:00,3.249,6.3924,0.946,1.2798,120,111.0801,42.5775,120,68.9741,69.6127,68.3309,0.3218,120,28.349,28.5223,28.2202,0.1001,120,1006.2697,1006.5127,1005.9633,0.1005,120,409.761,483.7307,343.874,36.6045,120,733.5952,1363.6243,361.9724,390.2889,120,321.3885,968.271,15.2449,383.5733,120,120,0,671.2088,1268.3492,322.5807,365.1091,120,21.03,22.13,19.96,0.58,120,3.4378,3.4419,3.4327,0.0017,0.5835,0.5852,0.5822,0.001,0.6897,0.6961,0.6833,0.0032,-0.002,-0.0001,-0.006,0.0024,0.0052,0.0061,0.0044,0.0005,0.0061,0.0114,0.003,0.0033,0.6712,1.2683,0.3226,0.3651,330.325,672,80,139.1082,0,0,0,0,333.925,943,82,142.6351,39,45.5167,47,41,23.68,23.73,23.68
2022-11-17 12:20:00,3.3404,7.0088,0.854,1.4745,120,117.759,45.0434,120,68.4296,69.6738,67.2628,0.7072,120,28.6817,28.858,28.5284,0.0849,120,1006.1342,1006.3295,1005.945,0.085,120,359.8761,503.6756,280.674,66.8071,120,882.5638,1391.102,319.8403,326.3558,120,536.0778,967.2881,21.1457,338.3324,120,120,0,809.1856,1279.0307,287.1792,305.3754,120,23.08,24.17,22.13,0.61,120,3.4356,3.4388,3.4324,0.0014,0.5868,0.5886,0.5853,0.0008,0.6843,0.6967,0.6726,0.0071,-0.0033,-0.0001,-0.006,0.0021,0.0046,0.0064,0.0036,0.0008,0.0074,0.0116,0.0027,0.0027,0.8092,1.279,0.2872,0.3054,340.2583,739,70,160.2714,0,0,0,0,349.825,934,104,138.2449,39,45.6,47,41,23.68,23.68,23.68
2022-11-17 12:30:00,3.4725,7.202,1.1208,1.2853,120,110.7641,36.9631,120,67.4169,68.0563,66.6219,0.3924,120,28.5243,28.565,28.4551,0.03,120,1006.0201,1006.1647,1005.7802,0.0973,120,347.0199,402.2677,296.5339,26.5886,120,723.7094,1275.6951,329.3649,378.5117,120,391.3207,938.2743,14.2604,401.8597,120,120,0,658.9277,1178.3196,296.6399,352.4537,120,25.19,26.25,24.17,0.63,120,3.4337,3.4361,3.4297,0.0016,0.5852,0.5857,0.5846,0.0003,0.6742,0.6806,0.6662,0.0039,-0.0024,-0.0001,-0.0058,0.0025,0.0044,0.0051,0.0038,0.0003,0.006,0.0106,0.0027,0.0032,0.6589,1.1783,0.2966,0.3525,354.625,760,99,139.7083,0,0,0,0,330.7417,1018,53,132.5733,39.1,43.7,47,39,23.68,23.68,23.63
2022-11-17 12:40:00,3.4276,5.7484,0.808,1.1361,120,118.8748,33.0285,120,66.9312,67.7511,66.0421,0.4335,120,28.4398,28.5131,28.3453,0.0449,120,1005.815,1005.9816,1005.5788,0.0877,120,351.075,406.3528,304.7047,27.3394,120,622.9641,1265.0708,317.2749,341.2694,120,287.5269,926.4728,14.2604,352.1877,120,120,0,563.2496,1166.1123,279.8547,316.8995,120,27.35,28.39,26.25,0.64,120,3.4302,3.433,3.4263,0.0015,0.5844,0.5851,0.5835,0.0004,0.6693,0.6775,0.6604,0.0043,-0.0018,-0.0001,-0.0057,0.0022,0.0045,0.0052,0.0039,0.0003,0.0052,0.0105,0.0026,0.0028,0.5632,1.1661,0.2799,0.3169,349.7417,602,65,123.4945,0,0,0,0,341.25,675,177,96.128,39,44.6833,47,41,23.68,23.68,23.68
2022-11-17 12:50:00,2.869,5.776,0.5688,1.2248,120,115.7654,49.8388,120,66.5151,67.1712,65.9505,0.3526,120,28.4628,28.8,28.2995,0.1608,120,1005.6673,1005.7985,1005.5605,0.0907,120,361.7665,430.8638,310.9528,32.4428,120,752.0693,1237.593,342.1885,344.6289,120,423.3669,927.4557,14.7535,381.1729,120,120,0,680.9671,1142.9182,304.2695,319.716,120,29.56,30.55,28.39,0.64,120,3.4278,3.43,3.426,0.0015,0.5846,0.588,0.583,0.0016,0.6652,0.6717,0.6595,0.0035,-0.0026,-0.0001,-0.0058,0.0024,0.0046,0.0055,0.0039,0.0004,0.0063,0.0103,0.0029,0.0029,0.681,1.1429,0.3043,0.3197,289.025,605,39,133.1357,0,0,0,0,339.1583,819,3,145.5858,39,44.45,47,39,23.68,23.68,23.63
2022-11-17 13:00:00,3.0089,5.6748,0.8632,1.0439,120,112.6485,39.8296,120,66.1585,66.6829,65.5538,0.2646,120,28.7939,28.8855,28.6688,0.0677,120,1005.5721,1005.7802,1005.3774,0.066,120,341.8854,394.3378,290.5268,24.1968,120,671.5874,1228.4346,327.1669,333.1769,120,368.3556,936.3068,14.7535,373.3561,120,120,0,618.3075,1117.2826,296.9451,310.6255,120,31.8,32.99,30.79,0.65,120,3.4262,3.4297,3.423,0.0011,0.5879,0.5888,0.5867,0.0007,0.6616,0.6668,0.6555,0.0026,-0.0023,-0.0001,-0.0058,0.0023,0.0043,0.005,0.0037,0.0003,0.0056,0.0102,0.0027,0.0028,0.6183,1.1173,0.2969,0.3106,304.225,594,71,113.4681,0,0,0,0,332.7417,834,143,121.0149,39,41.6167,47,39,23.68,23.73,23.63
2022-11-17 13:10:00,2.7266,5.3252,0.7252,0.9449,120,132.1821,44.8427,120,66.1964,67.0492,65.6453,0.3376,120,28.8179,28.9709,28.6688,0.0863,120,1005.502,1005.6154,1005.2309,0.096,120,302.744,365.2606,221.0787,43.001,120,788.8589,1166.8848,318.3745,318.9344,120,552.5844,955.4866,16.2278,388.5643,120,120,0,716.4881,1086.7641,283.8221,294.1341,120,34.06,35.2,32.99,0.66,120,3.425,3.4269,3.4205,0.0016,0.5882,0.5897,0.5867,0.0009,0.662,0.6705,0.6565,0.0034,-0.0034,-0.0001,-0.0059,0.0024,0.0038,0.0046,0.0028,0.0005,0.0066,0.0097,0.0027,0.0027,0.7165,1.0868,0.2838,0.2941,273.5417,556,56,102.7117,0,0,0,0,377.2083,658,144,125.4419,39,41.65,47,39,23.68,23.73,23.68
2022-11-17 13:20:00,3.9045,6.9904,1.3784,1.2993,120,102.1768,34.1795,120,65.5141,66.744,64.2109,0.7514,120,28.6967,29.0503,28.4735,0.2037,120,1005.2626,1005.414,1005.0295,0.0873,120,316.3532,374.6331,259.5276,32.6081,120,649.7915,1131.7131,270.0132,338.3771,120,391.4886,922.0464,15.2449,401.0363,120,120,0,586.0698,1044.6486,227.6681,309.2458,120,36.34,37.44,35.2,0.67,120,3.421,3.4236,3.4172,0.0015,0.587,0.5905,0.5847,0.002,0.6551,0.6674,0.6421,0.0075,-0.0024,-0.0001,-0.0057,0.0025,0.004,0.0048,0.0033,0.0004,0.0054,0.0094,0.0022,0.0028,0.5861,1.0446,0.2277,0.3092,401.575,737,127,141.2324,0,0,0,0,293.925,560,49,98.939,39,41.4833,47,41,23.68,23.73,23.63
2022-11-17 13:30:00,3.4806,7.0364,1.4152,1.2397,120,108.7381,27.8512,120,66.378,67.1712,65.3401,0.4595,120,28.4493,28.6596,28.3117,0.1175,120,1005.1976,1005.3774,1005.0111,0.059,120,314.0483,348.6803,245.3496,29.1624,120,489.9967,1077.4898,253.527,243.5046,120,218.3898,911.7193,13.7689,285.8065,120,120,0,448.0092,974.1508,229.8044,225.2564,120,38.63,39.68,37.44,0.67,120,3.42,3.423,3.4169,0.001,0.5845,0.5866,0.5831,0.0012,0.6638,0.6717,0.6534,0.0046,-0.0014,-0.0001,-0.0057,0.0018,0.004,0.0044,0.0031,0.0004,0.0041,0.009,0.0021,0.002,0.448,0.9742,0.2298,0.2253,355.5,742,131,134.7469,0,0,0,0,310.1083,526,161,79.8755,39,41.6667,47,39,23.68,23.68,23.68
2022-11-17 13:40:00,3.3861,6.236,0.9368,1.2981,120,104.3653,35.7392,120,67.1547,68.1173,66.5609,0.3909,120,28.3259,28.5284,28.2263,0.0965,120,1005.117,1005.2309,1005.0111,0.0938,120,300.6634,348.4394,247.0315,29.4343,120,766.3883,1052.5774,273.3109,268.591,120,580.6311,910.2449,19.6697,328.5362,120,120,0,691.6486,964.6901,239.8755,250.4065,120,40.95,42.19,39.68,0.67,120,3.4186,3.4205,3.4169,0.0016,0.5833,0.5853,0.5823,0.001,0.6715,0.6812,0.6656,0.0039,-0.0036,-0.0001,-0.0056,0.002,0.0038,0.0044,0.0031,0.0004,0.0064,0.0088,0.0023,0.0022,0.6916,0.9647,0.2399,0.2504,345.2333,655,79,141.0937,0,0,0,0,311.0583,825,82,116.7948,39,41.8167,47,39,23.68,23.68,23.68
2022-11-17 13:50:00,3.345,6.6684,0.7896,1.2026,120,104.5137,36.6018,120,67.2859,68.3309,66.4693,0.4804,120,28.502,28.8275,28.3392,0.1457,120,1005.0412,1005.2309,1004.828,0.0589,120,320.8448,375.3535,240.063,29.7101,120,812.0714,1055.1417,302.2545,245.3442,120,638.761,898.4418,16.2278,317.1038,120,120,0,740.7071,969.2679,274.3614,226.3176,120,43.27,44.46,42.19,0.68,120,3.4174,3.4205,3.4138,0.001,0.585,0.5883,0.5834,0.0015,0.6729,0.6833,0.6647,0.0048,-0.004,-0.0001,-0.0056,0.002,0.0041,0.0048,0.003,0.0004,0.0068,0.0088,0.0025,0.002,0.7407,0.9693,0.2744,0.2263,340.7583,702,63,130.7197,0,0,0,0,306.8167,888,35,117.0201,39,41.7,47,39,23.68,23.73,23.68
2022-11-17 14:00:00,3.554,6.052,0.8172,1.1129,120,116.1047,33.6364,120,66.6537,67.4154,65.7979,0.3639,120,28.7525,28.919,28.5192,0.1321,120,1005.0064,1005.2126,1004.828,0.0678,120,276.577,333.7811,213.1488,38.3116,120,589.3193,962.4502,220.1873,278.0554,120,418.1788,905.3271,15.2449,399.4305,120,120,0,521.8563,884.7316,187.994,253.445,120,45.6,46.74,44.46,0.68,120,3.4168,3.4202,3.4138,0.0011,0.5875,0.5892,0.5852,0.0013,0.6665,0.6742,0.658,0.0036,-0.0026,-0.0001,-0.0056,0.0025,0.0035,0.0042,0.0027,0.0005,0.0049,0.008,0.0018,0.0023,0.5219,0.8847,0.188,0.2534,363.475,635,66,120.9686,0,0,0,0,337.5333,985,114,109.4169,39,41.7333,47,39,23.68,23.68,23.68
2022-11-17 14:10:00,3.0224,5.2884,0.6884,1.0812,120,118.6982,36.7775,120,67.2053,67.6901,66.744,0.2317,120,28.4763,28.6108,28.2141,0.1055,120,1005.0043,1005.2126,1004.8097,0.0719,120,220.4201,296.7748,181.6693,29.8029,120,385.4748,889.91,186.1152,259.328,120,243.2933,871.3954,13.7689,336.6132,120,120,0,342.8856,799.8901,161.4429,234.0679,120,47.94,49.02,46.74,0.68,120,3.4167,3.4202,3.4135,0.0012,0.5848,0.5861,0.5821,0.001,0.6721,0.6769,0.6674,0.0023,-0.0015,-0.0001,-0.0054,0.0021,0.0028,0.0038,0.0023,0.0004,0.0032,0.0074,0.0015,0.0022,0.3429,0.7999,0.1614,0.2341,305.7,552,52,117.521,0,0,0,0,350.075,907,160,117.9729,39,41.75,47,39,23.68,23.68,23.63
2022-11-17 14:20:00,3.1549,6.052,0.7804,0.9997,120,106.3224,41.2861,120,67.7028,68.8192,66.8355,0.4634,120,28.3579,28.6505,28.1408,0.1365,120,1004.9783,1005.0478,1004.828,0.0824,120,245.692,309.9913,189.5992,37.1278,120,663.9883,912.9904,308.8487,178.0653,120,623.6969,879.2636,28.5224,288.2112,120,120,0,594.0097,812.4027,244.1481,163.9138,120,50.28,51.57,49.02,0.68,120,3.4163,3.4175,3.4138,0.0014,0.5836,0.5865,0.5814,0.0014,0.677,0.6882,0.6684,0.0046,-0.0039,-0.0002,-0.0055,0.0018,0.0031,0.0039,0.0024,0.0005,0.0055,0.0076,0.0026,0.0015,0.594,0.8124,0.2441,0.1639,320.1,635,62,108.6624,0,0,0,0,320.9667,973,59,137.8115,39,41.6667,47,39,23.68,23.68,23.63
2022-11-17 14:30:00,2.9036,5.6656,1.1024,1.1093,120,127.0484,31.9931,120,66.7071,67.9952,65.4012,0.7247,120,28.9373,29.1357,28.6566,0.1395,120,1004.8888,1005.0478,1004.828,0.0803,120,129.9219,185.0339,103.811,17.1185,120,597.9503,748.1249,116.1393,183.8082,120,728.2692,875.3287,15.7364,272.9825,120,120,0,525.9331,668.3554,95.8281,164.0977,120,52.64,53.86,51.57,0.68,120,3.4148,3.4175,3.4138,0.0013,0.5894,0.5914,0.5866,0.0014,0.6671,0.68,0.654,0.0072,-0.0045,-0.0001,-0.0054,0.0017,0.0016,0.0024,0.0013,0.0002,0.005,0.0062,0.001,0.0015,0.5259,0.6684,0.0958,0.1641,292.7833,593,97,120.5775,0,0,0,0,359.2833,540,95,91.4001,39,41.5,47,39,23.68,23.68,23.63
2022-11-17 14:40:00,2.9404,5.1044,0.9276,0.9417,120,123.4992,35.5891,120,64.8953,65.9505,63.9058,0.5461,120,29.0938,29.1571,29.0197,0.0397,120,1004.8553,1005.0295,1004.6632,0.0421,120,93.2056,104.7724,84.3465,5.8107,120,603.1955,632.7191,488.0036,22.1751,120,838.8369,852.2172,681.5775,24.4683,120,120,0,523.1763,552.0798,428.4799,21.5919,120,54.99,56.16,53.86,0.69,120,3.4143,3.4172,3.4111,0.0007,0.5909,0.5916,0.5902,0.0004,0.649,0.6595,0.6391,0.0055,-0.0052,-0.0042,-0.0053,0.0002,0.0012,0.0013,0.0011,0.0001,0.005,0.0053,0.0041,0.0002,0.5232,0.5521,0.4285,0.0216,296.7833,532,78,102.3602,0,0,0,0,348.15,627,2,102.9706,39,41.7,47,39,23.68,23.68,23.68
2022-11-17 14:50:00,2.8442,5.0124,0.8448,1.1022,120,135.3388,40.6526,120,63.42,64.2109,62.5019,0.4824,120,29.172,29.2486,29.0625,0.0449,120,1004.8431,1005.0478,1004.6632,0.0518,120,89.3147,113.1827,79.7803,9.7093,120,548.0875,595.3493,212.1273,52.2881,120,802.705,838.4483,173.5901,98.6083,120,120,0,469.7307,517.2887,180.9748,46.0531,120,57.34,58.46,56.16,0.69,120,3.4141,3.4175,3.4111,0.0009,0.5917,0.5925,0.5906,0.0004,0.6342,0.6421,0.625,0.0048,-0.005,-0.0011,-0.0052,0.0006,0.0011,0.0014,0.001,0.0001,0.0046,0.005,0.0018,0.0004,0.4697,0.5173,0.181,0.0461,286.325,522,69,119.8059,0,0,0,0,389.05,1006,54,126.5337,39,41.5,47,39,23.68,23.68,23.68
2022-11-17 15:00:00,2.7042,4.8928,0.9092,0.9693,120,128.0151,42.1747,120,63.2883,64.333,62.2272,0.598,120,29.3461,29.505,29.0899,0.0939,120,1004.8457,1005.0295,1004.6449,0.0482,120,93.8705,113.9039,83.6252,7.0665,120,490.1586,552.1176,108.0792,117.3809,120,738.5797,834.0219,16.7193,221.7588,120,120,0,414.8483,470.9006,87.8933,100.208,120,59.7,60.76,58.46,0.68,120,3.4141,3.4172,3.4107,0.0008,0.5935,0.595,0.5909,0.0009,0.6329,0.6433,0.6223,0.006,-0.0046,-0.0001,-0.0052,0.0014,0.0012,0.0014,0.0011,0.0001,0.0041,0.0046,0.0009,0.001,0.4148,0.4709,0.0879,0.1002,271.1083,509,76,105.3603,0,0,0,0,367.85,727,134,119.4947,39,41.6333,47,39,23.68,23.68,23.63
2022-11-17 15:10:00,2.8612,5.8864,0.9,1.1865,120,102.8887,45.1434,120,63.7394,64.5161,62.8681,0.5058,120,29.1094,29.3097,28.8733,0.1246,120,1004.8556,1005.0295,1004.6632,0.0469,120,108.9675,127.3606,90.8346,11.7171,120,482.3579,537.096,146.1813,65.768,120,753.3857,816.8095,96.8756,116.1757,120,120,0,402.9257,452.8947,111.3926,56.4875,120,62.07,63.32,61.01,0.69,120,3.4143,3.4172,3.4111,0.0008,0.5911,0.5931,0.5887,0.0013,0.6374,0.6452,0.6287,0.0051,-0.0047,-0.0006,-0.0051,0.0007,0.0014,0.0016,0.0012,0.0001,0.004,0.0045,0.0012,0.0005,0.4029,0.4529,0.1114,0.0565,288.175,617,75,128.9685,0,0,0,0,321.1167,990,98,154.3623,39,41.8167,47,39,23.68,23.68,23.68
2022-11-17 15:20:00,2.6054,4.9572,0.7804,0.9685,120,109.1236,40.4452,120,65.2125,66.1641,64.0278,0.5478,120,28.7786,28.9099,28.6962,0.063,120,1004.902,1005.0478,1004.828,0.0843,120,100.0102,119.1906,86.5094,10.7156,120,401.882,471.8824,157.539,88.2534,120,664.3365,778.9446,129.3329,186.0653,120,120,0,328.3893,391.5525,127.2622,72.171,120,64.43,65.62,63.32,0.69,120,3.415,3.4175,3.4138,0.0014,0.5878,0.5891,0.587,0.0006,0.6521,0.6616,0.6403,0.0055,-0.0041,-0.0008,-0.0048,0.0012,0.0013,0.0015,0.0011,0.0001,0.0033,0.0039,0.0013,0.0007,0.3284,0.3916,0.1273,0.0722,260.3667,516,62,105.2669,0,0,0,0,319.05,782,36,120.2624,39,41.4667,47,39,23.68,23.68,23.63
2022-11-17 15:30:00,2.6405,5.0676,0.5688,1.1012,120,118.063,42.2592,120,65.2427,66.0726,64.3635,0.4281,120,28.972,29.1662,28.6993,0.1217,120,1004.9292,1005.0478,1004.828,0.0929,120,109.412,136.4921,88.6717,16.6039,120,322.1846,435.2461,91.958,137.5758,120,514.3545,759.2749,14.2604,309.1699,120,120,0,256.943,353.7095,74.16,109.529,120,66.79,67.92,65.62,0.69,120,3.4155,3.4175,3.4138,0.0015,0.5897,0.5917,0.587,0.0012,0.6524,0.6607,0.6436,0.0043,-0.0032,-0.0001,-0.0047,0.0019,0.0014,0.0017,0.0011,0.0002,0.0027,0.0036,0.0008,0.0011,0.2569,0.3537,0.0742,0.1095,264.1833,528,39,119.6935,0,0,0,0,341.3417,958,26,128.8765,39,41.7,47,39,23.68,23.68,23.68
2022-11-17 15:40:00,2.7737,4.8376,0.6056,0.8468,120,113.5135,36.915,120,65.8719,66.6829,64.9739,0.3984,120,28.5329,28.6932,28.3331,0.1201,120,1004.8831,1005.0478,1004.828,0.0749,120,111.0161,123.7559,100.4465,6.5492,120,277.4846,401.5402,115.7719,104.905,120,451.7208,708.6239,16.7193,276.8012,120,120,0,214.8885,315.2562,94.3022,78.7655,120,69.15,70.23,67.92,0.69,120,3.4147,3.4175,3.4138,0.0012,0.5853,0.5869,0.5833,0.0012,0.6587,0.6668,0.6497,0.004,-0.0028,-0.0001,-0.0044,0.0017,0.0014,0.0016,0.0013,0.0001,0.0023,0.0033,0.001,0.0009,0.2149,0.3153,0.0943,0.0788,278.6667,503,43,92.0423,0,0,0,0,328.4583,942,1,116.3523,39,41.75,47,39,23.68,23.68,23.63
2022-11-17 15:50:00,2.9548,4.5432,0.9736,0.8364,120,117.2015,36.557,120,67.2526,67.9037,66.4388,0.3811,120,28.3272,28.3605,28.2568,0.0228,120,1004.8889,1005.0478,1004.828,0.0801,120,132.5513,157.1583,103.5709,17.5959,120,276.0588,372.9628,116.1393,93.1067,120,426.0839,676.6597,14.2604,274.4667,120,120,0,215.1911,287.7895,99.7955,64.8766,120,71.52,72.79,70.23,0.69,120,3.4148,3.4175,3.4138,0.0013,0.5833,0.5836,0.5826,0.0002,0.6725,0.679,0.6644,0.0038,-0.0026,-0.0001,-0.0042,0.0017,0.0017,0.002,0.0013,0.0002,0.0023,0.0031,0.001,0.0008,0.2152,0.2878,0.0998,0.0649,298.35,471,83,90.9171,0,0,0,0,338.525,777,15,109.8916,39,41.75,47,39,23.68,23.68,23.63
2022-11-17 16:00:00,3.1748,5.0492,0.762,1.0037,120,118.9678,32.5891,120,68.6015,69.8874,67.6901,0.7198,120,27.8969,28.2507,27.6769,0.1973,120,1005.0334,1005.2309,1004.8463,0.0459,120,114.8889,134.5701,94.9197,11.129,120,155.6273,276.2425,107.3457,60.4656,120,159.2435,593.5514,13.2775,237.2293,120,120,0,121.423,196.234,89.7244,35.5133,120,73.88,75.09,72.79,0.69,120,3.4172,3.4205,3.4141,0.0008,0.579,0.5825,0.5768,0.002,0.686,0.6989,0.6769,0.0072,-0.001,-0.0001,-0.0037,0.0015,0.0015,0.0017,0.0012,0.0001,0.0013,0.0023,0.0009,0.0005,0.1214,0.1962,0.0897,0.0355,322.2583,526,60,109.0975,0,0,0,0,344.475,958,131,104.2972,39,41.8167,47,39,23.68,23.68,23.68
2022-11-17 16:10:00,2.7814,4.6536,1.2036,0.7729,120,118.5244,33.6216,120,69.8798,70.1926,69.5822,0.1594,120,27.9596,28.092,27.7593,0.1064,120,1005.0186,1005.2126,1004.8463,0.0464,120,89.1845,100.2063,71.6102,9.9432,120,177.933,251.6951,78.4034,59.1974,120,353.8569,578.3081,32.4557,190.9766,120,120,0,125.7668,172.1244,63.7837,36.9251,120,76.24,77.39,75.09,0.69,120,3.417,3.4202,3.4141,0.0008,0.5796,0.5809,0.5776,0.0011,0.6988,0.7019,0.6958,0.0016,-0.0022,-0.0002,-0.0036,0.0012,0.0011,0.0013,0.0009,0.0001,0.0015,0.0021,0.0007,0.0005,0.1258,0.1721,0.0638,0.0369,279.5,483,108,84.0135,0,0,0,0,337.975,578,135,96.0226,39,41.7333,47,41,23.68,23.73,23.68
2022-11-17 16:20:00,2.4877,4.442,0.7804,0.8434,120,122.6305,35.7594,120,70.1717,70.4978,69.7348,0.1927,120,27.8244,28.0004,27.5701,0.1341,120,1005.0945,1005.2309,1004.9928,0.0944,120,51.8434,74.4937,38.9291,10.9284,120,58.6189,172.9256,38.8355,25.3112,120,44.1843,449.4666,13.2775,78.9775,120,120,0,46.9731,114.7496,32.3496,16.1734,120,78.6,79.69,77.39,0.69,120,3.4182,3.4205,3.4165,0.0016,0.5782,0.58,0.5757,0.0013,0.7017,0.705,0.6973,0.0019,-0.0003,-0.0001,-0.0028,0.0005,0.0007,0.0009,0.0005,0.0001,0.0005,0.0014,0.0003,0.0002,0.047,0.1147,0.0323,0.0162,247.575,460,62,91.6771,0,0,0,0,354.2,940,109,111.4701,39,41.4833,47,39,23.68,23.68,23.68
2022-11-17 16:30:00,2.6805,4.672,0.8724,0.9335,120,110.4214,36.019,120,70.912,71.5049,70.2536,0.4255,120,27.3486,27.561,27.2558,0.0832,120,1005.1827,1005.3957,1005.0111,0.0783,120,40.2408,42.774,38.2079,1.1318,120,58.738,103.6819,37.7359,23.0636,120,129.8364,380.6204,13.2775,142.44,120,120,0,38.1176,53.7126,31.4341,6.6563,120,80.95,82.24,79.69,0.68,120,3.4197,3.4233,3.4169,0.0013,0.5735,0.5756,0.5726,0.0008,0.7091,0.715,0.7025,0.0043,-0.0008,-0.0001,-0.0024,0.0009,0.0005,0.0005,0.0005,0,0.0005,0.0009,0.0003,0.0002,0.0381,0.0537,0.0314,0.0067,268.5333,485,72,101.4632,0,0,0,0,320.1833,698,135,104.4082,39,41.6833,47,39,23.68,23.68,23.63
2022-11-17 16:40:00,2.3262,4.9572,0.5228,1.0275,120,120.2504,41.9916,120,70.9606,71.3828,70.2536,0.3326,120,27.5035,27.5976,27.3565,0.0761,120,1005.1637,1005.2309,1005.0111,0.0865,120,32.7553,39.1693,24.7512,4.1343,120,67.9339,93.4238,25.6459,22.7348,120,268.3483,378.1615,16.2278,131.8707,120,120,0,33.9366,44.8622,22.5837,6.708,120,83.31,84.53,82.24,0.68,120,3.4194,3.4205,3.4169,0.0014,0.575,0.576,0.5736,0.0008,0.7096,0.7138,0.7025,0.0033,-0.0017,-0.0001,-0.0023,0.0008,0.0004,0.0005,0.0003,0.0001,0.0006,0.0008,0.0002,0.0002,0.0339,0.0449,0.0226,0.0067,230.025,516,34,111.6832,0,0,0,0,341.6333,698,17,120.5479,39,41.6667,47,41,23.68,23.68,23.63
2022-11-17 16:50:00,1.8256,3.3472,0.67,0.6155,120,116.7357,34.4462,120,70.2147,70.6809,69.9484,0.1542,120,27.5366,27.6159,27.4511,0.0529,120,1005.1914,1005.2309,1005.0111,0.0619,120,22.7347,25.4724,19.2244,1.9789,120,32.8511,44.6975,25.2797,5.0392,120,127.1195,216.3729,17.2108,60.166,120,120,0,20.6941,22.8889,18.0059,1.5109,120,85.66,86.82,84.53,0.69,120,3.4199,3.4205,3.4169,0.001,0.5754,0.5762,0.5745,0.0005,0.7021,0.7068,0.6995,0.0015,-0.0008,-0.0001,-0.0013,0.0004,0.0003,0.0003,0.0002,0,0.0003,0.0004,0.0002,0,0.0207,0.0229,0.018,0.0015,175.6083,341,50,66.9041,0,0,0,0,336.5583,953,31,110.9161,39,41.6167,47,39,23.68,23.68,23.68
2022-11-17 17:00:00,2.7882,4.5892,0.7252,0.7417,120,115.0188,33.3447,120,70.1008,70.5283,69.7653,0.1781,120,27.2838,27.4572,27.1398,0.1051,120,1005.2564,1005.414,1005.0111,0.0868,120,15.2192,19.4646,10.3331,2.6369,120,18.4467,29.3097,10.2581,5.6944,120,60.974,155.3948,14.2604,48.7879,120,120,0,14.3513,18.0059,10.3763,2.2193,120,88.01,89.11,86.82,0.69,120,3.4209,3.4236,3.4169,0.0014,0.5728,0.5746,0.5714,0.001,0.701,0.7053,0.6977,0.0018,-0.0004,-0.0001,-0.001,0.0003,0.0002,0.0002,0.0001,0,0.0002,0.0002,0.0001,0,0.0144,0.018,0.0104,0.0022,280.2417,476,56,80.6206,0,0,0,0,328.95,559,88,95.1596,39,41.6667,47,39,23.68,23.73,23.63
2022-11-17 17:10:00,1.9162,3.9452,0.624,0.7114,120,126.4051,36.3233,120,70.8012,71.1386,70.4978,0.1837,120,27.1591,27.1795,27.1398,0.0078,120,1005.2727,1005.414,1005.1943,0.0872,120,5.527,10.3331,2.163,2.3833,120,5.636,10.2581,2.1981,2.2889,120,13.9001,15.2449,13.2775,0.3476,120,120,0,6.4419,10.3763,3.357,2.0235,120,89.58,89.87,89.11,0.24,42,3.4212,3.4236,3.4199,0.0015,0.5716,0.5718,0.5714,0.0001,0.708,0.7114,0.705,0.0018,-0.0001,-0.0001,-0.0001,0,0.0001,0.0001,0,0,0,0.0001,0,0,0.0064,0.0104,0.0034,0.002,185.4583,406,45,77.3261,0,0,0,0,361.2583,701,81,104.8643,39,41.7167,47,39,23.68,23.73,23.63
2022-11-17 17:20:00,2.227,3.7336,0.8816,0.6468,120,139.6243,33.2379,120,71.3309,71.6269,71.0166,0.1591,120,27.0499,27.152,26.9506,0.0645,120,1005.3526,1005.3957,1005.1943,0.0742,120,0.4626,2.163,0,0.637,120,0.519,2.1981,0,0.681,120,13.7157,14.2604,13.2775,0.1994,120,120,0,1.5081,3.357,0,1.0143,120,None,None,None,None,0,3.4225,3.4233,3.4199,0.0012,0.5705,0.5715,0.5695,0.0006,0.7133,0.7163,0.7102,0.0016,-0.0001,-0.0001,-0.0001,0,0,0,0,0,0,0,0,0,0.0015,0.0034,0,0.001,219.2417,383,73,70.2991,0,0,0,0,395.1833,668,107,96.1803,39,41.8333,47,39,23.68,23.68,23.68
2022-11-17 17:30:00,1.7313,3.476,0.4768,0.6329,120,142.1957,40.6083,120,71.6809,71.8406,71.5049,0.0761,120,26.9262,26.9658,26.8895,0.0237,120,1005.4497,1005.5788,1005.1943,0.1004,120,0,0,0,0,120,0,0,0,0,120,13.6952,14.2604,13.2775,0.1979,120,120,0,0,0,0,0,120,None,None,None,None,0,3.4242,3.4263,3.4199,0.0017,0.5693,0.5697,0.5689,0.0002,0.7168,0.7184,0.715,0.0008,-0.0001,-0.0001,-0.0001,0,0,0,0,0,0,0,0,0,0,0,0,0,165.3583,355,29,68.7962,0,0,0,0,410.4417,900,80,122.7373,38.2,41.6167,47,39,23.68,23.68,23.63
2022-11-17 17:40:00,1.7965,3.5128,0.5872,0.702,120,139.8577,30.0104,120,71.7348,71.8711,71.6269,0.0558,120,26.8926,26.917,26.8651,0.0154,120,1005.6238,1005.7802,1005.5422,0.0877,120,0,0,0,0,120,0,0,0,0,120,13.7566,14.2604,13.2775,0.162,120,120,0,0,0,0,0,120,None,None,None,None,0,3.4271,3.4297,3.4257,0.0015,0.5689,0.5692,0.5686,0.0001,0.7173,0.7187,0.7163,0.0006,-0.0001,-0.0001,-0.0001,0,0,0,0,0,0,0,0,0,0,0,0,0,172.4417,359,41,76.3049,0,0,0,0,395.25,572,150,86.0164,38,41.7833,47,41,23.68,23.68,23.68
2022-11-17 17:50:00,1.7057,3.246,0.6332,0.5543,120,132.3766,34.0015,120,71.8614,72.0542,71.749,0.0772,120,26.8855,26.8987,26.8712,0.0055,120,1005.744,1005.9633,1005.5605,0.0745,120,0,0,0,0,120,0,0,0,0,120,13.7894,14.2604,13.2775,0.1611,120,120,0,0,0,0,0,120,None,None,None,None,0,3.4291,3.4327,3.426,0.0012,0.5688,0.569,0.5687,0.0001,0.7186,0.7205,0.7175,0.0008,-0.0001,-0.0001,-0.0001,0,0,0,0,0,0,0,0,0,0,0,0,0,162.575,330,46,60.2553,0,0,0,0,374.9917,610,120,97.2304,38,41.5833,47,39,23.68,23.73,23.68
2022-11-17 18:00:00,1.7525,3.1632,0.4492,0.5938,120,134.2999,38.745,120,72.367,72.6951,72.0237,0.2097,120,26.8466,26.8804,26.8255,0.0129,120,1005.8161,1005.9633,1005.7253,0.0931,120,0,0,0,0,120,0,0,0,0,120,13.7526,14.2604,13.2775,0.1415,120,120,0,0,0,0,0,120,None,None,None,None,0,3.4303,3.4327,3.4288,0.0016,0.5685,0.5688,0.5683,0.0001,0.7237,0.727,0.7202,0.0021,-0.0001,-0.0001,-0.0001,0,0,0,0,0,0,0,0,0,0,0,0,0,167.6667,321,26,64.5394,0,0,0,0,397.025,966,83,129.0091,38,41.5,47,39,23.68,23.68,23.68
2022-11-17 18:10:00,1.9884,3.476,0.5872,0.6225,120,110.7146,32.2431,120,73.0308,73.3665,72.6341,0.2325,120,26.811,26.8468,26.7888,0.0128,120,1005.7813,1005.9633,1005.7253,0.0765,120,0,0,0,0,120,0,0,0,0,120,13.814,14.2604,13.2775,0.156,120,120,0,0,0,0,0,120,None,None,None,None,0,3.4297,3.4327,3.4288,0.0013,0.5681,0.5685,0.5679,0.0001,0.7303,0.7337,0.7263,0.0023,-0.0001,-0.0001,-0.0001,0,0,0,0,0,0,0,0,0,0,0,0,0,193.3,355,41,67.6681,0,0,0,0,312.7667,530,18,92.9556,38,41.7167,47,39,23.68,23.68,23.68
2022-11-17 18:20:00,1.571,2.9976,0.3756,0.5176,120,111.9641,37.7128,120,73.6366,73.9463,73.3665,0.1498,120,26.7828,26.8255,26.7278,0.0265,120,1005.7625,1005.945,1005.5422,0.0691,120,0,0,0,0,120,0,0,0,0,120,13.7812,14.2604,13.2775,0.162,120,120,0,0,0,0,0,120,None,None,None,None,0,3.4294,3.4324,3.4257,0.0012,0.5678,0.5683,0.5673,0.0003,0.7364,0.7395,0.7337,0.0015,-0.0001,-0.0001,-0.0001,0,0,0,0,0,0,0,0,0,0,0,0,0,147.9333,303,18,56.2566,0,0,0,0,330.4,1007,93,122.4847,38,41.7333,47,39,23.68,23.68,23.68
2022-11-17 18:30:00,1.7271,3.4208,0.5688,0.6433,120,112.3313,33.6836,120,74.2203,74.4652,73.9463,0.132,120,26.7201,26.7492,26.6698,0.0232,120,1005.7476,1005.945,1005.5605,0.0399,120,0,0,0,0,120,0,0,0,0,120,13.7485,14.2604,13.2775,0.1733,120,120,0,0,0,0,0,120,None,None,None,None,0,3.4291,3.4324,3.426,0.0007,0.5672,0.5675,0.5667,0.0002,0.7422,0.7447,0.7395,0.0013,-0.0001,-0.0001,-0.0001,0,0,0,0,0,0,0,0,0,0,0,0,0,164.9,349,39,69.9283,0,0,0,0,331.75,945,133,112.0392,38,41.6333,47,39,23.68,23.68,23.68
2022-11-17 18:40:00,1.4683,3.2552,0.4308,0.5077,120,114.9163,36.3172,120,74.7052,75.0145,74.4346,0.16,120,26.6118,26.6729,26.5569,0.0365,120,1005.8574,1005.9633,1005.7253,0.0904,120,0,0,0,0,120,0,0,0,0,120,13.728,14.2604,13.2775,0.1867,120,120,0,0,0,0,0,120,None,None,None,None,0,3.431,3.4327,3.4288,0.0015,0.5661,0.5667,0.5656,0.0004,0.7471,0.7501,0.7443,0.0016,-0.0001,-0.0001,-0.0001,0,0,0,0,0,0,0,0,0,0,0,0,0,136.7667,331,24,55.186,0,0,0,0,330.2083,663,37,106.5685,38,41.6667,47,39,23.68,23.68,23.68
2022-11-17 18:50:00,1.8187,3.6324,0.5136,0.7136,120,133.0049,38.9834,120,75.2406,75.4418,74.9535,0.1321,120,26.5716,26.5844,26.563,0.0042,120,1005.8242,1005.945,1005.707,0.0947,120,0,0,0,0,120,0,0,0,0,120,13.814,14.2604,13.2775,0.1685,120,120,0,0,0,0,0,120,None,None,None,None,0,3.4304,3.4324,3.4284,0.0016,0.5657,0.5658,0.5656,0,0.7524,0.7544,0.7495,0.0013,-0.0001,-0.0001,-0.0001,0,0,0,0,0,0,0,0,0,0,0,0,0,174.8583,372,33,77.5653,0,0,0,0,379.0167,723,66,112.6576,38,41.5667,47,39,23.68,23.68,23.68
2022-11-17 19:00:00,1.6502,3.5496,0.3112,0.7184,120,131.6232,43.5743,120,75.589,75.808,75.2892,0.1346,120,26.5276,26.5722,26.4959,0.0215,120,1005.849,1005.945,1005.7253,0.094,120,0,0,0,0,120,0,0,0,0,120,13.8099,14.2604,13.2775,0.1505,120,120,0,0,0,0,0,120,None,None,None,None,0,3.4308,3.4324,3.4288,0.0016,0.5653,0.5657,0.565,0.0002,0.7559,0.7581,0.7529,0.0013,-0.0001,-0.0001,-0.0001,0,0,0,0,0,0,0,0,0,0,0,0,0,156.5417,363,11,78.0861,0,0,0,0,391.1667,966,21,140.6937,37.4,41.6167,47,39,23.68,23.68,23.63
2022-11-17 19:10:00,1.8322,4.0556,0.2744,0.8597,120,134.9152,37.224,120,75.9341,76.1132,75.6554,0.1345,120,26.5059,26.5264,26.4928,0.0096,120,1006.0105,1006.1281,1005.7253,0.0999,120,0,0,0,0,120,0,0,0,0,120,13.8672,14.2604,13.7689,0.1974,120,120,0,0,0,0,0,120,None,None,None,None,0,3.4335,3.4355,3.4288,0.0017,0.5651,0.5653,0.5649,0.0001,0.7593,0.7611,0.7566,0.0013,-0.0001,-0.0001,-0.0001,0,0,0,0,0,0,0,0,0,0,0,0,0,176.325,418,7,93.4501,0,0,0,0,388.025,945,39,115.6591,37,41.4833,47,39,23.68,23.68,23.68
2022-11-17 19:20:00,1.8459,2.9976,0.6976,0.5391,120,109.1058,32.2333,120,76.2363,76.4489,76.1132,0.0864,120,26.4985,26.5294,26.447,0.0246,120,1006.0916,1006.2929,1005.9084,0.0827,120,0,0,0,0,120,0,0,0,0,120,13.814,14.2604,13.2775,0.1685,120,120,0,0,0,0,0,120,None,None,None,None,0,3.4349,3.4382,3.4318,0.0014,0.565,0.5653,0.5645,0.0003,0.7624,0.7645,0.7611,0.0009,-0.0001,-0.0001,-0.0001,0,0,0,0,0,0,0,0,0,0,0,0,0,177.8167,303,53,58.5933,0,0,0,0,315.0083,762,89,96.2915,37,41.5667,47,39,23.68,23.68,23.63
2022-11-17 19:30:00,1.7351,3.5864,0.4676,0.7324,120,100.4601,35.952,120,76.6386,76.8456,76.3878,0.1426,120,26.4125,26.4562,26.3891,0.0163,120,1006.1333,1006.3112,1006.0915,0.071,120,0,0,0,0,120,0,0,0,0,120,13.7648,14.2604,13.2775,0.1857,120,120,0,0,0,0,0,120,None,None,None,None,0,3.4356,3.4385,3.4349,0.0012,0.5641,0.5646,0.5639,0.0002,0.7664,0.7685,0.7639,0.0014,-0.0001,-0.0001,-0.0001,0,0,0,0,0,0,0,0,0,0,0,0,0,165.7667,367,28,79.6111,0,0,0,0,301.375,876,63,121.6423,37,41.7167,47,41,23.68,23.68,23.68
2022-11-17 19:40:00,1.3276,2.7032,0.486,0.4452,120,103.3774,30.8973,120,76.8708,77.0592,76.7235,0.0926,120,26.3626,26.4257,26.3097,0.0331,120,1006.185,1006.476,1005.9267,0.1023,120,0,0,0,0,120,0,0,0,0,120,13.7689,14.2604,13.2775,0.1561,120,120,0,0,0,0,0,120,None,None,None,None,0,3.4364,3.4413,3.4321,0.0017,0.5636,0.5643,0.5631,0.0003,0.7687,0.7706,0.7672,0.0009,-0.0001,-0.0001,-0.0001,0,0,0,0,0,0,0,0,0,0,0,0,0,121.4833,271,30,48.3923,0,0,0,0,294.825,598,81,89.3868,37,41.7333,47,39,23.68,23.68,23.63
2022-11-17 19:50:00,1.4336,2.7308,0.3756,0.5129,120,110.5971,36.7909,120,77.2299,77.4865,77.0287,0.1423,120,26.2788,26.3158,26.2578,0.0154,120,1006.4251,1006.6591,1006.2563,0.0884,120,0,0,0,0,120,0,0,0,0,120,13.8467,14.2604,13.2775,0.2113,120,120,0,0,0,0,0,120,None,None,None,None,0,3.4404,3.4443,3.4376,0.0015,0.5628,0.5632,0.5626,0.0001,0.7723,0.7749,0.7703,0.0014,-0.0001,-0.0001,-0.0001,0,0,0,0,0,0,0,0,0,0,0,0,0,133,274,18,55.7482,0,0,0,0,324.0083,873,114,113.7066,37,41.7,47,41,23.68,23.68,23.68
2022-11-17 20:00:00,1.6657,3.4024,0.2192,0.6429,120,115.106,35.9886,120,77.6605,77.8222,77.4865,0.0785,120,26.3428,26.3921,26.2792,0.031,120,1006.5011,1006.6774,1006.4577,0.0724,120,0,0,0,0,120,0,0,0,0,120,13.945,14.2604,13.7689,0.2366,120,120,0,0,0,0,0,120,None,None,None,None,0,3.4417,3.4446,3.441,0.0012,0.5634,0.5639,0.5628,0.0003,0.7766,0.7782,0.7749,0.0008,-0.0001,-0.0001,-0.0001,0,0,0,0,0,0,0,0,0,0,0,0,0,158.2333,347,1,69.8761,0,0,0,0,337.5417,991,109,116.7519,37,41.45,47,39,23.68,23.68,23.63
2022-11-17 20:10:00,1.2074,2.3536,0.4032,0.4444,120,97.1547,49.8139,120,77.868,77.9748,77.7917,0.0494,120,26.4034,26.4196,26.383,0.0079,120,1006.559,1006.6774,1006.4577,0.0961,120,0,0,0,0,120,0,0,0,0,120,13.859,14.2604,13.2775,0.2013,120,120,0,0,0,0,0,120,None,None,None,None,0,3.4427,3.4446,3.441,0.0016,0.564,0.5642,0.5638,0.0001,0.7787,0.7797,0.7779,0.0005,-0.0001,-0.0001,-0.0001,0,0,0,0,0,0,0,0,0,0,0,0,0,108.4083,233,21,48.3024,0,0,0,0,311.9833,998,18,174.2426,37,41.6667,47,39,23.68,23.68,23.63
2022-11-17 20:20:00,1.2856,2.6204,0.4216,0.4807,120,107.0966,39.5082,120,78.0656,78.2495,77.8222,0.1144,120,26.3528,26.3921,26.3341,0.0137,120,1006.6417,1006.6774,1006.4577,0.0557,120,0,0,0,0,120,0,0,0,0,120,13.7935,14.2604,13.2775,0.2193,120,120,0,0,0,0,0,120,None,None,None,None,0,3.444,3.4446,3.441,0.0009,0.5635,0.5639,0.5633,0.0001,0.7807,0.7825,0.7782,0.0011,-0.0001,-0.0001,-0.0001,0,0,0,0,0,0,0,0,0,0,0,0,0,116.9083,262,23,52.2525,0,0,0,0,317.6,993,57,129.2339,37,41.9,47,39,23.68,23.68,23.63
2022-11-17 20:30:00,1.6239,3.5404,0.4124,0.7145,120,104.9691,33.505,120,78.3809,78.5241,78.2189,0.0927,120,26.3641,26.3982,26.3402,0.0181,120,1006.7251,1006.8606,1006.6408,0.0873,120,0,0,0,0,120,0,0,0,0,120,13.9287,14.2604,13.2775,0.2481,120,120,0,0,0,0,0,120,None,None,None,None,0,3.4454,3.4477,3.444,0.0015,0.5636,0.564,0.5634,0.0002,0.7838,0.7852,0.7822,0.0009,-0.0001,-0.0001,-0.0001,0,0,0,0,0,0,0,0,0,0,0,0,0,153.6833,362,22,77.6626,0,0,0,0,313.45,985,99,121.8708,36.8,41.5833,47,39,23.68,23.68,23.63
2022-11-17 20:40:00,1.6097,4.1016,0.3756,0.819,120,104.6146,53.5828,120,78.5722,78.7072,78.4631,0.0605,120,26.4274,26.4654,26.3921,0.0217,120,1006.749,1006.8606,1006.6408,0.0926,120,0,0,0,0,120,0,0,0,0,120,13.9573,14.2604,13.2775,0.2483,120,120,0,0,0,0,0,120,None,None,None,None,0,3.4458,3.4477,3.444,0.0015,0.5643,0.5646,0.5639,0.0002,0.7857,0.7871,0.7846,0.0006,-0.0001,-0.0001,-0.0001,0,0,0,0,0,0,0,0,0,0,0,0,0,152.1417,423,18,89.0258,0,0,0,0,353.8917,1009,36,195.9803,36,41.9667,47,39,23.68,23.68,23.63
2022-11-17 20:50:00,2.6277,4.0004,1.0472,0.6366,120,101.2351,21.4214,120,78.6716,78.8293,78.4936,0.0965,120,26.4018,26.444,26.3768,0.014,120,1006.8809,1007.062,1006.6591,0.0839,120,0,0,0,0,120,0,0,0,0,120,13.9,14.2604,13.2775,0.2446,120,120,0,0,0,0,0,120,None,None,None,None,0,3.448,3.451,3.4443,0.0014,0.564,0.5644,0.5638,0.0001,0.7867,0.7883,0.7849,0.001,-0.0001,-0.0001,-0.0001,0,0,0,0,0,0,0,0,0,0,0,0,0,262.7917,412,91,69.1977,0,0,0,0,288.325,541,157,62.1059,36,41.7,47,39,23.68,23.68,23.63
2022-11-17 21:00:00,2.6696,4.2764,1.1116,0.6046,120,98.9817,17.513,120,78.8128,78.8903,78.7378,0.0446,120,26.3969,26.4135,26.3738,0.0076,120,1006.7982,1007.0254,1006.6408,0.0915,120,0,0,0,0,120,0,0,0,0,120,13.8263,14.2604,13.2775,0.1823,120,120,0,0,0,0,0,120,None,None,None,None,0,3.4466,3.4504,3.444,0.0015,0.564,0.5641,0.5637,0.0001,0.7881,0.7889,0.7874,0.0004,-0.0001,-0.0001,-0.0001,0,0,0,0,0,0,0,0,0,0,0,0,0,267.35,442,98,65.7217,0,0,0,0,281.2667,484,165,50.723,36,41.7,47,39,23.68,23.68,23.63
2022-11-17 21:10:00,1.9897,3.8164,0.3848,0.8244,120,97.3465,35.9942,120,78.9799,79.165,78.7988,0.108,120,26.3371,26.3738,26.3067,0.0196,120,1006.7394,1006.8606,1006.6408,0.093,120,0,0,0,0,120,0,0,0,0,120,13.8222,14.2604,13.2775,0.1779,120,120,0,0,0,0,0,120,None,None,None,None,0,3.4457,3.4477,3.444,0.0015,0.5634,0.5637,0.5631,0.0002,0.7898,0.7917,0.788,0.0011,-0.0001,-0.0001,-0.0001,0,0,0,0,0,0,0,0,0,0,0,0,0,193.4417,392,19,89.6137,0,0,0,0,287.7417,818,35,116.0817,36,41.9,47,39,23.68,23.68,23.68
2022-11-17 21:20:00,2.1323,4.2488,0.624,0.8954,120,103.9831,38.7861,120,79.2596,79.4702,79.0429,0.1267,120,26.2997,26.325,26.2822,0.0112,120,1006.7895,1007.0437,1006.6408,0.0886,120,0,0,0,0,120,0,0,0,0,120,13.8672,14.2604,13.2775,0.2262,120,120,0,0,0,0,0,120,None,None,None,None,0,3.4465,3.4507,3.444,0.0015,0.563,0.5633,0.5628,0.0001,0.7926,0.7947,0.7904,0.0013,-0.0001,-0.0001,-0.0001,0,0,0,0,0,0,0,0,0,0,0,0,0,208.95,439,45,97.3246,0,0,0,0,315.6417,978,30,139.3881,36,41.8,47,39,23.68,23.68,23.63
2022-11-17 21:30:00,2.2746,5.4448,0.486,0.982,120,96.7302,37.6265,120,79.5284,79.7143,79.4092,0.0711,120,26.2327,26.2914,26.1541,0.0436,120,1006.8719,1007.0437,1006.8056,0.0799,120,0,0,0,0,120,0,0,0,0,120,13.8345,14.2604,13.2775,0.2008,120,120,0,0,0,0,0,120,None,None,None,None,0,3.4479,3.4507,3.4468,0.0013,0.5623,0.5629,0.5615,0.0004,0.7953,0.7971,0.7941,0.0007,-0.0001,-0.0001,-0.0001,0,0,0,0,0,0,0,0,0,0,0,0,0,224.4083,569,30,106.7409,0,0,0,0,293.725,982,101,130.093,36,41.5833,47,39,23.68,23.68,23.63
2022-11-17 21:40:00,1.9556,4.4604,0.4768,0.7926,120,93.1633,35.2632,120,79.8402,79.9585,79.6533,0.0708,120,26.1581,26.1724,26.1449,0.0063,120,1006.9599,1007.0437,1006.8056,0.0943,120,0,0,0,0,120,0,0,0,0,120,13.7853,14.7535,13.2775,0.2202,120,120,0,0,0,0,0,120,None,None,None,None,0,3.4493,3.4507,3.4468,0.0016,0.5616,0.5617,0.5615,0.0001,0.7984,0.7996,0.7965,0.0007,-0.0001,-0.0001,-0.0001,0,0,0,0,0,0,0,0,0,0,0,0,0,189.7417,462,29,86.157,0,0,0,0,275.7333,893,62,114.5696,36,41.5333,47,39,23.68,23.68,23.63
2022-11-17 21:50:00,1.5642,3.3012,0.3112,0.6597,120,90.0225,44.0992,120,79.9783,80.05,79.8669,0.0476,120,26.1263,26.1571,26.09,0.0155,120,1006.9494,1007.0437,1006.8239,0.0961,120,0,0,0,0,120,0,0,0,0,120,13.7034,14.2604,13.2775,0.2107,120,120,0,0,0,0,0,120,None,None,None,None,0,3.4492,3.4507,3.4471,0.0016,0.5613,0.5616,0.5609,0.0001,0.7998,0.8005,0.7987,0.0005,-0.0001,-0.0001,-0.0001,0,0,0,0,0,0,0,0,0,0,0,0,0,147.1917,336,11,71.7071,0,0,0,0,288.9167,935,7,161.951,36,41.6833,47,39,23.68,23.68,23.63
2022-11-17 22:00:00,1.5529,3.6324,0.44,0.7049,120,92.8288,48.934,120,80.1276,80.2332,79.989,0.0657,120,26.0569,26.0961,26.0259,0.0165,120,1006.8096,1007.0437,1006.6408,0.0763,120,0,0,0,0,120,0,0,0,0,120,13.7198,14.2604,13.2775,0.2151,120,120,0,0,0,0,0,120,None,None,None,None,0,3.4468,3.4507,3.444,0.0013,0.5606,0.561,0.5603,0.0002,0.8013,0.8023,0.7999,0.0007,-0.0001,-0.0001,-0.0001,0,0,0,0,0,0,0,0,0,0,0,0,0,145.9667,372,25,76.6214,0,0,0,0,314.2333,1001,32,182.4949,36,41.9,47,41,23.68,23.68,23.63
2022-11-17 22:10:00,1.4973,3.3196,0.5136,0.5861,120,99.7393,37.893,120,80.3082,80.4468,80.1721,0.0686,120,26.024,26.0381,26.0076,0.0078,120,1006.7957,1007.0071,1006.6225,0.0735,120,0,0,0,0,120,0,0,0,0,120,13.7403,14.2604,13.2775,0.1943,120,120,0,0,0,0,0,120,None,None,None,None,0,3.4466,3.4501,3.4437,0.0012,0.5602,0.5604,0.5601,0.0001,0.8031,0.8045,0.8017,0.0007,-0.0001,-0.0001,-0.0001,0,0,0,0,0,0,0,0,0,0,0,0,0,139.925,338,33,63.7031,0,0,0,0,291.8417,767,9,117.1597,36,41.5667,47,39,23.68,23.68,23.63
2022-11-17 22:20:00,1.5202,2.9056,0,0.6507,120,88.5939,44.0833,120,80.3863,80.5078,80.2942,0.0579,120,25.9982,26.0411,25.9526,0.0302,120,1006.7934,1007.0071,1006.6225,0.0756,120,0,0,0,0,120,0,0,0,0,120,13.7321,14.2604,13.2775,0.1929,120,120,0,0,0,0,0,120,None,None,None,None,0,3.4466,3.4501,3.4437,0.0013,0.56,0.5604,0.5595,0.0003,0.8039,0.8051,0.8029,0.0006,-0.0001,-0.0001,-0.0001,0,0,0,0,0,0,0,0,0,0,0,0,0,142.6083,293,0,70.3069,0,0,0,0,278.9083,895,3,151.2304,35.9,41.6333,47,39,23.68,23.68,23.63
2022-11-17 22:30:00,1.3776,3.6416,0.4768,0.485,120,95.9654,35.5374,120,80.6256,80.6909,80.5078,0.0531,120,25.948,25.9618,25.9343,0.0056,120,1006.7681,1006.8422,1006.6225,0.086,120,0,0,0,0,120,0,0,0,0,120,13.7485,14.2604,13.2775,0.1953,120,120,0,0,0,0,0,120,None,None,None,None,0,3.4461,3.4474,3.4437,0.0014,0.5595,0.5596,0.5593,0.0001,0.8063,0.8069,0.8051,0.0005,-0.0001,-0.0001,-0.0001,0,0,0,0,0,0,0,0,0,0,0,0,0,126.9167,373,29,52.718,0,0,0,0,282.85,780,108,110.1911,35,41.5167,47,39,23.68,23.68,23.63
2022-11-17 22:40:00,1.278,3.2736,0.3204,0.5542,120,94.0981,47.7596,120,80.7805,80.9046,80.6299,0.0699,120,25.9014,25.9404,25.8672,0.0177,120,1006.6057,1006.8422,1006.4211,0.0816,120,0,0,0,0,120,0,0,0,0,120,13.7771,14.2604,13.2775,0.1684,120,120,0,0,0,0,0,120,None,None,None,None,0,3.4434,3.4474,3.4404,0.0014,0.559,0.5594,0.5587,0.0002,0.8078,0.809,0.8063,0.0007,-0.0001,-0.0001,-0.0001,0,0,0,0,0,0,0,0,0,0,0,0,0,116.0833,333,12,60.2388,0,0,0,0,303.6167,1005,25,173.0612,35,41.4667,47,39,23.68,23.68,23.63
2022-11-17 22:50:00,1.0286,2.6664,0.3572,0.4915,120,88.0179,35.9905,120,80.9895,81.0877,80.8435,0.0725,120,25.8678,25.8977,25.8458,0.0122,120,1006.5444,1006.6591,1006.4211,0.097,120,0,0,0,0,120,0,0,0,0,120,13.7771,14.2604,13.2775,0.2296,120,120,0,0,0,0,0,120,None,None,None,None,0,3.4424,3.4443,3.4404,0.0016,0.5587,0.559,0.5585,0.0001,0.8099,0.8109,0.8084,0.0007,-0.0001,-0.0001,-0.0001,0,0,0,0,0,0,0,0,0,0,0,0,0,88.975,267,16,53.4237,0,0,0,0,260,944,14,118.359,35,41.35,47,39,23.68,23.68,23.63
2022-11-17 23:00:00,0.9771,2.3352,0,0.5176,120,80.5828,44.1706,120,81.1319,81.2708,81.0266,0.0743,120,25.9018,25.9343,25.8824,0.0133,120,1006.4243,1006.4577,1006.238,0.0622,120,0,0,0,0,120,0,0,0,0,120,13.7935,14.2604,13.2775,0.2,120,120,0,0,0,0,0,120,None,None,None,None,0,3.4404,3.441,3.4373,0.001,0.559,0.5593,0.5588,0.0001,0.8113,0.8127,0.8103,0.0007,-0.0001,-0.0001,-0.0001,0,0,0,0,0,0,0,0,0,0,0,0,0,83.95,231,0,55.2847,0,0,0,0,291.825,994,24,196.9224,35,41.6167,47,39,23.68,23.68,23.63
2022-11-17 23:10:00,1.4794,2.832,0.3756,0.4739,120,65.7275,31.5685,120,81.3865,81.637,81.2098,0.0985,120,25.9955,26.0472,25.9252,0.0435,120,1006.3187,1006.4577,1006.238,0.092,120,0.002,0.2402,0,0.0219,120,0,0,0,0,120,13.6584,14.2604,12.2946,0.363,120,120,0,0,0,0,0,120,None,None,None,None,0,3.4386,3.441,3.4373,0.0015,0.5599,0.5605,0.5593,0.0004,0.8139,0.8164,0.8121,0.001,-0.0001,-0.0001,-0.0001,0,0,0,0,0,0,0,0,0,0,0,0,0,137.975,285,18,51.5153,0,0,0,0,204.4667,1003,1,131.0322,35,41.4,47,39,23.68,23.68,23.63
2022-11-17 23:20:00,1.1148,3.2552,0.302,0.6527,120,67.7924,37.6139,120,81.5772,82.0643,81.2098,0.2517,120,25.8821,26.0228,25.7665,0.0802,120,1006.2226,1006.4577,1006.0549,0.0851,120,0.1742,1.6819,0,0.4001,120,0,0,0,0,120,13.1505,14.2604,11.8015,0.466,120,120,0,0,0,0,0,120,None,None,None,None,0,3.437,3.441,3.4342,0.0014,0.5588,0.5602,0.5577,0.0008,0.8158,0.8206,0.8121,0.0025,-0.0001,-0.0001,-0.0001,0,0,0,0,0,0,0,0,0,0,0,0,0,98.35,331,10,70.9503,0,0,0,0,212.0417,989,15,136.7651,35,41.7833,49,39,23.68,23.68,23.63
2022-11-17 23:30:00,0.7303,1.6912,0,0.3744,120,110.0526,52.1587,120,82.3717,82.7052,82.0338,0.1964,120,25.7411,25.7817,25.6963,0.023,120,1006.0994,1006.2563,1006.0549,0.0725,120,1.6621,2.6433,0,0.6901,120,0,0,0,0,120,13.5601,14.2604,13.2775,0.2522,120,120,0,0,0,0,0,120,None,None,None,None,0,3.435,3.4376,3.4342,0.0012,0.5574,0.5578,0.557,0.0002,0.8237,0.8271,0.8203,0.002,-0.0001,-0.0001,-0.0001,0,0,0,0,0,0,0,0,0,0,0,0,0,57.7,161,0,38.7102,0,0,0,0,343.275,974,35,170.7576,35,41.65,47,39,23.67,23.68,23.63
2022-11-17 23:40:00,1.0582,2.7216,0.4584,0.4851,120,102.7809,39.3966,120,82.8433,83.2545,82.5221,0.2154,120,25.5251,25.7024,25.3758,0.108,120,1005.961,1006.0732,1005.6887,0.1032,120,0.3804,0.9614,0,0.2883,120,0,0,0,0,120,13.4618,13.7689,12.786,0.2473,120,120,0,0,0,0,0,120,None,None,None,None,0,3.4327,3.4346,3.4281,0.0017,0.5553,0.557,0.5538,0.0011,0.8284,0.8325,0.8252,0.0022,-0.0001,-0.0001,-0.0001,0,0,0,0,0,0,0,0,0,0,0,0,0,92.1917,273,27,52.7331,0,0,0,0,309.7917,988,57,139.5354,35,41.6333,47,41,23.68,23.68,23.63
2022-11-17 23:50:00,0.7694,1.4704,0.2652,0.3216,120,76.2002,36.924,120,83.6673,83.9869,83.2545,0.2296,120,25.3677,25.3941,25.3392,0.0128,120,1005.8231,1005.8901,1005.6703,0.0861,120,1.3798,2.6433,0.4803,0.5161,120,0,0,0,0,120,13.5928,13.7689,13.2775,0.2366,120,120,0,0,0,0,0,120,None,None,None,None,0,3.4304,3.4315,3.4278,0.0014,0.5537,0.5539,0.5534,0.0001,0.8367,0.8399,0.8325,0.0023,-0.0001,-0.0001,-0.0001,0,0,0,0,0,0,0,0,0,0,0,0,0,60.8,137,6,34.9606,0,0,0,0,235.1417,1010,5,135.6135,35,41.9667,47,41,23.68,23.68,23.63
